{
  "source": "fresh_run",
  "comparisons": {
    "external_strongest_baseline": {
      "all_improvement": 0.0,
      "t50_improvement": 0.0,
      "hard_failure_improvement": 0.0,
      "easy_degradation": 0.0
    },
    "Stage37_frozen_selector_same_subset": {
      "rows": 16000,
      "all_improvement": 0.13200527968500975,
      "t10_improvement": 0.3025072845476737,
      "t25_improvement": 0.0,
      "t50_improvement": 0.08301228991324938,
      "t100_improvement": 0.0,
      "hard_failure_improvement": 0.1523895057047563,
      "easy_degradation": 0.0006815189764808327,
      "harm_over_fallback": -0.13887056636996567
    },
    "Stage38_correction": {
      "rows": 66303,
      "all_improvement": 0.1348254070040389,
      "t10_improvement": 0.30620476404756647,
      "t25_improvement": 0.0,
      "t50_improvement": 0.08457292499203606,
      "t100_improvement": 0.0,
      "hard_failure_improvement": 0.15543403861117056,
      "easy_degradation": 0.0004114683717719725,
      "harm_over_fallback": -0.14194807770788026,
      "intervention_rate": 0.04891181394507036,
      "smoothness_proxy": 1.859190279676184,
      "physical_validity_proxy": "bounded_delta_clip"
    },
    "Stage39_best_neural": {
      "rows": 16000,
      "all_improvement": 0.13200527968500975,
      "t10_improvement": 0.3025072845476737,
      "t25_improvement": 0.0,
      "t50_improvement": 0.08301228991324938,
      "t100_improvement": 0.0,
      "hard_failure_improvement": 0.1523895057047563,
      "easy_degradation": 0.0006815189764808327,
      "harm_over_fallback": -0.13887056636996567
    },
    "Stage40_causal_transformer_candidate_ranker": {
      "rows": 16000,
      "all_improvement": 0.13200527968500975,
      "t10_improvement": 0.3025072845476737,
      "t25_improvement": 0.0,
      "t50_improvement": 0.08301228991324938,
      "t100_improvement": 0.0,
      "hard_failure_improvement": 0.1523895057047563,
      "easy_degradation": 0.0006815189764808327,
      "harm_over_fallback": -0.13887056636996567,
      "switch_rate": 0.0,
      "neural_without_fallback": {
        "rows": 16000,
        "all_improvement": -1.2636329485667623,
        "t10_improvement": -0.6609946384475607,
        "t25_improvement": -1.7309633497217503,
        "t50_improvement": -2.921009455663605,
        "t100_improvement": -0.6466884359881155,
        "hard_failure_improvement": -1.093965878739179,
        "easy_degradation": 6.123116549641697,
        "harm_over_fallback": 1.3293515507103102
      }
    },
    "Stage40_t50_curriculum_ranker": {
      "rows": 16000,
      "all_improvement": -0.23039684533307292,
      "t10_improvement": 0.3025072845476737,
      "t25_improvement": 0.0,
      "t50_improvement": -2.243132020057425,
      "t100_improvement": 0.0,
      "hard_failure_improvement": -0.2664652559932845,
      "easy_degradation": 1.6966263129972998,
      "harm_over_fallback": 0.24237924784224016,
      "switch_rate": 0.02,
      "neural_without_fallback": {
        "rows": 16000,
        "all_improvement": -8.684799918026636,
        "t10_improvement": -1.8358161672983178,
        "t25_improvement": -6.621478047547306,
        "t50_improvement": -18.039945986264687,
        "t100_improvement": -16.77292788375915,
        "hard_failure_improvement": -8.856918934328288,
        "easy_degradation": 24.02513974401186,
        "harm_over_fallback": 9.136476103865624
      }
    },
    "Stage40_hard_failure_oversampled_ranker": {
      "rows": 16000,
      "all_improvement": -0.3233190966084607,
      "t10_improvement": 0.27623739386902746,
      "t25_improvement": -0.009182925231862704,
      "t50_improvement": -0.14255185919316826,
      "t100_improvement": -1.9087650985918474,
      "hard_failure_improvement": -0.373862328823517,
      "easy_degradation": 0.2083270591429176,
      "harm_over_fallback": 0.3401341686588712,
      "switch_rate": 0.02,
      "neural_without_fallback": {
        "rows": 16000,
        "all_improvement": -7.713948721982611,
        "t10_improvement": -1.2908688118039793,
        "t25_improvement": -5.845230871127196,
        "t50_improvement": -16.519609839908814,
        "t100_improvement": -15.2020099879464,
        "hard_failure_improvement": -7.957870998235389,
        "easy_degradation": 19.989315466579754,
        "harm_over_fallback": 8.115133201693034
      }
    },
    "Stage40_stage37_teacher_distilled_safe_ranker": {
      "rows": 16000,
      "all_improvement": -0.40022300725558746,
      "t10_improvement": 0.22269285471074363,
      "t25_improvement": -0.17381152169530933,
      "t50_improvement": -0.5428815911321316,
      "t100_improvement": -1.6954429426051778,
      "hard_failure_improvement": -0.39743480437148104,
      "easy_degradation": 0.7925809766330079,
      "harm_over_fallback": 0.4210376723150548,
      "switch_rate": 0.02,
      "neural_without_fallback": {
        "rows": 16000,
        "all_improvement": -8.838817761158648,
        "t10_improvement": -1.8400840064093278,
        "t25_improvement": -6.726517528533203,
        "t50_improvement": -18.394017544654616,
        "t100_improvement": -17.111354930923937,
        "hard_failure_improvement": -9.029139487950381,
        "easy_degradation": 24.330138309913774,
        "harm_over_fallback": 9.29850405576164
      }
    },
    "Stage40_jepa_aux_candidate_ranker": {
      "rows": 16000,
      "all_improvement": -0.31813566333776033,
      "t10_improvement": 0.2402243489339978,
      "t25_improvement": -0.16008103098136894,
      "t50_improvement": -0.36523721047520064,
      "t100_improvement": -1.488227353718266,
      "hard_failure_improvement": -0.3121845224802864,
      "easy_degradation": 0.7812278656398819,
      "harm_over_fallback": 0.334681157114479,
      "switch_rate": 0.02,
      "neural_without_fallback": {
        "rows": 16000,
        "all_improvement": -8.633357440240879,
        "t10_improvement": -1.5954969713702845,
        "t25_improvement": -6.545996667206182,
        "t50_improvement": -18.171471430836025,
        "t100_improvement": -16.962792217060525,
        "hard_failure_improvement": -8.845191059085934,
        "easy_degradation": 23.540597107747587,
        "harm_over_fallback": 9.082358222803371
      }
    },
    "Stage40_hybrid_moe_deeper_ranker": {
      "rows": 16000,
      "all_improvement": -0.22194761788310857,
      "t10_improvement": 0.21034361567261928,
      "t25_improvement": -0.2320751402177692,
      "t50_improvement": -0.6152104089274417,
      "t100_improvement": -0.7205478954327063,
      "hard_failure_improvement": -0.18030445536332285,
      "easy_degradation": 1.2056777651489945,
      "harm_over_fallback": 0.2334905957810115,
      "switch_rate": 0.02,
      "neural_without_fallback": {
        "rows": 16000,
        "all_improvement": -8.668022046553633,
        "t10_improvement": -1.8026825183885524,
        "t25_improvement": -6.563437524658176,
        "t50_improvement": -18.022039961116555,
        "t100_improvement": -16.83290684273444,
        "hard_failure_improvement": -8.85252563914641,
        "easy_degradation": 23.83275596416662,
        "harm_over_fallback": 9.118825654432856
      }
    }
  },
  "best_stage40_neural": "Stage40_causal_transformer_candidate_ranker",
  "best_stage40_metrics": {
    "rows": 16000,
    "all_improvement": 0.13200527968500975,
    "t10_improvement": 0.3025072845476737,
    "t25_improvement": 0.0,
    "t50_improvement": 0.08301228991324938,
    "t100_improvement": 0.0,
    "hard_failure_improvement": 0.1523895057047563,
    "easy_degradation": 0.0006815189764808327,
    "harm_over_fallback": -0.13887056636996567,
    "switch_rate": 0.0,
    "neural_without_fallback": {
      "rows": 16000,
      "all_improvement": -1.2636329485667623,
      "t10_improvement": -0.6609946384475607,
      "t25_improvement": -1.7309633497217503,
      "t50_improvement": -2.921009455663605,
      "t100_improvement": -0.6466884359881155,
      "hard_failure_improvement": -1.093965878739179,