{
  "predicted_trajectories": {
    "10": [
      [
        7.6,
        0.0
      ],
      [
        0.0,
        4.75
      ],
      [
        2.0,
        3.9
      ]
    ],
    "25": [
      [
        13.6,
        0.0
      ],
      [
        0.0,
        8.5
      ],
      [
        2.0,
        5.4
      ]
    ],
    "50": [
      [
        23.6,
        0.0
      ],
      [
        0.0,
        14.75
      ],
      [
        2.0,
        7.9
      ]
    ]
  },
  "baseline_trajectories": {
    "10": [
      [
        7.6,
        0.0
      ],
      [
        0.0,
        4.75
      ],
      [
        2.0,
        3.9
      ]
    ],
    "25": [
      [
        13.6,
        0.0
      ],
      [
        0.0,
        8.5
      ],
      [
        2.0,
        5.4
      ]
    ],
    "50": [
      [
        23.6,
        0.0
      ],
      [
        0.0,
        14.75
      ],
      [
        2.0,
        7.9
      ]
    ]
  },
  "alpha": {
    "10": [
      0.0,
      0.0,
      0.0
    ],
    "25": [
      0.0,
      0.0,
      0.0
    ],
    "50": [
      0.0,
      0.0,
      0.0
    ]
  },
  "failure_probabilities": {
    "10": [
      0.09839504838320806,
      0.16235129577593457,
      0.1458512957759346
    ],
    "25": [
      0.12839504838320806,
      0.19235129577593457,
      0.17585129577593456
    ],
    "50": [
      0.17839504838320808,
      0.24235129577593456,
      0.22585129577593457
    ]
  },
  "intervention_decisions": {
    "10": [
      false,
      false,
      false
    ],
    "25": [
      false,
      false,
      false
    ],
    "50": [
      false,
      false,
      false
    ]
  },
  "fallback_reasons": {
    "10": [
      "dataset_validation_prefers_strongest_baseline",
      "dataset_validation_prefers_strongest_baseline",
      "dataset_validation_prefers_strongest_baseline"
    ],
    "25": [
      "dataset_validation_prefers_strongest_baseline",
      "dataset_validation_prefers_strongest_baseline",
      "dataset_validation_prefers_strongest_baseline"
    ],
    "50": [
      "dataset_validation_prefers_strongest_baseline",
      "dataset_validation_prefers_strongest_baseline",
      "dataset_validation_prefers_strongest_baseline"
    ]
  },
  "residual_norm": {
    "10": [
      0.0,
      0.0,
      0.0
    ],
    "25": [
      0.0,
      0.0,
      0.0
    ],
    "50": [
      0.0,
      0.0,
      0.0
    ]
  },
  "candidate_goals": {
    "candidate_goals": [
      [
        8.0,
        0.0
      ],
      [
        0.0,
        8.0
      ]
    ]
  },
  "physical_validity": {
    "bounded_residual": true,
    "fallback_enabled": true
  },
  "metadata": {
    "dataset_name": "demo",
    "coordinate_unit": "meter",
    "dataset_fallback_to_baseline": true
  }
}