{
  "source": "fresh_run",
  "final_policy": "neighbor_history_t50_selector",
  "matrix": {
    "external_all": {
      "rows": 66303,
      "all_improvement": 0.1348254070727205,
      "t10_improvement": 0.30620476404756647,
      "t25_improvement": 0.0,
      "t50_improvement": 0.08457292542209705,
      "t100_improvement": 0.0,
      "hard_failure_improvement": 0.1554340386904196,
      "easy_degradation": 0.0004114683717719725,
      "selector_regret": 0.493665392606631,
      "harm_over_fallback": -0.14194807778019042,
      "switch_rate": 0.0990452920682322,
      "mean_confidence": 0.04121534153819084,
      "stage35_non_t50_plus_stage37_t50": true,
      "status": "fresh_run",
      "reason": "Stage37 final safety-selected external policy."
    },
    "external_t10": {
      "rows": 66303,
      "all_improvement": 0.30620476404756647,
      "t10_improvement": 0.30620476404756647,
      "t25_improvement": 0.0,
      "t50_improvement": 0.08457292542209705,
      "t100_improvement": 0.0,
      "hard_failure_improvement": 0.1554340386904196,
      "easy_degradation": 0.0004114683717719725,
      "selector_regret": 0.493665392606631,
      "harm_over_fallback": -0.14194807778019042,
      "switch_rate": 0.0990452920682322,
      "mean_confidence": 0.04121534153819084,
      "stage35_non_t50_plus_stage37_t50": true,
      "status": "fresh_run",
      "reason": "t10 slice."
    },
    "external_t25": {
      "rows": 66303,
      "all_improvement": 0.0,
      "t10_improvement": 0.30620476404756647,
      "t25_improvement": 0.0,
      "t50_improvement": 0.08457292542209705,
      "t100_improvement": 0.0,
      "hard_failure_improvement": 0.1554340386904196,
      "easy_degradation": 0.0004114683717719725,
      "selector_regret": 0.493665392606631,
      "harm_over_fallback": -0.14194807778019042,
      "switch_rate": 0.0990452920682322,
      "mean_confidence": 0.04121534153819084,
      "stage35_non_t50_plus_stage37_t50": true,
      "status": "fresh_run",
      "reason": "t25 slice."
    },
    "external_t50": {
      "rows": 66303,
      "all_improvement": 0.08457292542209705,
      "t10_improvement": 0.30620476404756647,
      "t25_improvement": 0.0,
      "t50_improvement": 0.08457292542209705,
      "t100_improvement": 0.0,
      "hard_failure_improvement": 0.1554340386904196,
      "easy_degradation": 0.0004114683717719725,
      "selector_regret": 0.493665392606631,
      "harm_over_fallback": -0.14194807778019042,
      "switch_rate": 0.0990452920682322,
      "mean_confidence": 0.04121534153819084,
      "stage35_non_t50_plus_stage37_t50": true,
      "status": "fresh_run",
      "reason": "t50 gate slice."
    },
    "external_t100_diagnostic": {
      "rows": 66303,
      "all_improvement": 0.0,
      "t10_improvement": 0.30620476404756647,
      "t25_improvement": 0.0,
      "t50_improvement": 0.08457292542209705,
      "t100_improvement": 0.0,
      "hard_failure_improvement": 0.1554340386904196,
      "easy_degradation": 0.0004114683717719725,
      "selector_regret": 0.493665392606631,
      "harm_over_fallback": -0.14194807778019042,
      "switch_rate": 0.0990452920682322,
      "mean_confidence": 0.04121534153819084,
      "stage35_non_t50_plus_stage37_t50": true,
      "status": "fresh_run",
      "reason": "t100 raw-frame diagnostic only."
    },
    "external_hard_failure": {
      "rows": 66303,
      "all_improvement": 0.1554340386904196,
      "t10_improvement": 0.30620476404756647,
      "t25_improvement": 0.0,
      "t50_improvement": 0.08457292542209705,
      "t100_improvement": 0.0,
      "hard_failure_improvement": 0.1554340386904196,
      "easy_degradation": 0.0004114683717719725,
      "selector_regret": 0.493665392606631,
      "harm_over_fallback": -0.14194807778019042,
      "switch_rate": 0.0990452920682322,
      "mean_confidence": 0.04121534153819084,
      "stage35_non_t50_plus_stage37_t50": true,
      "status": "fresh_run",
      "reason": "hard/failure subset."
    },
    "external_easy": {
      "rows": 66303,
      "all_improvement": -0.0004114683717719725,
      "t10_improvement": 0.30620476404756647,
      "t25_improvement": 0.0,
      "t50_improvement": 0.08457292542209705,
      "t100_improvement": 0.0,
      "hard_failure_improvement": 0.1554340386904196,
      "easy_degradation": 0.0004114683717719725,
      "selector_regret": 0.493665392606631,
      "harm_over_fallback": -0.14194807778019042,
      "switch_rate": 0.0990452920682322,
      "mean_confidence": 0.04121534153819084,
      "stage35_non_t50_plus_stage37_t50": true,
      "status": "fresh_run",
      "reason": "easy preservation subset."
    },
    "held_out_external_scenes": {
      "rows": 66303,
      "all_improvement": 0.1348254070727205,
      "t10_improvement": 0.30620476404756647,
      "t25_improvement": 0.0,
      "t50_improvement": 0.08457292542209705,
      "t100_improvement": 0.0,
      "hard_failure_improvement": 0.1554340386904196,
      "easy_degradation": 0.0004114683717719725,
      "selector_regret": 0.493665392606631,
      "harm_over_fallback": -0.14194807778019042,
      "switch_rate": 0.0990452920682322,
      "mean_confidence": 0.04121534153819084,
      "stage35_non_t50_plus_stage37_t50": true,
      "status": "fresh_run",
      "reason": "held-out external test scenes."
    },
    "per_dataset_ETH": {
      "rows": 100000,
      "all_improvement": 0.0,
      "t10_improvement": 0.0,
      "t25_improvement": 0.0,
      "t50_improvement": 0.0,
      "t100_improvement": 0.0,
      "hard_failure_improvement": 0.0,
      "easy_degradation": 0.0,
      "selector_regret": 0.0,
      "harm_over_fallback": 0.0,
      "switch_rate": 0.0,
      "mean_confidence": 0.0,
      "status": "not_run",
      "reason": "ETH is not in Stage35/37 held-out test split."
    },
    "per_dataset_UCY": {
      "rows": 66303,
      "all_improvement": 0.1348254070727205,
      "t10_improvement": 0.30620476404756647,
      "t25_improvement": 0.0,
      "t50_improvement": 0.08457292542209705,
      "t100_improvement": 0.0,
      "hard_failure_improvement": 0.1554340386904196,
      "easy_degradation": 0.0004114683717719725,
      "selector_regret": 0.493665392606631,
      "harm_over_fallback": -0.14194807778019042,
      "switch_rate": 0.0990452920682322,
      "mean_confidence": 0.04121534153819084,
      "stage35_non_t50_plus_stage37_t50": true,
      "status": "fresh_run",
      "reason": "UCY dominates held-out test split."
    },
    "per_dataset_TrajNet": {
      "rows": 100000,
      "all_improvement": 0.0,
      "t10_improvement": 0.0,
      "t25_improvement": 0.0,
      "t50_improvement": 0.0,
      "t100_improvement": 0.0,
      "hard_failure_improvement": 0.0,
      "easy_degradation": 0.0,
      "selector_regret": 0.0,
      "harm_over_fallback": 0.0,
      "switch_rate": 0.0,
      "mean_confidence": 0.0,
      "status": "not_run",
      "reason": "TrajNet is not in Stage35/37 held-out test split."
    },
    "SDD_safety_check": {
      "rows": 100000,
      "all_improvement": 0.0,
      "t10_improvement": 0.0,
      "t25_improvement": 0.0,
      "t50_improvement": 0.0,
      "t100_improvement": 0.0,
      "hard_failure_improvement": 0.0,
      "easy_degradation": 0.0,
      "selector_regret": 0.0,
      "harm_over_fallback": 0.0,
      "switch_rate": 0.0,
      "mean_confidence": 0.0,
      "status": "cached_verified",
      "reason": "Stage37 selector is not deployed on SDD; Stage26 remains safety floor."
    },
    "SDD_easy_preservation": {
      "rows": 100000,
      "all_improvement": 0.0,
      "t10_improvement": 0.0,
      "t25_improvement": 0.0,
      "t50_improvement": 0.0,
      "t100_improvement": 0.0,
      "hard_failure_improvement": 0.0,
      "easy_degradation": 0.0,
      "selector_regret": 0.0,
      "harm_over_fallback": 0.0,
      "switch_rate": 0.0,
      "mean_confidence": 0.0,
      "status": "cached_verified",
      "reason": "No SDD switching."
    }
  },
  "bootstrap_ci_t50": {
    "source": "fresh_run",