{
  "source": "fresh_run",
  "experiments": {
    "history_only_t50_selector": {
      "source": "fresh_run",
      "policy": {
        "gain": 0.0,
        "confidence": 0.0,
        "max_switch": 0.2,
        "easy_guard": 0.0,
        "hard_only": 0.0
      },
      "val_metrics": {
        "rows": 112746,
        "all_improvement": 0.011064209665816671,
        "t10_improvement": 0.0,
        "t25_improvement": 0.0,
        "t50_improvement": 0.06981064626240141,
        "t100_improvement": 0.0,
        "hard_failure_improvement": 0.012785899221439578,
        "easy_degradation": 0.0,
        "selector_regret": 0.6013555158882165,
        "harm_over_fallback": -0.011521043867057604,
        "switch_rate": 0.047460663792950525,
        "mean_confidence": 0.04001627862453461
      },
      "test_metrics": {
        "rows": 66303,
        "all_improvement": 0.01339766203524484,
        "t10_improvement": 0.0,
        "t25_improvement": 0.0,
        "t50_improvement": 0.08389142993404197,
        "t100_improvement": 0.0,
        "hard_failure_improvement": 0.015459011877393847,
        "easy_degradation": 0.0,
        "selector_regret": 0.6215080253231482,
        "harm_over_fallback": -0.014105445063673198,
        "switch_rate": 0.049047554409302745,
        "mean_confidence": 0.041087277233600616
      },
      "fallback_reasons": {
        "fallback_non_t50": 50040,
        "switch": 3252,
        "fallback_no_predicted_gain": 10109,
        "fallback_gain_below_threshold": 2902
      }
    },
    "prototype_goal_t50_selector": {
      "source": "fresh_run",
      "policy": {
        "gain": 0.0,
        "confidence": 0.0,
        "max_switch": 0.2,
        "easy_guard": 0.0,
        "hard_only": 0.0
      },
      "val_metrics": {
        "rows": 112746,
        "all_improvement": 0.008052759790261654,
        "t10_improvement": 0.0,
        "t25_improvement": 0.0,
        "t50_improvement": 0.05080962690818214,
        "t100_improvement": 0.0,
        "hard_failure_improvement": 0.009305840926971176,
        "easy_degradation": 0.0,
        "selector_regret": 0.6044913066195604,
        "harm_over_fallback": -0.008385253135713653,
        "switch_rate": 0.047460663792950525,
        "mean_confidence": 0.03742710128426552
      },
      "test_metrics": {
        "rows": 66303,
        "all_improvement": 0.010667578657938326,
        "t10_improvement": 0.0,
        "t25_improvement": 0.0,
        "t50_improvement": 0.06679661161731609,
        "t100_improvement": 0.0,
        "hard_failure_improvement": 0.012308880813852174,
        "easy_degradation": 0.0,
        "selector_regret": 0.6243823358555785,
        "harm_over_fallback": -0.011231134531242951,
        "switch_rate": 0.049047554409302745,
        "mean_confidence": 0.03841179981827736
      },
      "fallback_reasons": {
        "fallback_non_t50": 50040,
        "switch": 3252,
        "fallback_no_predicted_gain": 9471,
        "fallback_gain_below_threshold": 3540
      }
    },
    "history_plus_goal_t50_selector": {
      "source": "fresh_run",
      "policy": {
        "gain": 0.0,
        "confidence": 0.0,
        "max_switch": 0.2,
        "easy_guard": 0.0,
        "hard_only": 0.0
      },
      "val_metrics": {
        "rows": 112746,
        "all_improvement": 0.008052759790261654,
        "t10_improvement": 0.0,
        "t25_improvement": 0.0,
        "t50_improvement": 0.05080962690818214,
        "t100_improvement": 0.0,
        "hard_failure_improvement": 0.009305840926971176,
        "easy_degradation": 0.0,
        "selector_regret": 0.6044913066195604,
        "harm_over_fallback": -0.008385253135713653,
        "switch_rate": 0.047460663792950525,
        "mean_confidence": 0.03742710128426552
      },
      "test_metrics": {
        "rows": 66303,
        "all_improvement": 0.010667578657938326,
        "t10_improvement": 0.0,
        "t25_improvement": 0.0,
        "t50_improvement": 0.06679661161731609,
        "t100_improvement": 0.0,
        "hard_failure_improvement": 0.012308880813852174,
        "easy_degradation": 0.0,
        "selector_regret": 0.6243823358555785,
        "harm_over_fallback": -0.011231134531242951,
        "switch_rate": 0.049047554409302745,
        "mean_confidence": 0.03841179981827736
      },
      "fallback_reasons": {
        "fallback_non_t50": 50040,
        "switch": 3252,
        "fallback_no_predicted_gain": 9471,
        "fallback_gain_below_threshold": 3540
      }
    },
    "neighbor_history_t50_selector": {
      "source": "fresh_run",
      "policy": {
        "gain": 0.0,
        "confidence": 0.0,
        "max_switch": 0.2,
        "easy_guard": 0.0,
        "hard_only": 0.0
      },
      "val_metrics": {
        "rows": 112746,
        "all_improvement": 0.011151898540762706,
        "t10_improvement": 0.0,
        "t25_improvement": 0.0,
        "t50_improvement": 0.07036392726618779,
        "t100_improvement": 0.0,
        "hard_failure_improvement": 0.012887233266234976,
        "easy_degradation": 0.0,
        "selector_regret": 0.6012642063952277,
        "harm_over_fallback": -0.011612353360046313,
        "switch_rate": 0.047460663792950525,
        "mean_confidence": 0.04015438258647919
      },
      "test_metrics": {
        "rows": 66303,
        "all_improvement": 0.01350649849487695,
        "t10_improvement": 0.0,
        "t25_improvement": 0.0,
        "t50_improvement": 0.08457292542209705,
        "t100_improvement": 0.0,
        "hard_failure_improvement": 0.015584593797412505,
        "easy_degradation": 0.0,
        "selector_regret": 0.6213934391589183,
        "harm_over_fallback": -0.01422003122790308,
        "switch_rate": 0.049047554409302745,
        "mean_confidence": 0.04121534153819084
      },
      "fallback_reasons": {
        "fallback_non_t50": 50040,
        "switch": 3252,
        "fallback_no_predicted_gain": 10094,
        "fallback_gain_below_threshold": 2917
      }
    },
    "mixture_of_experts_t50_selector": {
      "source": "fresh_run",
      "policy": {
        "gain": 0.0,
        "confidence": 0.0,
        "max_switch": 0.2,
        "easy_guard": 0.0,
        "hard_only": 0.0
      },
      "val_metrics": {
        "rows": 112746,
        "all_improvement": 0.011064209665816671,
        "t10_improvement": 0.0,
        "t25_improvement": 0.0,
        "t50_improvement": 0.06981064626240141,
        "t100_improvement": 0.0,
        "hard_failure_improvement": 0.012785899221439578,
        "easy_degradation": 0.0,
        "selector_regret": 0.6013555158882165,
        "harm_over_fallback": -0.011521043867057604,
        "switch_rate": 0.047460663792950525,
        "mean_confidence": 0.04001627862453461
      },
      "test_metrics": {
        "rows": 66303,
        "all_improvement": 0.01339766203524484,
        "t10_improvement": 0.0,
        "t25_improvement": 0.0,
        "t50_improvement": 0.08389142993404197,
        "t100_improvement": 0.0,
        "hard_failure_improvement": 0.015459011877393847,
        "easy_degradation": 0.0,
        "selector_regret": 0.6215080253231482,
        "harm_over_fallback": -0.014105445063673198,
        "switch_rate": 0.049047554409302745,
        "mean_confidence": 0.041087277233600616
      },
      "fallback_reasons": {
        "fallback_non_t50": 50040,
        "switch": 3252,
        "fallback_no_predicted_gain": 10109,
        "fallback_gain_below_threshold": 2902
      }
    },
    "conformal_safe_t50_selector": {
      "source": "fresh_run",
      "policy": {
        "gain": 0.0,
        "confidence": 0.0,
        "max_switch": 0.0,
        "easy_guard": 0.0,
        "hard_only": 0.0
      },
      "val_metrics": {
        "rows": 112746,
        "all_improvement": 0.0,
        "t10_improvement": 0.0,
        "t25_improvement": 0.0,
        "t50_improvement": 0.0,
        "t100_improvement": 0.0,
        "hard_failure_improvement": 0.0,
        "easy_degradation": 0.0,
        "selector_regret": 0.612876559755274,