{
  "source": "fresh_run",
  "risk_calibration": {
    "calibration_split": "val",
    "easy_degradation_limit": 0.02,
    "harm_over_fallback_limit": 0.0,
    "priority": "safety before t50 lift"
  },
  "selector_best_metrics": {
    "rows": 66303,
    "all_improvement": 0.01350649849487695,
    "t10_improvement": 0.0,
    "t25_improvement": 0.0,
    "t50_improvement": 0.08457292542209705,
    "t100_improvement": 0.0,
    "hard_failure_improvement": 0.015584593797412505,
    "easy_degradation": 0.0,
    "selector_regret": 0.6213934391589183,
    "harm_over_fallback": -0.01422003122790308,
    "switch_rate": 0.049047554409302745,
    "mean_confidence": 0.04121534153819084
  },
  "safe_to_deploy_t50_selector": true,
  "final_policy": "neighbor_history_t50_selector",
  "final_metrics": {
    "rows": 66303,
    "all_improvement": 0.1348254070727205,
    "t10_improvement": 0.30620476404756647,
    "t25_improvement": 0.0,
    "t50_improvement": 0.08457292542209705,
    "t100_improvement": 0.0,
    "hard_failure_improvement": 0.1554340386904196,
    "easy_degradation": 0.0004114683717719725,
    "selector_regret": 0.493665392606631,
    "harm_over_fallback": -0.14194807778019042,
    "switch_rate": 0.0990452920682322,
    "mean_confidence": 0.04121534153819084,
    "stage35_non_t50_plus_stage37_t50": true
  }
}