{
  "source": "fresh_run",
  "baseline_family": [
    "constant_position",
    "constant_velocity_causal_fd",
    "damped_velocity",
    "constant_acceleration",
    "turn_rate",
    "history_decay_baseline",
    "prototype_goal_directed_baseline",
    "neighbor_aware_decay_baseline"
  ],
  "reports": {
    "train": {
      "t50_rows": 38943,
      "family_mean_fde": {
        "constant_position": 1.940975862812645,
        "constant_velocity_causal_fd": 15.28932587848975,
        "damped_velocity": 3.6369828597747684,
        "constant_acceleration": 16.671898100996053,
        "turn_rate": 16.93275943462324,
        "history_decay_baseline": 1.6570328249827568,
        "prototype_goal_directed_baseline": 16.560459437195075,
        "neighbor_aware_decay_baseline": 1.7341086879895546
      },
      "family_mean_relative_fde": {
        "constant_position": 0.07168391347278226,
        "constant_velocity_causal_fd": 0.5640530330239963,
        "damped_velocity": 0.13855558869939125,
        "constant_acceleration": 0.650400198084314,
        "turn_rate": 0.6200928597457283,
        "history_decay_baseline": 0.06672096596265015,
        "prototype_goal_directed_baseline": 0.646697153102758,
        "neighbor_aware_decay_baseline": 0.06462822565387472
      },
      "family_oracle_headroom_vs_stage35_fallback": -0.18940990864633456,
      "best_distribution": {
        "damped_velocity": 286,
        "history_decay_baseline": 10187,
        "constant_position": 15393,
        "neighbor_aware_decay_baseline": 12876,
        "constant_velocity_causal_fd": 49,
        "prototype_goal_directed_baseline": 80,
        "constant_acceleration": 48,
        "turn_rate": 24
      }
    },
    "val": {
      "t50_rows": 26756,
      "family_mean_fde": {
        "constant_position": 1.2505103607326578,
        "constant_velocity_causal_fd": 11.55710887706936,
        "damped_velocity": 2.880706817410774,
        "constant_acceleration": 11.813370654237737,
        "turn_rate": 12.624539951804623,
        "history_decay_baseline": 1.3851626955572112,
        "prototype_goal_directed_baseline": 12.169907127664668,
        "neighbor_aware_decay_baseline": 0.8910808344738004
      },
      "family_mean_relative_fde": {
        "constant_position": 0.08240413545195738,
        "constant_velocity_causal_fd": 0.6821475535512781,
        "damped_velocity": 0.17265038958426498,
        "constant_acceleration": 0.7125527977417367,
        "turn_rate": 0.7488235341731294,
        "history_decay_baseline": 0.0871349463560194,
        "prototype_goal_directed_baseline": 0.717677359905105,
        "neighbor_aware_decay_baseline": 0.054594432021999595
      },
      "family_oracle_headroom_vs_stage35_fallback": 0.01892780533087357,
      "best_distribution": {
        "constant_position": 5721,
        "history_decay_baseline": 2554,
        "neighbor_aware_decay_baseline": 17891,
        "damped_velocity": 388,
        "constant_velocity_causal_fd": 70,
        "turn_rate": 36,
        "prototype_goal_directed_baseline": 56,
        "constant_acceleration": 40
      }
    },
    "test": {
      "t50_rows": 16263,
      "family_mean_fde": {
        "constant_position": 1.2695345260932,
        "constant_velocity_causal_fd": 11.732235399495703,
        "damped_velocity": 2.9191251223207537,
        "constant_acceleration": 11.965999549415235,
        "turn_rate": 12.787680918781573,
        "history_decay_baseline": 1.396845585677735,
        "prototype_goal_directed_baseline": 12.3985631849885,
        "neighbor_aware_decay_baseline": 1.1441748184339853
      },
      "family_mean_relative_fde": {
        "constant_position": 0.08380548298825896,
        "constant_velocity_causal_fd": 0.6997987365905954,
        "damped_velocity": 0.17743667427879115,
        "constant_acceleration": 0.7321309329987568,
        "turn_rate": 0.7662606023164736,
        "history_decay_baseline": 0.08949351277875563,
        "prototype_goal_directed_baseline": 0.7381259378019799,
        "neighbor_aware_decay_baseline": 0.06428479743863455
      },
      "family_oracle_headroom_vs_stage35_fallback": -0.08211011984837602,
      "best_distribution": {
        "history_decay_baseline": 2355,
        "constant_position": 3599,
        "turn_rate": 26,
        "constant_velocity_causal_fd": 49,
        "neighbor_aware_decay_baseline": 9955,
        "prototype_goal_directed_baseline": 37,
        "damped_velocity": 223,
        "constant_acceleration": 19
      }
    }
  },
  "all_past_only": true
}