policy,comparison,subset,locality,rows,model_error,reference_error,gain_percent,model_p95,model_p99,reference_p95
half0__global,ADE_vs_floor4,all,eu-locality-007,5526,13.115216971234359,12.993174120344346,-0.9392843485328317,45.12031885331507,79.36643941751946,45.069703016739965
half0__global,ADE_vs_floor4,all,eu-locality-074,102348,19.122972795327428,18.956339677512435,-0.8790363574918691,63.483812686574794,129.8691655594074,62.89250843609184
half0__global,ADE_vs_floor4,all,eu-locality-082,1368,13.346224963749103,13.210524721619661,-1.0272131121889627,51.77887705037489,101.91892546130697,50.49887773437855
half0__global,ADE_vs_floor4,all,eu-locality-110,8550,29.436912166184577,29.63549283881677,0.6700771730446475,119.36372334433892,263.25099892296544,120.1360528300509
half0__global,ADE_vs_floor4,all,eu-locality-112,5004,23.94626768638052,23.99489957613671,0.20267594620214657,84.75159849780272,185.7800808901213,84.24891982432871
half0__global,ADE_vs_floor4,all,eu-locality-119,5639,28.722484397352037,28.297560971368505,-1.5016256221286106,114.75386326539757,203.40391732787322,112.61105661938669
half0__global,ADE_vs_floor4,all,eu-locality-124,3550,41.67484450639122,41.74620276778274,0.17093353804766842,183.4575493815521,339.2013573961945,183.18673156958803
half0__global,ADE_vs_floor4,all,eu-locality-126,5790,19.255501909154397,18.99901473132485,-1.3500025209552735,84.47344797543423,153.44702055996248,83.50039592159716
half0__global,ADE_vs_floor4,easy,eu-locality-007,1784,1.359052364123463,1.380086758143173,1.5241356310099374,3.069367262607619,3.449582262083941,3.095762922753855
half0__global,ADE_vs_floor4,easy,eu-locality-074,17176,1.9636678929943043,1.987687399522399,1.2084146900496529,3.2713594802603336,4.577102137279428,3.2934904825546503
half0__global,ADE_vs_floor4,easy,eu-locality-082,515,1.5246844278598468,1.5738559331973196,3.1242697822779664,2.990630071668251,3.367234059951519,3.0267587675843264
half0__global,ADE_vs_floor4,easy,eu-locality-110,2009,1.7381541562452885,1.7462521139686404,0.46373359600110353,3.083118786733806,3.3185414737124663,3.092640408692903
half0__global,ADE_vs_floor4,easy,eu-locality-112,575,2.0074693540930353,2.028536946310694,1.0385609321030387,3.200308656228841,3.437643637708687,3.19705338431151
half0__global,ADE_vs_floor4,easy,eu-locality-119,1323,1.7661226830403043,1.8091182714362857,2.3766046186602607,3.104961290084456,3.4127289920266404,3.1063793508005806
half0__global,ADE_vs_floor4,easy,eu-locality-124,739,1.8744155129991125,1.8968364977585341,1.1820198939611393,3.077357501930087,3.3275004528006327,3.104466541824364
half0__global,ADE_vs_floor4,easy,eu-locality-126,2167,1.3990362675624073,1.403748247983126,0.33567133048884035,2.964803974728191,3.255786339359817,2.961119466719475
half0__global,ADE_vs_floor4,hard,eu-locality-007,1057,39.185051818615726,38.797910138720844,-0.9978415809270835,80.55862777744943,113.44169226202258,79.62499588488345
half0__global,ADE_vs_floor4,hard,eu-locality-074,26162,49.94048107258609,49.51415528436101,-0.8610179973316257,117.20214576893692,212.67125157842563,118.75995360354653
half0__global,ADE_vs_floor4,hard,eu-locality-082,245,47.82649210479861,46.545071009344724,-2.7530758202015004,102.89538275989119,173.14647570861135,102.84492248432812
half0__global,ADE_vs_floor4,hard,eu-locality-110,2779,76.17248134565753,76.65846271012249,0.6339565747654707,216.94572294391477,381.2975959811301,217.7895967541795
half0__global,ADE_vs_floor4,hard,eu-locality-112,1522,58.16374298145917,58.19258397147621,0.049561280920562556,153.7479339587823,273.8161229399875,156.09076825692148
half0__global,ADE_vs_floor4,hard,eu-locality-119,1922,70.00541705491722,68.7520222271331,-1.8230661254491354,177.23099669317207,274.0657360837586,172.96421361324747
half0__global,ADE_vs_floor4,hard,eu-locality-124,1375,96.37226419954321,96.39686681913768,0.02552221914082775,272.5195589964772,454.9614884293962,274.49169803893716
half0__global,ADE_vs_floor4,hard,eu-locality-126,1386,62.90530589994022,61.92211623475045,-1.587784340997711,149.034458234894,231.2736903008077,148.87193063177466
half0__global,ADE_vs_floor4,complete,eu-locality-007,2882,13.056972228673411,12.90186352905717,-1.2022193481345589,46.74065980246463,78.38155397781499,46.30062821751765
half0__global,ADE_vs_floor4,complete,eu-locality-074,67309,18.788779603275444,18.572838706695453,-1.1626703919102255,61.931937648853015,127.69196886962007,61.37259799632875
half0__global,ADE_vs_floor4,complete,eu-locality-082,582,10.133921132818195,10.143542799628378,0.09485509156165195,48.02343140325714,88.77064559267427,48.19172118275565
half0__global,ADE_vs_floor4,complete,eu-locality-110,5804,27.279148348305835,27.48806807639725,0.7600378735630575,113.3694961946414,261.2022447121896,115.53160965099059
half0__global,ADE_vs_floor4,complete,eu-locality-112,2417,20.21071605153513,20.27600755135542,0.3220135899777987,69.55732193239137,157.72654095861347,70.21707303324524
half0__global,ADE_vs_floor4,complete,eu-locality-119,3148,28.255728278930132,27.63647230070257,-2.24072005822471,113.34434584338538,205.2067029563877,105.49422795579561
half0__global,ADE_vs_floor4,complete,eu-locality-124,2077,37.50826412286892,37.74425896345833,0.6252469834362895,173.77717009904575,315.79700044017295,174.2361940078016
half0__global,ADE_vs_floor4,complete,eu-locality-126,3637,18.862394538222247,18.545591158320622,-1.7082409355254624,82.29934861119713,154.75367598594238,80.6506713700502
half0__global,ADE_vs_floor2,all,eu-locality-007,5526,13.115216971234359,13.1567694294854,0.3158256931820924,45.12031885331507,79.36643941751946,45.21315464750449
half0__global,ADE_vs_floor2,all,eu-locality-074,102348,19.122972795327428,19.190229303855062,0.35047266743249983,63.483812686574794,129.8691655594074,63.60077149093785
half0__global,ADE_vs_floor2,all,eu-locality-082,1368,13.346224963749103,13.449518086680213,0.7680061268024674,51.77887705037489,101.91892546130697,51.77887705037489
half0__global,ADE_vs_floor2,all,eu-locality-110,8550,29.436912166184577,29.584010276675915,0.4972216718276079,119.36372334433892,263.25099892296544,119.36372334433892
half0__global,ADE_vs_floor2,all,eu-locality-112,5004,23.94626768638052,23.991454283098403,0.188344550458186,84.75159849780272,185.7800808901213,84.75159849780272
half0__global,ADE_vs_floor2,all,eu-locality-119,5639,28.722484397352037,28.72798574262925,0.019149777246829647,114.75386326539757,203.40391732787322,114.75386326539757
half0__global,ADE_vs_floor2,all,eu-locality-124,3550,41.67484450639122,41.76149407956336,0.20748676521741283,183.4575493815521,339.2013573961945,183.60684465403546
half0__global,ADE_vs_floor2,all,eu-locality-126,5790,19.255501909154397,19.264440503769222,0.0463994509110055,84.47344797543423,153.44702055996248,84.47344797543423
half0__global,ADE_vs_floor2,easy,eu-locality-007,1784,1.359052364123463,1.3709748780922628,0.8696376687361451,3.069367262607619,3.449582262083941,3.0852239438869624
half0__global,ADE_vs_floor2,easy,eu-locality-074,17176,1.9636678929943043,1.9707978657930716,0.36178102901983644,3.2713594802603336,4.577102137279428,3.262655958972298
half0__global,ADE_vs_floor2,easy,eu-locality-082,515,1.5246844278598468,1.5648286592503007,2.5654074746871425,2.990630071668251,3.367234059951519,3.007097881111193
half0__global,ADE_vs_floor2,easy,eu-locality-110,2009,1.7381541562452885,1.7405459764261932,0.13741781103742134,3.083118786733806,3.3185414737124663,3.076685094995319
half0__global,ADE_vs_floor2,easy,eu-locality-112,575,2.0074693540930353,2.0166844820205494,0.4569444555987956,3.200308656228841,3.437643637708687,3.1766595656107333
half0__global,ADE_vs_floor2,easy,eu-locality-119,1323,1.7661226830403043,1.799548666139607,1.857464803717035,3.104961290084456,3.4127289920266404,3.0980286645076425
half0__global,ADE_vs_floor2,easy,eu-locality-124,739,1.8744155129991125,1.88688266547875,0.6607274902530547,3.077357501930087,3.3275004528006327,3.075900596681789
half0__global,ADE_vs_floor2,easy,eu-locality-126,2167,1.3990362675624073,1.405867255499942,0.48589138916288466,2.964803974728191,3.255786339359817,2.9753284658621664
half0__global,ADE_vs_floor2,hard,eu-locality-007,1057,39.185051818615726,39.309700288270804,0.3170934113997048,80.55862777744943,113.44169226202258,80.55862777744943
half0__global,ADE_vs_floor2,hard,eu-locality-074,26162,49.94048107258609,50.117970881564155,0.35414404425410106,117.20214576893692,212.67125157842563,118.01145059316732
half0__global,ADE_vs_floor2,hard,eu-locality-082,245,47.82649210479861,47.91999269572934,0.19511812433782305,102.89538275989119,173.14647570861135,102.89538275989119
half0__global,ADE_vs_floor2,hard,eu-locality-110,2779,76.17248134565753,76.5846827350476,0.5382295449549823,216.94572294391477,381.2975959811301,217.7895967541795
half0__global,ADE_vs_floor2,hard,eu-locality-112,1522,58.16374298145917,58.23450410398396,0.1215106466750937,153.7479339587823,273.8161229399875,155.91825887565795
half0__global,ADE_vs_floor2,hard,eu-locality-119,1922,70.00541705491722,69.98286798269689,-0.03222084614467047,177.23099669317207,274.0657360837586,177.23099669317207
half0__global,ADE_vs_floor2,hard,eu-locality-124,1375,96.37226419954321,96.48269395986419,0.11445551091983086,272.5195589964772,454.9614884293962,274.49169803893716
half0__global,ADE_vs_floor2,hard,eu-locality-126,1386,62.90530589994022,62.91470712322947,0.014942807046436357,149.034458234894,231.2736903008077,149.034458234894
half0__global,ADE_vs_floor2,complete,eu-locality-007,2882,13.056972228673411,13.101851748538545,0.34254333453391794,46.74065980246463,78.38155397781499,46.74065980246463
half0__global,ADE_vs_floor2,complete,eu-locality-074,67309,18.788779603275444,18.855064017229104,0.3515470108883867,61.931937648853015,127.69196886962007,62.07633220335971
half0__global,ADE_vs_floor2,complete,eu-locality-082,582,10.133921132818195,10.287480191132131,1.4926790181944205,48.02343140325714,88.77064559267427,48.02343140325714
half0__global,ADE_vs_floor2,complete,eu-locality-110,5804,27.279148348305835,27.43849568071028,0.5807436903928709,113.3694961946414,261.2022447121896,113.84384411840702
half0__global,ADE_vs_floor2,complete,eu-locality-112,2417,20.21071605153513,20.27862743839608,0.33489143714117153,69.55732193239137,157.72654095861347,69.55732193239137
half0__global,ADE_vs_floor2,complete,eu-locality-119,3148,28.255728278930132,28.26050324392365,0.016896248988584883,113.34434584338538,205.2067029563877,113.34434584338538
half0__global,ADE_vs_floor2,complete,eu-locality-124,2077,37.50826412286892,37.69359503093088,0.4916774531850243,173.77717009904575,315.79700044017295,175.09465635709043
half0__global,ADE_vs_floor2,complete,eu-locality-126,3637,18.862394538222247,18.87039322635746,0.04238750109373246,82.29934861119713,154.75367598594238,82.29934861119713
half0__global,ADE_vs_old_stop4,all,eu-locality-007,5526,13.115216971234359,12.961467385862072,-1.186205086161718,45.12031885331507,79.36643941751946,45.069703016739965
half0__global,ADE_vs_old_stop4,all,eu-locality-074,102348,19.122972795327428,18.909128898730224,-1.1309029503287382,63.483812686574794,129.8691655594074,62.76299105507239
half0__global,ADE_vs_old_stop4,all,eu-locality-082,1368,13.346224963749103,13.125039150014329,-1.6852202207300326,51.77887705037489,101.91892546130697,50.49887773437855
half0__global,ADE_vs_old_stop4,all,eu-locality-110,8550,29.436912166184577,29.47193740522976,0.11884267587704,119.36372334433892,263.25099892296544,119.69634221657493
half0__global,ADE_vs_old_stop4,all,eu-locality-112,5004,23.94626768638052,23.964707240564607,0.07694462527326751,84.75159849780272,185.7800808901213,84.25451440297194
half0__global,ADE_vs_old_stop4,all,eu-locality-119,5639,28.722484397352037,28.287614451101238,-1.5373157287707162,114.75386326539757,203.40391732787322,112.61105661938669
half0__global,ADE_vs_old_stop4,all,eu-locality-124,3550,41.67484450639122,41.65016491082848,-0.059254496628224906,183.4575493815521,339.2013573961945,182.80259922586131
half0__global,ADE_vs_old_stop4,all,eu-locality-126,5790,19.255501909154397,18.992021196434774,-1.3873231816373677,84.47344797543423,153.44702055996248,83.50039592159716
half0__global,ADE_vs_old_stop4,easy,eu-locality-007,1784,1.359052364123463,1.3710751349134365,0.8768863561027573,3.069367262607619,3.449582262083941,3.0807771662484655
half0__global,ADE_vs_old_stop4,easy,eu-locality-074,17176,1.9636678929943043,1.9724280425587222,0.4441302483741749,3.2713594802603336,4.577102137279428,3.3043627637353605
half0__global,ADE_vs_old_stop4,easy,eu-locality-082,515,1.5246844278598468,1.5420807773746257,1.1281088364512248,2.990630071668251,3.367234059951519,3.014745339586682
half0__global,ADE_vs_old_stop4,easy,eu-locality-110,2009,1.7381541562452885,1.742517164366166,0.25038537410704276,3.083118786733806,3.3185414737124663,3.0955110616221333
half0__global,ADE_vs_old_stop4,easy,eu-locality-112,575,2.0074693540930353,2.0091191713984853,0.0821164482892045,3.200308656228841,3.437643637708687,3.1981735274415564
half0__global,ADE_vs_old_stop4,easy,eu-locality-119,1323,1.7661226830403043,1.7698016115480069,0.2078723673714311,3.104961290084456,3.4127289920266404,3.1151376156366593
half0__global,ADE_vs_old_stop4,easy,eu-locality-124,739,1.8744155129991125,1.884765436339182,0.5491358839947891,3.077357501930087,3.3275004528006327,3.1200034345095826
half0__global,ADE_vs_old_stop4,easy,eu-locality-126,2167,1.3990362675624073,1.3948648933051984,-0.2990522076532276,2.964803974728191,3.255786339359817,2.941256197233745
half0__global,ADE_vs_old_stop4,hard,eu-locality-007,1057,39.185051818615726,38.709506136845285,-1.228498447097981,80.55862777744943,113.44169226202258,79.62499588488345
half0__global,ADE_vs_old_stop4,hard,eu-locality-074,26162,49.94048107258609,49.37727380159812,-1.140620426415162,117.20214576893692,212.67125157842563,118.09817663289087
half0__global,ADE_vs_old_stop4,hard,eu-locality-082,245,47.82649210479861,46.491446321568084,-2.871594430503177,102.89538275989119,173.14647570861135,102.84492248432812
half0__global,ADE_vs_old_stop4,hard,eu-locality-110,2779,76.17248134565753,76.20386272386979,0.041180823504938235,216.94572294391477,381.2975959811301,216.94572294391477
half0__global,ADE_vs_old_stop4,hard,eu-locality-112,1522,58.16374298145917,58.16643941068181,0.0046357130502716615,153.7479339587823,273.8161229399875,156.09076825692148
half0__global,ADE_vs_old_stop4,hard,eu-locality-119,1922,70.00541705491722,68.75802660240149,-1.8141743068469163,177.23099669317207,274.0657360837586,172.96421361324747
half0__global,ADE_vs_old_stop4,hard,eu-locality-124,1375,96.37226419954321,96.2804192863764,-0.09539313792727988,272.5195589964772,454.9614884293962,272.5195589964772
half0__global,ADE_vs_old_stop4,hard,eu-locality-126,1386,62.90530589994022,61.923921580021116,-1.584822625697102,149.034458234894,231.2736903008077,148.87193063177466
half0__global,ADE_vs_old_stop4,complete,eu-locality-007,2882,13.056972228673411,12.86168386832667,-1.5183731955009439,46.74065980246463,78.38155397781499,46.265229520868125
half0__global,ADE_vs_old_stop4,complete,eu-locality-074,67309,18.788779603275444,18.531520314597874,-1.3882254899233448,61.931937648853015,127.69196886962007,61.24207483860279
half0__global,ADE_vs_old_stop4,complete,eu-locality-082,582,10.133921132818195,9.957325566208668,-1.77352407968685,48.02343140325714,88.77064559267427,48.19172118275565
half0__global,ADE_vs_old_stop4,complete,eu-locality-110,5804,27.279148348305835,27.292956516596114,0.05059242402662978,113.3694961946414,261.2022447121896,114.9771086476417
half0__global,ADE_vs_old_stop4,complete,eu-locality-112,2417,20.21071605153513,20.242836108568486,0.15867369997507597,69.55732193239137,157.72654095861347,70.21707303324524
half0__global,ADE_vs_old_stop4,complete,eu-locality-119,3148,28.255728278930132,27.62437864217673,-2.28547995569921,113.34434584338538,205.2067029563877,105.49422795579561
half0__global,ADE_vs_old_stop4,complete,eu-locality-124,2077,37.50826412286892,37.56138741946474,0.14143060266268437,173.77717009904575,315.79700044017295,173.61541077171694
half0__global,ADE_vs_old_stop4,complete,eu-locality-126,3637,18.862394538222247,18.537255435066527,-1.7539764950353032,82.29934861119713,154.75367598594238,80.6506713700502
half0__global,FDE_vs_floor4,endpoint,eu-locality-007,3935,28.309203343618247,27.902236355504886,-1.458546128447047,100.48938799867375,177.28662372270986,100.21215859599751
half0__global,FDE_vs_floor4,endpoint,eu-locality-074,81289,39.68009795735845,39.06597707145239,-1.5720095385885813,136.65308809561085,278.1482189760447,135.00163437416214
half0__global,FDE_vs_floor4,endpoint,eu-locality-082,859,24.88732690913213,24.446668035792914,-1.8025314234808576,114.66976098816347,234.87918667739171,111.79916155617079
half0__global,FDE_vs_floor4,endpoint,eu-locality-110,7204,55.17528253299427,55.58919503032184,0.7445916371010552,241.83111787860653,564.5845203875991,246.36789053376893
half0__global,FDE_vs_floor4,endpoint,eu-locality-112,3719,46.67398872638992,46.728612703328984,0.11689620936503609,179.47085533836557,414.1148860954396,176.63710402708173
half0__global,FDE_vs_floor4,endpoint,eu-locality-119,4147,64.84190322685338,63.460441832879845,-2.176885874213652,271.2378850704833,484.5542592170748,261.50946225944824
half0__global,FDE_vs_floor4,endpoint,eu-locality-124,2645,81.1948430038796,81.58054113378583,0.4727820195182475,371.7975279685446,739.9819351069635,377.201315538286
half0__global,FDE_vs_floor4,endpoint,eu-locality-126,4579,38.82393873523036,38.00292109774537,-2.1604066576179415,179.49904784550725,353.97292963652524,175.65668558624927
half0__global,ADE_vs_CV,easy,eu-locality-007,1784,1.359052364123463,1.4116372489032123,3.725098981385311,3.069367262607619,3.449582262083941,3.1829165280653378
half0__global,ADE_vs_CV,easy,eu-locality-074,17176,1.9636678929943043,2.0345987086931556,3.4862312354661307,3.2713594802603336,4.577102137279428,3.3227202724286355
half0__global,ADE_vs_CV,easy,eu-locality-082,515,1.5246844278598468,1.6292457075972016,6.417772300996938,2.990630071668251,3.367234059951519,3.1617325949953337
half0__global,ADE_vs_CV,easy,eu-locality-110,2009,1.7381541562452885,1.8571965321602297,6.4097888324438745,3.083118786733806,3.3185414737124663,3.2841980969419593
half0__global,ADE_vs_CV,easy,eu-locality-112,575,2.0074693540930353,2.120126457156666,5.313697335521994,3.200308656228841,3.437643637708687,3.337428914790469
half0__global,ADE_vs_CV,easy,eu-locality-119,1323,1.7661226830403043,1.9039962115564375,7.241271157962403,3.104961290084456,3.4127289920266404,3.27321556485438
half0__global,ADE_vs_CV,easy,eu-locality-124,739,1.8744155129991125,2.0089308960456713,6.695869096907991,3.077357501930087,3.3275004528006327,3.2764853371884692
half0__global,ADE_vs_CV,easy,eu-locality-126,2167,1.3990362675624073,1.49949345147157,6.699407977445738,2.964803974728191,3.255786339359817,3.17156482441628
half0__producer,ADE_vs_floor4,all,eu-locality-007,5526,13.110047562257318,12.993174120344346,-0.8994987739752824,45.12031885331507,78.07088428731419,45.069703016739965
half0__producer,ADE_vs_floor4,all,eu-locality-074,102348,19.10773760450548,18.956339677512435,-0.7986664597102955,63.40923915396664,129.69093449478666,62.89250843609184
half0__producer,ADE_vs_floor4,all,eu-locality-082,1368,13.323823994162433,13.210524721619661,-0.8576439992376006,51.77887705037489,101.91892546130697,50.49887773437855
half0__producer,ADE_vs_floor4,all,eu-locality-110,8550,29.42384497475811,29.63549283881677,0.7141702188311227,119.34456176702159,263.25099892296544,120.1360528300509
half0__producer,ADE_vs_floor4,all,eu-locality-112,5004,23.937540916080586,23.99489957613671,0.23904521823115976,84.72203923352906,185.7800808901213,84.24891982432871
half0__producer,ADE_vs_floor4,all,eu-locality-119,5639,28.71619128923944,28.297560971368505,-1.4793865743217394,114.75386326539757,203.40391732787322,112.61105661938669
half0__producer,ADE_vs_floor4,all,eu-locality-124,3550,41.73993017876174,41.74620276778274,0.015025531916978974,183.60684465403546,344.5055271166482,183.18673156958803
half0__producer,ADE_vs_floor4,all,eu-locality-126,5790,19.257047295635306,18.99901473132485,-1.3581365558132052,84.47344797543423,153.44702055996248,83.50039592159716
half0__producer,ADE_vs_floor4,easy,eu-locality-007,1784,1.3698536521753937,1.380086758143173,0.7414828022513142,3.097064763087225,3.480627879018509,3.095762922753855
half0__producer,ADE_vs_floor4,easy,eu-locality-074,17176,1.9634483486047227,1.987687399522399,1.2194599072017254,3.2820950118567964,4.588309808750374,3.2934904825546503
half0__producer,ADE_vs_floor4,easy,eu-locality-082,515,1.5392538096922415,1.5738559331973196,2.198557236098686,3.006103213767796,3.4201881240663545,3.0267587675843264
half0__producer,ADE_vs_floor4,easy,eu-locality-110,2009,1.7349860675234692,1.7462521139686404,0.6451557799158403,3.0801809974157854,3.3185414737124663,3.092640408692903
half0__producer,ADE_vs_floor4,easy,eu-locality-112,575,1.9994007805919856,2.028536946310694,1.436314274270356,3.2111118226286326,3.437643637708687,3.19705338431151
half0__producer,ADE_vs_floor4,easy,eu-locality-119,1323,1.7609758651914853,1.8091182714362857,2.6610977847556283,3.105172572563587,3.4127289920266404,3.1063793508005806
half0__producer,ADE_vs_floor4,easy,eu-locality-124,739,1.8591023977273509,1.8968364977585341,1.989317480751407,3.075900596681789,3.3275004528006327,3.104466541824364
half0__producer,ADE_vs_floor4,easy,eu-locality-126,2167,1.3975951015681112,1.403748247983126,0.43833689009803445,2.964803974728191,3.2758646727619967,2.961119466719475
half0__producer,ADE_vs_floor4,hard,eu-locality-007,1057,39.14275044962423,38.797910138720844,-0.8888115614228198,79.62499588488345,113.44169226202258,79.62499588488345
half0__producer,ADE_vs_floor4,hard,eu-locality-074,26162,49.8824129882669,49.51415528436101,-0.7437422728732379,117.03423439410491,212.67125157842563,118.75995360354653
half0__producer,ADE_vs_floor4,hard,eu-locality-082,245,47.65117542228883,46.545071009344724,-2.3764157814305076,102.89538275989119,169.5400402883042,102.84492248432812
half0__producer,ADE_vs_floor4,hard,eu-locality-110,2779,76.12275975432314,76.65846271012249,0.6988177650066763,216.94572294391477,381.2975959811301,217.7895967541795
half0__producer,ADE_vs_floor4,hard,eu-locality-112,1522,58.13608531504798,58.19258397147621,0.09708910065915344,153.7479339587823,273.8161229399875,156.09076825692148
half0__producer,ADE_vs_floor4,hard,eu-locality-119,1922,69.97933913698829,68.7520222271331,-1.7851357241544852,177.23099669317207,274.0657360837586,172.96421361324747
half0__producer,ADE_vs_floor4,hard,eu-locality-124,1375,96.53959947758541,96.39686681913768,-0.14806773618019076,274.49169803893716,454.9614884293962,274.49169803893716
half0__producer,ADE_vs_floor4,hard,eu-locality-126,1386,62.912411760873006,61.92211623475045,-1.5992598224005894,149.034458234894,231.2736903008077,148.87193063177466
half0__producer,ADE_vs_floor4,complete,eu-locality-007,2882,13.066796303266896,12.90186352905717,-1.2783639653160872,46.759975865848155,78.38155397781499,46.30062821751765
half0__producer,ADE_vs_floor4,complete,eu-locality-074,67309,18.776272127107763,18.572838706695453,-1.0953275566807807,61.917084987337965,127.68733142209835,61.37259799632875
half0__producer,ADE_vs_floor4,complete,eu-locality-082,582,10.139716177061088,10.143542799628378,0.03772471455860682,48.02343140325714,88.77064559267427,48.19172118275565
half0__producer,ADE_vs_floor4,complete,eu-locality-110,5804,27.255769849781807,27.48806807639725,0.8450874974909928,113.24011948844057,261.2022447121896,115.53160965099059
half0__producer,ADE_vs_floor4,complete,eu-locality-112,2417,20.210743454640443,20.27600755135542,0.32187843957778295,69.55732193239137,157.72654095861347,70.21707303324524
half0__producer,ADE_vs_floor4,complete,eu-locality-119,3148,28.24331101744155,27.63647230070257,-2.1957893545029306,113.34434584338538,205.2067029563877,105.49422795579561
half0__producer,ADE_vs_floor4,complete,eu-locality-124,2077,37.62088440405493,37.74425896345833,0.3268697354022687,175.09465635709043,316.4037738037055,174.2361940078016
half0__producer,ADE_vs_floor4,complete,eu-locality-126,3637,18.860796509188415,18.545591158320622,-1.6996241757781583,82.29934861119713,154.75367598594238,80.6506713700502
half0__producer,ADE_vs_floor2,all,eu-locality-007,5526,13.110047562257318,13.1567694294854,0.3551165616946572,45.12031885331507,78.07088428731419,45.21315464750449
half0__producer,ADE_vs_floor2,all,eu-locality-074,102348,19.10773760450548,19.190229303855062,0.42986302062065773,63.40923915396664,129.69093449478666,63.60077149093785
half0__producer,ADE_vs_floor2,all,eu-locality-082,1368,13.323823994162433,13.449518086680213,0.9345620542513089,51.77887705037489,101.91892546130697,51.77887705037489
half0__producer,ADE_vs_floor2,all,eu-locality-110,8550,29.42384497475811,29.584010276675915,0.5413914490290717,119.34456176702159,263.25099892296544,119.36372334433892
half0__producer,ADE_vs_floor2,all,eu-locality-112,5004,23.937540916080586,23.991454283098403,0.2247190452968839,84.72203923352906,185.7800808901213,84.75159849780272
half0__producer,ADE_vs_floor2,all,eu-locality-119,5639,28.71619128923944,28.72798574262925,0.04105562253989836,114.75386326539757,203.40391732787322,114.75386326539757
half0__producer,ADE_vs_floor2,all,eu-locality-124,3550,41.73993017876174,41.76149407956336,0.051635846075193115,183.60684465403546,344.5055271166482,183.60684465403546
half0__producer,ADE_vs_floor2,all,eu-locality-126,5790,19.257047295635306,19.264440503769222,0.03837748691672971,84.47344797543423,153.44702055996248,84.47344797543423
half0__producer,ADE_vs_floor2,easy,eu-locality-007,1784,1.3698536521753937,1.3709748780922628,0.08178311176856301,3.097064763087225,3.480627879018509,3.0852239438869624
half0__producer,ADE_vs_floor2,easy,eu-locality-074,17176,1.9634483486047227,1.9707978657930716,0.37292090253970844,3.2820950118567964,4.588309808750374,3.262655958972298
half0__producer,ADE_vs_floor2,easy,eu-locality-082,515,1.5392538096922415,1.5648286592503007,1.6343546245064289,3.006103213767796,3.4201881240663545,3.007097881111193
half0__producer,ADE_vs_floor2,easy,eu-locality-110,2009,1.7349860675234692,1.7405459764261932,0.3194347623117655,3.0801809974157854,3.3185414737124663,3.076685094995319
half0__producer,ADE_vs_floor2,easy,eu-locality-112,575,1.9994007805919856,2.0166844820205494,0.8570354749418696,3.2111118226286326,3.437643637708687,3.1766595656107333
half0__producer,ADE_vs_floor2,easy,eu-locality-119,1323,1.7609758651914853,1.799548666139607,2.1434708421010917,3.105172572563587,3.4127289920266404,3.0980286645076425
half0__producer,ADE_vs_floor2,easy,eu-locality-124,739,1.8591023977273509,1.88688266547875,1.4722837969551539,3.075900596681789,3.3275004528006327,3.075900596681789
half0__producer,ADE_vs_floor2,easy,eu-locality-126,2167,1.3975951015681112,1.405867255499942,0.5884022050779758,2.964803974728191,3.2758646727619967,2.9753284658621664
half0__producer,ADE_vs_floor2,hard,eu-locality-007,1057,39.14275044962423,39.309700288270804,0.4247039214806403,79.62499588488345,113.44169226202258,80.55862777744943
half0__producer,ADE_vs_floor2,hard,eu-locality-074,26162,49.8824129882669,50.117970881564155,0.47000684415957616,117.03423439410491,212.67125157842563,118.01145059316732
half0__producer,ADE_vs_floor2,hard,eu-locality-082,245,47.65117542228883,47.91999269572934,0.5609710234043219,102.89538275989119,169.5400402883042,102.89538275989119
half0__producer,ADE_vs_floor2,hard,eu-locality-110,2779,76.12275975432314,76.5846827350476,0.6031532210200807,216.94572294391477,381.2975959811301,217.7895967541795
half0__producer,ADE_vs_floor2,hard,eu-locality-112,1522,58.13608531504798,58.23450410398396,0.16900425349246628,153.7479339587823,273.8161229399875,155.91825887565795
half0__producer,ADE_vs_floor2,hard,eu-locality-119,1922,69.97933913698829,69.98286798269689,0.005042442258118562,177.23099669317207,274.0657360837586,177.23099669317207
half0__producer,ADE_vs_floor2,hard,eu-locality-124,1375,96.53959947758541,96.48269395986419,-0.05898002572863881,274.49169803893716,454.9614884293962,274.49169803893716
half0__producer,ADE_vs_floor2,hard,eu-locality-126,1386,62.912411760873006,62.91470712322947,0.0036483716787660825,149.034458234894,231.2736903008077,149.034458234894
half0__producer,ADE_vs_floor2,complete,eu-locality-007,2882,13.066796303266896,13.101851748538545,0.2675609978227578,46.759975865848155,78.38155397781499,46.74065980246463
half0__producer,ADE_vs_floor2,complete,eu-locality-074,67309,18.776272127107763,18.855064017229104,0.4178818488727698,61.917084987337965,127.68733142209835,62.07633220335971
half0__producer,ADE_vs_floor2,complete,eu-locality-082,582,10.139716177061088,10.287480191132131,1.436347981485464,48.02343140325714,88.77064559267427,48.02343140325714
half0__producer,ADE_vs_floor2,complete,eu-locality-110,5804,27.255769849781807,27.43849568071028,0.6659469711997823,113.24011948844057,261.2022447121896,113.84384411840702
half0__producer,ADE_vs_floor2,complete,eu-locality-112,2417,20.210743454640443,20.27862743839608,0.3347563042018442,69.55732193239137,157.72654095861347,69.55732193239137
half0__producer,ADE_vs_floor2,complete,eu-locality-119,3148,28.24331101744155,28.26050324392365,0.06083482071678192,113.34434584338538,205.2067029563877,113.34434584338538
half0__producer,ADE_vs_floor2,complete,eu-locality-124,2077,37.62088440405493,37.69359503093088,0.19289915651793388,175.09465635709043,316.4037738037055,175.09465635709043
half0__producer,ADE_vs_floor2,complete,eu-locality-126,3637,18.860796509188415,18.87039322635746,0.05085594695314333,82.29934861119713,154.75367598594238,82.29934861119713
half0__producer,ADE_vs_old_stop4,all,eu-locality-007,5526,13.110047562257318,12.961467385862072,-1.1463221869254747,45.12031885331507,78.07088428731419,45.069703016739965
half0__producer,ADE_vs_old_stop4,all,eu-locality-074,102348,19.10773760450548,18.909128898730224,-1.050332391507447,63.40923915396664,129.69093449478666,62.76299105507239
half0__producer,ADE_vs_old_stop4,all,eu-locality-082,1368,13.323823994162433,13.125039150014329,-1.514546675831352,51.77887705037489,101.91892546130697,50.49887773437855
half0__producer,ADE_vs_old_stop4,all,eu-locality-110,8550,29.42384497475811,29.47193740522976,0.16318041739297184,119.34456176702159,263.25099892296544,119.69634221657493
half0__producer,ADE_vs_old_stop4,all,eu-locality-112,5004,23.937540916080586,23.964707240564607,0.1133597177354062,84.72203923352906,185.7800808901213,84.25451440297194
half0__producer,ADE_vs_old_stop4,all,eu-locality-119,5639,28.71619128923944,28.287614451101238,-1.51506886124686,114.75386326539757,203.40391732787322,112.61105661938669
half0__producer,ADE_vs_old_stop4,all,eu-locality-124,3550,41.73993017876174,41.65016491082848,-0.2155219988334789,183.60684465403546,344.5055271166482,182.80259922586131
half0__producer,ADE_vs_old_stop4,all,eu-locality-126,5790,19.257047295635306,18.992021196434774,-1.3954602117350445,84.47344797543423,153.44702055996248,83.50039592159716
half0__producer,ADE_vs_old_stop4,easy,eu-locality-007,1784,1.3698536521753937,1.3710751349134365,0.08908940924815534,3.097064763087225,3.480627879018509,3.0807771662484655
half0__producer,ADE_vs_old_stop4,easy,eu-locality-074,17176,1.9634483486047227,1.9724280425587222,0.4552609149863107,3.2820950118567964,4.588309808750374,3.3043627637353605
half0__producer,ADE_vs_old_stop4,easy,eu-locality-082,515,1.5392538096922415,1.5420807773746257,0.1833216342400079,3.006103213767796,3.4201881240663545,3.014745339586682
half0__producer,ADE_vs_old_stop4,easy,eu-locality-110,2009,1.7349860675234692,1.742517164366166,0.43219642231968614,3.0801809974157854,3.3185414737124663,3.0955110616221333
half0__producer,ADE_vs_old_stop4,easy,eu-locality-112,575,1.9994007805919856,2.0091191713984853,0.4837140048658761,3.2111118226286326,3.437643637708687,3.1981735274415564
half0__producer,ADE_vs_old_stop4,easy,eu-locality-119,1323,1.7609758651914853,1.7698016115480069,0.4986856322727551,3.105172572563587,3.4127289920266404,3.1151376156366593
half0__producer,ADE_vs_old_stop4,easy,eu-locality-124,739,1.8591023977273509,1.884765436339182,1.361603842952308,3.075900596681789,3.3275004528006327,3.1200034345095826
half0__producer,ADE_vs_old_stop4,easy,eu-locality-126,2167,1.3975951015681112,1.3948648933051984,-0.19573281082754246,2.964803974728191,3.2758646727619967,2.941256197233745
half0__producer,ADE_vs_old_stop4,hard,eu-locality-007,1057,39.14275044962423,38.709506136845285,-1.1192194269990186,79.62499588488345,113.44169226202258,79.62499588488345
half0__producer,ADE_vs_old_stop4,hard,eu-locality-074,26162,49.8824129882669,49.37727380159812,-1.0230195954083365,117.03423439410491,212.67125157842563,118.09817663289087
half0__producer,ADE_vs_old_stop4,hard,eu-locality-082,245,47.65117542228883,46.491446321568084,-2.4944999402669366,102.89538275989119,169.5400402883042,102.84492248432812
half0__producer,ADE_vs_old_stop4,hard,eu-locality-110,2779,76.12275975432314,76.20386272386979,0.1064289481499503,216.94572294391477,381.2975959811301,216.94572294391477
half0__producer,ADE_vs_old_stop4,hard,eu-locality-112,1522,58.13608531504798,58.16643941068181,0.052184895519424845,153.7479339587823,273.8161229399875,156.09076825692148
half0__producer,ADE_vs_old_stop4,hard,eu-locality-119,1922,69.97933913698829,68.75802660240149,-1.7762472178690203,177.23099669317207,274.0657360837586,172.96421361324747
half0__producer,ADE_vs_old_stop4,hard,eu-locality-124,1375,96.53959947758541,96.2804192863764,-0.26919304374661834,274.49169803893716,454.9614884293962,272.5195589964772
half0__producer,ADE_vs_old_stop4,hard,eu-locality-126,1386,62.912411760873006,61.923921580021116,-1.5962977725409555,149.034458234894,231.2736903008077,148.87193063177466
half0__producer,ADE_vs_old_stop4,complete,eu-locality-007,2882,13.066796303266896,12.86168386832667,-1.594755687047611,46.759975865848155,78.38155397781499,46.265229520868125
half0__producer,ADE_vs_old_stop4,complete,eu-locality-074,67309,18.776272127107763,18.531520314597874,-1.3207325052391417,61.917084987337965,127.68733142209835,61.24207483860279
half0__producer,ADE_vs_old_stop4,complete,eu-locality-082,582,10.139716177061088,9.957325566208668,-1.831722882210296,48.02343140325714,88.77064559267427,48.19172118275565
half0__producer,ADE_vs_old_stop4,complete,eu-locality-110,5804,27.255769849781807,27.292956516596114,0.13625004968478294,113.24011948844057,261.2022447121896,114.9771086476417
half0__producer,ADE_vs_old_stop4,complete,eu-locality-112,2417,20.210743454640443,20.242836108568486,0.15853832810738266,69.55732193239137,157.72654095861347,70.21707303324524
half0__producer,ADE_vs_old_stop4,complete,eu-locality-119,3148,28.24331101744155,27.62437864217673,-2.2405295817942372,113.34434584338538,205.2067029563877,105.49422795579561
half0__producer,ADE_vs_old_stop4,complete,eu-locality-124,2077,37.62088440405493,37.56138741946474,-0.15839932621699582,175.09465635709043,316.4037738037055,173.61541077171694
half0__producer,ADE_vs_old_stop4,complete,eu-locality-126,3637,18.860796509188415,18.537255435066527,-1.7453558605544872,82.29934861119713,154.75367598594238,80.6506713700502
half0__producer,FDE_vs_floor4,endpoint,eu-locality-007,3935,28.280322637631883,27.902236355504886,-1.3550393499279556,100.06463769655943,177.28662372270986,100.21215859599751
half0__producer,FDE_vs_floor4,endpoint,eu-locality-074,81289,39.642363599913196,39.06597707145239,-1.4754181814180312,136.470891712965,278.1482189760447,135.00163437416214
half0__producer,FDE_vs_floor4,endpoint,eu-locality-082,859,24.884169644558302,24.446668035792914,-1.7896165159392297,114.66976098816347,234.87918667739171,111.79916155617079
half0__producer,FDE_vs_floor4,endpoint,eu-locality-110,7204,55.14843865168201,55.58919503032184,0.7928813835124227,241.0290256771495,564.5845203875991,246.36789053376893
half0__producer,FDE_vs_floor4,endpoint,eu-locality-112,3719,46.636007727925815,46.728612703328984,0.1981761709706653,179.16457362474185,414.1148860954396,176.63710402708173
half0__producer,FDE_vs_floor4,endpoint,eu-locality-119,4147,64.82649202435474,63.460441832879845,-2.152601135479526,271.2378850704833,484.5542592170748,261.50946225944824
half0__producer,FDE_vs_floor4,endpoint,eu-locality-124,2645,81.4126173960139,81.58054113378583,0.20583797979047969,372.2649807819272,749.8979417287693,377.201315538286
half0__producer,FDE_vs_floor4,endpoint,eu-locality-126,4579,38.8248205199933,38.00292109774537,-2.1627269654718617,179.49904784550725,353.97292963652524,175.65668558624927
half0__producer,ADE_vs_CV,easy,eu-locality-007,1784,1.3698536521753937,1.4116372489032123,2.95993866414922,3.097064763087225,3.480627879018509,3.1829165280653378
half0__producer,ADE_vs_CV,easy,eu-locality-074,17176,1.9634483486047227,2.0345987086931556,3.4970217853983354,3.2820950118567964,4.588309808750374,3.3227202724286355
half0__producer,ADE_vs_CV,easy,eu-locality-082,515,1.5392538096922415,1.6292457075972016,5.52353137929572,3.006103213767796,3.4201881240663545,3.1617325949953337
half0__producer,ADE_vs_CV,easy,eu-locality-110,2009,1.7349860675234692,1.8571965321602297,6.5803732949366145,3.0801809974157854,3.3185414737124663,3.2841980969419593
half0__producer,ADE_vs_CV,easy,eu-locality-112,575,1.9994007805919856,2.120126457156666,5.694267724321844,3.2111118226286326,3.437643637708687,3.337428914790469
half0__producer,ADE_vs_CV,easy,eu-locality-119,1323,1.7609758651914853,1.9039962115564375,7.511587759307514,3.105172572563587,3.4127289920266404,3.27321556485438
half0__producer,ADE_vs_CV,easy,eu-locality-124,739,1.8591023977273509,2.0089308960456713,7.458121063956913,3.075900596681789,3.3275004528006327,3.2764853371884692
half0__producer,ADE_vs_CV,easy,eu-locality-126,2167,1.3975951015681112,1.49949345147157,6.795518166715442,2.964803974728191,3.2758646727619967,3.17156482441628
half0__placebo,ADE_vs_floor4,all,eu-locality-007,5526,13.113230048221899,12.993174120344346,-0.9239922959977331,45.21315464750449,79.36643941751946,45.069703016739965
half0__placebo,ADE_vs_floor4,all,eu-locality-074,102348,19.11955641937044,18.956339677512435,-0.8610140176567249,63.464044100350044,129.74754454425894,62.89250843609184
half0__placebo,ADE_vs_floor4,all,eu-locality-082,1368,13.34871962615321,13.210524721619661,-1.0460970131442648,51.77887705037489,101.91892546130697,50.49887773437855
half0__placebo,ADE_vs_floor4,all,eu-locality-110,8550,29.441485637471118,29.63549283881677,0.6546447612692963,119.36372334433892,263.25099892296544,120.1360528300509
half0__placebo,ADE_vs_floor4,all,eu-locality-112,5004,23.946737605987916,23.99489957613671,0.20071753164031536,84.75159849780272,185.7800808901213,84.24891982432871
half0__placebo,ADE_vs_floor4,all,eu-locality-119,5639,28.723403158169923,28.297560971368505,-1.5048724066087704,114.75386326539757,203.40391732787322,112.61105661938669
half0__placebo,ADE_vs_floor4,all,eu-locality-124,3550,41.67138158098544,41.74620276778274,0.17922872461838546,183.4575493815521,339.2013573961945,183.18673156958803
half0__placebo,ADE_vs_floor4,all,eu-locality-126,5790,19.25344145382685,18.99901473132485,-1.3391574568470066,84.47344797543423,153.44702055996248,83.50039592159716
half0__placebo,ADE_vs_floor4,easy,eu-locality-007,1784,1.3623913385246342,1.380086758143173,1.2821961745613009,3.069704794506349,3.449582262083941,3.095762922753855
half0__placebo,ADE_vs_floor4,easy,eu-locality-074,17176,1.962254832876204,1.987687399522399,1.2795053514101817,3.2708126060207223,4.544444679598994,3.2934904825546503
half0__placebo,ADE_vs_floor4,easy,eu-locality-082,515,1.5266145730848102,1.5738559331973196,3.001631795900006,2.990630071668251,3.367234059951519,3.0267587675843264
half0__placebo,ADE_vs_floor4,easy,eu-locality-110,2009,1.7402569222897677,1.7462521139686404,0.34331764760173744,3.083118786733806,3.3185414737124663,3.092640408692903
half0__placebo,ADE_vs_floor4,easy,eu-locality-112,575,2.0058358695612197,2.028536946310694,1.1190861862664603,3.200308656228841,3.437643637708687,3.19705338431151
half0__placebo,ADE_vs_floor4,easy,eu-locality-119,1323,1.7656275960558774,1.8091182714362857,2.403970821978396,3.105172572563587,3.4246277209261393,3.1063793508005806
half0__placebo,ADE_vs_floor4,easy,eu-locality-124,739,1.8714639278102583,1.8968364977585341,1.337625566476519,3.077357501930087,3.3275004528006327,3.104466541824364
half0__placebo,ADE_vs_floor4,easy,eu-locality-126,2167,1.3979559110528854,1.403748247983126,0.4126335999751318,2.964803974728191,3.255786339359817,2.961119466719475
half0__placebo,ADE_vs_floor4,hard,eu-locality-007,1057,39.19201918459377,38.797910138720844,-1.0157996770026934,80.55862777744943,113.44169226202258,79.62499588488345
half0__placebo,ADE_vs_floor4,hard,eu-locality-074,26162,49.92662434595298,49.51415528436101,-0.8330326130439936,117.03423439410491,212.67125157842563,118.75995360354653
half0__placebo,ADE_vs_floor4,hard,eu-locality-082,245,47.805089118530674,46.545071009344724,-2.7070924629870596,102.89538275989119,173.14647570861135,102.84492248432812
half0__placebo,ADE_vs_floor4,hard,eu-locality-110,2779,76.17967256262509,76.65846271012249,0.6245757227195003,216.94572294391477,381.2975959811301,217.7895967541795
half0__placebo,ADE_vs_floor4,hard,eu-locality-112,1522,58.16374298145917,58.19258397147621,0.049561280920562556,153.7479339587823,273.8161229399875,156.09076825692148
half0__placebo,ADE_vs_floor4,hard,eu-locality-119,1922,70.00801871412236,68.7520222271331,-1.8268502457133184,177.23099669317207,274.0657360837586,172.96421361324747
half0__placebo,ADE_vs_floor4,hard,eu-locality-124,1375,96.37250876376157,96.39686681913768,0.02526851357297355,272.5195589964772,454.9614884293962,274.49169803893716
half0__placebo,ADE_vs_floor4,hard,eu-locality-126,1386,62.90064060839578,61.92211623475045,-1.5802502129218077,149.034458234894,231.2736903008077,148.87193063177466
half0__placebo,ADE_vs_floor4,complete,eu-locality-007,2882,13.054645599125918,12.90186352905717,-1.1841860652506142,46.74065980246463,78.38155397781499,46.30062821751765
half0__placebo,ADE_vs_floor4,complete,eu-locality-074,67309,18.786236021208417,18.572838706695453,-1.1489752206593762,61.9228250830945,127.69196886962007,61.37259799632875
half0__placebo,ADE_vs_floor4,complete,eu-locality-082,582,10.134899811011946,10.143542799628378,0.08520680384714874,48.02343140325714,88.77064559267427,48.19172118275565
half0__placebo,ADE_vs_floor4,complete,eu-locality-110,5804,27.280893795417335,27.48806807639725,0.7536880380393463,113.3694961946414,261.2022447121896,115.53160965099059
half0__placebo,ADE_vs_floor4,complete,eu-locality-112,2417,20.212235435791776,20.27600755135542,0.314520081934877,69.55732193239137,157.72654095861347,70.21707303324524
half0__placebo,ADE_vs_floor4,complete,eu-locality-119,3148,28.25773085228521,27.63647230070257,-2.247966183320882,113.34434584338538,205.2067029563877,105.49422795579561
half0__placebo,ADE_vs_floor4,complete,eu-locality-124,2077,37.50362464942675,37.74425896345833,0.6375388486618561,173.77717009904575,315.79700044017295,174.2361940078016
half0__placebo,ADE_vs_floor4,complete,eu-locality-126,3637,18.859610537178717,18.545591158320622,-1.6932292757743106,82.29934861119713,154.75367598594238,80.6506713700502
half0__placebo,ADE_vs_floor2,all,eu-locality-007,5526,13.113230048221899,13.1567694294854,0.3309275996425609,45.21315464750449,79.36643941751946,45.21315464750449
half0__placebo,ADE_vs_floor2,all,eu-locality-074,102348,19.11955641937044,19.190229303855062,0.3682753518240989,63.464044100350044,129.74754454425894,63.60077149093785
half0__placebo,ADE_vs_floor2,all,eu-locality-082,1368,13.34871962615321,13.449518086680213,0.7494577863487062,51.77887705037489,101.91892546130697,51.77887705037489
half0__placebo,ADE_vs_floor2,all,eu-locality-110,8550,29.441485637471118,29.584010276675915,0.4817624043254365,119.36372334433892,263.25099892296544,119.36372334433892
half0__placebo,ADE_vs_floor2,all,eu-locality-112,5004,23.946737605987916,23.991454283098403,0.1863858546582109,84.75159849780272,185.7800808901213,84.75159849780272
half0__placebo,ADE_vs_floor2,all,eu-locality-119,5639,28.723403158169923,28.72798574262925,0.01595163858818527,114.75386326539757,203.40391732787322,114.75386326539757
half0__placebo,ADE_vs_floor2,all,eu-locality-124,3550,41.67138158098544,41.76149407956336,0.21577891443788078,183.4575493815521,339.2013573961945,183.60684465403546
half0__placebo,ADE_vs_floor2,all,eu-locality-126,5790,19.25344145382685,19.264440503769222,0.05709509155078507,84.47344797543423,153.44702055996248,84.47344797543423
half0__placebo,ADE_vs_floor2,easy,eu-locality-007,1784,1.3623913385246342,1.3709748780922628,0.6260902154219483,3.069704794506349,3.449582262083941,3.0852239438869624
half0__placebo,ADE_vs_floor2,easy,eu-locality-074,17176,1.962254832876204,1.9707978657930716,0.4334809299902376,3.2708126060207223,4.544444679598994,3.262655958972298
half0__placebo,ADE_vs_floor2,easy,eu-locality-082,515,1.5266145730848102,1.5648286592503007,2.4420620072103327,2.990630071668251,3.367234059951519,3.007097881111193
half0__placebo,ADE_vs_floor2,easy,eu-locality-110,2009,1.7402569222897677,1.7405459764261932,0.016607095724008314,3.083118786733806,3.3185414737124663,3.076685094995319
half0__placebo,ADE_vs_floor2,easy,eu-locality-112,575,2.0058358695612197,2.0166844820205494,0.5379429730356322,3.200308656228841,3.437643637708687,3.1766595656107333
half0__placebo,ADE_vs_floor2,easy,eu-locality-119,1323,1.7656275960558774,1.799548666139607,1.8849765345050118,3.105172572563587,3.4246277209261393,3.0980286645076425
half0__placebo,ADE_vs_floor2,easy,eu-locality-124,739,1.8714639278102583,1.88688266547875,0.8171540260867083,3.077357501930087,3.3275004528006327,3.075900596681789
half0__placebo,ADE_vs_floor2,easy,eu-locality-126,2167,1.3979559110528854,1.405867255499942,0.5627376564968256,2.964803974728191,3.255786339359817,2.9753284658621664
half0__placebo,ADE_vs_floor2,hard,eu-locality-007,1057,39.19201918459377,39.309700288270804,0.29936911961689905,80.55862777744943,113.44169226202258,80.55862777744943
half0__placebo,ADE_vs_floor2,hard,eu-locality-074,26162,49.92662434595298,50.117970881564155,0.3817922638235993,117.03423439410491,212.67125157842563,118.01145059316732
half0__placebo,ADE_vs_floor2,hard,eu-locality-082,245,47.805089118530674,47.91999269572934,0.23978212586185377,102.89538275989119,173.14647570861135,102.89538275989119
half0__placebo,ADE_vs_floor2,hard,eu-locality-110,2779,76.17967256262509,76.5846827350476,0.5288396556053954,216.94572294391477,381.2975959811301,217.7895967541795
half0__placebo,ADE_vs_floor2,hard,eu-locality-112,1522,58.16374298145917,58.23450410398396,0.1215106466750937,153.7479339587823,273.8161229399875,155.91825887565795
half0__placebo,ADE_vs_floor2,hard,eu-locality-119,1922,70.00801871412236,69.98286798269689,-0.03593841200062453,177.23099669317207,274.0657360837586,177.23099669317207
half0__placebo,ADE_vs_floor2,hard,eu-locality-124,1375,96.37250876376157,96.48269395986419,0.11420203103829074,272.5195589964772,454.9614884293962,274.49169803893716
half0__placebo,ADE_vs_floor2,hard,eu-locality-126,1386,62.90064060839578,62.91470712322947,0.022358070913586214,149.034458234894,231.2736903008077,149.034458234894
half0__placebo,ADE_vs_floor2,complete,eu-locality-007,2882,13.054645599125918,13.101851748538545,0.3603013552484491,46.74065980246463,78.38155397781499,46.74065980246463
half0__placebo,ADE_vs_floor2,complete,eu-locality-074,67309,18.786236021208417,18.855064017229104,0.36503719084588493,61.9228250830945,127.69196886962007,62.07633220335971
half0__placebo,ADE_vs_floor2,complete,eu-locality-082,582,10.134899811011946,10.287480191132131,1.4831657246028973,48.02343140325714,88.77064559267427,48.02343140325714
half0__placebo,ADE_vs_floor2,complete,eu-locality-110,5804,27.280893795417335,27.43849568071028,0.574382382791272,113.3694961946414,261.2022447121896,113.84384411840702
half0__placebo,ADE_vs_floor2,complete,eu-locality-112,2417,20.212235435791776,20.27862743839608,0.327398897218234,69.55732193239137,157.72654095861347,69.55732193239137
half0__placebo,ADE_vs_floor2,complete,eu-locality-119,3148,28.25773085228521,28.26050324392365,0.00981012834241346,113.34434584338538,205.2067029563877,113.34434584338538
half0__placebo,ADE_vs_floor2,complete,eu-locality-124,2077,37.50362464942675,37.69359503093088,0.5039858398973251,173.77717009904575,315.79700044017295,175.09465635709043
half0__placebo,ADE_vs_floor2,complete,eu-locality-126,3637,18.859610537178717,18.87039322635746,0.05714077629119796,82.29934861119713,154.75367598594238,82.29934861119713
half0__placebo,ADE_vs_old_stop4,all,eu-locality-007,5526,13.113230048221899,12.961467385862072,-1.1708756257440722,45.21315464750449,79.36643941751946,45.069703016739965
half0__placebo,ADE_vs_old_stop4,all,eu-locality-074,102348,19.11955641937044,18.909128898730224,-1.112835613777774,63.464044100350044,129.74754454425894,62.76299105507239
half0__placebo,ADE_vs_old_stop4,all,eu-locality-082,1368,13.34871962615321,13.125039150014329,-1.7042271156854971,51.77887705037489,101.91892546130697,50.49887773437855
half0__placebo,ADE_vs_old_stop4,all,eu-locality-110,8550,29.441485637471118,29.47193740522976,0.10332462145239418,119.36372334433892,263.25099892296544,119.69634221657493
half0__placebo,ADE_vs_old_stop4,all,eu-locality-112,5004,23.946737605987916,23.964707240564607,0.07498374337022717,84.75159849780272,185.7800808901213,84.25451440297194
half0__placebo,ADE_vs_old_stop4,all,eu-locality-119,5639,28.723403158169923,28.287614451101238,-1.540563654888616,114.75386326539757,203.40391732787322,112.61105661938669
half0__placebo,ADE_vs_old_stop4,all,eu-locality-124,3550,41.67138158098544,41.65016491082848,-0.05094018283573476,183.4575493815521,339.2013573961945,182.80259922586131
half0__placebo,ADE_vs_old_stop4,all,eu-locality-126,5790,19.25344145382685,18.992021196434774,-1.3764741239923994,84.47344797543423,153.44702055996248,83.50039592159716
half0__placebo,ADE_vs_old_stop4,easy,eu-locality-007,1784,1.3623913385246342,1.3710751349134365,0.6333567116546424,3.069704794506349,3.449582262083941,3.0807771662484655
half0__placebo,ADE_vs_old_stop4,easy,eu-locality-074,17176,1.962254832876204,1.9724280425587222,0.5157708906491254,3.2708126060207223,4.544444679598994,3.3043627637353605
half0__placebo,ADE_vs_old_stop4,easy,eu-locality-082,515,1.5266145730848102,1.5420807773746257,1.0029438481262032,2.990630071668251,3.367234059951519,3.014745339586682
half0__placebo,ADE_vs_old_stop4,easy,eu-locality-110,2009,1.7402569222897677,1.742517164366166,0.12971132351632386,3.083118786733806,3.3185414737124663,3.0955110616221333
half0__placebo,ADE_vs_old_stop4,easy,eu-locality-112,575,2.0058358695612197,2.0091191713984853,0.1634199645300316,3.200308656228841,3.437643637708687,3.1981735274415564
half0__placebo,ADE_vs_old_stop4,easy,eu-locality-119,1323,1.7656275960558774,1.7698016115480069,0.23584651889194674,3.105172572563587,3.4246277209261393,3.1151376156366593
half0__placebo,ADE_vs_old_stop4,easy,eu-locality-124,739,1.8714639278102583,1.884765436339182,0.7057381397421736,3.077357501930087,3.3275004528006327,3.1200034345095826
half0__placebo,ADE_vs_old_stop4,easy,eu-locality-126,2167,1.3979559110528854,1.3948648933051984,-0.2215997952577764,2.964803974728191,3.255786339359817,2.941256197233745
half0__placebo,ADE_vs_old_stop4,hard,eu-locality-007,1057,39.19201918459377,38.709506136845285,-1.246497555517001,80.55862777744943,113.44169226202258,79.62499588488345
half0__placebo,ADE_vs_old_stop4,hard,eu-locality-074,26162,49.92662434595298,49.37727380159812,-1.1125574622896206,117.03423439410491,212.67125157842563,118.09817663289087
half0__placebo,ADE_vs_old_stop4,hard,eu-locality-082,245,47.805089118530674,46.491446321568084,-2.8255580346468356,102.89538275989119,173.14647570861135,102.84492248432812
half0__placebo,ADE_vs_old_stop4,hard,eu-locality-110,2779,76.17967256262509,76.20386272386979,0.03174400926677645,216.94572294391477,381.2975959811301,216.94572294391477
half0__placebo,ADE_vs_old_stop4,hard,eu-locality-112,1522,58.16374298145917,58.16643941068181,0.0046357130502716615,153.7479339587823,273.8161229399875,156.09076825692148
half0__placebo,ADE_vs_old_stop4,hard,eu-locality-119,1922,70.00801871412236,68.75802660240149,-1.8179580966583675,177.23099669317207,274.0657360837586,172.96421361324747
half0__placebo,ADE_vs_old_stop4,hard,eu-locality-124,1375,96.37250876376157,96.2804192863764,-0.0956471503424483,272.5195589964772,454.9614884293962,272.5195589964772
half0__placebo,ADE_vs_old_stop4,hard,eu-locality-126,1386,62.90064060839578,61.923921580021116,-1.5772887172730288,149.034458234894,231.2736903008077,148.87193063177466
half0__placebo,ADE_vs_old_stop4,complete,eu-locality-007,2882,13.054645599125918,12.86168386832667,-1.5002835769773348,46.74065980246463,78.38155397781499,46.265229520868125
half0__placebo,ADE_vs_old_stop4,complete,eu-locality-074,67309,18.786236021208417,18.531520314597874,-1.3744997835385186,61.9228250830945,127.69196886962007,61.24207483860279
half0__placebo,ADE_vs_old_stop4,complete,eu-locality-082,582,10.134899811011946,9.957325566208668,-1.7833528051537817,48.02343140325714,88.77064559267427,48.19172118275565
half0__placebo,ADE_vs_old_stop4,complete,eu-locality-110,5804,27.280893795417335,27.292956516596114,0.04419719487496199,113.3694961946414,261.2022447121896,114.9771086476417
half0__placebo,ADE_vs_old_stop4,complete,eu-locality-112,2417,20.212235435791776,20.242836108568486,0.15116791250292527,69.55732193239137,157.72654095861347,70.21707303324524
half0__placebo,ADE_vs_old_stop4,complete,eu-locality-119,3148,28.25773085228521,27.62437864217673,-2.2927292530717125,113.34434584338538,205.2067029563877,105.49422795579561
half0__placebo,ADE_vs_old_stop4,complete,eu-locality-124,2077,37.50362464942675,37.56138741946474,0.15378231211996551,173.77717009904575,315.79700044017295,173.61541077171694
half0__placebo,ADE_vs_old_stop4,complete,eu-locality-126,3637,18.859610537178717,18.537255435066527,-1.7389580849298758,82.29934861119713,154.75367598594238,80.6506713700502
half0__placebo,FDE_vs_floor4,endpoint,eu-locality-007,3935,28.309588883819973,27.902236355504886,-1.4599278822133632,100.48938799867375,177.28662372270986,100.21215859599751
half0__placebo,FDE_vs_floor4,endpoint,eu-locality-074,81289,39.676036790034686,39.06597707145239,-1.5616138755892184,136.52764137859788,278.1482189760447,135.00163437416214
half0__placebo,FDE_vs_floor4,endpoint,eu-locality-082,859,24.87783778411909,24.446668035792914,-1.7637158065667347,114.66976098816347,234.87918667739171,111.79916155617079
half0__placebo,FDE_vs_floor4,endpoint,eu-locality-110,7204,55.184799305420434,55.58919503032184,0.7274718129680058,241.83111787860653,564.5845203875991,246.36789053376893
half0__placebo,FDE_vs_floor4,endpoint,eu-locality-112,3719,46.67503691241294,46.728612703328984,0.11465307403022429,179.47085533836557,414.1148860954396,176.63710402708173
half0__placebo,FDE_vs_floor4,endpoint,eu-locality-119,4147,64.84832555129228,63.460441832879845,-2.1870060754814125,271.2378850704833,484.5542592170748,261.50946225944824
half0__placebo,FDE_vs_floor4,endpoint,eu-locality-124,2645,81.18796872902475,81.58054113378583,0.4812083853639737,371.7975279685446,739.9819351069635,377.201315538286
half0__placebo,FDE_vs_floor4,endpoint,eu-locality-126,4579,38.8239395691637,38.00292109774537,-2.1604088520106757,179.49904784550725,353.97292963652524,175.65668558624927
half0__placebo,ADE_vs_CV,easy,eu-locality-007,1784,1.3623913385246342,1.4116372489032123,3.4885669400435693,3.069704794506349,3.449582262083941,3.1829165280653378
half0__placebo,ADE_vs_CV,easy,eu-locality-074,17176,1.962254832876204,2.0345987086931556,3.555682774586,3.2708126060207223,4.544444679598994,3.3227202724286355
half0__placebo,ADE_vs_CV,easy,eu-locality-082,515,1.5266145730848102,1.6292457075972016,6.299303661431821,2.990630071668251,3.367234059951519,3.1617325949953337
half0__placebo,ADE_vs_CV,easy,eu-locality-110,2009,1.7402569222897677,1.8571965321602297,6.296566240862067,3.083118786733806,3.3185414737124663,3.2841980969419593
half0__placebo,ADE_vs_CV,easy,eu-locality-112,575,2.0058358695612197,2.120126457156666,5.390743896886363,3.200308656228841,3.437643637708687,3.337428914790469
half0__placebo,ADE_vs_CV,easy,eu-locality-119,1323,1.7656275960558774,1.9039962115564375,7.267273677369845,3.105172572563587,3.4246277209261393,3.27321556485438
half0__placebo,ADE_vs_CV,easy,eu-locality-124,739,1.8714639278102583,2.0089308960456713,6.842792278519861,3.077357501930087,3.3275004528006327,3.2764853371884692
half0__placebo,ADE_vs_CV,easy,eu-locality-126,2167,1.3979559110528854,1.49949345147157,6.771456075319171,2.964803974728191,3.255786339359817,3.17156482441628
half0__wrong_tag,ADE_vs_floor4,all,eu-locality-007,5526,13.117677293611676,12.993174120344346,-0.9582198476997705,45.00724434474006,79.06437673311149,45.069703016739965
half0__wrong_tag,ADE_vs_floor4,all,eu-locality-074,102348,19.135285287477426,18.956339677512435,-0.9439882013576151,63.464044100350044,129.69093449478666,62.89250843609184
half0__wrong_tag,ADE_vs_floor4,all,eu-locality-082,1368,13.366550026198984,13.210524721619661,-1.1810681851567972,51.77887705037489,101.91892546130697,50.49887773437855
half0__wrong_tag,ADE_vs_floor4,all,eu-locality-110,8550,29.435670436487815,29.63549283881677,0.6742671816384549,119.36372334433892,263.25099892296544,120.1360528300509
half0__wrong_tag,ADE_vs_floor4,all,eu-locality-112,5004,23.95136840839641,23.99489957613671,0.18141842020290566,84.72203923352906,186.18759729912014,84.24891982432871
half0__wrong_tag,ADE_vs_floor4,all,eu-locality-119,5639,28.720410912444848,28.297560971368505,-1.494298188823362,114.75386326539757,203.40391732787322,112.61105661938669
half0__wrong_tag,ADE_vs_floor4,all,eu-locality-124,3550,41.72428915005402,41.74620276778274,0.052492481413501935,183.60684465403546,344.5055271166482,183.18673156958803
half0__wrong_tag,ADE_vs_floor4,all,eu-locality-126,5790,19.26029182591642,18.99901473132485,-1.3752139165447597,84.47344797543423,153.44702055996248,83.50039592159716
half0__wrong_tag,ADE_vs_floor4,easy,eu-locality-007,1784,1.363395821105972,1.380086758143173,1.209412157512313,3.0852239438869624,3.4127940236279932,3.095762922753855
half0__wrong_tag,ADE_vs_floor4,easy,eu-locality-074,17176,1.9640439749644951,1.987687399522399,1.1894941107733925,3.2772253718599123,4.4618266349207305,3.2934904825546503
half0__wrong_tag,ADE_vs_floor4,easy,eu-locality-082,515,1.538091791750884,1.5738559331973196,2.272389784354656,3.007097881111193,3.412586174470215,3.0267587675843264
half0__wrong_tag,ADE_vs_floor4,easy,eu-locality-110,2009,1.7348845899708416,1.7462521139686404,0.6509669426807085,3.0898125758131276,3.3371763842028237,3.092640408692903
half0__wrong_tag,ADE_vs_floor4,easy,eu-locality-112,575,2.01508456454091,2.028536946310694,0.6631568527381337,3.183865667590678,3.4135708295132132,3.19705338431151
half0__wrong_tag,ADE_vs_floor4,easy,eu-locality-119,1323,1.7772888839396566,1.8091182714362857,1.7593867686361508,3.099725754264882,3.397289653333886,3.1063793508005806
half0__wrong_tag,ADE_vs_floor4,easy,eu-locality-124,739,1.8762930172097358,1.8968364977585341,1.0830390797031964,3.097630182337231,3.338711569166508,3.104466541824364
half0__wrong_tag,ADE_vs_floor4,easy,eu-locality-126,2167,1.4068164755182464,1.403748247983126,-0.21857391733373088,2.9808149121641767,3.2901768414760015,2.961119466719475
half0__wrong_tag,ADE_vs_floor4,hard,eu-locality-007,1057,39.187331112393565,38.797910138720844,-1.0037163658566994,80.55862777744943,113.44169226202258,79.62499588488345
half0__wrong_tag,ADE_vs_floor4,hard,eu-locality-074,26162,49.93628053213816,49.51415528436101,-0.8525344830238479,117.03423439410491,212.67125157842563,118.75995360354653
half0__wrong_tag,ADE_vs_floor4,hard,eu-locality-082,245,47.70291832827858,46.545071009344724,-2.487583097040269,102.89538275989119,169.5400402883042,102.84492248432812
half0__wrong_tag,ADE_vs_floor4,hard,eu-locality-110,2779,76.16273082198616,76.65846271012249,0.6466760102024294,216.94572294391477,381.2975959811301,217.7895967541795
half0__wrong_tag,ADE_vs_floor4,hard,eu-locality-112,1522,58.15889771843195,58.19258397147621,0.05788753608324537,155.91825887565795,273.8161229399875,156.09076825692148
half0__wrong_tag,ADE_vs_floor4,hard,eu-locality-119,1922,69.98358037170624,68.7520222271331,-1.791304611382194,177.23099669317207,274.0657360837586,172.96421361324747
half0__wrong_tag,ADE_vs_floor4,hard,eu-locality-124,1375,96.47484808225502,96.39686681913768,-0.08089605574386205,274.49169803893716,454.9614884293962,274.49169803893716
half0__wrong_tag,ADE_vs_floor4,hard,eu-locality-126,1386,62.91122009966903,61.92211623475045,-1.597335370724129,149.034458234894,231.2736903008077,148.87193063177466
half0__wrong_tag,ADE_vs_floor4,complete,eu-locality-007,2882,13.070452556427092,12.90186352905717,-1.3067029192351365,46.555270821648136,78.38155397781499,46.30062821751765
half0__wrong_tag,ADE_vs_floor4,complete,eu-locality-074,67309,18.80443156705809,18.572838706695453,-1.2469437979836018,61.89529676625845,127.68733142209835,61.37259799632875
half0__wrong_tag,ADE_vs_floor4,complete,eu-locality-082,582,10.165279789718237,10.143542799628378,-0.21429386674107764,48.02343140325714,88.77064559267427,48.19172118275565
half0__wrong_tag,ADE_vs_floor4,complete,eu-locality-110,5804,27.271984650174932,27.48806807639725,0.7860989925583706,113.3694961946414,261.2022447121896,115.53160965099059
half0__wrong_tag,ADE_vs_floor4,complete,eu-locality-112,2417,20.244377991826592,20.27600755135542,0.1559950076400196,69.55732193239137,166.24601331759155,70.21707303324524
half0__wrong_tag,ADE_vs_floor4,complete,eu-locality-119,3148,28.248936801204582,27.63647230070257,-2.2161457288687236,113.34434584338538,205.2067029563877,105.49422795579561
half0__wrong_tag,ADE_vs_floor4,complete,eu-locality-124,2077,37.640797537491274,37.74425896345833,0.27411168958759724,175.09465635709043,316.4037738037055,174.2361940078016
half0__wrong_tag,ADE_vs_floor4,complete,eu-locality-126,3637,18.864538974909458,18.545591158320622,-1.7198039893472794,82.29934861119713,154.75367598594238,80.6506713700502
half0__wrong_tag,ADE_vs_floor2,all,eu-locality-007,5526,13.117677293611676,13.1567694294854,0.2971256438234482,45.00724434474006,79.06437673311149,45.21315464750449
half0__wrong_tag,ADE_vs_floor2,all,eu-locality-074,102348,19.135285287477426,19.190229303855062,0.2863124536328421,63.464044100350044,129.69093449478666,63.60077149093785
half0__wrong_tag,ADE_vs_floor2,all,eu-locality-082,1368,13.366550026198984,13.449518086680213,0.6168850061876618,51.77887705037489,101.91892546130697,51.77887705037489
half0__wrong_tag,ADE_vs_floor2,all,eu-locality-110,8550,29.435670436487815,29.584010276675915,0.5014189719405704,119.36372334433892,263.25099892296544,119.36372334433892
half0__wrong_tag,ADE_vs_floor2,all,eu-locality-112,5004,23.95136840839641,23.991454283098403,0.16708397177170875,84.72203923352906,186.18759729912014,84.75159849780272
half0__wrong_tag,ADE_vs_floor2,all,eu-locality-119,5639,28.720410912444848,28.72798574262925,0.026367425312256998,114.75386326539757,203.40391732787322,114.75386326539757
half0__wrong_tag,ADE_vs_floor2,all,eu-locality-124,3550,41.72428915005402,41.76149407956336,0.08908907674246569,183.60684465403546,344.5055271166482,183.60684465403546
half0__wrong_tag,ADE_vs_floor2,all,eu-locality-126,5790,19.26029182591642,19.264440503769222,0.021535418337181866,84.47344797543423,153.44702055996248,84.47344797543423
half0__wrong_tag,ADE_vs_floor2,easy,eu-locality-007,1784,1.363395821105972,1.3709748780922628,0.5528224555680583,3.0852239438869624,3.4127940236279932,3.0852239438869624
half0__wrong_tag,ADE_vs_floor2,easy,eu-locality-074,17176,1.9640439749644951,1.9707978657930716,0.3426983023374963,3.2772253718599123,4.4618266349207305,3.262655958972298
half0__wrong_tag,ADE_vs_floor2,easy,eu-locality-082,515,1.538091791750884,1.5648286592503007,1.7086131022310158,3.007097881111193,3.412586174470215,3.007097881111193
half0__wrong_tag,ADE_vs_floor2,easy,eu-locality-110,2009,1.7348845899708416,1.7405459764261932,0.32526497616431893,3.0898125758131276,3.3371763842028237,3.076685094995319
half0__wrong_tag,ADE_vs_floor2,easy,eu-locality-112,575,2.01508456454091,2.0166844820205494,0.07933405021476325,3.183865667590678,3.4135708295132132,3.1766595656107333
half0__wrong_tag,ADE_vs_floor2,easy,eu-locality-119,1323,1.7772888839396566,1.799548666139607,1.2369647244773962,3.099725754264882,3.397289653333886,3.0980286645076425
half0__wrong_tag,ADE_vs_floor2,easy,eu-locality-124,739,1.8762930172097358,1.88688266547875,0.561224524595827,3.097630182337231,3.338711569166508,3.075900596681789
half0__wrong_tag,ADE_vs_floor2,easy,eu-locality-126,2167,1.4068164755182464,1.405867255499942,-0.06751846695276509,2.9808149121641767,3.2901768414760015,2.9753284658621664
half0__wrong_tag,ADE_vs_floor2,hard,eu-locality-007,1057,39.187331112393565,39.309700288270804,0.311295112859844,80.55862777744943,113.44169226202258,80.55862777744943
half0__wrong_tag,ADE_vs_floor2,hard,eu-locality-074,26162,49.93628053213816,50.117970881564155,0.3625253501490566,117.03423439410491,212.67125157842563,118.01145059316732
half0__wrong_tag,ADE_vs_floor2,hard,eu-locality-082,245,47.70291832827858,47.91999269572934,0.4529933233276773,102.89538275989119,169.5400402883042,102.89538275989119
half0__wrong_tag,ADE_vs_floor2,hard,eu-locality-110,2779,76.16273082198616,76.5846827350476,0.5509612340123149,216.94572294391477,381.2975959811301,217.7895967541795
half0__wrong_tag,ADE_vs_floor2,hard,eu-locality-112,1522,58.15889771843195,58.23450410398396,0.1298309081794624,155.91825887565795,273.8161229399875,155.91825887565795
half0__wrong_tag,ADE_vs_floor2,hard,eu-locality-119,1922,69.98358037170624,69.98286798269689,-0.0010179477204719234,177.23099669317207,274.0657360837586,177.23099669317207
half0__wrong_tag,ADE_vs_floor2,hard,eu-locality-124,1375,96.47484808225502,96.48269395986419,0.008131901470775915,274.49169803893716,454.9614884293962,274.49169803893716
half0__wrong_tag,ADE_vs_floor2,hard,eu-locality-126,1386,62.91122009966903,62.91470712322947,0.005542461722995995,149.034458234894,231.2736903008077,149.034458234894
half0__wrong_tag,ADE_vs_floor2,complete,eu-locality-007,2882,13.070452556427092,13.101851748538545,0.2396546130584598,46.555270821648136,78.38155397781499,46.74065980246463
half0__wrong_tag,ADE_vs_floor2,complete,eu-locality-074,67309,18.80443156705809,18.855064017229104,0.26853502127995865,61.89529676625845,127.68733142209835,62.07633220335971
half0__wrong_tag,ADE_vs_floor2,complete,eu-locality-082,582,10.165279789718237,10.287480191132131,1.1878555209198005,48.02343140325714,88.77064559267427,48.02343140325714
half0__wrong_tag,ADE_vs_floor2,complete,eu-locality-110,5804,27.271984650174932,27.43849568071028,0.6068518933142752,113.3694961946414,261.2022447121896,113.84384411840702
half0__wrong_tag,ADE_vs_floor2,complete,eu-locality-112,2417,20.244377991826592,20.27862743839608,0.1688943034903745,69.55732193239137,166.24601331759155,69.55732193239137
half0__wrong_tag,ADE_vs_floor2,complete,eu-locality-119,3148,28.248936801204582,28.26050324392365,0.04092794321189919,113.34434584338538,205.2067029563877,113.34434584338538
half0__wrong_tag,ADE_vs_floor2,complete,eu-locality-124,2077,37.640797537491274,37.69359503093088,0.14007019865386328,175.09465635709043,316.4037738037055,175.09465635709043
half0__wrong_tag,ADE_vs_floor2,complete,eu-locality-126,3637,18.864538974909458,18.87039322635746,0.031023473532210133,82.29934861119713,154.75367598594238,82.29934861119713
half0__wrong_tag,ADE_vs_old_stop4,all,eu-locality-007,5526,13.117677293611676,12.961467385862072,-1.2051869059207965,45.00724434474006,79.06437673311149,45.069703016739965
half0__wrong_tag,ADE_vs_old_stop4,all,eu-locality-074,102348,19.135285287477426,18.909128898730224,-1.1960169606881843,63.464044100350044,129.69093449478666,62.76299105507239
half0__wrong_tag,ADE_vs_old_stop4,all,eu-locality-082,1368,13.366550026198984,13.125039150014329,-1.8400773774788437,51.77887705037489,101.91892546130697,50.49887773437855
half0__wrong_tag,ADE_vs_old_stop4,all,eu-locality-110,8550,29.435670436487815,29.47193740522976,0.12305593705390638,119.36372334433892,263.25099892296544,119.69634221657493
half0__wrong_tag,ADE_vs_old_stop4,all,eu-locality-112,5004,23.95136840839641,23.964707240564607,0.05566031762582746,84.72203923352906,186.18759729912014,84.25451440297194
half0__wrong_tag,ADE_vs_old_stop4,all,eu-locality-119,5639,28.720410912444848,28.287614451101238,-1.5299857189857935,114.75386326539757,203.40391732787322,112.61105661938669
half0__wrong_tag,ADE_vs_old_stop4,all,eu-locality-124,3550,41.72428915005402,41.65016491082848,-0.1779686572291883,183.60684465403546,344.5055271166482,182.80259922586131
half0__wrong_tag,ADE_vs_old_stop4,all,eu-locality-126,5790,19.26029182591642,18.992021196434774,-1.4125438609557062,84.47344797543423,153.44702055996248,83.50039592159716
half0__wrong_tag,ADE_vs_old_stop4,easy,eu-locality-007,1784,1.363395821105972,1.3710751349134365,0.5600943093428179,3.0852239438869624,3.4127940236279932,3.0807771662484655
half0__wrong_tag,ADE_vs_old_stop4,easy,eu-locality-074,17176,1.9640439749644951,1.9724280425587222,0.4250632932267018,3.2772253718599123,4.4618266349207305,3.3043627637353605
half0__wrong_tag,ADE_vs_old_stop4,easy,eu-locality-082,515,1.538091791750884,1.5420807773746257,0.25867552998960486,3.007097881111193,3.412586174470215,3.014745339586682
half0__wrong_tag,ADE_vs_old_stop4,easy,eu-locality-110,2009,1.7348845899708416,1.742517164366166,0.4380200408585777,3.0898125758131276,3.3371763842028237,3.0955110616221333
half0__wrong_tag,ADE_vs_old_stop4,easy,eu-locality-112,575,2.01508456454091,2.0091191713984853,-0.29691584388558123,3.183865667590678,3.4135708295132132,3.1981735274415564
half0__wrong_tag,ADE_vs_old_stop4,easy,eu-locality-119,1323,1.7772888839396566,1.7698016115480069,-0.42305715752517514,3.099725754264882,3.397289653333886,3.1151376156366593
half0__wrong_tag,ADE_vs_old_stop4,easy,eu-locality-124,739,1.8762930172097358,1.884765436339182,0.4495211428485302,3.097630182337231,3.338711569166508,3.1200034345095826
half0__wrong_tag,ADE_vs_old_stop4,easy,eu-locality-126,2167,1.4068164755182464,1.3948648933051984,-0.8568272289603662,2.9808149121641767,3.2901768414760015,2.941256197233745
half0__wrong_tag,ADE_vs_old_stop4,hard,eu-locality-007,1057,39.187331112393565,38.709506136845285,-1.2343866487448452,80.55862777744943,113.44169226202258,79.62499588488345
half0__wrong_tag,ADE_vs_old_stop4,hard,eu-locality-074,26162,49.93628053213816,49.37727380159812,-1.132113394486245,117.03423439410491,212.67125157842563,118.09817663289087
half0__wrong_tag,ADE_vs_old_stop4,hard,eu-locality-082,245,47.70291832827858,46.491446321568084,-2.605795479734252,102.89538275989119,169.5400402883042,102.84492248432812
half0__wrong_tag,ADE_vs_old_stop4,hard,eu-locality-110,2779,76.16273082198616,76.20386272386979,0.05397613770928844,216.94572294391477,381.2975959811301,216.94572294391477
half0__wrong_tag,ADE_vs_old_stop4,hard,eu-locality-112,1522,58.15889771843195,58.16643941068181,0.012965710685175491,155.91825887565795,273.8161229399875,156.09076825692148
half0__wrong_tag,ADE_vs_old_stop4,hard,eu-locality-119,1922,69.98358037170624,68.75802660240149,-1.7824155663914043,177.23099669317207,274.0657360837586,172.96421361324747
half0__wrong_tag,ADE_vs_old_stop4,hard,eu-locality-124,1375,96.47484808225502,96.2804192863764,-0.20194012169838516,274.49169803893716,454.9614884293962,272.5195589964772
half0__wrong_tag,ADE_vs_old_stop4,hard,eu-locality-126,1386,62.91122009966903,61.923921580021116,-1.5943733769704593,149.034458234894,231.2736903008077,148.87193063177466
half0__wrong_tag,ADE_vs_old_stop4,complete,eu-locality-007,2882,13.070452556427092,12.86168386832667,-1.623183171330611,46.555270821648136,78.38155397781499,46.265229520868125
half0__wrong_tag,ADE_vs_old_stop4,complete,eu-locality-074,67309,18.80443156705809,18.531520314597874,-1.4726867943221755,61.89529676625845,127.68733142209835,61.24207483860279
half0__wrong_tag,ADE_vs_old_stop4,complete,eu-locality-082,582,10.165279789718237,9.957325566208668,-2.0884545968375745,48.02343140325714,88.77064559267427,48.19172118275565
half0__wrong_tag,ADE_vs_old_stop4,complete,eu-locality-110,5804,27.271984650174932,27.292956516596114,0.07683984843646074,113.3694961946414,261.2022447121896,114.9771086476417
half0__wrong_tag,ADE_vs_old_stop4,complete,eu-locality-112,2417,20.244377991826592,20.242836108568486,-0.00761693297242072,69.55732193239137,166.24601331759155,70.21707303324524
half0__wrong_tag,ADE_vs_old_stop4,complete,eu-locality-119,3148,28.248936801204582,27.62437864217673,-2.2608948679637697,113.34434584338538,205.2067029563877,105.49422795579561
half0__wrong_tag,ADE_vs_old_stop4,complete,eu-locality-124,2077,37.640797537491274,37.56138741946474,-0.21141423009680693,175.09465635709043,316.4037738037055,173.61541077171694
half0__wrong_tag,ADE_vs_old_stop4,complete,eu-locality-126,3637,18.864538974909458,18.537255435066527,-1.7655447484626885,82.29934861119713,154.75367598594238,80.6506713700502
half0__wrong_tag,FDE_vs_floor4,endpoint,eu-locality-007,3935,28.312741560421692,27.902236355504886,-1.4712268926638128,100.21215859599751,177.28662372270986,100.21215859599751
half0__wrong_tag,FDE_vs_floor4,endpoint,eu-locality-074,81289,39.722249642259165,39.06597707145239,-1.6799082475434934,136.4923362463109,278.1482189760447,135.00163437416214
half0__wrong_tag,FDE_vs_floor4,endpoint,eu-locality-082,859,24.943517993529003,24.446668035792914,-2.0323831329841724,114.66976098816347,234.87918667739171,111.79916155617079
half0__wrong_tag,FDE_vs_floor4,endpoint,eu-locality-110,7204,55.184536358032744,55.58919503032184,0.7279448318479265,241.83111787860653,564.5845203875991,246.36789053376893
half0__wrong_tag,FDE_vs_floor4,endpoint,eu-locality-112,3719,46.68563648028336,46.728612703328984,0.09196982439533263,179.16457362474185,414.1148860954396,176.63710402708173
half0__wrong_tag,FDE_vs_floor4,endpoint,eu-locality-119,4147,64.84665945185472,63.460441832879845,-2.1843806613030203,271.2378850704833,484.5542592170748,261.50946225944824
half0__wrong_tag,FDE_vs_floor4,endpoint,eu-locality-124,2645,81.43735722876482,81.58054113378583,0.17551232564907426,372.2649807819272,749.8979417287693,377.201315538286
half0__wrong_tag,FDE_vs_floor4,endpoint,eu-locality-126,4579,38.838264289731256,38.00292109774537,-2.1981025875283056,179.49904784550725,353.97292963652524,175.65668558624927
half0__wrong_tag,ADE_vs_CV,easy,eu-locality-007,1784,1.363395821105972,1.4116372489032123,3.4174096663092457,3.0852239438869624,3.4127940236279932,3.1829165280653378
half0__wrong_tag,ADE_vs_CV,easy,eu-locality-074,17176,1.9640439749644951,2.0345987086931556,3.467746903957225,3.2772253718599123,4.4618266349207305,3.3227202724286355
half0__wrong_tag,ADE_vs_CV,easy,eu-locality-082,515,1.538091791750884,1.6292457075972016,5.594853828447432,3.007097881111193,3.412586174470215,3.1617325949953337
half0__wrong_tag,ADE_vs_CV,easy,eu-locality-110,2009,1.7348845899708416,1.8571965321602297,6.585837312926646,3.0898125758131276,3.3371763842028237,3.2841980969419593
half0__wrong_tag,ADE_vs_CV,easy,eu-locality-112,575,2.01508456454091,2.120126457156666,4.9545107208665895,3.183865667590678,3.4135708295132132,3.337428914790469
half0__wrong_tag,ADE_vs_CV,easy,eu-locality-119,1323,1.7772888839396566,1.9039962115564375,6.654809859794996,3.099725754264882,3.397289653333886,3.27321556485438
half0__wrong_tag,ADE_vs_CV,easy,eu-locality-124,739,1.8762930172097358,2.0089308960456713,6.6024112176788385,3.097630182337231,3.338711569166508,3.2764853371884692
half0__wrong_tag,ADE_vs_CV,easy,eu-locality-126,2167,1.4068164755182464,1.49949345147157,6.180552229979563,2.9808149121641767,3.2901768414760015,3.17156482441628
half0__legacy,ADE_vs_floor4,all,eu-locality-007,5526,13.128492399502125,12.993174120344346,-1.041456674900565,45.33443719301822,79.36643941751946,45.069703016739965
half0__legacy,ADE_vs_floor4,all,eu-locality-074,102348,19.128629771503025,18.956339677512435,-0.9088784908986014,63.47369633190215,129.69093449478666,62.89250843609184
half0__legacy,ADE_vs_floor4,all,eu-locality-082,1368,13.344258490213033,13.210524721619661,-1.0123274541435023,51.77887705037489,101.91892546130697,50.49887773437855
half0__legacy,ADE_vs_floor4,all,eu-locality-110,8550,29.43835484738709,29.63549283881677,0.6652090872990901,119.36372334433892,263.25099892296544,120.1360528300509
half0__legacy,ADE_vs_floor4,all,eu-locality-112,5004,23.960566916269933,23.99489957613671,0.14308315714278708,84.75159849780272,186.18759729912014,84.24891982432871
half0__legacy,ADE_vs_floor4,all,eu-locality-119,5639,28.72768036122692,28.297560971368505,-1.519987501020359,114.75386326539757,203.40391732787322,112.61105661938669
half0__legacy,ADE_vs_floor4,all,eu-locality-124,3550,41.6785519113795,41.74620276778274,0.1620527183743059,183.4575493815521,339.2013573961945,183.18673156958803
half0__legacy,ADE_vs_floor4,all,eu-locality-126,5790,19.25571354404426,18.99901473132485,-1.3511164465606518,84.47344797543423,153.44702055996248,83.50039592159716
half0__legacy,ADE_vs_floor4,easy,eu-locality-007,1784,1.3677221022300452,1.380086758143173,0.8959332331949788,3.078958833845241,3.4599657574779594,3.095762922753855
half0__legacy,ADE_vs_floor4,easy,eu-locality-074,17176,1.9623377826714443,1.987687399522399,1.2753321702922538,3.274014884540763,4.565768831076306,3.2934904825546503
half0__legacy,ADE_vs_floor4,easy,eu-locality-082,515,1.5410773108963345,1.5738559331973196,2.0826952206733917,2.9972384499573077,3.4201881240663545,3.0267587675843264
half0__legacy,ADE_vs_floor4,easy,eu-locality-110,2009,1.7375244328800536,1.7462521139686404,0.49979501921699754,3.082281151704903,3.331613085587526,3.092640408692903
half0__legacy,ADE_vs_floor4,easy,eu-locality-112,575,2.0029520147895092,2.028536946310694,1.261250457760521,3.197730107030075,3.437643637708687,3.19705338431151
half0__legacy,ADE_vs_floor4,easy,eu-locality-119,1323,1.7697587029543427,1.8091182714362857,2.175621633111624,3.1041518204040046,3.4022710633529285,3.1063793508005806
half0__legacy,ADE_vs_floor4,easy,eu-locality-124,739,1.8755200167450568,1.8968364977585341,1.1237911669596645,3.097630182337231,3.338711569166508,3.104466541824364
half0__legacy,ADE_vs_floor4,easy,eu-locality-126,2167,1.3922072767708082,1.403748247983126,0.8221539174776971,2.951129823416238,3.279564925703089,2.961119466719475
half0__legacy,ADE_vs_floor4,hard,eu-locality-007,1057,39.22197331794368,38.797910138720844,-1.0930052100915022,80.55862777744943,113.44169226202258,79.62499588488345
half0__legacy,ADE_vs_floor4,hard,eu-locality-074,26162,49.95165288154137,49.51415528436101,-0.8835808561567848,117.12877162365004,212.67125157842563,118.75995360354653
half0__legacy,ADE_vs_floor4,hard,eu-locality-082,245,47.82367524649156,46.545071009344724,-2.747023926314629,102.89538275989119,173.14647570861135,102.84492248432812
half0__legacy,ADE_vs_floor4,hard,eu-locality-110,2779,76.17783203193294,76.65846271012249,0.6269766718477232,216.94572294391477,381.2975959811301,217.7895967541795
half0__legacy,ADE_vs_floor4,hard,eu-locality-112,1522,58.205858823792184,58.19258397147621,-0.0228119313665065,155.91825887565795,273.8161229399875,156.09076825692148
half0__legacy,ADE_vs_floor4,hard,eu-locality-119,1922,70.00554055756555,68.7520222271331,-1.8232457603810648,177.23099669317207,274.0657360837586,172.96421361324747
half0__legacy,ADE_vs_floor4,hard,eu-locality-124,1375,96.37466763658284,96.39686681913768,0.023028946154957097,272.5195589964772,454.9614884293962,274.49169803893716
half0__legacy,ADE_vs_floor4,hard,eu-locality-126,1386,62.91072251298893,61.92211623475045,-1.5965318021280428,149.034458234894,231.2736903008077,148.87193063177466
half0__legacy,ADE_vs_floor4,complete,eu-locality-007,2882,13.068154444630572,12.90186352905717,-1.2888906722574367,46.759975865848155,78.38155397781499,46.30062821751765
half0__legacy,ADE_vs_floor4,complete,eu-locality-074,67309,18.79290091753219,18.572838706695453,-1.1848603991666984,61.9228250830945,127.68733142209835,61.37259799632875
half0__legacy,ADE_vs_floor4,complete,eu-locality-082,582,10.12710468005665,10.143542799628378,0.16205501269566103,48.02343140325714,88.77064559267427,48.19172118275565
half0__legacy,ADE_vs_floor4,complete,eu-locality-110,5804,27.261078787556148,27.48806807639725,0.8257738892752831,113.3694961946414,261.2022447121896,115.53160965099059
half0__legacy,ADE_vs_floor4,complete,eu-locality-112,2417,20.247889530890678,20.27600755135542,0.13867631679226333,69.55732193239137,166.24601331759155,70.21707303324524
half0__legacy,ADE_vs_floor4,complete,eu-locality-119,3148,28.264081759199282,27.63647230070257,-2.270946348245606,113.34434584338538,205.2067029563877,105.49422795579561
half0__legacy,ADE_vs_floor4,complete,eu-locality-124,2077,37.5097865580296,37.74425896345833,0.6212134291886051,173.77717009904575,315.79700044017295,174.2361940078016
half0__legacy,ADE_vs_floor4,complete,eu-locality-126,3637,18.861341070486986,18.545591158320622,-1.7025605140912559,82.29934861119713,154.75367598594238,80.6506713700502
half0__legacy,ADE_vs_floor2,all,eu-locality-007,5526,13.128492399502125,13.1567694294854,0.2149238088789862,45.33443719301822,79.36643941751946,45.21315464750449
half0__legacy,ADE_vs_floor2,all,eu-locality-074,102348,19.128629771503025,19.190229303855062,0.3209942485661865,63.47369633190215,129.69093449478666,63.60077149093785
half0__legacy,ADE_vs_floor2,all,eu-locality-082,1368,13.344258490213033,13.449518086680213,0.7826272717639138,51.77887705037489,101.91892546130697,51.77887705037489
half0__legacy,ADE_vs_floor2,all,eu-locality-110,8550,29.43835484738709,29.584010276675915,0.4923451145623092,119.36372334433892,263.25099892296544,119.36372334433892
half0__legacy,ADE_vs_floor2,all,eu-locality-112,5004,23.960566916269933,23.991454283098403,0.12874320357574298,84.75159849780272,186.18759729912014,84.75159849780272
half0__legacy,ADE_vs_floor2,all,eu-locality-119,5639,28.72768036122692,28.72798574262925,0.0010630101430209038,114.75386326539757,203.40391732787322,114.75386326539757
half0__legacy,ADE_vs_floor2,all,eu-locality-124,3550,41.6785519113795,41.76149407956336,0.19860919732862525,183.4575493815521,339.2013573961945,183.60684465403546
half0__legacy,ADE_vs_floor2,all,eu-locality-126,5790,19.25571354404426,19.264440503769222,0.0453008729906057,84.47344797543423,153.44702055996248,84.47344797543423
half0__legacy,ADE_vs_floor2,easy,eu-locality-007,1784,1.3677221022300452,1.3709748780922628,0.23726006319998438,3.078958833845241,3.4599657574779594,3.0852239438869624
half0__legacy,ADE_vs_floor2,easy,eu-locality-074,17176,1.9623377826714443,1.9707978657930716,0.42927198514205456,3.274014884540763,4.565768831076306,3.262655958972298
half0__legacy,ADE_vs_floor2,easy,eu-locality-082,515,1.5410773108963345,1.5648286592503007,1.5178242175948764,2.9972384499573077,3.4201881240663545,3.007097881111193
half0__legacy,ADE_vs_floor2,easy,eu-locality-110,2009,1.7375244328800536,1.7405459764261932,0.17359745660632253,3.082281151704903,3.331613085587526,3.076685094995319
half0__legacy,ADE_vs_floor2,easy,eu-locality-112,575,2.0029520147895092,2.0166844820205494,0.6809427728268758,3.197730107030075,3.437643637708687,3.1766595656107333
half0__legacy,ADE_vs_floor2,easy,eu-locality-119,1323,1.7697587029543427,1.799548666139607,1.6554130347121832,3.1041518204040046,3.4022710633529285,3.0980286645076425
half0__legacy,ADE_vs_floor2,easy,eu-locality-124,739,1.8755200167450568,1.88688266547875,0.6021915904776409,3.097630182337231,3.338711569166508,3.075900596681789
half0__legacy,ADE_vs_floor2,easy,eu-locality-126,2167,1.3922072767708082,1.405867255499942,0.971640720394773,2.951129823416238,3.279564925703089,2.9753284658621664
half0__legacy,ADE_vs_floor2,hard,eu-locality-007,1057,39.22197331794368,39.309700288270804,0.2231687590691256,80.55862777744943,113.44169226202258,80.55862777744943
half0__legacy,ADE_vs_floor2,hard,eu-locality-074,26162,49.95165288154137,50.117970881564155,0.33185302017876284,117.12877162365004,212.67125157842563,118.01145059316732
half0__legacy,ADE_vs_floor2,hard,eu-locality-082,245,47.82367524649156,47.91999269572934,0.20099637712667207,102.89538275989119,173.14647570861135,102.89538275989119
half0__legacy,ADE_vs_floor2,hard,eu-locality-110,2779,76.17783203193294,76.5846827350476,0.5312429177544487,216.94572294391477,381.2975959811301,217.7895967541795
half0__legacy,ADE_vs_floor2,hard,eu-locality-112,1522,58.205858823792184,58.23450410398396,0.04918953227561751,155.91825887565795,273.8161229399875,155.91825887565795
half0__legacy,ADE_vs_floor2,hard,eu-locality-119,1922,70.00554055756555,69.98286798269689,-0.03239732169060261,177.23099669317207,274.0657360837586,177.23099669317207
half0__legacy,ADE_vs_floor2,hard,eu-locality-124,1375,96.37466763658284,96.48269395986419,0.11196445584975567,272.5195589964772,454.9614884293962,274.49169803893716
half0__legacy,ADE_vs_floor2,hard,eu-locality-126,1386,62.91072251298893,62.91470712322947,0.006333352601850528,149.034458234894,231.2736903008077,149.034458234894
half0__legacy,ADE_vs_floor2,complete,eu-locality-007,2882,13.068154444630572,13.101851748538545,0.25719497178504636,46.759975865848155,78.38155397781499,46.74065980246463
half0__legacy,ADE_vs_floor2,complete,eu-locality-074,67309,18.79290091753219,18.855064017229104,0.3296891468525964,61.9228250830945,127.68733142209835,62.07633220335971
half0__legacy,ADE_vs_floor2,complete,eu-locality-082,582,10.12710468005665,10.287480191132131,1.558938710897595,48.02343140325714,88.77064559267427,48.02343140325714
half0__legacy,ADE_vs_floor2,complete,eu-locality-110,5804,27.261078787556148,27.43849568071028,0.6465984696050864,113.3694961946414,261.2022447121896,113.84384411840702
half0__legacy,ADE_vs_floor2,complete,eu-locality-112,2417,20.247889530890678,20.27862743839608,0.1515778501221532,69.55732193239137,166.24601331759155,69.55732193239137
half0__legacy,ADE_vs_floor2,complete,eu-locality-119,3148,28.264081759199282,28.26050324392365,-0.012662602802016032,113.34434584338538,205.2067029563877,113.34434584338538
half0__legacy,ADE_vs_floor2,complete,eu-locality-124,2077,37.5097865580296,37.69359503093088,0.4876384774401221,173.77717009904575,315.79700044017295,175.09465635709043
half0__legacy,ADE_vs_floor2,complete,eu-locality-126,3637,18.861341070486986,18.87039322635746,0.047970149651310745,82.29934861119713,154.75367598594238,82.29934861119713
half0__legacy,ADE_vs_old_stop4,all,eu-locality-007,5526,13.128492399502125,12.961467385862072,-1.288627349571847,45.33443719301822,79.36643941751946,45.069703016739965
half0__legacy,ADE_vs_old_stop4,all,eu-locality-074,102348,19.128629771503025,18.909128898730224,-1.1608195911528396,63.47369633190215,129.69093449478666,62.76299105507239
half0__legacy,ADE_vs_old_stop4,all,eu-locality-082,1368,13.344258490213033,13.125039150014329,-1.6702376099081206,51.77887705037489,101.91892546130697,50.49887773437855
half0__legacy,ADE_vs_old_stop4,all,eu-locality-110,8550,29.43835484738709,29.47193740522976,0.11394757453818682,119.36372334433892,263.25099892296544,119.69634221657493
half0__legacy,ADE_vs_old_stop4,all,eu-locality-112,5004,23.960566916269933,23.964707240564607,0.01727675724603195,84.75159849780272,186.18759729912014,84.25451440297194
half0__legacy,ADE_vs_old_stop4,all,eu-locality-119,5639,28.72768036122692,28.287614451101238,-1.5556840640853276,114.75386326539757,203.40391732787322,112.61105661938669
half0__legacy,ADE_vs_old_stop4,all,eu-locality-124,3550,41.6785519113795,41.65016491082848,-0.06815579388892434,183.4575493815521,339.2013573961945,182.80259922586131
half0__legacy,ADE_vs_old_stop4,all,eu-locality-126,5790,19.25571354404426,18.992021196434774,-1.3884375174296082,84.47344797543423,153.44702055996248,83.50039592159716
half0__legacy,ADE_vs_old_stop4,easy,eu-locality-007,1784,1.3677221022300452,1.3710751349134365,0.24455499177314932,3.078958833845241,3.4599657574779594,3.0807771662484655
half0__legacy,ADE_vs_old_stop4,easy,eu-locality-074,17176,1.9623377826714443,1.9724280425587222,0.511565424419147,3.274014884540763,4.565768831076306,3.3043627637353605
half0__legacy,ADE_vs_old_stop4,easy,eu-locality-082,515,1.5410773108963345,1.5420807773746257,0.06507223830385378,2.9972384499573077,3.4201881240663545,3.014745339586682
half0__legacy,ADE_vs_old_stop4,easy,eu-locality-110,2009,1.7375244328800536,1.742517164366166,0.28652409217033714,3.082281151704903,3.331613085587526,3.0955110616221333
half0__legacy,ADE_vs_old_stop4,easy,eu-locality-112,575,2.0029520147895092,2.0091191713984853,0.3069582281016836,3.197730107030075,3.437643637708687,3.1981735274415564
half0__legacy,ADE_vs_old_stop4,easy,eu-locality-119,1323,1.7697587029543427,1.7698016115480069,0.0024244860770905596,3.1041518204040046,3.4022710633529285,3.1151376156366593
half0__legacy,ADE_vs_old_stop4,easy,eu-locality-124,739,1.8755200167450568,1.884765436339182,0.49053422860314555,3.097630182337231,3.338711569166508,3.1200034345095826
half0__legacy,ADE_vs_old_stop4,easy,eu-locality-126,2167,1.3922072767708082,1.3948648933051984,0.19052859865823502,2.951129823416238,3.279564925703089,2.941256197233745
half0__legacy,ADE_vs_old_stop4,hard,eu-locality-007,1057,39.22197331794368,38.709506136845285,-1.323879409070039,80.55862777744943,113.44169226202258,79.62499588488345
half0__legacy,ADE_vs_old_stop4,hard,eu-locality-074,26162,49.95165288154137,49.37727380159812,-1.163245832994253,117.12877162365004,212.67125157842563,118.09817663289087
half0__legacy,ADE_vs_old_stop4,hard,eu-locality-082,245,47.82367524649156,46.491446321568084,-2.8655355561727047,102.89538275989119,173.14647570861135,102.84492248432812
half0__legacy,ADE_vs_old_stop4,hard,eu-locality-110,2779,76.17783203193294,76.20386272386979,0.03415928144112623,216.94572294391477,381.2975959811301,216.94572294391477
half0__legacy,ADE_vs_old_stop4,hard,eu-locality-112,1522,58.205858823792184,58.16643941068181,-0.06777002943578747,155.91825887565795,273.8161229399875,156.09076825692148
half0__legacy,ADE_vs_old_stop4,hard,eu-locality-119,1922,70.00554055756555,68.75802660240149,-1.814353926092016,177.23099669317207,274.0657360837586,172.96421361324747
half0__legacy,ADE_vs_old_stop4,hard,eu-locality-124,1375,96.37466763658284,96.2804192863764,-0.09788942643271792,272.5195589964772,454.9614884293962,272.5195589964772
half0__legacy,ADE_vs_old_stop4,hard,eu-locality-126,1386,62.91072251298893,61.923921580021116,-1.5935698318017888,149.034458234894,231.2736903008077,148.87193063177466
half0__legacy,ADE_vs_old_stop4,complete,eu-locality-007,2882,13.068154444630572,12.86168386832667,-1.6053152792252945,46.759975865848155,78.38155397781499,46.265229520868125
half0__legacy,ADE_vs_old_stop4,complete,eu-locality-074,67309,18.79290091753219,18.531520314597874,-1.4104649726359497,61.9228250830945,127.68733142209835,61.24207483860279
half0__legacy,ADE_vs_old_stop4,complete,eu-locality-082,582,10.12710468005665,9.957325566208668,-1.7050674171400715,48.02343140325714,88.77064559267427,48.19172118275565
half0__legacy,ADE_vs_old_stop4,complete,eu-locality-110,5804,27.261078787556148,27.292956516596114,0.11679837257858594,113.3694961946414,261.2022447121896,114.9771086476417
half0__legacy,ADE_vs_old_stop4,complete,eu-locality-112,2417,20.247889530890678,20.242836108568486,-0.024964003537286672,69.55732193239137,166.24601331759155,70.21707303324524
half0__legacy,ADE_vs_old_stop4,complete,eu-locality-119,3148,28.264081759199282,27.62437864217673,-2.3157194784676705,113.34434584338538,205.2067029563877,105.49422795579561
half0__legacy,ADE_vs_old_stop4,complete,eu-locality-124,2077,37.5097865580296,37.56138741946474,0.1373774106341763,173.77717009904575,315.79700044017295,173.61541077171694
half0__legacy,ADE_vs_old_stop4,complete,eu-locality-126,3637,18.861341070486986,18.537255435066527,-1.7482935192628002,82.29934861119713,154.75367598594238,80.6506713700502
half0__legacy,FDE_vs_floor4,endpoint,eu-locality-007,3935,28.31954807413348,27.902236355504886,-1.4956210438173745,100.48938799867375,177.28662372270986,100.21215859599751
half0__legacy,FDE_vs_floor4,endpoint,eu-locality-074,81289,39.69156638679072,39.06597707145239,-1.6013661048183137,136.65773621941074,277.86385226002704,135.00163437416214
half0__legacy,FDE_vs_floor4,endpoint,eu-locality-082,859,24.880191992925724,24.446668035792914,-1.773345784783742,114.66976098816347,234.87918667739171,111.79916155617079
half0__legacy,FDE_vs_floor4,endpoint,eu-locality-110,7204,55.16282890691565,55.58919503032184,0.7669945988129978,241.83111787860653,564.5845203875991,246.36789053376893
half0__legacy,FDE_vs_floor4,endpoint,eu-locality-112,3719,46.70448308083073,46.728612703328984,0.051637789145275725,179.47085533836557,414.1148860954396,176.63710402708173
half0__legacy,FDE_vs_floor4,endpoint,eu-locality-119,4147,64.85983816668588,63.460441832879845,-2.2051474798919335,271.2378850704833,484.5542592170748,261.50946225944824
half0__legacy,FDE_vs_floor4,endpoint,eu-locality-124,2645,81.19631522837608,81.58054113378583,0.47097739248830317,371.7975279685446,739.9819351069635,377.201315538286
half0__legacy,FDE_vs_floor4,endpoint,eu-locality-126,4579,38.82705712894379,38.00292109774537,-2.168612326085939,180.4641691093821,353.97292963652524,175.65668558624927
half0__legacy,ADE_vs_CV,easy,eu-locality-007,1784,1.3677221022300452,1.4116372489032123,3.1109370843881767,3.078958833845241,3.4599657574779594,3.1829165280653378
half0__legacy,ADE_vs_CV,easy,eu-locality-074,17176,1.9623377826714443,2.0345987086931556,3.551605813616443,3.274014884540763,4.565768831076306,3.3227202724286355
half0__legacy,ADE_vs_CV,easy,eu-locality-082,515,1.5410773108963345,1.6292457075972016,5.4116083467175224,2.9972384499573077,3.4201881240663545,3.1617325949953337
half0__legacy,ADE_vs_CV,easy,eu-locality-110,2009,1.7375244328800536,1.8571965321602297,6.44369603366518,3.082281151704903,3.331613085587526,3.2841980969419593
half0__legacy,ADE_vs_CV,easy,eu-locality-112,575,2.0029520147895092,2.120126457156666,5.526766668640182,3.197730107030075,3.437643637708687,3.337428914790469
half0__legacy,ADE_vs_CV,easy,eu-locality-119,1323,1.7697587029543427,1.9039962115564375,7.050303345528263,3.1041518204040046,3.4022710633529285,3.27321556485438
half0__legacy,ADE_vs_CV,easy,eu-locality-124,739,1.8755200167450568,2.0089308960456713,6.64088941850699,3.097630182337231,3.338711569166508,3.2764853371884692
half0__legacy,ADE_vs_CV,easy,eu-locality-126,2167,1.3922072767708082,1.49949345147157,7.154827825054754,2.951129823416238,3.279564925703089,3.17156482441628
half1__global,ADE_vs_floor4,all,eu-locality-007,5526,12.93588373869939,12.993174120344346,0.440926759807303,44.65090615136359,77.55701316913978,45.069703016739965
half1__global,ADE_vs_floor4,all,eu-locality-074,102348,18.79592355791404,18.956339677512435,0.8462399510001051,62.236072509581916,128.41988349263957,62.89250843609184
half1__global,ADE_vs_floor4,all,eu-locality-082,1368,12.98913113456941,13.210524721619661,1.6758879129754045,49.2980412979727,98.97901590769341,50.49887773437855
half1__global,ADE_vs_floor4,all,eu-locality-110,8550,29.357835629382198,29.63549283881677,0.9369076834480516,117.78182079404979,259.48904154415425,120.1360528300509
half1__global,ADE_vs_floor4,all,eu-locality-112,5004,23.930189613110862,23.99489957613671,0.26968215816248753,84.0880217415388,176.8474242808429,84.24891982432871
half1__global,ADE_vs_floor4,all,eu-locality-119,5639,27.8629691883229,28.297560971368505,1.535792372654754,110.9474248098105,193.66511978163072,112.61105661938669
half1__global,ADE_vs_floor4,all,eu-locality-124,3550,41.23783389040724,41.74620276778274,1.2177607630647347,182.09672506160862,333.55000293878123,183.18673156958803
half1__global,ADE_vs_floor4,all,eu-locality-126,5790,18.853619134072222,18.99901473132485,0.7652796700710174,82.48422337046588,152.0324442482678,83.50039592159716
half1__global,ADE_vs_floor4,easy,eu-locality-007,1784,1.3804430166289727,1.380086758143173,-0.02581420941094592,3.1066551841430345,3.5110754702307347,3.095762922753855
half1__global,ADE_vs_floor4,easy,eu-locality-074,17176,2.0125723634790105,1.987687399522399,-1.251955612466582,3.3356628086453073,4.737180614696601,3.2934904825546503
half1__global,ADE_vs_floor4,easy,eu-locality-082,515,1.55811825859908,1.5738559331973196,0.9999437855959359,3.0210760996931043,3.3890032904679863,3.0267587675843264
half1__global,ADE_vs_floor4,easy,eu-locality-110,2009,1.7811888291507934,1.7462521139686404,-2.000668454611265,3.1654887086362073,3.419775770966187,3.092640408692903
half1__global,ADE_vs_floor4,easy,eu-locality-112,575,2.0360023138529986,2.028536946310694,-0.3680173316972013,3.2091281752250014,3.471252316986191,3.19705338431151
half1__global,ADE_vs_floor4,easy,eu-locality-119,1323,1.8305341441605114,1.8091182714362857,-1.183774055149156,3.149109357372423,3.6686889000354017,3.1063793508005806
half1__global,ADE_vs_floor4,easy,eu-locality-124,739,1.9065803297982546,1.8968364977585341,-0.5136885573023608,3.107956923877788,3.426300010952385,3.104466541824364
half1__global,ADE_vs_floor4,easy,eu-locality-126,2167,1.423161721540584,1.403748247983126,-1.3829740186925177,3.0593149603990017,3.374474360762913,2.961119466719475
half1__global,ADE_vs_floor4,hard,eu-locality-007,1057,38.49480124184111,38.797910138720844,0.781250577147008,78.39374724130228,109.16038099456655,79.62499588488345
half1__global,ADE_vs_floor4,hard,eu-locality-074,26162,48.92502185460298,49.51415528436101,1.1898282953119566,116.98156890250854,210.7066182431045,118.75995360354653
half1__global,ADE_vs_floor4,hard,eu-locality-082,245,45.392025366829316,46.545071009344724,2.4772669103543032,100.11313249968725,168.16784406720987,102.84492248432812
half1__global,ADE_vs_floor4,hard,eu-locality-110,2779,75.6180260910938,76.65846271012249,1.3572364775471968,216.4545636404931,380.302674112872,217.7895967541795
half1__global,ADE_vs_floor4,hard,eu-locality-112,1522,57.753602630566064,58.19258397147621,0.7543595952455351,153.7479339587823,273.8161229399875,156.09076825692148
half1__global,ADE_vs_floor4,hard,eu-locality-119,1922,67.48091783658727,68.7520222271331,1.8488247317970274,171.5382658531569,269.9436062681742,172.96421361324747
half1__global,ADE_vs_floor4,hard,eu-locality-124,1375,94.91270841312665,96.39686681913768,1.5396334497008612,270.44699423594955,449.04247371181407,274.49169803893716
half1__global,ADE_vs_floor4,hard,eu-locality-126,1386,61.21241265837019,61.92211623475045,1.1461229356078961,146.14029985318288,226.69528204190547,148.87193063177466
half1__global,ADE_vs_floor4,complete,eu-locality-007,2882,12.82937523833312,12.90186352905717,0.5618435705880387,45.9018446508157,77.84836732115994,46.30062821751765
half1__global,ADE_vs_floor4,complete,eu-locality-074,67309,18.396349957327644,18.572838706695453,0.9502518820894368,60.607030432151625,126.72394781156117,61.37259799632875
half1__global,ADE_vs_floor4,complete,eu-locality-082,582,10.087873682894584,10.143542799628378,0.5488133469090717,48.774543886790944,88.77064559267427,48.19172118275565
half1__global,ADE_vs_floor4,complete,eu-locality-110,5804,27.209857733135877,27.48806807639725,1.012113119365643,112.51790429634886,258.6419853064315,115.53160965099059
half1__global,ADE_vs_floor4,complete,eu-locality-112,2417,20.12128052756051,20.27600755135542,0.7631039957102681,69.97519556304846,157.7201102240589,70.21707303324524
half1__global,ADE_vs_floor4,complete,eu-locality-119,3148,27.07810902848694,27.63647230070257,2.020385475180342,102.83942498191885,188.83867927511324,105.49422795579561
half1__global,ADE_vs_floor4,complete,eu-locality-124,2077,37.22003569638512,37.74425896345833,1.3888821279568142,173.10971397244984,312.8849015845125,174.2361940078016
half1__global,ADE_vs_floor4,complete,eu-locality-126,3637,18.41182074238845,18.545591158320622,0.7213057528886346,79.61625828652348,153.4062776847564,80.6506713700502
half1__global,ADE_vs_floor2,all,eu-locality-007,5526,12.93588373869939,12.992941644437396,0.4391454013990215,44.65090615136359,77.55701316913978,44.853057178213376
half1__global,ADE_vs_floor2,all,eu-locality-074,102348,18.79592355791404,18.856038226148694,0.31880858276628343,62.236072509581916,128.41988349263957,62.38009691372944
half1__global,ADE_vs_floor2,all,eu-locality-082,1368,12.98913113456941,13.023642951386943,0.2649935731987907,49.2980412979727,98.97901590769341,48.96376256586186
half1__global,ADE_vs_floor2,all,eu-locality-110,8550,29.357835629382198,29.51477396718288,0.5317280693905357,117.78182079404979,259.48904154415425,118.2161185776719
half1__global,ADE_vs_floor2,all,eu-locality-112,5004,23.930189613110862,23.992020804284294,0.2577156450380813,84.0880217415388,176.8474242808429,84.0123896427943
half1__global,ADE_vs_floor2,all,eu-locality-119,5639,27.8629691883229,27.8736778776455,0.038418644893600806,110.9474248098105,193.66511978163072,110.86324418212887
half1__global,ADE_vs_floor2,all,eu-locality-124,3550,41.23783389040724,41.34336089076494,0.255245335850951,182.09672506160862,333.55000293878123,182.38572856518616
half1__global,ADE_vs_floor2,all,eu-locality-126,5790,18.853619134072222,18.851679354390523,-0.010289691678044832,82.48422337046588,152.0324442482678,82.48422337046588
half1__global,ADE_vs_floor2,easy,eu-locality-007,1784,1.3804430166289727,1.3935157321759892,0.9381103668347768,3.1066551841430345,3.5110754702307347,3.1120897927774194
half1__global,ADE_vs_floor2,easy,eu-locality-074,17176,2.0125723634790105,2.0309640543353753,0.9055645675808632,3.3356628086453073,4.737180614696601,3.3441602938022634
half1__global,ADE_vs_floor2,easy,eu-locality-082,515,1.55811825859908,1.5758146490344047,1.1229994876725047,3.0210760996931043,3.3890032904679863,3.0267587675843264
half1__global,ADE_vs_floor2,easy,eu-locality-110,2009,1.7811888291507934,1.785332285959189,0.23208322848256024,3.1654887086362073,3.419775770966187,3.1654887086362073
half1__global,ADE_vs_floor2,easy,eu-locality-112,575,2.0360023138529986,2.0430412553055066,0.3445325166209323,3.2091281752250014,3.471252316986191,3.243048046120649
half1__global,ADE_vs_floor2,easy,eu-locality-119,1323,1.8305341441605114,1.8479026712123139,0.9399048620027051,3.149109357372423,3.6686889000354017,3.2172226550995475
half1__global,ADE_vs_floor2,easy,eu-locality-124,739,1.9065803297982546,1.934147501061008,1.4252879497365645,3.107956923877788,3.426300010952385,3.1764958676187582
half1__global,ADE_vs_floor2,easy,eu-locality-126,2167,1.423161721540584,1.4205685645051396,-0.18254360262770497,3.0593149603990017,3.374474360762913,3.009151678238715
half1__global,ADE_vs_floor2,hard,eu-locality-007,1057,38.49480124184111,38.639609733789555,0.37476696308818,78.39374724130228,109.16038099456655,78.39374724130228
half1__global,ADE_vs_floor2,hard,eu-locality-074,26162,48.92502185460298,49.071631173033964,0.29876593650212113,116.98156890250854,210.7066182431045,117.83048355632504
half1__global,ADE_vs_floor2,hard,eu-locality-082,245,45.392025366829316,45.47835854420555,0.18983353871999675,100.11313249968725,168.16784406720987,102.53766462754737
half1__global,ADE_vs_floor2,hard,eu-locality-110,2779,75.6180260910938,76.06539697709104,0.5881398162320584,216.4545636404931,380.302674112872,216.94572294391477
half1__global,ADE_vs_floor2,hard,eu-locality-112,1522,57.753602630566064,57.87169139525725,0.20405272741149671,153.7479339587823,273.8161229399875,155.91825887565795
half1__global,ADE_vs_floor2,hard,eu-locality-119,1922,67.48091783658727,67.47460039511013,-0.009362695651615738,171.5382658531569,269.9436062681742,171.5382658531569
half1__global,ADE_vs_floor2,hard,eu-locality-124,1375,94.91270841312665,95.11771444404908,0.21552876046345704,270.44699423594955,449.04247371181407,272.5195589964772
half1__global,ADE_vs_floor2,hard,eu-locality-126,1386,61.21241265837019,61.214690535467994,0.003721128176714661,146.14029985318288,226.69528204190547,146.14029985318288
half1__global,ADE_vs_floor2,complete,eu-locality-007,2882,12.82937523833312,12.90553774563302,0.5901536906175897,45.9018446508157,77.84836732115994,45.99839461886456
half1__global,ADE_vs_floor2,complete,eu-locality-074,67309,18.396349957327644,18.461810447722716,0.3545724325381472,60.607030432151625,126.72394781156117,60.69784015963233
half1__global,ADE_vs_floor2,complete,eu-locality-082,582,10.087873682894584,10.128916297042556,0.4052024219013073,48.774543886790944,88.77064559267427,48.19172118275565
half1__global,ADE_vs_floor2,complete,eu-locality-110,5804,27.209857733135877,27.3856917943589,0.6420654352768396,112.51790429634886,258.6419853064315,112.94152275923535
half1__global,ADE_vs_floor2,complete,eu-locality-112,2417,20.12128052756051,20.220715574959364,0.4917484103381109,69.97519556304846,157.7201102240589,70.00895081757096
half1__global,ADE_vs_floor2,complete,eu-locality-119,3148,27.07810902848694,27.093725377883842,0.05763825084627028,102.83942498191885,188.83867927511324,102.83942498191885
half1__global,ADE_vs_floor2,complete,eu-locality-124,2077,37.22003569638512,37.38783442338112,0.44880568661946896,173.10971397244984,312.8849015845125,173.47645938279405
half1__global,ADE_vs_floor2,complete,eu-locality-126,3637,18.41182074238845,18.412569824994996,0.004068321878292203,79.61625828652348,153.4062776847564,79.61625828652348
half1__global,ADE_vs_old_stop4,all,eu-locality-007,5526,12.93588373869939,12.961467385862072,0.1973823364365912,44.65090615136359,77.55701316913978,45.069703016739965
half1__global,ADE_vs_old_stop4,all,eu-locality-074,102348,18.79592355791404,18.909128898730224,0.5986808880645178,62.236072509581916,128.41988349263957,62.76299105507239
half1__global,ADE_vs_old_stop4,all,eu-locality-082,1368,12.98913113456941,13.125039150014329,1.0354865527754997,49.2980412979727,98.97901590769341,50.49887773437855
half1__global,ADE_vs_old_stop4,all,eu-locality-110,8550,29.357835629382198,29.47193740522976,0.3871539704997984,117.78182079404979,259.48904154415425,119.69634221657493
half1__global,ADE_vs_old_stop4,all,eu-locality-112,5004,23.930189613110862,23.964707240564607,0.14403525612579626,84.0880217415388,176.8474242808429,84.25451440297194
half1__global,ADE_vs_old_stop4,all,eu-locality-119,5639,27.8629691883229,28.287614451101238,1.501170286071285,110.9474248098105,193.66511978163072,112.61105661938669
half1__global,ADE_vs_old_stop4,all,eu-locality-124,3550,41.23783389040724,41.65016491082848,0.9899865253931828,182.09672506160862,333.55000293878123,182.80259922586131
half1__global,ADE_vs_old_stop4,all,eu-locality-126,5790,18.853619134072222,18.992021196434774,0.7287379312136189,82.48422337046588,152.0324442482678,83.50039592159716
half1__global,ADE_vs_old_stop4,easy,eu-locality-007,1784,1.3804430166289727,1.3710751349134365,-0.6832507918049124,3.1066551841430345,3.5110754702307347,3.0807771662484655
half1__global,ADE_vs_old_stop4,easy,eu-locality-074,17176,2.0125723634790105,1.9724280425587222,-2.0352742941238677,3.3356628086453073,4.737180614696601,3.3043627637353605
half1__global,ADE_vs_old_stop4,easy,eu-locality-082,515,1.55811825859908,1.5420807773746257,-1.0399896983190438,3.0210760996931043,3.3890032904679863,3.014745339586682
half1__global,ADE_vs_old_stop4,easy,eu-locality-110,2009,1.7811888291507934,1.742517164366166,-2.2192989300449106,3.1654887086362073,3.419775770966187,3.0955110616221333
half1__global,ADE_vs_old_stop4,easy,eu-locality-112,575,2.0360023138529986,2.0091191713984853,-1.3380561410800018,3.2091281752250014,3.471252316986191,3.1981735274415564
half1__global,ADE_vs_old_stop4,easy,eu-locality-119,1323,1.8305341441605114,1.7698016115480069,-3.4316011589221596,3.149109357372423,3.6686889000354017,3.1151376156366593
half1__global,ADE_vs_old_stop4,easy,eu-locality-124,739,1.9065803297982546,1.884765436339182,-1.1574328050839133,3.107956923877788,3.426300010952385,3.1200034345095826
half1__global,ADE_vs_old_stop4,easy,eu-locality-126,2167,1.423161721540584,1.3948648933051984,-2.028642943929504,3.0593149603990017,3.374474360762913,2.941256197233745
half1__global,ADE_vs_old_stop4,hard,eu-locality-007,1057,38.49480124184111,38.709506136845285,0.5546567663383573,78.39374724130228,109.16038099456655,79.62499588488345
half1__global,ADE_vs_old_stop4,hard,eu-locality-074,26162,48.92502185460298,49.37727380159812,0.9159111311254797,116.98156890250854,210.7066182431045,118.09817663289087
half1__global,ADE_vs_old_stop4,hard,eu-locality-082,245,45.392025366829316,46.491446321568084,2.364781140888561,100.11313249968725,168.16784406720987,102.84492248432812
half1__global,ADE_vs_old_stop4,hard,eu-locality-110,2779,75.6180260910938,76.20386272386979,0.7687755080064806,216.4545636404931,380.302674112872,216.94572294391477
half1__global,ADE_vs_old_stop4,hard,eu-locality-112,1522,57.753602630566064,58.16643941068181,0.7097508190262891,153.7479339587823,273.8161229399875,156.09076825692148
half1__global,ADE_vs_old_stop4,hard,eu-locality-119,1922,67.48091783658727,68.75802660240149,1.8573958982260996,171.5382658531569,269.9436062681742,172.96421361324747
half1__global,ADE_vs_old_stop4,hard,eu-locality-124,1375,94.91270841312665,96.2804192863764,1.4205493530118796,270.44699423594955,449.04247371181407,272.5195589964772
half1__global,ADE_vs_old_stop4,hard,eu-locality-126,1386,61.21241265837019,61.923921580021116,1.1490049459020102,146.14029985318288,226.69528204190547,148.87193063177466
half1__global,ADE_vs_old_stop4,complete,eu-locality-007,2882,12.82937523833312,12.86168386832667,0.2512006229068886,45.9018446508157,77.84836732115994,46.265229520868125
half1__global,ADE_vs_old_stop4,complete,eu-locality-074,67309,18.396349957327644,18.531520314597874,0.7294078142296434,60.607030432151625,126.72394781156117,61.24207483860279
half1__global,ADE_vs_old_stop4,complete,eu-locality-082,582,10.087873682894584,9.957325566208668,-1.311076109923981,48.774543886790944,88.77064559267427,48.19172118275565
half1__global,ADE_vs_old_stop4,complete,eu-locality-110,5804,27.209857733135877,27.292956516596114,0.30446970231937653,112.51790429634886,258.6419853064315,114.9771086476417
half1__global,ADE_vs_old_stop4,complete,eu-locality-112,2417,20.12128052756051,20.242836108568486,0.6004869098185428,69.97519556304846,157.7201102240589,70.21707303324524
half1__global,ADE_vs_old_stop4,complete,eu-locality-119,3148,27.07810902848694,27.62437864217673,1.9774910442899474,102.83942498191885,188.83867927511324,105.49422795579561
half1__global,ADE_vs_old_stop4,complete,eu-locality-124,2077,37.22003569638512,37.56138741946474,0.9087835847690906,173.10971397244984,312.8849015845125,173.61541077171694
half1__global,ADE_vs_old_stop4,complete,eu-locality-126,3637,18.41182074238845,18.537255435066527,0.6766626975468815,79.61625828652348,153.4062776847564,80.6506713700502
half1__global,FDE_vs_floor4,endpoint,eu-locality-007,3935,27.757589800416124,27.902236355504886,0.5184048806905928,99.71622877416675,170.8952492395845,100.21215859599751
half1__global,FDE_vs_floor4,endpoint,eu-locality-074,81289,38.56526864145804,39.06597707145239,1.2816994928311676,133.02375034812815,275.61455489818724,135.00163437416214
half1__global,FDE_vs_floor4,endpoint,eu-locality-082,859,23.82485210797643,24.446668035792914,2.543561056689081,112.15624838485036,228.36761182252752,111.79916155617079
half1__global,FDE_vs_floor4,endpoint,eu-locality-110,7204,54.91409115817394,55.58919503032184,1.2144516066110667,241.83111787860653,538.0295217792822,246.36789053376893
half1__global,FDE_vs_floor4,endpoint,eu-locality-112,3719,46.44993721346253,46.728612703328984,0.5963701332965088,171.21483359183495,400.7906134861205,176.63710402708173
half1__global,FDE_vs_floor4,endpoint,eu-locality-119,4147,61.939265303347604,63.460441832879845,2.397046861946206,249.40869261388366,443.83127475441967,261.50946225944824
half1__global,FDE_vs_floor4,endpoint,eu-locality-124,2645,80.16418610406232,81.58054113378583,1.7361432150845735,365.9169922482375,708.3601090652618,377.201315538286
half1__global,FDE_vs_floor4,endpoint,eu-locality-126,4579,37.57881315128873,38.00292109774537,1.1159877562196274,172.0570249440671,348.5815119189075,175.65668558624927
half1__global,ADE_vs_CV,easy,eu-locality-007,1784,1.3804430166289727,1.4116372489032123,2.2097909571652585,3.1066551841430345,3.5110754702307347,3.1829165280653378
half1__global,ADE_vs_CV,easy,eu-locality-074,17176,2.0125723634790105,2.0345987086931556,1.082589167093928,3.3356628086453073,4.737180614696601,3.3227202724286355
half1__global,ADE_vs_CV,easy,eu-locality-082,515,1.55811825859908,1.6292457075972016,4.365667416918939,3.0210760996931043,3.3890032904679863,3.1617325949953337
half1__global,ADE_vs_CV,easy,eu-locality-110,2009,1.7811888291507934,1.8571965321602297,4.092604185569238,3.1654887086362073,3.419775770966187,3.2841980969419593
half1__global,ADE_vs_CV,easy,eu-locality-112,575,2.0360023138529986,2.120126457156666,3.967883284494611,3.2091281752250014,3.471252316986191,3.337428914790469
half1__global,ADE_vs_CV,easy,eu-locality-119,1323,1.8305341441605114,1.9039962115564375,3.858309536019189,3.149109357372423,3.6686889000354017,3.27321556485438
half1__global,ADE_vs_CV,easy,eu-locality-124,739,1.9065803297982546,2.0089308960456713,5.094777846708465,3.107956923877788,3.426300010952385,3.2764853371884692
half1__global,ADE_vs_CV,easy,eu-locality-126,2167,1.423161721540584,1.49949345147157,5.090501052610518,3.0593149603990017,3.374474360762913,3.17156482441628
half1__producer,ADE_vs_floor4,all,eu-locality-007,5526,12.94148759583704,12.993174120344346,0.3977975206718387,44.558128930674414,77.2831555301788,45.069703016739965
half1__producer,ADE_vs_floor4,all,eu-locality-074,102348,18.781798161262326,18.956339677512435,0.920755373766402,62.162592588254945,128.4055861173957,62.89250843609184
half1__producer,ADE_vs_floor4,all,eu-locality-082,1368,13.007681445918566,13.210524721619661,1.5354672125107438,48.96376256586186,99.68977167861865,50.49887773437855
half1__producer,ADE_vs_floor4,all,eu-locality-110,8550,29.34099609953421,29.63549283881677,0.9937298525261151,117.78182079404979,259.48904154415425,120.1360528300509
half1__producer,ADE_vs_floor4,all,eu-locality-112,5004,23.924329542891613,23.99489957613671,0.294104307547427,84.0123896427943,181.26239158697405,84.24891982432871
half1__producer,ADE_vs_floor4,all,eu-locality-119,5639,27.856720586052397,28.297560971368505,1.5578741424469467,110.9474248098105,193.66511978163072,112.61105661938669
half1__producer,ADE_vs_floor4,all,eu-locality-124,3550,41.30320631309486,41.74620276778274,1.061165867353464,182.38572856518616,334.55067044545154,183.18673156958803
half1__producer,ADE_vs_floor4,all,eu-locality-126,5790,18.847383179340948,18.99901473132485,0.7981021864986282,82.48422337046588,152.0324442482678,83.50039592159716
half1__producer,ADE_vs_floor4,easy,eu-locality-007,1784,1.374326394801055,1.380086758143173,0.41739139283304416,3.09118362630044,3.457455363081332,3.095762922753855
half1__producer,ADE_vs_floor4,easy,eu-locality-074,17176,2.005995010028349,1.987687399522399,-0.9210507904990006,3.3297352694762425,4.676343796837371,3.2934904825546503
half1__producer,ADE_vs_floor4,easy,eu-locality-082,515,1.5622800504909824,1.5738559331973196,0.7355109487575895,3.0135421032011274,3.373691740174566,3.0267587675843264
half1__producer,ADE_vs_floor4,easy,eu-locality-110,2009,1.7760881129254422,1.7462521139686404,-1.7085733908716483,3.1435342563184956,3.436026387122726,3.092640408692903
half1__producer,ADE_vs_floor4,easy,eu-locality-112,575,2.038735327175998,2.028536946310694,-0.5027456307291622,3.20202780411046,3.471252316986191,3.19705338431151
half1__producer,ADE_vs_floor4,easy,eu-locality-119,1323,1.831762658037732,1.8091182714362857,-1.2516808303234095,3.1484532130992924,3.6128619279130545,3.1063793508005806
half1__producer,ADE_vs_floor4,easy,eu-locality-124,739,1.9078583969740577,1.8968364977585341,-0.5810674366793389,3.107956923877788,3.4277625416985376,3.104466541824364
half1__producer,ADE_vs_floor4,easy,eu-locality-126,2167,1.418820005630009,1.403748247983126,-1.0736795339575833,3.0198022526357384,3.3870947145455186,2.961119466719475
half1__producer,ADE_vs_floor4,hard,eu-locality-007,1057,38.511031295794766,38.797910138720844,0.7394182879963185,77.85208972425117,109.16038099456655,79.62499588488345
half1__producer,ADE_vs_floor4,hard,eu-locality-074,26162,48.90245581466777,49.51415528436101,1.2354032219276223,116.9773095775901,210.7066182431045,118.75995360354653
half1__producer,ADE_vs_floor4,hard,eu-locality-082,245,45.45231904917228,46.545071009344724,2.3477286347958426,102.53766462754737,168.16784406720987,102.84492248432812
half1__producer,ADE_vs_floor4,hard,eu-locality-110,2779,75.59672326805888,76.65846271012249,1.3850257421395118,216.4545636404931,380.302674112872,217.7895967541795
half1__producer,ADE_vs_floor4,hard,eu-locality-112,1522,57.77410703562166,58.19258397147621,0.7191241689141536,153.7479339587823,273.8161229399875,156.09076825692148
half1__producer,ADE_vs_floor4,hard,eu-locality-119,1922,67.46689498900065,68.7520222271331,1.8692210010737287,171.5382658531569,269.9436062681742,172.96421361324747
half1__producer,ADE_vs_floor4,hard,eu-locality-124,1375,95.09671775541423,96.39686681913768,1.3487461850423266,272.5195589964772,449.04247371181407,274.49169803893716
half1__producer,ADE_vs_floor4,hard,eu-locality-126,1386,61.20428435357156,61.92211623475045,1.1592495942120973,146.14029985318288,226.69528204190547,148.87193063177466
half1__producer,ADE_vs_floor4,complete,eu-locality-007,2882,12.842278944588042,12.90186352905717,0.4618292879546737,45.565413951794106,77.84836732115994,46.30062821751765
half1__producer,ADE_vs_floor4,complete,eu-locality-074,67309,18.37905737648814,18.572838706695453,1.0433587092825714,60.5406310928959,126.85469642384092,61.37259799632875
half1__producer,ADE_vs_floor4,complete,eu-locality-082,582,10.105329734721392,10.143542799628378,0.37672306078686546,48.19172118275565,88.77064559267427,48.19172118275565
half1__producer,ADE_vs_floor4,complete,eu-locality-110,5804,27.19305647616958,27.48806807639725,1.0732351193534218,112.51790429634886,258.6419853064315,115.53160965099059
half1__producer,ADE_vs_floor4,complete,eu-locality-112,2417,20.113666816507173,20.27600755135542,0.8006543420200796,69.62857372530627,157.7201102240589,70.21707303324524
half1__producer,ADE_vs_floor4,complete,eu-locality-119,3148,27.066978837059484,27.63647230070257,2.06065903580831,102.83942498191885,188.83867927511324,105.49422795579561
half1__producer,ADE_vs_floor4,complete,eu-locality-124,2077,37.32943450367522,37.74425896345833,1.0990398836143833,173.47645938279405,315.79700044017295,174.2361940078016
half1__producer,ADE_vs_floor4,complete,eu-locality-126,3637,18.403858141541427,18.545591158320622,0.7642410294136481,79.61625828652348,153.4062776847564,80.6506713700502
half1__producer,ADE_vs_floor2,all,eu-locality-007,5526,12.94148759583704,12.992941644437396,0.3960153905746555,44.558128930674414,77.2831555301788,44.853057178213376
half1__producer,ADE_vs_floor2,all,eu-locality-074,102348,18.781798161262326,18.856038226148694,0.3937203775044029,62.162592588254945,128.4055861173957,62.38009691372944
half1__producer,ADE_vs_floor2,all,eu-locality-082,1368,13.007681445918566,13.023642951386943,0.1225579166133195,48.96376256586186,99.68977167861865,48.96376256586186
half1__producer,ADE_vs_floor2,all,eu-locality-110,8550,29.34099609953421,29.51477396718288,0.5887826477746105,117.78182079404979,259.48904154415425,118.2161185776719
half1__producer,ADE_vs_floor2,all,eu-locality-112,5004,23.924329542891613,23.992020804284294,0.2821407248054464,84.0123896427943,181.26239158697405,84.0123896427943
half1__producer,ADE_vs_floor2,all,eu-locality-119,5639,27.856720586052397,27.8736778776455,0.06083621855550447,110.9474248098105,193.66511978163072,110.86324418212887
half1__producer,ADE_vs_floor2,all,eu-locality-124,3550,41.30320631309486,41.34336089076494,0.09712460913899879,182.38572856518616,334.55067044545154,182.38572856518616
half1__producer,ADE_vs_floor2,all,eu-locality-126,5790,18.847383179340948,18.851679354390523,0.022789349260676772,82.48422337046588,152.0324442482678,82.48422337046588
half1__producer,ADE_vs_floor2,easy,eu-locality-007,1784,1.374326394801055,1.3935157321759892,1.37704490389714,3.09118362630044,3.457455363081332,3.1120897927774194
half1__producer,ADE_vs_floor2,easy,eu-locality-074,17176,2.005995010028349,2.0309640543353753,1.2294183274059733,3.3297352694762425,4.676343796837371,3.3441602938022634
half1__producer,ADE_vs_floor2,easy,eu-locality-082,515,1.5622800504909824,1.5758146490344047,0.8588953371969077,3.0135421032011274,3.373691740174566,3.0267587675843264
half1__producer,ADE_vs_floor2,easy,eu-locality-110,2009,1.7760881129254422,1.785332285959189,0.5177844542692656,3.1435342563184956,3.436026387122726,3.1654887086362073
half1__producer,ADE_vs_floor2,easy,eu-locality-112,575,2.038735327175998,2.0430412553055066,0.21076070384418166,3.20202780411046,3.471252316986191,3.243048046120649
half1__producer,ADE_vs_floor2,easy,eu-locality-119,1323,1.831762658037732,1.8479026712123139,0.8734233369549371,3.1484532130992924,3.6128619279130545,3.2172226550995475
half1__producer,ADE_vs_floor2,easy,eu-locality-124,739,1.9078583969740577,1.934147501061008,1.359208854160765,3.107956923877788,3.4277625416985376,3.1764958676187582
half1__producer,ADE_vs_floor2,easy,eu-locality-126,2167,1.418820005630009,1.4205685645051396,0.12308866455450485,3.0198022526357384,3.3870947145455186,3.009151678238715
half1__producer,ADE_vs_floor2,hard,eu-locality-007,1057,38.511031295794766,38.639609733789555,0.3327632936270364,77.85208972425117,109.16038099456655,78.39374724130228
half1__producer,ADE_vs_floor2,hard,eu-locality-074,26162,48.90245581466777,49.071631173033964,0.3447518542223693,116.9773095775901,210.7066182431045,117.83048355632504
half1__producer,ADE_vs_floor2,hard,eu-locality-082,245,45.45231904917228,45.47835854420555,0.05725689287566782,102.53766462754737,168.16784406720987,102.53766462754737
half1__producer,ADE_vs_floor2,hard,eu-locality-110,2779,75.59672326805888,76.06539697709104,0.6161457478139676,216.4545636404931,380.302674112872,216.94572294391477
half1__producer,ADE_vs_floor2,hard,eu-locality-112,1522,57.77410703562166,57.87169139525725,0.16862192426535527,153.7479339587823,273.8161229399875,155.91825887565795
half1__producer,ADE_vs_floor2,hard,eu-locality-119,1922,67.46689498900065,67.47460039511013,0.011419713587568214,171.5382658531569,269.9436062681742,171.5382658531569
half1__producer,ADE_vs_floor2,hard,eu-locality-124,1375,95.09671775541423,95.11771444404908,0.02207442510322455,272.5195589964772,449.04247371181407,272.5195589964772
half1__producer,ADE_vs_floor2,hard,eu-locality-126,1386,61.20428435357156,61.214690535467994,0.016999484609669935,146.14029985318288,226.69528204190547,146.14029985318288
half1__producer,ADE_vs_floor2,complete,eu-locality-007,2882,12.842278944588042,12.90553774563302,0.49016788212783435,45.565413951794106,77.84836732115994,45.99839461886456
half1__producer,ADE_vs_floor2,complete,eu-locality-074,67309,18.37905737648814,18.461810447722716,0.4482391987985168,60.5406310928959,126.85469642384092,60.69784015963233
half1__producer,ADE_vs_floor2,complete,eu-locality-082,582,10.105329734721392,10.128916297042556,0.23286363150271105,48.19172118275565,88.77064559267427,48.19172118275565
half1__producer,ADE_vs_floor2,complete,eu-locality-110,5804,27.19305647616958,27.3856917943589,0.7034159284192376,112.51790429634886,258.6419853064315,112.94152275923535
half1__producer,ADE_vs_floor2,complete,eu-locality-112,2417,20.113666816507173,20.220715574959364,0.5294014351537424,69.62857372530627,157.7201102240589,70.00895081757096
half1__producer,ADE_vs_floor2,complete,eu-locality-119,3148,27.066978837059484,27.093725377883842,0.09871857949144136,102.83942498191885,188.83867927511324,102.83942498191885
half1__producer,ADE_vs_floor2,complete,eu-locality-124,2077,37.32943450367522,37.38783442338112,0.15620032720958799,173.47645938279405,315.79700044017295,173.47645938279405
half1__producer,ADE_vs_floor2,complete,eu-locality-126,3637,18.403858141541427,18.412569824994996,0.04731378366176209,79.61625828652348,153.4062776847564,79.61625828652348
half1__producer,ADE_vs_old_stop4,all,eu-locality-007,5526,12.94148759583704,12.961467385862072,0.1541475932487768,44.558128930674414,77.2831555301788,45.069703016739965
half1__producer,ADE_vs_old_stop4,all,eu-locality-074,102348,18.781798161262326,18.909128898730224,0.6733823548923379,62.162592588254945,128.4055861173957,62.76299105507239
half1__producer,ADE_vs_old_stop4,all,eu-locality-082,1368,13.007681445918566,13.125039150014329,0.8941512688412478,48.96376256586186,99.68977167861865,50.49887773437855
half1__producer,ADE_vs_old_stop4,all,eu-locality-110,8550,29.34099609953421,29.47193740522976,0.4442914759730576,117.78182079404979,259.48904154415425,119.69634221657493
half1__producer,ADE_vs_old_stop4,all,eu-locality-112,5004,23.924329542891613,23.964707240564607,0.1684881741624067,84.0123896427943,181.26239158697405,84.25451440297194
half1__producer,ADE_vs_old_stop4,all,eu-locality-119,5639,27.856720586052397,28.287614451101238,1.5232598202782222,110.9474248098105,193.66511978163072,112.61105661938669
half1__producer,ADE_vs_old_stop4,all,eu-locality-124,3550,41.30320631309486,41.65016491082848,0.8330305497623924,182.38572856518616,334.55067044545154,182.80259922586131
half1__producer,ADE_vs_old_stop4,all,eu-locality-126,5790,18.847383179340948,18.992021196434774,0.7615725340543444,82.48422337046588,152.0324442482678,83.50039592159716
half1__producer,ADE_vs_old_stop4,easy,eu-locality-007,1784,1.374326394801055,1.3710751349134365,-0.2371321457757869,3.09118362630044,3.457455363081332,3.0807771662484655
half1__producer,ADE_vs_old_stop4,easy,eu-locality-074,17176,2.005995010028349,1.9724280425587222,-1.701809482797767,3.3297352694762425,4.676343796837371,3.3043627637353605
half1__producer,ADE_vs_old_stop4,easy,eu-locality-082,515,1.5622800504909824,1.5420807773746257,-1.3098712734585627,3.0135421032011274,3.373691740174566,3.014745339586682
half1__producer,ADE_vs_old_stop4,easy,eu-locality-110,2009,1.7760881129254422,1.742517164366166,-1.9265777833234354,3.1435342563184956,3.436026387122726,3.0955110616221333
half1__producer,ADE_vs_old_stop4,easy,eu-locality-112,575,2.038735327175998,2.0091191713984853,-1.4740865648550594,3.20202780411046,3.471252316986191,3.1981735274415564
half1__producer,ADE_vs_old_stop4,easy,eu-locality-119,1323,1.831762658037732,1.7698016115480069,-3.5010165029474294,3.1484532130992924,3.6128619279130545,3.1151376156366593
half1__producer,ADE_vs_old_stop4,easy,eu-locality-124,739,1.9078583969740577,1.884765436339182,-1.2252432153960546,3.107956923877788,3.4277625416985376,3.1200034345095826
half1__producer,ADE_vs_old_stop4,easy,eu-locality-126,2167,1.418820005630009,1.3948648933051984,-1.7173786823215575,3.0198022526357384,3.3870947145455186,2.941256197233745
half1__producer,ADE_vs_old_stop4,hard,eu-locality-007,1057,38.511031295794766,38.709506136845285,0.5127289414359248,77.85208972425117,109.16038099456655,79.62499588488345
half1__producer,ADE_vs_old_stop4,hard,eu-locality-074,26162,48.90245581466777,49.37727380159812,0.9616123985261127,116.9773095775901,210.7066182431045,118.09817663289087
half1__producer,ADE_vs_old_stop4,hard,eu-locality-082,245,45.45231904917228,46.491446321568084,2.235093451832959,102.53766462754737,168.16784406720987,102.84492248432812
half1__producer,ADE_vs_old_stop4,hard,eu-locality-110,2779,75.59672326805888,76.20386272386979,0.7967305515875545,216.4545636404931,380.302674112872,216.94572294391477
half1__producer,ADE_vs_old_stop4,hard,eu-locality-112,1522,57.77410703562166,58.16643941068181,0.6744995551302368,153.7479339587823,273.8161229399875,156.09076825692148
half1__producer,ADE_vs_old_stop4,hard,eu-locality-119,1922,67.46689498900065,68.75802660240149,1.877790386374678,171.5382658531569,269.9436062681742,172.96421361324747
half1__producer,ADE_vs_old_stop4,hard,eu-locality-124,1375,95.09671775541423,96.2804192863764,1.2294312174123023,272.5195589964772,449.04247371181407,272.5195589964772
half1__producer,ADE_vs_old_stop4,hard,eu-locality-126,1386,61.20428435357156,61.923921580021116,1.1621312218083713,146.14029985318288,226.69528204190547,148.87193063177466
half1__producer,ADE_vs_old_stop4,complete,eu-locality-007,2882,12.842278944588042,12.86168386832667,0.15087389751831104,45.565413951794106,77.84836732115994,46.265229520868125
half1__producer,ADE_vs_old_stop4,complete,eu-locality-074,67309,18.37905737648814,18.531520314597874,0.8227222349891705,60.5406310928959,126.85469642384092,61.24207483860279
half1__producer,ADE_vs_old_stop4,complete,eu-locality-082,582,10.105329734721392,9.957325566208668,-1.486384747878411,48.19172118275565,88.77064559267427,48.19172118275565
half1__producer,ADE_vs_old_stop4,complete,eu-locality-110,5804,27.19305647616958,27.292956516596114,0.3660286505266952,112.51790429634886,258.6419853064315,114.9771086476417
half1__producer,ADE_vs_old_stop4,complete,eu-locality-112,2417,20.113666816507173,20.242836108568486,0.6380987889668122,69.62857372530627,157.7201102240589,70.21707303324524
half1__producer,ADE_vs_old_stop4,complete,eu-locality-119,3148,27.066978837059484,27.62437864217673,2.017782236253496,102.83942498191885,188.83867927511324,105.49422795579561
half1__producer,ADE_vs_old_stop4,complete,eu-locality-124,2077,37.32943450367522,37.56138741946474,0.617530213139339,173.47645938279405,315.79700044017295,173.61541077171694
half1__producer,ADE_vs_old_stop4,complete,eu-locality-126,3637,18.403858141541427,18.537255435066527,0.719617280952789,79.61625828652348,153.4062776847564,80.6506713700502
half1__producer,FDE_vs_floor4,endpoint,eu-locality-007,3935,27.762772507429602,27.902236355504886,0.4998303587510411,99.61743889382252,170.8952492395845,100.21215859599751
half1__producer,FDE_vs_floor4,endpoint,eu-locality-074,81289,38.52099022150228,39.06597707145239,1.395042158943871,132.93657813171114,275.61455489818724,135.00163437416214
half1__producer,FDE_vs_floor4,endpoint,eu-locality-082,859,23.887914416795592,24.446668035792914,2.285602349486804,112.15624838485036,228.36761182252752,111.79916155617079
half1__producer,FDE_vs_floor4,endpoint,eu-locality-110,7204,54.86356238693058,55.58919503032184,1.3053483559088308,241.83111787860653,538.0295217792822,246.36789053376893
half1__producer,FDE_vs_floor4,endpoint,eu-locality-112,3719,46.424900563157756,46.728612703328984,0.6499489768708511,171.80682724118,400.7906134861205,176.63710402708173
half1__producer,FDE_vs_floor4,endpoint,eu-locality-119,4147,61.923871580017604,63.460441832879845,2.421304057271978,249.40869261388366,445.5820913837266,261.50946225944824
half1__producer,FDE_vs_floor4,endpoint,eu-locality-124,2645,80.32043365015134,81.58054113378583,1.5446177067739764,369.1876895580035,714.9459718436315,377.201315538286
half1__producer,FDE_vs_floor4,endpoint,eu-locality-126,4579,37.562437649437044,38.00292109774537,1.1590778697652793,172.0570249440671,348.5815119189075,175.65668558624927
half1__producer,ADE_vs_CV,easy,eu-locality-007,1784,1.374326394801055,1.4116372489032123,2.6430907891631827,3.09118362630044,3.457455363081332,3.1829165280653378
half1__producer,ADE_vs_CV,easy,eu-locality-074,17176,2.005995010028349,2.0345987086931556,1.4058643870456078,3.3297352694762425,4.676343796837371,3.3227202724286355
half1__producer,ADE_vs_CV,easy,eu-locality-082,515,1.5622800504909824,1.6292457075972016,4.110224553236941,3.0135421032011274,3.373691740174566,3.1617325949953337
half1__producer,ADE_vs_CV,easy,eu-locality-110,2009,1.7760881129254422,1.8571965321602297,4.3672501983645695,3.1435342563184956,3.436026387122726,3.2841980969419593
half1__producer,ADE_vs_CV,easy,eu-locality-112,575,2.038735327175998,2.120126457156666,3.8389752510245456,3.20202780411046,3.471252316986191,3.337428914790469
half1__producer,ADE_vs_CV,easy,eu-locality-119,1323,1.831762658037732,1.9039962115564375,3.7937866199669434,3.1484532130992924,3.6128619279130545,3.27321556485438
half1__producer,ADE_vs_CV,easy,eu-locality-124,739,1.9078583969740577,2.0089308960456713,5.031158576462847,3.107956923877788,3.4277625416985376,3.2764853371884692
half1__producer,ADE_vs_CV,easy,eu-locality-126,2167,1.418820005630009,1.49949345147157,5.380046559215701,3.0198022526357384,3.3870947145455186,3.17156482441628
half1__placebo,ADE_vs_floor4,all,eu-locality-007,5526,12.939011161858874,12.993174120344346,0.4168570203385902,44.65090615136359,77.55701316913978,45.069703016739965
half1__placebo,ADE_vs_floor4,all,eu-locality-074,102348,18.795823292332102,18.956339677512435,0.8467688800214423,62.253127173264545,128.41988349263957,62.89250843609184
half1__placebo,ADE_vs_floor4,all,eu-locality-082,1368,12.999119234645256,13.210524721619661,1.6002807718033307,49.2980412979727,99.68977167861865,50.49887773437855
half1__placebo,ADE_vs_floor4,all,eu-locality-110,8550,29.357688225286644,29.63549283881677,0.9374050738452877,117.78182079404979,259.48904154415425,120.1360528300509
half1__placebo,ADE_vs_floor4,all,eu-locality-112,5004,23.931778436577826,23.99489957613671,0.2630606531967228,84.0880217415388,176.8474242808429,84.24891982432871
half1__placebo,ADE_vs_floor4,all,eu-locality-119,5639,27.863849854726404,28.297560971368505,1.532680209014936,110.9474248098105,193.66511978163072,112.61105661938669
half1__placebo,ADE_vs_floor4,all,eu-locality-124,3550,41.22903713359538,41.74620276778274,1.2388327557937395,182.09672506160862,333.55000293878123,183.18673156958803
half1__placebo,ADE_vs_floor4,all,eu-locality-126,5790,18.852904086609815,18.99901473132485,0.7690432729342112,82.48422337046588,152.0324442482678,83.50039592159716
half1__placebo,ADE_vs_floor4,easy,eu-locality-007,1784,1.381582008029783,1.380086758143173,-0.10834462962470148,3.1071340120217665,3.5110754702307347,3.095762922753855
half1__placebo,ADE_vs_floor4,easy,eu-locality-074,17176,2.0125730596774374,1.987687399522399,-1.2519906380157098,3.333241239797051,4.737729344705273,3.2934904825546503
half1__placebo,ADE_vs_floor4,easy,eu-locality-082,515,1.56211534067177,1.5738559331973196,0.7459763170125977,3.0563419365597975,3.3890032904679863,3.0267587675843264
half1__placebo,ADE_vs_floor4,easy,eu-locality-110,2009,1.7801911882296948,1.7462521139686404,-1.9435380486911624,3.167763551439453,3.4169619271659277,3.092640408692903
half1__placebo,ADE_vs_floor4,easy,eu-locality-112,575,2.0390819422679476,2.028536946310694,-0.5198325806405224,3.208787904209013,3.4499689177651915,3.19705338431151
half1__placebo,ADE_vs_floor4,easy,eu-locality-119,1323,1.83329239913753,1.8091182714362857,-1.3362381046570393,3.149109357372423,3.6686889000354017,3.1063793508005806
half1__placebo,ADE_vs_floor4,easy,eu-locality-124,739,1.9150923596432519,1.8968364977585341,-0.9624372952698135,3.1225359560643335,3.426300010952385,3.104466541824364
half1__placebo,ADE_vs_floor4,easy,eu-locality-126,2167,1.4234013838719886,1.403748247983126,-1.4000470466908554,3.0553412423933515,3.3870947145455186,2.961119466719475
half1__placebo,ADE_vs_floor4,hard,eu-locality-007,1057,38.49398141285188,38.797910138720844,0.78336365227476,78.39374724130228,109.16038099456655,79.62499588488345
half1__placebo,ADE_vs_floor4,hard,eu-locality-074,26162,48.92280839469344,49.51415528436101,1.1942986531254585,116.98156890250854,210.7066182431045,118.75995360354653
half1__placebo,ADE_vs_floor4,hard,eu-locality-082,245,45.419718706580596,46.545071009344724,2.4177690104677074,102.53766462754737,168.16784406720987,102.84492248432812
half1__placebo,ADE_vs_floor4,hard,eu-locality-110,2779,75.6197117767252,76.65846271012249,1.3550375218522759,216.4545636404931,380.302674112872,217.7895967541795
half1__placebo,ADE_vs_floor4,hard,eu-locality-112,1522,57.751019326934745,58.19258397147621,0.7587988269397106,153.7479339587823,273.8161229399875,156.09076825692148
half1__placebo,ADE_vs_floor4,hard,eu-locality-119,1922,67.4788696962103,68.7520222271331,1.8518037574469348,171.5382658531569,269.9436062681742,172.96421361324747
half1__placebo,ADE_vs_floor4,hard,eu-locality-124,1375,94.88395456779106,96.39686681913768,1.5694620595762543,270.44699423594955,449.04247371181407,274.49169803893716
half1__placebo,ADE_vs_floor4,hard,eu-locality-126,1386,61.21335609027505,61.92211623475045,1.1445993573418023,146.14029985318288,226.69528204190547,148.87193063177466
half1__placebo,ADE_vs_floor4,complete,eu-locality-007,2882,12.83441148960545,12.90186352905717,0.5228085020416273,45.9018446508157,77.84836732115994,46.30062821751765
half1__placebo,ADE_vs_floor4,complete,eu-locality-074,67309,18.396934598766325,18.572838706695453,0.9471040518201135,60.618375415404905,126.72394781156117,61.37259799632875
half1__placebo,ADE_vs_floor4,complete,eu-locality-082,582,10.09651090729934,10.143542799628378,0.46366336947639697,48.774543886790944,88.77064559267427,48.19172118275565
half1__placebo,ADE_vs_floor4,complete,eu-locality-110,5804,27.20927031381415,27.48806807639725,1.0142501168442952,112.51790429634886,258.6419853064315,115.53160965099059
half1__placebo,ADE_vs_floor4,complete,eu-locality-112,2417,20.125184490640653,20.27600755135542,0.7438498941804039,69.97519556304846,157.7201102240589,70.21707303324524
half1__placebo,ADE_vs_floor4,complete,eu-locality-119,3148,27.07801349552211,27.63647230070257,2.020731152312316,102.83942498191885,188.83867927511324,105.49422795579561
half1__placebo,ADE_vs_floor4,complete,eu-locality-124,2077,37.20397760408038,37.74425896345833,1.431426590997631,171.50287382770406,312.8849015845125,174.2361940078016
half1__placebo,ADE_vs_floor4,complete,eu-locality-126,3637,18.41097672858527,18.545591158320622,0.7258567741851629,79.61625828652348,153.4062776847564,80.6506713700502
half1__placebo,ADE_vs_floor2,all,eu-locality-007,5526,12.939011161858874,12.992941644437396,0.41507523126305124,44.65090615136359,77.55701316913978,44.853057178213376
half1__placebo,ADE_vs_floor2,all,eu-locality-074,102348,18.795823292332102,18.856038226148694,0.3193403253345606,62.253127173264545,128.41988349263957,62.38009691372944
half1__placebo,ADE_vs_floor2,all,eu-locality-082,1368,12.999119234645256,13.023642951386943,0.18830151312675403,49.2980412979727,99.68977167861865,48.96376256586186
half1__placebo,ADE_vs_floor2,all,eu-locality-110,8550,29.357688225286644,29.51477396718288,0.5322274941725658,117.78182079404979,259.48904154415425,118.2161185776719
half1__placebo,ADE_vs_floor2,all,eu-locality-112,5004,23.931778436577826,23.992020804284294,0.25109334556642215,84.0880217415388,176.8474242808429,84.0123896427943
half1__placebo,ADE_vs_floor2,all,eu-locality-119,5639,27.863849854726404,27.8736778776455,0.035259153679811917,110.9474248098105,193.66511978163072,110.86324418212887
half1__placebo,ADE_vs_floor2,all,eu-locality-124,3550,41.22903713359538,41.34336089076494,0.27652265008552,182.09672506160862,333.55000293878123,182.38572856518616
half1__placebo,ADE_vs_floor2,all,eu-locality-126,5790,18.852904086609815,18.851679354390523,-0.006496674361300414,82.48422337046588,152.0324442482678,82.48422337046588
half1__placebo,ADE_vs_floor2,easy,eu-locality-007,1784,1.381582008029783,1.3935157321759892,0.856375272317278,3.1071340120217665,3.5110754702307347,3.1120897927774194
half1__placebo,ADE_vs_floor2,easy,eu-locality-074,17176,2.0125730596774374,2.0309640543353753,0.9055302883711702,3.333241239797051,4.737729344705273,3.3441602938022634
half1__placebo,ADE_vs_floor2,easy,eu-locality-082,515,1.56211534067177,1.5758146490344047,0.869347697143763,3.0563419365597975,3.3890032904679863,3.0267587675843264
half1__placebo,ADE_vs_floor2,easy,eu-locality-110,2009,1.7801911882296948,1.785332285959189,0.2879630738729433,3.167763551439453,3.4169619271659277,3.1654887086362073
half1__placebo,ADE_vs_floor2,easy,eu-locality-112,575,2.0390819422679476,2.0430412553055066,0.19379506053914808,3.208787904209013,3.4499689177651915,3.243048046120649
half1__placebo,ADE_vs_floor2,easy,eu-locality-119,1323,1.83329239913753,1.8479026712123139,0.7906407789972425,3.149109357372423,3.6686889000354017,3.2172226550995475
half1__placebo,ADE_vs_floor2,easy,eu-locality-124,739,1.9150923596432519,1.934147501061008,0.9851958760799362,3.1225359560643335,3.426300010952385,3.1764958676187582
half1__placebo,ADE_vs_floor2,easy,eu-locality-126,2167,1.4234013838719886,1.4205685645051396,-0.199414476543458,3.0553412423933515,3.3870947145455186,3.009151678238715
half1__placebo,ADE_vs_floor2,hard,eu-locality-007,1057,38.49398141285188,38.639609733789555,0.37688869515244416,78.39374724130228,109.16038099456655,78.39374724130228
half1__placebo,ADE_vs_floor2,hard,eu-locality-074,26162,48.92280839469344,49.071631173033964,0.30327660765087083,116.98156890250854,210.7066182431045,117.83048355632504
half1__placebo,ADE_vs_floor2,hard,eu-locality-082,245,45.419718706580596,45.47835854420555,0.1289400926111961,102.53766462754737,168.16784406720987,102.53766462754737
half1__placebo,ADE_vs_floor2,hard,eu-locality-110,2779,75.6197117767252,76.06539697709104,0.5859237157469499,216.4545636404931,380.302674112872,216.94572294391477
half1__placebo,ADE_vs_floor2,hard,eu-locality-112,1522,57.751019326934745,57.87169139525725,0.20851657418879954,153.7479339587823,273.8161229399875,155.91825887565795
half1__placebo,ADE_vs_floor2,hard,eu-locality-119,1922,67.4788696962103,67.47460039511013,-0.0063272714105222505,171.5382658531569,269.9436062681742,171.5382658531569
half1__placebo,ADE_vs_floor2,hard,eu-locality-124,1375,94.88395456779106,95.11771444404908,0.2457585084169822,270.44699423594955,449.04247371181407,272.5195589964772
half1__placebo,ADE_vs_floor2,hard,eu-locality-126,1386,61.21335609027505,61.214690535467994,0.0021799427249780123,146.14029985318288,226.69528204190547,146.14029985318288
half1__placebo,ADE_vs_floor2,complete,eu-locality-007,2882,12.83441148960545,12.90553774563302,0.5511297353853917,45.9018446508157,77.84836732115994,45.99839461886456
half1__placebo,ADE_vs_floor2,complete,eu-locality-074,67309,18.396934598766325,18.461810447722716,0.35140567139986256,60.618375415404905,126.72394781156117,60.69784015963233
half1__placebo,ADE_vs_floor2,complete,eu-locality-082,582,10.09651090729934,10.128916297042556,0.31992948498031915,48.774543886790944,88.77064559267427,48.19172118275565
half1__placebo,ADE_vs_floor2,complete,eu-locality-110,5804,27.20927031381415,27.3856917943589,0.6442104215205191,112.51790429634886,258.6419853064315,112.94152275923535
half1__placebo,ADE_vs_floor2,complete,eu-locality-112,2417,20.125184490640653,20.220715574959364,0.47244165996288556,69.97519556304846,157.7201102240589,70.00895081757096
half1__placebo,ADE_vs_floor2,complete,eu-locality-119,3148,27.07801349552211,27.093725377883842,0.05799085265164594,102.83942498191885,188.83867927511324,102.83942498191885
half1__placebo,ADE_vs_floor2,complete,eu-locality-124,2077,37.20397760408038,37.38783442338112,0.4917557332118849,171.50287382770406,312.8849015845125,173.47645938279405
half1__placebo,ADE_vs_floor2,complete,eu-locality-126,3637,18.41097672858527,18.412569824994996,0.008652221959615236,79.61625828652348,153.4062776847564,79.61625828652348
half1__placebo,ADE_vs_old_stop4,all,eu-locality-007,5526,12.939011161858874,12.961467385862072,0.1732537168414483,44.65090615136359,77.55701316913978,45.069703016739965
half1__placebo,ADE_vs_old_stop4,all,eu-locality-074,102348,18.795823292332102,18.909128898730224,0.5992111376729281,62.253127173264545,128.41988349263957,62.76299105507239
half1__placebo,ADE_vs_old_stop4,all,eu-locality-082,1368,12.999119234645256,13.125039150014329,0.9593869696680857,49.2980412979727,99.68977167861865,50.49887773437855
half1__placebo,ADE_vs_old_stop4,all,eu-locality-110,8550,29.357688225286644,29.47193740522976,0.387654121180514,117.78182079404979,259.48904154415425,119.69634221657493
half1__placebo,ADE_vs_old_stop4,all,eu-locality-112,5004,23.931778436577826,23.964707240564607,0.13740540894671138,84.0880217415388,176.8474242808429,84.25451440297194
half1__placebo,ADE_vs_old_stop4,all,eu-locality-119,5639,27.863849854726404,28.287614451101238,1.4980570281292738,110.9474248098105,193.66511978163072,112.61105661938669
half1__placebo,ADE_vs_old_stop4,all,eu-locality-124,3550,41.22903713359538,41.65016491082848,1.0111071063817478,182.09672506160862,333.55000293878123,182.80259922586131
half1__placebo,ADE_vs_old_stop4,all,eu-locality-126,5790,18.852904086609815,18.992021196434774,0.7325029199686917,82.48422337046588,152.0324442482678,83.50039592159716
half1__placebo,ADE_vs_old_stop4,easy,eu-locality-007,1784,1.381582008029783,1.3710751349134365,-0.7663236571648468,3.1071340120217665,3.5110754702307347,3.0807771662484655
half1__placebo,ADE_vs_old_stop4,easy,eu-locality-074,17176,2.0125730596774374,1.9724280425587222,-2.0353095906422647,3.333241239797051,4.737729344705273,3.3043627637353605
half1__placebo,ADE_vs_old_stop4,easy,eu-locality-082,515,1.56211534067177,1.5420807773746257,-1.2991902623449514,3.0563419365597975,3.3890032904679863,3.014745339586682
half1__placebo,ADE_vs_old_stop4,easy,eu-locality-110,2009,1.7801911882296948,1.742517164366166,-2.1620460695566557,3.167763551439453,3.4169619271659277,3.0955110616221333
half1__placebo,ADE_vs_old_stop4,easy,eu-locality-112,575,2.0390819422679476,2.0091191713984853,-1.4913386570596598,3.208787904209013,3.4499689177651915,3.1981735274415564
half1__placebo,ADE_vs_old_stop4,easy,eu-locality-119,1323,1.83329239913753,1.7698016115480069,-3.587452241835698,3.149109357372423,3.6686889000354017,3.1151376156366593
half1__placebo,ADE_vs_old_stop4,easy,eu-locality-124,739,1.9150923596432519,1.884765436339182,-1.6090555736725909,3.1225359560643335,3.426300010952385,3.1200034345095826
half1__placebo,ADE_vs_old_stop4,easy,eu-locality-126,2167,1.4234013838719886,1.3948648933051984,-2.045824703435728,3.0553412423933515,3.3870947145455186,2.941256197233745
half1__placebo,ADE_vs_old_stop4,hard,eu-locality-007,1057,38.49398141285188,38.709506136845285,0.5567746672651475,78.39374724130228,109.16038099456655,79.62499588488345
half1__placebo,ADE_vs_old_stop4,hard,eu-locality-074,26162,48.92280839469344,49.37727380159812,0.9203938814661194,116.98156890250854,210.7066182431045,118.09817663289087
half1__placebo,ADE_vs_old_stop4,hard,eu-locality-082,245,45.419718706580596,46.491446321568084,2.305214614263995,102.53766462754737,168.16784406720987,102.84492248432812
half1__placebo,ADE_vs_old_stop4,hard,eu-locality-110,2779,75.6197117767252,76.20386272386979,0.7665634342727601,216.4545636404931,380.302674112872,216.94572294391477
half1__placebo,ADE_vs_old_stop4,hard,eu-locality-112,1522,57.751019326934745,58.16643941068181,0.7141920460594253,153.7479339587823,273.8161229399875,156.09076825692148
half1__placebo,ADE_vs_old_stop4,hard,eu-locality-119,1922,67.4788696962103,68.75802660240149,1.860374663729103,171.5382658531569,269.9436062681742,172.96421361324747
half1__placebo,ADE_vs_old_stop4,hard,eu-locality-124,1375,94.88395456779106,96.2804192863764,1.4504140394649645,270.44699423594955,449.04247371181407,272.5195589964772
half1__placebo,ADE_vs_old_stop4,hard,eu-locality-126,1386,61.21335609027505,61.923921580021116,1.1474814120546961,146.14029985318288,226.69528204190547,148.87193063177466
half1__placebo,ADE_vs_old_stop4,complete,eu-locality-007,2882,12.83441148960545,12.86168386832667,0.2120436095337519,45.9018446508157,77.84836732115994,46.265229520868125
half1__placebo,ADE_vs_old_stop4,complete,eu-locality-074,67309,18.396934598766325,18.531520314597874,0.7262529654705752,60.618375415404905,126.72394781156117,61.24207483860279
half1__placebo,ADE_vs_old_stop4,complete,eu-locality-082,582,10.09651090729934,9.957325566208668,-1.397818522304961,48.774543886790944,88.77064559267427,48.19172118275565
half1__placebo,ADE_vs_old_stop4,complete,eu-locality-110,5804,27.20927031381415,27.292956516596114,0.3066219767399514,112.51790429634886,258.6419853064315,114.9771086476417
half1__placebo,ADE_vs_old_stop4,complete,eu-locality-112,2417,20.125184490640653,20.242836108568486,0.5812012570611813,69.97519556304846,157.7201102240589,70.21707303324524
half1__placebo,ADE_vs_old_stop4,complete,eu-locality-119,3148,27.07801349552211,27.62437864217673,1.9778368727556894,102.83942498191885,188.83867927511324,105.49422795579561
half1__placebo,ADE_vs_old_stop4,complete,eu-locality-124,2077,37.20397760408038,37.56138741946474,0.9515351799788574,171.50287382770406,312.8849015845125,173.61541077171694
half1__placebo,ADE_vs_old_stop4,complete,eu-locality-126,3637,18.41097672858527,18.537255435066527,0.6812157653197093,79.61625828652348,153.4062776847564,80.6506713700502
half1__placebo,FDE_vs_floor4,endpoint,eu-locality-007,3935,27.766210416325688,27.902236355504886,0.48750909226801253,99.71622877416675,170.8952492395845,100.21215859599751
half1__placebo,FDE_vs_floor4,endpoint,eu-locality-074,81289,38.565898942929124,39.06597707145239,1.2800860646813295,133.04224213340018,275.61455489818724,135.00163437416214
half1__placebo,FDE_vs_floor4,endpoint,eu-locality-082,859,23.841671203792906,24.446668035792914,2.474761923032698,112.15624838485036,228.36761182252752,111.79916155617079
half1__placebo,FDE_vs_floor4,endpoint,eu-locality-110,7204,54.91414135058807,55.58919503032184,1.2143613149381949,241.83111787860653,538.0295217792822,246.36789053376893
half1__placebo,FDE_vs_floor4,endpoint,eu-locality-112,3719,46.45672721220203,46.728612703328984,0.5818394242797287,171.21483359183495,400.7906134861205,176.63710402708173
half1__placebo,FDE_vs_floor4,endpoint,eu-locality-119,4147,61.94012312148696,63.460441832879845,2.395695125156194,249.40869261388366,443.83127475441967,261.50946225944824
half1__placebo,FDE_vs_floor4,endpoint,eu-locality-124,2645,80.12172137112424,81.58054113378583,1.7881957417630212,363.49154946109394,708.3601090652618,377.201315538286
half1__placebo,FDE_vs_floor4,endpoint,eu-locality-126,4579,37.578005676428006,38.00292109774537,1.1181125267304082,172.0570249440671,348.5815119189075,175.65668558624927
half1__placebo,ADE_vs_CV,easy,eu-locality-007,1784,1.381582008029783,1.4116372489032123,2.129105115126506,3.1071340120217665,3.5110754702307347,3.1829165280653378
half1__placebo,ADE_vs_CV,easy,eu-locality-074,17176,2.0125730596774374,2.0345987086931556,1.082554949121417,3.333241239797051,4.737729344705273,3.3227202724286355
half1__placebo,ADE_vs_CV,easy,eu-locality-082,515,1.56211534067177,1.6292457075972016,4.120334128388459,3.0563419365597975,3.3890032904679863,3.1617325949953337
half1__placebo,ADE_vs_CV,easy,eu-locality-110,2009,1.7801911882296948,1.8571965321602297,4.146321759548243,3.167763551439453,3.4169619271659277,3.2841980969419593
half1__placebo,ADE_vs_CV,easy,eu-locality-112,575,2.0390819422679476,2.120126457156666,3.8226264577353675,3.208787904209013,3.4499689177651915,3.337428914790469
half1__placebo,ADE_vs_CV,easy,eu-locality-119,1323,1.83329239913753,1.9039962115564375,3.713442914947296,3.149109357372423,3.6686889000354017,3.27321556485438
half1__placebo,ADE_vs_CV,easy,eu-locality-124,739,1.9150923596432519,2.0089308960456713,4.671068406938684,3.1225359560643335,3.426300010952385,3.2764853371884692
half1__placebo,ADE_vs_CV,easy,eu-locality-126,2167,1.4234013838719886,1.49949345147157,5.074518166445241,3.0553412423933515,3.3870947145455186,3.17156482441628
half1__wrong_tag,ADE_vs_floor4,all,eu-locality-007,5526,12.934280447231034,12.993174120344346,0.4532662501697593,44.57032253839725,77.2831555301788,45.069703016739965
half1__wrong_tag,ADE_vs_floor4,all,eu-locality-074,102348,18.784665990570176,18.956339677512435,0.9056267711108457,62.187264324911396,128.1728616722538,62.89250843609184
half1__wrong_tag,ADE_vs_floor4,all,eu-locality-082,1368,12.984601410510994,13.210524721619661,1.7101766649657235,48.96376256586186,99.68977167861865,50.49887773437855
half1__wrong_tag,ADE_vs_floor4,all,eu-locality-110,8550,29.353364637584647,29.63549283881677,0.9519942953760796,117.78182079404979,259.48904154415425,120.1360528300509
half1__wrong_tag,ADE_vs_floor4,all,eu-locality-112,5004,23.92265259018197,23.99489957613671,0.3010930957451974,84.0123896427943,176.8474242808429,84.24891982432871
half1__wrong_tag,ADE_vs_floor4,all,eu-locality-119,5639,27.861613385808766,28.297560971368505,1.5405836071908485,110.9474248098105,193.66511978163072,112.61105661938669
half1__wrong_tag,ADE_vs_floor4,all,eu-locality-124,3550,41.23121190604923,41.74620276778274,1.2336232461625185,182.09672506160862,333.55000293878123,183.18673156958803
half1__wrong_tag,ADE_vs_floor4,all,eu-locality-126,5790,18.8472287838174,18.99901473132485,0.7989148366582932,82.48422337046588,152.0324442482678,83.50039592159716
half1__wrong_tag,ADE_vs_floor4,easy,eu-locality-007,1784,1.3801962116574664,1.380086758143173,-0.007930915476683786,3.097107777270111,3.5110754702307347,3.095762922753855
half1__wrong_tag,ADE_vs_floor4,easy,eu-locality-074,17176,2.0121701363254734,1.987687399522399,-1.2317196762910099,3.3334265594411994,4.737180614696601,3.2934904825546503
half1__wrong_tag,ADE_vs_floor4,easy,eu-locality-082,515,1.5588635332785346,1.5738559331973196,0.9525903611982911,3.0065617739998314,3.3890032904679863,3.0267587675843264
half1__wrong_tag,ADE_vs_floor4,easy,eu-locality-110,2009,1.7801245984575866,1.7462521139686404,-1.9397247521129923,3.1588707119586084,3.423694293678848,3.092640408692903
half1__wrong_tag,ADE_vs_floor4,easy,eu-locality-112,575,2.039213568745259,2.028536946310694,-0.5263213201012862,3.2091281752250014,3.4740981954128216,3.19705338431151
half1__wrong_tag,ADE_vs_floor4,easy,eu-locality-119,1323,1.8333441587412727,1.8091182714362857,-1.3390991450080048,3.1622968038813943,3.6686889000354017,3.1063793508005806
half1__wrong_tag,ADE_vs_floor4,easy,eu-locality-124,739,1.908457643319045,1.8968364977585341,-0.6126593185149742,3.1319615374584413,3.4277625416985376,3.104466541824364
half1__wrong_tag,ADE_vs_floor4,easy,eu-locality-126,2167,1.421124718069654,1.403748247983126,-1.237862281323876,3.0454694324296243,3.3820580386994754,2.961119466719475
half1__wrong_tag,ADE_vs_floor4,hard,eu-locality-007,1057,38.48723314478518,38.797910138720844,0.8007570325949231,77.85208972425117,109.16038099456655,79.62499588488345
half1__wrong_tag,ADE_vs_floor4,hard,eu-locality-074,26162,48.88787466594198,49.51415528436101,1.2648516668057552,116.98156890250854,210.60422842843545,118.75995360354653
half1__wrong_tag,ADE_vs_floor4,hard,eu-locality-082,245,45.39261827116115,46.545071009344724,2.475993081957495,102.53766462754737,168.16784406720987,102.84492248432812
half1__wrong_tag,ADE_vs_floor4,hard,eu-locality-110,2779,75.612246949552,76.65846271012249,1.3647752949686232,216.4545636404931,380.302674112872,217.7895967541795
half1__wrong_tag,ADE_vs_floor4,hard,eu-locality-112,1522,57.73878170141062,58.19258397147621,0.7798283545683793,152.53455621945463,273.6944743859,156.09076825692148
half1__wrong_tag,ADE_vs_floor4,hard,eu-locality-119,1922,67.47765375050477,68.7520222271331,1.853572353724009,171.5382658531569,269.9436062681742,172.96421361324747
half1__wrong_tag,ADE_vs_floor4,hard,eu-locality-124,1375,94.90419555824224,96.39686681913768,1.5484644990547691,270.44699423594955,449.04247371181407,274.49169803893716
half1__wrong_tag,ADE_vs_floor4,hard,eu-locality-126,1386,61.199524150935325,61.92211623475045,1.166936997236545,146.14029985318288,226.69528204190547,148.87193063177466
half1__wrong_tag,ADE_vs_floor4,complete,eu-locality-007,2882,12.837717044039682,12.90186352905717,0.4971877502270905,45.66658398403935,77.84836732115994,46.30062821751765
half1__wrong_tag,ADE_vs_floor4,complete,eu-locality-074,67309,18.38243786777056,18.572838706695453,1.0251574459442025,60.53557246732822,126.56473357473475,61.37259799632875
half1__wrong_tag,ADE_vs_floor4,complete,eu-locality-082,582,10.076162863632632,10.143542799628378,0.6642643238831125,48.19172118275565,88.77064559267427,48.19172118275565
half1__wrong_tag,ADE_vs_floor4,complete,eu-locality-110,5804,27.204772697664325,27.48806807639725,1.0306121839685711,112.51790429634886,258.6419853064315,115.53160965099059
half1__wrong_tag,ADE_vs_floor4,complete,eu-locality-112,2417,20.11442924896469,20.27600755135542,0.7968940728665719,69.97519556304846,157.7201102240589,70.21707303324524
half1__wrong_tag,ADE_vs_floor4,complete,eu-locality-119,3148,27.075809209847066,27.63647230070257,2.028707154643805,102.83942498191885,188.83867927511324,105.49422795579561
half1__wrong_tag,ADE_vs_floor4,complete,eu-locality-124,2077,37.212882774961194,37.74425896345833,1.4078331462582971,173.10971397244984,312.8849015845125,174.2361940078016
half1__wrong_tag,ADE_vs_floor4,complete,eu-locality-126,3637,18.40257968274647,18.545591158320622,0.7711346289977272,79.61625828652348,153.4062776847564,80.6506713700502
half1__wrong_tag,ADE_vs_floor2,all,eu-locality-007,5526,12.934280447231034,12.992941644437396,0.45148511254552437,44.57032253839725,77.2831555301788,44.853057178213376
half1__wrong_tag,ADE_vs_floor2,all,eu-locality-074,102348,18.784665990570176,18.856038226148694,0.3785113008497376,62.187264324911396,128.1728616722538,62.38009691372944
half1__wrong_tag,ADE_vs_floor2,all,eu-locality-082,1368,12.984601410510994,13.023642951386943,0.2997743490180005,48.96376256586186,99.68977167861865,48.96376256586186
half1__wrong_tag,ADE_vs_floor2,all,eu-locality-110,8550,29.353364637584647,29.51477396718288,0.5468763873228366,117.78182079404979,259.48904154415425,118.2161185776719
half1__wrong_tag,ADE_vs_floor2,all,eu-locality-112,5004,23.92265259018197,23.992020804284294,0.28913035157897005,84.0123896427943,176.8474242808429,84.0123896427943
half1__wrong_tag,ADE_vs_floor2,all,eu-locality-119,5639,27.861613385808766,27.8736778776455,0.04328274112117558,110.9474248098105,193.66511978163072,110.86324418212887
half1__wrong_tag,ADE_vs_floor2,all,eu-locality-124,3550,41.23121190604923,41.34336089076494,0.2712623799792757,182.09672506160862,333.55000293878123,182.38572856518616
half1__wrong_tag,ADE_vs_floor2,all,eu-locality-126,5790,18.8472287838174,18.851679354390523,0.023608350690973445,82.48422337046588,152.0324442482678,82.48422337046588
half1__wrong_tag,ADE_vs_floor2,easy,eu-locality-007,1784,1.3801962116574664,1.3935157321759892,0.9558213237911728,3.097107777270111,3.5110754702307347,3.1120897927774194
half1__wrong_tag,ADE_vs_floor2,easy,eu-locality-074,17176,2.0121701363254734,2.0309640543353753,0.9253693077326375,3.3334265594411994,4.737180614696601,3.3441602938022634
half1__wrong_tag,ADE_vs_floor2,easy,eu-locality-082,515,1.5588635332785346,1.5758146490344047,1.0757049229271454,3.0065617739998314,3.3890032904679863,3.0267587675843264
half1__wrong_tag,ADE_vs_floor2,easy,eu-locality-110,2009,1.7801245984575866,1.785332285959189,0.29169289899467765,3.1588707119586084,3.423694293678848,3.1654887086362073
half1__wrong_tag,ADE_vs_floor2,easy,eu-locality-112,575,2.039213568745259,2.0430412553055066,0.1873523870507987,3.2091281752250014,3.4740981954128216,3.243048046120649
half1__wrong_tag,ADE_vs_floor2,easy,eu-locality-119,1323,1.8333441587412727,1.8479026712123139,0.7878397871187715,3.1622968038813943,3.6686889000354017,3.2172226550995475
half1__wrong_tag,ADE_vs_floor2,easy,eu-locality-124,739,1.908457643319045,1.934147501061008,1.3282264009270461,3.1319615374584413,3.4277625416985376,3.1764958676187582
half1__wrong_tag,ADE_vs_floor2,easy,eu-locality-126,2167,1.421124718069654,1.4205685645051396,-0.03915006838886015,3.0454694324296243,3.3820580386994754,3.009151678238715
half1__wrong_tag,ADE_vs_floor2,hard,eu-locality-007,1057,38.48723314478518,38.639609733789555,0.3943533334166305,77.85208972425117,109.16038099456655,78.39374724130228
half1__wrong_tag,ADE_vs_floor2,hard,eu-locality-074,26162,48.88787466594198,49.071631173033964,0.37446586286082884,116.98156890250854,210.60422842843545,117.83048355632504
half1__wrong_tag,ADE_vs_floor2,hard,eu-locality-082,245,45.39261827116115,45.47835854420555,0.18852983218613506,102.53766462754737,168.16784406720987,102.53766462754737
half1__wrong_tag,ADE_vs_floor2,hard,eu-locality-110,2779,75.612246949552,76.06539697709104,0.5957374122105952,216.4545636404931,380.302674112872,216.94572294391477
half1__wrong_tag,ADE_vs_floor2,hard,eu-locality-112,1522,57.73878170141062,57.87169139525725,0.22966270838512548,152.53455621945463,273.6944743859,155.91825887565795
half1__wrong_tag,ADE_vs_floor2,hard,eu-locality-119,1922,67.47765375050477,67.47460039511013,-0.004525192260151911,171.5382658531569,269.9436062681742,171.5382658531569
half1__wrong_tag,ADE_vs_floor2,hard,eu-locality-124,1375,94.90419555824224,95.11771444404908,0.2244785706372765,270.44699423594955,449.04247371181407,272.5195589964772
half1__wrong_tag,ADE_vs_floor2,hard,eu-locality-126,1386,61.199524150935325,61.214690535467994,0.024775726872106052,146.14029985318288,226.69528204190547,146.14029985318288
half1__wrong_tag,ADE_vs_floor2,complete,eu-locality-007,2882,12.837717044039682,12.90553774563302,0.5255162778186939,45.66658398403935,77.84836732115994,45.99839461886456
half1__wrong_tag,ADE_vs_floor2,complete,eu-locality-074,67309,18.38243786777056,18.461810447722716,0.42992847411640334,60.53557246732822,126.56473357473475,60.69784015963233
half1__wrong_tag,ADE_vs_floor2,complete,eu-locality-082,582,10.076162863632632,10.128916297042556,0.5208201140464275,48.19172118275565,88.77064559267427,48.19172118275565
half1__wrong_tag,ADE_vs_floor2,complete,eu-locality-110,5804,27.204772697664325,27.3856917943589,0.6606336551696845,112.51790429634886,258.6419853064315,112.94152275923535
half1__wrong_tag,ADE_vs_floor2,complete,eu-locality-112,2417,20.11442924896469,20.220715574959364,0.5256308838362478,69.97519556304846,157.7201102240589,70.00895081757096
half1__wrong_tag,ADE_vs_floor2,complete,eu-locality-119,3148,27.075809209847066,27.093725377883842,0.06612663185625589,102.83942498191885,188.83867927511324,102.83942498191885
half1__wrong_tag,ADE_vs_floor2,complete,eu-locality-124,2077,37.212882774961194,37.38783442338112,0.46793736817909437,173.10971397244984,312.8849015845125,173.47645938279405
half1__wrong_tag,ADE_vs_floor2,complete,eu-locality-126,3637,18.40257968274647,18.412569824994996,0.05425718595220008,79.61625828652348,153.4062776847564,79.61625828652348
half1__wrong_tag,ADE_vs_old_stop4,all,eu-locality-007,5526,12.934280447231034,12.961467385862072,0.2097520120344809,44.57032253839725,77.2831555301788,45.069703016739965
half1__wrong_tag,ADE_vs_old_stop4,all,eu-locality-074,102348,18.784665990570176,18.909128898730224,0.6582159803691701,62.187264324911396,128.1728616722538,62.76299105507239
half1__wrong_tag,ADE_vs_old_stop4,all,eu-locality-082,1368,12.984601410510994,13.125039150014329,1.0699986331330846,48.96376256586186,99.68977167861865,50.49887773437855
half1__wrong_tag,ADE_vs_old_stop4,all,eu-locality-110,8550,29.353364637584647,29.47193740522976,0.40232430605010583,117.78182079404979,259.48904154415425,119.69634221657493
half1__wrong_tag,ADE_vs_old_stop4,all,eu-locality-112,5004,23.92265259018197,23.964707240564607,0.17548576730139764,84.0123896427943,176.8474242808429,84.25451440297194
half1__wrong_tag,ADE_vs_old_stop4,all,eu-locality-119,5639,27.861613385808766,28.287614451101238,1.5059632053062266,110.9474248098105,193.66511978163072,112.61105661938669
half1__wrong_tag,ADE_vs_old_stop4,all,eu-locality-124,3550,41.23121190604923,41.65016491082848,1.005885584549815,182.09672506160862,333.55000293878123,182.80259922586131
half1__wrong_tag,ADE_vs_old_stop4,all,eu-locality-126,5790,18.8472287838174,18.992021196434774,0.7623854834605703,82.48422337046588,152.0324442482678,83.50039592159716
half1__wrong_tag,ADE_vs_old_stop4,easy,eu-locality-007,1784,1.3801962116574664,1.3710751349134365,-0.6652499568964743,3.097107777270111,3.5110754702307347,3.0807771662484655
half1__wrong_tag,ADE_vs_old_stop4,easy,eu-locality-074,17176,2.0121701363254734,1.9724280425587222,-2.0148818060402363,3.3334265594411994,4.737180614696601,3.3043627637353605
half1__wrong_tag,ADE_vs_old_stop4,easy,eu-locality-082,515,1.5588635332785346,1.5420807773746257,-1.0883188578798997,3.0065617739998314,3.3890032904679863,3.014745339586682
half1__wrong_tag,ADE_vs_old_stop4,easy,eu-locality-110,2009,1.7801245984575866,1.742517164366166,-2.158224599474745,3.1588707119586084,3.423694293678848,3.0955110616221333
half1__wrong_tag,ADE_vs_old_stop4,easy,eu-locality-112,575,2.039213568745259,2.0091191713984853,-1.4978901090185737,3.2091281752250014,3.4740981954128216,3.1981735274415564
half1__wrong_tag,ADE_vs_old_stop4,easy,eu-locality-119,1323,1.8333441587412727,1.7698016115480069,-3.590376841033982,3.1622968038813943,3.6686889000354017,3.1151376156366593
half1__wrong_tag,ADE_vs_old_stop4,easy,eu-locality-124,739,1.908457643319045,1.884765436339182,-1.2570374287996788,3.1319615374584413,3.4277625416985376,3.1200034345095826
half1__wrong_tag,ADE_vs_old_stop4,easy,eu-locality-126,2167,1.421124718069654,1.3948648933051984,-1.8826070460653543,3.0454694324296243,3.3820580386994754,2.941256197233745
half1__wrong_tag,ADE_vs_old_stop4,hard,eu-locality-007,1057,38.48723314478518,38.709506136845285,0.5742077702420967,77.85208972425117,109.16038099456655,79.62499588488345
half1__wrong_tag,ADE_vs_old_stop4,hard,eu-locality-074,26162,48.88787466594198,49.37727380159812,0.9911424790736478,116.98156890250854,210.60422842843545,118.09817663289087
half1__wrong_tag,ADE_vs_old_stop4,hard,eu-locality-082,245,45.39261827116115,46.491446321568084,2.36350584321825,102.53766462754737,168.16784406720987,102.84492248432812
half1__wrong_tag,ADE_vs_old_stop4,hard,eu-locality-110,2779,75.612246949552,76.20386272386979,0.7763592988213053,216.4545636404931,380.302674112872,216.94572294391477
half1__wrong_tag,ADE_vs_old_stop4,hard,eu-locality-112,1522,57.73878170141062,58.16643941068181,0.735231026007499,152.53455621945463,273.6944743859,156.09076825692148
half1__wrong_tag,ADE_vs_old_stop4,hard,eu-locality-119,1922,67.47765375050477,68.75802660240149,1.8621431055614313,171.5382658531569,269.9436062681742,172.96421361324747
half1__wrong_tag,ADE_vs_old_stop4,hard,eu-locality-124,1375,94.90419555824224,96.2804192863764,1.4293910831866263,270.44699423594955,449.04247371181407,272.5195589964772
half1__wrong_tag,ADE_vs_old_stop4,hard,eu-locality-126,1386,61.199524150935325,61.923921580021116,1.1698184007123746,146.14029985318288,226.69528204190547,148.87193063177466
half1__wrong_tag,ADE_vs_old_stop4,complete,eu-locality-007,2882,12.837717044039682,12.86168386832667,0.18634281896796612,45.66658398403935,77.84836732115994,46.265229520868125
half1__wrong_tag,ADE_vs_old_stop4,complete,eu-locality-074,67309,18.38243786777056,18.531520314597874,0.8044803896088193,60.53557246732822,126.56473357473475,61.24207483860279
half1__wrong_tag,ADE_vs_old_stop4,complete,eu-locality-082,582,10.076162863632632,9.957325566208668,-1.1934660229173666,48.19172118275565,88.77064559267427,48.19172118275565
half1__wrong_tag,ADE_vs_old_stop4,complete,eu-locality-110,5804,27.204772697664325,27.292956516596114,0.32310101281319836,112.51790429634886,258.6419853064315,114.9771086476417
half1__wrong_tag,ADE_vs_old_stop4,complete,eu-locality-112,2417,20.11442924896469,20.242836108568486,0.6343323579517723,69.97519556304846,157.7201102240589,70.21707303324524
half1__wrong_tag,ADE_vs_old_stop4,complete,eu-locality-119,3148,27.075809209847066,27.62437864217673,1.9858163668959872,102.83942498191885,188.83867927511324,105.49422795579561
half1__wrong_tag,ADE_vs_old_stop4,complete,eu-locality-124,2077,37.212882774961194,37.56138741946474,0.9278268680856683,173.10971397244984,312.8849015845125,173.61541077171694
half1__wrong_tag,ADE_vs_old_stop4,complete,eu-locality-126,3637,18.40257968274647,18.537255435066527,0.7265139804099263,79.61625828652348,153.4062776847564,80.6506713700502
half1__wrong_tag,FDE_vs_floor4,endpoint,eu-locality-007,3935,27.740759952548917,27.902236355504886,0.578722081264682,99.66386382738094,170.8952492395845,100.21215859599751
half1__wrong_tag,FDE_vs_floor4,endpoint,eu-locality-074,81289,38.5289227514728,39.06597707145239,1.3747366896706747,132.79167776433223,275.59045925998663,135.00163437416214
half1__wrong_tag,FDE_vs_floor4,endpoint,eu-locality-082,859,23.796281070426346,24.446668035792914,2.660431942767505,112.15624838485036,228.36761182252752,111.79916155617079
half1__wrong_tag,FDE_vs_floor4,endpoint,eu-locality-110,7204,54.90164928777299,55.58919503032184,1.2368334209081788,241.83111787860653,538.0295217792822,246.36789053376893
half1__wrong_tag,FDE_vs_floor4,endpoint,eu-locality-112,3719,46.43088603552076,46.728612703328984,0.6371399675364597,171.6450709732378,400.7906134861205,176.63710402708173
half1__wrong_tag,FDE_vs_floor4,endpoint,eu-locality-119,4147,61.92807591024041,63.460441832879845,2.4146789375889433,249.40869261388366,443.83127475441967,261.50946225944824
half1__wrong_tag,FDE_vs_floor4,endpoint,eu-locality-124,2645,80.14212912648946,81.58054113378583,1.763180272287579,365.9169922482375,708.3601090652618,377.201315538286
half1__wrong_tag,FDE_vs_floor4,endpoint,eu-locality-126,4579,37.557938657086616,38.00292109774537,1.1709164132784444,172.0570249440671,348.5815119189075,175.65668558624927
half1__wrong_tag,ADE_vs_CV,easy,eu-locality-007,1784,1.3801962116574664,1.4116372489032123,2.227274554434888,3.097107777270111,3.5110754702307347,3.1829165280653378
half1__wrong_tag,ADE_vs_CV,easy,eu-locality-074,17176,2.0121701363254734,2.0345987086931556,1.102358527598224,3.3334265594411994,4.737180614696601,3.3227202724286355
half1__wrong_tag,ADE_vs_CV,easy,eu-locality-082,515,1.5588635332785346,1.6292457075972016,4.319923875844733,3.0065617739998314,3.3890032904679863,3.1617325949953337
half1__wrong_tag,ADE_vs_CV,easy,eu-locality-110,2009,1.7801245984575866,1.8571965321602297,4.149907259033892,3.1588707119586084,3.423694293678848,3.2841980969419593
half1__wrong_tag,ADE_vs_CV,easy,eu-locality-112,575,2.039213568745259,2.120126457156666,3.816418031965896,3.2091281752250014,3.4740981954128216,3.337428914790469
half1__wrong_tag,ADE_vs_CV,easy,eu-locality-119,1323,1.8333441587412727,1.9039962115564375,3.710724442955149,3.1622968038813943,3.6686889000354017,3.27321556485438
half1__wrong_tag,ADE_vs_CV,easy,eu-locality-124,739,1.908457643319045,2.0089308960456713,5.001329459584469,3.1319615374584413,3.4277625416985376,3.2764853371884692
half1__wrong_tag,ADE_vs_CV,easy,eu-locality-126,2167,1.421124718069654,1.49949345147157,5.22634715910274,3.0454694324296243,3.3820580386994754,3.17156482441628
half1__legacy,ADE_vs_floor4,all,eu-locality-007,5526,12.950082258624455,12.993174120344346,0.331649998074135,44.65090615136359,77.55701316913978,45.069703016739965
half1__legacy,ADE_vs_floor4,all,eu-locality-074,102348,18.800845648154045,18.956339677512435,0.8202745466882044,62.2610169463007,128.4055861173957,62.89250843609184
half1__legacy,ADE_vs_floor4,all,eu-locality-082,1368,12.995845362258537,13.210524721619661,1.6250630757292384,49.2980412979727,99.68977167861865,50.49887773437855
half1__legacy,ADE_vs_floor4,all,eu-locality-110,8550,29.364207296422702,29.63549283881677,0.9154075617016089,117.99667018094804,259.48904154415425,120.1360528300509
half1__legacy,ADE_vs_floor4,all,eu-locality-112,5004,23.950540722462474,23.99489957613671,0.18486784465792105,84.0880217415388,182.57109000452257,84.24891982432871
half1__legacy,ADE_vs_floor4,all,eu-locality-119,5639,27.86485323353855,28.297560971368505,1.5291343952497094,110.9474248098105,193.66511978163072,112.61105661938669
half1__legacy,ADE_vs_floor4,all,eu-locality-124,3550,41.22432199095255,41.74620276778274,1.2501275379061538,182.09672506160862,333.55000293878123,183.18673156958803
half1__legacy,ADE_vs_floor4,all,eu-locality-126,5790,18.852748406766377,18.99901473132485,0.7698626830227817,82.48422337046588,152.0324442482678,83.50039592159716
half1__legacy,ADE_vs_floor4,easy,eu-locality-007,1784,1.3813537750460192,1.380086758143173,-0.0918070473012067,3.1071340120217665,3.5110754702307347,3.095762922753855
half1__legacy,ADE_vs_floor4,easy,eu-locality-074,17176,2.011335829657655,1.987687399522399,-1.1897459399771826,3.3325330252921486,4.689776503433852,3.2934904825546503
half1__legacy,ADE_vs_floor4,easy,eu-locality-082,515,1.560548919277428,1.5738559331973196,0.8455039396686237,3.007097881111193,3.3890032904679863,3.0267587675843264
half1__legacy,ADE_vs_floor4,easy,eu-locality-110,2009,1.7787613398751931,1.7462521139686404,-1.8616570681005529,3.1582897783326325,3.423694293678848,3.092640408692903
half1__legacy,ADE_vs_floor4,easy,eu-locality-112,575,2.0331848087471927,2.028536946310694,-0.2291238739797974,3.204487212375264,3.440309822134279,3.19705338431151
half1__legacy,ADE_vs_floor4,easy,eu-locality-119,1323,1.8308239038025034,1.8091182714362857,-1.1997906775318423,3.149109357372423,3.6686889000354017,3.1063793508005806
half1__legacy,ADE_vs_floor4,easy,eu-locality-124,739,1.9078361501048517,1.8968364977585341,-0.5798945960453494,3.10808526564369,3.4277625416985376,3.104466541824364
half1__legacy,ADE_vs_floor4,easy,eu-locality-126,2167,1.420142174099549,1.403748247983126,-1.167867966352043,3.0302890941377703,3.3875414675716957,2.961119466719475
half1__legacy,ADE_vs_floor4,hard,eu-locality-007,1057,38.547275019755745,38.797910138720844,0.6460015966554877,78.39374724130228,109.16038099456655,79.62499588488345
half1__legacy,ADE_vs_floor4,hard,eu-locality-074,26162,48.94543469158622,49.51415528436101,1.1486020300833455,117.03257102286759,211.6390317188591,118.75995360354653
half1__legacy,ADE_vs_floor4,hard,eu-locality-082,245,45.432024487337046,46.545071009344724,2.3913305917703243,102.53766462754737,168.16784406720987,102.84492248432812
half1__legacy,ADE_vs_floor4,hard,eu-locality-110,2779,75.65272385922383,76.65846271012249,1.3119736756289857,216.4545636404931,380.302674112872,217.7895967541795
half1__legacy,ADE_vs_floor4,hard,eu-locality-112,1522,57.828199961571265,58.19258397147621,0.6261691525565438,155.91825887565795,273.6944743859,156.09076825692148
half1__legacy,ADE_vs_floor4,hard,eu-locality-119,1922,67.48245176091174,68.7520222271331,1.8465936347692113,171.5382658531569,269.9436062681742,172.96421361324747
half1__legacy,ADE_vs_floor4,hard,eu-locality-124,1375,94.88276276685122,96.39686681913768,1.5706984077887842,270.44699423594955,449.04247371181407,274.49169803893716
half1__legacy,ADE_vs_floor4,hard,eu-locality-126,1386,61.21483461957783,61.92211623475045,1.1422116332253096,146.14029985318288,226.69528204190547,148.87193063177466
half1__legacy,ADE_vs_floor4,complete,eu-locality-007,2882,12.84376722088091,12.90186352905717,0.4502939288221208,45.66658398403935,77.84836732115994,46.30062821751765
half1__legacy,ADE_vs_floor4,complete,eu-locality-074,67309,18.400816997525194,18.572838706695453,0.9262004149545922,60.618375415404905,126.56473357473475,61.37259799632875
half1__legacy,ADE_vs_floor4,complete,eu-locality-082,582,10.091275084809606,10.143542799628378,0.5152806652591546,48.774543886790944,88.77064559267427,48.19172118275565
half1__legacy,ADE_vs_floor4,complete,eu-locality-110,5804,27.217079171862732,27.48806807639725,0.9858419434256471,112.52922582547495,258.6419853064315,115.53160965099059
half1__legacy,ADE_vs_floor4,complete,eu-locality-112,2417,20.168751853053546,20.27600755135542,0.5289783900021439,69.54184990308345,166.24601331759155,70.21707303324524
half1__legacy,ADE_vs_floor4,complete,eu-locality-119,3148,27.07818650582155,27.63647230070257,2.020105130663985,102.83942498191885,188.83867927511324,105.49422795579561
half1__legacy,ADE_vs_floor4,complete,eu-locality-124,2077,37.197359723785574,37.74425896345833,1.448960066224192,171.50287382770406,312.8849015845125,174.2361940078016
half1__legacy,ADE_vs_floor4,complete,eu-locality-126,3637,18.410899975754965,18.545591158320622,0.7262706344371539,79.61625828652348,153.4062776847564,80.6506713700502
half1__legacy,ADE_vs_floor2,all,eu-locality-007,5526,12.950082258624455,12.992941644437396,0.32986668443393263,44.65090615136359,77.55701316913978,44.853057178213376
half1__legacy,ADE_vs_floor2,all,eu-locality-074,102348,18.800845648154045,18.856038226148694,0.2927050599532133,62.2610169463007,128.4055861173957,62.38009691372944
half1__legacy,ADE_vs_floor2,all,eu-locality-082,1368,12.995845362258537,13.023642951386943,0.21343942883081946,49.2980412979727,99.68977167861865,48.96376256586186
half1__legacy,ADE_vs_floor2,all,eu-locality-110,8550,29.364207296422702,29.51477396718288,0.5101400096358177,117.99667018094804,259.48904154415425,118.2161185776719
half1__legacy,ADE_vs_floor2,all,eu-locality-112,5004,23.950540722462474,23.992020804284294,0.1728911547726475,84.0880217415388,182.57109000452257,84.0123896427943
half1__legacy,ADE_vs_floor2,all,eu-locality-119,5639,27.86485323353855,27.8736778776455,0.031659417697527115,110.9474248098105,193.66511978163072,110.86324418212887
half1__legacy,ADE_vs_floor2,all,eu-locality-124,3550,41.22432199095255,41.34336089076494,0.28792748641531807,182.09672506160862,333.55000293878123,182.38572856518616
half1__legacy,ADE_vs_floor2,all,eu-locality-126,5790,18.852748406766377,18.851679354390523,-0.005670860169848524,82.48422337046588,152.0324442482678,82.48422337046588
half1__legacy,ADE_vs_floor2,easy,eu-locality-007,1784,1.3813537750460192,1.3935157321759892,0.8727534859602204,3.1071340120217665,3.5110754702307347,3.1120897927774194
half1__legacy,ADE_vs_floor2,easy,eu-locality-074,17176,2.011335829657655,2.0309640543353753,0.9664486496361757,3.3325330252921486,4.689776503433852,3.3441602938022634
half1__legacy,ADE_vs_floor2,easy,eu-locality-082,515,1.560548919277428,1.5758146490344047,0.9687516083399128,3.007097881111193,3.3890032904679863,3.0267587675843264
half1__legacy,ADE_vs_floor2,easy,eu-locality-110,2009,1.7787613398751931,1.785332285959189,0.3680517142760076,3.1582897783326325,3.423694293678848,3.1654887086362073
half1__legacy,ADE_vs_floor2,easy,eu-locality-112,575,2.0331848087471927,2.0430412553055066,0.4824399180740069,3.204487212375264,3.440309822134279,3.243048046120649
half1__legacy,ADE_vs_floor2,easy,eu-locality-119,1323,1.8308239038025034,1.8479026712123139,0.9242244018515366,3.149109357372423,3.6686889000354017,3.2172226550995475
half1__legacy,ADE_vs_floor2,easy,eu-locality-124,739,1.9078361501048517,1.934147501061008,1.3603590699118207,3.10808526564369,3.4277625416985376,3.1764958676187582
half1__legacy,ADE_vs_floor2,easy,eu-locality-126,2167,1.420142174099549,1.4205685645051396,0.030015475229039357,3.0302890941377703,3.3875414675716957,3.009151678238715
half1__legacy,ADE_vs_floor2,hard,eu-locality-007,1057,38.547275019755745,38.639609733789555,0.23896388879173225,78.39374724130228,109.16038099456655,78.39374724130228
half1__legacy,ADE_vs_floor2,hard,eu-locality-074,26162,48.94543469158622,49.071631173033964,0.25716789605536583,117.03257102286759,211.6390317188591,117.83048355632504
half1__legacy,ADE_vs_floor2,hard,eu-locality-082,245,45.432024487337046,45.47835854420555,0.10188155059173143,102.53766462754737,168.16784406720987,102.53766462754737
half1__legacy,ADE_vs_floor2,hard,eu-locality-110,2779,75.65272385922383,76.06539697709104,0.5425241098675926,216.4545636404931,380.302674112872,216.94572294391477
half1__legacy,ADE_vs_floor2,hard,eu-locality-112,1522,57.828199961571265,57.87169139525725,0.07515148190320176,155.91825887565795,273.6944743859,155.91825887565795
half1__legacy,ADE_vs_floor2,hard,eu-locality-119,1922,67.48245176091174,67.47460039511013,-0.0116360315669084,171.5382658531569,269.9436062681742,171.5382658531569
half1__legacy,ADE_vs_floor2,hard,eu-locality-124,1375,94.88276276685122,95.11771444404908,0.24701148316181865,270.44699423594955,449.04247371181407,272.5195589964772
half1__legacy,ADE_vs_floor2,hard,eu-locality-126,1386,61.21483461957783,61.214690535467994,-0.0002353750522487985,146.14029985318288,226.69528204190547,146.14029985318288
half1__legacy,ADE_vs_floor2,complete,eu-locality-007,2882,12.84376722088091,12.90553774563302,0.4786358071209529,45.66658398403935,77.84836732115994,45.99839461886456
half1__legacy,ADE_vs_floor2,complete,eu-locality-074,67309,18.400816997525194,18.461810447722716,0.3303763212726851,60.618375415404905,126.56473357473475,60.69784015963233
half1__legacy,ADE_vs_floor2,complete,eu-locality-082,582,10.091275084809606,10.128916297042556,0.37162131790881014,48.774543886790944,88.77064559267427,48.19172118275565
half1__legacy,ADE_vs_floor2,complete,eu-locality-110,5804,27.217079171862732,27.3856917943589,0.6156960494636876,112.52922582547495,258.6419853064315,112.94152275923535
half1__legacy,ADE_vs_floor2,complete,eu-locality-112,2417,20.168751853053546,20.220715574959364,0.2569826063434033,69.54184990308345,166.24601331759155,70.00895081757096
half1__legacy,ADE_vs_floor2,complete,eu-locality-119,3148,27.07818650582155,27.093725377883842,0.05735229041251566,102.83942498191885,188.83867927511324,102.83942498191885
half1__legacy,ADE_vs_floor2,complete,eu-locality-124,2077,37.197359723785574,37.38783442338112,0.5094563580190448,171.50287382770406,312.8849015845125,173.47645938279405
half1__legacy,ADE_vs_floor2,complete,eu-locality-126,3637,18.410899975754965,18.412569824994996,0.009069072138778722,79.61625828652348,153.4062776847564,79.61625828652348
half1__legacy,ADE_vs_old_stop4,all,eu-locality-007,5526,12.950082258624455,12.961467385862072,0.08783825857583416,44.65090615136359,77.55701316913978,45.069703016739965
half1__legacy,ADE_vs_old_stop4,all,eu-locality-074,102348,18.800845648154045,18.909128898730224,0.5726506554379118,62.2610169463007,128.4055861173957,62.76299105507239
half1__legacy,ADE_vs_old_stop4,all,eu-locality-082,1368,12.995845362258537,13.125039150014329,0.9843306848776212,49.2980412979727,99.68977167861865,50.49887773437855
half1__legacy,ADE_vs_old_stop4,all,eu-locality-110,8550,29.364207296422702,29.47193740522976,0.3655345331587956,117.99667018094804,259.48904154415425,119.69634221657493
half1__legacy,ADE_vs_old_stop4,all,eu-locality-112,5004,23.950540722462474,23.964707240564607,0.05911408789569528,84.0880217415388,182.57109000452257,84.25451440297194
half1__legacy,ADE_vs_old_stop4,all,eu-locality-119,5639,27.86485323353855,28.287614451101238,1.4945099675813367,110.9474248098105,193.66511978163072,112.61105661938669
half1__legacy,ADE_vs_old_stop4,all,eu-locality-124,3550,41.22432199095255,41.65016491082848,1.0224279322486374,182.09672506160862,333.55000293878123,182.80259922586131
half1__legacy,ADE_vs_old_stop4,all,eu-locality-126,5790,18.852748406766377,18.992021196434774,0.7333226317930874,82.48422337046588,152.0324442482678,83.50039592159716
half1__legacy,ADE_vs_old_stop4,easy,eu-locality-007,1784,1.3813537750460192,1.3710751349134365,-0.7496773787843303,3.1071340120217665,3.5110754702307347,3.0807771662484655
half1__legacy,ADE_vs_old_stop4,easy,eu-locality-074,17176,2.011335829657655,1.9724280425587222,-1.9725833469929732,3.3325330252921486,4.689776503433852,3.3043627637353605
half1__legacy,ADE_vs_old_stop4,easy,eu-locality-082,515,1.560548919277428,1.5420807773746257,-1.197611835499579,3.007097881111193,3.3890032904679863,3.014745339586682
half1__legacy,ADE_vs_old_stop4,easy,eu-locality-110,2009,1.7787613398751931,1.742517164366166,-2.079989583471953,3.1582897783326325,3.423694293678848,3.0955110616221333
half1__legacy,ADE_vs_old_stop4,easy,eu-locality-112,575,2.0331848087471927,2.0091191713984853,-1.1978203031110413,3.204487212375264,3.440309822134279,3.1981735274415564
half1__legacy,ADE_vs_old_stop4,easy,eu-locality-119,1323,1.8308239038025034,1.7698016115480069,-3.4479735952506863,3.149109357372423,3.6686889000354017,3.1151376156366593
half1__legacy,ADE_vs_old_stop4,easy,eu-locality-124,739,1.9078361501048517,1.884765436339182,-1.2240628632537165,3.10808526564369,3.4277625416985376,3.1200034345095826
half1__legacy,ADE_vs_old_stop4,easy,eu-locality-126,2167,1.420142174099549,1.3948648933051984,-1.812166964389994,3.0302890941377703,3.3875414675716957,2.941256197233745
half1__legacy,ADE_vs_old_stop4,hard,eu-locality-007,1057,38.547275019755745,38.709506136845285,0.41909890690938756,78.39374724130228,109.16038099456655,79.62499588488345
half1__legacy,ADE_vs_old_stop4,hard,eu-locality-074,26162,48.94543469158622,49.37727380159812,0.8745705802776116,117.03257102286759,211.6390317188591,118.09817663289087
half1__legacy,ADE_vs_old_stop4,hard,eu-locality-082,245,45.432024487337046,46.491446321568084,2.2787457006678613,102.53766462754737,168.16784406720987,102.84492248432812
half1__legacy,ADE_vs_old_stop4,hard,eu-locality-110,2779,75.65272385922383,76.20386272386979,0.7232426873727604,216.4545636404931,380.302674112872,216.94572294391477
half1__legacy,ADE_vs_old_stop4,hard,eu-locality-112,1522,57.828199961571265,58.16643941068181,0.5815027574963327,155.91825887565795,273.6944743859,156.09076825692148
half1__legacy,ADE_vs_old_stop4,hard,eu-locality-119,1922,67.48245176091174,68.75802660240149,1.8551649960314442,171.5382658531569,269.9436062681742,172.96421361324747
half1__legacy,ADE_vs_old_stop4,hard,eu-locality-124,1375,94.88276276685122,96.2804192863764,1.4516518829939873,270.44699423594955,449.04247371181407,272.5195589964772
half1__legacy,ADE_vs_old_stop4,hard,eu-locality-126,1386,61.21483461957783,61.923921580021116,1.1450937575504971,146.14029985318288,226.69528204190547,148.87193063177466
half1__legacy,ADE_vs_old_stop4,complete,eu-locality-007,2882,12.84376722088091,12.86168386832667,0.13930250213879392,45.66658398403935,77.84836732115994,46.265229520868125
half1__legacy,ADE_vs_old_stop4,complete,eu-locality-074,67309,18.400816997525194,18.531520314597874,0.7053027212760354,60.618375415404905,126.56473357473475,61.24207483860279
half1__legacy,ADE_vs_old_stop4,complete,eu-locality-082,582,10.091275084809606,9.957325566208668,-1.3452359040615258,48.774543886790944,88.77064559267427,48.19172118275565
half1__legacy,ADE_vs_old_stop4,complete,eu-locality-110,5804,27.217079171862732,27.292956516596114,0.2780107193122938,112.52922582547495,258.6419853064315,114.9771086476417
half1__legacy,ADE_vs_old_stop4,complete,eu-locality-112,2417,20.168751853053546,20.242836108568486,0.36597764817934975,69.54184990308345,166.24601331759155,70.21707303324524
half1__legacy,ADE_vs_old_stop4,complete,eu-locality-119,3148,27.07818650582155,27.62437864217673,1.9772105770417547,102.83942498191885,188.83867927511324,105.49422795579561
half1__legacy,ADE_vs_old_stop4,complete,eu-locality-124,2077,37.197359723785574,37.56138741946474,0.9691540187637404,171.50287382770406,312.8849015845125,173.61541077171694
half1__legacy,ADE_vs_old_stop4,complete,eu-locality-126,3637,18.410899975754965,18.537255435066527,0.681629811673945,79.61625828652348,153.4062776847564,80.6506713700502
half1__legacy,FDE_vs_floor4,endpoint,eu-locality-007,3935,27.783978693500874,27.902236355504886,0.42382861537434424,99.69541918818683,170.8952492395845,100.21215859599751
half1__legacy,FDE_vs_floor4,endpoint,eu-locality-074,81289,38.57922855926818,39.06597707145239,1.245965284047379,133.05806304713067,275.6567689569119,135.00163437416214
half1__legacy,FDE_vs_floor4,endpoint,eu-locality-082,859,23.839000800110117,24.446668035792914,2.4856853080881924,112.15624838485036,228.36761182252752,111.79916155617079
half1__legacy,FDE_vs_floor4,endpoint,eu-locality-110,7204,54.91984299157329,55.58919503032184,1.2041045717309684,242.27889290441428,538.0295217792822,246.36789053376893
half1__legacy,FDE_vs_floor4,endpoint,eu-locality-112,3719,46.51665252968704,46.728612703328984,0.4535982589246479,171.69565941656015,400.8090580965843,176.63710402708173
half1__legacy,FDE_vs_floor4,endpoint,eu-locality-119,4147,61.936248380950595,63.460441832879845,2.401800882419225,249.40869261388366,443.83127475441967,261.50946225944824
half1__legacy,FDE_vs_floor4,endpoint,eu-locality-124,2645,80.10689019828762,81.58054113378583,1.8063755339420173,363.49154946109394,708.3601090652618,377.201315538286
half1__legacy,FDE_vs_floor4,endpoint,eu-locality-126,4579,37.580447862058854,38.00292109774537,1.111686216435559,172.0570249440671,348.5815119189075,175.65668558624927
half1__legacy,ADE_vs_CV,easy,eu-locality-007,1784,1.3813537750460192,1.4116372489032123,2.145273077819543,3.1071340120217665,3.5110754702307347,3.1829165280653378
half1__legacy,ADE_vs_CV,easy,eu-locality-074,17176,2.011335829657655,2.0345987086931556,1.1433644844119017,3.3325330252921486,4.689776503433852,3.3227202724286355
half1__legacy,ADE_vs_CV,easy,eu-locality-082,515,1.560548919277428,1.6292457075972016,4.216478091637077,3.007097881111193,3.3890032904679863,3.1617325949953337
half1__legacy,ADE_vs_CV,easy,eu-locality-110,2009,1.7787613398751931,1.8571965321602297,4.223311368872917,3.1582897783326325,3.423694293678848,3.2841980969419593
half1__legacy,ADE_vs_CV,easy,eu-locality-112,575,2.0331848087471927,2.120126457156666,4.100776541700812,3.204487212375264,3.440309822134279,3.337428914790469
half1__legacy,ADE_vs_CV,easy,eu-locality-119,1323,1.8308239038025034,1.9039962115564375,3.8430910371464844,3.149109357372423,3.6686889000354017,3.27321556485438
half1__legacy,ADE_vs_CV,easy,eu-locality-124,739,1.9078361501048517,2.0089308960456713,5.032265974893013,3.10808526564369,3.4277625416985376,3.2764853371884692
half1__legacy,ADE_vs_CV,easy,eu-locality-126,2167,1.420142174099549,1.49949345147157,5.291872218191251,3.0302890941377703,3.3875414675716957,3.17156482441628
half0__producer,global,all,eu-locality-007,5526,13.110047562257318,13.115216971234359,0.03941535232225846,45.12031885331507,78.07088428731419,45.12031885331507
half0__producer,global,all,eu-locality-074,102348,19.10773760450548,19.122972795327428,0.07966957326671631,63.40923915396664,129.69093449478666,63.483812686574794
half0__producer,global,all,eu-locality-082,1368,13.323823994162433,13.346224963749103,0.1678449872343335,51.77887705037489,101.91892546130697,51.77887705037489
half0__producer,global,all,eu-locality-110,8550,29.42384497475811,29.436912166184577,0.04439049636963954,119.34456176702159,263.25099892296544,119.36372334433892
half0__producer,global,all,eu-locality-112,5004,23.937540916080586,23.94626768638052,0.036443133494645785,84.72203923352906,185.7800808901213,84.75159849780272
half0__producer,global,all,eu-locality-119,5639,28.71619128923944,28.722484397352037,0.021910041017125792,114.75386326539757,203.40391732787322,114.75386326539757
half0__producer,global,all,eu-locality-124,3550,41.73993017876174,41.67484450639122,-0.15617496151794086,183.60684465403546,344.5055271166482,183.4575493815521
half0__producer,global,all,eu-locality-126,5790,19.257047295635306,19.255501909154397,-0.008025687869372966,84.47344797543423,153.44702055996248,84.47344797543423
half0__producer,global,easy,eu-locality-007,1784,1.3698536521753937,1.359052364123463,-0.794766142723069,3.097064763087225,3.480627879018509,3.069367262607619
half0__producer,global,easy,eu-locality-074,17176,1.9634483486047227,1.9636678929943043,0.011180321803139215,3.2820950118567964,4.588309808750374,3.2713594802603336
half0__producer,global,easy,eu-locality-082,515,1.5392538096922415,1.5246844278598468,-0.9555670384097326,3.006103213767796,3.4201881240663545,2.990630071668251
half0__producer,global,easy,eu-locality-110,2009,1.7349860675234692,1.7381541562452885,0.18226741917201084,3.0801809974157854,3.3185414737124663,3.083118786733806
half0__producer,global,easy,eu-locality-112,575,1.9994007805919856,2.0074693540930353,0.40192760525079585,3.2111118226286326,3.437643637708687,3.200308656228841
half0__producer,global,easy,eu-locality-119,1323,1.7609758651914853,1.7661226830403043,0.29141904456824186,3.105172572563587,3.4127289920266404,3.104961290084456
half0__producer,global,easy,eu-locality-124,739,1.8591023977273509,1.8744155129991125,0.816954147336324,3.075900596681789,3.3275004528006327,3.077357501930087
half0__producer,global,easy,eu-locality-126,2167,1.3975951015681112,1.3990362675624073,0.10301133914184524,2.964803974728191,3.2758646727619967,2.964803974728191
half0__producer,global,hard,eu-locality-007,1057,39.14275044962423,39.185051818615726,0.10795282136490947,79.62499588488345,113.44169226202258,80.55862777744943
half0__producer,global,hard,eu-locality-074,26162,49.8824129882669,49.94048107258609,0.11627457940340813,117.03423439410491,212.67125157842563,117.20214576893692
half0__producer,global,hard,eu-locality-082,245,47.65117542228883,47.82649210479861,0.3665681399455778,102.89538275989119,169.5400402883042,102.89538275989119
half0__producer,global,hard,eu-locality-110,2779,76.12275975432314,76.17248134565753,0.06527500542979903,216.94572294391477,381.2975959811301,216.94572294391477
half0__producer,global,hard,eu-locality-112,1522,58.13608531504798,58.16374298145917,0.04755138681499238,153.7479339587823,273.8161229399875,153.7479339587823
half0__producer,global,hard,eu-locality-119,1922,69.97933913698829,70.00541705491722,0.037251285723316485,177.23099669317207,274.0657360837586,177.23099669317207
half0__producer,global,hard,eu-locality-124,1375,96.53959947758541,96.37226419954321,-0.1736342706400773,274.49169803893716,454.9614884293962,272.5195589964772
half0__producer,global,hard,eu-locality-126,1386,62.912411760873006,62.90530589994022,-0.011296123325577057,149.034458234894,231.2736903008077,149.034458234894
half0__producer,global,complete,eu-locality-007,2882,13.066796303266896,13.056972228673411,-0.07524006654400228,46.759975865848155,78.38155397781499,46.74065980246463
half0__producer,global,complete,eu-locality-074,67309,18.776272127107763,18.788779603275444,0.06656885881773933,61.917084987337965,127.68733142209835,61.931937648853015
half0__producer,global,complete,eu-locality-082,582,10.139716177061088,10.133921132818195,-0.05718461952626264,48.02343140325714,88.77064559267427,48.02343140325714
half0__producer,global,complete,eu-locality-110,5804,27.255769849781807,27.279148348305835,0.0857009838633016,113.24011948844057,261.2022447121896,113.3694961946414
half0__producer,global,complete,eu-locality-112,2417,20.210743454640443,20.21071605153513,-0.0001355870086205968,69.55732193239137,157.72654095861347,69.55732193239137
half0__producer,global,complete,eu-locality-119,3148,28.24331101744155,28.255728278930132,0.043945996953265176,113.34434584338538,205.2067029563877,113.34434584338538
half0__producer,global,complete,eu-locality-124,2077,37.62088440405493,37.50826412286892,-0.3002545807427426,175.09465635709043,316.4037738037055,173.77717009904575
half0__producer,global,complete,eu-locality-126,3637,18.860796509188415,18.862394538222247,0.008472036944162653,82.29934861119713,154.75367598594238,82.29934861119713
half0__producer,global,endpoint_FDE,eu-locality-007,3935,28.280322637631883,28.309203343618247,0.10201878744452442,100.06463769655943,177.28662372270986,100.48938799867375
half0__producer,global,endpoint_FDE,eu-locality-074,81289,39.642363599913196,39.68009795735845,0.09509643218573727,136.470891712965,278.1482189760447,136.65308809561085
half0__producer,global,endpoint_FDE,eu-locality-082,859,24.884169644558302,24.88732690913213,0.012686234184000611,114.66976098816347,234.87918667739171,114.66976098816347
half0__producer,global,endpoint_FDE,eu-locality-110,7204,55.14843865168201,55.17528253299427,0.04865200517316648,241.0290256771495,564.5845203875991,241.83111787860653
half0__producer,global,endpoint_FDE,eu-locality-112,3719,46.636007727925815,46.67398872638992,0.08137508599652676,179.16457362474185,414.1148860954396,179.47085533836557
half0__producer,global,endpoint_FDE,eu-locality-119,4147,64.82649202435474,64.84190322685338,0.023767350635472972,271.2378850704833,484.5542592170748,271.2378850704833
half0__producer,global,endpoint_FDE,eu-locality-124,2645,81.4126173960139,81.1948430038796,-0.2682120983027225,372.2649807819272,749.8979417287693,371.7975279685446
half0__producer,global,endpoint_FDE,eu-locality-126,4579,38.8248205199933,38.82393873523036,-0.0022712398372481957,179.49904784550725,353.97292963652524,179.49904784550725
half0__producer,placebo,all,eu-locality-007,5526,13.110047562257318,13.113230048221899,0.024269275783905808,45.12031885331507,78.07088428731419,45.21315464750449
half0__producer,placebo,all,eu-locality-074,102348,19.10773760450548,19.11955641937044,0.061815319381497424,63.40923915396664,129.69093449478666,63.464044100350044
half0__producer,placebo,all,eu-locality-082,1368,13.323823994162433,13.34871962615321,0.18650202182687314,51.77887705037489,101.91892546130697,51.77887705037489
half0__producer,placebo,all,eu-locality-110,8550,29.42384497475811,29.441485637471118,0.059917705683143474,119.34456176702159,263.25099892296544,119.36372334433892
half0__producer,placebo,all,eu-locality-112,5004,23.937540916080586,23.946737605987916,0.03840477170063972,84.72203923352906,185.7800808901213,84.75159849780272
half0__producer,placebo,all,eu-locality-119,5639,28.71619128923944,28.723403158169923,0.02510798908740286,114.75386326539757,203.40391732787322,114.75386326539757
half0__producer,placebo,all,eu-locality-124,3550,41.73993017876174,41.67138158098544,-0.1644980204053903,183.60684465403546,344.5055271166482,183.4575493815521
half0__producer,placebo,all,eu-locality-126,5790,19.257047295635306,19.25344145382685,-0.018728297572701003,84.47344797543423,153.44702055996248,84.47344797543423
half0__producer,placebo,easy,eu-locality-007,1784,1.3698536521753937,1.3623913385246342,-0.5477364278343444,3.097064763087225,3.480627879018509,3.069704794506349
half0__producer,placebo,easy,eu-locality-074,17176,1.9634483486047227,1.962254832876204,-0.06082368653257397,3.2820950118567964,4.588309808750374,3.2708126060207223
half0__producer,placebo,easy,eu-locality-082,515,1.5392538096922415,1.5266145730848102,-0.8279258452178473,3.006103213767796,3.4201881240663545,2.990630071668251
half0__producer,placebo,easy,eu-locality-110,2009,1.7349860675234692,1.7402569222897677,0.30287796582146864,3.0801809974157854,3.3185414737124663,3.083118786733806
half0__producer,placebo,easy,eu-locality-112,575,1.9994007805919856,2.0058358695612197,0.3208183215230753,3.2111118226286326,3.437643637708687,3.200308656228841
half0__producer,placebo,easy,eu-locality-119,1323,1.7609758651914853,1.7656275960558774,0.263460475741506,3.105172572563587,3.4127289920266404,3.105172572563587
half0__producer,placebo,easy,eu-locality-124,739,1.8591023977273509,1.8714639278102583,0.6605272962632691,3.075900596681789,3.3275004528006327,3.077357501930087
half0__producer,placebo,easy,eu-locality-126,2167,1.3975951015681112,1.3979559110528854,0.025809789988473497,2.964803974728191,3.2758646727619967,2.964803974728191
half0__producer,placebo,hard,eu-locality-007,1057,39.14275044962423,39.19201918459377,0.12571114220342183,79.62499588488345,113.44169226202258,80.55862777744943
half0__producer,placebo,hard,eu-locality-074,26162,49.8824129882669,49.92662434595298,0.08855266757017421,117.03423439410491,212.67125157842563,117.03423439410491
half0__producer,placebo,hard,eu-locality-082,245,47.65117542228883,47.805089118530674,0.3219609022382941,102.89538275989119,169.5400402883042,102.89538275989119
half0__producer,placebo,hard,eu-locality-110,2779,76.12275975432314,76.17967256262509,0.07470865440535324,216.94572294391477,381.2975959811301,216.94572294391477
half0__producer,placebo,hard,eu-locality-112,1522,58.13608531504798,58.16374298145917,0.04755138681499238,153.7479339587823,273.8161229399875,153.7479339587823
half0__producer,placebo,hard,eu-locality-119,1922,69.97933913698829,70.00801871412236,0.04096613168155239,177.23099669317207,274.0657360837586,177.23099669317207
half0__producer,placebo,hard,eu-locality-124,1375,96.53959947758541,96.37250876376157,-0.17338006031724085,274.49169803893716,454.9614884293962,272.5195589964772
half0__producer,placebo,hard,eu-locality-126,1386,62.912411760873006,62.90064060839578,-0.018713883298127065,149.034458234894,231.2736903008077,149.034458234894
half0__producer,placebo,complete,eu-locality-007,2882,13.066796303266896,13.054645599125918,-0.09307571047192376,46.759975865848155,78.38155397781499,46.74065980246463
half0__producer,placebo,complete,eu-locality-074,67309,18.776272127107763,18.786236021208417,0.05303826742837359,61.917084987337965,127.68733142209835,61.9228250830945
half0__producer,placebo,complete,eu-locality-082,582,10.139716177061088,10.134899811011946,-0.04752258176157209,48.02343140325714,88.77064559267427,48.02343140325714
half0__producer,placebo,complete,eu-locality-110,5804,27.255769849781807,27.280893795417335,0.09209355757892057,113.24011948844057,261.2022447121896,113.3694961946414
half0__producer,placebo,complete,eu-locality-112,2417,20.210743454640443,20.212235435791776,0.007381574176057448,69.55732193239137,157.72654095861347,69.55732193239137
half0__producer,placebo,complete,eu-locality-119,3148,28.24331101744155,28.25773085228521,0.05102969845328653,113.34434584338538,205.2067029563877,113.34434584338538
half0__producer,placebo,complete,eu-locality-124,2077,37.62088440405493,37.50362464942675,-0.31266245789385305,175.09465635709043,316.4037738037055,173.77717009904575
half0__producer,placebo,complete,eu-locality-126,3637,18.860796509188415,18.859610537178717,-0.0062884225915382785,82.29934861119713,154.75367598594238,82.29934861119713
half0__producer,placebo,endpoint_FDE,eu-locality-007,3935,28.280322637631883,28.309588883819973,0.10337926950545473,100.06463769655943,177.28662372270986,100.48938799867375
half0__producer,placebo,endpoint_FDE,eu-locality-074,81289,39.642363599913196,39.676036790034686,0.08487034705529917,136.470891712965,278.1482189760447,136.52764137859788
half0__producer,placebo,endpoint_FDE,eu-locality-082,859,24.884169644558302,24.87783778411909,-0.025451811745691444,114.66976098816347,234.87918667739171,114.66976098816347
half0__producer,placebo,endpoint_FDE,eu-locality-110,7204,55.14843865168201,55.184799305420434,0.06588889367376005,241.0290256771495,564.5845203875991,241.83111787860653
half0__producer,placebo,endpoint_FDE,eu-locality-112,3719,46.636007727925815,46.67503691241294,0.08361896865848317,179.16457362474185,414.1148860954396,179.47085533836557
half0__producer,placebo,endpoint_FDE,eu-locality-119,4147,64.82649202435474,64.84832555129228,0.03366860555292783,271.2378850704833,484.5542592170748,271.2378850704833
half0__producer,placebo,endpoint_FDE,eu-locality-124,2645,81.4126173960139,81.18796872902475,-0.2767019184073183,372.2649807819272,749.8979417287693,371.7975279685446
half0__producer,placebo,endpoint_FDE,eu-locality-126,4579,38.8248205199933,38.8239395691637,-0.00226909180103263,179.49904784550725,353.97292963652524,179.49904784550725
half0__producer,wrong_tag,all,eu-locality-007,5526,13.110047562257318,13.117677293611676,0.05816373724999435,45.12031885331507,78.07088428731419,45.00724434474006
half0__producer,wrong_tag,all,eu-locality-074,102348,19.10773760450548,19.135285287477426,0.14396275027043215,63.40923915396664,129.69093449478666,63.464044100350044
half0__producer,wrong_tag,all,eu-locality-082,1368,13.323823994162433,13.366550026198984,0.31964891428832853,51.77887705037489,101.91892546130697,51.77887705037489
half0__producer,wrong_tag,all,eu-locality-110,8550,29.42384497475811,29.435670436487815,0.04017391672874737,119.34456176702159,263.25099892296544,119.36372334433892
half0__producer,wrong_tag,all,eu-locality-112,5004,23.937540916080586,23.95136840839641,0.0577315336645845,84.72203923352906,185.7800808901213,84.72203923352906
half0__producer,wrong_tag,all,eu-locality-119,5639,28.71619128923944,28.720410912444848,0.014692071148536545,114.75386326539757,203.40391732787322,114.75386326539757
half0__producer,wrong_tag,all,eu-locality-124,3550,41.73993017876174,41.72428915005402,-0.037486627157301555,183.60684465403546,344.5055271166482,183.60684465403546
half0__producer,wrong_tag,all,eu-locality-126,5790,19.257047295635306,19.26029182591642,0.016845696370737517,84.47344797543423,153.44702055996248,84.47344797543423
half0__producer,wrong_tag,easy,eu-locality-007,1784,1.3698536521753937,1.363395821105972,-0.4736578306498762,3.097064763087225,3.480627879018509,3.0852239438869624
half0__producer,wrong_tag,easy,eu-locality-074,17176,1.9634483486047227,1.9640439749644951,0.030326528701229982,3.2820950118567964,4.588309808750374,3.2772253718599123
half0__producer,wrong_tag,easy,eu-locality-082,515,1.5392538096922415,1.538091791750884,-0.07554932336220066,3.006103213767796,3.4201881240663545,3.007097881111193
half0__producer,wrong_tag,easy,eu-locality-110,2009,1.7349860675234692,1.7348845899708416,-0.005849239379629445,3.0801809974157854,3.3185414737124663,3.0898125758131276
half0__producer,wrong_tag,easy,eu-locality-112,575,1.9994007805919856,2.01508456454091,0.7783188966313914,3.2111118226286326,3.437643637708687,3.183865667590678
half0__producer,wrong_tag,easy,eu-locality-119,1323,1.7609758651914853,1.7772888839396566,0.9178597185625081,3.105172572563587,3.4127289920266404,3.099725754264882
half0__producer,wrong_tag,easy,eu-locality-124,739,1.8591023977273509,1.8762930172097358,0.916201218291024,3.075900596681789,3.3275004528006327,3.097630182337231
half0__producer,wrong_tag,easy,eu-locality-126,2167,1.3975951015681112,1.4068164755182464,0.6554781032641954,2.964803974728191,3.2758646727619967,2.9808149121641767
half0__producer,wrong_tag,hard,eu-locality-007,1057,39.14275044962423,39.187331112393565,0.11376294711541446,79.62499588488345,113.44169226202258,80.55862777744943
half0__producer,wrong_tag,hard,eu-locality-074,26162,49.8824129882669,49.93628053213816,0.10787255938414786,117.03423439410491,212.67125157842563,117.03423439410491
half0__producer,wrong_tag,hard,eu-locality-082,245,47.65117542228883,47.70291832827858,0.10846905766574988,102.89538275989119,169.5400402883042,102.89538275989119
half0__producer,wrong_tag,hard,eu-locality-110,2779,76.12275975432314,76.16273082198616,0.052481137731841265,216.94572294391477,381.2975959811301,216.94572294391477
half0__producer,wrong_tag,hard,eu-locality-112,1522,58.13608531504798,58.15889771843195,0.039224270539683914,153.7479339587823,273.8161229399875,155.91825887565795
half0__producer,wrong_tag,hard,eu-locality-119,1922,69.97933913698829,69.98358037170624,0.006060328287615935,177.23099669317207,274.0657360837586,177.23099669317207
half0__producer,wrong_tag,hard,eu-locality-124,1375,96.53959947758541,96.47484808225502,-0.06711738511906429,274.49169803893716,454.9614884293962,274.49169803893716
half0__producer,wrong_tag,hard,eu-locality-126,1386,62.912411760873006,62.91122009966903,-0.0018941950292505894,149.034458234894,231.2736903008077,149.034458234894
half0__producer,wrong_tag,complete,eu-locality-007,2882,13.066796303266896,13.070452556427092,0.0279734243662344,46.759975865848155,78.38155397781499,46.555270821648136
half0__producer,wrong_tag,complete,eu-locality-074,67309,18.776272127107763,18.80443156705809,0.1497489559836307,61.917084987337965,127.68733142209835,61.89529676625845
half0__producer,wrong_tag,complete,eu-locality-082,582,10.139716177061088,10.165279789718237,0.2514796757783877,48.02343140325714,88.77064559267427,48.02343140325714
half0__producer,wrong_tag,complete,eu-locality-110,5804,27.255769849781807,27.271984650174932,0.059455887061821144,113.24011948844057,261.2022447121896,113.3694961946414
half0__producer,wrong_tag,complete,eu-locality-112,2417,20.210743454640443,20.244377991826592,0.16614260610885445,69.55732193239137,157.72654095861347,69.55732193239137
half0__producer,wrong_tag,complete,eu-locality-119,3148,28.24331101744155,28.248936801204582,0.01991502831637515,113.34434584338538,205.2067029563877,113.34434584338538
half0__producer,wrong_tag,complete,eu-locality-124,2077,37.62088440405493,37.640797537491274,0.052903059284314935,175.09465635709043,316.4037738037055,175.09465635709043
half0__producer,wrong_tag,complete,eu-locality-126,3637,18.860796509188415,18.864538974909458,0.01983862805245984,82.29934861119713,154.75367598594238,82.29934861119713
half0__producer,wrong_tag,endpoint_FDE,eu-locality-007,3935,28.280322637631883,28.312741560421692,0.11450294462167498,100.06463769655943,177.28662372270986,100.21215859599751
half0__producer,wrong_tag,endpoint_FDE,eu-locality-074,81289,39.642363599913196,39.722249642259165,0.20111157617059838,136.470891712965,278.1482189760447,136.4923362463109
half0__producer,wrong_tag,endpoint_FDE,eu-locality-082,859,24.884169644558302,24.943517993529003,0.23793094857789132,114.66976098816347,234.87918667739171,114.66976098816347
half0__producer,wrong_tag,endpoint_FDE,eu-locality-110,7204,55.14843865168201,55.184536358032744,0.06541272018041333,241.0290256771495,564.5845203875991,241.83111787860653
half0__producer,wrong_tag,endpoint_FDE,eu-locality-112,3719,46.636007727925815,46.68563648028336,0.1063041142825627,179.16457362474185,414.1148860954396,179.16457362474185
half0__producer,wrong_tag,endpoint_FDE,eu-locality-119,4147,64.82649202435474,64.84665945185472,0.031100179516507787,271.2378850704833,484.5542592170748,271.2378850704833
half0__producer,wrong_tag,endpoint_FDE,eu-locality-124,2645,81.4126173960139,81.43735722876482,0.03037897298340253,372.2649807819272,749.8979417287693,372.2649807819272
half0__producer,wrong_tag,endpoint_FDE,eu-locality-126,4579,38.8248205199933,38.838264289731256,0.034614754247674906,179.49904784550725,353.97292963652524,179.49904784550725
half0__producer,legacy,all,eu-locality-007,5526,13.110047562257318,13.128492399502125,0.1404947093963882,45.12031885331507,78.07088428731419,45.33443719301822
half0__producer,legacy,all,eu-locality-074,102348,19.10773760450548,19.128629771503025,0.10921935991813347,63.40923915396664,129.69093449478666,63.47369633190215
half0__producer,legacy,all,eu-locality-082,1368,13.323823994162433,13.344258490213033,0.1531332450250944,51.77887705037489,101.91892546130697,51.77887705037489
half0__producer,legacy,all,eu-locality-110,8550,29.42384497475811,29.43835484738709,0.04928900648218937,119.34456176702159,263.25099892296544,119.36372334433892
half0__producer,legacy,all,eu-locality-112,5004,23.937540916080586,23.960566916269933,0.09609956337766068,84.72203923352906,185.7800808901213,84.75159849780272
half0__producer,legacy,all,eu-locality-119,5639,28.71619128923944,28.72768036122692,0.03999303752691974,114.75386326539757,203.40391732787322,114.75386326539757
half0__producer,legacy,all,eu-locality-124,3550,41.73993017876174,41.6785519113795,-0.14726583474575783,183.60684465403546,344.5055271166482,183.4575493815521
half0__producer,legacy,all,eu-locality-126,5790,19.257047295635306,19.25571354404426,-0.006926523849637434,84.47344797543423,153.44702055996248,84.47344797543423
half0__producer,legacy,easy,eu-locality-007,1784,1.3698536521753937,1.3677221022300452,-0.15584671344222034,3.097064763087225,3.480627879018509,3.078958833845241
half0__producer,legacy,easy,eu-locality-074,17176,1.9634483486047227,1.9623377826714443,-0.05659402489650578,3.2820950118567964,4.588309808750374,3.274014884540763
half0__producer,legacy,easy,eu-locality-082,515,1.5392538096922415,1.5410773108963345,0.11832639356895713,3.006103213767796,3.4201881240663545,2.9972384499573077
half0__producer,legacy,easy,eu-locality-110,2009,1.7349860675234692,1.7375244328800536,0.14609091581964107,3.0801809974157854,3.3185414737124663,3.082281151704903
half0__producer,legacy,easy,eu-locality-112,575,1.9994007805919856,2.0029520147895092,0.17730001374480775,3.2111118226286326,3.437643637708687,3.197730107030075
half0__producer,legacy,easy,eu-locality-119,1323,1.7609758651914853,1.7697587029543427,0.49627317826976824,3.105172572563587,3.4127289920266404,3.1041518204040046
half0__producer,legacy,easy,eu-locality-124,739,1.8591023977273509,1.8755200167450568,0.8753635722959952,3.075900596681789,3.3275004528006327,3.097630182337231
half0__producer,legacy,easy,eu-locality-126,2167,1.3975951015681112,1.3922072767708082,-0.3869987527862939,2.964803974728191,3.2758646727619967,2.951129823416238
half0__producer,legacy,hard,eu-locality-007,1057,39.14275044962423,39.22197331794368,0.2019859319092543,79.62499588488345,113.44169226202258,80.55862777744943
half0__producer,legacy,hard,eu-locality-074,26162,49.8824129882669,49.95165288154137,0.13861381812263485,117.03423439410491,212.67125157842563,117.12877162365004
half0__producer,legacy,hard,eu-locality-082,245,47.65117542228883,47.82367524649156,0.360699639485329,102.89538275989119,169.5400402883042,102.89538275989119
half0__producer,legacy,hard,eu-locality-110,2779,76.12275975432314,76.17783203193294,0.07229436194339245,216.94572294391477,381.2975959811301,216.94572294391477
half0__producer,legacy,hard,eu-locality-112,1522,58.13608531504798,58.205858823792184,0.1198736865225758,153.7479339587823,273.8161229399875,155.91825887565795
half0__producer,legacy,hard,eu-locality-119,1922,69.97933913698829,70.00554055756555,0.037427638396303475,177.23099669317207,274.0657360837586,177.23099669317207
half0__producer,legacy,hard,eu-locality-124,1375,96.53959947758541,96.37466763658284,-0.1711360931738959,274.49169803893716,454.9614884293962,272.5195589964772
half0__producer,legacy,hard,eu-locality-126,1386,62.912411760873006,62.91072251298893,-0.002685150983161577,149.034458234894,231.2736903008077,149.034458234894
half0__producer,legacy,complete,eu-locality-007,2882,13.066796303266896,13.068154444630572,0.01039275568276432,46.759975865848155,78.38155397781499,46.759975865848155
half0__producer,legacy,complete,eu-locality-074,67309,18.776272127107763,18.79290091753219,0.08848442556792513,61.917084987337965,127.68733142209835,61.9228250830945
half0__producer,legacy,complete,eu-locality-082,582,10.139716177061088,10.12710468005665,-0.12453210866154585,48.02343140325714,88.77064559267427,48.02343140325714
half0__producer,legacy,complete,eu-locality-110,5804,27.255769849781807,27.261078787556148,0.019474422915222167,113.24011948844057,261.2022447121896,113.3694961946414
half0__producer,legacy,complete,eu-locality-112,2417,20.210743454640443,20.247889530890678,0.18345653354915337,69.55732193239137,157.72654095861347,69.55732193239137
half0__producer,legacy,complete,eu-locality-119,3148,28.24331101744155,28.264081759199282,0.07348811801032307,113.34434584338538,205.2067029563877,113.34434584338538
half0__producer,legacy,complete,eu-locality-124,2077,37.62088440405493,37.5097865580296,-0.29618362624763694,175.09465635709043,316.4037738037055,173.77717009904575
half0__producer,legacy,complete,eu-locality-126,3637,18.860796509188415,18.861341070486986,0.002887182287503176,82.29934861119713,154.75367598594238,82.29934861119713
half0__producer,legacy,endpoint_FDE,eu-locality-007,3935,28.280322637631883,28.31954807413348,0.1385101075727424,100.06463769655943,177.28662372270986,100.48938799867375
half0__producer,legacy,endpoint_FDE,eu-locality-074,81289,39.642363599913196,39.69156638679072,0.12396282474227416,136.470891712965,278.1482189760447,136.65773621941074
half0__producer,legacy,endpoint_FDE,eu-locality-082,859,24.884169644558302,24.880191992925724,-0.01598722242057704,114.66976098816347,234.87918667739171,114.66976098816347
half0__producer,legacy,endpoint_FDE,eu-locality-110,7204,55.14843865168201,55.16282890691565,0.02608686958009976,241.0290256771495,564.5845203875991,241.83111787860653
half0__producer,legacy,endpoint_FDE,eu-locality-112,3719,46.636007727925815,46.70448308083073,0.14661409010009452,179.16457362474185,414.1148860954396,179.47085533836557
half0__producer,legacy,endpoint_FDE,eu-locality-119,4147,64.82649202435474,64.85983816668588,0.051412620311264146,271.2378850704833,484.5542592170748,271.2378850704833
half0__producer,legacy,endpoint_FDE,eu-locality-124,2645,81.4126173960139,81.19631522837608,-0.26639406853554704,372.2649807819272,749.8979417287693,371.7975279685446
half0__producer,legacy,endpoint_FDE,eu-locality-126,4579,38.8248205199933,38.82705712894379,0.005760439023394515,179.49904784550725,353.97292963652524,180.4641691093821
half1__producer,global,all,eu-locality-007,5526,12.94148759583704,12.93588373869939,-0.04332024970885584,44.558128930674414,77.2831555301788,44.65090615136359
half1__producer,global,all,eu-locality-074,102348,18.781798161262326,18.79592355791404,0.07515138379974307,62.162592588254945,128.4055861173957,62.236072509581916
half1__producer,global,all,eu-locality-082,1368,13.007681445918566,12.98913113456941,-0.14281410478478307,48.96376256586186,99.68977167861865,49.2980412979727
half1__producer,global,all,eu-locality-110,8550,29.34099609953421,29.357835629382198,0.057359575346671576,117.78182079404979,259.48904154415425,117.78182079404979
half1__producer,global,all,eu-locality-112,5004,23.924329542891613,23.930189613110862,0.02448818966331867,84.0123896427943,181.26239158697405,84.0880217415388
half1__producer,global,all,eu-locality-119,5639,27.856720586052397,27.8629691883229,0.022426189500013294,110.9474248098105,193.66511978163072,110.9474248098105
half1__producer,global,all,eu-locality-124,3550,41.30320631309486,41.23783389040724,-0.15852535528746436,182.38572856518616,334.55067044545154,182.09672506160862
half1__producer,global,all,eu-locality-126,5790,18.847383179340948,18.853619134072222,0.03307563755758913,82.48422337046588,152.0324442482678,82.48422337046588
half1__producer,global,easy,eu-locality-007,1784,1.374326394801055,1.3804430166289727,0.4430912217481153,3.09118362630044,3.457455363081332,3.1066551841430345
half1__producer,global,easy,eu-locality-074,17176,2.005995010028349,2.0125723634790105,0.3268132649546951,3.3297352694762425,4.676343796837371,3.3356628086453073
half1__producer,global,easy,eu-locality-082,515,1.5622800504909824,1.55811825859908,-0.26710372392684256,3.0135421032011274,3.373691740174566,3.0210760996931043
half1__producer,global,easy,eu-locality-110,2009,1.7760881129254422,1.7811888291507934,0.2863658328568608,3.1435342563184956,3.436026387122726,3.1654887086362073
half1__producer,global,easy,eu-locality-112,575,2.038735327175998,2.0360023138529986,-0.1342342935665597,3.20202780411046,3.471252316986191,3.2091281752250014
half1__producer,global,easy,eu-locality-119,1323,1.831762658037732,1.8305341441605114,-0.06711231697804632,3.1484532130992924,3.6128619279130545,3.149109357372423
half1__producer,global,easy,eu-locality-124,739,1.9078583969740577,1.9065803297982546,-0.06703453066350118,3.107956923877788,3.4277625416985376,3.107956923877788
half1__producer,global,easy,eu-locality-126,2167,1.418820005630009,1.423161721540584,0.30507537160815446,3.0198022526357384,3.3870947145455186,3.0593149603990017
half1__producer,global,hard,eu-locality-007,1057,38.511031295794766,38.49480124184111,-0.04216167749948596,77.85208972425117,109.16038099456655,78.39374724130228
half1__producer,global,hard,eu-locality-074,26162,48.90245581466777,48.92502185460298,0.04612371968331086,116.9773095775901,210.7066182431045,116.98156890250854
half1__producer,global,hard,eu-locality-082,245,45.45231904917228,45.392025366829316,-0.1328287994547761,102.53766462754737,168.16784406720987,100.11313249968725
half1__producer,global,hard,eu-locality-110,2779,75.59672326805888,75.6180260910938,0.02817162009658425,216.4545636404931,380.302674112872,216.4545636404931
half1__producer,global,hard,eu-locality-112,1522,57.77410703562166,57.753602630566064,-0.03550324849301845,153.7479339587823,273.8161229399875,153.7479339587823
half1__producer,global,hard,eu-locality-119,1922,67.46689498900065,67.48091783658727,0.020780463627623202,171.5382658531569,269.9436062681742,171.5382658531569
half1__producer,global,hard,eu-locality-124,1375,95.09671775541423,94.91270841312665,-0.19387218567892273,272.5195589964772,449.04247371181407,270.44699423594955
half1__producer,global,hard,eu-locality-126,1386,61.20428435357156,61.21241265837019,0.013278850556008859,146.14029985318288,226.69528204190547,146.14029985318288
half1__producer,global,complete,eu-locality-007,2882,12.842278944588042,12.82937523833312,-0.10057938142122858,45.565413951794106,77.84836732115994,45.9018446508157
half1__producer,global,complete,eu-locality-074,67309,18.37905737648814,18.396349957327644,0.09400006457592758,60.5406310928959,126.85469642384092,60.607030432151625
half1__producer,global,complete,eu-locality-082,582,10.105329734721392,10.087873682894584,-0.1730399524768833,48.19172118275565,88.77064559267427,48.774543886790944
half1__producer,global,complete,eu-locality-110,5804,27.19305647616958,27.209857733135877,0.06174694895899613,112.51790429634886,258.6419853064315,112.51790429634886
half1__producer,global,complete,eu-locality-112,2417,20.113666816507173,20.12128052756051,0.037839097978431546,69.62857372530627,157.7201102240589,69.97519556304846
half1__producer,global,complete,eu-locality-119,3148,27.066978837059484,27.07810902848694,0.04110402028348892,102.83942498191885,188.83867927511324,102.83942498191885
half1__producer,global,complete,eu-locality-124,2077,37.32943450367522,37.22003569638512,-0.29392450932208547,173.47645938279405,315.79700044017295,173.10971397244984
half1__producer,global,complete,eu-locality-126,3637,18.403858141541427,18.41182074238845,0.043247221219633314,79.61625828652348,153.4062776847564,79.61625828652348
half1__producer,global,endpoint_FDE,eu-locality-007,3935,27.762772507429602,27.757589800416124,-0.01867131494752705,99.61743889382252,170.8952492395845,99.71622877416675
half1__producer,global,endpoint_FDE,eu-locality-074,81289,38.52099022150228,38.56526864145804,0.11481423963985993,132.93657813171114,275.61455489818724,133.02375034812815
half1__producer,global,endpoint_FDE,eu-locality-082,859,23.887914416795592,23.82485210797643,-0.264691291821495,112.15624838485036,228.36761182252752,112.15624838485036
half1__producer,global,endpoint_FDE,eu-locality-110,7204,54.86356238693058,54.91409115817394,0.09201421743977312,241.83111787860653,538.0295217792822,241.83111787860653
half1__producer,global,endpoint_FDE,eu-locality-112,3719,46.424900563157756,46.44993721346253,0.05390028879850295,171.80682724118,400.7906134861205,171.21483359183495
half1__producer,global,endpoint_FDE,eu-locality-119,4147,61.923871580017604,61.939265303347604,0.024852931746299767,249.40869261388366,445.5820913837266,249.40869261388366
half1__producer,global,endpoint_FDE,eu-locality-124,2645,80.32043365015134,80.16418610406232,-0.19490941489281877,369.1876895580035,714.9459718436315,365.9169922482375
half1__producer,global,endpoint_FDE,eu-locality-126,4579,37.562437649437044,37.57881315128873,0.04357642106939119,172.0570249440671,348.5815119189075,172.0570249440671
half1__producer,placebo,all,eu-locality-007,5526,12.94148759583704,12.939011161858874,-0.019139283112035166,44.558128930674414,77.2831555301788,44.65090615136359
half1__producer,placebo,all,eu-locality-074,102348,18.781798161262326,18.795823292332102,0.07461833861514,62.162592588254945,128.4055861173957,62.253127173264545
half1__producer,placebo,all,eu-locality-082,1368,13.007681445918566,12.999119234645256,-0.0658676262503155,48.96376256586186,99.68977167861865,49.2980412979727
half1__producer,placebo,all,eu-locality-110,8550,29.34099609953421,29.357688225286644,0.056857766266682486,117.78182079404979,259.48904154415425,117.78182079404979
half1__producer,placebo,all,eu-locality-112,5004,23.924329542891613,23.931778436577826,0.03112553338212587,84.0123896427943,181.26239158697405,84.0880217415388
half1__producer,placebo,all,eu-locality-119,5639,27.856720586052397,27.863849854726404,0.025586086313189593,110.9474248098105,193.66511978163072,110.9474248098105
half1__producer,placebo,all,eu-locality-124,3550,41.30320631309486,41.22903713359538,-0.1798954927304086,182.38572856518616,334.55067044545154,182.09672506160862
half1__producer,placebo,all,eu-locality-126,5790,18.847383179340948,18.852904086609815,0.029284121127992613,82.48422337046588,152.0324442482678,82.48422337046588
half1__producer,placebo,easy,eu-locality-007,1784,1.374326394801055,1.381582008029783,0.5251670321818169,3.09118362630044,3.457455363081332,3.1071340120217665
half1__producer,placebo,easy,eu-locality-074,17176,2.005995010028349,2.0125730596774374,0.3268477443568174,3.3297352694762425,4.676343796837371,3.333241239797051
half1__producer,placebo,easy,eu-locality-082,515,1.5622800504909824,1.56211534067177,-0.01054402417823841,3.0135421032011274,3.373691740174566,3.0563419365597975
half1__producer,placebo,easy,eu-locality-110,2009,1.7760881129254422,1.7801911882296948,0.23048509235308323,3.1435342563184956,3.436026387122726,3.167763551439453
half1__producer,placebo,easy,eu-locality-112,575,2.038735327175998,2.0390819422679476,0.01699858572452584,3.20202780411046,3.471252316986191,3.208787904209013
half1__producer,placebo,easy,eu-locality-119,1323,1.831762658037732,1.83329239913753,0.08344228670329468,3.1484532130992924,3.6128619279130545,3.149109357372423
half1__producer,placebo,easy,eu-locality-124,739,1.9078583969740577,1.9150923596432519,0.3777344018301987,3.107956923877788,3.4277625416985376,3.1225359560643335
half1__producer,placebo,easy,eu-locality-126,2167,1.418820005630009,1.4234013838719886,0.32186130306527394,3.0198022526357384,3.3870947145455186,3.0553412423933515
half1__producer,placebo,hard,eu-locality-007,1057,38.511031295794766,38.49398141285188,-0.04429233432630131,77.85208972425117,109.16038099456655,78.39374724130228
half1__producer,placebo,hard,eu-locality-074,26162,48.90245581466777,48.92280839469344,0.04160141392839378,116.9773095775901,210.7066182431045,116.98156890250854
half1__producer,placebo,hard,eu-locality-082,245,45.45231904917228,45.419718706580596,-0.0717757474507641,102.53766462754737,168.16784406720987,102.53766462754737
half1__producer,placebo,hard,eu-locality-110,2779,75.59672326805888,75.6197117767252,0.030400153777621064,216.4545636404931,380.302674112872,216.4545636404931
half1__producer,placebo,hard,eu-locality-112,1522,57.77410703562166,57.751019326934745,-0.03997801070179108,153.7479339587823,273.8161229399875,153.7479339587823
half1__producer,placebo,hard,eu-locality-119,1922,67.46689498900065,67.4788696962103,0.017745862169238347,171.5382658531569,269.9436062681742,171.5382658531569
half1__producer,placebo,hard,eu-locality-124,1375,95.09671775541423,94.88395456779106,-0.22423516029905777,272.5195589964772,449.04247371181407,270.44699423594955
half1__producer,placebo,hard,eu-locality-126,1386,61.20428435357156,61.21335609027505,0.014819864949267014,146.14029985318288,226.69528204190547,146.14029985318288
half1__producer,placebo,complete,eu-locality-007,2882,12.842278944588042,12.83441148960545,-0.06129969409944813,45.565413951794106,77.84836732115994,45.9018446508157
half1__producer,placebo,complete,eu-locality-074,67309,18.37905737648814,18.396934598766325,0.09717500588050099,60.5406310928959,126.85469642384092,60.618375415404905
half1__producer,placebo,complete,eu-locality-082,582,10.105329734721392,10.09651090729934,-0.08734529683591674,48.19172118275565,88.77064559267427,48.774543886790944
half1__producer,placebo,complete,eu-locality-110,5804,27.19305647616958,27.20927031381415,0.05958938794599078,112.51790429634886,258.6419853064315,112.51790429634886
half1__producer,placebo,complete,eu-locality-112,2417,20.113666816507173,20.125184490640653,0.05723015428173994,69.62857372530627,157.7201102240589,69.97519556304846
half1__producer,placebo,complete,eu-locality-119,3148,27.066978837059484,27.07801349552211,0.0407513589002817,102.83942498191885,188.83867927511324,102.83942498191885
half1__producer,placebo,complete,eu-locality-124,2077,37.32943450367522,37.20397760408038,-0.3372136735752873,173.47645938279405,315.79700044017295,171.50287382770406
half1__producer,placebo,complete,eu-locality-126,3637,18.403858141541427,18.41097672858527,0.03866490707572501,79.61625828652348,153.4062776847564,79.61625828652348
half1__producer,placebo,endpoint_FDE,eu-locality-007,3935,27.762772507429602,27.766210416325688,0.012381628045521342,99.61743889382252,170.8952492395845,99.71622877416675
half1__producer,placebo,endpoint_FDE,eu-locality-074,81289,38.52099022150228,38.565898942929124,0.11644671240076399,132.93657813171114,275.61455489818724,133.04224213340018
half1__producer,placebo,endpoint_FDE,eu-locality-082,859,23.887914416795592,23.841671203792906,-0.1939596121740328,112.15624838485036,228.36761182252752,112.15624838485036
half1__producer,placebo,endpoint_FDE,eu-locality-110,7204,54.86356238693058,54.91414135058807,0.09210553495605511,241.83111787860653,538.0295217792822,241.83111787860653
half1__producer,placebo,endpoint_FDE,eu-locality-112,3719,46.424900563157756,46.45672721220203,0.06850816007528682,171.80682724118,400.7906134861205,171.21483359183495
half1__producer,placebo,endpoint_FDE,eu-locality-119,4147,61.923871580017604,61.94012312148696,0.026237502688664094,249.40869261388366,445.5820913837266,249.40869261388366
half1__producer,placebo,endpoint_FDE,eu-locality-124,2645,80.32043365015134,80.12172137112424,-0.24801299276469013,369.1876895580035,714.9459718436315,363.49154946109394
half1__producer,placebo,endpoint_FDE,eu-locality-126,4579,37.562437649437044,37.578005676428006,0.04142856096466252,172.0570249440671,348.5815119189075,172.0570249440671
half1__producer,wrong_tag,all,eu-locality-007,5526,12.94148759583704,12.934280447231034,-0.055721295323785114,44.558128930674414,77.2831555301788,44.57032253839725
half1__producer,wrong_tag,all,eu-locality-074,102348,18.781798161262326,18.784665990570176,0.015266863458140989,62.162592588254945,128.4055861173957,62.187264324911396
half1__producer,wrong_tag,all,eu-locality-082,1368,13.007681445918566,12.984601410510994,-0.17774927914913086,48.96376256586186,99.68977167861865,48.96376256586186
half1__producer,wrong_tag,all,eu-locality-110,8550,29.34099609953421,29.353364637584647,0.042136696093098,117.78182079404979,259.48904154415425,117.78182079404979
half1__producer,wrong_tag,all,eu-locality-112,5004,23.924329542891613,23.92265259018197,-0.007009894506149195,84.0123896427943,181.26239158697405,84.0123896427943
half1__producer,wrong_tag,all,eu-locality-119,5639,27.856720586052397,27.861613385808766,0.017561078350403214,110.9474248098105,193.66511978163072,110.9474248098105
half1__producer,wrong_tag,all,eu-locality-124,3550,41.30320631309486,41.23121190604923,-0.1746114259500331,182.38572856518616,334.55067044545154,182.09672506160862
half1__producer,wrong_tag,all,eu-locality-126,5790,18.847383179340948,18.8472287838174,-0.0008191948286828676,82.48422337046588,152.0324442482678,82.48422337046588
half1__producer,wrong_tag,easy,eu-locality-007,1784,1.374326394801055,1.3801962116574664,0.42528857903200157,3.09118362630044,3.457455363081332,3.097107777270111
half1__producer,wrong_tag,easy,eu-locality-074,17176,2.005995010028349,2.0121701363254734,0.3068888751326604,3.3297352694762425,4.676343796837371,3.3334265594411994
half1__producer,wrong_tag,easy,eu-locality-082,515,1.5622800504909824,1.5588635332785346,-0.21916717785182005,3.0135421032011274,3.373691740174566,3.0065617739998314
half1__producer,wrong_tag,easy,eu-locality-110,2009,1.7760881129254422,1.7801245984575866,0.2267529776085242,3.1435342563184956,3.436026387122726,3.1588707119586084
half1__producer,wrong_tag,easy,eu-locality-112,575,2.038735327175998,2.039213568745259,0.023452255153222357,3.20202780411046,3.471252316986191,3.2091281752250014
half1__producer,wrong_tag,easy,eu-locality-119,1323,1.831762658037732,1.8333441587412727,0.08626316537461154,3.1484532130992924,3.6128619279130545,3.1622968038813943
half1__producer,wrong_tag,easy,eu-locality-124,739,1.9078583969740577,1.908457643319045,0.03139950981281281,3.107956923877788,3.4277625416985376,3.1319615374584413
half1__producer,wrong_tag,easy,eu-locality-126,2167,1.418820005630009,1.421124718069654,0.16217524122551508,3.0198022526357384,3.3870947145455186,3.0454694324296243
half1__producer,wrong_tag,hard,eu-locality-007,1057,38.511031295794766,38.48723314478518,-0.06183388377143384,77.85208972425117,109.16038099456655,77.85208972425117
half1__producer,wrong_tag,hard,eu-locality-074,26162,48.90245581466777,48.88787466594198,-0.029825695687168974,116.9773095775901,210.7066182431045,116.98156890250854
half1__producer,wrong_tag,hard,eu-locality-082,245,45.45231904917228,45.39261827116115,-0.1315208954339342,102.53766462754737,168.16784406720987,102.53766462754737
half1__producer,wrong_tag,hard,eu-locality-110,2779,75.59672326805888,75.612246949552,0.02053064433262808,216.4545636404931,380.302674112872,216.4545636404931
half1__producer,wrong_tag,hard,eu-locality-112,1522,57.77410703562166,57.73878170141062,-0.06118129473828837,153.7479339587823,273.8161229399875,152.53455621945463
half1__producer,wrong_tag,hard,eu-locality-119,1922,67.46689498900065,67.47765375050477,0.015944184342719936,171.5382658531569,269.9436062681742,171.5382658531569
half1__producer,wrong_tag,hard,eu-locality-124,1375,95.09671775541423,94.90419555824224,-0.20285952168874744,272.5195589964772,449.04247371181407,270.44699423594955
half1__producer,wrong_tag,hard,eu-locality-126,1386,61.20428435357156,61.199524150935325,-0.0077781693604173086,146.14029985318288,226.69528204190547,146.14029985318288
half1__producer,wrong_tag,complete,eu-locality-007,2882,12.842278944588042,12.837717044039682,-0.035535138628706164,45.565413951794106,77.84836732115994,45.66658398403935
half1__producer,wrong_tag,complete,eu-locality-074,67309,18.37905737648814,18.38243786777056,0.018389787615402664,60.5406310928959,126.85469642384092,60.53557246732822
half1__producer,wrong_tag,complete,eu-locality-082,582,10.105329734721392,10.076162863632632,-0.2894640696413431,48.19172118275565,88.77064559267427,48.19172118275565
half1__producer,wrong_tag,complete,eu-locality-110,5804,27.19305647616958,27.204772697664325,0.043066786938272816,112.51790429634886,258.6419853064315,112.51790429634886
half1__producer,wrong_tag,complete,eu-locality-112,2417,20.113666816507173,20.11442924896469,0.003790475225917689,69.62857372530627,157.7201102240589,69.97519556304846
half1__producer,wrong_tag,complete,eu-locality-119,3148,27.066978837059484,27.075809209847066,0.03261351385343003,102.83942498191885,188.83867927511324,102.83942498191885
half1__producer,wrong_tag,complete,eu-locality-124,2077,37.32943450367522,37.212882774961194,-0.3132026331280402,173.47645938279405,315.79700044017295,173.10971397244984
half1__producer,wrong_tag,complete,eu-locality-126,3637,18.403858141541427,18.40257968274647,-0.006947171630256044,79.61625828652348,153.4062776847564,79.61625828652348
half1__producer,wrong_tag,endpoint_FDE,eu-locality-007,3935,27.762772507429602,27.740759952548917,-0.07935094394795339,99.61743889382252,170.8952492395845,99.66386382738094
half1__producer,wrong_tag,endpoint_FDE,eu-locality-074,81289,38.52099022150228,38.5289227514728,0.02058850703323678,132.93657813171114,275.61455489818724,132.79167776433223
half1__producer,wrong_tag,endpoint_FDE,eu-locality-082,859,23.887914416795592,23.796281070426346,-0.3850742311290345,112.15624838485036,228.36761182252752,112.15624838485036
half1__producer,wrong_tag,endpoint_FDE,eu-locality-110,7204,54.86356238693058,54.90164928777299,0.06937296299200923,241.83111787860653,538.0295217792822,241.83111787860653
half1__producer,wrong_tag,endpoint_FDE,eu-locality-112,3719,46.424900563157756,46.43088603552076,0.012891143964866014,171.80682724118,400.7906134861205,171.6450709732378
half1__producer,wrong_tag,endpoint_FDE,eu-locality-119,4147,61.923871580017604,61.92807591024041,0.006789053528644118,249.40869261388366,445.5820913837266,249.40869261388366
half1__producer,wrong_tag,endpoint_FDE,eu-locality-124,2645,80.32043365015134,80.14212912648946,-0.22248538391145267,369.1876895580035,714.9459718436315,365.9169922482375
half1__producer,wrong_tag,endpoint_FDE,eu-locality-126,4579,37.562437649437044,37.557938657086616,-0.011978805310652874,172.0570249440671,348.5815119189075,172.0570249440671
half1__producer,legacy,all,eu-locality-007,5526,12.94148759583704,12.950082258624455,0.0663676308441219,44.558128930674414,77.2831555301788,44.65090615136359
half1__producer,legacy,all,eu-locality-074,102348,18.781798161262326,18.800845648154045,0.10131186249906499,62.162592588254945,128.4055861173957,62.2610169463007
half1__producer,legacy,all,eu-locality-082,1368,13.007681445918566,12.995845362258537,-0.0910759041070408,48.96376256586186,99.68977167861865,49.2980412979727
half1__producer,legacy,all,eu-locality-110,8550,29.34099609953421,29.364207296422702,0.07904588281298919,117.78182079404979,259.48904154415425,117.99667018094804
half1__producer,legacy,all,eu-locality-112,5004,23.924329542891613,23.950540722462474,0.10943878000332363,84.0123896427943,181.26239158697405,84.0880217415388
half1__producer,legacy,all,eu-locality-119,5639,27.856720586052397,27.86485323353855,0.029186040988593565,110.9474248098105,193.66511978163072,110.9474248098105
half1__producer,legacy,all,eu-locality-124,3550,41.30320631309486,41.22432199095255,-0.19135383757100666,182.38572856518616,334.55067044545154,182.09672506160862
half1__producer,legacy,all,eu-locality-126,5790,18.847383179340948,18.852748406766377,0.02845859558335828,82.48422337046588,152.0324442482678,82.48422337046588
half1__producer,legacy,easy,eu-locality-007,1784,1.374326394801055,1.3813537750460192,0.5087313888674339,3.09118362630044,3.457455363081332,3.1071340120217665
half1__producer,legacy,easy,eu-locality-074,17176,2.005995010028349,2.011335829657655,0.2655359463374696,3.3297352694762425,4.676343796837371,3.3325330252921486
half1__producer,legacy,easy,eu-locality-082,515,1.5622800504909824,1.560548919277428,-0.11093091617762063,3.0135421032011274,3.373691740174566,3.007097881111193
half1__producer,legacy,easy,eu-locality-110,2009,1.7760881129254422,1.7787613398751931,0.15028586971305158,3.1435342563184956,3.436026387122726,3.1582897783326325
half1__producer,legacy,easy,eu-locality-112,575,2.038735327175998,2.0331848087471927,-0.27299625714916065,3.20202780411046,3.471252316986191,3.204487212375264
half1__producer,legacy,easy,eu-locality-119,1323,1.831762658037732,1.8308239038025034,-0.05127496059444958,3.1484532130992924,3.6128619279130545,3.149109357372423
half1__producer,legacy,easy,eu-locality-124,739,1.9078583969740577,1.9078361501048517,-0.0011660786071621132,3.107956923877788,3.4277625416985376,3.10808526564369
half1__producer,legacy,easy,eu-locality-126,2167,1.418820005630009,1.420142174099549,0.09310113407330345,3.0198022526357384,3.3870947145455186,3.0302890941377703
half1__producer,legacy,hard,eu-locality-007,1057,38.511031295794766,38.547275019755745,0.09402408845347043,77.85208972425117,109.16038099456655,78.39374724130228
half1__producer,legacy,hard,eu-locality-074,26162,48.90245581466777,48.94543469158622,0.08780977672232515,116.9773095775901,210.7066182431045,117.03257102286759
half1__producer,legacy,hard,eu-locality-082,245,45.45231904917228,45.432024487337046,-0.04467016837625959,102.53766462754737,168.16784406720987,102.53766462754737
half1__producer,legacy,hard,eu-locality-110,2779,75.59672326805888,75.65272385922383,0.07402323182593706,216.4545636404931,380.302674112872,216.4545636404931
half1__producer,legacy,hard,eu-locality-112,1522,57.77410703562166,57.828199961571265,0.09354073961415077,153.7479339587823,273.8161229399875,155.91825887565795
half1__producer,legacy,hard,eu-locality-119,1922,67.46689498900065,67.48245176091174,0.02305306269281271,171.5382658531569,269.9436062681742,171.5382658531569
half1__producer,legacy,hard,eu-locality-124,1375,95.09671775541423,94.88276276685122,-0.22549405426648406,272.5195589964772,449.04247371181407,270.44699423594955
half1__producer,legacy,hard,eu-locality-126,1386,61.20428435357156,61.21483461957783,0.017234819095457432,146.14029985318288,226.69528204190547,146.14029985318288
half1__producer,legacy,complete,eu-locality-007,2882,12.842278944588042,12.84376722088091,0.011587537108648238,45.565413951794106,77.84836732115994,45.66658398403935
half1__producer,legacy,complete,eu-locality-074,67309,18.37905737648814,18.400816997525194,0.11825355928477554,60.5406310928959,126.85469642384092,60.618375415404905
half1__producer,legacy,complete,eu-locality-082,582,10.105329734721392,10.091275084809606,-0.13927526297388138,48.19172118275565,88.77064559267427,48.774543886790944
half1__producer,legacy,complete,eu-locality-110,5804,27.19305647616958,27.217079171862732,0.08826331268487753,112.51790429634886,258.6419853064315,112.52922582547495
half1__producer,legacy,complete,eu-locality-112,2417,20.113666816507173,20.168751853053546,0.2731207015075343,69.62857372530627,157.7201102240589,69.54184990308345
half1__producer,legacy,complete,eu-locality-119,3148,27.066978837059484,27.07818650582155,0.04139002720753293,102.83942498191885,188.83867927511324,102.83942498191885
half1__producer,legacy,complete,eu-locality-124,2077,37.32943450367522,37.197359723785574,-0.35506493167900555,173.47645938279405,315.79700044017295,171.50287382770406
half1__producer,legacy,complete,eu-locality-126,3637,18.403858141541427,18.410899975754965,0.03824818027805543,79.61625828652348,153.4062776847564,79.61625828652348
half1__producer,legacy,endpoint_FDE,eu-locality-007,3935,27.762772507429602,27.783978693500874,0.07632523154875726,99.61743889382252,170.8952492395845,99.69541918818683
half1__producer,legacy,endpoint_FDE,eu-locality-074,81289,38.52099022150228,38.57922855926818,0.15095775613146456,132.93657813171114,275.61455489818724,133.05806304713067
half1__producer,legacy,endpoint_FDE,eu-locality-082,859,23.887914416795592,23.839000800110117,-0.20518316642386125,112.15624838485036,228.36761182252752,112.15624838485036
half1__producer,legacy,endpoint_FDE,eu-locality-110,7204,54.86356238693058,54.91984299157329,0.10247772312703685,241.83111787860653,538.0295217792822,242.27889290441428
half1__producer,legacy,endpoint_FDE,eu-locality-112,3719,46.424900563157756,46.51665252968704,0.19724541973593634,171.80682724118,400.7906134861205,171.69565941656015
half1__producer,legacy,endpoint_FDE,eu-locality-119,4147,61.923871580017604,61.936248380950595,0.01998312984161643,249.40869261388366,445.5820913837266,249.40869261388366
half1__producer,legacy,endpoint_FDE,eu-locality-124,2645,80.32043365015134,80.10689019828762,-0.2665731391334081,369.1876895580035,714.9459718436315,363.49154946109394
half1__producer,legacy,endpoint_FDE,eu-locality-126,4579,37.562437649437044,37.580447862058854,0.047924422529288524,172.0570249440671,348.5815119189075,172.0570249440671
