policy,comparison,subset,locality,rows,model_error,reference_error,gain_percent,model_p95,model_p99,reference_p95
half0__global,ADE_vs_floor4,all,eu-locality-007,5526,13.065315811192795,12.988977358692967,-0.5877171881336629,44.985397614414396,79.39679952205759,45.00724434474006
half0__global,ADE_vs_floor4,all,eu-locality-074,102348,19.105692551445326,18.928758643144462,-0.9347359308474523,63.21199611849729,129.69093449478666,62.90487006757357
half0__global,ADE_vs_floor4,all,eu-locality-082,1368,13.351719180835351,13.382109547963138,0.22709698361729203,51.63995873727773,101.83257521269763,51.425477538041534
half0__global,ADE_vs_floor4,all,eu-locality-110,8550,29.421560400090286,29.590760616109456,0.5718008340990566,119.34553890275312,264.91095623574716,119.69634221657493
half0__global,ADE_vs_floor4,all,eu-locality-112,5004,23.91335504934764,23.94523325402535,0.1331296477237287,84.54985488129502,185.7800808901213,84.7327219344217
half0__global,ADE_vs_floor4,all,eu-locality-119,5639,28.692297510059873,28.264676571861138,-1.5129164386917138,114.45336587739244,202.80832216018405,112.61105661938669
half0__global,ADE_vs_floor4,all,eu-locality-124,3550,41.5874670266498,41.708148345881874,0.28934710366731453,182.80259922586131,336.20062332280685,183.4575493815521
half0__global,ADE_vs_floor4,all,eu-locality-126,5790,19.206684619196302,18.990172104699553,-1.1401292905774518,84.27867518159785,153.3589935989857,83.50039592159716
half0__global,ADE_vs_floor4,easy,eu-locality-007,1784,1.3664085065087297,1.3704141625684736,0.2922952906613596,3.1073096707552113,3.498723147824572,3.069367262607619
half0__global,ADE_vs_floor4,easy,eu-locality-074,17176,1.9432769689743101,1.9753301234777456,1.6226733001470706,3.3275211401308047,4.580457436595817,3.2693935131203515
half0__global,ADE_vs_floor4,easy,eu-locality-082,515,1.536299335227458,1.5708147140080164,2.1972915374907864,3.007097881111193,3.403722230149994,3.0305478831342776
half0__global,ADE_vs_floor4,easy,eu-locality-110,2009,1.7545860188420233,1.7398333075084131,-0.8479382059156659,3.1280396308640035,3.6347622879025967,3.0739867959322544
half0__global,ADE_vs_floor4,easy,eu-locality-112,575,2.019182854383951,2.0216492814735574,0.12200074029699026,3.196914847975881,3.5075922033321474,3.1780176558709265
half0__global,ADE_vs_floor4,easy,eu-locality-119,1323,1.7375690168594509,1.8083397066073579,3.9135727368769913,3.1130605242341036,3.518113916242953,3.099600206318804
half0__global,ADE_vs_floor4,easy,eu-locality-124,739,1.8651701425252285,1.8896930090669188,1.297716953178496,3.104466541824364,3.4164245256500045,3.0841436643812377
half0__global,ADE_vs_floor4,easy,eu-locality-126,2167,1.3947327056976324,1.4008583701146202,0.4372793529788921,2.9849823593378524,3.3920125003403236,2.953123766367965
half0__global,ADE_vs_floor4,hard,eu-locality-007,1057,39.107420336887216,38.85684622224942,-0.6448647767360871,80.55862777744943,112.04683381609054,79.62499588488345
half0__global,ADE_vs_floor4,hard,eu-locality-074,26162,49.84263027242022,49.499371913581456,-0.6934600290243065,117.24010756917868,211.89824771714012,118.25169417871308
half0__global,ADE_vs_floor4,hard,eu-locality-082,245,47.68954197692872,47.48178753237176,-0.4375455418887064,102.84674059840476,169.5400402883042,102.84492248432812
half0__global,ADE_vs_floor4,hard,eu-locality-110,2779,76.0939668028011,76.58741773950138,0.6442976552345159,217.68084921801116,381.2975959811301,217.7895967541795
half0__global,ADE_vs_floor4,hard,eu-locality-112,1522,58.06049535080559,58.108785974817565,0.083103825354236,153.79209340963874,273.8161229399875,156.09076825692148
half0__global,ADE_vs_floor4,hard,eu-locality-119,1922,69.90602955042256,68.68626363823714,-1.7758513093823147,177.53604680510867,274.8305239891827,173.15048247872713
half0__global,ADE_vs_floor4,hard,eu-locality-124,1375,96.13544404387932,96.33462236475047,0.20675673603308686,271.53074393806423,454.9614884293962,275.01545124860064
half0__global,ADE_vs_floor4,hard,eu-locality-126,1386,62.714848179928836,61.909088531110136,-1.3015207749566438,148.59888619871583,231.2736903008077,149.0788796981218
half0__global,ADE_vs_floor4,complete,eu-locality-007,2882,12.989466198201676,12.889350295774541,-0.7767335057993874,46.30062821751765,79.58424742220402,46.30062821751765
half0__global,ADE_vs_floor4,complete,eu-locality-074,67309,18.78032537166434,18.54360055520876,-1.2765849639113647,61.76457347952579,127.50613173456122,61.417892088748516
half0__global,ADE_vs_floor4,complete,eu-locality-082,582,10.13485358509352,10.194464812089912,0.5847411128997893,48.02343140325714,88.77064559267427,48.02343140325714
half0__global,ADE_vs_floor4,complete,eu-locality-110,5804,27.25676600828597,27.434625922932916,0.6483045008398247,113.30025239364029,261.5364238541321,115.53160965099059
half0__global,ADE_vs_floor4,complete,eu-locality-112,2417,20.178479175748652,20.19441322222265,0.07890324070650712,69.45492121836293,157.72654095861347,69.68715616447264
half0__global,ADE_vs_floor4,complete,eu-locality-119,3148,28.208788309696818,27.609577352417112,-2.170301086580184,113.34434584338538,205.2067029563877,105.7965450702576
half0__global,ADE_vs_floor4,complete,eu-locality-124,2077,37.46316230356013,37.7156695905191,0.669502330730043,170.3671774096124,315.79700044017295,174.2361940078016
half0__global,ADE_vs_floor4,complete,eu-locality-126,3637,18.794291115527734,18.53411054882052,-1.4037931090454814,81.97929742677579,153.4885792234334,80.6506713700502
half0__global,ADE_vs_floor2,all,eu-locality-007,5526,13.065315811192795,13.081825162659008,0.1262006735370358,44.985397614414396,79.39679952205759,45.12031885331507
half0__global,ADE_vs_floor2,all,eu-locality-074,102348,19.105692551445326,19.17219153103587,0.3468512166848403,63.21199611849729,129.69093449478666,63.464044100350044
half0__global,ADE_vs_floor2,all,eu-locality-082,1368,13.351719180835351,13.456314094325641,0.7772924499019895,51.63995873727773,101.83257521269763,51.63995873727773
half0__global,ADE_vs_floor2,all,eu-locality-110,8550,29.421560400090286,29.539535710278336,0.3993810577970658,119.34553890275312,264.91095623574716,119.34553890275312
half0__global,ADE_vs_floor2,all,eu-locality-112,5004,23.91335504934764,23.949646753736086,0.1515333598095192,84.54985488129502,185.7800808901213,84.54985488129502
half0__global,ADE_vs_floor2,all,eu-locality-119,5639,28.692297510059873,28.710093985698723,0.06198682473040895,114.45336587739244,202.80832216018405,114.45336587739244
half0__global,ADE_vs_floor2,all,eu-locality-124,3550,41.5874670266498,41.69425784800475,0.25612836603126077,182.80259922586131,336.20062332280685,183.18673156958803
half0__global,ADE_vs_floor2,all,eu-locality-126,5790,19.206684619196302,19.214455088806975,0.040440749294001765,84.27867518159785,153.3589935989857,84.27867518159785
half0__global,ADE_vs_floor2,easy,eu-locality-007,1784,1.3664085065087297,1.3735265254228959,0.5182294467865889,3.1073096707552113,3.498723147824572,3.107048691891239
half0__global,ADE_vs_floor2,easy,eu-locality-074,17176,1.9432769689743101,1.972150257287924,1.4640511394562794,3.3275211401308047,4.580457436595817,3.266173954671538
half0__global,ADE_vs_floor2,easy,eu-locality-082,515,1.536299335227458,1.569765009211788,2.131890683506432,3.007097881111193,3.403722230149994,3.0135421032011274
half0__global,ADE_vs_floor2,easy,eu-locality-110,2009,1.7545860188420233,1.740721452653286,-0.7964839042802874,3.1280396308640035,3.6347622879025967,3.076685094995319
half0__global,ADE_vs_floor2,easy,eu-locality-112,575,2.019182854383951,2.0171169785858285,-0.10241725294339865,3.196914847975881,3.5075922033321474,3.1733691092259093
half0__global,ADE_vs_floor2,easy,eu-locality-119,1323,1.7375690168594509,1.80367408467925,3.6650228764336212,3.1130605242341036,3.518113916242953,3.099608287483954
half0__global,ADE_vs_floor2,easy,eu-locality-124,739,1.8651701425252285,1.8881114918061501,1.2150420873174306,3.104466541824364,3.4164245256500045,3.0748363905528384
half0__global,ADE_vs_floor2,easy,eu-locality-126,2167,1.3947327056976324,1.4077021844510513,0.9213226275184394,2.9849823593378524,3.3920125003403236,2.9855865277269253
half0__global,ADE_vs_floor2,hard,eu-locality-007,1057,39.107420336887216,39.140430613251446,0.08433805108177816,80.55862777744943,112.04683381609054,80.47971720089258
half0__global,ADE_vs_floor2,hard,eu-locality-074,26162,49.84263027242022,50.04711976811148,0.40859393435374036,117.24010756917868,211.89824771714012,118.09817663289087
half0__global,ADE_vs_floor2,hard,eu-locality-082,245,47.68954197692872,47.940723326855014,0.5239415104644207,102.84674059840476,169.5400402883042,102.89538275989119
half0__global,ADE_vs_floor2,hard,eu-locality-110,2779,76.0939668028011,76.43859644359877,0.4508581486735608,217.68084921801116,381.2975959811301,218.74772388146727
half0__global,ADE_vs_floor2,hard,eu-locality-112,1522,58.06049535080559,58.121452179339876,0.10487836461173794,153.79209340963874,273.8161229399875,154.68252676977258
half0__global,ADE_vs_floor2,hard,eu-locality-119,1922,69.90602955042256,69.89825268381013,-0.011125981428472542,177.53604680510867,274.8305239891827,177.53604680510867
half0__global,ADE_vs_floor2,hard,eu-locality-124,1375,96.13544404387932,96.29222568033022,0.16281858202279453,271.53074393806423,454.9614884293962,272.5195589964772
half0__global,ADE_vs_floor2,hard,eu-locality-126,1386,62.714848179928836,62.697681486490886,-0.027380108850838525,148.59888619871583,231.2736903008077,148.59888619871583
half0__global,ADE_vs_floor2,complete,eu-locality-007,2882,12.989466198201676,12.997725337517265,0.06354295925725673,46.30062821751765,79.58424742220402,46.555270821648136
half0__global,ADE_vs_floor2,complete,eu-locality-074,67309,18.78032537166434,18.843159793881274,0.3334601144620031,61.76457347952579,127.50613173456122,61.94495457614405
half0__global,ADE_vs_floor2,complete,eu-locality-082,582,10.13485358509352,10.292165152486293,1.5284594160906106,48.02343140325714,88.77064559267427,48.02343140325714
half0__global,ADE_vs_floor2,complete,eu-locality-110,5804,27.25676600828597,27.401166217889905,0.5269856343182111,113.30025239364029,261.5364238541321,113.30025239364029
half0__global,ADE_vs_floor2,complete,eu-locality-112,2417,20.178479175748652,20.232732912604032,0.2681483371017146,69.45492121836293,157.72654095861347,69.45492121836293
half0__global,ADE_vs_floor2,complete,eu-locality-119,3148,28.208788309696818,28.234655924665894,0.09161654046040413,113.34434584338538,205.2067029563877,113.34434584338538
half0__global,ADE_vs_floor2,complete,eu-locality-124,2077,37.46316230356013,37.63604127462286,0.45934419563754547,170.3671774096124,315.79700044017295,173.10971397244984
half0__global,ADE_vs_floor2,complete,eu-locality-126,3637,18.794291115527734,18.800555719325157,0.033321375660100294,81.97929742677579,153.4885792234334,81.97929742677579
half0__global,ADE_vs_old_stop4,all,eu-locality-007,5526,13.065315811192795,12.961150220682853,-0.8036755128701278,44.985397614414396,79.39679952205759,44.84717682318422
half0__global,ADE_vs_old_stop4,all,eu-locality-074,102348,19.105692551445326,18.863154002187642,-1.285779404809806,63.21199611849729,129.69093449478666,62.705569462485954
half0__global,ADE_vs_old_stop4,all,eu-locality-082,1368,13.351719180835351,13.29583266729295,-0.4203310536532223,51.63995873727773,101.83257521269763,51.425477538041534
half0__global,ADE_vs_old_stop4,all,eu-locality-110,8550,29.421560400090286,29.394594283576424,-0.09173835247975326,119.34553890275312,264.91095623574716,119.3597312433166
half0__global,ADE_vs_old_stop4,all,eu-locality-112,5004,23.91335504934764,23.90808095365577,-0.02205988720755947,84.54985488129502,185.7800808901213,84.7327219344217
half0__global,ADE_vs_old_stop4,all,eu-locality-119,5639,28.692297510059873,28.251508226866342,-1.5602327481205158,114.45336587739244,202.80832216018405,112.76082577567496
half0__global,ADE_vs_old_stop4,all,eu-locality-124,3550,41.5874670266498,41.62594498506041,0.09243744117861663,182.80259922586131,336.20062332280685,183.4575493815521
half0__global,ADE_vs_old_stop4,all,eu-locality-126,5790,19.206684619196302,18.974798126502012,-1.2220762041753375,84.27867518159785,153.3589935989857,83.50039592159716
half0__global,ADE_vs_old_stop4,easy,eu-locality-007,1784,1.3664085065087297,1.356525867278389,-0.7285256749411051,3.1073096707552113,3.498723147824572,3.0689285641734325
half0__global,ADE_vs_old_stop4,easy,eu-locality-074,17176,1.9432769689743101,1.9434107087645942,0.006881704916050779,3.3275211401308047,4.580457436595817,3.3214611677886943
half0__global,ADE_vs_old_stop4,easy,eu-locality-082,515,1.536299335227458,1.5466135774354102,0.666891999296626,3.007097881111193,3.403722230149994,3.0135421032011274
half0__global,ADE_vs_old_stop4,easy,eu-locality-110,2009,1.7545860188420233,1.7587685994539886,0.23781301379065534,3.1280396308640035,3.6347622879025967,3.1277408574043135
half0__global,ADE_vs_old_stop4,easy,eu-locality-112,575,2.019182854383951,2.020394039009353,0.05994794094700273,3.196914847975881,3.5075922033321474,3.1788599791555168
half0__global,ADE_vs_old_stop4,easy,eu-locality-119,1323,1.7375690168594509,1.7370171938916548,-0.03176842288818982,3.1130605242341036,3.518113916242953,3.1149774940305295
half0__global,ADE_vs_old_stop4,easy,eu-locality-124,739,1.8651701425252285,1.8813362831837772,0.8592903248105577,3.104466541824364,3.4164245256500045,3.117399391382583
half0__global,ADE_vs_old_stop4,easy,eu-locality-126,2167,1.3947327056976324,1.3917113642841858,-0.21709540433338947,2.9849823593378524,3.3920125003403236,2.956847071248013
half0__global,ADE_vs_old_stop4,hard,eu-locality-007,1057,39.107420336887216,38.79066369425895,-0.8165795901943884,80.55862777744943,112.04683381609054,79.62499588488345
half0__global,ADE_vs_old_stop4,hard,eu-locality-074,26162,49.84263027242022,49.305273736656794,-1.0898561047110178,117.24010756917868,211.89824771714012,117.35809108251024
half0__global,ADE_vs_old_stop4,hard,eu-locality-082,245,47.68954197692872,47.355520002729286,-0.705349606931116,102.84674059840476,169.5400402883042,102.84492248432812
half0__global,ADE_vs_old_stop4,hard,eu-locality-110,2779,76.0939668028011,76.0053661133276,-0.1165716238264114,217.68084921801116,381.2975959811301,216.6024960430333
half0__global,ADE_vs_old_stop4,hard,eu-locality-112,1522,58.06049535080559,58.033000843471704,-0.04737736621278632,153.79209340963874,273.8161229399875,155.91825887565795
half0__global,ADE_vs_old_stop4,hard,eu-locality-119,1922,69.90602955042256,68.69758238999611,-1.7590825155477718,177.53604680510867,274.8305239891827,173.15048247872713
half0__global,ADE_vs_old_stop4,hard,eu-locality-124,1375,96.13544404387932,96.24237575386056,0.11110668158765824,271.53074393806423,454.9614884293962,274.49169803893716
half0__global,ADE_vs_old_stop4,hard,eu-locality-126,1386,62.714848179928836,61.890535924154484,-1.3318874097075772,148.59888619871583,231.2736903008077,149.0788796981218
half0__global,ADE_vs_old_stop4,complete,eu-locality-007,2882,12.989466198201676,12.86054434484334,-1.0024603150645683,46.30062821751765,79.58424742220402,46.30062821751765
half0__global,ADE_vs_old_stop4,complete,eu-locality-074,67309,18.78032537166434,18.484366806614457,-1.6011290413473933,61.76457347952579,127.50613173456122,61.26086495837293
half0__global,ADE_vs_old_stop4,complete,eu-locality-082,582,10.13485358509352,10.105575192094681,-0.2897251511397636,48.02343140325714,88.77064559267427,48.02343140325714
half0__global,ADE_vs_old_stop4,complete,eu-locality-110,5804,27.25676600828597,27.190717397304425,-0.2429086736346786,113.30025239364029,261.5364238541321,113.30025239364029
half0__global,ADE_vs_old_stop4,complete,eu-locality-112,2417,20.178479175748652,20.146153460739935,-0.1604560149495171,69.45492121836293,157.72654095861347,69.68715616447264
half0__global,ADE_vs_old_stop4,complete,eu-locality-119,3148,28.208788309696818,27.588506738653948,-2.2483332531144207,113.34434584338538,205.2067029563877,106.68215257251505
half0__global,ADE_vs_old_stop4,complete,eu-locality-124,2077,37.46316230356013,37.58413964101855,0.32188401441120007,170.3671774096124,315.79700044017295,174.2361940078016
half0__global,ADE_vs_old_stop4,complete,eu-locality-126,3637,18.794291115527734,18.511056776738215,-1.5300819515903896,81.97929742677579,153.4885792234334,80.6506713700502
half0__global,FDE_vs_floor4,endpoint,eu-locality-007,3935,28.13684750443344,27.88430870830449,-0.905666332885402,100.0631355130296,176.37171802076864,100.71081315355305
half0__global,FDE_vs_floor4,endpoint,eu-locality-074,81289,39.668726639124145,38.97823989825896,-1.7714672152141508,136.27859161862284,278.55010572911186,134.86094239197612
half0__global,FDE_vs_floor4,endpoint,eu-locality-082,859,24.916384604466266,24.915578504383376,-0.0032353255725148244,113.0556753805091,234.87918667739171,113.0556753805091
half0__global,FDE_vs_floor4,endpoint,eu-locality-110,7204,55.109228074861925,55.44003901160984,0.5967004039781454,241.0290256771495,564.5845203875991,246.0589932957891
half0__global,FDE_vs_floor4,endpoint,eu-locality-112,3719,46.53065914868358,46.53141297635786,0.0016200403685662224,178.11929855759314,414.1148860954396,176.82517521705788
half0__global,FDE_vs_floor4,endpoint,eu-locality-119,4147,64.81846895597344,63.35750592966548,-2.3059036255780097,271.17386626686124,484.5542592170748,263.6199274159857
half0__global,FDE_vs_floor4,endpoint,eu-locality-124,2645,80.98141669485037,81.38873930318952,0.5004655580445827,369.6380478107621,730.304686035854,377.201315538286
half0__global,FDE_vs_floor4,endpoint,eu-locality-126,4579,38.64374094720854,37.98212108885768,-1.7419244617830287,178.8463113476712,353.97292963652524,174.73891138116818
half0__global,ADE_vs_CV,easy,eu-locality-007,1784,1.3664085065087297,1.4116372489032123,3.203991849154131,3.1073096707552113,3.498723147824572,3.1829165280653378
half0__global,ADE_vs_CV,easy,eu-locality-074,17176,1.9432769689743101,2.0345987086931556,4.4884398740969615,3.3275211401308047,4.580457436595817,3.3227202724286355
half0__global,ADE_vs_CV,easy,eu-locality-082,515,1.536299335227458,1.6292457075972016,5.7048713976248555,3.007097881111193,3.403722230149994,3.1617325949953337
half0__global,ADE_vs_CV,easy,eu-locality-110,2009,1.7545860188420233,1.8571965321602297,5.52502180255815,3.1280396308640035,3.6347622879025967,3.2841980969419593
half0__global,ADE_vs_CV,easy,eu-locality-112,575,2.019182854383951,2.120126457156666,4.761206692740949,3.196914847975881,3.5075922033321474,3.337428914790469
half0__global,ADE_vs_CV,easy,eu-locality-119,1323,1.7375690168594509,1.9039962115564375,8.740941483330966,3.1130605242341036,3.518113916242953,3.27321556485438
half0__global,ADE_vs_CV,easy,eu-locality-124,739,1.8651701425252285,2.0089308960456713,7.15608256129755,3.104466541824364,3.4164245256500045,3.2764853371884692
half0__global,ADE_vs_CV,easy,eu-locality-126,2167,1.3947327056976324,1.49949345147157,6.986409021735163,2.9849823593378524,3.3920125003403236,3.17156482441628
half0__producer,ADE_vs_floor4,all,eu-locality-007,5526,13.058899268585842,12.988977358692967,-0.5383172821229021,45.00724434474006,79.36305724081076,45.00724434474006
half0__producer,ADE_vs_floor4,all,eu-locality-074,102348,19.09018904001832,18.928758643144462,-0.8528313975429302,63.23056571635282,129.69093449478666,62.90487006757357
half0__producer,ADE_vs_floor4,all,eu-locality-082,1368,13.35224277719424,13.382109547963138,0.22318432427900214,51.63995873727773,101.83257521269763,51.425477538041534
half0__producer,ADE_vs_floor4,all,eu-locality-110,8550,29.39589528927169,29.590760616109456,0.6585343626877904,119.34553890275312,264.91095623574716,119.69634221657493
half0__producer,ADE_vs_floor4,all,eu-locality-112,5004,23.905392507244496,23.94523325402535,0.16638278841638598,84.54985488129502,185.7800808901213,84.7327219344217
half0__producer,ADE_vs_floor4,all,eu-locality-119,5639,28.682594481265873,28.264676571861138,-1.4785872689616841,114.45336587739244,202.80832216018405,112.61105661938669
half0__producer,ADE_vs_floor4,all,eu-locality-124,3550,41.565457751182564,41.708148345881874,0.34211682934468524,182.80259922586131,336.20062332280685,183.4575493815521
half0__producer,ADE_vs_floor4,all,eu-locality-126,5790,19.209993053983414,18.990172104699553,-1.157551116819322,84.27867518159785,153.3589935989857,83.50039592159716
half0__producer,ADE_vs_floor4,easy,eu-locality-007,1784,1.3769673195540666,1.3704141625684736,-0.47818806639525757,3.1092839133041323,3.919849163412413,3.069367262607619
half0__producer,ADE_vs_floor4,easy,eu-locality-074,17176,1.9409480787036713,1.9753301234777456,1.7405720879475894,3.3714473706858117,4.787755032950302,3.2693935131203515
half0__producer,ADE_vs_floor4,easy,eu-locality-082,515,1.5387997397489268,1.5708147140080164,2.0381127050562053,3.0305478831342776,3.420857905192377,3.0305478831342776
half0__producer,ADE_vs_floor4,easy,eu-locality-110,2009,1.760899855182554,1.7398333075084131,-1.2108371292368192,3.1411140684175396,3.8034487441245854,3.0739867959322544
half0__producer,ADE_vs_floor4,easy,eu-locality-112,575,2.0384763674068163,2.0216492814735574,-0.8323444668401514,3.257952255390649,4.13194123287567,3.1780176558709265
half0__producer,ADE_vs_floor4,easy,eu-locality-119,1323,1.7165536503415142,1.8083397066073579,5.075708724996386,3.1299442190811346,3.792102955032281,3.099600206318804
half0__producer,ADE_vs_floor4,easy,eu-locality-124,739,1.8639673600672315,1.8896930090669188,1.361366575219003,3.104466541824364,3.4164245256500045,3.0841436643812377
half0__producer,ADE_vs_floor4,easy,eu-locality-126,2167,1.4010343121125317,1.4008583701146202,-0.012559585013383057,2.988804343669806,3.396027905689025,2.953123766367965
half0__producer,ADE_vs_floor4,hard,eu-locality-007,1057,39.05668846567955,38.85684622224942,-0.514303817368722,80.47971720089258,112.04683381609054,79.62499588488345
half0__producer,ADE_vs_floor4,hard,eu-locality-074,26162,49.820026152659736,49.499371913581456,-0.6477945611877534,117.24010756917868,211.89824771714012,118.25169417871308
half0__producer,ADE_vs_floor4,hard,eu-locality-082,245,47.66219023550678,47.48178753237176,-0.37994084155323904,102.84674059840476,169.5400402883042,102.84492248432812
half0__producer,ADE_vs_floor4,hard,eu-locality-110,2779,76.02196203300056,76.58741773950138,0.7383141032696883,217.14304577429462,381.2975959811301,217.7895967541795
half0__producer,ADE_vs_floor4,hard,eu-locality-112,1522,58.04283004460524,58.108785974817565,0.11350423022244982,153.38610121571514,273.8161229399875,156.09076825692148
half0__producer,ADE_vs_floor4,hard,eu-locality-119,1922,69.90499537986634,68.68626363823714,-1.774345665456667,177.53604680510867,274.8305239891827,173.15048247872713
half0__producer,ADE_vs_floor4,hard,eu-locality-124,1375,96.08874587947554,96.33462236475047,0.2552316905795049,271.53074393806423,454.9614884293962,275.01545124860064
half0__producer,ADE_vs_floor4,hard,eu-locality-126,1386,62.723364381616776,61.909088531110136,-1.3152767547166544,148.67832683339782,231.2736903008077,149.0788796981218
half0__producer,ADE_vs_floor4,complete,eu-locality-007,2882,12.99751830136018,12.889350295774541,-0.8392044835735524,46.74065980246463,79.58424742220402,46.30062821751765
half0__producer,ADE_vs_floor4,complete,eu-locality-074,67309,18.760021116838544,18.54360055520876,-1.1670902907202407,61.76196080923624,127.50613173456122,61.417892088748516
half0__producer,ADE_vs_floor4,complete,eu-locality-082,582,10.146134050771005,10.194464812089912,0.47408826465896725,48.02343140325714,88.77064559267427,48.02343140325714
half0__producer,ADE_vs_floor4,complete,eu-locality-110,5804,27.235425404923824,27.434625922932916,0.7260916134547268,113.30025239364029,261.5364238541321,115.53160965099059
half0__producer,ADE_vs_floor4,complete,eu-locality-112,2417,20.183677473462435,20.19441322222265,0.053161974265247824,69.45492121836293,157.72654095861347,69.68715616447264
half0__producer,ADE_vs_floor4,complete,eu-locality-119,3148,28.19280185281806,27.609577352417112,-2.1123992336300246,112.87662958457898,205.2067029563877,105.7965450702576
half0__producer,ADE_vs_floor4,complete,eu-locality-124,2077,37.42711166422023,37.7156695905191,0.7650876397841011,170.3671774096124,315.79700044017295,174.2361940078016
half0__producer,ADE_vs_floor4,complete,eu-locality-126,3637,18.793908836723556,18.53411054882052,-1.4017305401233138,81.97929742677579,153.4885792234334,80.6506713700502
half0__producer,ADE_vs_floor2,all,eu-locality-007,5526,13.058899268585842,13.081825162659008,0.17524996541465887,45.00724434474006,79.36305724081076,45.12031885331507
half0__producer,ADE_vs_floor2,all,eu-locality-074,102348,19.09018904001832,19.17219153103587,0.4277157928701314,63.23056571635282,129.69093449478666,63.464044100350044
half0__producer,ADE_vs_floor2,all,eu-locality-082,1368,13.35224277719424,13.456314094325641,0.7734013668370565,51.63995873727773,101.83257521269763,51.63995873727773
half0__producer,ADE_vs_floor2,all,eu-locality-110,8550,29.39589528927169,29.539535710278336,0.4862649921632545,119.34553890275312,264.91095623574716,119.34553890275312
half0__producer,ADE_vs_floor2,all,eu-locality-112,5004,23.905392507244496,23.949646753736086,0.1847803725317454,84.54985488129502,185.7800808901213,84.54985488129502
half0__producer,ADE_vs_floor2,all,eu-locality-119,5639,28.682594481265873,28.710093985698723,0.09578340094096305,114.45336587739244,202.80832216018405,114.45336587739244
half0__producer,ADE_vs_floor2,all,eu-locality-124,3550,41.565457751182564,41.69425784800475,0.3089156720134656,182.80259922586131,336.20062332280685,183.18673156958803
half0__producer,ADE_vs_floor2,all,eu-locality-126,5790,19.209993053983414,19.214455088806975,0.02322228136545368,84.27867518159785,153.3589935989857,84.27867518159785
half0__producer,ADE_vs_floor2,easy,eu-locality-007,1784,1.3769673195540666,1.3735265254228959,-0.25050802205013323,3.1092839133041323,3.919849163412413,3.107048691891239
half0__producer,ADE_vs_floor2,easy,eu-locality-074,17176,1.9409480787036713,1.972150257287924,1.58214002553545,3.3714473706858117,4.787755032950302,3.266173954671538
half0__producer,ADE_vs_floor2,easy,eu-locality-082,515,1.5387997397489268,1.569765009211788,1.9726054078890165,3.0305478831342776,3.420857905192377,3.0135421032011274
half0__producer,ADE_vs_floor2,easy,eu-locality-110,2009,1.760899855182554,1.740721452653286,-1.1591976705124907,3.1411140684175396,3.8034487441245854,3.076685094995319
half0__producer,ADE_vs_floor2,easy,eu-locality-112,575,2.0384763674068163,2.0171169785858285,-1.0589067985517842,3.257952255390649,4.13194123287567,3.1733691092259093
half0__producer,ADE_vs_floor2,easy,eu-locality-119,1323,1.7165536503415142,1.80367408467925,4.830164999195441,3.1299442190811346,3.792102955032281,3.099608287483954
half0__producer,ADE_vs_floor2,easy,eu-locality-124,739,1.8639673600672315,1.8881114918061501,1.2787450234637676,3.104466541824364,3.4164245256500045,3.0748363905528384
half0__producer,ADE_vs_floor2,easy,eu-locality-126,2167,1.4010343121125317,1.4077021844510513,0.47367066785648504,2.988804343669806,3.396027905689025,2.9855865277269253
half0__producer,ADE_vs_floor2,hard,eu-locality-007,1057,39.05668846567955,39.140430613251446,0.21395305636607853,80.47971720089258,112.04683381609054,80.47971720089258
half0__producer,ADE_vs_floor2,hard,eu-locality-074,26162,49.820026152659736,50.04711976811148,0.45375960995149844,117.24010756917868,211.89824771714012,118.09817663289087
half0__producer,ADE_vs_floor2,hard,eu-locality-082,245,47.66219023550678,47.940723326855014,0.5809947619046629,102.84674059840476,169.5400402883042,102.89538275989119
half0__producer,ADE_vs_floor2,hard,eu-locality-110,2779,76.02196203300056,76.43859644359877,0.5450576410120589,217.14304577429462,381.2975959811301,218.74772388146727
half0__producer,ADE_vs_floor2,hard,eu-locality-112,1522,58.04283004460524,58.121452179339876,0.13527214442619062,153.38610121571514,273.8161229399875,154.68252676977258
half0__producer,ADE_vs_floor2,hard,eu-locality-119,1922,69.90499537986634,69.89825268381013,-0.009646444363498041,177.53604680510867,274.8305239891827,177.53604680510867
half0__producer,ADE_vs_floor2,hard,eu-locality-124,1375,96.08874587947554,96.29222568033022,0.21131487969775486,271.53074393806423,454.9614884293962,272.5195589964772
half0__producer,ADE_vs_floor2,hard,eu-locality-126,1386,62.723364381616776,62.697681486490886,-0.04096306995247101,148.67832683339782,231.2736903008077,148.59888619871583
half0__producer,ADE_vs_floor2,complete,eu-locality-007,2882,12.99751830136018,12.997725337517265,0.0015928645336615865,46.74065980246463,79.58424742220402,46.555270821648136
half0__producer,ADE_vs_floor2,complete,eu-locality-074,67309,18.760021116838544,18.843159793881274,0.44121409547100976,61.76196080923624,127.50613173456122,61.94495457614405
half0__producer,ADE_vs_floor2,complete,eu-locality-082,582,10.146134050771005,10.292165152486293,1.418856961112902,48.02343140325714,88.77064559267427,48.02343140325714
half0__producer,ADE_vs_floor2,complete,eu-locality-110,5804,27.235425404923824,27.401166217889905,0.6048677331765173,113.30025239364029,261.5364238541321,113.30025239364029
half0__producer,ADE_vs_floor2,complete,eu-locality-112,2417,20.183677473462435,20.232732912604032,0.2424558232122842,69.45492121836293,157.72654095861347,69.45492121836293
half0__producer,ADE_vs_floor2,complete,eu-locality-119,3148,28.19280185281806,28.234655924665894,0.1482365216686432,112.87662958457898,205.2067029563877,113.34434584338538
half0__producer,ADE_vs_floor2,complete,eu-locality-124,2077,37.42711166422023,37.63604127462286,0.5551317389576593,170.3671774096124,315.79700044017295,173.10971397244984
half0__producer,ADE_vs_floor2,complete,eu-locality-126,3637,18.793908836723556,18.800555719325157,0.03535471345013086,81.97929742677579,153.4885792234334,81.97929742677579
half0__producer,ADE_vs_old_stop4,all,eu-locality-007,5526,13.058899268585842,12.961150220682853,-0.7541695469820642,45.00724434474006,79.36305724081076,44.84717682318422
half0__producer,ADE_vs_old_stop4,all,eu-locality-074,102348,19.09018904001832,18.863154002187642,-1.2035900136549094,63.23056571635282,129.69093449478666,62.705569462485954
half0__producer,ADE_vs_old_stop4,all,eu-locality-082,1368,13.35224277719424,13.29583266729295,-0.42426910230342063,51.63995873727773,101.83257521269763,51.425477538041534
half0__producer,ADE_vs_old_stop4,all,eu-locality-110,8550,29.39589528927169,29.394594283576424,-0.004426003239621501,119.34553890275312,264.91095623574716,119.3597312433166
half0__producer,ADE_vs_old_stop4,all,eu-locality-112,5004,23.905392507244496,23.90808095365577,0.01124492767313745,84.54985488129502,185.7800808901213,84.7327219344217
half0__producer,ADE_vs_old_stop4,all,eu-locality-119,5639,28.682594481265873,28.251508226866342,-1.5258875771792635,114.45336587739244,202.80832216018405,112.76082577567496
half0__producer,ADE_vs_old_stop4,all,eu-locality-124,3550,41.565457751182564,41.62594498506041,0.14531137707396447,182.80259922586131,336.20062332280685,183.4575493815521
half0__producer,ADE_vs_old_stop4,all,eu-locality-126,5790,19.209993053983414,18.974798126502012,-1.2395121461287406,84.27867518159785,153.3589935989857,83.50039592159716
half0__producer,ADE_vs_old_stop4,easy,eu-locality-007,1784,1.3769673195540666,1.356525867278389,-1.5068973448099099,3.1092839133041323,3.919849163412413,3.0689285641734325
half0__producer,ADE_vs_old_stop4,easy,eu-locality-074,17176,1.9409480787036713,1.9434107087645942,0.12671691319887657,3.3714473706858117,4.787755032950302,3.3214611677886943
half0__producer,ADE_vs_old_stop4,easy,eu-locality-082,515,1.5387997397489268,1.5466135774354102,0.5052223645573006,3.0305478831342776,3.420857905192377,3.0135421032011274
half0__producer,ADE_vs_old_stop4,easy,eu-locality-110,2009,1.760899855182554,1.7587685994539886,-0.12117885941489437,3.1411140684175396,3.8034487441245854,3.1277408574043135
half0__producer,ADE_vs_old_stop4,easy,eu-locality-112,575,2.0384763674068163,2.020394039009353,-0.8949901874749866,3.257952255390649,4.13194123287567,3.1788599791555168
half0__producer,ADE_vs_old_stop4,easy,eu-locality-119,1323,1.7165536503415142,1.7370171938916548,1.1780852614529103,3.1299442190811346,3.792102955032281,3.1149774940305295
half0__producer,ADE_vs_old_stop4,easy,eu-locality-124,739,1.8639673600672315,1.8813362831837772,0.923222672724533,3.104466541824364,3.4164245256500045,3.117399391382583
half0__producer,ADE_vs_old_stop4,easy,eu-locality-126,2167,1.4010343121125317,1.3917113642841858,-0.6698909032147649,2.988804343669806,3.396027905689025,2.956847071248013
half0__producer,ADE_vs_old_stop4,hard,eu-locality-007,1057,39.05668846567955,38.79066369425895,-0.6857958747944037,80.47971720089258,112.04683381609054,79.62499588488345
half0__producer,ADE_vs_old_stop4,hard,eu-locality-074,26162,49.820026152659736,49.305273736656794,-1.044010867381595,117.24010756917868,211.89824771714012,117.35809108251024
half0__producer,ADE_vs_old_stop4,hard,eu-locality-082,245,47.66219023550678,47.355520002729286,-0.6475913109175391,102.84674059840476,169.5400402883042,102.84492248432812
half0__producer,ADE_vs_old_stop4,hard,eu-locality-110,2779,76.02196203300056,76.0053661133276,-0.021835194699559857,217.14304577429462,381.2975959811301,216.6024960430333
half0__producer,ADE_vs_old_stop4,hard,eu-locality-112,1522,58.04283004460524,58.033000843471704,-0.016937261542016024,153.38610121571514,273.8161229399875,155.91825887565795
half0__producer,ADE_vs_old_stop4,hard,eu-locality-119,1922,69.90499537986634,68.69758238999611,-1.7575771196950418,177.53604680510867,274.8305239891827,173.15048247872713
half0__producer,ADE_vs_old_stop4,hard,eu-locality-124,1375,96.08874587947554,96.24237575386056,0.15962809851860493,271.53074393806423,454.9614884293962,274.49169803893716
half0__producer,ADE_vs_old_stop4,hard,eu-locality-126,1386,62.723364381616776,61.890535924154484,-1.3456475130267265,148.67832683339782,231.2736903008077,149.0788796981218
half0__producer,ADE_vs_old_stop4,complete,eu-locality-007,2882,12.99751830136018,12.86054434484334,-1.0650712197245449,46.74065980246463,79.58424742220402,46.30062821751765
half0__producer,ADE_vs_old_stop4,complete,eu-locality-074,67309,18.760021116838544,18.484366806614457,-1.49128348895049,61.76196080923624,127.50613173456122,61.26086495837293
half0__producer,ADE_vs_old_stop4,complete,eu-locality-082,582,10.146134050771005,10.105575192094681,-0.40135131257101886,48.02343140325714,88.77064559267427,48.02343140325714
half0__producer,ADE_vs_old_stop4,complete,eu-locality-110,5804,27.235425404923824,27.190717397304425,-0.16442378833236848,113.30025239364029,261.5364238541321,113.30025239364029
half0__producer,ADE_vs_old_stop4,complete,eu-locality-112,2417,20.183677473462435,20.146153460739935,-0.18625894414845412,69.45492121836293,157.72654095861347,69.68715616447264
half0__producer,ADE_vs_old_stop4,complete,eu-locality-119,3148,28.19280185281806,27.588506738653948,-2.190387177851294,112.87662958457898,205.2067029563877,106.68215257251505
half0__producer,ADE_vs_old_stop4,complete,eu-locality-124,2077,37.42711166422023,37.58413964101855,0.41780383507022956,170.3671774096124,315.79700044017295,174.2361940078016
half0__producer,ADE_vs_old_stop4,complete,eu-locality-126,3637,18.793908836723556,18.511056776738215,-1.5280168139335304,81.97929742677579,153.4885792234334,80.6506713700502
half0__producer,FDE_vs_floor4,endpoint,eu-locality-007,3935,28.117654857949614,27.88430870830449,-0.8368367747113137,100.0631355130296,176.37171802076864,100.71081315355305
half0__producer,FDE_vs_floor4,endpoint,eu-locality-074,81289,39.630618853811846,38.97823989825896,-1.6737003960561658,136.29803956716916,278.1482189760447,134.86094239197612
half0__producer,FDE_vs_floor4,endpoint,eu-locality-082,859,24.934206452302213,24.915578504383376,-0.07476426010160075,113.0556753805091,234.87918667739171,113.0556753805091
half0__producer,FDE_vs_floor4,endpoint,eu-locality-110,7204,55.085726009856465,55.44003901160984,0.6390922662936394,241.0290256771495,564.5845203875991,246.0589932957891
half0__producer,FDE_vs_floor4,endpoint,eu-locality-112,3719,46.52808008323373,46.53141297635786,0.007162673366112315,178.11929855759314,414.1148860954396,176.82517521705788
half0__producer,FDE_vs_floor4,endpoint,eu-locality-119,4147,64.79468384579273,63.35750592966548,-2.2683625168621546,271.0560737130778,484.5542592170748,263.6199274159857
half0__producer,FDE_vs_floor4,endpoint,eu-locality-124,2645,80.93037788737328,81.38873930318952,0.5631754708827152,369.6380478107621,730.304686035854,377.201315538286
half0__producer,FDE_vs_floor4,endpoint,eu-locality-126,4579,38.647614655627756,37.98212108885768,-1.7521232298037814,178.8463113476712,353.97292963652524,174.73891138116818
half0__producer,ADE_vs_CV,easy,eu-locality-007,1784,1.3769673195540666,1.4116372489032123,2.45600839564718,3.1092839133041323,3.919849163412413,3.1829165280653378
half0__producer,ADE_vs_CV,easy,eu-locality-074,17176,1.9409480787036713,2.0345987086931556,4.602904228207105,3.3714473706858117,4.787755032950302,3.3227202724286355
half0__producer,ADE_vs_CV,easy,eu-locality-082,515,1.5387997397489268,1.6292457075972016,5.55140132802091,3.0305478831342776,3.420857905192377,3.1617325949953337
half0__producer,ADE_vs_CV,easy,eu-locality-110,2009,1.760899855182554,1.8571965321602297,5.185055825280182,3.1411140684175396,3.8034487441245854,3.2841980969419593
half0__producer,ADE_vs_CV,easy,eu-locality-112,575,2.0384763674068163,2.120126457156666,3.8511896058951,3.257952255390649,4.13194123287567,3.337428914790469
half0__producer,ADE_vs_CV,easy,eu-locality-119,1323,1.7165536503415142,1.9039962115564375,9.844691920983228,3.1299442190811346,3.792102955032281,3.27321556485438
half0__producer,ADE_vs_CV,easy,eu-locality-124,739,1.8639673600672315,2.0089308960456713,7.215954329926544,3.104466541824364,3.4164245256500045,3.2764853371884692
half0__producer,ADE_vs_CV,easy,eu-locality-126,2167,1.4010343121125317,1.49949345147157,6.5661600097294714,2.988804343669806,3.396027905689025,3.17156482441628
half0__placebo,ADE_vs_floor4,all,eu-locality-007,5526,13.064856377249907,12.988977358692967,-0.584180081784158,44.985397614414396,79.39679952205759,45.00724434474006
half0__placebo,ADE_vs_floor4,all,eu-locality-074,102348,19.10684448220333,18.928758643144462,-0.9408215425862787,63.23056571635282,129.69093449478666,62.90487006757357
half0__placebo,ADE_vs_floor4,all,eu-locality-082,1368,13.372684878413072,13.382109547963138,0.07042738303917329,51.63995873727773,101.83257521269763,51.425477538041534
half0__placebo,ADE_vs_floor4,all,eu-locality-110,8550,29.411974814607426,29.590760616109456,0.6041946802972653,119.34553890275312,264.91095623574716,119.69634221657493
half0__placebo,ADE_vs_floor4,all,eu-locality-112,5004,23.913109785076276,23.94523325402535,0.1341539195224728,84.54985488129502,185.7800808901213,84.7327219344217
half0__placebo,ADE_vs_floor4,all,eu-locality-119,5639,28.691690985204,28.264676571861138,-1.5107705628868873,114.45336587739244,202.80832216018405,112.61105661938669
half0__placebo,ADE_vs_floor4,all,eu-locality-124,3550,41.555912824723215,41.708148345881874,0.36500186940974233,182.38572856518616,336.20062332280685,183.4575493815521
half0__placebo,ADE_vs_floor4,all,eu-locality-126,5790,19.208300068972402,18.990172104699553,-1.148636058010588,84.27867518159785,153.3589935989857,83.50039592159716
half0__placebo,ADE_vs_floor4,easy,eu-locality-007,1784,1.3684053870042112,1.3704141625684736,0.14658164072804958,3.1073096707552113,3.498723147824572,3.069367262607619
half0__placebo,ADE_vs_floor4,easy,eu-locality-074,17176,1.944901689203999,1.9753301234777456,1.5404227329948617,3.322339951120788,4.586021944807841,3.2693935131203515
half0__placebo,ADE_vs_floor4,easy,eu-locality-082,515,1.5268201808942719,1.5708147140080164,2.8007461810368617,3.007097881111193,3.403722230149994,3.0305478831342776
half0__placebo,ADE_vs_floor4,easy,eu-locality-110,2009,1.7584237608377176,1.7398333075084131,-1.0685192224493933,3.123128741116911,3.567960279956386,3.0739867959322544
half0__placebo,ADE_vs_floor4,easy,eu-locality-112,575,2.02429374415629,2.0216492814735574,-0.1308071932637711,3.196914847975881,3.6213670882134874,3.1780176558709265
half0__placebo,ADE_vs_floor4,easy,eu-locality-119,1323,1.7342212532813297,1.8083397066073579,4.098701867531429,3.1081550971329137,3.518113916242953,3.099600206318804
half0__placebo,ADE_vs_floor4,easy,eu-locality-124,739,1.8618116928403907,1.8896930090669188,1.475441571342595,3.1013688967242374,3.392610952780432,3.0841436643812377
half0__placebo,ADE_vs_floor4,easy,eu-locality-126,2167,1.3924656666545612,1.4008583701146202,0.5991114904337125,2.9849823593378524,3.396027905689025,2.953123766367965
half0__placebo,ADE_vs_floor4,hard,eu-locality-007,1057,39.07471083925618,38.85684622224942,-0.5606852799134421,80.55862777744943,112.04683381609054,79.62499588488345
half0__placebo,ADE_vs_floor4,hard,eu-locality-074,26162,49.84436896617537,49.499371913581456,-0.6969725862304266,117.24010756917868,211.89824771714012,118.25169417871308
half0__placebo,ADE_vs_floor4,hard,eu-locality-082,245,47.80769501503672,47.48178753237176,-0.686384189817546,102.84674059840476,169.5400402883042,102.84492248432812
half0__placebo,ADE_vs_floor4,hard,eu-locality-110,2779,76.07208200240014,76.58741773950138,0.6728725844420858,217.14304577429462,381.2975959811301,217.7895967541795
half0__placebo,ADE_vs_floor4,hard,eu-locality-112,1522,58.057558753075874,58.108785974817565,0.08815744621457622,153.79209340963874,273.8161229399875,156.09076825692148
half0__placebo,ADE_vs_floor4,hard,eu-locality-119,1922,69.90365378390543,68.68626363823714,-1.7723924423668658,177.53604680510867,274.8305239891827,173.15048247872713
half0__placebo,ADE_vs_floor4,hard,eu-locality-124,1375,96.05713111159875,96.33462236475047,0.28804934959008044,271.53074393806423,454.9614884293962,275.01545124860064
half0__placebo,ADE_vs_floor4,hard,eu-locality-126,1386,62.72247122478689,61.909088531110136,-1.3138340637465884,148.67832683339782,231.2736903008077,149.0788796981218
half0__placebo,ADE_vs_floor4,complete,eu-locality-007,2882,12.990792756535361,12.889350295774541,-0.7870254002955823,46.30062821751765,79.58424742220402,46.30062821751765
half0__placebo,ADE_vs_floor4,complete,eu-locality-074,67309,18.781682443688563,18.54360055520876,-1.2839032407486295,61.770427812077855,127.50613173456122,61.417892088748516
half0__placebo,ADE_vs_floor4,complete,eu-locality-082,582,10.184471445214312,10.194464812089912,0.09802738113087184,48.02343140325714,88.77064559267427,48.02343140325714
half0__placebo,ADE_vs_floor4,complete,eu-locality-110,5804,27.246489913671958,27.434625922932916,0.685761161057763,113.30025239364029,261.5364238541321,115.53160965099059
half0__placebo,ADE_vs_floor4,complete,eu-locality-112,2417,20.176934848002706,20.19441322222265,0.08655054260606754,69.45492121836293,157.72654095861347,69.68715616447264
half0__placebo,ADE_vs_floor4,complete,eu-locality-119,3148,28.204849909417362,27.609577352417112,-2.1560364702509105,113.34434584338538,205.2067029563877,105.7965450702576
half0__placebo,ADE_vs_floor4,complete,eu-locality-124,2077,37.41006126924756,37.7156695905191,0.8102953615554132,169.68408507779915,315.79700044017295,174.2361940078016
half0__placebo,ADE_vs_floor4,complete,eu-locality-126,3637,18.7965034312304,18.53411054882052,-1.4157295637074796,81.97929742677579,153.4885792234334,80.6506713700502
half0__placebo,ADE_vs_floor2,all,eu-locality-007,5526,13.064856377249907,13.081825162659008,0.12971267539592102,44.985397614414396,79.39679952205759,45.12031885331507
half0__placebo,ADE_vs_floor2,all,eu-locality-074,102348,19.10684448220333,19.17219153103587,0.34084287509207334,63.23056571635282,129.69093449478666,63.464044100350044
half0__placebo,ADE_vs_floor2,all,eu-locality-082,1368,13.372684878413072,13.456314094325641,0.6214868003700635,51.63995873727773,101.83257521269763,51.63995873727773
half0__placebo,ADE_vs_floor2,all,eu-locality-110,8550,29.411974814607426,29.539535710278336,0.4318310785992652,119.34553890275312,264.91095623574716,119.34553890275312
half0__placebo,ADE_vs_floor2,all,eu-locality-112,5004,23.913109785076276,23.949646753736086,0.15255744285292971,84.54985488129502,185.7800808901213,84.54985488129502
half0__placebo,ADE_vs_floor2,all,eu-locality-119,5639,28.691690985204,28.710093985698723,0.06409940874414488,114.45336587739244,202.80832216018405,114.45336587739244
half0__placebo,ADE_vs_floor2,all,eu-locality-124,3550,41.555912824723215,41.69425784800475,0.3318083362602864,182.38572856518616,336.20062332280685,183.18673156958803
half0__placebo,ADE_vs_floor2,all,eu-locality-126,5790,19.208300068972402,19.214455088806975,0.03203327810299417,84.27867518159785,153.3589935989857,84.27867518159785
half0__placebo,ADE_vs_floor2,easy,eu-locality-007,1784,1.3684053870042112,1.3735265254228959,0.3728459788650884,3.1073096707552113,3.498723147824572,3.107048691891239
half0__placebo,ADE_vs_floor2,easy,eu-locality-074,17176,1.944901689203999,1.972150257287924,1.3816679526942766,3.322339951120788,4.586021944807841,3.266173954671538
half0__placebo,ADE_vs_floor2,easy,eu-locality-082,515,1.5268201808942719,1.569765009211788,2.735748858300757,3.007097881111193,3.403722230149994,3.0135421032011274
half0__placebo,ADE_vs_floor2,easy,eu-locality-110,2009,1.7584237608377176,1.740721452653286,-1.0169523766969668,3.123128741116911,3.567960279956386,3.076685094995319
half0__placebo,ADE_vs_floor2,easy,eu-locality-112,575,2.02429374415629,2.0171169785858285,-0.3557932260078056,3.196914847975881,3.6213670882134874,3.1733691092259093
half0__placebo,ADE_vs_floor2,easy,eu-locality-119,1323,1.7342212532813297,1.80367408467925,3.850630886581219,3.1081550971329137,3.518113916242953,3.099608287483954
half0__placebo,ADE_vs_floor2,easy,eu-locality-124,739,1.8618116928403907,1.8881114918061501,1.39291557092327,3.1013688967242374,3.392610952780432,3.0748363905528384
half0__placebo,ADE_vs_floor2,easy,eu-locality-126,2167,1.3924656666545612,1.4077021844510513,1.0823679869781389,2.9849823593378524,3.396027905689025,2.9855865277269253
half0__placebo,ADE_vs_floor2,hard,eu-locality-007,1057,39.07471083925618,39.140430613251446,0.1679076417034131,80.55862777744943,112.04683381609054,80.47971720089258
half0__placebo,ADE_vs_floor2,hard,eu-locality-074,26162,49.84436896617537,50.04711976811148,0.4051198208319229,117.24010756917868,211.89824771714012,118.09817663289087
half0__placebo,ADE_vs_floor2,hard,eu-locality-082,245,47.80769501503672,47.940723326855014,0.27748499101968305,102.84674059840476,169.5400402883042,102.89538275989119
half0__placebo,ADE_vs_floor2,hard,eu-locality-110,2779,76.07208200240014,76.43859644359877,0.47948871152948547,217.14304577429462,381.2975959811301,218.74772388146727
half0__placebo,ADE_vs_floor2,hard,eu-locality-112,1522,58.057558753075874,58.121452179339876,0.10993088415418573,153.79209340963874,273.8161229399875,154.68252676977258
half0__placebo,ADE_vs_floor2,hard,eu-locality-119,1922,69.90365378390543,69.89825268381013,-0.007727088858322517,177.53604680510867,274.8305239891827,177.53604680510867
half0__placebo,ADE_vs_floor2,hard,eu-locality-124,1375,96.05713111159875,96.29222568033022,0.2441469880568925,271.53074393806423,454.9614884293962,272.5195589964772
half0__placebo,ADE_vs_floor2,hard,eu-locality-126,1386,62.72247122478689,62.697681486490886,-0.03953852472413644,148.67832683339782,231.2736903008077,148.59888619871583
half0__placebo,ADE_vs_floor2,complete,eu-locality-007,2882,12.990792756535361,12.997725337517265,0.053336878583620795,46.30062821751765,79.58424742220402,46.555270821648136
half0__placebo,ADE_vs_floor2,complete,eu-locality-074,67309,18.781682443688563,18.843159793881274,0.32625817997188333,61.770427812077855,127.50613173456122,61.94495457614405
half0__placebo,ADE_vs_floor2,complete,eu-locality-082,582,10.184471445214312,10.292165152486293,1.0463659072354137,48.02343140325714,88.77064559267427,48.02343140325714
half0__placebo,ADE_vs_floor2,complete,eu-locality-110,5804,27.246489913671958,27.401166217889905,0.5644880330566426,113.30025239364029,261.5364238541321,113.30025239364029
half0__placebo,ADE_vs_floor2,complete,eu-locality-112,2417,20.176934848002706,20.232732912604032,0.27578115542941095,69.45492121836293,157.72654095861347,69.45492121836293
half0__placebo,ADE_vs_floor2,complete,eu-locality-119,3148,28.204849909417362,28.234655924665894,0.10556535673060807,113.34434584338538,205.2067029563877,113.34434584338538
half0__placebo,ADE_vs_floor2,complete,eu-locality-124,2077,37.41006126924756,37.63604127462286,0.6004351088000237,169.68408507779915,315.79700044017295,173.10971397244984
half0__placebo,ADE_vs_floor2,complete,eu-locality-126,3637,18.7965034312304,18.800555719325157,0.021554086779429493,81.97929742677579,153.4885792234334,81.97929742677579
half0__placebo,ADE_vs_old_stop4,all,eu-locality-007,5526,13.064856377249907,12.961150220682853,-0.8001308124765405,44.985397614414396,79.39679952205759,44.84717682318422
half0__placebo,ADE_vs_old_stop4,all,eu-locality-074,102348,19.10684448220333,18.863154002187642,-1.291886181851809,63.23056571635282,129.69093449478666,62.705569462485954
half0__placebo,ADE_vs_old_stop4,all,eu-locality-082,1368,13.372684878413072,13.29583266729295,-0.5780172858911969,51.63995873727773,101.83257521269763,51.425477538041534
half0__placebo,ADE_vs_old_stop4,all,eu-locality-110,8550,29.411974814607426,29.394594283576424,-0.05912832428753845,119.34553890275312,264.91095623574716,119.3597312433166
half0__placebo,ADE_vs_old_stop4,all,eu-locality-112,5004,23.913109785076276,23.90808095365577,-0.02103402372719554,84.54985488129502,185.7800808901213,84.7327219344217
half0__placebo,ADE_vs_old_stop4,all,eu-locality-119,5639,28.691690985204,28.251508226866342,-1.558085872098891,114.45336587739244,202.80832216018405,112.76082577567496
half0__placebo,ADE_vs_old_stop4,all,eu-locality-124,3550,41.555912824723215,41.62594498506041,0.16824161076061106,182.38572856518616,336.20062332280685,183.4575493815521
half0__placebo,ADE_vs_old_stop4,all,eu-locality-126,5790,19.208300068972402,18.974798126502012,-1.2305898640589952,84.27867518159785,153.3589935989857,83.50039592159716
half0__placebo,ADE_vs_old_stop4,easy,eu-locality-007,1784,1.3684053870042112,1.356525867278389,-0.8757311609292051,3.1073096707552113,3.498723147824572,3.0689285641734325
half0__placebo,ADE_vs_old_stop4,easy,eu-locality-074,17176,1.944901689203999,1.9434107087645942,-0.07671978098506838,3.322339951120788,4.586021944807841,3.3214611677886943
half0__placebo,ADE_vs_old_stop4,easy,eu-locality-082,515,1.5268201808942719,1.5466135774354102,1.279789394708386,3.007097881111193,3.403722230149994,3.0135421032011274
half0__placebo,ADE_vs_old_stop4,easy,eu-locality-110,2009,1.7584237608377176,1.7587685994539886,0.019606821294060328,3.123128741116911,3.567960279956386,3.1277408574043135
half0__placebo,ADE_vs_old_stop4,easy,eu-locality-112,575,2.02429374415629,2.020394039009353,-0.19301705863521423,3.196914847975881,3.6213670882134874,3.1788599791555168
half0__placebo,ADE_vs_old_stop4,easy,eu-locality-119,1323,1.7342212532813297,1.7370171938916548,0.16096217240434418,3.1081550971329137,3.518113916242953,3.1149774940305295
half0__placebo,ADE_vs_old_stop4,easy,eu-locality-124,739,1.8618116928403907,1.8813362831837772,1.0378043796798075,3.1013688967242374,3.392610952780432,3.117399391382583
half0__placebo,ADE_vs_old_stop4,easy,eu-locality-126,2167,1.3924656666545612,1.3917113642841858,-0.054199627144901896,2.9849823593378524,3.396027905689025,2.956847071248013
half0__placebo,ADE_vs_old_stop4,hard,eu-locality-007,1057,39.07471083925618,38.79066369425895,-0.732256470876691,80.55862777744943,112.04683381609054,79.62499588488345
half0__placebo,ADE_vs_old_stop4,hard,eu-locality-074,26162,49.84436896617537,49.305273736656794,-1.0933824896661504,117.24010756917868,211.89824771714012,117.35809108251024
half0__placebo,ADE_vs_old_stop4,hard,eu-locality-082,245,47.80769501503672,47.355520002729286,-0.9548517517733446,102.84674059840476,169.5400402883042,102.84492248432812
half0__placebo,ADE_vs_old_stop4,hard,eu-locality-110,2779,76.07208200240014,76.0053661133276,-0.08777786685885136,217.14304577429462,381.2975959811301,216.6024960430333
half0__placebo,ADE_vs_old_stop4,hard,eu-locality-112,1522,58.057558753075874,58.033000843471704,-0.04231714584328472,153.79209340963874,273.8161229399875,155.91825887565795
half0__placebo,ADE_vs_old_stop4,hard,eu-locality-119,1922,69.90365378390543,68.69758238999611,-1.7556242184221915,177.53604680510867,274.8305239891827,173.15048247872713
half0__placebo,ADE_vs_old_stop4,hard,eu-locality-124,1375,96.05713111159875,96.24237575386056,0.19247721267352524,271.53074393806423,454.9614884293962,274.49169803893716
half0__placebo,ADE_vs_old_stop4,hard,eu-locality-126,1386,62.72247122478689,61.890535924154484,-1.3442043895886213,148.67832683339782,231.2736903008077,149.0788796981218
half0__placebo,ADE_vs_old_stop4,complete,eu-locality-007,2882,12.990792756535361,12.86054434484334,-1.0127752620692654,46.30062821751765,79.58424742220402,46.30062821751765
half0__placebo,ADE_vs_old_stop4,complete,eu-locality-074,67309,18.781682443688563,18.484366806614457,-1.6084707698384104,61.770427812077855,127.50613173456122,61.26086495837293
half0__placebo,ADE_vs_old_stop4,complete,eu-locality-082,582,10.184471445214312,10.105575192094681,-0.780720064122109,48.02343140325714,88.77064559267427,48.02343140325714
half0__placebo,ADE_vs_old_stop4,complete,eu-locality-110,5804,27.246489913671958,27.190717397304425,-0.20511601644266353,113.30025239364029,261.5364238541321,113.30025239364029
half0__placebo,ADE_vs_old_stop4,complete,eu-locality-112,2417,20.176934848002706,20.146153460739935,-0.15279039407078976,69.45492121836293,157.72654095861347,69.68715616447264
half0__placebo,ADE_vs_old_stop4,complete,eu-locality-119,3148,28.204849909417362,27.588506738653948,-2.234057742240414,113.34434584338538,205.2067029563877,106.68215257251505
half0__placebo,ADE_vs_old_stop4,complete,eu-locality-124,2077,37.41006126924756,37.58413964101855,0.4631697663793566,169.68408507779915,315.79700044017295,174.2361940078016
half0__placebo,ADE_vs_old_stop4,complete,eu-locality-126,3637,18.7965034312304,18.511056776738215,-1.542033271978771,81.97929742677579,153.4885792234334,80.6506713700502
half0__placebo,FDE_vs_floor4,endpoint,eu-locality-007,3935,28.14115036166436,27.88430870830449,-0.9210974388738302,100.0631355130296,176.37171802076864,100.71081315355305
half0__placebo,FDE_vs_floor4,endpoint,eu-locality-074,81289,39.669521589340405,38.97823989825896,-1.7735066870280036,136.26583277096796,278.55010572911186,134.86094239197612
half0__placebo,FDE_vs_floor4,endpoint,eu-locality-082,859,24.94861816299325,24.915578504383376,-0.13260642775787534,113.0556753805091,234.87918667739171,113.0556753805091
half0__placebo,FDE_vs_floor4,endpoint,eu-locality-110,7204,55.098588591399,55.44003901160984,0.6158913779612196,241.0290256771495,564.5845203875991,246.0589932957891
half0__placebo,FDE_vs_floor4,endpoint,eu-locality-112,3719,46.530686793058585,46.53141297635786,0.0015606302341319989,178.11929855759314,414.1148860954396,176.82517521705788
half0__placebo,FDE_vs_floor4,endpoint,eu-locality-119,4147,64.81170773969531,63.35750592966548,-2.2952320939592763,271.17386626686124,484.5542592170748,263.6199274159857
half0__placebo,FDE_vs_floor4,endpoint,eu-locality-124,2645,80.92207226219782,81.38873930318952,0.5733803533352178,368.6268942683511,730.304686035854,377.201315538286
half0__placebo,FDE_vs_floor4,endpoint,eu-locality-126,4579,38.650183836158305,37.98212108885768,-1.7588874137326904,178.8463113476712,353.97292963652524,174.73891138116818
half0__placebo,ADE_vs_CV,easy,eu-locality-007,1784,1.3684053870042112,1.4116372489032123,3.0625333762332008,3.1073096707552113,3.498723147824572,3.1829165280653378
half0__placebo,ADE_vs_CV,easy,eu-locality-074,17176,1.944901689203999,2.0345987086931556,4.408585295267886,3.322339951120788,4.586021944807841,3.3227202724286355
half0__placebo,ADE_vs_CV,easy,eu-locality-082,515,1.5268201808942719,1.6292457075972016,6.286683845494734,3.007097881111193,3.403722230149994,3.1617325949953337
half0__placebo,ADE_vs_CV,easy,eu-locality-110,2009,1.7584237608377176,1.8571965321602297,5.318380128979827,3.123128741116911,3.567960279956386,3.2841980969419593
half0__placebo,ADE_vs_CV,easy,eu-locality-112,575,2.02429374415629,2.120126457156666,4.520141365949392,3.196914847975881,3.6213670882134874,3.337428914790469
half0__placebo,ADE_vs_CV,easy,eu-locality-119,1323,1.7342212532813297,1.9039962115564375,8.916769752200493,3.1081550971329137,3.518113916242953,3.27321556485438
half0__placebo,ADE_vs_CV,easy,eu-locality-124,739,1.8618116928403907,2.0089308960456713,7.323258529940791,3.1013688967242374,3.392610952780432,3.2764853371884692
half0__placebo,ADE_vs_CV,easy,eu-locality-126,2167,1.3924656666545612,1.49949345147157,7.137596013638747,2.9849823593378524,3.396027905689025,3.17156482441628
half0__wrong_tag,ADE_vs_floor4,all,eu-locality-007,5526,13.062638403016459,12.988977358692967,-0.5671042630172485,45.00724434474006,79.06437673311149,45.00724434474006
half0__wrong_tag,ADE_vs_floor4,all,eu-locality-074,102348,19.11641009263568,18.928758643144462,-0.9913563431650507,63.245802980608474,129.74754454425894,62.90487006757357
half0__wrong_tag,ADE_vs_floor4,all,eu-locality-082,1368,13.400483481851333,13.382109547963138,-0.13730222295924577,51.63995873727773,101.91892546130697,51.425477538041534
half0__wrong_tag,ADE_vs_floor4,all,eu-locality-110,8550,29.416691349753886,29.590760616109456,0.5882554646493454,119.34553890275312,264.91095623574716,119.69634221657493
half0__wrong_tag,ADE_vs_floor4,all,eu-locality-112,5004,23.916612107795384,23.94523325402535,0.1195275315397315,84.54985488129502,185.7800808901213,84.7327219344217
half0__wrong_tag,ADE_vs_floor4,all,eu-locality-119,5639,28.699337030384307,28.264676571861138,-1.5378221555731209,114.45336587739244,202.80832216018405,112.61105661938669
half0__wrong_tag,ADE_vs_floor4,all,eu-locality-124,3550,41.59216293513424,41.708148345881874,0.27808813228958895,182.80259922586131,336.20062332280685,183.4575493815521
half0__wrong_tag,ADE_vs_floor4,all,eu-locality-126,5790,19.206863662029317,18.990172104699553,-1.1410721089575526,84.27867518159785,153.3589935989857,83.50039592159716
half0__wrong_tag,ADE_vs_floor4,easy,eu-locality-007,1784,1.3678929900763537,1.3704141625684736,0.1839715730458158,3.103270333026861,3.480627879018509,3.069367262607619
half0__wrong_tag,ADE_vs_floor4,easy,eu-locality-074,17176,1.9473868368747118,1.9753301234777456,1.414613500341766,3.3016530360405256,4.503405081736919,3.2693935131203515
half0__wrong_tag,ADE_vs_floor4,easy,eu-locality-082,515,1.5483643360245503,1.5708147140080164,1.4292187221867092,3.0135421032011274,3.403722230149994,3.0305478831342776
half0__wrong_tag,ADE_vs_floor4,easy,eu-locality-110,2009,1.75197286074399,1.7398333075084131,-0.6977423172201291,3.1049167252293506,3.528957893776757,3.0739867959322544
half0__wrong_tag,ADE_vs_floor4,easy,eu-locality-112,575,2.020918578453945,2.0216492814735574,0.036143906181373975,3.1780176558709265,3.4412261593914457,3.1780176558709265
half0__wrong_tag,ADE_vs_floor4,easy,eu-locality-119,1323,1.7633217960468246,1.8083397066073579,2.489460934582466,3.1149774940305295,3.485016243956535,3.099600206318804
half0__wrong_tag,ADE_vs_floor4,easy,eu-locality-124,739,1.8617200159719645,1.8896930090669188,1.4802929873126147,3.077357501930087,3.350914334450423,3.0841436643812377
half0__wrong_tag,ADE_vs_floor4,easy,eu-locality-126,2167,1.400834076387115,1.4008583701146202,0.0017342029732247966,2.980678864915554,3.300970005917384,2.953123766367965
half0__wrong_tag,ADE_vs_floor4,hard,eu-locality-007,1057,39.09891207735238,38.85684622224942,-0.6229683534232588,80.47971720089258,112.04683381609054,79.62499588488345
half0__wrong_tag,ADE_vs_floor4,hard,eu-locality-074,26162,49.877947263513306,49.499371913581456,-0.7648083910898551,117.27812845418275,211.89824771714012,118.25169417871308
half0__wrong_tag,ADE_vs_floor4,hard,eu-locality-082,245,47.81789814300542,47.48178753237176,-0.7078726983572592,102.89538275989119,169.5400402883042,102.84492248432812
half0__wrong_tag,ADE_vs_floor4,hard,eu-locality-110,2779,76.08917073855655,76.58741773950138,0.6505598643363752,217.68084921801116,381.2975959811301,217.7895967541795
half0__wrong_tag,ADE_vs_floor4,hard,eu-locality-112,1522,58.05958085598035,58.108785974817565,0.08467758878758502,153.79209340963874,273.8161229399875,156.09076825692148
half0__wrong_tag,ADE_vs_floor4,hard,eu-locality-119,1922,69.90511822806165,68.68626363823714,-1.7745245195518011,177.53604680510867,274.8305239891827,173.15048247872713
half0__wrong_tag,ADE_vs_floor4,hard,eu-locality-124,1375,96.13252457572001,96.33462236475047,0.20978728526620527,271.53074393806423,454.9614884293962,275.01545124860064
half0__wrong_tag,ADE_vs_floor4,hard,eu-locality-126,1386,62.69442792281028,61.909088531110136,-1.2685365110899571,148.59888619871583,231.2736903008077,149.0788796981218
half0__wrong_tag,ADE_vs_floor4,complete,eu-locality-007,2882,12.981785232108262,12.889350295774541,-0.7171419366577725,46.30062821751765,78.38155397781499,46.30062821751765
half0__wrong_tag,ADE_vs_floor4,complete,eu-locality-074,67309,18.793114631013662,18.54360055520876,-1.3455535512752137,61.770427812077855,127.54058973811344,61.417892088748516
half0__wrong_tag,ADE_vs_floor4,complete,eu-locality-082,582,10.214863290538364,10.194464812089912,-0.20009366675395324,48.02343140325714,88.77064559267427,48.02343140325714
half0__wrong_tag,ADE_vs_floor4,complete,eu-locality-110,5804,27.255092636532385,27.434625922932916,0.6544039889767816,113.30025239364029,261.5364238541321,115.53160965099059
half0__wrong_tag,ADE_vs_floor4,complete,eu-locality-112,2417,20.180811871958873,20.19441322222265,0.06735204491512548,69.45492121836293,157.72654095861347,69.68715616447264
half0__wrong_tag,ADE_vs_floor4,complete,eu-locality-119,3148,28.21952553332001,27.609577352417112,-2.209190575854647,112.87662958457898,205.2067029563877,105.7965450702576
half0__wrong_tag,ADE_vs_floor4,complete,eu-locality-124,2077,37.46834388588601,37.7156695905191,0.6557637908018554,171.50287382770406,315.79700044017295,174.2361940078016
half0__wrong_tag,ADE_vs_floor4,complete,eu-locality-126,3637,18.792938732702076,18.53411054882052,-1.3964963854066648,81.97929742677579,153.4885792234334,80.6506713700502
half0__wrong_tag,ADE_vs_floor2,all,eu-locality-007,5526,13.062638403016459,13.081825162659008,0.1466672991267015,45.00724434474006,79.06437673311149,45.12031885331507
half0__wrong_tag,ADE_vs_floor2,all,eu-locality-074,102348,19.11641009263568,19.17219153103587,0.29094972429152266,63.245802980608474,129.74754454425894,63.464044100350044
half0__wrong_tag,ADE_vs_floor2,all,eu-locality-082,1368,13.400483481851333,13.456314094325641,0.41490271468804796,51.63995873727773,101.91892546130697,51.63995873727773
half0__wrong_tag,ADE_vs_floor2,all,eu-locality-110,8550,29.416691349753886,29.539535710278336,0.41586422254330513,119.34553890275312,264.91095623574716,119.34553890275312
half0__wrong_tag,ADE_vs_floor2,all,eu-locality-112,5004,23.916612107795384,23.949646753736086,0.13793375025688004,84.54985488129502,185.7800808901213,84.54985488129502
half0__wrong_tag,ADE_vs_floor2,all,eu-locality-119,5639,28.699337030384307,28.710093985698723,0.037467502961763266,114.45336587739244,202.80832216018405,114.45336587739244
half0__wrong_tag,ADE_vs_floor2,all,eu-locality-124,3550,41.59216293513424,41.69425784800475,0.24486564371213326,182.80259922586131,336.20062332280685,183.18673156958803
half0__wrong_tag,ADE_vs_floor2,all,eu-locality-126,5790,19.206863662029317,19.214455088806975,0.03950893607219674,84.27867518159785,153.3589935989857,84.27867518159785
half0__wrong_tag,ADE_vs_floor2,easy,eu-locality-007,1784,1.3678929900763537,1.3735265254228959,0.4101511869097463,3.103270333026861,3.480627879018509,3.107048691891239
half0__wrong_tag,ADE_vs_floor2,easy,eu-locality-074,17176,1.9473868368747118,1.972150257287924,1.25565586707711,3.3016530360405256,4.503405081736919,3.266173954671538
half0__wrong_tag,ADE_vs_floor2,easy,eu-locality-082,515,1.5483643360245503,1.569765009211788,1.3633042564748954,3.0135421032011274,3.403722230149994,3.0135421032011274
half0__wrong_tag,ADE_vs_floor2,easy,eu-locality-110,2009,1.75197286074399,1.740721452653286,-0.6463646480345364,3.1049167252293506,3.528957893776757,3.076685094995319
half0__wrong_tag,ADE_vs_floor2,easy,eu-locality-112,575,2.020918578453945,2.0171169785858285,-0.18846700059913513,3.1780176558709265,3.4412261593914457,3.1733691092259093
half0__wrong_tag,ADE_vs_floor2,easy,eu-locality-119,1323,1.7633217960468246,1.80367408467925,2.237227278208709,3.1149774940305295,3.485016243956535,3.099608287483954
half0__wrong_tag,ADE_vs_floor2,easy,eu-locality-124,739,1.8617200159719645,1.8881114918061501,1.3977710505294283,3.077357501930087,3.350914334450423,3.0748363905528384
half0__wrong_tag,ADE_vs_floor2,easy,eu-locality-126,2167,1.400834076387115,1.4077021844510513,0.48789496384952225,2.980678864915554,3.300970005917384,2.9855865277269253
half0__wrong_tag,ADE_vs_floor2,hard,eu-locality-007,1057,39.09891207735238,39.140430613251446,0.10607582811060778,80.47971720089258,112.04683381609054,80.47971720089258
half0__wrong_tag,ADE_vs_floor2,hard,eu-locality-074,26162,49.877947263513306,50.04711976811148,0.33802645463318903,117.27812845418275,211.89824771714012,118.09817663289087
half0__wrong_tag,ADE_vs_floor2,hard,eu-locality-082,245,47.81789814300542,47.940723326855014,0.25620219163607905,102.89538275989119,169.5400402883042,102.89538275989119
half0__wrong_tag,ADE_vs_floor2,hard,eu-locality-110,2779,76.08917073855655,76.43859644359877,0.45713254991547325,217.68084921801116,381.2975959811301,218.74772388146727
half0__wrong_tag,ADE_vs_floor2,hard,eu-locality-112,1522,58.05958085598035,58.121452179339876,0.10645178508034148,153.79209340963874,273.8161229399875,154.68252676977258
half0__wrong_tag,ADE_vs_floor2,hard,eu-locality-119,1922,69.90511822806165,69.89825268381013,-0.009822197248032793,177.53604680510867,274.8305239891827,177.53604680510867
half0__wrong_tag,ADE_vs_floor2,hard,eu-locality-124,1375,96.13252457572001,96.29222568033022,0.16585046558211802,271.53074393806423,454.9614884293962,272.5195589964772
half0__wrong_tag,ADE_vs_floor2,hard,eu-locality-126,1386,62.69442792281028,62.697681486490886,0.005189288668205894,148.59888619871583,231.2736903008077,148.59888619871583
half0__wrong_tag,ADE_vs_floor2,complete,eu-locality-007,2882,12.981785232108262,12.997725337517265,0.12263765385926995,46.30062821751765,78.38155397781499,46.555270821648136
half0__wrong_tag,ADE_vs_floor2,complete,eu-locality-074,67309,18.793114631013662,18.843159793881274,0.26558795560318593,61.770427812077855,127.54058973811344,61.94495457614405
half0__wrong_tag,ADE_vs_floor2,complete,eu-locality-082,582,10.214863290538364,10.292165152486293,0.751074830248466,48.02343140325714,88.77064559267427,48.02343140325714
half0__wrong_tag,ADE_vs_floor2,complete,eu-locality-110,5804,27.255092636532385,27.401166217889905,0.5330925705715028,113.30025239364029,261.5364238541321,113.30025239364029
half0__wrong_tag,ADE_vs_floor2,complete,eu-locality-112,2417,20.180811871958873,20.232732912604032,0.2566190186438666,69.45492121836293,157.72654095861347,69.45492121836293
half0__wrong_tag,ADE_vs_floor2,complete,eu-locality-119,3148,28.21952553332001,28.234655924665894,0.05358801391542878,112.87662958457898,205.2067029563877,113.34434584338538
half0__wrong_tag,ADE_vs_floor2,complete,eu-locality-124,2077,37.46834388588601,37.63604127462286,0.445576588444041,171.50287382770406,315.79700044017295,173.10971397244984
half0__wrong_tag,ADE_vs_floor2,complete,eu-locality-126,3637,18.792938732702076,18.800555719325157,0.04051468869747943,81.97929742677579,153.4885792234334,81.97929742677579
half0__wrong_tag,ADE_vs_old_stop4,all,eu-locality-007,5526,13.062638403016459,12.961150220682853,-0.7830183325215678,45.00724434474006,79.06437673311149,44.84717682318422
half0__wrong_tag,ADE_vs_old_stop4,all,eu-locality-074,102348,19.11641009263568,18.863154002187642,-1.342596738693147,63.245802980608474,129.74754454425894,62.705569462485954
half0__wrong_tag,ADE_vs_old_stop4,all,eu-locality-082,1368,13.400483481851333,13.29583266729295,-0.78709485277908,51.63995873727773,101.91892546130697,51.425477538041534
half0__wrong_tag,ADE_vs_old_stop4,all,eu-locality-110,8550,29.416691349753886,29.394594283576424,-0.07517391110858362,119.34553890275312,264.91095623574716,119.3597312433166
half0__wrong_tag,ADE_vs_old_stop4,all,eu-locality-112,5004,23.916612107795384,23.90808095365577,-0.03568314059230193,84.54985488129502,185.7800808901213,84.7327219344217
half0__wrong_tag,ADE_vs_old_stop4,all,eu-locality-119,5639,28.699337030384307,28.251508226866342,-1.5851500738360391,114.45336587739244,202.80832216018405,112.76082577567496
half0__wrong_tag,ADE_vs_old_stop4,all,eu-locality-124,3550,41.59216293513424,41.62594498506041,0.08115623546394168,182.80259922586131,336.20062332280685,183.4575493815521
half0__wrong_tag,ADE_vs_old_stop4,all,eu-locality-126,5790,19.206863662029317,18.974798126502012,-1.2230197864565362,84.27867518159785,153.3589935989857,83.50039592159716
half0__wrong_tag,ADE_vs_old_stop4,easy,eu-locality-007,1784,1.3678929900763537,1.356525867278389,-0.8379584254276429,3.103270333026861,3.480627879018509,3.0689285641734325
half0__wrong_tag,ADE_vs_old_stop4,easy,eu-locality-074,17176,1.9473868368747118,1.9434107087645942,-0.20459535867460854,3.3016530360405256,4.503405081736919,3.3214611677886943
half0__wrong_tag,ADE_vs_old_stop4,easy,eu-locality-082,515,1.5483643360245503,1.5466135774354102,-0.11319948400059232,3.0135421032011274,3.403722230149994,3.0135421032011274
half0__wrong_tag,ADE_vs_old_stop4,easy,eu-locality-110,2009,1.75197286074399,1.7587685994539886,0.3863918603111527,3.1049167252293506,3.528957893776757,3.1277408574043135
half0__wrong_tag,ADE_vs_old_stop4,easy,eu-locality-112,575,2.020918578453945,2.020394039009353,-0.025962234814813634,3.1780176558709265,3.4412261593914457,3.1788599791555168
half0__wrong_tag,ADE_vs_old_stop4,easy,eu-locality-119,1323,1.7633217960468246,1.7370171938916548,-1.5143547368253962,3.1149774940305295,3.485016243956535,3.1149774940305295
half0__wrong_tag,ADE_vs_old_stop4,easy,eu-locality-124,739,1.8617200159719645,1.8813362831837772,1.0426773452014815,3.077357501930087,3.350914334450423,3.117399391382583
half0__wrong_tag,ADE_vs_old_stop4,easy,eu-locality-126,2167,1.400834076387115,1.3917113642841858,-0.6555031694823743,2.980678864915554,3.300970005917384,2.956847071248013
half0__wrong_tag,ADE_vs_old_stop4,hard,eu-locality-007,1057,39.09891207735238,38.79066369425895,-0.7946458083908814,80.47971720089258,112.04683381609054,79.62499588488345
half0__wrong_tag,ADE_vs_old_stop4,hard,eu-locality-074,26162,49.877947263513306,49.305273736656794,-1.1614853411324733,117.27812845418275,211.89824771714012,117.35809108251024
half0__wrong_tag,ADE_vs_old_stop4,hard,eu-locality-082,245,47.81789814300542,47.355520002729286,-0.9763975567145922,102.89538275989119,169.5400402883042,102.84492248432812
half0__wrong_tag,ADE_vs_old_stop4,hard,eu-locality-110,2779,76.08917073855655,76.0053661133276,-0.11026145851860125,217.68084921801116,381.2975959811301,216.6024960430333
half0__wrong_tag,ADE_vs_old_stop4,hard,eu-locality-112,1522,58.05958085598035,58.033000843471704,-0.0458015476062279,153.79209340963874,273.8161229399875,155.91825887565795
half0__wrong_tag,ADE_vs_old_stop4,hard,eu-locality-119,1922,69.90511822806165,68.69758238999611,-1.757755944321815,177.53604680510867,274.8305239891827,173.15048247872713
half0__wrong_tag,ADE_vs_old_stop4,hard,eu-locality-124,1375,96.13252457572001,96.24237575386056,0.11414013554849056,271.53074393806423,454.9614884293962,274.49169803893716
half0__wrong_tag,ADE_vs_old_stop4,hard,eu-locality-126,1386,62.69442792281028,61.890535924154484,-1.2988932583181123,148.59888619871583,231.2736903008077,149.0788796981218
half0__wrong_tag,ADE_vs_old_stop4,complete,eu-locality-007,2882,12.981785232108262,12.86054434484334,-0.9427352685388746,46.30062821751765,78.38155397781499,46.30062821751765
half0__wrong_tag,ADE_vs_old_stop4,complete,eu-locality-074,67309,18.793114631013662,18.484366806614457,-1.6703186407701187,61.770427812077855,127.54058973811344,61.26086495837293
half0__wrong_tag,ADE_vs_old_stop4,complete,eu-locality-082,582,10.214863290538364,10.105575192094681,-1.0814634136726342,48.02343140325714,88.77064559267427,48.02343140325714
half0__wrong_tag,ADE_vs_old_stop4,complete,eu-locality-110,5804,27.255092636532385,27.190717397304425,-0.23675447134154926,113.30025239364029,261.5364238541321,113.30025239364029
half0__wrong_tag,ADE_vs_old_stop4,complete,eu-locality-112,2417,20.180811871958873,20.146153460739935,-0.1720348814302497,69.45492121836293,157.72654095861347,69.68715616447264
half0__wrong_tag,ADE_vs_old_stop4,complete,eu-locality-119,3148,28.21952553332001,27.588506738653948,-2.2872524440837205,112.87662958457898,205.2067029563877,106.68215257251505
half0__wrong_tag,ADE_vs_old_stop4,complete,eu-locality-124,2077,37.46834388588601,37.58413964101855,0.30809739490795796,171.50287382770406,315.79700044017295,174.2361940078016
half0__wrong_tag,ADE_vs_old_stop4,complete,eu-locality-126,3637,18.792938732702076,18.511056776738215,-1.5227761405717688,81.97929742677579,153.4885792234334,80.6506713700502
half0__wrong_tag,FDE_vs_floor4,endpoint,eu-locality-007,3935,28.120609549104973,27.88430870830449,-0.8474330250479056,100.0631355130296,176.37171802076864,100.71081315355305
half0__wrong_tag,FDE_vs_floor4,endpoint,eu-locality-074,81289,39.70824645126247,38.97823989825896,-1.8728566372133937,136.38114176936858,278.68458364427835,134.86094239197612
half0__wrong_tag,FDE_vs_floor4,endpoint,eu-locality-082,859,25.02477150442436,24.915578504383376,-0.43825191545030506,113.0556753805091,234.87918667739171,113.0556753805091
half0__wrong_tag,FDE_vs_floor4,endpoint,eu-locality-110,7204,55.09816621464373,55.44003901160984,0.6166532402592906,241.0290256771495,564.5845203875991,246.0589932957891
half0__wrong_tag,FDE_vs_floor4,endpoint,eu-locality-112,3719,46.53505963390631,46.53141297635786,-0.00783698004249711,179.1309151569068,414.1148860954396,176.82517521705788
half0__wrong_tag,FDE_vs_floor4,endpoint,eu-locality-119,4147,64.84574598213602,63.35750592966548,-2.3489561822756633,271.0560737130778,484.5542592170748,263.6199274159857
half0__wrong_tag,FDE_vs_floor4,endpoint,eu-locality-124,2645,80.99862428874029,81.38873930318952,0.4793230830078099,369.6380478107621,730.304686035854,377.201315538286
half0__wrong_tag,FDE_vs_floor4,endpoint,eu-locality-126,4579,38.6566637046374,37.98212108885768,-1.7759477260410383,178.8463113476712,353.97292963652524,174.73891138116818
half0__wrong_tag,ADE_vs_CV,easy,eu-locality-007,1784,1.3678929900763537,1.4116372489032123,3.0988314356854896,3.103270333026861,3.480627879018509,3.1829165280653378
half0__wrong_tag,ADE_vs_CV,easy,eu-locality-074,17176,1.9473868368747118,2.0345987086931556,4.286440930381841,3.3016530360405256,4.503405081736919,3.3227202724286355
half0__wrong_tag,ADE_vs_CV,easy,eu-locality-082,515,1.5483643360245503,1.6292457075972016,4.964344616376771,3.0135421032011274,3.403722230149994,3.1617325949953337
half0__wrong_tag,ADE_vs_CV,easy,eu-locality-110,2009,1.75197286074399,1.8571965321602297,5.665726248898773,3.1049167252293506,3.528957893776757,3.2841980969419593
half0__wrong_tag,ADE_vs_CV,easy,eu-locality-112,575,2.020918578453945,2.120126457156666,4.679337799301364,3.1780176558709265,3.4412261593914457,3.337428914790469
half0__wrong_tag,ADE_vs_CV,easy,eu-locality-119,1323,1.7633217960468246,1.9039962115564375,7.38837685998427,3.1149774940305295,3.485016243956535,3.27321556485438
half0__wrong_tag,ADE_vs_CV,easy,eu-locality-124,739,1.8617200159719645,2.0089308960456713,7.327821995444095,3.077357501930087,3.350914334450423,3.2764853371884692
half0__wrong_tag,ADE_vs_CV,easy,eu-locality-126,2167,1.400834076387115,1.49949345147157,6.579513567573969,2.980678864915554,3.300970005917384,3.17156482441628
half0__legacy,ADE_vs_floor4,all,eu-locality-007,5526,13.062828833056722,12.988977358692967,-0.568570352571518,45.00724434474006,79.39679952205759,45.00724434474006
half0__legacy,ADE_vs_floor4,all,eu-locality-074,102348,19.11086445599805,18.928758643144462,-0.9620589299422555,63.251568897989344,129.74754454425894,62.90487006757357
half0__legacy,ADE_vs_floor4,all,eu-locality-082,1368,13.377653703133136,13.382109547963138,0.03329702849936833,51.63995873727773,101.91892546130697,51.425477538041534
half0__legacy,ADE_vs_floor4,all,eu-locality-110,8550,29.40751587491193,29.590760616109456,0.6192633693159144,119.34553890275312,264.91095623574716,119.69634221657493
half0__legacy,ADE_vs_floor4,all,eu-locality-112,5004,23.913831050392464,23.94523325402535,0.13114177381257086,84.54985488129502,185.7800808901213,84.7327219344217
half0__legacy,ADE_vs_floor4,all,eu-locality-119,5639,28.69150386804876,28.264676571861138,-1.5101085452099205,114.45336587739244,202.80832216018405,112.61105661938669
half0__legacy,ADE_vs_floor4,all,eu-locality-124,3550,41.5806594146783,41.708148345881874,0.30566912284457626,182.80259922586131,336.20062332280685,183.4575493815521
half0__legacy,ADE_vs_floor4,all,eu-locality-126,5790,19.205167087987572,18.990172104699553,-1.1321381507375161,84.27867518159785,153.1339455499822,83.50039592159716
half0__legacy,ADE_vs_floor4,easy,eu-locality-007,1784,1.3709270754318181,1.3704141625684736,-0.037427580461013576,3.1092839133041323,3.498723147824572,3.069367262607619
half0__legacy,ADE_vs_floor4,easy,eu-locality-074,17176,1.9442012809057538,1.9753301234777456,1.5758805174897361,3.3234841769057737,4.580457436595817,3.2693935131203515
half0__legacy,ADE_vs_floor4,easy,eu-locality-082,515,1.5320992013809926,1.5708147140080164,2.4646772328888567,3.007097881111193,3.403722230149994,3.0305478831342776
half0__legacy,ADE_vs_floor4,easy,eu-locality-110,2009,1.758922272970597,1.7398333075084131,-1.0971720899814574,3.124106928875831,3.567960279956386,3.0739867959322544
half0__legacy,ADE_vs_floor4,easy,eu-locality-112,575,2.022388699231256,2.0216492814735574,-0.036574976900016765,3.19408105448369,3.6213670882134874,3.1780176558709265
half0__legacy,ADE_vs_floor4,easy,eu-locality-119,1323,1.7299818948997223,1.8083397066073579,4.333135606176752,3.1081550971329137,3.518113916242953,3.099600206318804
half0__legacy,ADE_vs_floor4,easy,eu-locality-124,739,1.8737524021092287,1.8896930090669188,0.8435553754607583,3.1013688967242374,3.392610952780432,3.0841436643812377
half0__legacy,ADE_vs_floor4,easy,eu-locality-126,2167,1.3910531812015445,1.4008583701146202,0.6999414874662491,2.9901609366628152,3.4023079292172493,2.953123766367965
half0__legacy,ADE_vs_floor4,hard,eu-locality-007,1057,39.10024243526424,38.85684622224942,-0.6263920947744195,80.55862777744943,112.04683381609054,79.62499588488345
half0__legacy,ADE_vs_floor4,hard,eu-locality-074,26162,49.86209402325738,49.499371913581456,-0.7327812367178721,117.27812845418275,211.7281125690222,118.25169417871308
half0__legacy,ADE_vs_floor4,hard,eu-locality-082,245,47.81988643967502,47.48178753237176,-0.7120601916529523,102.89538275989119,169.5400402883042,102.84492248432812
half0__legacy,ADE_vs_floor4,hard,eu-locality-110,2779,76.05353557566701,76.58741773950138,0.6970886074919913,217.14304577429462,381.2975959811301,217.7895967541795
half0__legacy,ADE_vs_floor4,hard,eu-locality-112,1522,58.05797865370177,58.108785974817565,0.08743483496250759,153.79209340963874,273.8161229399875,156.09076825692148
half0__legacy,ADE_vs_floor4,hard,eu-locality-119,1922,69.9052997777041,68.68626363823714,-1.7747888368007558,177.53604680510867,274.8305239891827,173.15048247872713
half0__legacy,ADE_vs_floor4,hard,eu-locality-124,1375,96.12243927933521,96.33462236475047,0.22025631097807308,271.53074393806423,454.9614884293962,275.01545124860064
half0__legacy,ADE_vs_floor4,hard,eu-locality-126,1386,62.70787098000061,61.909088531110136,-1.290250701218243,148.59888619871583,231.2736903008077,149.0788796981218
half0__legacy,ADE_vs_floor4,complete,eu-locality-007,2882,12.989051782818539,12.889350295774541,-0.7735183291331715,46.555270821648136,79.58424742220402,46.30062821751765
half0__legacy,ADE_vs_floor4,complete,eu-locality-074,67309,18.786497980155062,18.54360055520876,-1.3098719648492185,61.78579172670162,127.54058973811344,61.417892088748516
half0__legacy,ADE_vs_floor4,complete,eu-locality-082,582,10.19833601923712,10.194464812089912,-0.03797361821895606,48.02343140325714,88.77064559267427,48.02343140325714
half0__legacy,ADE_vs_floor4,complete,eu-locality-110,5804,27.23919852732021,27.434625922932916,0.7123384738748961,113.30025239364029,261.5364238541321,115.53160965099059
half0__legacy,ADE_vs_floor4,complete,eu-locality-112,2417,20.179185926778434,20.19441322222265,0.07540350529947615,69.45492121836293,157.72654095861347,69.68715616447264
half0__legacy,ADE_vs_floor4,complete,eu-locality-119,3148,28.206672119665978,27.609577352417112,-2.1626363910876467,112.87662958457898,205.2067029563877,105.7965450702576
half0__legacy,ADE_vs_floor4,complete,eu-locality-124,2077,37.45204121299889,37.7156695905191,0.6989889888803003,169.68408507779915,315.79700044017295,174.2361940078016
half0__legacy,ADE_vs_floor4,complete,eu-locality-126,3637,18.791988646477026,18.53411054882052,-1.3913702358536728,81.97929742677579,153.4062776847564,80.6506713700502
half0__legacy,ADE_vs_floor2,all,eu-locality-007,5526,13.062828833056722,13.081825162659008,0.14521161509258862,45.00724434474006,79.39679952205759,45.12031885331507
half0__legacy,ADE_vs_floor2,all,eu-locality-074,102348,19.11086445599805,19.17219153103587,0.3198751428001523,63.251568897989344,129.74754454425894,63.464044100350044
half0__legacy,ADE_vs_floor2,all,eu-locality-082,1368,13.377653703133136,13.456314094325641,0.5845612003488765,51.63995873727773,101.91892546130697,51.63995873727773
half0__legacy,ADE_vs_floor2,all,eu-locality-110,8550,29.40751587491193,29.539535710278336,0.4469258984340474,119.34553890275312,264.91095623574716,119.34553890275312
half0__legacy,ADE_vs_floor2,all,eu-locality-112,5004,23.913831050392464,23.949646753736086,0.1495458522286386,84.54985488129502,185.7800808901213,84.54985488129502
half0__legacy,ADE_vs_floor2,all,eu-locality-119,5639,28.69150386804876,28.710093985698723,0.06475115567098344,114.45336587739244,202.80832216018405,114.45336587739244
half0__legacy,ADE_vs_floor2,all,eu-locality-124,3550,41.5806594146783,41.69425784800475,0.2724558229110885,182.80259922586131,336.20062332280685,183.18673156958803
half0__legacy,ADE_vs_floor2,all,eu-locality-126,5790,19.205167087987572,19.214455088806975,0.0483386116154505,84.27867518159785,153.1339455499822,84.27867518159785
half0__legacy,ADE_vs_floor2,easy,eu-locality-007,1784,1.3709270754318181,1.3735265254228959,0.18925371610696295,3.1092839133041323,3.498723147824572,3.107048691891239
half0__legacy,ADE_vs_floor2,easy,eu-locality-074,17176,1.9442012809057538,1.972150257287924,1.4171829088015397,3.3234841769057737,4.580457436595817,3.266173954671538
half0__legacy,ADE_vs_floor2,easy,eu-locality-082,515,1.5320992013809926,1.569765009211788,2.399455180218868,3.007097881111193,3.403722230149994,3.0135421032011274
half0__legacy,ADE_vs_floor2,easy,eu-locality-110,2009,1.758922272970597,1.740721452653286,-1.0455906250576907,3.124106928875831,3.567960279956386,3.076685094995319
half0__legacy,ADE_vs_floor2,easy,eu-locality-112,575,2.022388699231256,2.0171169785858285,-0.2613492772800541,3.19408105448369,3.6213670882134874,3.1733691092259093
half0__legacy,ADE_vs_floor2,easy,eu-locality-119,1323,1.7299818948997223,1.80367408467925,4.085671042539407,3.1081550971329137,3.518113916242953,3.099608287483954
half0__legacy,ADE_vs_floor2,easy,eu-locality-124,739,1.8737524021092287,1.8881114918061501,0.7605000954252761,3.1013688967242374,3.392610952780432,3.0748363905528384
half0__legacy,ADE_vs_floor2,easy,eu-locality-126,2167,1.3910531812015445,1.4077021844510513,1.1827077796287777,2.9901609366628152,3.4023079292172493,2.9855865277269253
half0__legacy,ADE_vs_floor2,hard,eu-locality-007,1057,39.10024243526424,39.140430613251446,0.1026768928127142,80.55862777744943,112.04683381609054,80.47971720089258
half0__legacy,ADE_vs_floor2,hard,eu-locality-074,26162,49.86209402325738,50.04711976811148,0.3697030832371606,117.27812845418275,211.7281125690222,118.09817663289087
half0__legacy,ADE_vs_floor2,hard,eu-locality-082,245,47.81988643967502,47.940723326855014,0.25205478514820356,102.89538275989119,169.5400402883042,102.89538275989119
half0__legacy,ADE_vs_floor2,hard,eu-locality-110,2779,76.05353557566701,76.43859644359877,0.5037518817026965,217.14304577429462,381.2975959811301,218.74772388146727
half0__legacy,ADE_vs_floor2,hard,eu-locality-112,1522,58.05797865370177,58.121452179339876,0.10920843037826033,153.79209340963874,273.8161229399875,154.68252676977258
half0__legacy,ADE_vs_floor2,hard,eu-locality-119,1922,69.9052997777041,69.89825268381013,-0.010081931412297962,177.53604680510867,274.8305239891827,177.53604680510867
half0__legacy,ADE_vs_floor2,hard,eu-locality-124,1375,96.12243927933521,96.29222568033022,0.17632410072092597,271.53074393806423,454.9614884293962,272.5195589964772
half0__legacy,ADE_vs_floor2,hard,eu-locality-126,1386,62.70787098000061,62.697681486490886,-0.0162517867776657,148.59888619871583,231.2736903008077,148.59888619871583
half0__legacy,ADE_vs_floor2,complete,eu-locality-007,2882,12.989051782818539,12.997725337517265,0.06673132777849089,46.555270821648136,79.58424742220402,46.555270821648136
half0__legacy,ADE_vs_floor2,complete,eu-locality-074,67309,18.786497980155062,18.843159793881274,0.3007022938085524,61.78579172670162,127.54058973811344,61.94495457614405
half0__legacy,ADE_vs_floor2,complete,eu-locality-082,582,10.19833601923712,10.292165152486293,0.911655923306931,48.02343140325714,88.77064559267427,48.02343140325714
half0__legacy,ADE_vs_floor2,complete,eu-locality-110,5804,27.23919852732021,27.401166217889905,0.5910977995671973,113.30025239364029,261.5364238541321,113.30025239364029
half0__legacy,ADE_vs_floor2,complete,eu-locality-112,2417,20.179185926778434,20.232732912604032,0.2646552300022753,69.45492121836293,157.72654095861347,69.45492121836293
half0__legacy,ADE_vs_floor2,complete,eu-locality-119,3148,28.206672119665978,28.234655924665894,0.09911154956016022,112.87662958457898,205.2067029563877,113.34434584338538
half0__legacy,ADE_vs_floor2,complete,eu-locality-124,2077,37.45204121299889,37.63604127462286,0.48889324007632684,169.68408507779915,315.79700044017295,173.10971397244984
half0__legacy,ADE_vs_floor2,complete,eu-locality-126,3637,18.791988646477026,18.800555719325157,0.04556818945157248,81.97929742677579,153.4062776847564,81.97929742677579
half0__legacy,ADE_vs_old_stop4,all,eu-locality-007,5526,13.062828833056722,12.961150220682853,-0.7844875697190279,45.00724434474006,79.39679952205759,44.84717682318422
half0__legacy,ADE_vs_old_stop4,all,eu-locality-074,102348,19.11086445599805,18.863154002187642,-1.313197431255042,63.251568897989344,129.74754454425894,62.705569462485954
half0__legacy,ADE_vs_old_stop4,all,eu-locality-082,1368,13.377653703133136,13.29583266729295,-0.6153885799229597,51.63995873727773,101.91892546130697,51.425477538041534
half0__legacy,ADE_vs_old_stop4,all,eu-locality-110,8550,29.40751587491193,29.394594283576424,-0.04395907359988627,119.34553890275312,264.91095623574716,119.3597312433166
half0__legacy,ADE_vs_old_stop4,all,eu-locality-112,5004,23.913831050392464,23.90808095365577,-0.02405085020349418,84.54985488129502,185.7800808901213,84.7327219344217
half0__legacy,ADE_vs_old_stop4,all,eu-locality-119,5639,28.69150386804876,28.251508226866342,-1.5574235458480468,114.45336587739244,202.80832216018405,112.76082577567496
half0__legacy,ADE_vs_old_stop4,all,eu-locality-124,3550,41.5806594146783,41.62594498506041,0.10879169325370697,182.80259922586131,336.20062332280685,183.4575493815521
half0__legacy,ADE_vs_old_stop4,all,eu-locality-126,5790,19.205167087987572,18.974798126502012,-1.2140785896626038,84.27867518159785,153.1339455499822,83.50039592159716
half0__legacy,ADE_vs_old_stop4,easy,eu-locality-007,1784,1.3709270754318181,1.356525867278389,-1.0616242934108122,3.1092839133041323,3.498723147824572,3.0689285641734325
half0__legacy,ADE_vs_old_stop4,easy,eu-locality-074,17176,1.9442012809057538,1.9434107087645942,-0.04067962256224522,3.3234841769057737,4.580457436595817,3.3214611677886943
half0__legacy,ADE_vs_old_stop4,easy,eu-locality-082,515,1.5320992013809926,1.5466135774354102,0.9384616989128736,3.007097881111193,3.403722230149994,3.0135421032011274
half0__legacy,ADE_vs_old_stop4,easy,eu-locality-110,2009,1.758922272970597,1.7587685994539886,-0.008737563125471581,3.124106928875831,3.567960279956386,3.1277408574043135
half0__legacy,ADE_vs_old_stop4,easy,eu-locality-112,575,2.022388699231256,2.020394039009353,-0.09872629711780156,3.19408105448369,3.6213670882134874,3.1788599791555168
half0__legacy,ADE_vs_old_stop4,easy,eu-locality-119,1323,1.7299818948997223,1.7370171938916548,0.4050218395461269,3.1081550971329137,3.518113916242953,3.1149774940305295
half0__legacy,ADE_vs_old_stop4,easy,eu-locality-124,739,1.8737524021092287,1.8813362831837772,0.4031114023758886,3.1013688967242374,3.392610952780432,3.117399391382583
half0__legacy,ADE_vs_old_stop4,easy,eu-locality-126,2167,1.3910531812015445,1.3917113642841858,0.047293073803411634,2.9901609366628152,3.4023079292172493,2.956847071248013
half0__legacy,ADE_vs_old_stop4,hard,eu-locality-007,1057,39.10024243526424,38.79066369425895,-0.7980753911439376,80.55862777744943,112.04683381609054,79.62499588488345
half0__legacy,ADE_vs_old_stop4,hard,eu-locality-074,26162,49.86209402325738,49.305273736656794,-1.1293321066922823,117.27812845418275,211.7281125690222,117.35809108251024
half0__legacy,ADE_vs_old_stop4,hard,eu-locality-082,245,47.81988643967502,47.355520002729286,-0.9805962154337378,102.89538275989119,169.5400402883042,102.84492248432812
half0__legacy,ADE_vs_old_stop4,hard,eu-locality-110,2779,76.05353557566701,76.0053661133276,-0.06337639669755646,217.14304577429462,381.2975959811301,216.6024960430333
half0__legacy,ADE_vs_old_stop4,hard,eu-locality-112,1522,58.05797865370177,58.033000843471704,-0.04304070075134003,153.79209340963874,273.8161229399875,155.91825887565795
half0__legacy,ADE_vs_old_stop4,hard,eu-locality-119,1922,69.9052997777041,68.69758238999611,-1.7580202180213167,177.53604680510867,274.8305239891827,173.15048247872713
half0__legacy,ADE_vs_old_stop4,hard,eu-locality-124,1375,96.12243927933521,96.24237575386056,0.12461919563589996,271.53074393806423,454.9614884293962,274.49169803893716
half0__legacy,ADE_vs_old_stop4,hard,eu-locality-126,1386,62.70787098000061,61.890535924154484,-1.3206139575972387,148.59888619871583,231.2736903008077,149.0788796981218
half0__legacy,ADE_vs_old_stop4,complete,eu-locality-007,2882,12.989051782818539,12.86054434484334,-0.9992379368197302,46.555270821648136,79.58424742220402,46.30062821751765
half0__legacy,ADE_vs_old_stop4,complete,eu-locality-074,67309,18.786497980155062,18.484366806614457,-1.6345227115515337,61.78579172670162,127.54058973811344,61.26086495837293
half0__legacy,ADE_vs_old_stop4,complete,eu-locality-082,582,10.19833601923712,10.105575192094681,-0.917917341459229,48.02343140325714,88.77064559267427,48.02343140325714
half0__legacy,ADE_vs_old_stop4,complete,eu-locality-110,5804,27.23919852732021,27.190717397304425,-0.17830029751473297,113.30025239364029,261.5364238541321,113.30025239364029
half0__legacy,ADE_vs_old_stop4,complete,eu-locality-112,2417,20.179185926778434,20.146153460739935,-0.16396413391206455,69.45492121836293,157.72654095861347,69.68715616447264
half0__legacy,ADE_vs_old_stop4,complete,eu-locality-119,3148,28.206672119665978,27.588506738653948,-2.24066270374077,112.87662958457898,205.2067029563877,106.68215257251505
half0__legacy,ADE_vs_old_stop4,complete,eu-locality-124,2077,37.45204121299889,37.58413964101855,0.35147386445821827,169.68408507779915,315.79700044017295,174.2361940078016
half0__legacy,ADE_vs_old_stop4,complete,eu-locality-126,3637,18.791988646477026,18.511056776738215,-1.5176436068838672,81.97929742677579,153.4062776847564,80.6506713700502
half0__legacy,FDE_vs_floor4,endpoint,eu-locality-007,3935,28.135641103866007,27.88430870830449,-0.9013398832679931,100.0631355130296,176.37171802076864,100.71081315355305
half0__legacy,FDE_vs_floor4,endpoint,eu-locality-074,81289,39.68097604733195,38.97823989825896,-1.8028934885394365,136.29803956716916,278.55010572911186,134.86094239197612
half0__legacy,FDE_vs_floor4,endpoint,eu-locality-082,859,24.964779577376355,24.915578504383376,-0.19747112427801472,113.0556753805091,234.87918667739171,113.0556753805091
half0__legacy,FDE_vs_floor4,endpoint,eu-locality-110,7204,55.1361421558526,55.44003901160984,0.5481541160055725,241.0290256771495,564.5845203875991,246.0589932957891
half0__legacy,FDE_vs_floor4,endpoint,eu-locality-112,3719,46.52858953513289,46.53141297635786,0.006067817511601348,178.11929855759314,414.1148860954396,176.82517521705788
half0__legacy,FDE_vs_floor4,endpoint,eu-locality-119,4147,64.81220070930245,63.35750592966548,-2.2960101700528757,271.0560737130778,484.5542592170748,263.6199274159857
half0__legacy,FDE_vs_floor4,endpoint,eu-locality-124,2645,80.87852902324641,81.38873930318952,0.6268806769969437,369.6380478107621,730.304686035854,377.201315538286
half0__legacy,FDE_vs_floor4,endpoint,eu-locality-126,4579,38.64911364942173,37.98212108885768,-1.7560698071696468,178.8463113476712,353.97292963652524,174.73891138116818
half0__legacy,ADE_vs_CV,easy,eu-locality-007,1784,1.3709270754318181,1.4116372489032123,2.883897651682432,3.1092839133041323,3.498723147824572,3.1829165280653378
half0__legacy,ADE_vs_CV,easy,eu-locality-074,17176,1.9442012809057538,2.0345987086931556,4.443010181868489,3.3234841769057737,4.580457436595817,3.3227202724286355
half0__legacy,ADE_vs_CV,easy,eu-locality-082,515,1.5320992013809926,1.6292457075972016,5.962667617487838,3.007097881111193,3.403722230149994,3.1617325949953337
half0__legacy,ADE_vs_CV,easy,eu-locality-110,2009,1.758922272970597,1.8571965321602297,5.291537943769664,3.124106928875831,3.567960279956386,3.2841980969419593
half0__legacy,ADE_vs_CV,easy,eu-locality-112,575,2.022388699231256,2.120126457156666,4.609996615790912,3.19408105448369,3.6213670882134874,3.337428914790469
half0__legacy,ADE_vs_CV,easy,eu-locality-119,1323,1.7299818948997223,1.9039962115564375,9.139425572410453,3.1081550971329137,3.518113916242953,3.27321556485438
half0__legacy,ADE_vs_CV,easy,eu-locality-124,739,1.8737524021092287,2.0089308960456713,6.728877245231512,3.1013688967242374,3.392610952780432,3.2764853371884692
half0__legacy,ADE_vs_CV,easy,eu-locality-126,2167,1.3910531812015445,1.49949345147157,7.231793520912322,2.9901609366628152,3.4023079292172493,3.17156482441628
half1__global,ADE_vs_floor4,all,eu-locality-007,5526,12.905787555680782,12.988977358692967,0.6404646086823007,44.57032253839725,77.88662422065293,45.00724434474006
half1__global,ADE_vs_floor4,all,eu-locality-074,102348,18.779034377827454,18.928758643144462,0.790988295321915,62.39974650708442,128.20642042855565,62.90487006757357
half1__global,ADE_vs_floor4,all,eu-locality-082,1368,12.908304056774169,13.382109547963138,3.5405889444469985,48.96376256586186,99.68977167861865,51.425477538041534
half1__global,ADE_vs_floor4,all,eu-locality-110,8550,29.26677441923074,29.590760616109456,1.0948897227817,117.731149034887,259.48904154415425,119.69634221657493
half1__global,ADE_vs_floor4,all,eu-locality-112,5004,23.841360289470387,23.94523325402535,0.4337939140246272,84.00189276198003,176.10182867858518,84.7327219344217
half1__global,ADE_vs_floor4,all,eu-locality-119,5639,28.024501432809675,28.264676571861138,0.8497360245422692,111.90042781793977,195.84895015585394,112.61105661938669
half1__global,ADE_vs_floor4,all,eu-locality-124,3550,41.170472864938155,41.708148345881874,1.2891377399083415,181.76724589119763,334.55067044545154,183.4575493815521
half1__global,ADE_vs_floor4,all,eu-locality-126,5790,18.798874381452315,18.990172104699553,1.0073511824566173,82.22639820132775,153.12653237687047,83.50039592159716
half1__global,ADE_vs_floor4,easy,eu-locality-007,1784,1.3696236906282282,1.3704141625684736,0.05768124424253562,3.081336394780203,3.465152291336453,3.069367262607619
half1__global,ADE_vs_floor4,easy,eu-locality-074,17176,1.9925606033336565,1.9753301234777456,-0.872283556612552,3.3064355801243863,4.804430351514258,3.2693935131203515
half1__global,ADE_vs_floor4,easy,eu-locality-082,515,1.556026905106178,1.5708147140080164,0.9414101338601988,3.006103213767796,3.3350134616689497,3.0305478831342776
half1__global,ADE_vs_floor4,easy,eu-locality-110,2009,1.7639406793174595,1.7398333075084131,-1.38561388065217,3.1287880650579716,3.441885387989739,3.0739867959322544
half1__global,ADE_vs_floor4,easy,eu-locality-112,575,2.039009297794379,2.0216492814735574,-0.8587056360323864,3.205611614131603,3.534480948249617,3.1780176558709265
half1__global,ADE_vs_floor4,easy,eu-locality-119,1323,1.8320365296627268,1.8083397066073579,-1.3104187763385955,3.162439136593148,3.6128619279130545,3.099600206318804
half1__global,ADE_vs_floor4,easy,eu-locality-124,739,1.907000562144932,1.8896930090669188,-0.9158923166339594,3.119163130876723,3.4563210004917164,3.0841436643812377
half1__global,ADE_vs_floor4,easy,eu-locality-126,2167,1.4200503467690428,1.4008583701146202,-1.3700154893497407,3.0382502321574583,3.394048651503519,2.953123766367965
half1__global,ADE_vs_floor4,hard,eu-locality-007,1057,38.486981964916694,38.85684622224942,0.9518638111215116,79.37656597410016,109.16038099456655,79.62499588488345
half1__global,ADE_vs_floor4,hard,eu-locality-074,26162,48.990325199456876,49.499371913581456,1.0283902490991204,117.01334644124366,210.94773282026142,118.25169417871308
half1__global,ADE_vs_floor4,hard,eu-locality-082,245,45.06350653520782,47.48178753237176,5.093070675814859,102.53766462754737,168.16784406720987,102.84492248432812
half1__global,ADE_vs_floor4,hard,eu-locality-110,2779,75.5059979849614,76.58741773950138,1.4120070717336897,214.67559519645525,380.302674112872,217.7895967541795
half1__global,ADE_vs_floor4,hard,eu-locality-112,1522,57.69608588216055,58.108785974817565,0.7102197812837829,152.53455621945463,273.8161229399875,156.09076825692148
half1__global,ADE_vs_floor4,hard,eu-locality-119,1922,67.97511870712162,68.68626363823714,1.0353524758036525,172.59455039343038,274.8305239891827,173.15048247872713
half1__global,ADE_vs_floor4,hard,eu-locality-124,1375,94.81139925754069,96.33462236475047,1.5811792996316854,270.8972803238173,449.04247371181407,275.01545124860064
half1__global,ADE_vs_floor4,hard,eu-locality-126,1386,61.09826766662705,61.909088531110136,1.3096960134950764,147.1489911373112,226.69528204190547,149.0788796981218
half1__global,ADE_vs_floor4,complete,eu-locality-007,2882,12.789112515064405,12.889350295774541,0.7776790793171062,45.47448265068489,78.38155397781499,46.30062821751765
half1__global,ADE_vs_floor4,complete,eu-locality-074,67309,18.378647632041996,18.54360055520876,0.8895409641491048,60.70567613888656,126.48167797438077,61.417892088748516
half1__global,ADE_vs_floor4,complete,eu-locality-082,582,10.104564547217555,10.194464812089912,0.8818536973686175,48.10254665421845,88.77064559267427,48.02343140325714
half1__global,ADE_vs_floor4,complete,eu-locality-110,5804,27.09742595977151,27.434625922932916,1.229103557338962,112.4389983737293,258.6419853064315,115.53160965099059
half1__global,ADE_vs_floor4,complete,eu-locality-112,2417,20.051136570814688,20.19441322222265,0.7094865784478266,69.45492121836293,157.7201102240589,69.68715616447264
half1__global,ADE_vs_floor4,complete,eu-locality-119,3148,27.323761783869866,27.609577352417112,1.035204432501835,104.76317870682367,189.81019473810503,105.7965450702576
half1__global,ADE_vs_floor4,complete,eu-locality-124,2077,37.22899639295794,37.7156695905191,1.2903740085884574,170.62428443673173,304.18502663239207,174.2361940078016
half1__global,ADE_vs_floor4,complete,eu-locality-126,3637,18.36377288510669,18.53411054882052,0.9190495722206093,79.21251387756419,153.4885792234334,80.6506713700502
half1__global,ADE_vs_floor2,all,eu-locality-007,5526,12.905787555680782,12.949945390380272,0.34098857847147945,44.57032253839725,77.88662422065293,44.93701519386373
half1__global,ADE_vs_floor2,all,eu-locality-074,102348,18.779034377827454,18.851251729004353,0.3830904823459935,62.39974650708442,128.20642042855565,62.609003168618194
half1__global,ADE_vs_floor2,all,eu-locality-082,1368,12.908304056774169,12.93008017426838,0.16841440424744114,48.96376256586186,99.68977167861865,48.96376256586186
half1__global,ADE_vs_floor2,all,eu-locality-110,8550,29.26677441923074,29.460565359223178,0.6577977633133503,117.731149034887,259.48904154415425,118.45407424287657
half1__global,ADE_vs_floor2,all,eu-locality-112,5004,23.841360289470387,23.904985333431977,0.26615805479122123,84.00189276198003,176.10182867858518,83.96248465505984
half1__global,ADE_vs_floor2,all,eu-locality-119,5639,28.024501432809675,28.025093268717054,0.002111807092675111,111.90042781793977,195.84895015585394,111.75001466333755
half1__global,ADE_vs_floor2,all,eu-locality-124,3550,41.170472864938155,41.299825540756736,0.31320392792199003,181.76724589119763,334.55067044545154,182.38572856518616
half1__global,ADE_vs_floor2,all,eu-locality-126,5790,18.798874381452315,18.788372402033268,-0.05589616383114837,82.22639820132775,153.12653237687047,82.36545828867014
half1__global,ADE_vs_floor2,easy,eu-locality-007,1784,1.3696236906282282,1.3802996186653114,0.7734500461143545,3.081336394780203,3.465152291336453,3.079078328966901
half1__global,ADE_vs_floor2,easy,eu-locality-074,17176,1.9925606033336565,2.0080830843006257,0.7729999365228113,3.3064355801243863,4.804430351514258,3.317480582581999
half1__global,ADE_vs_floor2,easy,eu-locality-082,515,1.556026905106178,1.5648420102851874,0.5633223751069227,3.006103213767796,3.3350134616689497,3.0267587675843264
half1__global,ADE_vs_floor2,easy,eu-locality-110,2009,1.7639406793174595,1.7622278595781573,-0.0971962694831241,3.1287880650579716,3.441885387989739,3.118753115618861
half1__global,ADE_vs_floor2,easy,eu-locality-112,575,2.039009297794379,2.028043498478081,-0.5407082897643578,3.205611614131603,3.534480948249617,3.1851834073102583
half1__global,ADE_vs_floor2,easy,eu-locality-119,1323,1.8320365296627268,1.8260507200509564,-0.3278008406909727,3.162439136593148,3.6128619279130545,3.1402660145503596
half1__global,ADE_vs_floor2,easy,eu-locality-124,739,1.907000562144932,1.9058066714522863,-0.06264490047858118,3.119163130876723,3.4563210004917164,3.0986216142628464
half1__global,ADE_vs_floor2,easy,eu-locality-126,2167,1.4200503467690428,1.4080151506882677,-0.8547632512968528,3.0382502321574583,3.394048651503519,2.9735079962850266
half1__global,ADE_vs_floor2,hard,eu-locality-007,1057,38.486981964916694,38.572913899883616,0.22277791921543333,79.37656597410016,109.16038099456655,79.37656597410016
half1__global,ADE_vs_floor2,hard,eu-locality-074,26162,48.990325199456876,49.16777676894162,0.36091029765014104,117.01334644124366,210.94773282026142,117.59668808153133
half1__global,ADE_vs_floor2,hard,eu-locality-082,245,45.06350653520782,45.111436664980744,0.10624828938362585,102.53766462754737,168.16784406720987,102.53766462754737
half1__global,ADE_vs_floor2,hard,eu-locality-110,2779,75.5059979849614,76.0455784134452,0.709548720308506,214.67559519645525,380.302674112872,216.94572294391477
half1__global,ADE_vs_floor2,hard,eu-locality-112,1522,57.69608588216055,57.83657797232533,0.24291217615260985,152.53455621945463,273.8161229399875,153.7479339587823
half1__global,ADE_vs_floor2,hard,eu-locality-119,1922,67.97511870712162,67.97043281030513,-0.006894022331116467,172.59455039343038,274.8305239891827,172.59455039343038
half1__global,ADE_vs_floor2,hard,eu-locality-124,1375,94.81139925754069,95.07143546094684,0.27351664792415464,270.8972803238173,449.04247371181407,271.53074393806423
half1__global,ADE_vs_floor2,hard,eu-locality-126,1386,61.09826766662705,61.1098620475687,0.018973011152634278,147.1489911373112,226.69528204190547,147.1489911373112
half1__global,ADE_vs_floor2,complete,eu-locality-007,2882,12.789112515064405,12.860941714413276,0.5585065304228198,45.47448265068489,78.38155397781499,45.99839461886456
half1__global,ADE_vs_floor2,complete,eu-locality-074,67309,18.378647632041996,18.46005685490267,0.44100201586895205,60.70567613888656,126.48167797438077,60.95247443180517
half1__global,ADE_vs_floor2,complete,eu-locality-082,582,10.104564547217555,10.14339935544777,0.3828579243442487,48.10254665421845,88.77064559267427,48.10254665421845
half1__global,ADE_vs_floor2,complete,eu-locality-110,5804,27.09742595977151,27.322503187667138,0.8237796747599058,112.4389983737293,258.6419853064315,113.0266767990837
half1__global,ADE_vs_floor2,complete,eu-locality-112,2417,20.051136570814688,20.136018418888362,0.42154236407556667,69.45492121836293,157.7201102240589,69.45492121836293
half1__global,ADE_vs_floor2,complete,eu-locality-119,3148,27.323761783869866,27.323608731141693,-0.0005601482940154057,104.76317870682367,189.81019473810503,104.24025812447158
half1__global,ADE_vs_floor2,complete,eu-locality-124,2077,37.22899639295794,37.42188326970895,0.5154387216720901,170.62428443673173,304.18502663239207,173.10971397244984
half1__global,ADE_vs_floor2,complete,eu-locality-126,3637,18.36377288510669,18.353969494777527,-0.05341291611034027,79.21251387756419,153.4885792234334,79.21251387756419
half1__global,ADE_vs_old_stop4,all,eu-locality-007,5526,12.905787555680782,12.961150220682853,0.42714314747873683,44.57032253839725,77.88662422065293,44.84717682318422
half1__global,ADE_vs_old_stop4,all,eu-locality-074,102348,18.779034377827454,18.863154002187642,0.44594676134454003,62.39974650708442,128.20642042855565,62.705569462485954
half1__global,ADE_vs_old_stop4,all,eu-locality-082,1368,12.908304056774169,13.29583266729295,2.9146622119581966,48.96376256586186,99.68977167861865,51.425477538041534
half1__global,ADE_vs_old_stop4,all,eu-locality-110,8550,29.26677441923074,29.394594283576424,0.43484139672953503,117.731149034887,259.48904154415425,119.3597312433166
half1__global,ADE_vs_old_stop4,all,eu-locality-112,5004,23.841360289470387,23.90808095365577,0.2790716005802274,84.00189276198003,176.10182867858518,84.7327219344217
half1__global,ADE_vs_old_stop4,all,eu-locality-119,5639,28.024501432809675,28.251508226866342,0.8035209739379212,111.90042781793977,195.84895015585394,112.76082577567496
half1__global,ADE_vs_old_stop4,all,eu-locality-124,3550,41.170472864938155,41.62594498506041,1.0942024746482537,181.76724589119763,334.55067044545154,183.4575493815521
half1__global,ADE_vs_old_stop4,all,eu-locality-126,5790,18.798874381452315,18.974798126502012,0.9271442250760265,82.22639820132775,153.12653237687047,83.50039592159716
half1__global,ADE_vs_old_stop4,easy,eu-locality-007,1784,1.3696236906282282,1.356525867278389,-0.9655417316971171,3.081336394780203,3.465152291336453,3.0689285641734325
half1__global,ADE_vs_old_stop4,easy,eu-locality-074,17176,1.9925606033336565,1.9434107087645942,-2.5290533981006114,3.3064355801243863,4.804430351514258,3.3214611677886943
half1__global,ADE_vs_old_stop4,easy,eu-locality-082,515,1.556026905106178,1.5466135774354102,-0.6086412151105502,3.006103213767796,3.3350134616689497,3.0135421032011274
half1__global,ADE_vs_old_stop4,easy,eu-locality-110,2009,1.7639406793174595,1.7587685994539886,-0.2940739256475533,3.1287880650579716,3.441885387989739,3.1277408574043135
half1__global,ADE_vs_old_stop4,easy,eu-locality-112,575,2.039009297794379,2.020394039009353,-0.921367734491696,3.205611614131603,3.534480948249617,3.1788599791555168
half1__global,ADE_vs_old_stop4,easy,eu-locality-119,1323,1.8320365296627268,1.7370171938916548,-5.470258792210836,3.162439136593148,3.6128619279130545,3.1149774940305295
half1__global,ADE_vs_old_stop4,easy,eu-locality-124,739,1.907000562144932,1.8813362831837772,-1.36415159748704,3.119163130876723,3.4563210004917164,3.117399391382583
half1__global,ADE_vs_old_stop4,easy,eu-locality-126,2167,1.4200503467690428,1.3917113642841858,-2.0362686697922294,3.0382502321574583,3.394048651503519,2.956847071248013
half1__global,ADE_vs_old_stop4,hard,eu-locality-007,1057,38.486981964916694,38.79066369425895,0.7828732494391533,79.37656597410016,109.16038099456655,79.62499588488345
half1__global,ADE_vs_old_stop4,hard,eu-locality-074,26162,48.990325199456876,49.305273736656794,0.6387725152527945,117.01334644124366,210.94773282026142,117.35809108251024
half1__global,ADE_vs_old_stop4,hard,eu-locality-082,245,45.06350653520782,47.355520002729286,4.840013302333846,102.53766462754737,168.16784406720987,102.84492248432812
half1__global,ADE_vs_old_stop4,hard,eu-locality-110,2779,75.5059979849614,76.0053661133276,0.6570169369641832,214.67559519645525,380.302674112872,216.6024960430333
half1__global,ADE_vs_old_stop4,hard,eu-locality-112,1522,57.69608588216055,58.033000843471704,0.5805575386664708,152.53455621945463,273.8161229399875,155.91825887565795
half1__global,ADE_vs_old_stop4,hard,eu-locality-119,1922,67.97511870712162,68.69758238999611,1.0516580900519434,172.59455039343038,274.8305239891827,173.15048247872713
half1__global,ADE_vs_old_stop4,hard,eu-locality-124,1375,94.81139925754069,96.24237575386056,1.4868466048464812,270.8972803238173,449.04247371181407,274.49169803893716
half1__global,ADE_vs_old_stop4,hard,eu-locality-126,1386,61.09826766662705,61.890535924154484,1.280112129742006,147.1489911373112,226.69528204190547,149.0788796981218
half1__global,ADE_vs_old_stop4,complete,eu-locality-007,2882,12.789112515064405,12.86054434484334,0.5554339525883134,45.47448265068489,78.38155397781499,46.30062821751765
half1__global,ADE_vs_old_stop4,complete,eu-locality-074,67309,18.378647632041996,18.484366806614457,0.5719383069948014,60.70567613888656,126.48167797438077,61.26086495837293
half1__global,ADE_vs_old_stop4,complete,eu-locality-082,582,10.104564547217555,10.105575192094681,0.010000864452697211,48.10254665421845,88.77064559267427,48.02343140325714
half1__global,ADE_vs_old_stop4,complete,eu-locality-110,5804,27.09742595977151,27.190717397304425,0.34310031680945263,112.4389983737293,258.6419853064315,113.30025239364029
half1__global,ADE_vs_old_stop4,complete,eu-locality-112,2417,20.051136570814688,20.146153460739935,0.4716378742493643,69.45492121836293,157.7201102240589,69.68715616447264
half1__global,ADE_vs_old_stop4,complete,eu-locality-119,3148,27.323761783869866,27.588506738653948,0.95962045822926,104.76317870682367,189.81019473810503,106.68215257251505
half1__global,ADE_vs_old_stop4,complete,eu-locality-124,2077,37.22899639295794,37.58413964101855,0.9449285029609067,170.62428443673173,304.18502663239207,174.2361940078016
half1__global,ADE_vs_old_stop4,complete,eu-locality-126,3637,18.36377288510669,18.511056776738215,0.7956536107468826,79.21251387756419,153.4885792234334,80.6506713700502
half1__global,FDE_vs_floor4,endpoint,eu-locality-007,3935,27.651584566045837,27.88430870830449,0.8346061029992247,99.1243734361463,173.0076646494129,100.71081315355305
half1__global,FDE_vs_floor4,endpoint,eu-locality-074,81289,38.52965461106529,38.97823989825896,1.1508608094274453,133.38798434637587,275.8719393858999,134.86094239197612
half1__global,FDE_vs_floor4,endpoint,eu-locality-082,859,23.523788790919188,24.915578504383376,5.5860220673557,112.40241118819065,228.36761182252752,113.0556753805091
half1__global,FDE_vs_floor4,endpoint,eu-locality-110,7204,54.65329498185348,55.44003901160984,1.4190899641892574,239.70285568891754,522.0449708546804,246.0589932957891
half1__global,FDE_vs_floor4,endpoint,eu-locality-112,3719,46.195679261173694,46.53141297635786,0.7215205679542813,172.18864115322873,392.8712768610905,176.82517521705788
half1__global,FDE_vs_floor4,endpoint,eu-locality-119,4147,62.55508304294192,63.35750592966548,1.2665001169937962,254.48671940749537,472.64583073725106,263.6199274159857
half1__global,FDE_vs_floor4,endpoint,eu-locality-124,2645,80.1496876465964,81.38873930318952,1.5223870859793043,368.6191963943305,714.9459718436315,377.201315538286
half1__global,FDE_vs_floor4,endpoint,eu-locality-126,4579,37.383538572286575,37.98212108885768,1.57595863372334,170.7335755322649,344.11080363516277,174.73891138116818
half1__global,ADE_vs_CV,easy,eu-locality-007,1784,1.3696236906282282,1.4116372489032123,2.976229077805015,3.081336394780203,3.465152291336453,3.1829165280653378
half1__global,ADE_vs_CV,easy,eu-locality-074,17176,1.9925606033336565,2.0345987086931556,2.0661619994097324,3.3064355801243863,4.804430351514258,3.3227202724286355
half1__global,ADE_vs_CV,easy,eu-locality-082,515,1.556026905106178,1.6292457075972016,4.494030713084163,3.006103213767796,3.3350134616689497,3.1617325949953337
half1__global,ADE_vs_CV,easy,eu-locality-110,2009,1.7639406793174595,1.8571965321602297,5.021323873262795,3.1287880650579716,3.441885387989739,3.2841980969419593
half1__global,ADE_vs_CV,easy,eu-locality-112,575,2.039009297794379,2.120126457156666,3.826052879462405,3.205611614131603,3.534480948249617,3.337428914790469
half1__global,ADE_vs_CV,easy,eu-locality-119,1323,1.8320365296627268,1.9039962115564375,3.779402577428803,3.162439136593148,3.6128619279130545,3.27321556485438
half1__global,ADE_vs_CV,easy,eu-locality-124,739,1.907000562144932,2.0089308960456713,5.0738596385458745,3.119163130876723,3.4563210004917164,3.2764853371884692
half1__global,ADE_vs_CV,easy,eu-locality-126,2167,1.4200503467690428,1.49949345147157,5.297996108256664,3.0382502321574583,3.394048651503519,3.17156482441628
half1__producer,ADE_vs_floor4,all,eu-locality-007,5526,12.92311852307652,12.988977358692967,0.5070363416437185,44.7175816722999,77.73384003447858,45.00724434474006
half1__producer,ADE_vs_floor4,all,eu-locality-074,102348,18.791735518550055,18.928758643144462,0.7238885928953054,62.39974650708442,128.33714581615484,62.90487006757357
half1__producer,ADE_vs_floor4,all,eu-locality-082,1368,12.921944172842847,13.382109547963138,3.438660948567196,48.96376256586186,99.68977167861865,51.425477538041534
half1__producer,ADE_vs_floor4,all,eu-locality-110,8550,29.298660262772188,29.590760616109456,0.9871336432570321,118.2161185776719,259.48904154415425,119.69634221657493
half1__producer,ADE_vs_floor4,all,eu-locality-112,5004,23.8486731361615,23.94523325402535,0.4032540290565656,83.96248465505984,176.10182867858518,84.7327219344217
half1__producer,ADE_vs_floor4,all,eu-locality-119,5639,28.02112163553674,28.264676571861138,0.8616936963887545,111.90042781793977,195.84895015585394,112.61105661938669
half1__producer,ADE_vs_floor4,all,eu-locality-124,3550,41.1927402783174,41.708148345881874,1.2357490994091558,181.76724589119763,334.55067044545154,183.4575493815521
half1__producer,ADE_vs_floor4,all,eu-locality-126,5790,18.794570164466794,18.990172104699553,1.030016679966539,82.22639820132775,153.12653237687047,83.50039592159716
half1__producer,ADE_vs_floor4,easy,eu-locality-007,1784,1.3760759300540921,1.3704141625684736,-0.41314280312216844,3.069704794506349,3.4628285170517086,3.069367262607619
half1__producer,ADE_vs_floor4,easy,eu-locality-074,17176,1.9928026385875541,1.9753301234777456,-0.8845364580907011,3.3041435965634576,4.779248291725759,3.2693935131203515
half1__producer,ADE_vs_floor4,easy,eu-locality-082,515,1.5609965467789602,1.5708147140080164,0.6250366221745352,3.0267587675843264,3.334670766553539,3.0305478831342776
half1__producer,ADE_vs_floor4,easy,eu-locality-110,2009,1.7599226604824327,1.7398333075084131,-1.154671133569063,3.127675252826486,3.3845695819184494,3.0739867959322544
half1__producer,ADE_vs_floor4,easy,eu-locality-112,575,2.0259481743269117,2.0216492814735574,-0.21264286010187483,3.182811271930035,3.4257600665790715,3.1780176558709265
half1__producer,ADE_vs_floor4,easy,eu-locality-119,1323,1.8289153665305344,1.8083397066073579,-1.1378205017562149,3.1446790575108015,3.6062998511164115,3.099600206318804
half1__producer,ADE_vs_floor4,easy,eu-locality-124,739,1.8976485221003139,1.8896930090669188,-0.4209949973473792,3.0967871616101887,3.392610952780432,3.0841436643812377
half1__producer,ADE_vs_floor4,easy,eu-locality-126,2167,1.4141444757960993,1.4008583701146202,-0.9484260482658158,3.0054183536197034,3.343944415171016,2.953123766367965
half1__producer,ADE_vs_floor4,hard,eu-locality-007,1057,38.515572938316225,38.85684622224942,0.8782835384560483,79.37656597410016,109.16038099456655,79.62499588488345
half1__producer,ADE_vs_floor4,hard,eu-locality-074,26162,49.02291119284273,49.499371913581456,0.962559124124962,116.98156890250854,211.25703619472137,118.25169417871308
half1__producer,ADE_vs_floor4,hard,eu-locality-082,245,45.09477310964454,47.48178753237176,5.027221060495712,102.53766462754737,168.16784406720987,102.84492248432812
half1__producer,ADE_vs_floor4,hard,eu-locality-110,2779,75.5964701642081,76.58741773950138,1.2938777733227824,216.4545636404931,380.302674112872,217.7895967541795
half1__producer,ADE_vs_floor4,hard,eu-locality-112,1522,57.71862945306409,58.108785974817565,0.6714243211389026,152.53455621945463,273.8161229399875,156.09076825692148
half1__producer,ADE_vs_floor4,hard,eu-locality-119,1922,67.96984041225197,68.68626363823714,1.043037119850465,172.59455039343038,274.8305239891827,173.15048247872713
half1__producer,ADE_vs_floor4,hard,eu-locality-124,1375,94.84836896628715,96.33462236475047,1.5428029528531728,270.8972803238173,449.04247371181407,275.01545124860064
half1__producer,ADE_vs_floor4,hard,eu-locality-126,1386,61.110821203458315,61.909088531110136,1.2894186404483698,147.1489911373112,226.69528204190547,149.0788796981218
half1__producer,ADE_vs_floor4,complete,eu-locality-007,2882,12.818182502416402,12.889350295774541,0.5521441478820721,45.58911682500362,78.38155397781499,46.30062821751765
half1__producer,ADE_vs_floor4,complete,eu-locality-074,67309,18.39508043799813,18.54360055520876,0.8009238376789352,60.7422291983778,126.7341619594594,61.417892088748516
half1__producer,ADE_vs_floor4,complete,eu-locality-082,582,10.1266183187556,10.194464812089912,0.6655228556368242,48.10254665421845,88.77064559267427,48.02343140325714
half1__producer,ADE_vs_floor4,complete,eu-locality-110,5804,27.143258816822453,27.434625922932916,1.0620414760855401,112.94152275923535,258.6419853064315,115.53160965099059
half1__producer,ADE_vs_floor4,complete,eu-locality-112,2417,20.0615664947913,20.19441322222265,0.6578390071030116,69.45492121836293,157.7201102240589,69.68715616447264
half1__producer,ADE_vs_floor4,complete,eu-locality-119,3148,27.319505361591748,27.609577352417112,1.050620902749777,104.76317870682367,189.81019473810503,105.7965450702576
half1__producer,ADE_vs_floor4,complete,eu-locality-124,2077,37.25810471250605,37.7156695905191,1.2131956902286412,171.50287382770406,304.2066124590029,174.2361940078016
half1__producer,ADE_vs_floor4,complete,eu-locality-126,3637,18.35983009892106,18.53411054882052,0.9403227062900754,79.21251387756419,153.4885792234334,80.6506713700502
half1__producer,ADE_vs_floor2,all,eu-locality-007,5526,12.92311852307652,12.949945390380272,0.2071581500542874,44.7175816722999,77.73384003447858,44.93701519386373
half1__producer,ADE_vs_floor2,all,eu-locality-074,102348,18.791735518550055,18.851251729004353,0.3157148995189929,62.39974650708442,128.33714581615484,62.609003168618194
half1__producer,ADE_vs_floor2,all,eu-locality-082,1368,12.921944172842847,12.93008017426838,0.06292305473653004,48.96376256586186,99.68977167861865,48.96376256586186
half1__producer,ADE_vs_floor2,all,eu-locality-110,8550,29.298660262772188,29.460565359223178,0.5495654766866309,118.2161185776719,259.48904154415425,118.45407424287657
half1__producer,ADE_vs_floor2,all,eu-locality-112,5004,23.8486731361615,23.904985333431977,0.23556675097273772,83.96248465505984,176.10182867858518,83.96248465505984
half1__producer,ADE_vs_floor2,all,eu-locality-119,5639,28.02112163553674,28.025093268717054,0.014171703702214877,111.90042781793977,195.84895015585394,111.75001466333755
half1__producer,ADE_vs_floor2,all,eu-locality-124,3550,41.1927402783174,41.299825540756736,0.2592874450127125,181.76724589119763,334.55067044545154,182.38572856518616
half1__producer,ADE_vs_floor2,all,eu-locality-126,5790,18.794570164466794,18.788372402033268,-0.03298722369828866,82.22639820132775,153.12653237687047,82.36545828867014
half1__producer,ADE_vs_floor2,easy,eu-locality-007,1784,1.3760759300540921,1.3802996186653114,0.3059979553789449,3.069704794506349,3.4628285170517086,3.079078328966901
half1__producer,ADE_vs_floor2,easy,eu-locality-074,17176,1.9928026385875541,2.0080830843006257,0.7609468867366798,3.3041435965634576,4.779248291725759,3.317480582581999
half1__producer,ADE_vs_floor2,easy,eu-locality-082,515,1.5609965467789602,1.5648420102851874,0.24574132602219745,3.0267587675843264,3.334670766553539,3.0267587675843264
half1__producer,ADE_vs_floor2,easy,eu-locality-110,2009,1.7599226604824327,1.7622278595781573,0.13081163614542257,3.127675252826486,3.3845695819184494,3.118753115618861
half1__producer,ADE_vs_floor2,easy,eu-locality-112,575,2.0259481743269117,2.028043498478081,0.10331751526737598,3.182811271930035,3.4257600665790715,3.1851834073102583
half1__producer,ADE_vs_floor2,easy,eu-locality-119,1323,1.8289153665305344,1.8260507200509564,-0.15687661071639436,3.1446790575108015,3.6062998511164115,3.1402660145503596
half1__producer,ADE_vs_floor2,easy,eu-locality-124,739,1.8976485221003139,1.9058066714522863,0.42806804458059844,3.0967871616101887,3.392610952780432,3.0986216142628464
half1__producer,ADE_vs_floor2,easy,eu-locality-126,2167,1.4141444757960993,1.4080151506882677,-0.4353167013036341,3.0054183536197034,3.343944415171016,2.9735079962850266
half1__producer,ADE_vs_floor2,hard,eu-locality-007,1057,38.515572938316225,38.572913899883616,0.14865602768880937,79.37656597410016,109.16038099456655,79.37656597410016
half1__producer,ADE_vs_floor2,hard,eu-locality-074,26162,49.02291119284273,49.16777676894162,0.29463519731566246,116.98156890250854,211.25703619472137,117.59668808153133
half1__producer,ADE_vs_floor2,hard,eu-locality-082,245,45.09477310964454,45.111436664980744,0.0369386491943291,102.53766462754737,168.16784406720987,102.53766462754737
half1__producer,ADE_vs_floor2,hard,eu-locality-110,2779,75.5964701642081,76.0455784134452,0.590577727998054,216.4545636404931,380.302674112872,216.94572294391477
half1__producer,ADE_vs_floor2,hard,eu-locality-112,1522,57.71862945306409,57.83657797232533,0.20393412507510034,152.53455621945463,273.8161229399875,153.7479339587823
half1__producer,ADE_vs_floor2,hard,eu-locality-119,1922,67.96984041225197,67.97043281030513,0.0008715525687597037,172.59455039343038,274.8305239891827,172.59455039343038
half1__producer,ADE_vs_floor2,hard,eu-locality-124,1375,94.84836896628715,95.07143546094684,0.23463040562937687,270.8972803238173,449.04247371181407,271.53074393806423
half1__producer,ADE_vs_floor2,hard,eu-locality-126,1386,61.110821203458315,61.1098620475687,-0.0015695598999609928,147.1489911373112,226.69528204190547,147.1489911373112
half1__producer,ADE_vs_floor2,complete,eu-locality-007,2882,12.818182502416402,12.860941714413276,0.33247341404987196,45.58911682500362,78.38155397781499,45.99839461886456
half1__producer,ADE_vs_floor2,complete,eu-locality-074,67309,18.39508043799813,18.46005685490267,0.3519838395691921,60.7422291983778,126.7341619594594,60.95247443180517
half1__producer,ADE_vs_floor2,complete,eu-locality-082,582,10.1266183187556,10.14339935544777,0.16543799671218107,48.10254665421845,88.77064559267427,48.10254665421845
half1__producer,ADE_vs_floor2,complete,eu-locality-110,5804,27.143258816822453,27.322503187667138,0.6560320246411178,112.94152275923535,258.6419853064315,113.0266767990837
half1__producer,ADE_vs_floor2,complete,eu-locality-112,2417,20.0615664947913,20.136018418888362,0.3697450138763436,69.45492121836293,157.7201102240589,69.45492121836293
half1__producer,ADE_vs_floor2,complete,eu-locality-119,3148,27.319505361591748,27.323608731141693,0.015017670580486087,104.76317870682367,189.81019473810503,104.24025812447158
half1__producer,ADE_vs_floor2,complete,eu-locality-124,2077,37.25810471250605,37.42188326970895,0.4376545029081247,171.50287382770406,304.2066124590029,173.10971397244984
half1__producer,ADE_vs_floor2,complete,eu-locality-126,3637,18.35983009892106,18.353969494777527,-0.03193098988858445,79.21251387756419,153.4885792234334,79.21251387756419
half1__producer,ADE_vs_old_stop4,all,eu-locality-007,5526,12.92311852307652,12.961150220682853,0.29342841459891744,44.7175816722999,77.73384003447858,44.84717682318422
half1__producer,ADE_vs_old_stop4,all,eu-locality-074,102348,18.791735518550055,18.863154002187642,0.3786136911637539,62.39974650708442,128.33714581615484,62.705569462485954
half1__producer,ADE_vs_old_stop4,all,eu-locality-082,1368,12.921944172842847,13.29583266729295,2.8120728036074683,48.96376256586186,99.68977167861865,51.425477538041534
half1__producer,ADE_vs_old_stop4,all,eu-locality-110,8550,29.298660262772188,29.394594283576424,0.32636620148159823,118.2161185776719,259.48904154415425,119.3597312433166
half1__producer,ADE_vs_old_stop4,all,eu-locality-112,5004,23.8486731361615,23.90808095365577,0.2484842577261892,83.96248465505984,176.10182867858518,84.7327219344217
half1__producer,ADE_vs_old_stop4,all,eu-locality-119,5639,28.02112163553674,28.251508226866342,0.8154842193894285,111.90042781793977,195.84895015585394,112.76082577567496
half1__producer,ADE_vs_old_stop4,all,eu-locality-124,3550,41.1927402783174,41.62594498506041,1.0407084016915036,181.76724589119763,334.55067044545154,183.4575493815521
half1__producer,ADE_vs_old_stop4,all,eu-locality-126,5790,18.794570164466794,18.974798126502012,0.949828086884863,82.22639820132775,153.12653237687047,83.50039592159716
half1__producer,ADE_vs_old_stop4,easy,eu-locality-007,1784,1.3760759300540921,1.356525867278389,-1.4411861393344827,3.069704794506349,3.4628285170517086,3.0689285641734325
half1__producer,ADE_vs_old_stop4,easy,eu-locality-074,17176,1.9928026385875541,1.9434107087645942,-2.541507546511257,3.3041435965634576,4.779248291725759,3.3214611677886943
half1__producer,ADE_vs_old_stop4,easy,eu-locality-082,515,1.5609965467789602,1.5466135774354102,-0.9299652837265082,3.0267587675843264,3.334670766553539,3.0135421032011274
half1__producer,ADE_vs_old_stop4,easy,eu-locality-110,2009,1.7599226604824327,1.7587685994539886,-0.06561755928564672,3.127675252826486,3.3845695819184494,3.1277408574043135
half1__producer,ADE_vs_old_stop4,easy,eu-locality-112,575,2.0259481743269117,2.020394039009353,-0.2749035688247137,3.182811271930035,3.4257600665790715,3.1788599791555168
half1__producer,ADE_vs_old_stop4,easy,eu-locality-119,1323,1.8289153665305344,1.7370171938916548,-5.290573574173374,3.1446790575108015,3.6062998511164115,3.1149774940305295
half1__producer,ADE_vs_old_stop4,easy,eu-locality-124,739,1.8976485221003139,1.8813362831837772,-0.8670559889979668,3.0967871616101887,3.392610952780432,3.117399391382583
half1__producer,ADE_vs_old_stop4,easy,eu-locality-126,2167,1.4141444757960993,1.3917113642841858,-1.611908337290302,3.0054183536197034,3.343944415171016,2.956847071248013
half1__producer,ADE_vs_old_stop4,hard,eu-locality-007,1057,38.515572938316225,38.79066369425895,0.709167438100422,79.37656597410016,109.16038099456655,79.62499588488345
half1__producer,ADE_vs_old_stop4,hard,eu-locality-074,26162,49.02291119284273,49.305273736656794,0.5726822354180316,116.98156890250854,211.25703619472137,117.35809108251024
half1__producer,ADE_vs_old_stop4,hard,eu-locality-082,245,45.09477310964454,47.355520002729286,4.7739881073092345,102.53766462754737,168.16784406720987,102.84492248432812
half1__producer,ADE_vs_old_stop4,hard,eu-locality-110,2779,75.5964701642081,76.0053661133276,0.5379830004500152,216.4545636404931,380.302674112872,216.6024960430333
half1__producer,ADE_vs_old_stop4,hard,eu-locality-112,1522,57.71862945306409,58.033000843471704,0.5417114156401226,152.53455621945463,273.8161229399875,155.91825887565795
half1__producer,ADE_vs_old_stop4,hard,eu-locality-119,1922,67.96984041225197,68.69758238999611,1.05934146796135,172.59455039343038,274.8305239891827,173.15048247872713
half1__producer,ADE_vs_old_stop4,hard,eu-locality-124,1375,94.84836896628715,96.24237575386056,1.4484334750199501,270.8972803238173,449.04247371181407,274.49169803893716
half1__producer,ADE_vs_old_stop4,hard,eu-locality-126,1386,61.110821203458315,61.890535924154484,1.2598286782517065,147.1489911373112,226.69528204190547,149.0788796981218
half1__producer,ADE_vs_old_stop4,complete,eu-locality-007,2882,12.818182502416402,12.86054434484334,0.3293938521655493,45.58911682500362,78.38155397781499,46.30062821751765
half1__producer,ADE_vs_old_stop4,complete,eu-locality-074,67309,18.39508043799813,18.484366806614457,0.48303720408955364,60.7422291983778,126.7341619594594,61.26086495837293
half1__producer,ADE_vs_old_stop4,complete,eu-locality-082,582,10.1266183187556,10.105575192094681,-0.208232844354872,48.10254665421845,88.77064559267427,48.02343140325714
half1__producer,ADE_vs_old_stop4,complete,eu-locality-110,5804,27.143258816822453,27.190717397304425,0.1745396408212363,112.94152275923535,258.6419853064315,113.30025239364029
half1__producer,ADE_vs_old_stop4,complete,eu-locality-112,2417,20.0615664947913,20.146153460739935,0.41986658204244964,69.45492121836293,157.7201102240589,69.68715616447264
half1__producer,ADE_vs_old_stop4,complete,eu-locality-119,3148,27.319505361591748,27.588506738653948,0.9750487027458621,104.76317870682367,189.81019473810503,106.68215257251505
half1__producer,ADE_vs_old_stop4,complete,eu-locality-124,2077,37.25810471250605,37.58413964101855,0.867480090342887,171.50287382770406,304.2066124590029,174.2361940078016
half1__producer,ADE_vs_old_stop4,complete,eu-locality-126,3637,18.35983009892106,18.511056776738215,0.8169532384947109,79.21251387756419,153.4885792234334,80.6506713700502
half1__producer,FDE_vs_floor4,endpoint,eu-locality-007,3935,27.706150005579115,27.88430870830449,0.638920995277592,99.61743889382252,172.03509423307665,100.71081315355305
half1__producer,FDE_vs_floor4,endpoint,eu-locality-074,81289,38.56553119942683,38.97823989825896,1.058818201923395,133.46614221911614,275.96578227502516,134.86094239197612
half1__producer,FDE_vs_floor4,endpoint,eu-locality-082,859,23.567468289415704,24.915578504383376,5.410712076103308,112.40241118819065,228.36761182252752,113.0556753805091
half1__producer,FDE_vs_floor4,endpoint,eu-locality-110,7204,54.74186387225309,55.44003901160984,1.2593337807907057,241.0290256771495,522.3464241323134,246.0589932957891
half1__producer,FDE_vs_floor4,endpoint,eu-locality-112,3719,46.201650707808106,46.53141297635786,0.7086874166432611,172.18864115322873,392.8712768610905,176.82517521705788
half1__producer,FDE_vs_floor4,endpoint,eu-locality-119,4147,62.544756623440456,63.35750592966548,1.2827987691423237,254.48671940749537,472.64583073725106,263.6199274159857
half1__producer,FDE_vs_floor4,endpoint,eu-locality-124,2645,80.2240893438298,81.38873930318952,1.430971863344832,369.1876895580035,714.9459718436315,377.201315538286
half1__producer,FDE_vs_floor4,endpoint,eu-locality-126,4579,37.36186467944013,37.98212108885768,1.6330220420457398,170.23777779488478,344.11080363516277,174.73891138116818
half1__producer,ADE_vs_CV,easy,eu-locality-007,1784,1.3760759300540921,1.4116372489032123,2.5191541861586564,3.069704794506349,3.4628285170517086,3.1829165280653378
half1__producer,ADE_vs_CV,easy,eu-locality-074,17176,1.9928026385875541,2.0345987086931556,2.054266029316787,3.3041435965634576,4.779248291725759,3.3227202724286355
half1__producer,ADE_vs_CV,easy,eu-locality-082,515,1.5609965467789602,1.6292457075972016,4.189003567724281,3.0267587675843264,3.334670766553539,3.1617325949953337
half1__producer,ADE_vs_CV,easy,eu-locality-110,2009,1.7599226604824327,1.8571965321602297,5.237672480717547,3.127675252826486,3.3845695819184494,3.2841980969419593
half1__producer,ADE_vs_CV,easy,eu-locality-112,575,2.0259481743269117,2.120126457156666,4.442106861684946,3.182811271930035,3.4257600665790715,3.337428914790469
half1__producer,ADE_vs_CV,easy,eu-locality-119,1323,1.8289153665305344,1.9039962115564375,3.94332953869313,3.1446790575108015,3.6062998511164115,3.27321556485438
half1__producer,ADE_vs_CV,easy,eu-locality-124,739,1.8976485221003139,2.0089308960456713,5.539382870978926,3.0967871616101887,3.392610952780432,3.2764853371884692
half1__producer,ADE_vs_CV,easy,eu-locality-126,2167,1.4141444757960993,1.49949345147157,5.69185384515759,3.0054183536197034,3.343944415171016,3.17156482441628
half1__placebo,ADE_vs_floor4,all,eu-locality-007,5526,12.901777262524512,12.988977358692967,0.671339195999876,44.558128930674414,77.88662422065293,45.00724434474006
half1__placebo,ADE_vs_floor4,all,eu-locality-074,102348,18.77804553820655,18.928758643144462,0.7962123020280543,62.39444369079962,128.1284032841046,62.90487006757357
half1__placebo,ADE_vs_floor4,all,eu-locality-082,1368,12.908246220006744,13.382109547963138,3.5410211391410984,48.96376256586186,99.68977167861865,51.425477538041534
half1__placebo,ADE_vs_floor4,all,eu-locality-110,8550,29.28496453828275,29.590760616109456,1.0334174298318954,117.95521146890563,259.48904154415425,119.69634221657493
half1__placebo,ADE_vs_floor4,all,eu-locality-112,5004,23.83946443083147,23.94523325402535,0.44171139229182144,83.96248465505984,176.10182867858518,84.7327219344217
half1__placebo,ADE_vs_floor4,all,eu-locality-119,5639,28.02459208212408,28.264676571861138,0.8494153086332279,111.90042781793977,195.84895015585394,112.61105661938669
half1__placebo,ADE_vs_floor4,all,eu-locality-124,3550,41.16166525521243,41.708148345881874,1.3102549797644136,181.76724589119763,334.55067044545154,183.4575493815521
half1__placebo,ADE_vs_floor4,all,eu-locality-126,5790,18.797469626246585,18.990172104699553,1.0147484572047616,82.36545828867014,153.12653237687047,83.50039592159716
half1__placebo,ADE_vs_floor4,easy,eu-locality-007,1784,1.3691711373917743,1.3704141625684736,0.09070434403345429,3.085555306142206,3.465152291336453,3.069367262607619
half1__placebo,ADE_vs_floor4,easy,eu-locality-074,17176,1.9931856360536362,1.9753301234777456,-0.9039254939551267,3.3120545781699957,4.808741978949556,3.2693935131203515
half1__placebo,ADE_vs_floor4,easy,eu-locality-082,515,1.55617835521233,1.5708147140080164,0.9317686335099884,3.006103213767796,3.3350134616689497,3.0305478831342776
half1__placebo,ADE_vs_floor4,easy,eu-locality-110,2009,1.7645206555812796,1.7398333075084131,-1.4189490433552443,3.1287880650579716,3.431131136607194,3.0739867959322544
half1__placebo,ADE_vs_floor4,easy,eu-locality-112,575,2.036998647146544,2.0216492814735574,-0.7592496786484437,3.2091853251525158,3.534480948249617,3.1780176558709265
half1__placebo,ADE_vs_floor4,easy,eu-locality-119,1323,1.8315636521188974,1.8083397066073579,-1.2842689582429179,3.162439136593148,3.6128619279130545,3.099600206318804
half1__placebo,ADE_vs_floor4,easy,eu-locality-124,739,1.90558076329884,1.8896930090669188,-0.8407584806468638,3.1221417663897535,3.4392567510405265,3.0841436643812377
half1__placebo,ADE_vs_floor4,easy,eu-locality-126,2167,1.419858623521711,1.4008583701146202,-1.3563293629416773,3.0278271549962703,3.3893064290091255,2.953123766367965
half1__placebo,ADE_vs_floor4,hard,eu-locality-007,1057,38.46192998339594,38.85684622224942,1.0163363145703652,79.37656597410016,109.16038099456655,79.62499588488345
half1__placebo,ADE_vs_floor4,hard,eu-locality-074,26162,48.98523251880467,49.499371913581456,1.0386786233861578,117.01334644124366,210.94773282026142,118.25169417871308
half1__placebo,ADE_vs_floor4,hard,eu-locality-082,245,45.06350653520782,47.48178753237176,5.093070675814859,102.53766462754737,168.16784406720987,102.84492248432812
half1__placebo,ADE_vs_floor4,hard,eu-locality-110,2779,75.55857667983632,76.58741773950138,1.343355201195684,216.4545636404931,380.302674112872,217.7895967541795
half1__placebo,ADE_vs_floor4,hard,eu-locality-112,1522,57.692875161455525,58.108785974817565,0.715745143156632,152.53455621945463,273.8161229399875,156.09076825692148
half1__placebo,ADE_vs_floor4,hard,eu-locality-119,1922,67.97347658733796,68.68626363823714,1.0377432300777811,172.59455039343038,274.8305239891827,173.15048247872713
half1__placebo,ADE_vs_floor4,hard,eu-locality-124,1375,94.78799365709604,96.33462236475047,1.605475445575999,270.8972803238173,449.04247371181407,275.01545124860064
half1__placebo,ADE_vs_floor4,hard,eu-locality-126,1386,61.10047764877257,61.909088531110136,1.3061262918306893,147.1489911373112,226.69528204190547,149.0788796981218
half1__placebo,ADE_vs_floor4,complete,eu-locality-007,2882,12.78570714699238,12.889350295774541,0.8040990926915681,45.47448265068489,78.38155397781499,46.30062821751765
half1__placebo,ADE_vs_floor4,complete,eu-locality-074,67309,18.37719479092217,18.54360055520876,0.8973756946023315,60.70567613888656,126.45163646009213,61.417892088748516
half1__placebo,ADE_vs_floor4,complete,eu-locality-082,582,10.103346099188128,10.194464812089912,0.8938057522521747,48.10254665421845,88.77064559267427,48.02343140325714
half1__placebo,ADE_vs_floor4,complete,eu-locality-110,5804,27.12296462008399,27.434625922932916,1.1360144064818667,112.51818313817117,258.6419853064315,115.53160965099059
half1__placebo,ADE_vs_floor4,complete,eu-locality-112,2417,20.050609705651098,20.19441322222265,0.712095543401603,69.45492121836293,157.7201102240589,69.68715616447264
half1__placebo,ADE_vs_floor4,complete,eu-locality-119,3148,27.322980985390668,27.609577352417112,1.038032431167779,104.76317870682367,189.81019473810503,105.7965450702576
half1__placebo,ADE_vs_floor4,complete,eu-locality-124,2077,37.217206042108806,37.7156695905191,1.3216351554198424,170.62428443673173,304.18502663239207,174.2361940078016
half1__placebo,ADE_vs_floor4,complete,eu-locality-126,3637,18.36094784692766,18.53411054882052,0.9342919447725029,79.21251387756419,153.4885792234334,80.6506713700502
half1__placebo,ADE_vs_floor2,all,eu-locality-007,5526,12.901777262524512,12.949945390380272,0.37195622378100035,44.558128930674414,77.88662422065293,44.93701519386373
half1__placebo,ADE_vs_floor2,all,eu-locality-074,102348,18.77804553820655,18.851251729004353,0.3883359675536546,62.39444369079962,128.1284032841046,62.609003168618194
half1__placebo,ADE_vs_floor2,all,eu-locality-082,1368,12.908246220006744,12.93008017426838,0.1688617082598376,48.96376256586186,99.68977167861865,48.96376256586186
half1__placebo,ADE_vs_floor2,all,eu-locality-110,8550,29.28496453828275,29.460565359223178,0.596053805482899,117.95521146890563,259.48904154415425,118.45407424287657
half1__placebo,ADE_vs_floor2,all,eu-locality-112,5004,23.83946443083147,23.904985333431977,0.2740888634174321,83.96248465505984,176.10182867858518,83.96248465505984
half1__placebo,ADE_vs_floor2,all,eu-locality-119,5639,28.02459208212408,28.025093268717054,0.001788349420173141,111.90042781793977,195.84895015585394,111.75001466333755
half1__placebo,ADE_vs_floor2,all,eu-locality-124,3550,41.16166525521243,41.299825540756736,0.3345299495465581,181.76724589119763,334.55067044545154,182.38572856518616
half1__placebo,ADE_vs_floor2,all,eu-locality-126,5790,18.797469626246585,18.788372402033268,-0.04841943739806176,82.36545828867014,153.12653237687047,82.36545828867014
half1__placebo,ADE_vs_floor2,easy,eu-locality-007,1784,1.3691711373917743,1.3802996186653114,0.8062366404402721,3.085555306142206,3.465152291336453,3.079078328966901
half1__placebo,ADE_vs_floor2,easy,eu-locality-074,17176,1.9931856360536362,2.0080830843006257,0.7418740969165616,3.3120545781699957,4.808741978949556,3.317480582581999
half1__placebo,ADE_vs_floor2,easy,eu-locality-082,515,1.55617835521233,1.5648420102851874,0.5536440749873806,3.006103213767796,3.3350134616689497,3.0267587675843264
half1__placebo,ADE_vs_floor2,easy,eu-locality-110,2009,1.7645206555812796,1.7622278595781573,-0.13010780590378968,3.1287880650579716,3.431131136607194,3.118753115618861
half1__placebo,ADE_vs_floor2,easy,eu-locality-112,575,2.036998647146544,2.028043498478081,-0.4415659070026612,3.2091853251525158,3.534480948249617,3.1851834073102583
half1__placebo,ADE_vs_floor2,easy,eu-locality-119,1323,1.8315636521188974,1.8260507200509564,-0.3019046517934054,3.162439136593148,3.6128619279130545,3.1402660145503596
half1__placebo,ADE_vs_floor2,easy,eu-locality-124,739,1.90558076329884,1.9058066714522863,0.011853676284712122,3.1221417663897535,3.4392567510405265,3.0986216142628464
half1__placebo,ADE_vs_floor2,easy,eu-locality-126,2167,1.419858623521711,1.4080151506882677,-0.8411466899098441,3.0278271549962703,3.3893064290091255,2.9735079962850266
half1__placebo,ADE_vs_floor2,hard,eu-locality-007,1057,38.46192998339594,38.572913899883616,0.2877249999202469,79.37656597410016,109.16038099456655,79.37656597410016
half1__placebo,ADE_vs_floor2,hard,eu-locality-074,26162,48.98523251880467,49.16777676894162,0.37126805833583854,117.01334644124366,210.94773282026142,117.59668808153133
half1__placebo,ADE_vs_floor2,hard,eu-locality-082,245,45.06350653520782,45.111436664980744,0.10624828938362585,102.53766462754737,168.16784406720987,102.53766462754737
half1__placebo,ADE_vs_floor2,hard,eu-locality-110,2779,75.55857667983632,76.0455784134452,0.6404076920306201,216.4545636404931,380.302674112872,216.94572294391477
half1__placebo,ADE_vs_floor2,hard,eu-locality-112,1522,57.692875161455525,57.83657797232533,0.24846354315527508,152.53455621945463,273.8161229399875,153.7479339587823
half1__placebo,ADE_vs_floor2,hard,eu-locality-119,1922,67.97347658733796,67.97043281030513,-0.0044780898208029996,172.59455039343038,274.8305239891827,172.59455039343038
half1__placebo,ADE_vs_floor2,hard,eu-locality-124,1375,94.78799365709604,95.07143546094684,0.2981356097933707,270.8972803238173,449.04247371181407,271.53074393806423
half1__placebo,ADE_vs_floor2,hard,eu-locality-126,1386,61.10047764877257,61.1098620475687,0.01535660281613005,147.1489911373112,226.69528204190547,147.1489911373112
half1__placebo,ADE_vs_floor2,complete,eu-locality-007,2882,12.78570714699238,12.860941714413276,0.5849849030618026,45.47448265068489,78.38155397781499,45.99839461886456
half1__placebo,ADE_vs_floor2,complete,eu-locality-074,67309,18.37719479092217,18.46005685490267,0.4488722035462911,60.70567613888656,126.45163646009213,60.95247443180517
half1__placebo,ADE_vs_floor2,complete,eu-locality-082,582,10.103346099188128,10.14339935544777,0.3948701500954832,48.10254665421845,88.77064559267427,48.10254665421845
half1__placebo,ADE_vs_floor2,complete,eu-locality-110,5804,27.12296462008399,27.322503187667138,0.7303085160704326,112.51818313817117,258.6419853064315,113.0266767990837
half1__placebo,ADE_vs_floor2,complete,eu-locality-112,2417,20.050609705651098,20.136018418888362,0.4241588950730568,69.45492121836293,157.7201102240589,69.45492121836293
half1__placebo,ADE_vs_floor2,complete,eu-locality-119,3148,27.322980985390668,27.323608731141693,0.00229744817824562,104.76317870682367,189.81019473810503,104.24025812447158
half1__placebo,ADE_vs_floor2,complete,eu-locality-124,2077,37.217206042108806,37.42188326970895,0.5469452890037196,170.62428443673173,304.18502663239207,173.10971397244984
half1__placebo,ADE_vs_floor2,complete,eu-locality-126,3637,18.36094784692766,18.353969494777527,-0.03802094229328201,79.21251387756419,153.4885792234334,79.21251387756419
half1__placebo,ADE_vs_old_stop4,all,eu-locality-007,5526,12.901777262524512,12.961150220682853,0.45808402145973703,44.558128930674414,77.88662422065293,44.84717682318422
half1__placebo,ADE_vs_old_stop4,all,eu-locality-074,102348,18.77804553820655,18.863154002187642,0.45118893675587524,62.39444369079962,128.1284032841046,62.705569462485954
half1__placebo,ADE_vs_old_stop4,all,eu-locality-082,1368,12.908246220006744,13.29583266729295,2.915097211170903,48.96376256586186,99.68977167861865,51.425477538041534
half1__placebo,ADE_vs_old_stop4,all,eu-locality-110,8550,29.28496453828275,29.394594283576424,0.3729588652799598,117.95521146890563,259.48904154415425,119.3597312433166
half1__placebo,ADE_vs_old_stop4,all,eu-locality-112,5004,23.83946443083147,23.90808095365577,0.28700138232470307,83.96248465505984,176.10182867858518,84.7327219344217
half1__placebo,ADE_vs_old_stop4,all,eu-locality-119,5639,28.02459208212408,28.251508226866342,0.8032001085395923,111.90042781793977,195.84895015585394,112.76082577567496
half1__placebo,ADE_vs_old_stop4,all,eu-locality-124,3550,41.16166525521243,41.62594498506041,1.1153614170551829,181.76724589119763,334.55067044545154,183.4575493815521
half1__placebo,ADE_vs_old_stop4,all,eu-locality-126,5790,18.797469626246585,18.974798126502012,0.9345474933288189,82.36545828867014,153.12653237687047,83.50039592159716
half1__placebo,ADE_vs_old_stop4,easy,eu-locality-007,1784,1.3691711373917743,1.356525867278389,-0.9321805369443936,3.085555306142206,3.465152291336453,3.0689285641734325
half1__placebo,ADE_vs_old_stop4,easy,eu-locality-074,17176,1.9931856360536362,1.9434107087645942,-2.561215036253617,3.3120545781699957,4.808741978949556,3.3214611677886943
half1__placebo,ADE_vs_old_stop4,easy,eu-locality-082,515,1.55617835521233,1.5466135774354102,-0.6184335839583222,3.006103213767796,3.3350134616689497,3.0135421032011274
half1__placebo,ADE_vs_old_stop4,easy,eu-locality-110,2009,1.7645206555812796,1.7587685994539886,-0.3270501946121218,3.1287880650579716,3.431131136607194,3.1277408574043135
half1__placebo,ADE_vs_old_stop4,easy,eu-locality-112,575,2.036998647146544,2.020394039009353,-0.8218499865171092,3.2091853251525158,3.534480948249617,3.1788599791555168
half1__placebo,ADE_vs_old_stop4,easy,eu-locality-119,1323,1.8315636521188974,1.7370171938916548,-5.443035253751205,3.162439136593148,3.6128619279130545,3.1149774940305295
half1__placebo,ADE_vs_old_stop4,easy,eu-locality-124,739,1.90558076329884,1.8813362831837772,-1.2886840237851471,3.1221417663897535,3.4392567510405265,3.117399391382583
half1__placebo,ADE_vs_old_stop4,easy,eu-locality-126,2167,1.419858623521711,1.3917113642841858,-2.0224925914866354,3.0278271549962703,3.3893064290091255,2.956847071248013
half1__placebo,ADE_vs_old_stop4,hard,eu-locality-007,1057,38.46192998339594,38.79066369425895,0.847455752379056,79.37656597410016,109.16038099456655,79.62499588488345
half1__placebo,ADE_vs_old_stop4,hard,eu-locality-074,26162,48.98523251880467,49.305273736656794,0.6491013913876409,117.01334644124366,210.94773282026142,117.35809108251024
half1__placebo,ADE_vs_old_stop4,hard,eu-locality-082,245,45.06350653520782,47.355520002729286,4.840013302333846,102.53766462754737,168.16784406720987,102.84492248432812
half1__placebo,ADE_vs_old_stop4,hard,eu-locality-110,2779,75.55857667983632,76.0053661133276,0.587839328114137,216.4545636404931,380.302674112872,216.6024960430333
half1__placebo,ADE_vs_old_stop4,hard,eu-locality-112,1522,57.692875161455525,58.033000843471704,0.5860901160937293,152.53455621945463,273.8161229399875,155.91825887565795
half1__placebo,ADE_vs_old_stop4,hard,eu-locality-119,1922,67.97347658733796,68.69758238999611,1.054048450420586,172.59455039343038,274.8305239891827,173.15048247872713
half1__placebo,ADE_vs_old_stop4,hard,eu-locality-124,1375,94.78799365709604,96.24237575386056,1.5111660382159497,270.8972803238173,449.04247371181407,274.49169803893716
half1__placebo,ADE_vs_old_stop4,hard,eu-locality-126,1386,61.10047764877257,61.890535924154484,1.2765413380005586,147.1489911373112,226.69528204190547,149.0788796981218
half1__placebo,ADE_vs_old_stop4,complete,eu-locality-007,2882,12.78570714699238,12.86054434484334,0.5819131433652647,45.47448265068489,78.38155397781499,46.30062821751765
half1__placebo,ADE_vs_old_stop4,complete,eu-locality-074,67309,18.37719479092217,18.484366806614457,0.5797981440940347,60.70567613888656,126.45163646009213,61.26086495837293
half1__placebo,ADE_vs_old_stop4,complete,eu-locality-082,582,10.103346099188128,10.105575192094681,0.022058050770801252,48.10254665421845,88.77064559267427,48.02343140325714
half1__placebo,ADE_vs_old_stop4,complete,eu-locality-110,5804,27.12296462008399,27.190717397304425,0.24917612959763913,112.51818313817117,258.6419853064315,113.30025239364029
half1__placebo,ADE_vs_old_stop4,complete,eu-locality-112,2417,20.050609705651098,20.146153460739935,0.47425308893347395,69.45492121836293,157.7201102240589,69.68715616447264
half1__placebo,ADE_vs_old_stop4,complete,eu-locality-119,3148,27.322980985390668,27.588506738653948,0.9624506167680846,104.76317870682367,189.81019473810503,106.68215257251505
half1__placebo,ADE_vs_old_stop4,complete,eu-locality-124,2077,37.217206042108806,37.58413964101855,0.976299051712981,170.62428443673173,304.18502663239207,174.2361940078016
half1__placebo,ADE_vs_old_stop4,complete,eu-locality-126,3637,18.36094784692766,18.511056776738215,0.8109149662335113,79.21251387756419,153.4885792234334,80.6506713700502
half1__placebo,FDE_vs_floor4,endpoint,eu-locality-007,3935,27.646486425184847,27.88430870830449,0.8528892919938746,99.1243734361463,173.0076646494129,100.71081315355305
half1__placebo,FDE_vs_floor4,endpoint,eu-locality-074,81289,38.52691490913813,38.97823989825896,1.1578896078911827,133.34148539063503,275.8719393858999,134.86094239197612
half1__placebo,FDE_vs_floor4,endpoint,eu-locality-082,859,23.523241540109698,24.915578504383376,5.588218487596929,112.40241118819065,228.36761182252752,113.0556753805091
half1__placebo,FDE_vs_floor4,endpoint,eu-locality-110,7204,54.717386845021544,55.44003901160984,1.3034842317426354,240.26902101716573,522.3464241323134,246.0589932957891
half1__placebo,FDE_vs_floor4,endpoint,eu-locality-112,3719,46.189757676162024,46.53141297635786,0.734246562358698,172.18864115322873,392.8712768610905,176.82517521705788
half1__placebo,FDE_vs_floor4,endpoint,eu-locality-119,4147,62.55991526549077,63.35750592966548,1.258873202900579,254.48671940749537,472.64583073725106,263.6199274159857
half1__placebo,FDE_vs_floor4,endpoint,eu-locality-124,2645,80.14663561579515,81.38873930318952,1.526137028326846,368.6191963943305,714.9459718436315,377.201315538286
half1__placebo,FDE_vs_floor4,endpoint,eu-locality-126,4579,37.378961504125016,37.98212108885768,1.5880092197104956,170.7335755322649,344.11080363516277,174.73891138116818
half1__placebo,ADE_vs_CV,easy,eu-locality-007,1784,1.3691711373917743,1.4116372489032123,3.0082878263826274,3.085555306142206,3.465152291336453,3.1829165280653378
half1__placebo,ADE_vs_CV,easy,eu-locality-074,17176,1.9931856360536362,2.0345987086931556,2.0354418029744803,3.3120545781699957,4.808741978949556,3.3227202724286355
half1__placebo,ADE_vs_CV,easy,eu-locality-082,515,1.55617835521233,1.6292457075972016,4.484734993878281,3.006103213767796,3.3350134616689497,3.1617325949953337
half1__placebo,ADE_vs_CV,easy,eu-locality-110,2009,1.7645206555812796,1.8571965321602297,4.990095284700569,3.1287880650579716,3.431131136607194,3.2841980969419593
half1__placebo,ADE_vs_CV,easy,eu-locality-112,575,2.036998647146544,2.120126457156666,3.9208892342018964,3.2091853251525158,3.534480948249617,3.337428914790469
half1__placebo,ADE_vs_CV,easy,eu-locality-119,1323,1.8315636521188974,1.9039962115564375,3.8042386322990396,3.162439136593148,3.6128619279130545,3.27321556485438
half1__placebo,ADE_vs_CV,easy,eu-locality-124,739,1.90558076329884,2.0089308960456713,5.144533988215483,3.1221417663897535,3.4392567510405265,3.2764853371884692
half1__placebo,ADE_vs_CV,easy,eu-locality-126,2167,1.419858623521711,1.49949345147157,5.310781975853729,3.0278271549962703,3.3893064290091255,3.17156482441628
half1__wrong_tag,ADE_vs_floor4,all,eu-locality-007,5526,12.888115161228976,12.988977358692967,0.7765214664608555,44.57032253839725,77.73384003447858,45.00724434474006
half1__wrong_tag,ADE_vs_floor4,all,eu-locality-074,102348,18.76721996386114,18.928758643144462,0.8534034498972609,62.38009691372944,128.09420865816185,62.90487006757357
half1__wrong_tag,ADE_vs_floor4,all,eu-locality-082,1368,12.903680834110718,13.382109547963138,3.5751367311534277,48.96376256586186,99.68977167861865,51.425477538041534
half1__wrong_tag,ADE_vs_floor4,all,eu-locality-110,8550,29.254904715546846,29.590760616109456,1.1350025939507846,117.731149034887,259.48904154415425,119.69634221657493
half1__wrong_tag,ADE_vs_floor4,all,eu-locality-112,5004,23.826025338876224,23.94523325402535,0.49783568146736235,83.96248465505984,176.10182867858518,84.7327219344217
half1__wrong_tag,ADE_vs_floor4,all,eu-locality-119,5639,28.0280247974512,28.264676571861138,0.8372704135080622,111.90042781793977,195.84895015585394,112.61105661938669
half1__wrong_tag,ADE_vs_floor4,all,eu-locality-124,3550,41.15488063479271,41.708148345881874,1.3265218740975082,181.76724589119763,334.55067044545154,183.4575493815521
half1__wrong_tag,ADE_vs_floor4,all,eu-locality-126,5790,18.798696473250562,18.990172104699553,1.0082880260027016,82.22639820132775,153.12419715767248,83.50039592159716
half1__wrong_tag,ADE_vs_floor4,easy,eu-locality-007,1784,1.370750232138812,1.3704141625684736,-0.02452321199808427,3.086077457924718,3.5269480029727096,3.069367262607619
half1__wrong_tag,ADE_vs_floor4,easy,eu-locality-074,17176,1.9939410563359394,1.9753301234777456,-0.942168229856577,3.3165437731876297,4.813146418374298,3.2693935131203515
half1__wrong_tag,ADE_vs_floor4,easy,eu-locality-082,515,1.556724857091736,1.5708147140080164,0.896977650554942,3.012472129326378,3.339076289914666,3.0305478831342776
half1__wrong_tag,ADE_vs_floor4,easy,eu-locality-110,2009,1.7625632895275676,1.7398333075084131,-1.306445963590952,3.1287880650579716,3.431131136607194,3.0739867959322544
half1__wrong_tag,ADE_vs_floor4,easy,eu-locality-112,575,2.0424600903932957,2.0216492814735574,-1.0293975869330563,3.236767465437275,3.5858556884291986,3.1780176558709265
half1__wrong_tag,ADE_vs_floor4,easy,eu-locality-119,1323,1.8303737671353821,1.8083397066073579,-1.2184690988930713,3.1639745068439846,3.6128619279130545,3.099600206318804
half1__wrong_tag,ADE_vs_floor4,easy,eu-locality-124,739,1.9034601434980487,1.8896930090669188,-0.7285381469410046,3.116417487482384,3.4563210004917164,3.0841436643812377
half1__wrong_tag,ADE_vs_floor4,easy,eu-locality-126,2167,1.4194376824766888,1.4008583701146202,-1.326280569002014,3.031037464034907,3.394048651503519,2.953123766367965
half1__wrong_tag,ADE_vs_floor4,hard,eu-locality-007,1057,38.40637595230399,38.85684622224942,1.15930733896642,78.21466331403964,109.16038099456655,79.62499588488345
half1__wrong_tag,ADE_vs_floor4,hard,eu-locality-074,26162,48.94749289753422,49.499371913581456,1.1149212499316885,117.01334644124366,210.94773282026142,118.25169417871308
half1__wrong_tag,ADE_vs_floor4,hard,eu-locality-082,245,45.0370368940775,47.48178753237176,5.148817610599632,102.53766462754737,168.16784406720987,102.84492248432812
half1__wrong_tag,ADE_vs_floor4,hard,eu-locality-110,2779,75.47707818841721,76.58741773950138,1.4497675778295527,214.67559519645525,380.302674112872,217.7895967541795
half1__wrong_tag,ADE_vs_floor4,hard,eu-locality-112,1522,57.664105231833446,58.108785974817565,0.7652556072619165,152.53455621945463,273.8161229399875,156.09076825692148
half1__wrong_tag,ADE_vs_floor4,hard,eu-locality-119,1922,67.98458584382182,68.68626363823714,1.0215693171359175,172.59455039343038,274.84993850632515,173.15048247872713
half1__wrong_tag,ADE_vs_floor4,hard,eu-locality-124,1375,94.77502411573296,96.33462236475047,1.6189384571545062,270.8972803238173,449.04247371181407,275.01545124860064
half1__wrong_tag,ADE_vs_floor4,hard,eu-locality-126,1386,61.1024977860198,61.909088531110136,1.3028632212619518,147.1489911373112,226.69528204190547,149.0788796981218
half1__wrong_tag,ADE_vs_floor4,complete,eu-locality-007,2882,12.780499790680555,12.889350295774541,0.8444995488226525,45.565413951794106,78.21142424691537,46.30062821751765
half1__wrong_tag,ADE_vs_floor4,complete,eu-locality-074,67309,18.363412660888237,18.54360055520876,0.9716985317067106,60.70567613888656,126.28302040866227,61.417892088748516
half1__wrong_tag,ADE_vs_floor4,complete,eu-locality-082,582,10.091945969274063,10.194464812089912,1.0056324162722952,48.10254665421845,88.77064559267427,48.02343140325714
half1__wrong_tag,ADE_vs_floor4,complete,eu-locality-110,5804,27.089158603946824,27.434625922932916,1.2592383069357282,112.4389983737293,258.6419853064315,115.53160965099059
half1__wrong_tag,ADE_vs_floor4,complete,eu-locality-112,2417,20.029066363879124,20.19441322222265,0.8187752549381977,69.45492121836293,157.7201102240589,69.68715616447264
half1__wrong_tag,ADE_vs_floor4,complete,eu-locality-119,3148,27.330667294121024,27.609577352417112,1.010193146877958,104.76317870682367,189.81019473810503,105.7965450702576
half1__wrong_tag,ADE_vs_floor4,complete,eu-locality-124,2077,37.20748380494022,37.7156695905191,1.3474128686996156,170.62428443673173,304.18502663239207,174.2361940078016
half1__wrong_tag,ADE_vs_floor4,complete,eu-locality-126,3637,18.364027431675467,18.53411054882052,0.9176761771062081,79.15277208581249,153.4062776847564,80.6506713700502
half1__wrong_tag,ADE_vs_floor2,all,eu-locality-007,5526,12.888115161228976,12.949945390380272,0.4774555203701958,44.57032253839725,77.73384003447858,44.93701519386373
half1__wrong_tag,ADE_vs_floor2,all,eu-locality-074,102348,18.76721996386114,18.851251729004353,0.4457622568050601,62.38009691372944,128.09420865816185,62.609003168618194
half1__wrong_tag,ADE_vs_floor2,all,eu-locality-082,1368,12.903680834110718,12.93008017426838,0.20416996493337614,48.96376256586186,99.68977167861865,48.96376256586186
half1__wrong_tag,ADE_vs_floor2,all,eu-locality-110,8550,29.254904715546846,29.460565359223178,0.6980879055396239,117.731149034887,259.48904154415425,118.45407424287657
half1__wrong_tag,ADE_vs_floor2,all,eu-locality-112,5004,23.826025338876224,23.904985333431977,0.33030764693807724,83.96248465505984,176.10182867858518,83.96248465505984
half1__wrong_tag,ADE_vs_floor2,all,eu-locality-119,5639,28.0280247974512,28.025093268717054,-0.0104603710183504,111.90042781793977,195.84895015585394,111.75001466333755
half1__wrong_tag,ADE_vs_floor2,all,eu-locality-124,3550,41.15488063479271,41.299825540756736,0.35095767128843214,181.76724589119763,334.55067044545154,182.38572856518616
half1__wrong_tag,ADE_vs_floor2,all,eu-locality-126,5790,18.798696473250562,18.788372402033268,-0.05494925795794803,82.22639820132775,153.12419715767248,82.36545828867014
half1__wrong_tag,ADE_vs_floor2,easy,eu-locality-007,1784,1.370750232138812,1.3802996186653114,0.6918343233140334,3.086077457924718,3.5269480029727096,3.079078328966901
half1__wrong_tag,ADE_vs_floor2,easy,eu-locality-074,17176,1.9939410563359394,2.0080830843006257,0.7042551214762938,3.3165437731876297,4.813146418374298,3.317480582581999
half1__wrong_tag,ADE_vs_floor2,easy,eu-locality-082,515,1.556724857091736,1.5648420102851874,0.5187203014809239,3.012472129326378,3.339076289914666,3.0267587675843264
half1__wrong_tag,ADE_vs_floor2,easy,eu-locality-110,2009,1.7625632895275676,1.7622278595781573,-0.019034425519226517,3.1287880650579716,3.431131136607194,3.118753115618861
half1__wrong_tag,ADE_vs_floor2,easy,eu-locality-112,575,2.0424600903932957,2.028043498478081,-0.7108620661259835,3.236767465437275,3.5858556884291986,3.1851834073102583
half1__wrong_tag,ADE_vs_floor2,easy,eu-locality-119,1323,1.8303737671353821,1.8260507200509564,-0.23674299059475157,3.1639745068439846,3.6128619279130545,3.1402660145503596
half1__wrong_tag,ADE_vs_floor2,easy,eu-locality-124,739,1.9034601434980487,1.9058066714522863,0.12312518312518339,3.116417487482384,3.4563210004917164,3.0986216142628464
half1__wrong_tag,ADE_vs_floor2,easy,eu-locality-126,2167,1.4194376824766888,1.4080151506882677,-0.8112506305658407,3.031037464034907,3.394048651503519,2.9735079962850266
half1__wrong_tag,ADE_vs_floor2,hard,eu-locality-007,1057,38.40637595230399,38.572913899883616,0.43174842328966845,78.21466331403964,109.16038099456655,79.37656597410016
half1__wrong_tag,ADE_vs_floor2,hard,eu-locality-074,26162,48.94749289753422,49.16777676894162,0.4480248770299289,117.01334644124366,210.94773282026142,117.59668808153133
half1__wrong_tag,ADE_vs_floor2,hard,eu-locality-082,245,45.0370368940775,45.111436664980744,0.16492441031255023,102.53766462754737,168.16784406720987,102.53766462754737
half1__wrong_tag,ADE_vs_floor2,hard,eu-locality-110,2779,75.47707818841721,76.0455784134452,0.7475782772499495,214.67559519645525,380.302674112872,216.94572294391477
half1__wrong_tag,ADE_vs_floor2,hard,eu-locality-112,1522,57.664105231833446,57.83657797232533,0.2982070283867988,152.53455621945463,273.8161229399875,153.7479339587823
half1__wrong_tag,ADE_vs_floor2,hard,eu-locality-119,1922,67.98458584382182,67.97043281030513,-0.020822338377901595,172.59455039343038,274.84993850632515,172.59455039343038
half1__wrong_tag,ADE_vs_floor2,hard,eu-locality-124,1375,94.77502411573296,95.07143546094684,0.3117775005465728,270.8972803238173,449.04247371181407,271.53074393806423
half1__wrong_tag,ADE_vs_floor2,hard,eu-locality-126,1386,61.1024977860198,61.1098620475687,0.01205085611739598,147.1489911373112,226.69528204190547,147.1489911373112
half1__wrong_tag,ADE_vs_floor2,complete,eu-locality-007,2882,12.780499790680555,12.860941714413276,0.6254745999087263,45.565413951794106,78.21142424691537,45.99839461886456
half1__wrong_tag,ADE_vs_floor2,complete,eu-locality-074,67309,18.363412660888237,18.46005685490267,0.5235313995729518,60.70567613888656,126.28302040866227,60.95247443180517
half1__wrong_tag,ADE_vs_floor2,complete,eu-locality-082,582,10.091945969274063,10.14339935544777,0.5072597890575237,48.10254665421845,88.77064559267427,48.10254665421845
half1__wrong_tag,ADE_vs_floor2,complete,eu-locality-110,5804,27.089158603946824,27.322503187667138,0.8540380876435938,112.4389983737293,258.6419853064315,113.0266767990837
half1__wrong_tag,ADE_vs_floor2,complete,eu-locality-112,2417,20.029066363879124,20.136018418888362,0.5311479796269558,69.45492121836293,157.7201102240589,69.45492121836293
half1__wrong_tag,ADE_vs_floor2,complete,eu-locality-119,3148,27.330667294121024,27.323608731141693,-0.025833201788194593,104.76317870682367,189.81019473810503,104.24025812447158
half1__wrong_tag,ADE_vs_floor2,complete,eu-locality-124,2077,37.20748380494022,37.42188326970895,0.5729253742349116,170.62428443673173,304.18502663239207,173.10971397244984
half1__wrong_tag,ADE_vs_floor2,complete,eu-locality-126,3637,18.364027431675467,18.353969494777527,-0.0547997908616038,79.15277208581249,153.4062776847564,79.21251387756419
half1__wrong_tag,ADE_vs_old_stop4,all,eu-locality-007,5526,12.888115161228976,12.961150220682853,0.5634921145912686,44.57032253839725,77.73384003447858,44.84717682318422
half1__wrong_tag,ADE_vs_old_stop4,all,eu-locality-074,102348,18.76721996386114,18.863154002187642,0.5085789911664529,62.38009691372944,128.09420865816185,62.705569462485954
half1__wrong_tag,ADE_vs_old_stop4,all,eu-locality-082,1368,12.903680834110718,13.29583266729295,2.94943417983069,48.96376256586186,99.68977167861865,51.425477538041534
half1__wrong_tag,ADE_vs_old_stop4,all,eu-locality-110,8550,29.254904715546846,29.394594283576424,0.4752219632016663,117.731149034887,259.48904154415425,119.3597312433166
half1__wrong_tag,ADE_vs_old_stop4,all,eu-locality-112,5004,23.826025338876224,23.90808095365577,0.34321288663278215,83.96248465505984,176.10182867858518,84.7327219344217
half1__wrong_tag,ADE_vs_old_stop4,all,eu-locality-119,5639,28.0280247974512,28.251508226866342,0.7910495525425332,111.90042781793977,195.84895015585394,112.76082577567496
half1__wrong_tag,ADE_vs_old_stop4,all,eu-locality-124,3550,41.15488063479271,41.62594498506041,1.1316604354249749,181.76724589119763,334.55067044545154,183.4575493815521
half1__wrong_tag,ADE_vs_old_stop4,all,eu-locality-126,5790,18.798696473250562,18.974798126502012,0.9280818276822145,82.22639820132775,153.12419715767248,83.50039592159716
half1__wrong_tag,ADE_vs_old_stop4,easy,eu-locality-007,1784,1.370750232138812,1.356525867278389,-1.0485878082783229,3.086077457924718,3.5269480029727096,3.0689285641734325
half1__wrong_tag,ADE_vs_old_stop4,easy,eu-locality-074,17176,1.9939410563359394,1.9434107087645942,-2.600085887324699,3.3165437731876297,4.813146418374298,3.3214611677886943
half1__wrong_tag,ADE_vs_old_stop4,easy,eu-locality-082,515,1.556724857091736,1.5466135774354102,-0.6537689700805815,3.012472129326378,3.339076289914666,3.0135421032011274
half1__wrong_tag,ADE_vs_old_stop4,easy,eu-locality-110,2009,1.7625632895275676,1.7587685994539886,-0.21575834790075188,3.1287880650579716,3.431131136607194,3.1277408574043135
half1__wrong_tag,ADE_vs_old_stop4,easy,eu-locality-112,575,2.0424600903932957,2.020394039009353,-1.0921657339061586,3.236767465437275,3.5858556884291986,3.1788599791555168
half1__wrong_tag,ADE_vs_old_stop4,easy,eu-locality-119,1323,1.8303737671353821,1.7370171938916548,-5.374533629950373,3.1639745068439846,3.6128619279130545,3.1149774940305295
half1__wrong_tag,ADE_vs_old_stop4,easy,eu-locality-124,739,1.9034601434980487,1.8813362831837772,-1.1759652174905932,3.116417487482384,3.4563210004917164,3.117399391382583
half1__wrong_tag,ADE_vs_old_stop4,easy,eu-locality-126,2167,1.4194376824766888,1.3917113642841858,-1.992246302218259,3.031037464034907,3.394048651503519,2.956847071248013
half1__wrong_tag,ADE_vs_old_stop4,hard,eu-locality-007,1057,38.40637595230399,38.79066369425895,0.9906707061880904,78.21466331403964,109.16038099456655,79.62499588488345
half1__wrong_tag,ADE_vs_old_stop4,hard,eu-locality-074,26162,48.94749289753422,49.305273736656794,0.7256441593520235,117.01334644124366,210.94773282026142,117.35809108251024
half1__wrong_tag,ADE_vs_old_stop4,hard,eu-locality-082,245,45.0370368940775,47.355520002729286,4.895908879298883,102.53766462754737,168.16784406720987,102.84492248432812
half1__wrong_tag,ADE_vs_old_stop4,hard,eu-locality-110,2779,75.47707818841721,76.0053661133276,0.6950666142738982,214.67559519645525,380.302674112872,216.6024960430333
half1__wrong_tag,ADE_vs_old_stop4,hard,eu-locality-112,1522,57.664105231833446,58.033000843471704,0.6356652357737858,152.53455621945463,273.8161229399875,155.91825887565795
half1__wrong_tag,ADE_vs_old_stop4,hard,eu-locality-119,1922,67.98458584382182,68.69758238999611,1.0378772023251326,172.59455039343038,274.84993850632515,173.15048247872713
half1__wrong_tag,ADE_vs_old_stop4,hard,eu-locality-124,1375,94.77502411573296,96.24237575386056,1.5246419538523681,270.8972803238173,449.04247371181407,274.49169803893716
half1__wrong_tag,ADE_vs_old_stop4,hard,eu-locality-126,1386,61.1024977860198,61.890535924154484,1.2732772892779631,147.1489911373112,226.69528204190547,149.0788796981218
half1__wrong_tag,ADE_vs_old_stop4,complete,eu-locality-007,2882,12.780499790680555,12.86054434484334,0.6224040912769069,45.565413951794106,78.21142424691537,46.30062821751765
half1__wrong_tag,ADE_vs_old_stop4,complete,eu-locality-074,67309,18.363412660888237,18.484366806614457,0.654359151122974,60.70567613888656,126.28302040866227,61.26086495837293
half1__wrong_tag,ADE_vs_old_stop4,complete,eu-locality-082,582,10.091945969274063,10.105575192094681,0.13486835297886746,48.10254665421845,88.77064559267427,48.02343140325714
half1__wrong_tag,ADE_vs_old_stop4,complete,eu-locality-110,5804,27.089158603946824,27.190717397304425,0.3735053837441882,112.4389983737293,258.6419853064315,113.30025239364029
half1__wrong_tag,ADE_vs_old_stop4,complete,eu-locality-112,2417,20.029066363879124,20.146153460739935,0.5811883498702874,69.45492121836293,157.7201102240589,69.68715616447264
half1__wrong_tag,ADE_vs_old_stop4,complete,eu-locality-119,3148,27.330667294121024,27.588506738653948,0.9345900703341292,104.76317870682367,189.81019473810503,106.68215257251505
half1__wrong_tag,ADE_vs_old_stop4,complete,eu-locality-124,2077,37.20748380494022,37.58413964101855,1.0021669770172381,170.62428443673173,304.18502663239207,174.2361940078016
half1__wrong_tag,ADE_vs_old_stop4,complete,eu-locality-126,3637,18.364027431675467,18.511056776738215,0.7942785051986423,79.15277208581249,153.4062776847564,80.6506713700502
half1__wrong_tag,FDE_vs_floor4,endpoint,eu-locality-007,3935,27.5989458934084,27.88430870830449,1.0233813499959776,98.73296279119683,173.0076646494129,100.71081315355305
half1__wrong_tag,FDE_vs_floor4,endpoint,eu-locality-074,81289,38.49480274762124,38.97823989825896,1.2402744503076324,133.1916492795333,275.8519031221231,134.86094239197612
half1__wrong_tag,FDE_vs_floor4,endpoint,eu-locality-082,859,23.50437205749329,24.915578504383376,5.6639521600584715,112.40241118819065,228.36761182252752,113.0556753805091
half1__wrong_tag,FDE_vs_floor4,endpoint,eu-locality-110,7204,54.63758505832136,55.44003901160984,1.4474267471572877,240.26902101716573,522.0449708546804,246.0589932957891
half1__wrong_tag,FDE_vs_floor4,endpoint,eu-locality-112,3719,46.15248944793889,46.53141297635786,0.8143391833200897,172.18864115322873,392.8712768610905,176.82517521705788
half1__wrong_tag,FDE_vs_floor4,endpoint,eu-locality-119,4147,62.57194682584756,63.35750592966548,1.2398832502813262,254.48671940749537,472.64583073725106,263.6199274159857
half1__wrong_tag,FDE_vs_floor4,endpoint,eu-locality-124,2645,80.10641823982282,81.38873930318952,1.5755509599304718,368.6191963943305,714.9459718436315,377.201315538286
half1__wrong_tag,FDE_vs_floor4,endpoint,eu-locality-126,4579,37.38254374450107,37.98212108885768,1.5785778339074907,169.9630697911495,344.11080363516277,174.73891138116818
half1__wrong_tag,ADE_vs_CV,easy,eu-locality-007,1784,1.370750232138812,1.4116372489032123,2.8964251826145704,3.086077457924718,3.5269480029727096,3.1829165280653378
half1__wrong_tag,ADE_vs_CV,easy,eu-locality-074,17176,1.9939410563359394,2.0345987086931556,1.9983130915939173,3.3165437731876297,4.813146418374298,3.3227202724286355
half1__wrong_tag,ADE_vs_CV,easy,eu-locality-082,515,1.556724857091736,1.6292457075972016,4.451191748874928,3.012472129326378,3.339076289914666,3.1617325949953337
half1__wrong_tag,ADE_vs_CV,easy,eu-locality-110,2009,1.7625632895275676,1.8571965321602297,5.095488872283638,3.1287880650579716,3.431131136607194,3.2841980969419593
half1__wrong_tag,ADE_vs_CV,easy,eu-locality-112,575,2.0424600903932957,2.120126457156666,3.663289352444088,3.236767465437275,3.5858556884291986,3.337428914790469
half1__wrong_tag,ADE_vs_CV,easy,eu-locality-119,1323,1.8303737671353821,1.9039962115564375,3.8667327158635523,3.1639745068439846,3.6128619279130545,3.27321556485438
half1__wrong_tag,ADE_vs_CV,easy,eu-locality-124,739,1.9034601434980487,2.0089308960456713,5.250093607262873,3.116417487482384,3.4563210004917164,3.2764853371884692
half1__wrong_tag,ADE_vs_CV,easy,eu-locality-126,2167,1.4194376824766888,1.49949345147157,5.338854192148446,3.031037464034907,3.394048651503519,3.17156482441628
half1__legacy,ADE_vs_floor4,all,eu-locality-007,5526,12.905171904361737,12.988977358692967,0.6452044069130913,44.614246430327476,77.88662422065293,45.00724434474006
half1__legacy,ADE_vs_floor4,all,eu-locality-074,102348,18.776064402032876,18.928758643144462,0.8066785782959274,62.38009691372944,128.1284032841046,62.90487006757357
half1__legacy,ADE_vs_floor4,all,eu-locality-082,1368,12.91374197657593,13.382109547963138,3.4999532002672695,48.96376256586186,99.68977167861865,51.425477538041534
half1__legacy,ADE_vs_floor4,all,eu-locality-110,8550,29.276673899642688,29.590760616109456,1.0614350896265168,117.95521146890563,259.48904154415425,119.69634221657493
half1__legacy,ADE_vs_floor4,all,eu-locality-112,5004,23.835447656032844,23.94523325402535,0.45848623326335547,83.93895508357772,176.10182867858518,84.7327219344217
half1__legacy,ADE_vs_floor4,all,eu-locality-119,5639,28.025738271236904,28.264676571861138,0.8453601088154961,111.90042781793977,195.84895015585394,112.61105661938669
half1__legacy,ADE_vs_floor4,all,eu-locality-124,3550,41.170782198316246,41.708148345881874,1.2883960781699066,181.76724589119763,334.55067044545154,183.4575493815521
half1__legacy,ADE_vs_floor4,all,eu-locality-126,5790,18.799353693454975,18.990172104699553,1.0048271821473165,82.36545828867014,153.12419715767248,83.50039592159716
half1__legacy,ADE_vs_floor4,easy,eu-locality-007,1784,1.369296120746456,1.3704141625684736,0.0815842285168844,3.077563478876309,3.478719492276529,3.069367262607619
half1__legacy,ADE_vs_floor4,easy,eu-locality-074,17176,1.993158473551832,1.9753301234777456,-0.9025504072553758,3.3078326548330828,4.809555791266158,3.2693935131203515
half1__legacy,ADE_vs_floor4,easy,eu-locality-082,515,1.5629555800648822,1.5708147140080164,0.5003221495857524,3.0135421032011274,3.339076289914666,3.0305478831342776
half1__legacy,ADE_vs_floor4,easy,eu-locality-110,2009,1.763662824654943,1.7398333075084131,-1.3696436919382604,3.140671234864435,3.457539135812648,3.0739867959322544
half1__legacy,ADE_vs_floor4,easy,eu-locality-112,575,2.0344345117360123,2.0216492814735574,-0.6324158388707257,3.197730107030075,3.534480948249617,3.1780176558709265
half1__legacy,ADE_vs_floor4,easy,eu-locality-119,1323,1.8318113704852526,1.8083397066073579,-1.2979676214669889,3.162439136593148,3.6128619279130545,3.099600206318804
half1__legacy,ADE_vs_floor4,easy,eu-locality-124,739,1.9076924135421507,1.8896930090669188,-0.9525041574937942,3.1221417663897535,3.507418774998558,3.0841436643812377
half1__legacy,ADE_vs_floor4,easy,eu-locality-126,2167,1.4211563937028437,1.4008583701146202,-1.448970432789909,3.038561318845258,3.3925567597744193,2.953123766367965
half1__legacy,ADE_vs_floor4,hard,eu-locality-007,1057,38.47845406604321,38.85684622224942,0.9738107772358062,79.37656597410016,109.16038099456655,79.62499588488345
half1__legacy,ADE_vs_floor4,hard,eu-locality-074,26162,48.978465010209504,49.499371913581456,1.0523505313994264,117.01334644124366,210.94773282026142,118.25169417871308
half1__legacy,ADE_vs_floor4,hard,eu-locality-082,245,45.06960620094991,47.48178753237176,5.08022434870905,102.53766462754737,168.16784406720987,102.84492248432812
half1__legacy,ADE_vs_floor4,hard,eu-locality-110,2779,75.52819087705916,76.58741773950138,1.3830298679673336,214.67559519645525,380.302674112872,217.7895967541795
half1__legacy,ADE_vs_floor4,hard,eu-locality-112,1522,57.68318807336972,58.108785974817565,0.7324157514360774,152.53455621945463,273.8161229399875,156.09076825692148
half1__legacy,ADE_vs_floor4,hard,eu-locality-119,1922,67.9692011283764,68.68626363823714,1.043967850162042,172.59455039343038,274.8305239891827,173.15048247872713
half1__legacy,ADE_vs_floor4,hard,eu-locality-124,1375,94.8042474194706,96.33462236475047,1.5886032536520878,270.8972803238173,449.04247371181407,275.01545124860064
half1__legacy,ADE_vs_floor4,hard,eu-locality-126,1386,61.09995711312297,61.909088531110136,1.3069670983454573,147.1489911373112,226.69528204190547,149.0788796981218
half1__legacy,ADE_vs_floor4,complete,eu-locality-007,2882,12.789190683385376,12.889350295774541,0.7770726226751679,45.565413951794106,78.38155397781499,46.30062821751765
half1__legacy,ADE_vs_floor4,complete,eu-locality-074,67309,18.375005624371422,18.54360055520876,0.9091812042401837,60.7098477141834,126.45163646009213,61.417892088748516
half1__legacy,ADE_vs_floor4,complete,eu-locality-082,582,10.112568851750755,10.194464812089912,0.8033375154920752,48.10254665421845,88.77064559267427,48.02343140325714
half1__legacy,ADE_vs_floor4,complete,eu-locality-110,5804,27.111900480979326,27.434625922932916,1.1763435115177634,112.51818313817117,258.6419853064315,115.53160965099059
half1__legacy,ADE_vs_floor4,complete,eu-locality-112,2417,20.04185483531753,20.19441322222265,0.7554484759044189,69.45492121836293,157.7201102240589,69.68715616447264
half1__legacy,ADE_vs_floor4,complete,eu-locality-119,3148,27.326109704053888,27.609577352417112,1.026700426250482,104.76317870682367,189.81019473810503,105.7965450702576
half1__legacy,ADE_vs_floor4,complete,eu-locality-124,2077,37.22645354301645,37.7156695905191,1.2971161663417163,170.62428443673173,304.18502663239207,174.2361940078016
half1__legacy,ADE_vs_floor4,complete,eu-locality-126,3637,18.36341299631344,18.53411054882052,0.920991336797361,79.21251387756419,153.4062776847564,80.6506713700502
half1__legacy,ADE_vs_floor2,all,eu-locality-007,5526,12.905171904361737,12.949945390380272,0.34574266275898546,44.614246430327476,77.88662422065293,44.93701519386373
half1__legacy,ADE_vs_floor2,all,eu-locality-074,102348,18.776064402032876,18.851251729004353,0.39884527591234065,62.38009691372944,128.1284032841046,62.609003168618194
half1__legacy,ADE_vs_floor2,all,eu-locality-082,1368,12.91374197657593,12.93008017426838,0.12635805402787526,48.96376256586186,99.68977167861865,48.96376256586186
half1__legacy,ADE_vs_floor2,all,eu-locality-110,8550,29.276673899642688,29.460565359223178,0.6241952838930143,117.95521146890563,259.48904154415425,118.45407424287657
half1__legacy,ADE_vs_floor2,all,eu-locality-112,5004,23.835447656032844,23.904985333431977,0.29089194755489434,83.93895508357772,176.10182867858518,83.96248465505984
half1__legacy,ADE_vs_floor2,all,eu-locality-119,5639,28.025738271236904,28.025093268717054,-0.0023015178349794496,111.90042781793977,195.84895015585394,111.75001466333755
half1__legacy,ADE_vs_floor2,all,eu-locality-124,3550,41.170782198316246,41.299825540756736,0.31245493352785036,181.76724589119763,334.55067044545154,182.38572856518616
half1__legacy,ADE_vs_floor2,all,eu-locality-126,5790,18.799353693454975,18.788372402033268,-0.05844727359416435,82.36545828867014,153.12419715767248,82.36545828867014
half1__legacy,ADE_vs_floor2,easy,eu-locality-007,1784,1.369296120746456,1.3802996186653114,0.797181841540695,3.077563478876309,3.478719492276529,3.079078328966901
half1__legacy,ADE_vs_floor2,easy,eu-locality-074,17176,1.993158473551832,2.0080830843006257,0.7432267551813809,3.3078326548330828,4.809555791266158,3.317480582581999
half1__legacy,ADE_vs_floor2,easy,eu-locality-082,515,1.5629555800648822,1.5648420102851874,0.12055084205986333,3.0135421032011274,3.339076289914666,3.0267587675843264
half1__legacy,ADE_vs_floor2,easy,eu-locality-110,2009,1.763662824654943,1.7622278595781573,-0.08142903138128599,3.140671234864435,3.457539135812648,3.118753115618861
half1__legacy,ADE_vs_floor2,easy,eu-locality-112,575,2.0344345117360123,2.028043498478081,-0.3151319615544601,3.197730107030075,3.534480948249617,3.1851834073102583
half1__legacy,ADE_vs_floor2,easy,eu-locality-119,1323,1.8318113704852526,1.8260507200509564,-0.31547045057627177,3.162439136593148,3.6128619279130545,3.1402660145503596
half1__legacy,ADE_vs_floor2,easy,eu-locality-124,739,1.9076924135421507,1.9058066714522863,-0.09894718693723714,3.1221417663897535,3.507418774998558,3.0986216142628464
half1__legacy,ADE_vs_floor2,easy,eu-locality-126,2167,1.4211563937028437,1.4080151506882677,-0.933316875756085,3.038561318845258,3.3925567597744193,2.9735079962850266
half1__legacy,ADE_vs_floor2,hard,eu-locality-007,1057,38.47845406604321,38.572913899883616,0.24488643529906318,79.37656597410016,109.16038099456655,79.37656597410016
half1__legacy,ADE_vs_floor2,hard,eu-locality-074,26162,48.978465010209504,49.16777676894162,0.3850321718262051,117.01334644124366,210.94773282026142,117.59668808153133
half1__legacy,ADE_vs_floor2,hard,eu-locality-082,245,45.06960620094991,45.111436664980744,0.09272696044128059,102.53766462754737,168.16784406720987,102.53766462754737
half1__legacy,ADE_vs_floor2,hard,eu-locality-110,2779,75.52819087705916,76.0455784134452,0.6803650484096591,214.67559519645525,380.302674112872,216.94572294391477
half1__legacy,ADE_vs_floor2,hard,eu-locality-112,1522,57.68318807336972,57.83657797232533,0.2652126116953313,152.53455621945463,273.8161229399875,153.7479339587823
half1__legacy,ADE_vs_floor2,hard,eu-locality-119,1922,67.9692011283764,67.97043281030513,0.0018120848695568625,172.59455039343038,274.8305239891827,172.59455039343038
half1__legacy,ADE_vs_floor2,hard,eu-locality-124,1375,94.8042474194706,95.07143546094684,0.28103924189301077,270.8972803238173,449.04247371181407,271.53074393806423
half1__legacy,ADE_vs_floor2,hard,eu-locality-126,1386,61.09995711312297,61.1098620475687,0.016208405834750028,147.1489911373112,226.69528204190547,147.1489911373112
half1__legacy,ADE_vs_floor2,complete,eu-locality-007,2882,12.789190683385376,12.860941714413276,0.5578987341765762,45.565413951794106,78.38155397781499,45.99839461886456
half1__legacy,ADE_vs_floor2,complete,eu-locality-074,67309,18.375005624371422,18.46005685490267,0.46073114075302346,60.7098477141834,126.45163646009213,60.95247443180517
half1__legacy,ADE_vs_floor2,complete,eu-locality-082,582,10.112568851750755,10.14339935544777,0.3039464642635492,48.10254665421845,88.77064559267427,48.10254665421845
half1__legacy,ADE_vs_floor2,complete,eu-locality-110,5804,27.111900480979326,27.322503187667138,0.7708031187379394,112.51818313817117,258.6419853064315,113.0266767990837
half1__legacy,ADE_vs_floor2,complete,eu-locality-112,2417,20.04185483531753,20.136018418888362,0.46763755183349964,69.45492121836293,157.7201102240589,69.45492121836293
half1__legacy,ADE_vs_floor2,complete,eu-locality-119,3148,27.326109704053888,27.323608731141693,-0.009153157391494915,104.76317870682367,189.81019473810503,104.24025812447158
half1__legacy,ADE_vs_floor2,complete,eu-locality-124,2077,37.22645354301645,37.42188326970895,0.5222338097844781,170.62428443673173,304.18502663239207,173.10971397244984
half1__legacy,ADE_vs_floor2,complete,eu-locality-126,3637,18.36341299631344,18.353969494777527,-0.051452093448234315,79.21251387756419,153.4062776847564,79.21251387756419
half1__legacy,ADE_vs_old_stop4,all,eu-locality-007,5526,12.905171904361737,12.961150220682853,0.43189312189121365,44.614246430327476,77.88662422065293,44.84717682318422
half1__legacy,ADE_vs_old_stop4,all,eu-locality-074,102348,18.776064402032876,18.863154002187642,0.46169161395100966,62.38009691372944,128.1284032841046,62.705569462485954
half1__legacy,ADE_vs_old_stop4,all,eu-locality-082,1368,12.91374197657593,13.29583266729295,2.8737627817544964,48.96376256586186,99.68977167861865,51.425477538041534
half1__legacy,ADE_vs_old_stop4,all,eu-locality-110,8550,29.276673899642688,29.394594283576424,0.40116350236417686,117.95521146890563,259.48904154415425,119.3597312433166
half1__legacy,ADE_vs_old_stop4,all,eu-locality-112,5004,23.835447656032844,23.90808095365577,0.30380229079749466,83.93895508357772,176.10182867858518,84.7327219344217
half1__legacy,ADE_vs_old_stop4,all,eu-locality-119,5639,28.025738271236904,28.251508226866342,0.7991430185477211,111.90042781793977,195.84895015585394,112.76082577567496
half1__legacy,ADE_vs_old_stop4,all,eu-locality-124,3550,41.170782198316246,41.62594498506041,1.0934593482682997,181.76724589119763,334.55067044545154,183.4575493815521
half1__legacy,ADE_vs_old_stop4,all,eu-locality-126,5790,18.799353693454975,18.974798126502012,0.924618179742287,82.36545828867014,153.12419715767248,83.50039592159716
half1__legacy,ADE_vs_old_stop4,easy,eu-locality-007,1784,1.369296120746456,1.356525867278389,-0.9413940254370479,3.077563478876309,3.478719492276529,3.0689285641734325
half1__legacy,ADE_vs_old_stop4,easy,eu-locality-074,17176,1.993158473551832,1.9434107087645942,-2.55981736453752,3.3078326548330828,4.809555791266158,3.3214611677886943
half1__legacy,ADE_vs_old_stop4,easy,eu-locality-082,515,1.5629555800648822,1.5466135774354102,-1.0566312663936595,3.0135421032011274,3.339076289914666,3.0135421032011274
half1__legacy,ADE_vs_old_stop4,easy,eu-locality-110,2009,1.763662824654943,1.7587685994539886,-0.2782756755194571,3.140671234864435,3.457539135812648,3.1277408574043135
half1__legacy,ADE_vs_old_stop4,easy,eu-locality-112,575,2.0344345117360123,2.020394039009353,-0.6949373466546005,3.197730107030075,3.534480948249617,3.1788599791555168
half1__legacy,ADE_vs_old_stop4,easy,eu-locality-119,1323,1.8318113704852526,1.7370171938916548,-5.457296388714417,3.162439136593148,3.6128619279130545,3.1149774940305295
half1__legacy,ADE_vs_old_stop4,easy,eu-locality-124,739,1.9076924135421507,1.8813362831837772,-1.4009260648378596,3.1221417663897535,3.507418774998558,3.117399391382583
half1__legacy,ADE_vs_old_stop4,easy,eu-locality-126,2167,1.4211563937028437,1.3917113642841858,-2.115742543627408,3.038561318845258,3.3925567597744193,2.956847071248013
half1__legacy,ADE_vs_old_stop4,hard,eu-locality-007,1057,38.47845406604321,38.79066369425895,0.8048576602775359,79.37656597410016,109.16038099456655,79.62499588488345
half1__legacy,ADE_vs_old_stop4,hard,eu-locality-074,26162,48.978465010209504,49.305273736656794,0.6628271210759262,117.01334644124366,210.94773282026142,117.35809108251024
half1__legacy,ADE_vs_old_stop4,hard,eu-locality-082,245,45.06960620094991,47.355520002729286,4.827132722114813,102.53766462754737,168.16784406720987,102.84492248432812
half1__legacy,ADE_vs_old_stop4,hard,eu-locality-110,2779,75.52819087705916,76.0053661133276,0.6278178248058763,214.67559519645525,380.302674112872,216.6024960430333
half1__legacy,ADE_vs_old_stop4,hard,eu-locality-112,1522,57.68318807336972,58.033000843471704,0.6027824944732862,152.53455621945463,273.8161229399875,155.91825887565795
half1__legacy,ADE_vs_old_stop4,hard,eu-locality-119,1922,67.9692011283764,68.69758238999611,1.0602720449239378,172.59455039343038,274.8305239891827,173.15048247872713
half1__legacy,ADE_vs_old_stop4,hard,eu-locality-124,1375,94.8042474194706,96.24237575386056,1.4942776745952013,270.8972803238173,449.04247371181407,274.49169803893716
half1__legacy,ADE_vs_old_stop4,hard,eu-locality-126,1386,61.09995711312297,61.890535924154484,1.2773823965595565,147.1489911373112,226.69528204190547,149.0788796981218
half1__legacy,ADE_vs_old_stop4,complete,eu-locality-007,2882,12.789190683385376,12.86054434484334,0.5548261375621699,45.565413951794106,78.38155397781499,46.30062821751765
half1__legacy,ADE_vs_old_stop4,complete,eu-locality-074,67309,18.375005624371422,18.484366806614457,0.5916414848676332,60.7098477141834,126.45163646009213,61.26086495837293
half1__legacy,ADE_vs_old_stop4,complete,eu-locality-082,582,10.112568851750755,10.105575192094681,-0.06920595337853719,48.10254665421845,88.77064559267427,48.02343140325714
half1__legacy,ADE_vs_old_stop4,complete,eu-locality-110,5804,27.111900480979326,27.190717397304425,0.289866998260635,112.51818313817117,258.6419853064315,113.30025239364029
half1__legacy,ADE_vs_old_stop4,complete,eu-locality-112,2417,20.04185483531753,20.146153460739935,0.5177098726347862,69.45492121836293,157.7201102240589,69.68715616447264
half1__legacy,ADE_vs_old_stop4,complete,eu-locality-119,3148,27.326109704053888,27.588506738653948,0.9511099570765014,104.76317870682367,189.81019473810503,106.68215257251505
half1__legacy,ADE_vs_old_stop4,complete,eu-locality-124,2077,37.22645354301645,37.58413964101855,0.9516942556581309,170.62428443673173,304.18502663239207,174.2361940078016
half1__legacy,ADE_vs_old_stop4,complete,eu-locality-126,3637,18.36341299631344,18.511056776738215,0.7975977936079293,79.21251387756419,153.4062776847564,80.6506713700502
half1__legacy,FDE_vs_floor4,endpoint,eu-locality-007,3935,27.652323565741465,27.88430870830449,0.8319558680468075,99.54546990488743,173.0076646494129,100.71081315355305
half1__legacy,FDE_vs_floor4,endpoint,eu-locality-074,81289,38.5248216695913,38.97823989825896,1.163259885133805,133.22576960750513,275.8519031221231,134.86094239197612
half1__legacy,FDE_vs_floor4,endpoint,eu-locality-082,859,23.538204382128512,24.915578504383376,5.528164325032803,112.40241118819065,228.36761182252752,113.0556753805091
half1__legacy,FDE_vs_floor4,endpoint,eu-locality-110,7204,54.685280832372925,55.44003901160984,1.3613954692183072,240.77672752880625,522.0449708546804,246.0589932957891
half1__legacy,FDE_vs_floor4,endpoint,eu-locality-112,3719,46.177776012727904,46.53141297635786,0.7599961853933745,172.18864115322873,392.8712768610905,176.82517521705788
half1__legacy,FDE_vs_floor4,endpoint,eu-locality-119,4147,62.56764176337293,63.35750592966548,1.246678123929612,254.48671940749537,472.64583073725106,263.6199274159857
half1__legacy,FDE_vs_floor4,endpoint,eu-locality-124,2645,80.16283423793944,81.38873930318952,1.5062342478157187,368.6191963943305,714.9459718436315,377.201315538286
half1__legacy,FDE_vs_floor4,endpoint,eu-locality-126,4579,37.38539551615042,37.98212108885768,1.571069639084266,170.7335755322649,344.11080363516277,174.73891138116818
half1__legacy,ADE_vs_CV,easy,eu-locality-007,1784,1.369296120746456,1.4116372489032123,2.9994340394215113,3.077563478876309,3.478719492276529,3.1829165280653378
half1__legacy,ADE_vs_CV,easy,eu-locality-074,17176,1.993158473551832,2.0345987086931556,2.036776832908793,3.3078326548330828,4.809555791266158,3.3227202724286355
half1__legacy,ADE_vs_CV,easy,eu-locality-082,515,1.5629555800648822,1.6292457075972016,4.068761833970614,3.0135421032011274,3.339076289914666,3.1617325949953337
half1__legacy,ADE_vs_CV,easy,eu-locality-110,2009,1.763662824654943,1.8571965321602297,5.036284845766503,3.140671234864435,3.457539135812648,3.2841980969419593
half1__legacy,ADE_vs_CV,easy,eu-locality-112,575,2.0344345117360123,2.120126457156666,4.041831803541395,3.197730107030075,3.534480948249617,3.337428914790469
half1__legacy,ADE_vs_CV,easy,eu-locality-119,1323,1.8318113704852526,1.9039962115564375,3.7912281880107757,3.162439136593148,3.6128619279130545,3.27321556485438
half1__legacy,ADE_vs_CV,easy,eu-locality-124,739,1.9076924135421507,2.0089308960456713,5.039420853290466,3.1221417663897535,3.507418774998558,3.2764853371884692
half1__legacy,ADE_vs_CV,easy,eu-locality-126,2167,1.4211563937028437,1.49949345147157,5.224234736860511,3.038561318845258,3.3925567597744193,3.17156482441628
half0__producer,global,all,eu-locality-007,5526,13.058899268585842,13.065315811192795,0.04911127063194076,45.00724434474006,79.36305724081076,44.985397614414396
half0__producer,global,all,eu-locality-074,102348,19.09018904001832,19.105692551445326,0.08114603218523087,63.23056571635282,129.69093449478666,63.21199611849729
half0__producer,global,all,eu-locality-082,1368,13.35224277719424,13.351719180835351,-0.00392156509432251,51.63995873727773,101.83257521269763,51.63995873727773
half0__producer,global,all,eu-locality-110,8550,29.39589528927169,29.421560400090286,0.08723232374350243,119.34553890275312,264.91095623574716,119.34553890275312
half0__producer,global,all,eu-locality-112,5004,23.905392507244496,23.91335504934764,0.03329746949648493,84.54985488129502,185.7800808901213,84.54985488129502
half0__producer,global,all,eu-locality-119,5639,28.682594481265873,28.692297510059873,0.0338175386289552,114.45336587739244,202.80832216018405,114.45336587739244
half0__producer,global,all,eu-locality-124,3550,41.565457751182564,41.5874670266498,0.05292285642962691,182.80259922586131,336.20062332280685,182.80259922586131
half0__producer,global,all,eu-locality-126,5790,19.209993053983414,19.206684619196302,-0.017225434023138142,84.27867518159785,153.3589935989857,84.27867518159785
half0__producer,global,easy,eu-locality-007,1784,1.3769673195540666,1.3664085065087297,-0.7727420456650647,3.1092839133041323,3.919849163412413,3.1073096707552113
half0__producer,global,easy,eu-locality-074,17176,1.9409480787036713,1.9432769689743101,0.11984345555580145,3.3714473706858117,4.787755032950302,3.3275211401308047
half0__producer,global,easy,eu-locality-082,515,1.5387997397489268,1.536299335227458,-0.16275503504650235,3.0305478831342776,3.420857905192377,3.007097881111193
half0__producer,global,easy,eu-locality-110,2009,1.760899855182554,1.7545860188420233,-0.3598476377178583,3.1411140684175396,3.8034487441245854,3.1280396308640035
half0__producer,global,easy,eu-locality-112,575,2.0384763674068163,2.019182854383951,-0.9555109375545712,3.257952255390649,4.13194123287567,3.196914847975881
half0__producer,global,easy,eu-locality-119,1323,1.7165536503415142,1.7375690168594509,1.209469454969947,3.1299442190811346,3.792102955032281,3.1130605242341036
half0__producer,global,easy,eu-locality-124,739,1.8639673600672315,1.8651701425252285,0.06448647394540208,3.104466541824364,3.4164245256500045,3.104466541824364
half0__producer,global,easy,eu-locality-126,2167,1.4010343121125317,1.3947327056976324,-0.451814630083347,2.988804343669806,3.396027905689025,2.9849823593378524
half0__producer,global,hard,eu-locality-007,1057,39.05668846567955,39.107420336887216,0.1297244123254382,80.47971720089258,112.04683381609054,80.55862777744943
half0__producer,global,hard,eu-locality-074,26162,49.820026152659736,49.84263027242022,0.045350976938696164,117.24010756917868,211.89824771714012,117.24010756917868
half0__producer,global,hard,eu-locality-082,245,47.66219023550678,47.68954197692872,0.05735375155244693,102.84674059840476,169.5400402883042,102.84674059840476
half0__producer,global,hard,eu-locality-110,2779,76.02196203300056,76.0939668028011,0.09462612191994957,217.14304577429462,381.2975959811301,217.68084921801116
half0__producer,global,hard,eu-locality-112,1522,58.04283004460524,58.06049535080559,0.030425689780311238,153.38610121571514,273.8161229399875,153.79209340963874
half0__producer,global,hard,eu-locality-119,1922,69.90499537986634,69.90602955042256,0.0014793724702699684,177.53604680510867,274.8305239891827,177.53604680510867
half0__producer,global,hard,eu-locality-124,1375,96.08874587947554,96.13544404387932,0.048575387431992745,271.53074393806423,454.9614884293962,271.53074393806423
half0__producer,global,hard,eu-locality-126,1386,62.723364381616776,62.714848179928836,-0.013579243090089399,148.67832683339782,231.2736903008077,148.59888619871583
half0__producer,global,complete,eu-locality-007,2882,12.99751830136018,12.989466198201676,-0.061989484676594486,46.74065980246463,79.58424742220402,46.30062821751765
half0__producer,global,complete,eu-locality-074,67309,18.760021116838544,18.78032537166434,0.10811449974360565,61.76196080923624,127.50613173456122,61.76457347952579
half0__producer,global,complete,eu-locality-082,582,10.146134050771005,10.13485358509352,-0.11130368665686063,48.02343140325714,88.77064559267427,48.02343140325714
half0__producer,global,complete,eu-locality-110,5804,27.235425404923824,27.25676600828597,0.07829470068334565,113.30025239364029,261.5364238541321,113.30025239364029
half0__producer,global,complete,eu-locality-112,2417,20.183677473462435,20.178479175748652,-0.025761593173134756,69.45492121836293,157.72654095861347,69.45492121836293
half0__producer,global,complete,eu-locality-119,3148,28.19280185281806,28.208788309696818,0.056671902044302946,112.87662958457898,205.2067029563877,113.34434584338538
half0__producer,global,complete,eu-locality-124,2077,37.42711166422023,37.46316230356013,0.09622956825638962,170.3671774096124,315.79700044017295,170.3671774096124
half0__producer,global,complete,eu-locality-126,3637,18.793908836723556,18.794291115527734,0.0020340155519993353,81.97929742677579,153.4885792234334,81.97929742677579
half0__producer,global,endpoint_FDE,eu-locality-007,3935,28.117654857949614,28.13684750443344,0.06821178698431796,100.0631355130296,176.37171802076864,100.0631355130296
half0__producer,global,endpoint_FDE,eu-locality-074,81289,39.630618853811846,39.668726639124145,0.09606505814763189,136.29803956716916,278.1482189760447,136.27859161862284
half0__producer,global,endpoint_FDE,eu-locality-082,859,24.934206452302213,24.916384604466266,-0.0715266204100562,113.0556753805091,234.87918667739171,113.0556753805091
half0__producer,global,endpoint_FDE,eu-locality-110,7204,55.085726009856465,55.109228074861925,0.04264633315772537,241.0290256771495,564.5845203875991,241.0290256771495
half0__producer,global,endpoint_FDE,eu-locality-112,3719,46.52808008323373,46.53065914868358,0.005542722791884724,178.11929855759314,414.1148860954396,178.11929855759314
half0__producer,global,endpoint_FDE,eu-locality-119,4147,64.79468384579273,64.81846895597344,0.03669495834106584,271.0560737130778,484.5542592170748,271.17386626686124
half0__producer,global,endpoint_FDE,eu-locality-124,2645,80.93037788737328,80.98141669485037,0.06302533292225077,369.6380478107621,730.304686035854,369.6380478107621
half0__producer,global,endpoint_FDE,eu-locality-126,4579,38.647614655627756,38.64374094720854,-0.010024154815924113,178.8463113476712,353.97292963652524,178.8463113476712
half0__producer,placebo,all,eu-locality-007,5526,13.058899268585842,13.064856377249907,0.04559643437365146,45.00724434474006,79.36305724081076,44.985397614414396
half0__producer,placebo,all,eu-locality-074,102348,19.09018904001832,19.10684448220333,0.08717003061663453,63.23056571635282,129.69093449478666,63.23056571635282
half0__producer,placebo,all,eu-locality-082,1368,13.35224277719424,13.372684878413072,0.15286459977704725,51.63995873727773,101.83257521269763,51.63995873727773
half0__producer,placebo,all,eu-locality-110,8550,29.39589528927169,29.411974814607426,0.05466999559564645,119.34553890275312,264.91095623574716,119.34553890275312
half0__producer,placebo,all,eu-locality-112,5004,23.905392507244496,23.913109785076276,0.032272163265845144,84.54985488129502,185.7800808901213,84.54985488129502
half0__producer,placebo,all,eu-locality-119,5639,28.682594481265873,28.691690985204,0.03170431447494515,114.45336587739244,202.80832216018405,114.45336587739244
half0__producer,placebo,all,eu-locality-124,3550,41.565457751182564,41.555912824723215,-0.022968876895101964,182.80259922586131,336.20062332280685,182.38572856518616
half0__producer,placebo,all,eu-locality-126,5790,19.209993053983414,19.208300068972402,-0.008813820093056535,84.27867518159785,153.3589935989857,84.27867518159785
half0__producer,placebo,easy,eu-locality-007,1784,1.3769673195540666,1.3684053870042112,-0.6256868491726353,3.1092839133041323,3.919849163412413,3.1073096707552113
half0__producer,placebo,easy,eu-locality-074,17176,1.9409480787036713,1.944901689203999,0.20328073764724897,3.3714473706858117,4.787755032950302,3.322339951120788
half0__producer,placebo,easy,eu-locality-082,515,1.5387997397489268,1.5268201808942719,-0.7846083647937041,3.0305478831342776,3.420857905192377,3.007097881111193
half0__producer,placebo,easy,eu-locality-110,2009,1.760899855182554,1.7584237608377176,-0.14081328971902174,3.1411140684175396,3.8034487441245854,3.123128741116911
half0__producer,placebo,easy,eu-locality-112,575,2.0384763674068163,2.02429374415629,-0.7006208111578927,3.257952255390649,4.13194123287567,3.196914847975881
half0__producer,placebo,easy,eu-locality-119,1323,1.7165536503415142,1.7342212532813297,1.0187629119633113,3.1299442190811346,3.792102955032281,3.1081550971329137
half0__producer,placebo,easy,eu-locality-124,739,1.8639673600672315,1.8618116928403907,-0.11578331123014429,3.104466541824364,3.4164245256500045,3.1013688967242374
half0__producer,placebo,easy,eu-locality-126,2167,1.4010343121125317,1.3924656666545612,-0.615357754461332,2.988804343669806,3.396027905689025,2.9849823593378524
half0__producer,placebo,hard,eu-locality-007,1057,39.05668846567955,39.07471083925618,0.046122858466612904,80.47971720089258,112.04683381609054,80.55862777744943
half0__producer,placebo,hard,eu-locality-074,26162,49.820026152659736,49.84436896617537,0.0488376400795687,117.24010756917868,211.89824771714012,117.24010756917868
half0__producer,placebo,hard,eu-locality-082,245,47.66219023550678,47.80769501503672,0.3043543084103484,102.84674059840476,169.5400402883042,102.84674059840476
half0__producer,placebo,hard,eu-locality-110,2779,76.02196203300056,76.07208200240014,0.06588483985228155,217.14304577429462,381.2975959811301,217.14304577429462
half0__producer,placebo,hard,eu-locality-112,1522,58.04283004460524,58.057558753075874,0.025369148801579477,153.38610121571514,273.8161229399875,153.79209340963874
half0__producer,placebo,hard,eu-locality-119,1922,69.90499537986634,69.90365378390543,-0.0019192072063356491,177.53604680510867,274.8305239891827,177.53604680510867
half0__producer,placebo,hard,eu-locality-124,1375,96.08874587947554,96.05713111159875,-0.03291246314660601,271.53074393806423,454.9614884293962,271.53074393806423
half0__producer,placebo,hard,eu-locality-126,1386,62.723364381616776,62.72247122478689,-0.0014239822067718677,148.67832683339782,231.2736903008077,148.67832683339782
half0__producer,placebo,complete,eu-locality-007,2882,12.99751830136018,12.990792756535361,-0.051771627420005295,46.74065980246463,79.58424742220402,46.30062821751765
half0__producer,placebo,complete,eu-locality-074,67309,18.760021116838544,18.781682443688563,0.11533219622343882,61.76196080923624,127.50613173456122,61.770427812077855
half0__producer,placebo,complete,eu-locality-082,582,10.146134050771005,10.184471445214312,0.376429887888996,48.02343140325714,88.77064559267427,48.02343140325714
half0__producer,placebo,complete,eu-locality-110,5804,27.235425404923824,27.246489913671958,0.040608932685237686,113.30025239364029,261.5364238541321,113.30025239364029
half0__producer,placebo,complete,eu-locality-112,2417,20.183677473462435,20.176934848002706,-0.03341749136092087,69.45492121836293,157.72654095861347,69.45492121836293
half0__producer,placebo,complete,eu-locality-119,3148,28.19280185281806,28.204849909417362,0.042716258508712635,112.87662958457898,205.2067029563877,113.34434584338538
half0__producer,placebo,complete,eu-locality-124,2077,37.42711166422023,37.41006126924756,-0.045577030334054136,170.3671774096124,315.79700044017295,169.68408507779915
half0__producer,placebo,complete,eu-locality-126,3637,18.793908836723556,18.7965034312304,0.01380360191104435,81.97929742677579,153.4885792234334,81.97929742677579
half0__producer,placebo,endpoint_FDE,eu-locality-007,3935,28.117654857949614,28.14115036166436,0.08349162494348805,100.0631355130296,176.37171802076864,100.0631355130296
half0__producer,placebo,endpoint_FDE,eu-locality-074,81289,39.630618853811846,39.669521589340405,0.09806706501601647,136.29803956716916,278.1482189760447,136.26583277096796
half0__producer,placebo,endpoint_FDE,eu-locality-082,859,24.934206452302213,24.94861816299325,0.057765566801659674,113.0556753805091,234.87918667739171,113.0556753805091
half0__producer,placebo,endpoint_FDE,eu-locality-110,7204,55.085726009856465,55.098588591399,0.02334466611826347,241.0290256771495,564.5845203875991,241.0290256771495
half0__producer,placebo,endpoint_FDE,eu-locality-112,3719,46.52808008323373,46.530686793058585,0.0056021305605225,178.11929855759314,414.1148860954396,178.11929855759314
half0__producer,placebo,endpoint_FDE,eu-locality-119,4147,64.79468384579273,64.81170773969531,0.026266695472598744,271.0560737130778,484.5542592170748,271.17386626686124
half0__producer,placebo,endpoint_FDE,eu-locality-124,2645,80.93037788737328,80.92207226219782,-0.01026373267920544,369.6380478107621,730.304686035854,368.6268942683511
half0__producer,placebo,endpoint_FDE,eu-locality-126,4579,38.647614655627756,38.650183836158305,0.006647266003811936,178.8463113476712,353.97292963652524,178.8463113476712
half0__producer,wrong_tag,all,eu-locality-007,5526,13.058899268585842,13.062638403016459,0.02862464928795605,45.00724434474006,79.36305724081076,45.00724434474006
half0__producer,wrong_tag,all,eu-locality-074,102348,19.09018904001832,19.11641009263568,0.13716515020495423,63.23056571635282,129.69093449478666,63.245802980608474
half0__producer,wrong_tag,all,eu-locality-082,1368,13.35224277719424,13.400483481851333,0.3599922698492741,51.63995873727773,101.83257521269763,51.63995873727773
half0__producer,wrong_tag,all,eu-locality-110,8550,29.39589528927169,29.416691349753886,0.07069476385002105,119.34553890275312,264.91095623574716,119.34553890275312
half0__producer,wrong_tag,all,eu-locality-112,5004,23.905392507244496,23.916612107795384,0.0469113288300127,84.54985488129502,185.7800808901213,84.54985488129502
half0__producer,wrong_tag,all,eu-locality-119,5639,28.682594481265873,28.699337030384307,0.05833775567953836,114.45336587739244,202.80832216018405,114.45336587739244
half0__producer,wrong_tag,all,eu-locality-124,3550,41.565457751182564,41.59216293513424,0.06420724979685488,182.80259922586131,336.20062332280685,182.80259922586131
half0__producer,wrong_tag,all,eu-locality-126,5790,19.209993053983414,19.206863662029317,-0.016293091934027615,84.27867518159785,153.3589935989857,84.27867518159785
half0__producer,wrong_tag,easy,eu-locality-007,1784,1.3769673195540666,1.3678929900763537,-0.6633800701914883,3.1092839133041323,3.919849163412413,3.103270333026861
half0__producer,wrong_tag,easy,eu-locality-074,17176,1.9409480787036713,1.9473868368747118,0.33063580635955825,3.3714473706858117,4.787755032950302,3.3016530360405256
half0__producer,wrong_tag,easy,eu-locality-082,515,1.5387997397489268,1.5483643360245503,0.6177225897737171,3.0305478831342776,3.420857905192377,3.0135421032011274
half0__producer,wrong_tag,easy,eu-locality-110,2009,1.760899855182554,1.75197286074399,-0.509539539029924,3.1411140684175396,3.8034487441245854,3.1049167252293506
half0__producer,wrong_tag,easy,eu-locality-112,575,2.0384763674068163,2.020918578453945,-0.8688023921430421,3.257952255390649,4.13194123287567,3.1780176558709265
half0__producer,wrong_tag,easy,eu-locality-119,1323,1.7165536503415142,1.7633217960468246,2.6522751440014813,3.1299442190811346,3.792102955032281,3.1149774940305295
half0__producer,wrong_tag,easy,eu-locality-124,739,1.8639673600672315,1.8617200159719645,-0.12071332294796289,3.104466541824364,3.4164245256500045,3.077357501930087
half0__producer,wrong_tag,easy,eu-locality-126,2167,1.4010343121125317,1.400834076387115,-0.014294035874184985,2.988804343669806,3.396027905689025,2.980678864915554
half0__producer,wrong_tag,hard,eu-locality-007,1057,39.05668846567955,39.09891207735238,0.10799178143191535,80.47971720089258,112.04683381609054,80.47971720089258
half0__producer,wrong_tag,hard,eu-locality-074,26162,49.820026152659736,49.877947263513306,0.11612569087409153,117.24010756917868,211.89824771714012,117.27812845418275
half0__producer,wrong_tag,hard,eu-locality-082,245,47.66219023550678,47.81789814300542,0.32562683335218834,102.84674059840476,169.5400402883042,102.89538275989119
half0__producer,wrong_tag,hard,eu-locality-110,2779,76.02196203300056,76.08917073855655,0.08832887111743792,217.14304577429462,381.2975959811301,217.68084921801116
half0__producer,wrong_tag,hard,eu-locality-112,1522,58.04283004460524,58.05958085598035,0.028851071826818675,153.38610121571514,273.8161229399875,153.79209340963874
half0__producer,wrong_tag,hard,eu-locality-119,1922,69.90499537986634,69.90511822806165,0.0001757356234199925,177.53604680510867,274.8305239891827,177.53604680510867
half0__producer,wrong_tag,hard,eu-locality-124,1375,96.08874587947554,96.13252457572001,0.04553994232200376,271.53074393806423,454.9614884293962,271.53074393806423
half0__producer,wrong_tag,hard,eu-locality-126,1386,62.723364381616776,62.69442792281028,-0.0461547537240925,148.67832683339782,231.2736903008077,148.59888619871583
half0__producer,wrong_tag,complete,eu-locality-007,2882,12.99751830136018,12.981785232108262,-0.12119341809018191,46.74065980246463,79.58424742220402,46.30062821751765
half0__producer,wrong_tag,complete,eu-locality-074,67309,18.760021116838544,18.793114631013662,0.17609382385452843,61.76196080923624,127.50613173456122,61.770427812077855
half0__producer,wrong_tag,complete,eu-locality-082,582,10.146134050771005,10.214863290538364,0.67283562992978,48.02343140325714,88.77064559267427,48.02343140325714
half0__producer,wrong_tag,complete,eu-locality-110,5804,27.235425404923824,27.255092636532385,0.0721598413582325,113.30025239364029,261.5364238541321,113.30025239364029
half0__producer,wrong_tag,complete,eu-locality-112,2417,20.183677473462435,20.180811871958873,-0.014199634394018723,69.45492121836293,157.72654095861347,69.45492121836293
half0__producer,wrong_tag,complete,eu-locality-119,3148,28.19280185281806,28.21952553332001,0.09469925520326772,112.87662958457898,205.2067029563877,112.87662958457898
half0__producer,wrong_tag,complete,eu-locality-124,2077,37.42711166422023,37.46834388588601,0.1100454874423007,170.3671774096124,315.79700044017295,171.50287382770406
half0__producer,wrong_tag,complete,eu-locality-126,3637,18.793908836723556,18.792938732702076,-0.005162066642583341,81.97929742677579,153.4885792234334,81.97929742677579
half0__producer,wrong_tag,endpoint_FDE,eu-locality-007,3935,28.117654857949614,28.120609549104973,0.010507208779386712,100.0631355130296,176.37171802076864,100.0631355130296
half0__producer,wrong_tag,endpoint_FDE,eu-locality-074,81289,39.630618853811846,39.70824645126247,0.19549490191137497,136.29803956716916,278.1482189760447,136.38114176936858
half0__producer,wrong_tag,endpoint_FDE,eu-locality-082,859,24.934206452302213,25.02477150442436,0.36190161459070946,113.0556753805091,234.87918667739171,113.0556753805091
half0__producer,wrong_tag,endpoint_FDE,eu-locality-110,7204,55.085726009856465,55.09816621464373,0.022578255578964423,241.0290256771495,564.5845203875991,241.0290256771495
half0__producer,wrong_tag,endpoint_FDE,eu-locality-112,3719,46.52808008323373,46.53505963390631,0.014998477980865399,178.11929855759314,414.1148860954396,179.1309151569068
half0__producer,wrong_tag,endpoint_FDE,eu-locality-119,4147,64.79468384579273,64.84574598213602,0.07874400328027331,271.0560737130778,484.5542592170748,271.0560737130778
half0__producer,wrong_tag,endpoint_FDE,eu-locality-124,2645,80.93037788737328,80.99862428874029,0.08425624751813299,369.6380478107621,730.304686035854,369.6380478107621
half0__producer,wrong_tag,endpoint_FDE,eu-locality-126,4579,38.647614655627756,38.6566637046374,0.023408768741106645,178.8463113476712,353.97292963652524,178.8463113476712
half0__producer,legacy,all,eu-locality-007,5526,13.058899268585842,13.062828833056722,0.030082032927936098,45.00724434474006,79.36305724081076,45.00724434474006
half0__producer,legacy,all,eu-locality-074,102348,19.09018904001832,19.11086445599805,0.10818671247099232,63.23056571635282,129.69093449478666,63.251568897989344
half0__producer,legacy,all,eu-locality-082,1368,13.35224277719424,13.377653703133136,0.18995054366629516,51.63995873727773,101.83257521269763,51.63995873727773
half0__producer,legacy,all,eu-locality-110,8550,29.39589528927169,29.40751587491193,0.03951569962478141,119.34553890275312,264.91095623574716,119.34553890275312
half0__producer,legacy,all,eu-locality-112,5004,23.905392507244496,23.913831050392464,0.035287290983132547,84.54985488129502,185.7800808901213,84.54985488129502
half0__producer,legacy,all,eu-locality-119,5639,28.682594481265873,28.69150386804876,0.03105235202678358,114.45336587739244,202.80832216018405,114.45336587739244
half0__producer,legacy,all,eu-locality-124,3550,41.565457751182564,41.5806594146783,0.03655945747308431,182.80259922586131,336.20062332280685,182.80259922586131
half0__producer,legacy,all,eu-locality-126,5790,19.209993053983414,19.205167087987572,-0.025128477006908234,84.27867518159785,153.3589935989857,84.27867518159785
half0__producer,legacy,easy,eu-locality-007,1784,1.3769673195540666,1.3709270754318181,-0.4405955816684015,3.1092839133041323,3.919849163412413,3.1092839133041323
half0__producer,legacy,easy,eu-locality-074,17176,1.9409480787036713,1.9442012809057538,0.16732846717223415,3.3714473706858117,4.787755032950302,3.3234841769057737
half0__producer,legacy,easy,eu-locality-082,515,1.5387997397489268,1.5320992013809926,-0.4373436368803274,3.0305478831342776,3.420857905192377,3.007097881111193
half0__producer,legacy,easy,eu-locality-110,2009,1.760899855182554,1.758922272970597,-0.11243147251853713,3.1411140684175396,3.8034487441245854,3.124106928875831
half0__producer,legacy,easy,eu-locality-112,575,2.0384763674068163,2.022388699231256,-0.7954785438464729,3.257952255390649,4.13194123287567,3.19408105448369
half0__producer,legacy,easy,eu-locality-119,1323,1.7165536503415142,1.7299818948997223,0.7762072307113121,3.1299442190811346,3.792102955032281,3.1081550971329137
half0__producer,legacy,easy,eu-locality-124,739,1.8639673600672315,1.8737524021092287,0.5222163841381855,3.104466541824364,3.4164245256500045,3.1013688967242374
half0__producer,legacy,easy,eu-locality-126,2167,1.4010343121125317,1.3910531812015445,-0.7175233158494887,2.988804343669806,3.396027905689025,2.9901609366628152
half0__producer,legacy,hard,eu-locality-007,1057,39.05668846567955,39.10024243526424,0.11139053589450665,80.47971720089258,112.04683381609054,80.55862777744943
half0__producer,legacy,hard,eu-locality-074,26162,49.820026152659736,49.86209402325738,0.08436843943622208,117.24010756917868,211.89824771714012,117.27812845418275
half0__producer,legacy,hard,eu-locality-082,245,47.66219023550678,47.81988643967502,0.32977118079771106,102.84674059840476,169.5400402883042,102.89538275989119
half0__producer,legacy,hard,eu-locality-110,2779,76.02196203300056,76.05353557566701,0.041514891355753925,217.14304577429462,381.2975959811301,217.14304577429462
half0__producer,legacy,hard,eu-locality-112,1522,58.04283004460524,58.05797865370177,0.02609220893976527,153.38610121571514,273.8161229399875,153.79209340963874
half0__producer,legacy,hard,eu-locality-119,1922,69.90499537986634,69.9052997777041,0.0004354431477060494,177.53604680510867,274.8305239891827,177.53604680510867
half0__producer,legacy,hard,eu-locality-124,1375,96.08874587947554,96.12243927933521,0.03505258513234466,271.53074393806423,454.9614884293962,271.53074393806423
half0__producer,legacy,hard,eu-locality-126,1386,62.723364381616776,62.70787098000061,-0.02470726780232635,148.67832683339782,231.2736903008077,148.59888619871583
half0__producer,legacy,complete,eu-locality-007,2882,12.99751830136018,12.989051782818539,-0.06518196003222343,46.74065980246463,79.58424742220402,46.555270821648136
half0__producer,legacy,complete,eu-locality-074,67309,18.760021116838544,18.786497980155062,0.1409355982391558,61.76196080923624,127.50613173456122,61.78579172670162
half0__producer,legacy,complete,eu-locality-082,582,10.146134050771005,10.19833601923712,0.5118675082645407,48.02343140325714,88.77064559267427,48.02343140325714
half0__producer,legacy,complete,eu-locality-110,5804,27.235425404923824,27.23919852732021,0.013851811361487165,113.30025239364029,261.5364238541321,113.30025239364029
half0__producer,legacy,complete,eu-locality-112,2417,20.183677473462435,20.179185926778434,-0.022258314583645245,69.45492121836293,157.72654095861347,69.45492121836293
half0__producer,legacy,complete,eu-locality-119,3148,28.19280185281806,28.206672119665978,0.04917370893338102,112.87662958457898,205.2067029563877,112.87662958457898
half0__producer,legacy,complete,eu-locality-124,2077,37.42711166422023,37.45204121299889,0.06656392541299905,170.3671774096124,315.79700044017295,169.68408507779915
half0__producer,legacy,complete,eu-locality-126,3637,18.793908836723556,18.791988646477026,-0.010218132219286247,81.97929742677579,153.4885792234334,81.97929742677579
half0__producer,legacy,endpoint_FDE,eu-locality-007,3935,28.117654857949614,28.135641103866007,0.06392690982229832,100.0631355130296,176.37171802076864,100.0631355130296
half0__producer,legacy,endpoint_FDE,eu-locality-074,81289,39.630618853811846,39.68097604733195,0.12690512819049093,136.29803956716916,278.1482189760447,136.29803956716916
half0__producer,legacy,endpoint_FDE,eu-locality-082,859,24.934206452302213,24.964779577376355,0.12246503110264761,113.0556753805091,234.87918667739171,113.0556753805091
half0__producer,legacy,endpoint_FDE,eu-locality-110,7204,55.085726009856465,55.1361421558526,0.09143937900774057,241.0290256771495,564.5845203875991,241.0290256771495
half0__producer,legacy,endpoint_FDE,eu-locality-112,3719,46.52808008323373,46.52858953513289,0.0010949222923883895,178.11929855759314,414.1148860954396,178.11929855759314
half0__producer,legacy,endpoint_FDE,eu-locality-119,4147,64.79468384579273,64.81220070930245,0.02702710804139974,271.0560737130778,484.5542592170748,271.0560737130778
half0__producer,legacy,endpoint_FDE,eu-locality-124,2645,80.93037788737328,80.87852902324641,-0.0641070810177169,369.6380478107621,730.304686035854,369.6380478107621
half0__producer,legacy,endpoint_FDE,eu-locality-126,4579,38.647614655627756,38.64911364942173,0.0038784687472315227,178.8463113476712,353.97292963652524,178.8463113476712
half1__producer,global,all,eu-locality-007,5526,12.92311852307652,12.905787555680782,-0.13428833630622083,44.7175816722999,77.73384003447858,44.57032253839725
half1__producer,global,all,eu-locality-074,102348,18.791735518550055,18.779034377827454,-0.06763468486750135,62.39974650708442,128.33714581615484,62.39974650708442
half1__producer,global,all,eu-locality-082,1368,12.921944172842847,12.908304056774169,-0.1056693118529406,48.96376256586186,99.68977167861865,48.96376256586186
half1__producer,global,all,eu-locality-110,8550,29.298660262772188,29.26677441923074,-0.10894895038551233,118.2161185776719,259.48904154415425,117.731149034887
half1__producer,global,all,eu-locality-112,5004,23.8486731361615,23.841360289470387,-0.030672942325127295,83.96248465505984,176.10182867858518,84.00189276198003
half1__producer,global,all,eu-locality-119,5639,28.02112163553674,28.024501432809675,0.01206015129666671,111.90042781793977,195.84895015585394,111.90042781793977
half1__producer,global,all,eu-locality-124,3550,41.1927402783174,41.170472864938155,-0.05408588201620823,181.76724589119763,334.55067044545154,181.76724589119763
half1__producer,global,all,eu-locality-126,5790,18.794570164466794,18.798874381452315,0.02289614206777424,82.22639820132775,153.12653237687047,82.22639820132775
half1__producer,global,easy,eu-locality-007,1784,1.3760759300540921,1.3696236906282282,-0.4710957812729122,3.069704794506349,3.4628285170517086,3.081336394780203
half1__producer,global,easy,eu-locality-074,17176,1.9928026385875541,1.9925606033336565,-0.01214694566844532,3.3041435965634576,4.779248291725759,3.3064355801243863
half1__producer,global,easy,eu-locality-082,515,1.5609965467789602,1.556026905106178,-0.3193801891518744,3.0267587675843264,3.334670766553539,3.006103213767796
half1__producer,global,easy,eu-locality-110,2009,1.7599226604824327,1.7639406793174595,0.22778650564266867,3.127675252826486,3.3845695819184494,3.1287880650579716
half1__producer,global,easy,eu-locality-112,575,2.0259481743269117,2.039009297794379,0.6405622319425319,3.182811271930035,3.4257600665790715,3.205611614131603
half1__producer,global,easy,eu-locality-119,1323,1.8289153665305344,1.8320365296627268,0.1703657695497407,3.1446790575108015,3.6062998511164115,3.162439136593148
half1__producer,global,easy,eu-locality-124,739,1.8976485221003139,1.907000562144932,0.49040573087714145,3.0967871616101887,3.392610952780432,3.119163130876723
half1__producer,global,easy,eu-locality-126,2167,1.4141444757960993,1.4200503467690428,0.415891660910539,3.0054183536197034,3.343944415171016,3.0382502321574583
half1__producer,global,hard,eu-locality-007,1057,38.515572938316225,38.486981964916694,-0.07428738742256691,79.37656597410016,109.16038099456655,79.37656597410016
half1__producer,global,hard,eu-locality-074,26162,49.02291119284273,48.990325199456876,-0.06651516039786198,116.98156890250854,211.25703619472137,117.01334644124366
half1__producer,global,hard,eu-locality-082,245,45.09477310964454,45.06350653520782,-0.06938335882116231,102.53766462754737,168.16784406720987,102.53766462754737
half1__producer,global,hard,eu-locality-110,2779,75.5964701642081,75.5059979849614,-0.11982118197380043,216.4545636404931,380.302674112872,214.67559519645525
half1__producer,global,hard,eu-locality-112,1522,57.71862945306409,57.69608588216055,-0.03907296406480132,152.53455621945463,273.8161229399875,152.53455621945463
half1__producer,global,hard,eu-locality-119,1922,67.96984041225197,67.97511870712162,0.007765039576312915,172.59455039343038,274.8305239891827,172.59455039343038
half1__producer,global,hard,eu-locality-124,1375,94.84836896628715,94.81139925754069,-0.03899289435234099,270.8972803238173,449.04247371181407,270.8972803238173
half1__producer,global,hard,eu-locality-126,1386,61.110821203458315,61.09826766662705,-0.020546469336513162,147.1489911373112,226.69528204190547,147.1489911373112
half1__producer,global,complete,eu-locality-007,2882,12.818182502416402,12.789112515064405,-0.22730261632897264,45.58911682500362,78.38155397781499,45.47448265068489
half1__producer,global,complete,eu-locality-074,67309,18.39508043799813,18.378647632041996,-0.08941248717062589,60.7422291983778,126.7341619594594,60.70567613888656
half1__producer,global,complete,eu-locality-082,582,10.1266183187556,10.104564547217555,-0.21825553624790217,48.10254665421845,88.77064559267427,48.10254665421845
half1__producer,global,complete,eu-locality-110,5804,27.143258816822453,27.09742595977151,-0.16914099929263848,112.94152275923535,258.6419853064315,112.4389983737293
half1__producer,global,complete,eu-locality-112,2417,20.0615664947913,20.051136570814688,-0.052016622298567405,69.45492121836293,157.7201102240589,69.45492121836293
half1__producer,global,complete,eu-locality-119,3148,27.319505361591748,27.323761783869866,0.01557773161611209,104.76317870682367,189.81019473810503,104.76317870682367
half1__producer,global,complete,eu-locality-124,2077,37.25810471250605,37.22899639295794,-0.07818722600219097,171.50287382770406,304.2066124590029,170.62428443673173
half1__producer,global,complete,eu-locality-126,3637,18.35983009892106,18.36377288510669,0.02147045822391558,79.21251387756419,153.4885792234334,79.21251387756419
half1__producer,global,endpoint_FDE,eu-locality-007,3935,27.706150005579115,27.651584566045837,-0.19733205307981283,99.61743889382252,172.03509423307665,99.1243734361463
half1__producer,global,endpoint_FDE,eu-locality-074,81289,38.56553119942683,38.52965461106529,-0.09311422259994373,133.46614221911614,275.96578227502516,133.38798434637587
half1__producer,global,endpoint_FDE,eu-locality-082,859,23.567468289415704,23.523788790919188,-0.18568224228139307,112.40241118819065,228.36761182252752,112.40241118819065
half1__producer,global,endpoint_FDE,eu-locality-110,7204,54.74186387225309,54.65329498185348,-0.162055902446534,241.0290256771495,522.3464241323134,239.70285568891754
half1__producer,global,endpoint_FDE,eu-locality-112,3719,46.201650707808106,46.195679261173694,-0.012926418076131263,172.18864115322873,392.8712768610905,172.18864115322873
half1__producer,global,endpoint_FDE,eu-locality-119,4147,62.544756623440456,62.55508304294192,0.016507722472958175,254.48671940749537,472.64583073725106,254.48671940749537
half1__producer,global,endpoint_FDE,eu-locality-124,2645,80.2240893438298,80.1496876465964,-0.09282843067519586,369.1876895580035,714.9459718436315,368.6191963943305
half1__producer,global,endpoint_FDE,eu-locality-126,4579,37.36186467944013,37.383538572286575,0.05797710349043639,170.23777779488478,344.11080363516277,170.7335755322649
half1__producer,placebo,all,eu-locality-007,5526,12.92311852307652,12.901777262524512,-0.1654133389358492,44.7175816722999,77.73384003447858,44.558128930674414
half1__producer,placebo,all,eu-locality-074,102348,18.791735518550055,18.77804553820655,-0.07290418119207942,62.39974650708442,128.33714581615484,62.39444369079962
half1__producer,placebo,all,eu-locality-082,1368,12.921944172842847,12.908246220006744,-0.10611784593070883,48.96376256586186,99.68977167861865,48.96376256586186
half1__producer,placebo,all,eu-locality-110,8550,29.298660262772188,29.28496453828275,-0.04676708579085531,118.2161185776719,259.48904154415425,117.95521146890563
half1__producer,placebo,all,eu-locality-112,5004,23.8486731361615,23.83946443083147,-0.03862798745646323,83.96248465505984,176.10182867858518,83.96248465505984
half1__producer,placebo,all,eu-locality-119,5639,28.02112163553674,28.02459208212408,0.012383575743657449,111.90042781793977,195.84895015585394,111.90042781793977
half1__producer,placebo,all,eu-locality-124,3550,41.1927402783174,41.16166525521243,-0.07549505811366153,181.76724589119763,334.55067044545154,181.76724589119763
half1__producer,placebo,all,eu-locality-126,5790,18.794570164466794,18.797469626246585,0.01542474512495895,82.22639820132775,153.12653237687047,82.36545828867014
half1__producer,placebo,easy,eu-locality-007,1784,1.3760759300540921,1.3691711373917743,-0.5043045733107654,3.069704794506349,3.4628285170517086,3.085555306142206
half1__producer,placebo,easy,eu-locality-074,17176,1.9928026385875541,1.9931856360536362,0.019215343475997848,3.3041435965634576,4.779248291725759,3.3120545781699957
half1__producer,placebo,easy,eu-locality-082,515,1.5609965467789602,1.55617835521233,-0.30961692472406543,3.0267587675843264,3.334670766553539,3.006103213767796
half1__producer,placebo,easy,eu-locality-110,2009,1.7599226604824327,1.7645206555812796,0.26058040659955317,3.127675252826486,3.3845695819184494,3.1287880650579716
half1__producer,placebo,easy,eu-locality-112,575,2.0259481743269117,2.036998647146544,0.5424879802994442,3.182811271930035,3.4257600665790715,3.2091853251525158
half1__producer,placebo,easy,eu-locality-119,1323,1.8289153665305344,1.8315636521188974,0.14459151257447678,3.1446790575108015,3.6062998511164115,3.162439136593148
half1__producer,placebo,easy,eu-locality-124,739,1.8976485221003139,1.90558076329884,0.4162637108486633,3.0967871616101887,3.392610952780432,3.1221417663897535
half1__producer,placebo,easy,eu-locality-126,2167,1.4141444757960993,1.419858623521711,0.4024448371795497,3.0054183536197034,3.343944415171016,3.0278271549962703
half1__producer,placebo,hard,eu-locality-007,1057,38.515572938316225,38.46192998339594,-0.13947026304568233,79.37656597410016,109.16038099456655,79.37656597410016
half1__producer,placebo,hard,eu-locality-074,26162,49.02291119284273,48.98523251880467,-0.07691843459882719,116.98156890250854,211.25703619472137,117.01334644124366
half1__producer,placebo,hard,eu-locality-082,245,45.09477310964454,45.06350653520782,-0.06938335882116231,102.53766462754737,168.16784406720987,102.53766462754737
half1__producer,placebo,hard,eu-locality-110,2779,75.5964701642081,75.55857667983632,-0.05015113576363195,216.4545636404931,380.302674112872,216.4545636404931
half1__producer,placebo,hard,eu-locality-112,1522,57.71862945306409,57.692875161455525,-0.04464033303330783,152.53455621945463,273.8161229399875,152.53455621945463
half1__producer,placebo,hard,eu-locality-119,1922,67.96984041225197,67.97347658733796,0.005349402838494832,172.59455039343038,274.8305239891827,172.59455039343038
half1__producer,placebo,hard,eu-locality-124,1375,94.84836896628715,94.78799365709604,-0.06369510194459416,270.8972803238173,449.04247371181407,270.8972803238173
half1__producer,placebo,hard,eu-locality-126,1386,61.110821203458315,61.10047764877257,-0.016928762398893404,147.1489911373112,226.69528204190547,147.1489911373112
half1__producer,placebo,complete,eu-locality-007,2882,12.818182502416402,12.78570714699238,-0.25399733507631694,45.58911682500362,78.38155397781499,45.47448265068489
half1__producer,placebo,complete,eu-locality-074,67309,18.39508043799813,18.37719479092217,-0.09732522988106229,60.7422291983778,126.7341619594594,60.70567613888656
half1__producer,placebo,complete,eu-locality-082,582,10.1266183187556,10.103346099188128,-0.23034170401567966,48.10254665421845,88.77064559267427,48.10254665421845
half1__producer,placebo,complete,eu-locality-110,5804,27.143258816822453,27.12296462008399,-0.07482292965657056,112.94152275923535,258.6419853064315,112.51818313817117
half1__producer,placebo,complete,eu-locality-112,2417,20.0615664947913,20.050609705651098,-0.05464566564832296,69.45492121836293,157.7201102240589,69.45492121836293
half1__producer,placebo,complete,eu-locality-119,3148,27.319505361591748,27.322980985390668,0.012720514649477987,104.76317870682367,189.81019473810503,104.76317870682367
half1__producer,placebo,complete,eu-locality-124,2077,37.25810471250605,37.217206042108806,-0.10989183430634153,171.50287382770406,304.2066124590029,170.62428443673173
half1__producer,placebo,complete,eu-locality-126,3637,18.35983009892106,18.36094784692766,0.006087637827423276,79.21251387756419,153.4885792234334,79.21251387756419
half1__producer,placebo,endpoint_FDE,eu-locality-007,3935,27.706150005579115,27.646486425184847,-0.21580890778192252,99.61743889382252,172.03509423307665,99.1243734361463
half1__producer,placebo,endpoint_FDE,eu-locality-074,81289,38.56553119942683,38.52691490913813,-0.10023198166728697,133.46614221911614,275.96578227502516,133.34148539063503
half1__producer,placebo,endpoint_FDE,eu-locality-082,859,23.567468289415704,23.523241540109698,-0.18801298805095623,112.40241118819065,228.36761182252752,112.40241118819065
half1__producer,placebo,endpoint_FDE,eu-locality-110,7204,54.74186387225309,54.717386845021544,-0.04473354566598697,241.0290256771495,522.3464241323134,240.26902101716573
half1__producer,placebo,endpoint_FDE,eu-locality-112,3719,46.201650707808106,46.189757676162024,-0.02574820099612296,172.18864115322873,392.8712768610905,172.18864115322873
half1__producer,placebo,endpoint_FDE,eu-locality-119,4147,62.544756623440456,62.55991526549077,0.024230598756391775,254.48671940749537,472.64583073725106,254.48671940749537
half1__producer,placebo,endpoint_FDE,eu-locality-124,2645,80.2240893438298,80.14663561579515,-0.09664002417513196,369.1876895580035,714.9459718436315,368.6191963943305
half1__producer,placebo,endpoint_FDE,eu-locality-126,4579,37.36186467944013,37.378961504125016,0.045739164484270844,170.23777779488478,344.11080363516277,170.7335755322649
half1__producer,wrong_tag,all,eu-locality-007,5526,12.92311852307652,12.888115161228976,-0.271594111393747,44.7175816722999,77.73384003447858,44.57032253839725
half1__producer,wrong_tag,all,eu-locality-074,102348,18.791735518550055,18.76721996386114,-0.13062965498418233,62.39974650708442,128.33714581615484,62.38009691372944
half1__producer,wrong_tag,all,eu-locality-082,1368,12.921944172842847,12.903680834110718,-0.14153588396150774,48.96376256586186,99.68977167861865,48.96376256586186
half1__producer,wrong_tag,all,eu-locality-110,8550,29.298660262772188,29.254904715546846,-0.14956653474276216,118.2161185776719,259.48904154415425,117.731149034887
half1__producer,wrong_tag,all,eu-locality-112,5004,23.8486731361615,23.826025338876224,-0.09505486946799202,83.96248465505984,176.10182867858518,83.96248465505984
half1__producer,wrong_tag,all,eu-locality-119,5639,28.02112163553674,28.0280247974512,0.024629498383654802,111.90042781793977,195.84895015585394,111.90042781793977
half1__producer,wrong_tag,all,eu-locality-124,3550,41.1927402783174,41.15488063479271,-0.09199308305776199,181.76724589119763,334.55067044545154,181.76724589119763
half1__producer,wrong_tag,all,eu-locality-126,5790,18.794570164466794,18.798696473250562,0.021949972912427285,82.22639820132775,153.12653237687047,82.22639820132775
half1__producer,wrong_tag,easy,eu-locality-007,1784,1.3760759300540921,1.370750232138812,-0.3885243124832627,3.069704794506349,3.4628285170517086,3.086077457924718
half1__producer,wrong_tag,easy,eu-locality-074,17176,1.9928026385875541,1.9939410563359394,0.057093851634570925,3.3041435965634576,4.779248291725759,3.3165437731876297
half1__producer,wrong_tag,easy,eu-locality-082,515,1.5609965467789602,1.556724857091736,-0.27440235618800823,3.0267587675843264,3.334670766553539,3.012472129326378
half1__producer,wrong_tag,easy,eu-locality-110,2009,1.7599226604824327,1.7625632895275676,0.14981754475565934,3.127675252826486,3.3845695819184494,3.1287880650579716
half1__producer,wrong_tag,easy,eu-locality-112,575,2.0259481743269117,2.0424600903932957,0.8084327397165691,3.182811271930035,3.4257600665790715,3.236767465437275
half1__producer,wrong_tag,easy,eu-locality-119,1323,1.8289153665305344,1.8303737671353821,0.07967774839399144,3.1446790575108015,3.6062998511164115,3.1639745068439846
half1__producer,wrong_tag,easy,eu-locality-124,739,1.8976485221003139,1.9034601434980487,0.305318785769515,3.0967871616101887,3.392610952780432,3.116417487482384
half1__producer,wrong_tag,easy,eu-locality-126,2167,1.4141444757960993,1.4194376824766888,0.3729087050411195,3.0054183536197034,3.343944415171016,3.031037464034907
half1__producer,wrong_tag,hard,eu-locality-007,1057,38.515572938316225,38.40637595230399,-0.2843199424695575,79.37656597410016,109.16038099456655,78.21466331403964
half1__producer,wrong_tag,hard,eu-locality-074,26162,49.02291119284273,48.94749289753422,-0.154079996428802,116.98156890250854,211.25703619472137,117.01334644124366
half1__producer,wrong_tag,hard,eu-locality-082,245,45.09477310964454,45.0370368940775,-0.12819718957717274,102.53766462754737,168.16784406720987,102.53766462754737
half1__producer,wrong_tag,hard,eu-locality-110,2779,75.5964701642081,75.47707818841721,-0.15818309168360578,216.4545636404931,380.302674112872,214.67559519645525
half1__producer,wrong_tag,hard,eu-locality-112,1522,57.71862945306409,57.664105231833446,-0.09455487258742679,152.53455621945463,273.8161229399875,152.53455621945463
half1__producer,wrong_tag,hard,eu-locality-119,1922,67.96984041225197,67.98458584382182,0.021689374711675313,172.59455039343038,274.8305239891827,172.59455039343038
half1__producer,wrong_tag,hard,eu-locality-124,1375,94.84836896628715,94.77502411573296,-0.07738837445678826,270.8972803238173,449.04247371181407,270.8972803238173
half1__producer,wrong_tag,hard,eu-locality-126,1386,61.110821203458315,61.1024977860198,-0.013622057591922143,147.1489911373112,226.69528204190547,147.1489911373112
half1__producer,wrong_tag,complete,eu-locality-007,2882,12.818182502416402,12.780499790680555,-0.2948453687493968,45.58911682500362,78.38155397781499,45.565413951794106
half1__producer,wrong_tag,complete,eu-locality-074,67309,18.39508043799813,18.363412660888237,-0.17245039195432632,60.7422291983778,126.7341619594594,60.70567613888656
half1__producer,wrong_tag,complete,eu-locality-082,582,10.1266183187556,10.091945969274063,-0.34356455719344314,48.10254665421845,88.77064559267427,48.10254665421845
half1__producer,wrong_tag,complete,eu-locality-110,5804,27.143258816822453,27.089158603946824,-0.19971167678771717,112.94152275923535,258.6419853064315,112.4389983737293
half1__producer,wrong_tag,complete,eu-locality-112,2417,20.0615664947913,20.029066363879124,-0.1622648321281117,69.45492121836293,157.7201102240589,69.45492121836293
half1__producer,wrong_tag,complete,eu-locality-119,3148,27.319505361591748,27.330667294121024,0.040840322005886165,104.76317870682367,189.81019473810503,104.76317870682367
half1__producer,wrong_tag,complete,eu-locality-124,2077,37.25810471250605,37.20748380494022,-0.136050338236271,171.50287382770406,304.2066124590029,170.62428443673173
half1__producer,wrong_tag,complete,eu-locality-126,3637,18.35983009892106,18.364027431675467,0.022856275781690805,79.21251387756419,153.4885792234334,79.15277208581249
half1__producer,wrong_tag,endpoint_FDE,eu-locality-007,3935,27.706150005579115,27.5989458934084,-0.38843553150456067,99.61743889382252,172.03509423307665,98.73296279119683
half1__producer,wrong_tag,endpoint_FDE,eu-locality-074,81289,38.56553119942683,38.49480274762124,-0.18373506748246005,133.46614221911614,275.96578227502516,133.1916492795333
half1__producer,wrong_tag,endpoint_FDE,eu-locality-082,859,23.567468289415704,23.50437205749329,-0.26844466113826737,112.40241118819065,228.36761182252752,112.40241118819065
half1__producer,wrong_tag,endpoint_FDE,eu-locality-110,7204,54.74186387225309,54.63758505832136,-0.19085545933339443,241.0290256771495,522.3464241323134,240.26902101716573
half1__producer,wrong_tag,endpoint_FDE,eu-locality-112,3719,46.201650707808106,46.15248944793889,-0.10651919421307277,172.18864115322873,392.8712768610905,172.18864115322873
half1__producer,wrong_tag,endpoint_FDE,eu-locality-119,4147,62.544756623440456,62.57194682584756,0.04345430146640572,254.48671940749537,472.64583073725106,254.48671940749537
half1__producer,wrong_tag,endpoint_FDE,eu-locality-124,2645,80.2240893438298,80.10641823982282,-0.14689347819134557,369.1876895580035,714.9459718436315,368.6191963943305
half1__producer,wrong_tag,endpoint_FDE,eu-locality-126,4579,37.36186467944013,37.38254374450107,0.05531743693600877,170.23777779488478,344.11080363516277,169.9630697911495
half1__producer,legacy,all,eu-locality-007,5526,12.92311852307652,12.905171904361737,-0.1390653208479753,44.7175816722999,77.73384003447858,44.614246430327476
half1__producer,legacy,all,eu-locality-074,102348,18.791735518550055,18.776064402032876,-0.0834632656856682,62.39974650708442,128.33714581615484,62.38009691372944
half1__producer,legacy,all,eu-locality-082,1368,12.921944172842847,12.91374197657593,-0.06351525593275564,48.96376256586186,99.68977167861865,48.96376256586186
half1__producer,legacy,all,eu-locality-110,8550,29.298660262772188,29.276673899642688,-0.07509856893193056,118.2161185776719,259.48904154415425,117.95521146890563
half1__producer,legacy,all,eu-locality-112,5004,23.8486731361615,23.835447656032844,-0.055486602641208194,83.96248465505984,176.10182867858518,83.93895508357772
half1__producer,legacy,all,eu-locality-119,5639,28.02112163553674,28.025738271236904,0.016472842411796584,111.90042781793977,195.84895015585394,111.90042781793977
half1__producer,legacy,all,eu-locality-124,3550,41.1927402783174,41.170782198316246,-0.05333413364698725,181.76724589119763,334.55067044545154,181.76724589119763
half1__producer,legacy,all,eu-locality-126,5790,18.794570164466794,18.799353693454975,0.025445177883143266,82.22639820132775,153.12653237687047,82.36545828867014
half1__producer,legacy,easy,eu-locality-007,1784,1.3760759300540921,1.369296120746456,-0.49513098042957004,3.069704794506349,3.4628285170517086,3.077563478876309
half1__producer,legacy,easy,eu-locality-074,17176,1.9928026385875541,1.993158473551832,0.017852818478791832,3.3041435965634576,4.779248291725759,3.3078326548330828
half1__producer,legacy,easy,eu-locality-082,515,1.5609965467789602,1.5629555800648822,0.12534158429766684,3.0267587675843264,3.334670766553539,3.0135421032011274
half1__producer,legacy,easy,eu-locality-110,2009,1.7599226604824327,1.763662824654943,0.21206798262258797,3.127675252826486,3.3845695819184494,3.140671234864435
half1__producer,legacy,easy,eu-locality-112,575,2.0259481743269117,2.0344345117360123,0.4171349512675726,3.182811271930035,3.4257600665790715,3.197730107030075
half1__producer,legacy,easy,eu-locality-119,1323,1.8289153665305344,1.8318113704852526,0.15809509654648446,3.1446790575108015,3.6062998511164115,3.162439136593148
half1__producer,legacy,easy,eu-locality-124,739,1.8976485221003139,1.9076924135421507,0.5264942802381656,3.0967871616101887,3.392610952780432,3.1221417663897535
half1__producer,legacy,easy,eu-locality-126,2167,1.4141444757960993,1.4211563937028437,0.4933952334742586,3.0054183536197034,3.343944415171016,3.038561318845258
half1__producer,legacy,hard,eu-locality-007,1057,38.515572938316225,38.47845406604321,-0.09646664132947347,79.37656597410016,109.16038099456655,79.37656597410016
half1__producer,legacy,hard,eu-locality-074,26162,49.02291119284273,48.978465010209504,-0.09074637725776658,116.98156890250854,211.25703619472137,117.01334644124366
half1__producer,legacy,hard,eu-locality-082,245,45.09477310964454,45.06960620094991,-0.05584009006516233,102.53766462754737,168.16784406720987,102.53766462754737
half1__producer,legacy,hard,eu-locality-110,2779,75.5964701642081,75.52819087705916,-0.09040238665332101,216.4545636404931,380.302674112872,214.67559519645525
half1__producer,legacy,hard,eu-locality-112,1522,57.71862945306409,57.68318807336972,-0.061441437060127946,152.53455621945463,273.8161229399875,152.53455621945463
half1__producer,legacy,hard,eu-locality-119,1922,67.96984041225197,67.9692011283764,-0.0009405493443415125,172.59455039343038,274.8305239891827,172.59455039343038
half1__producer,legacy,hard,eu-locality-124,1375,94.84836896628715,94.8042474194706,-0.04653963088945279,270.8972803238173,449.04247371181407,270.8972803238173
half1__producer,legacy,hard,eu-locality-126,1386,61.110821203458315,61.09995711312297,-0.017780847726678317,147.1489911373112,226.69528204190547,147.1489911373112
half1__producer,legacy,complete,eu-locality-007,2882,12.818182502416402,12.789190683385376,-0.22669002088373524,45.58911682500362,78.38155397781499,45.565413951794106
half1__producer,legacy,complete,eu-locality-074,67309,18.39508043799813,18.375005624371422,-0.10925065296349956,60.7422291983778,126.7341619594594,60.7098477141834
half1__producer,legacy,complete,eu-locality-082,582,10.1266183187556,10.112568851750755,-0.13893074263136018,48.10254665421845,88.77064559267427,48.10254665421845
half1__producer,legacy,complete,eu-locality-110,5804,27.143258816822453,27.111900480979326,-0.1156626252192261,112.94152275923535,258.6419853064315,112.51818313817117
half1__producer,legacy,complete,eu-locality-112,2417,20.0615664947913,20.04185483531753,-0.09835247104492684,69.45492121836293,157.7201102240589,69.45492121836293
half1__producer,legacy,complete,eu-locality-119,3148,27.319505361591748,27.326109704053888,0.024168615780528757,104.76317870682367,189.81019473810503,104.76317870682367
half1__producer,legacy,complete,eu-locality-124,2077,37.25810471250605,37.22645354301645,-0.08502332743844931,171.50287382770406,304.2066124590029,170.62428443673173
half1__producer,legacy,complete,eu-locality-126,3637,18.35983009892106,18.36341299631344,0.019511064708399584,79.21251387756419,153.4885792234334,79.21251387756419
half1__producer,legacy,endpoint_FDE,eu-locality-007,3935,27.706150005579115,27.652323565741465,-0.19465431072973605,99.61743889382252,172.03509423307665,99.54546990488743
half1__producer,legacy,endpoint_FDE,eu-locality-074,81289,38.56553119942683,38.5248216695913,-0.10567091052278155,133.46614221911614,275.96578227502516,133.22576960750513
half1__producer,legacy,endpoint_FDE,eu-locality-082,859,23.567468289415704,23.538204382128512,-0.12432514737363842,112.40241118819065,228.36761182252752,112.40241118819065
half1__producer,legacy,endpoint_FDE,eu-locality-110,7204,54.74186387225309,54.685280832372925,-0.1034703287958072,241.0290256771495,522.3464241323134,240.77672752880625
half1__producer,legacy,endpoint_FDE,eu-locality-112,3719,46.201650707808106,46.177776012727904,-0.05170169969559435,172.18864115322873,392.8712768610905,172.18864115322873
half1__producer,legacy,endpoint_FDE,eu-locality-119,4147,62.544756623440456,62.56764176337293,0.03657663815911372,254.48671940749537,472.64583073725106,254.48671940749537
half1__producer,legacy,endpoint_FDE,eu-locality-124,2645,80.2240893438298,80.16283423793944,-0.07641334849581849,369.1876895580035,714.9459718436315,368.6191963943305
half1__producer,legacy,endpoint_FDE,eu-locality-126,4579,37.36186467944013,37.38539551615042,0.06294125389183503,170.23777779488478,344.11080363516277,170.7335755322649
