policy,comparison,subset,locality,rows,model_error,reference_error,gain_percent,model_p95,model_p99,reference_p95
half0__global,ADE_vs_floor4,all,eu-locality-007,5526,13.582312157336187,13.64789830589558,0.48055859656472855,45.72409026969978,80.71712323070768,46.043806660168336
half0__global,ADE_vs_floor4,all,eu-locality-008,157961,17.989732331095144,18.01946869067815,0.16502350925801101,63.88777248258642,131.2795710962386,63.87110052866994
half0__global,ADE_vs_floor4,all,eu-locality-020,1225,6.445688938023682,6.506789818623793,0.9390326459481901,20.950455289077674,42.958840384020256,20.950455289077674
half0__global,ADE_vs_floor4,all,eu-locality-048,8058,26.570762186714052,26.56803914779497,-0.010249303322451553,89.55098636922551,160.11545465691114,89.55098636922551
half0__global,ADE_vs_floor4,all,eu-locality-067,6903,28.835293265951922,28.924116458647177,0.3070904268493213,93.15038154789627,168.56927310186109,93.15038154789627
half0__global,ADE_vs_floor4,all,eu-locality-110,8550,30.37043918326397,30.401031696246584,0.10062985127702317,121.68449105426859,270.73137899676516,121.9052045177577
half0__global,ADE_vs_floor4,all,eu-locality-119,5639,28.846377346884996,28.86229479722535,0.055149635370932426,114.3522798565831,201.6878989025234,114.45336587739244
half0__global,ADE_vs_floor4,all,eu-locality-124,3550,42.43468204356118,42.44684261854885,0.028648950634446724,186.45287792257716,344.5055271166482,186.18276158812444
half0__global,ADE_vs_floor4,easy,eu-locality-007,2133,1.772090807221184,1.811840789257669,2.1939003841927485,4.197659808529723,4.704508445901062,4.2311151932019575
half0__global,ADE_vs_floor4,easy,eu-locality-008,52276,2.154680439747128,2.2200121030134605,2.942851670837776,4.19859003666396,4.591040471543195,4.2501406752232125
half0__global,ADE_vs_floor4,easy,eu-locality-020,695,1.6109818796857325,1.6710333648543638,3.5936736172748396,4.2424120646997014,4.645577515453056,4.2930456589077775
half0__global,ADE_vs_floor4,easy,eu-locality-048,2050,2.149329732242626,2.1848527331144614,1.6258762127733029,4.299722634691401,4.693557238623529,4.2902832393824175
half0__global,ADE_vs_floor4,easy,eu-locality-067,1508,2.035995198167817,2.0636627051599694,1.3406990843500055,4.310216209467442,4.623940123557498,4.323981111443166
half0__global,ADE_vs_floor4,easy,eu-locality-110,2579,2.1796430739301544,2.2146142928814014,1.5791110471768177,4.182163179490535,4.506464254621015,4.204306144710051
half0__global,ADE_vs_floor4,easy,eu-locality-119,1658,2.20209374192142,2.233736119928937,1.4165674147993634,4.229803938537856,4.645785961809294,4.228048703735379
half0__global,ADE_vs_floor4,easy,eu-locality-124,1006,2.3896895579968778,2.4463349333209,2.315520027632767,4.287347248809614,4.624646363720011,4.3295911457613965
half0__global,ADE_vs_floor4,hard,eu-locality-007,1023,41.15139818646325,41.299807249779356,0.3593456560669561,81.67666598213943,114.47062363973248,81.24718975645555
half0__global,ADE_vs_floor4,hard,eu-locality-008,36762,52.56399723697032,52.54039116946299,-0.044929371445268096,124.33320145770217,215.40553848762488,124.45172929758508
half0__global,ADE_vs_floor4,hard,eu-locality-020,47,37.64541412593011,37.64541412593011,0.0,59.47714101421315,69.16719818649797,59.47714101421315
half0__global,ADE_vs_floor4,hard,eu-locality-048,2992,57.398470941767044,57.382378989090256,-0.02804336968993404,127.3940467841187,211.57685641932093,127.11608694673164
half0__global,ADE_vs_floor4,hard,eu-locality-067,2806,57.841964775269695,58.01275648649573,0.2944037166477287,132.24005022202874,207.56503644827586,132.24005022202874
half0__global,ADE_vs_floor4,hard,eu-locality-110,2743,79.43981743039721,79.52968913023722,0.11300396219684483,230.4341792808899,408.99645159228305,230.75512668230746
half0__global,ADE_vs_floor4,hard,eu-locality-119,1895,70.81807758237304,70.84175188563026,0.03341857397237691,177.35436104322963,275.16663244604706,177.35436104322963
half0__global,ADE_vs_floor4,hard,eu-locality-124,1362,98.77251525108883,98.74383719232434,-0.0290428846801305,278.10766655456683,456.2515668720877,278.10766655456683
half0__global,ADE_vs_floor4,complete,eu-locality-007,2882,13.637127462419299,13.728260697078813,0.663836713698962,47.62481810943001,79.58424742220402,47.88294704991147
half0__global,ADE_vs_floor4,complete,eu-locality-008,97352,16.31780162854749,16.356827787016275,0.23859246411925827,59.07159491170203,120.3012545117399,59.006204879513994
half0__global,ADE_vs_floor4,complete,eu-locality-020,364,6.78099304612135,6.904363427901251,1.7868465799663613,22.682718227503177,49.70629992513765,22.682718227503177
half0__global,ADE_vs_floor4,complete,eu-locality-048,4716,26.548530289118133,26.54681627821172,-0.006456559191314604,91.38499461110202,161.22338275660073,91.38499461110202
half0__global,ADE_vs_floor4,complete,eu-locality-067,3417,30.076027287060448,30.10543616909522,0.09768628452877515,92.49833101194194,166.36606324874677,92.49833101194194
half0__global,ADE_vs_floor4,complete,eu-locality-110,5804,28.28921823355302,28.300248496549504,0.03897585209483578,118.18033866701663,275.3204835858817,118.307140243085
half0__global,ADE_vs_floor4,complete,eu-locality-119,3148,28.452863459914273,28.47799643115178,0.08825400093812608,111.844506586388,205.2067029563877,112.70775480291367
half0__global,ADE_vs_floor4,complete,eu-locality-124,2077,38.42623180180032,38.44534253779068,0.049708845672458146,177.32650540365142,316.4037738037055,176.26503245693834
half0__global,ADE_vs_floor2,all,eu-locality-007,5526,13.582312157336187,13.649562672522034,0.49269355216214894,45.72409026969978,80.71712323070768,46.0377620823333
half0__global,ADE_vs_floor2,all,eu-locality-008,157961,17.989732331095144,18.020237463743985,0.1692826340952247,63.88777248258642,131.2795710962386,63.89369219205415
half0__global,ADE_vs_floor2,all,eu-locality-020,1225,6.445688938023682,6.496351801901558,0.7798663838224806,20.950455289077674,42.958840384020256,20.950455289077674
half0__global,ADE_vs_floor2,all,eu-locality-048,8058,26.570762186714052,26.58523394294762,0.05443531647916222,89.55098636922551,160.11545465691114,89.55098636922551
half0__global,ADE_vs_floor2,all,eu-locality-067,6903,28.835293265951922,28.937144257595072,0.35197319658251125,93.15038154789627,168.56927310186109,93.15038154789627
half0__global,ADE_vs_floor2,all,eu-locality-110,8550,30.37043918326397,30.42346806597947,0.17430255683046347,121.68449105426859,270.73137899676516,121.9052045177577
half0__global,ADE_vs_floor2,all,eu-locality-119,5639,28.846377346884996,28.857172354991032,0.03740840569284032,114.3522798565831,201.6878989025234,114.3522798565831
half0__global,ADE_vs_floor2,all,eu-locality-124,3550,42.43468204356118,42.47245366599511,0.08893204694734314,186.45287792257716,344.5055271166482,186.45287792257716
half0__global,ADE_vs_floor2,easy,eu-locality-007,2133,1.772090807221184,1.8016960926165373,1.6431897430802866,4.197659808529723,4.704508445901062,4.215498751717551
half0__global,ADE_vs_floor2,easy,eu-locality-008,52276,2.154680439747128,2.2036796031867874,2.2235157673919814,4.19859003666396,4.591040471543195,4.215083185677308
half0__global,ADE_vs_floor2,easy,eu-locality-020,695,1.6109818796857325,1.6527015257335416,2.524330340246528,4.2424120646997014,4.645577515453056,4.258957491577554
half0__global,ADE_vs_floor2,easy,eu-locality-048,2050,2.149329732242626,2.1838758086541086,1.5818700071948189,4.299722634691401,4.693557238623529,4.307347057075696
half0__global,ADE_vs_floor2,easy,eu-locality-067,1508,2.035995198167817,2.0624257559133685,1.2815277189867302,4.310216209467442,4.623940123557498,4.324787808246665
half0__global,ADE_vs_floor2,easy,eu-locality-110,2579,2.1796430739301544,2.2120768934172936,1.466215735251153,4.182163179490535,4.506464254621015,4.196721496865745
half0__global,ADE_vs_floor2,easy,eu-locality-119,1658,2.20209374192142,2.232711311179685,1.3713178728013697,4.229803938537856,4.645785961809294,4.231375667205294
half0__global,ADE_vs_floor2,easy,eu-locality-124,1006,2.3896895579968778,2.435817779776934,1.89374682141783,4.287347248809614,4.624646363720011,4.3042415039976865
half0__global,ADE_vs_floor2,hard,eu-locality-007,1023,41.15139818646325,41.33605132472196,0.44671208869985213,81.67666598213943,114.47062363973248,81.24718975645555
half0__global,ADE_vs_floor2,hard,eu-locality-008,36762,52.56399723697032,52.576166973199584,0.023146868495504958,124.33320145770217,215.40553848762488,124.45172929758508
half0__global,ADE_vs_floor2,hard,eu-locality-020,47,37.64541412593011,37.64541412593011,0.0,59.47714101421315,69.16719818649797,59.47714101421315
half0__global,ADE_vs_floor2,hard,eu-locality-048,2992,57.398470941767044,57.404068556252774,0.009751250436618175,127.3940467841187,211.57685641932093,127.3940467841187
half0__global,ADE_vs_floor2,hard,eu-locality-067,2806,57.841964775269695,58.030741658517634,0.325304963977191,132.24005022202874,207.56503644827586,132.24005022202874
half0__global,ADE_vs_floor2,hard,eu-locality-110,2743,79.43981743039721,79.5414340743185,0.12775309510555388,230.4341792808899,408.99645159228305,230.75512668230746
half0__global,ADE_vs_floor2,hard,eu-locality-119,1895,70.81807758237304,70.81835649457578,0.0003938416768600739,177.35436104322963,275.16663244604706,177.35436104322963
half0__global,ADE_vs_floor2,hard,eu-locality-124,1362,98.77251525108883,98.78815619502755,0.01583281290101768,278.10766655456683,456.2515668720877,278.10766655456683
half0__global,ADE_vs_floor2,complete,eu-locality-007,2882,13.637127462419299,13.720636384566669,0.6086373824562785,47.62481810943001,79.58424742220402,47.842456221283804
half0__global,ADE_vs_floor2,complete,eu-locality-008,97352,16.31780162854749,16.35339273915775,0.21763747240681752,59.07159491170203,120.3012545117399,59.07159491170203
half0__global,ADE_vs_floor2,complete,eu-locality-020,364,6.78099304612135,6.886787790330588,1.5361986956789808,22.682718227503177,49.70629992513765,22.682718227503177
half0__global,ADE_vs_floor2,complete,eu-locality-048,4716,26.548530289118133,26.569772034188986,0.07994703546391202,91.38499461110202,161.22338275660073,91.38499461110202
half0__global,ADE_vs_floor2,complete,eu-locality-067,3417,30.076027287060448,30.1152249275577,0.1301588833938383,92.49833101194194,166.36606324874677,92.49833101194194
half0__global,ADE_vs_floor2,complete,eu-locality-110,5804,28.28921823355302,28.3254410945659,0.12788101301565158,118.18033866701663,275.3204835858817,118.307140243085
half0__global,ADE_vs_floor2,complete,eu-locality-119,3148,28.452863459914273,28.463858843030263,0.03862927783835346,111.844506586388,205.2067029563877,111.844506586388
half0__global,ADE_vs_floor2,complete,eu-locality-124,2077,38.42623180180032,38.475019573252375,0.12680375992835113,177.32650540365142,316.4037738037055,177.32650540365142
half0__global,ADE_vs_old_stop4,all,eu-locality-007,5526,13.582312157336187,13.590104852307379,0.05734094810805335,45.72409026969978,80.71712323070768,45.89358032936613
half0__global,ADE_vs_old_stop4,all,eu-locality-008,157961,17.989732331095144,17.98943571826429,-0.0016488167583483815,63.88777248258642,131.2795710962386,63.86139156028711
half0__global,ADE_vs_old_stop4,all,eu-locality-020,1225,6.445688938023682,6.452382222545509,0.10373354043471394,20.950455289077674,42.958840384020256,20.950455289077674
half0__global,ADE_vs_old_stop4,all,eu-locality-048,8058,26.570762186714052,26.553830942929174,-0.06376196271364876,89.55098636922551,160.11545465691114,89.55098636922551
half0__global,ADE_vs_old_stop4,all,eu-locality-067,6903,28.835293265951922,28.873163253048368,0.13115981357687545,93.15038154789627,168.56927310186109,93.15038154789627
half0__global,ADE_vs_old_stop4,all,eu-locality-110,8550,30.37043918326397,30.358044370758794,-0.04082875811695086,121.68449105426859,270.73137899676516,121.68449105426859
half0__global,ADE_vs_old_stop4,all,eu-locality-119,5639,28.846377346884996,28.852417788094066,0.02093565001530795,114.3522798565831,201.6878989025234,114.45336587739244
half0__global,ADE_vs_old_stop4,all,eu-locality-124,3550,42.43468204356118,42.407575143660424,-0.06391994781340671,186.45287792257716,344.5055271166482,186.18276158812444
half0__global,ADE_vs_old_stop4,easy,eu-locality-007,2133,1.772090807221184,1.7874893549700068,0.8614623469509364,4.197659808529723,4.704508445901062,4.22837301836189
half0__global,ADE_vs_old_stop4,easy,eu-locality-008,52276,2.154680439747128,2.1662653867091297,0.5347889059706068,4.19859003666396,4.591040471543195,4.234064147982267
half0__global,ADE_vs_old_stop4,easy,eu-locality-020,695,1.6109818796857325,1.625677164853267,0.9039485505020872,4.2424120646997014,4.645577515453056,4.2930456589077775
half0__global,ADE_vs_old_stop4,easy,eu-locality-048,2050,2.149329732242626,2.1511982165954837,0.08685784222222104,4.299722634691401,4.693557238623529,4.284196614084099
half0__global,ADE_vs_old_stop4,easy,eu-locality-067,1508,2.035995198167817,2.037789731301798,0.08806272337207321,4.310216209467442,4.623940123557498,4.307644335745245
half0__global,ADE_vs_old_stop4,easy,eu-locality-110,2579,2.1796430739301544,2.1769032458977597,-0.12585897134187451,4.182163179490535,4.506464254621015,4.195000446068202
half0__global,ADE_vs_old_stop4,easy,eu-locality-119,1658,2.20209374192142,2.2040837269478786,0.09028627189286986,4.229803938537856,4.645785961809294,4.215888937008986
half0__global,ADE_vs_old_stop4,easy,eu-locality-124,1006,2.3896895579968778,2.400078617850799,0.43286331442027315,4.287347248809614,4.624646363720011,4.309958639134824
half0__global,ADE_vs_old_stop4,hard,eu-locality-007,1023,41.15139818646325,41.14991851725806,-0.0035958010574654864,81.67666598213943,114.47062363973248,81.67666598213943
half0__global,ADE_vs_old_stop4,hard,eu-locality-008,36762,52.56399723697032,52.532493736971304,-0.05996954981188907,124.33320145770217,215.40553848762488,124.3548686676523
half0__global,ADE_vs_old_stop4,hard,eu-locality-020,47,37.64541412593011,37.64541412593011,0.0,59.47714101421315,69.16719818649797,59.47714101421315
half0__global,ADE_vs_old_stop4,hard,eu-locality-048,2992,57.398470941767044,57.37600407192925,-0.039157257813959845,127.3940467841187,211.57685641932093,127.11608694673164
half0__global,ADE_vs_old_stop4,hard,eu-locality-067,2806,57.841964775269695,57.9390639899828,0.16758851114663242,132.24005022202874,207.56503644827586,132.24005022202874
half0__global,ADE_vs_old_stop4,hard,eu-locality-110,2743,79.43981743039721,79.46383275794614,0.030221708059408048,230.4341792808899,408.99645159228305,230.75512668230746
half0__global,ADE_vs_old_stop4,hard,eu-locality-119,1895,70.81807758237304,70.84185145378392,0.03355907690582027,177.35436104322963,275.16663244604706,177.35436104322963
half0__global,ADE_vs_old_stop4,hard,eu-locality-124,1362,98.77251525108883,98.72227545064261,-0.050890034915518356,278.10766655456683,456.2515668720877,278.10766655456683
half0__global,ADE_vs_old_stop4,complete,eu-locality-007,2882,13.637127462419299,13.665175546224367,0.2052522758320352,47.62481810943001,79.58424742220402,47.83773492869996
half0__global,ADE_vs_old_stop4,complete,eu-locality-008,97352,16.31780162854749,16.31994933830242,0.013160027095726612,59.07159491170203,120.3012545117399,59.003041850399725
half0__global,ADE_vs_old_stop4,complete,eu-locality-020,364,6.78099304612135,6.791378277054203,0.15291786893892878,22.682718227503177,49.70629992513765,22.682718227503177
half0__global,ADE_vs_old_stop4,complete,eu-locality-048,4716,26.548530289118133,26.526352164543134,-0.08360789466048679,91.38499461110202,161.22338275660073,91.38499461110202
half0__global,ADE_vs_old_stop4,complete,eu-locality-067,3417,30.076027287060448,30.067894092011002,-0.027049433607007067,92.49833101194194,166.36606324874677,92.49833101194194
half0__global,ADE_vs_old_stop4,complete,eu-locality-110,5804,28.28921823355302,28.264277390025246,-0.08824157498743546,118.18033866701663,275.3204835858817,118.18033866701663
half0__global,ADE_vs_old_stop4,complete,eu-locality-119,3148,28.452863459914273,28.467448033372655,0.05123245835483292,111.844506586388,205.2067029563877,112.70775480291367
half0__global,ADE_vs_old_stop4,complete,eu-locality-124,2077,38.42623180180032,38.39923034635209,-0.07031769961189926,177.32650540365142,316.4037738037055,176.26503245693834
half0__global,FDE_vs_floor4,endpoint,eu-locality-007,3935,29.912521482880358,30.123946530920737,0.7018504292701566,102.630383216675,180.22954667261536,102.96456780800754
half0__global,FDE_vs_floor4,endpoint,eu-locality-008,121088,35.79922271090127,35.893854561911,0.263643601849739,137.14336631906005,282.39489605080126,137.0225183719183
half0__global,FDE_vs_floor4,endpoint,eu-locality-020,622,14.405950645102438,14.662738031078371,1.7512921899829337,54.18434016797015,99.18086841907973,54.18434016797015
half0__global,FDE_vs_floor4,endpoint,eu-locality-048,5582,58.852653105810404,58.83853060819334,-0.02400212491897591,216.2196458274127,355.4563120785641,216.2196458274127
half0__global,FDE_vs_floor4,endpoint,eu-locality-067,4600,64.18927488790149,64.29400756456238,0.16289648231324616,207.16877909819794,394.0447029702928,207.16877909819794
half0__global,FDE_vs_floor4,endpoint,eu-locality-110,7204,57.88242347735369,57.8976563672657,0.026310028536180585,251.61890320290925,587.6090239057078,251.77304034955634
half0__global,FDE_vs_floor4,endpoint,eu-locality-119,4147,65.3941515011168,65.45138581897585,0.08744554014081807,270.5290560144782,484.5542592170748,270.5290560144782
half0__global,FDE_vs_floor4,endpoint,eu-locality-124,2645,83.81385379094144,83.8513061080275,0.04466515648284819,381.9827743206876,749.8979417287693,380.9415092093398
half0__global,ADE_vs_CV,easy,eu-locality-007,2133,1.772090807221184,1.8525004364762494,4.340599746795048,4.197659808529723,4.704508445901062,4.355450553983238
half0__global,ADE_vs_CV,easy,eu-locality-008,52276,2.154680439747128,2.3343046202023725,7.694976007016252,4.19859003666396,4.591040471543195,4.477191635123733
half0__global,ADE_vs_CV,easy,eu-locality-020,695,1.6109818796857325,1.6834998531827923,4.307572308958552,4.2424120646997014,4.645577515453056,4.294862621440125
half0__global,ADE_vs_CV,easy,eu-locality-048,2050,2.149329732242626,2.2919612794697164,6.223122026742556,4.299722634691401,4.693557238623529,4.484449431559784
half0__global,ADE_vs_CV,easy,eu-locality-067,1508,2.035995198167817,2.126958008841005,4.276662270486209,4.310216209467442,4.623940123557498,4.431771346846858
half0__global,ADE_vs_CV,easy,eu-locality-110,2579,2.1796430739301544,2.356118809479549,7.490103420904182,4.182163179490535,4.506464254621015,4.476255197977273
half0__global,ADE_vs_CV,easy,eu-locality-119,1658,2.20209374192142,2.3455260977767742,6.115146448010444,4.229803938537856,4.645785961809294,4.423775218674889
half0__global,ADE_vs_CV,easy,eu-locality-124,1006,2.3896895579968778,2.5758364727079335,7.226658861436286,4.287347248809614,4.624646363720011,4.529853536161329
half0__producer,ADE_vs_floor4,all,eu-locality-007,5526,13.58246287234806,13.64789830589558,0.4794542872528118,45.72409026969978,80.71712323070768,46.043806660168336
half0__producer,ADE_vs_floor4,all,eu-locality-008,157961,17.991200812998084,18.01946869067815,0.1568740908253763,63.89009159326731,131.2795710962386,63.87110052866994
half0__producer,ADE_vs_floor4,all,eu-locality-020,1225,6.44340196947887,6.506789818623793,0.9741800628551678,20.950455289077674,42.958840384020256,20.950455289077674
half0__producer,ADE_vs_floor4,all,eu-locality-048,8058,26.56975109176411,26.56803914779497,-0.006443621825535928,89.55098636922551,160.11545465691114,89.55098636922551
half0__producer,ADE_vs_floor4,all,eu-locality-067,6903,28.818896507949344,28.924116458647177,0.3637793079981022,93.15038154789627,168.56927310186109,93.15038154789627
half0__producer,ADE_vs_floor4,all,eu-locality-110,8550,30.357524613244376,30.401031696246584,0.1431105478159833,121.4135773363726,270.73137899676516,121.9052045177577
half0__producer,ADE_vs_floor4,all,eu-locality-119,5639,28.845056988378623,28.86229479722535,0.05972431841554382,114.3522798565831,201.6878989025234,114.45336587739244
half0__producer,ADE_vs_floor4,all,eu-locality-124,3550,42.43424700433868,42.44684261854885,0.029673854244849363,186.45287792257716,344.5055271166482,186.18276158812444
half0__producer,ADE_vs_floor4,easy,eu-locality-007,2133,1.779061719645105,1.811840789257669,1.8091583878070083,4.210772662147344,4.726064642309346,4.2311151932019575
half0__producer,ADE_vs_floor4,easy,eu-locality-008,52276,2.162544073540139,2.2200121030134605,2.5886358635303863,4.199527686386016,4.593466620956019,4.2501406752232125
half0__producer,ADE_vs_floor4,easy,eu-locality-020,695,1.6128955550647073,1.6710333648543638,3.479153140351776,4.258957491577554,4.645577515453056,4.2930456589077775
half0__producer,ADE_vs_floor4,easy,eu-locality-048,2050,2.151503988930952,2.1848527331144614,1.5263611903018837,4.303399010810802,4.693557238623529,4.2902832393824175
half0__producer,ADE_vs_floor4,easy,eu-locality-067,1508,2.036655703088733,2.0636627051599694,1.3086926465118665,4.307644335745245,4.623940123557498,4.323981111443166
half0__producer,ADE_vs_floor4,easy,eu-locality-110,2579,2.181167007343489,2.2146142928814014,1.5102984589878576,4.182163179490535,4.506464254621015,4.204306144710051
half0__producer,ADE_vs_floor4,easy,eu-locality-119,1658,2.200188657009012,2.233736119928937,1.501854342624509,4.2259662627668835,4.642270741483972,4.228048703735379
half0__producer,ADE_vs_floor4,easy,eu-locality-124,1006,2.3941711100532808,2.4463349333209,2.1323254864699437,4.287347248809614,4.624646363720011,4.3295911457613965
half0__producer,ADE_vs_floor4,hard,eu-locality-007,1023,41.140065351319556,41.299807249779356,0.3867860629316877,81.67666598213943,114.47062363973248,81.24718975645555
half0__producer,ADE_vs_floor4,hard,eu-locality-008,36762,52.55659141647557,52.54039116946299,-0.030833891130210844,124.3548686676523,215.29668702518754,124.45172929758508
half0__producer,ADE_vs_floor4,hard,eu-locality-020,47,37.64541412593011,37.64541412593011,0.0,59.47714101421315,69.16719818649797,59.47714101421315
half0__producer,ADE_vs_floor4,hard,eu-locality-048,2992,57.3983809245827,57.382378989090256,-0.027886497169271607,127.3940467841187,211.57685641932093,127.11608694673164
half0__producer,ADE_vs_floor4,hard,eu-locality-067,2806,57.80779676256205,58.01275648649573,0.3533011295220767,132.24005022202874,207.56503644827586,132.24005022202874
half0__producer,ADE_vs_floor4,hard,eu-locality-110,2743,79.40609226708952,79.52968913023722,0.15540971491199151,230.4341792808899,408.99645159228305,230.75512668230746
half0__producer,ADE_vs_floor4,hard,eu-locality-119,1895,70.8182961303573,70.84175188563026,0.03311007230711871,177.35436104322963,275.16663244604706,177.35436104322963
half0__producer,ADE_vs_floor4,hard,eu-locality-124,1362,98.76870216109864,98.74383719232434,-0.025181286732745,278.10766655456683,456.2515668720877,278.10766655456683
half0__producer,ADE_vs_floor4,complete,eu-locality-007,2882,13.639876440931443,13.728260697078813,0.6438124835885239,47.62481810943001,79.58424742220402,47.88294704991147
half0__producer,ADE_vs_floor4,complete,eu-locality-008,97352,16.320497980898274,16.356827787016275,0.22210789641521345,59.07709286235984,120.28398950207574,59.006204879513994
half0__producer,ADE_vs_floor4,complete,eu-locality-020,364,6.778686463399423,6.904363427901251,1.820254188734538,22.682718227503177,49.70629992513765,22.682718227503177
half0__producer,ADE_vs_floor4,complete,eu-locality-048,4716,26.547973085320006,26.54681627821172,-0.00435761145956004,91.38499461110202,161.22338275660073,91.38499461110202
half0__producer,ADE_vs_floor4,complete,eu-locality-067,3417,30.07166279130736,30.10543616909522,0.11218365214229475,92.49833101194194,166.36606324874677,92.49833101194194
half0__producer,ADE_vs_floor4,complete,eu-locality-110,5804,28.288445889986754,28.300248496549504,0.04170495734052704,118.18033866701663,275.3204835858817,118.307140243085
half0__producer,ADE_vs_floor4,complete,eu-locality-119,3148,28.451348428136193,28.47799643115178,0.09357400925311676,111.844506586388,205.2067029563877,112.70775480291367
half0__producer,ADE_vs_floor4,complete,eu-locality-124,2077,38.425899920758084,38.44534253779068,0.05057209989346445,177.32650540365142,316.4037738037055,176.26503245693834
half0__producer,ADE_vs_floor2,all,eu-locality-007,5526,13.58246287234806,13.649562672522034,0.49158937750476417,45.72409026969978,80.71712323070768,46.0377620823333
half0__producer,ADE_vs_floor2,all,eu-locality-008,157961,17.991200812998084,18.020237463743985,0.1611335633302402,63.89009159326731,131.2795710962386,63.89369219205415
half0__producer,ADE_vs_floor2,all,eu-locality-020,1225,6.44340196947887,6.496351801901558,0.8150702738603077,20.950455289077674,42.958840384020256,20.950455289077674
half0__producer,ADE_vs_floor2,all,eu-locality-048,8058,26.56975109176411,26.58523394294762,0.05823853653774691,89.55098636922551,160.11545465691114,89.55098636922551
half0__producer,ADE_vs_floor2,all,eu-locality-067,6903,28.818896507949344,28.937144257595072,0.4086365558159444,93.15038154789627,168.56927310186109,93.15038154789627
half0__producer,ADE_vs_floor2,all,eu-locality-110,8550,30.357524613244376,30.42346806597947,0.21675192516541486,121.4135773363726,270.73137899676516,121.9052045177577
half0__producer,ADE_vs_floor2,all,eu-locality-119,5639,28.845056988378623,28.857172354991032,0.04198390079031,114.3522798565831,201.6878989025234,114.3522798565831
half0__producer,ADE_vs_floor2,all,eu-locality-124,3550,42.43424700433868,42.47245366599511,0.0899563325370556,186.45287792257716,344.5055271166482,186.45287792257716
half0__producer,ADE_vs_floor2,easy,eu-locality-007,2133,1.779061719645105,1.8016960926165373,1.2562814041829462,4.210772662147344,4.726064642309346,4.215498751717551
half0__producer,ADE_vs_floor2,easy,eu-locality-008,52276,2.162544073540139,2.2036796031867874,1.8666747011299445,4.199527686386016,4.593466620956019,4.215083185677308
half0__producer,ADE_vs_floor2,easy,eu-locality-020,695,1.6128955550647073,1.6527015257335416,2.408539597079795,4.258957491577554,4.645577515453056,4.258957491577554
half0__producer,ADE_vs_floor2,easy,eu-locality-048,2050,2.151503988930952,2.1838758086541086,1.4823104681537136,4.303399010810802,4.693557238623529,4.307347057075696
half0__producer,ADE_vs_floor2,easy,eu-locality-067,1508,2.036655703088733,2.0624257559133685,1.2495020851416183,4.307644335745245,4.623940123557498,4.324787808246665
half0__producer,ADE_vs_floor2,easy,eu-locality-110,2579,2.181167007343489,2.2120768934172936,1.3973242144423859,4.182163179490535,4.506464254621015,4.196721496865745
half0__producer,ADE_vs_floor2,easy,eu-locality-119,1658,2.200188657009012,2.232711311179685,1.456643947107028,4.2259662627668835,4.642270741483972,4.231375667205294
half0__producer,ADE_vs_floor2,easy,eu-locality-124,1006,2.3941711100532808,2.435817779776934,1.7097612994460887,4.287347248809614,4.624646363720011,4.3042415039976865
half0__producer,ADE_vs_floor2,hard,eu-locality-007,1023,41.140065351319556,41.33605132472196,0.4741284354008557,81.67666598213943,114.47062363973248,81.24718975645555
half0__producer,ADE_vs_floor2,hard,eu-locality-008,36762,52.55659141647557,52.576166973199584,0.037232757446914455,124.3548686676523,215.29668702518754,124.45172929758508
half0__producer,ADE_vs_floor2,hard,eu-locality-020,47,37.64541412593011,37.64541412593011,0.0,59.47714101421315,69.16719818649797,59.47714101421315
half0__producer,ADE_vs_floor2,hard,eu-locality-048,2992,57.3983809245827,57.404068556252774,0.009908063684538337,127.3940467841187,211.57685641932093,127.3940467841187
half0__producer,ADE_vs_floor2,hard,eu-locality-067,2806,57.80779676256205,58.030741658517634,0.3841841230765364,132.24005022202874,207.56503644827586,132.24005022202874
half0__producer,ADE_vs_floor2,hard,eu-locality-110,2743,79.40609226708952,79.5414340743185,0.17015258626407181,230.4341792808899,408.99645159228305,230.75512668230746
half0__producer,ADE_vs_floor2,hard,eu-locality-119,1895,70.8182961303573,70.81835649457578,8.523809570393226e-05,177.35436104322963,275.16663244604706,177.35436104322963
half0__producer,ADE_vs_floor2,hard,eu-locality-124,1362,98.76870216109864,98.78815619502755,0.019692678432525756,278.10766655456683,456.2515668720877,278.10766655456683
half0__producer,ADE_vs_floor2,complete,eu-locality-007,2882,13.639876440931443,13.720636384566669,0.5886020252389046,47.62481810943001,79.58424742220402,47.842456221283804
half0__producer,ADE_vs_floor2,complete,eu-locality-008,97352,16.320497980898274,16.35339273915775,0.201149442101467,59.07709286235984,120.28398950207574,59.07159491170203
half0__producer,ADE_vs_floor2,complete,eu-locality-020,364,6.778686463399423,6.886787790330588,1.5696915633576558,22.682718227503177,49.70629992513765,22.682718227503177
half0__producer,ADE_vs_floor2,complete,eu-locality-048,4716,26.547973085320006,26.569772034188986,0.08204416974647577,91.38499461110202,161.22338275660073,91.38499461110202
half0__producer,ADE_vs_floor2,complete,eu-locality-067,3417,30.07166279130736,30.1152249275577,0.14465153873208791,92.49833101194194,166.36606324874677,92.49833101194194
half0__producer,ADE_vs_floor2,complete,eu-locality-110,5804,28.288445889986754,28.3254410945659,0.13060769099988434,118.18033866701663,275.3204835858817,118.307140243085
half0__producer,ADE_vs_floor2,complete,eu-locality-119,3148,28.451348428136193,28.463858843030263,0.04395192852473251,111.844506586388,205.2067029563877,111.844506586388
half0__producer,ADE_vs_floor2,complete,eu-locality-124,2077,38.425899920758084,38.475019573252375,0.12766634829326495,177.32650540365142,316.4037738037055,177.32650540365142
half0__producer,ADE_vs_old_stop4,all,eu-locality-007,5526,13.58246287234806,13.590104852307379,0.05623194259624098,45.72409026969978,80.71712323070768,45.89358032936613
half0__producer,ADE_vs_old_stop4,all,eu-locality-008,157961,17.991200812998084,17.98943571826429,-0.009811840468132438,63.89009159326731,131.2795710962386,63.86139156028711
half0__producer,ADE_vs_old_stop4,all,eu-locality-020,1225,6.44340196947887,6.452382222545509,0.13917732640296165,20.950455289077674,42.958840384020256,20.950455289077674
half0__producer,ADE_vs_old_stop4,all,eu-locality-048,8058,26.56975109176411,26.553830942929174,-0.0599542449040813,89.55098636922551,160.11545465691114,89.55098636922551
half0__producer,ADE_vs_old_stop4,all,eu-locality-067,6903,28.818896507949344,28.873163253048368,0.1879487350361364,93.15038154789627,168.56927310186109,93.15038154789627
half0__producer,ADE_vs_old_stop4,all,eu-locality-110,8550,30.357524613244376,30.358044370758794,0.0017120915565937977,121.4135773363726,270.73137899676516,121.68449105426859
half0__producer,ADE_vs_old_stop4,all,eu-locality-119,5639,28.845056988378623,28.852417788094066,0.02551189910496854,114.3522798565831,201.6878989025234,114.45336587739244
half0__producer,ADE_vs_old_stop4,all,eu-locality-124,3550,42.43424700433868,42.407575143660424,-0.06289409518913658,186.45287792257716,344.5055271166482,186.18276158812444
half0__producer,ADE_vs_old_stop4,easy,eu-locality-007,2133,1.779061719645105,1.7874893549700068,0.47147890987262464,4.210772662147344,4.726064642309346,4.22837301836189
half0__producer,ADE_vs_old_stop4,easy,eu-locality-008,52276,2.162544073540139,2.1662653867091297,0.17178473107785086,4.199527686386016,4.593466620956019,4.234064147982267
half0__producer,ADE_vs_old_stop4,easy,eu-locality-020,695,1.6128955550647073,1.625677164853267,0.7862329658615552,4.258957491577554,4.645577515453056,4.2930456589077775
half0__producer,ADE_vs_old_stop4,easy,eu-locality-048,2050,2.151503988930952,2.1511982165954837,-0.014214047460137103,4.303399010810802,4.693557238623529,4.284196614084099
half0__producer,ADE_vs_old_stop4,easy,eu-locality-067,1508,2.036655703088733,2.037789731301798,0.05564991302318134,4.307644335745245,4.623940123557498,4.307644335745245
half0__producer,ADE_vs_old_stop4,easy,eu-locality-110,2579,2.181167007343489,2.1769032458977597,-0.1958636174466566,4.182163179490535,4.506464254621015,4.195000446068202
half0__producer,ADE_vs_old_stop4,easy,eu-locality-119,1658,2.200188657009012,2.2040837269478786,0.17672059782685157,4.2259662627668835,4.642270741483972,4.215888937008986
half0__producer,ADE_vs_old_stop4,easy,eu-locality-124,1006,2.3941711100532808,2.400078617850799,0.24613809537656905,4.287347248809614,4.624646363720011,4.309958639134824
half0__producer,ADE_vs_old_stop4,hard,eu-locality-007,1023,41.140065351319556,41.14991851725806,0.023944557592181503,81.67666598213943,114.47062363973248,81.67666598213943
half0__producer,ADE_vs_old_stop4,hard,eu-locality-008,36762,52.55659141647557,52.532493736971304,-0.04587195046350523,124.3548686676523,215.29668702518754,124.3548686676523
half0__producer,ADE_vs_old_stop4,hard,eu-locality-020,47,37.64541412593011,37.64541412593011,0.0,59.47714101421315,69.16719818649797,59.47714101421315
half0__producer,ADE_vs_old_stop4,hard,eu-locality-048,2992,57.3983809245827,57.37600407192925,-0.03900036786352867,127.3940467841187,211.57685641932093,127.11608694673164
half0__producer,ADE_vs_old_stop4,hard,eu-locality-067,2806,57.80779676256205,57.9390639899828,0.22656083543814987,132.24005022202874,207.56503644827586,132.24005022202874
half0__producer,ADE_vs_old_stop4,hard,eu-locality-110,2743,79.40609226708952,79.46383275794614,0.07266260492682086,230.4341792808899,408.99645159228305,230.75512668230746
half0__producer,ADE_vs_old_stop4,hard,eu-locality-119,1895,70.8182961303573,70.84185145378392,0.03325057567417078,177.35436104322963,275.16663244604706,177.35436104322963
half0__producer,ADE_vs_old_stop4,hard,eu-locality-124,1362,98.76870216109864,98.72227545064261,-0.04702759356396413,278.10766655456683,456.2515668720877,278.10766655456683
half0__producer,ADE_vs_old_stop4,complete,eu-locality-007,2882,13.639876440931443,13.665175546224367,0.1851356040567853,47.62481810943001,79.58424742220402,47.83773492869996
half0__producer,ADE_vs_old_stop4,complete,eu-locality-008,97352,16.320497980898274,16.31994933830242,-0.0033617910477623525,59.07709286235984,120.28398950207574,59.003041850399725
half0__producer,ADE_vs_old_stop4,complete,eu-locality-020,364,6.778686463399423,6.791378277054203,0.18688126528985105,22.682718227503177,49.70629992513765,22.682718227503177
half0__producer,ADE_vs_old_stop4,complete,eu-locality-048,4716,26.547973085320006,26.526352164543134,-0.08150732766705193,91.38499461110202,161.22338275660073,91.38499461110202
half0__producer,ADE_vs_old_stop4,complete,eu-locality-067,3417,30.07166279130736,30.067894092011002,-0.012533964915628637,92.49833101194194,166.36606324874677,92.49833101194194
half0__producer,ADE_vs_old_stop4,complete,eu-locality-110,5804,28.288445889986754,28.264277390025246,-0.08550899649051313,118.18033866701663,275.3204835858817,118.18033866701663
half0__producer,ADE_vs_old_stop4,complete,eu-locality-119,3148,28.451348428136193,28.467448033372655,0.05655443795871129,111.844506586388,205.2067029563877,112.70775480291367
half0__producer,ADE_vs_old_stop4,complete,eu-locality-124,2077,38.425899920758084,38.39923034635209,-0.06945340874138228,177.32650540365142,316.4037738037055,176.26503245693834
half0__producer,FDE_vs_floor4,endpoint,eu-locality-007,3935,29.91834403916673,30.123946530920737,0.6825217656755811,102.630383216675,180.22954667261536,102.96456780800754
half0__producer,FDE_vs_floor4,endpoint,eu-locality-008,121088,35.80423966829043,35.893854561911,0.2496663975333102,137.13994228650898,282.3060936069268,137.0225183719183
half0__producer,FDE_vs_floor4,endpoint,eu-locality-020,622,14.393997206226334,14.662738031078371,1.8328147463483768,54.18434016797015,99.18086841907973,54.18434016797015
half0__producer,FDE_vs_floor4,endpoint,eu-locality-048,5582,58.85068400716518,58.83853060819334,-0.020655510676781397,216.2196458274127,355.4563120785641,216.2196458274127
half0__producer,FDE_vs_floor4,endpoint,eu-locality-067,4600,64.1704122279176,64.29400756456238,0.19223461303243816,207.16877909819794,394.0447029702928,207.16877909819794
half0__producer,FDE_vs_floor4,endpoint,eu-locality-110,7204,57.84879097092439,57.8976563672657,0.08439961029049758,251.12962827604994,587.6090239057078,251.77304034955634
half0__producer,FDE_vs_floor4,endpoint,eu-locality-119,4147,65.38953879353193,65.45138581897585,0.09449307248433625,270.5290560144782,484.5542592170748,270.5290560144782
half0__producer,FDE_vs_floor4,endpoint,eu-locality-124,2645,83.81229858853868,83.8513061080275,0.04651987106625288,381.9827743206876,749.8979417287693,380.9415092093398
half0__producer,ADE_vs_CV,easy,eu-locality-007,2133,1.779061719645105,1.8525004364762494,3.964302268712905,4.210772662147344,4.726064642309346,4.355450553983238
half0__producer,ADE_vs_CV,easy,eu-locality-008,52276,2.162544073540139,2.3343046202023725,7.358103358735713,4.199527686386016,4.593466620956019,4.477191635123733
half0__producer,ADE_vs_CV,easy,eu-locality-020,695,1.6128955550647073,1.6834998531827923,4.1938998678616946,4.258957491577554,4.645577515453056,4.294862621440125
half0__producer,ADE_vs_CV,easy,eu-locality-048,2050,2.151503988930952,2.2919612794697164,6.12825756686698,4.303399010810802,4.693557238623529,4.484449431559784
half0__producer,ADE_vs_CV,easy,eu-locality-067,1508,2.036655703088733,2.126958008841005,4.245608299595826,4.307644335745245,4.623940123557498,4.431771346846858
half0__producer,ADE_vs_CV,easy,eu-locality-110,2579,2.181167007343489,2.356118809479549,7.425423600548653,4.182163179490535,4.506464254621015,4.476255197977273
half0__producer,ADE_vs_CV,easy,eu-locality-119,1658,2.200188657009012,2.3455260977767742,6.196368520713613,4.2259662627668835,4.642270741483972,4.423775218674889
half0__producer,ADE_vs_CV,easy,eu-locality-124,1006,2.3941711100532808,2.5758364727079335,7.052674522605507,4.287347248809614,4.624646363720011,4.529853536161329
half0__placebo,ADE_vs_floor4,all,eu-locality-007,5526,13.58360401869305,13.64789830589558,0.47109295337258716,45.72409026969978,80.71712323070768,46.043806660168336
half0__placebo,ADE_vs_floor4,all,eu-locality-008,157961,17.989495302436115,18.01946869067815,0.1663389124094472,63.89009159326731,131.2795710962386,63.87110052866994
half0__placebo,ADE_vs_floor4,all,eu-locality-020,1225,6.440026951230503,6.506789818623793,1.0260492386307107,20.950455289077674,42.958840384020256,20.950455289077674
half0__placebo,ADE_vs_floor4,all,eu-locality-048,8058,26.571463917113718,26.56803914779497,-0.012890561097478326,89.55098636922551,160.11545465691114,89.55098636922551
half0__placebo,ADE_vs_floor4,all,eu-locality-067,6903,28.836471661563028,28.924116458647177,0.3030163331331326,93.15038154789627,168.56927310186109,93.15038154789627
half0__placebo,ADE_vs_floor4,all,eu-locality-110,8550,30.370359579359846,30.401031696246584,0.1008916973384344,121.68449105426859,270.73137899676516,121.9052045177577
half0__placebo,ADE_vs_floor4,all,eu-locality-119,5639,28.846418997622543,28.86229479722535,0.055005326895674056,114.3522798565831,201.6878989025234,114.45336587739244
half0__placebo,ADE_vs_floor4,all,eu-locality-124,3550,42.43373424453573,42.44684261854885,0.030881858824982622,186.45287792257716,344.5055271166482,186.18276158812444
half0__placebo,ADE_vs_floor4,easy,eu-locality-007,2133,1.773619525092818,1.811840789257669,2.10952664226699,4.20456568553029,4.704508445901062,4.2311151932019575
half0__placebo,ADE_vs_floor4,easy,eu-locality-008,52276,2.155262518698028,2.2200121030134605,2.9166320412190916,4.197717069950028,4.589197284147221,4.2501406752232125
half0__placebo,ADE_vs_floor4,easy,eu-locality-020,695,1.6095068634702059,1.6710333648543638,3.6819433219108855,4.2424120646997014,4.645577515453056,4.2930456589077775
half0__placebo,ADE_vs_floor4,easy,eu-locality-048,2050,2.150619012034389,2.1848527331144614,1.5668662954355317,4.294820842049293,4.693557238623529,4.2902832393824175
half0__placebo,ADE_vs_floor4,easy,eu-locality-067,1508,2.0372295924944877,2.0636627051599694,1.2808833827053556,4.310216209467442,4.623940123557498,4.323981111443166
half0__placebo,ADE_vs_floor4,easy,eu-locality-110,2579,2.1806484297618978,2.2146142928814014,1.5337146169733806,4.182163179490535,4.506464254621015,4.204306144710051
half0__placebo,ADE_vs_floor4,easy,eu-locality-119,1658,2.202153073698841,2.233736119928937,1.413911247094879,4.229803938537856,4.645785961809294,4.228048703735379
half0__placebo,ADE_vs_floor4,easy,eu-locality-124,1006,2.391171087548334,2.4463349333209,2.2549588374508156,4.293182139531153,4.624646363720011,4.3295911457613965
half0__placebo,ADE_vs_floor4,hard,eu-locality-007,1023,41.15130758184764,41.299807249779356,0.35956503872668355,81.67666598213943,114.47062363973248,81.24718975645555
half0__placebo,ADE_vs_floor4,hard,eu-locality-008,36762,52.562594074169255,52.54039116946299,-0.04225873506469302,124.33320145770217,215.29668702518754,124.45172929758508
half0__placebo,ADE_vs_floor4,hard,eu-locality-020,47,37.64541412593011,37.64541412593011,0.0,59.47714101421315,69.16719818649797,59.47714101421315
half0__placebo,ADE_vs_floor4,hard,eu-locality-048,2992,57.3984607138673,57.382378989090256,-0.028025545577503586,127.3940467841187,211.57685641932093,127.11608694673164
half0__placebo,ADE_vs_floor4,hard,eu-locality-067,2806,57.841165188133544,58.01275648649573,0.29578201201684307,132.24005022202874,207.56503644827586,132.24005022202874
half0__placebo,ADE_vs_floor4,hard,eu-locality-110,2743,79.43950101431996,79.52968913023722,0.1134018212614496,230.4341792808899,408.99645159228305,230.75512668230746
half0__placebo,ADE_vs_floor4,hard,eu-locality-119,1895,70.81807758237304,70.84175188563026,0.03341857397237691,177.35436104322963,275.16663244604706,177.35436104322963
half0__placebo,ADE_vs_floor4,hard,eu-locality-124,1362,98.77251525108883,98.74383719232434,-0.0290428846801305,278.10766655456683,456.2515668720877,278.10766655456683
half0__placebo,ADE_vs_floor4,complete,eu-locality-007,2882,13.634660709226953,13.728260697078813,0.6818051457296193,47.62481810943001,79.58424742220402,47.88294704991147
half0__placebo,ADE_vs_floor4,complete,eu-locality-008,97352,16.318105728668524,16.356827787016275,0.23673330093069156,59.07397175618032,120.3012545117399,59.006204879513994
half0__placebo,ADE_vs_floor4,complete,eu-locality-020,364,6.778782221978082,6.904363427901251,1.8188672603137168,22.682718227503177,49.70629992513765,22.682718227503177
half0__placebo,ADE_vs_floor4,complete,eu-locality-048,4716,26.549583518040787,26.54681627821172,-0.01042399887078993,91.38499461110202,161.22338275660073,91.38499461110202
half0__placebo,ADE_vs_floor4,complete,eu-locality-067,3417,30.07568605344823,30.10543616909522,0.09881974630724377,92.49833101194194,166.36606324874677,92.49833101194194
half0__placebo,ADE_vs_floor4,complete,eu-locality-110,5804,28.289479373019546,28.300248496549504,0.03805310589859445,118.18033866701663,275.3204835858817,118.307140243085
half0__placebo,ADE_vs_floor4,complete,eu-locality-119,3148,28.45293897351545,28.47799643115178,0.0879888362122272,111.844506586388,205.2067029563877,112.70775480291367
half0__placebo,ADE_vs_floor4,complete,eu-locality-124,2077,38.42407221965147,38.44534253779068,0.05532612466204734,177.32650540365142,316.4037738037055,176.26503245693834
half0__placebo,ADE_vs_floor2,all,eu-locality-007,5526,13.58360401869305,13.649562672522034,0.48322906316820013,45.72409026969978,80.71712323070768,46.0377620823333
half0__placebo,ADE_vs_floor2,all,eu-locality-008,157961,17.989495302436115,18.020237463743985,0.1705979811293945,63.89009159326731,131.2795710962386,63.89369219205415
half0__placebo,ADE_vs_floor2,all,eu-locality-020,1225,6.440026951230503,6.496351801901558,0.8670227904616912,20.950455289077674,42.958840384020256,20.950455289077674
half0__placebo,ADE_vs_floor2,all,eu-locality-048,8058,26.571463917113718,26.58523394294762,0.051795767016582506,89.55098636922551,160.11545465691114,89.55098636922551
half0__placebo,ADE_vs_floor2,all,eu-locality-067,6903,28.836471661563028,28.937144257595072,0.34790093706507097,93.15038154789627,168.56927310186109,93.15038154789627
half0__placebo,ADE_vs_floor2,all,eu-locality-110,8550,30.370359579359846,30.42346806597947,0.17456420978847476,121.68449105426859,270.73137899676516,121.9052045177577
half0__placebo,ADE_vs_floor2,all,eu-locality-119,5639,28.846418997622543,28.857172354991032,0.03726407160135059,114.3522798565831,201.6878989025234,114.3522798565831
half0__placebo,ADE_vs_floor2,all,eu-locality-124,3550,42.43373424453573,42.47245366599511,0.0911636086859402,186.45287792257716,344.5055271166482,186.45287792257716
half0__placebo,ADE_vs_floor2,easy,eu-locality-007,2133,1.773619525092818,1.8016960926165373,1.5583409232433176,4.20456568553029,4.704508445901062,4.215498751717551
half0__placebo,ADE_vs_floor2,easy,eu-locality-008,52276,2.155262518698028,2.2036796031867874,2.197101811839719,4.197717069950028,4.589197284147221,4.215083185677308
half0__placebo,ADE_vs_floor2,easy,eu-locality-020,695,1.6095068634702059,1.6527015257335416,2.6135791363878558,4.2424120646997014,4.645577515453056,4.258957491577554
half0__placebo,ADE_vs_floor2,easy,eu-locality-048,2050,2.150619012034389,2.1838758086541086,1.522833692645531,4.294820842049293,4.693557238623529,4.307347057075696
half0__placebo,ADE_vs_floor2,easy,eu-locality-067,1508,2.0372295924944877,2.0624257559133685,1.2216761426024014,4.310216209467442,4.623940123557498,4.324787808246665
half0__placebo,ADE_vs_floor2,easy,eu-locality-110,2579,2.1806484297618978,2.2120768934172936,1.4207672323200304,4.182163179490535,4.506464254621015,4.196721496865745
half0__placebo,ADE_vs_floor2,easy,eu-locality-119,1658,2.202153073698841,2.232711311179685,1.3686604859227458,4.229803938537856,4.645785961809294,4.231375667205294
half0__placebo,ADE_vs_floor2,easy,eu-locality-124,1006,2.391171087548334,2.435817779776934,1.832924145610293,4.293182139531153,4.624646363720011,4.3042415039976865
half0__placebo,ADE_vs_floor2,hard,eu-locality-007,1023,41.15130758184764,41.33605132472196,0.44693127900155005,81.67666598213943,114.47062363973248,81.24718975645555
half0__placebo,ADE_vs_floor2,hard,eu-locality-008,36762,52.562594074169255,52.576166973199584,0.02581568762372033,124.33320145770217,215.29668702518754,124.45172929758508
half0__placebo,ADE_vs_floor2,hard,eu-locality-020,47,37.64541412593011,37.64541412593011,0.0,59.47714101421315,69.16719818649797,59.47714101421315
half0__placebo,ADE_vs_floor2,hard,eu-locality-048,2992,57.3984607138673,57.404068556252774,0.00976906781438025,127.3940467841187,211.57685641932093,127.3940467841187
half0__placebo,ADE_vs_floor2,hard,eu-locality-067,2806,57.841165188133544,58.030741658517634,0.3266828321782489,132.24005022202874,207.56503644827586,132.24005022202874
half0__placebo,ADE_vs_floor2,hard,eu-locality-110,2743,79.43950101431996,79.5414340743185,0.12815089542300706,230.4341792808899,408.99645159228305,230.75512668230746
half0__placebo,ADE_vs_floor2,hard,eu-locality-119,1895,70.81807758237304,70.81835649457578,0.0003938416768600739,177.35436104322963,275.16663244604706,177.35436104322963
half0__placebo,ADE_vs_floor2,hard,eu-locality-124,1362,98.77251525108883,98.78815619502755,0.01583281290101768,278.10766655456683,456.2515668720877,278.10766655456683
half0__placebo,ADE_vs_floor2,complete,eu-locality-007,2882,13.634660709226953,13.720636384566669,0.6266157992235954,47.62481810943001,79.58424742220402,47.842456221283804
half0__placebo,ADE_vs_floor2,complete,eu-locality-008,97352,16.318105728668524,16.35339273915775,0.21577791869900054,59.07397175618032,120.3012545117399,59.07159491170203
half0__placebo,ADE_vs_floor2,complete,eu-locality-020,364,6.778782221978082,6.886787790330588,1.5683010953837062,22.682718227503177,49.70629992513765,22.682718227503177
half0__placebo,ADE_vs_floor2,complete,eu-locality-048,4716,26.549583518040787,26.569772034188986,0.07598302357363362,91.38499461110202,161.22338275660073,91.38499461110202
half0__placebo,ADE_vs_floor2,complete,eu-locality-067,3417,30.07568605344823,30.1152249275577,0.13129197674791593,92.49833101194194,166.36606324874677,92.49833101194194
half0__placebo,ADE_vs_floor2,complete,eu-locality-110,5804,28.289479373019546,28.3254410945659,0.12695908750827156,118.18033866701663,275.3204835858817,118.307140243085
half0__placebo,ADE_vs_floor2,complete,eu-locality-119,3148,28.45293897351545,28.463858843030263,0.03836398140895092,111.844506586388,205.2067029563877,111.844506586388
half0__placebo,ADE_vs_floor2,complete,eu-locality-124,2077,38.42407221965147,38.475019573252375,0.13241670612773593,177.32650540365142,316.4037738037055,177.32650540365142
half0__placebo,ADE_vs_old_stop4,all,eu-locality-007,5526,13.58360401869305,13.590104852307379,0.04783505120068421,45.72409026969978,80.71712323070768,45.89358032936613
half0__placebo,ADE_vs_old_stop4,all,eu-locality-008,157961,17.989495302436115,17.98943571826429,-0.0003312175699043962,63.89009159326731,131.2795710962386,63.86139156028711
half0__placebo,ADE_vs_old_stop4,all,eu-locality-020,1225,6.440026951230503,6.452382222545509,0.19148387198506533,20.950455289077674,42.958840384020256,20.950455289077674
half0__placebo,ADE_vs_old_stop4,all,eu-locality-048,8058,26.571463917113718,26.553830942929174,-0.06640463375111594,89.55098636922551,160.11545465691114,89.55098636922551
half0__placebo,ADE_vs_old_stop4,all,eu-locality-067,6903,28.836471661563028,28.873163253048368,0.1270785302038835,93.15038154789627,168.56927310186109,93.15038154789627
half0__placebo,ADE_vs_old_stop4,all,eu-locality-110,8550,30.370359579359846,30.358044370758794,-0.040566541278641566,121.68449105426859,270.73137899676516,121.68449105426859
half0__placebo,ADE_vs_old_stop4,all,eu-locality-119,5639,28.846418997622543,28.852417788094066,0.020791292139121786,114.3522798565831,201.6878989025234,114.45336587739244
half0__placebo,ADE_vs_old_stop4,all,eu-locality-124,3550,42.43373424453573,42.407575143660424,-0.061684972052011844,186.45287792257716,344.5055271166482,186.18276158812444
half0__placebo,ADE_vs_old_stop4,easy,eu-locality-007,2133,1.773619525092818,1.7874893549700068,0.7759391595046239,4.20456568553029,4.704508445901062,4.22837301836189
half0__placebo,ADE_vs_old_stop4,easy,eu-locality-008,52276,2.155262518698028,2.1662653867091297,0.5079187471031199,4.197717069950028,4.589197284147221,4.234064147982267
half0__placebo,ADE_vs_old_stop4,easy,eu-locality-020,695,1.6095068634702059,1.625677164853267,0.9946809694236336,4.2424120646997014,4.645577515453056,4.2930456589077775
half0__placebo,ADE_vs_old_stop4,easy,eu-locality-048,2050,2.150619012034389,2.1511982165954837,0.026924741598732815,4.294820842049293,4.693557238623529,4.284196614084099
half0__placebo,ADE_vs_old_stop4,easy,eu-locality-067,1508,2.0372295924944877,2.037789731301798,0.02748756648961459,4.310216209467442,4.623940123557498,4.307644335745245
half0__placebo,ADE_vs_old_stop4,easy,eu-locality-110,2579,2.1806484297618978,2.1769032458977597,-0.17204181541810026,4.182163179490535,4.506464254621015,4.195000446068202
half0__placebo,ADE_vs_old_stop4,easy,eu-locality-119,1658,2.202153073698841,2.2040837269478786,0.0875943697343673,4.229803938537856,4.645785961809294,4.215888937008986
half0__placebo,ADE_vs_old_stop4,easy,eu-locality-124,1006,2.391171087548334,2.400078617850799,0.3711349385063789,4.293182139531153,4.624646363720011,4.309958639134824
half0__placebo,ADE_vs_old_stop4,hard,eu-locality-007,1023,41.15130758184764,41.14991851725806,-0.003375619295575838,81.67666598213943,114.47062363973248,81.67666598213943
half0__placebo,ADE_vs_old_stop4,hard,eu-locality-008,36762,52.562594074169255,52.532493736971304,-0.05729851194322677,124.33320145770217,215.29668702518754,124.3548686676523
half0__placebo,ADE_vs_old_stop4,hard,eu-locality-020,47,37.64541412593011,37.64541412593011,0.0,59.47714101421315,69.16719818649797,59.47714101421315
half0__placebo,ADE_vs_old_stop4,hard,eu-locality-048,2992,57.3984607138673,57.37600407192925,-0.039139431721135765,127.3940467841187,211.57685641932093,127.11608694673164
half0__placebo,ADE_vs_old_stop4,hard,eu-locality-067,2806,57.841165188133544,57.9390639899828,0.168968559564886,132.24005022202874,207.56503644827586,132.24005022202874
half0__placebo,ADE_vs_old_stop4,hard,eu-locality-110,2743,79.43950101431996,79.46383275794614,0.030619896853323336,230.4341792808899,408.99645159228305,230.75512668230746
half0__placebo,ADE_vs_old_stop4,hard,eu-locality-119,1895,70.81807758237304,70.84185145378392,0.03355907690582027,177.35436104322963,275.16663244604706,177.35436104322963
half0__placebo,ADE_vs_old_stop4,hard,eu-locality-124,1362,98.77251525108883,98.72227545064261,-0.050890034915518356,278.10766655456683,456.2515668720877,278.10766655456683
half0__placebo,ADE_vs_old_stop4,complete,eu-locality-007,2882,13.634660709226953,13.665175546224367,0.2233036589555204,47.62481810943001,79.58424742220402,47.83773492869996
half0__placebo,ADE_vs_old_stop4,complete,eu-locality-008,97352,16.318105728668524,16.31994933830242,0.011296662726567597,59.07397175618032,120.3012545117399,59.003041850399725
half0__placebo,ADE_vs_old_stop4,complete,eu-locality-020,364,6.778782221978082,6.791378277054203,0.1854712631555011,22.682718227503177,49.70629992513765,22.682718227503177
half0__placebo,ADE_vs_old_stop4,complete,eu-locality-048,4716,26.549583518040787,26.526352164543134,-0.08757839507500531,91.38499461110202,161.22338275660073,91.38499461110202
half0__placebo,ADE_vs_old_stop4,complete,eu-locality-067,3417,30.07568605344823,30.067894092011002,-0.025914556614381468,92.49833101194194,166.36606324874677,92.49833101194194
half0__placebo,ADE_vs_old_stop4,complete,eu-locality-110,5804,28.289479373019546,28.264277390025246,-0.08916549553534825,118.18033866701663,275.3204835858817,118.18033866701663
half0__placebo,ADE_vs_old_stop4,complete,eu-locality-119,3148,28.45293897351545,28.467448033372655,0.05096719537415195,111.844506586388,205.2067029563877,112.70775480291367
half0__placebo,ADE_vs_old_stop4,complete,eu-locality-124,2077,38.42407221965147,38.39923034635209,-0.06469367504324808,177.32650540365142,316.4037738037055,176.26503245693834
half0__placebo,FDE_vs_floor4,endpoint,eu-locality-007,3935,29.910776174488923,30.123946530920737,0.7076441867037708,102.630383216675,180.22954667261536,102.96456780800754
half0__placebo,FDE_vs_floor4,endpoint,eu-locality-008,121088,35.799128890309454,35.893854561911,0.2639049852897757,137.14336631906005,282.3060936069268,137.0225183719183
half0__placebo,FDE_vs_floor4,endpoint,eu-locality-020,622,14.387250456943914,14.662738031078371,1.8788276347197153,54.18434016797015,99.18086841907973,54.18434016797015
half0__placebo,FDE_vs_floor4,endpoint,eu-locality-048,5582,58.855562222269015,58.83853060819334,-0.02894636201757894,216.2196458274127,355.4563120785641,216.2196458274127
half0__placebo,FDE_vs_floor4,endpoint,eu-locality-067,4600,64.18919013371182,64.29400756456238,0.16302830515784184,207.16877909819794,394.0447029702928,207.16877909819794
half0__placebo,FDE_vs_floor4,endpoint,eu-locality-110,7204,57.88282131048221,57.8976563672657,0.025622896874077927,251.61890320290925,587.6090239057078,251.77304034955634
half0__placebo,FDE_vs_floor4,endpoint,eu-locality-119,4147,65.394020317192,65.45138581897585,0.08764596970110006,270.5290560144782,484.5542592170748,270.5290560144782
half0__placebo,FDE_vs_floor4,endpoint,eu-locality-124,2645,83.80928153955475,83.8513061080275,0.05011796526891432,381.9827743206876,749.8979417287693,380.9415092093398
half0__placebo,ADE_vs_CV,easy,eu-locality-007,2133,1.773619525092818,1.8525004364762494,4.258077883829037,4.20456568553029,4.704508445901062,4.355450553983238
half0__placebo,ADE_vs_CV,easy,eu-locality-008,52276,2.155262518698028,2.3343046202023725,7.670040146209467,4.197717069950028,4.589197284147221,4.477191635123733
half0__placebo,ADE_vs_CV,easy,eu-locality-020,695,1.6095068634702059,1.6834998531827923,4.395188367417835,4.2424120646997014,4.645577515453056,4.294862621440125
half0__placebo,ADE_vs_CV,easy,eu-locality-048,2050,2.150619012034389,2.2919612794697164,6.1668697766146146,4.294820842049293,4.693557238623529,4.484449431559784
half0__placebo,ADE_vs_CV,easy,eu-locality-067,1508,2.0372295924944877,2.126958008841005,4.2186266006920885,4.310216209467442,4.623940123557498,4.431771346846858
half0__placebo,ADE_vs_CV,easy,eu-locality-110,2579,2.1806484297618978,2.356118809479549,7.447433423631622,4.182163179490535,4.506464254621015,4.476255197977273
half0__placebo,ADE_vs_CV,easy,eu-locality-119,1658,2.202153073698841,2.3455260977767742,6.112616875754684,4.229803938537856,4.645785961809294,4.423775218674889
half0__placebo,ADE_vs_CV,easy,eu-locality-124,1006,2.391171087548334,2.5758364727079335,7.169142417083019,4.293182139531153,4.624646363720011,4.529853536161329
half0__wrong_tag,ADE_vs_floor4,all,eu-locality-007,5526,13.59189946962668,13.64789830589558,0.41031106045616994,45.80191694195659,80.71712323070768,46.043806660168336
half0__wrong_tag,ADE_vs_floor4,all,eu-locality-008,157961,17.993331536657468,18.01946869067815,0.1450495265390539,63.89369219205415,131.32488108264758,63.87110052866994
half0__wrong_tag,ADE_vs_floor4,all,eu-locality-020,1225,6.440201115328301,6.506789818623793,1.0233725869690957,20.950455289077674,42.958840384020256,20.950455289077674
half0__wrong_tag,ADE_vs_floor4,all,eu-locality-048,8058,26.569896208124305,26.56803914779497,-0.00698982833848838,89.55098636922551,160.11545465691114,89.55098636922551
half0__wrong_tag,ADE_vs_floor4,all,eu-locality-067,6903,28.83616267970821,28.924116458647177,0.30408458306657726,93.15038154789627,168.56927310186109,93.15038154789627
half0__wrong_tag,ADE_vs_floor4,all,eu-locality-110,8550,30.37098297625251,30.401031696246584,0.09884111925643202,121.68449105426859,270.73137899676516,121.9052045177577
half0__wrong_tag,ADE_vs_floor4,all,eu-locality-119,5639,28.846331460774177,28.86229479722535,0.0553086182624174,114.3522798565831,201.6878989025234,114.45336587739244
half0__wrong_tag,ADE_vs_floor4,all,eu-locality-124,3550,42.43542282591625,42.44684261854885,0.026903750498541434,186.45287792257716,344.5055271166482,186.18276158812444
half0__wrong_tag,ADE_vs_floor4,easy,eu-locality-007,2133,1.769262839533954,1.811840789257669,2.3499829552440676,4.210772662147344,4.704508445901062,4.2311151932019575
half0__wrong_tag,ADE_vs_floor4,easy,eu-locality-008,52276,2.154588428649665,2.2200121030134605,2.946996292271964,4.197971895016084,4.59111250722687,4.2501406752232125
half0__wrong_tag,ADE_vs_floor4,easy,eu-locality-020,695,1.6088779676936427,1.6710333648543638,3.7195784637213514,4.2424120646997014,4.645577515453056,4.2930456589077775
half0__wrong_tag,ADE_vs_floor4,easy,eu-locality-048,2050,2.1437344255508832,2.1848527331144614,1.8819715828153227,4.292759069005489,4.687580685034368,4.2902832393824175
half0__wrong_tag,ADE_vs_floor4,easy,eu-locality-067,1508,2.034243896748521,2.0636627051599694,1.425562827582727,4.310216209467442,4.623940123557498,4.323981111443166
half0__wrong_tag,ADE_vs_floor4,easy,eu-locality-110,2579,2.181620215230586,2.2146142928814014,1.4898340427437318,4.182869488968543,4.500206214630012,4.204306144710051
half0__wrong_tag,ADE_vs_floor4,easy,eu-locality-119,1658,2.2013702875629098,2.233736119928937,1.4489550523567152,4.231375667205294,4.645785961809294,4.228048703735379
half0__wrong_tag,ADE_vs_floor4,easy,eu-locality-124,1006,2.3915155209596044,2.4463349333209,2.240879268599505,4.278553849214802,4.620523635317392,4.3295911457613965
half0__wrong_tag,ADE_vs_floor4,hard,eu-locality-007,1023,41.18688133205911,41.299807249779356,0.27342964832082206,81.67666598213943,114.47062363973248,81.24718975645555
half0__wrong_tag,ADE_vs_floor4,hard,eu-locality-008,36762,52.57132541404855,52.54039116946299,-0.058877073232643795,124.3548686676523,215.62617092739976,124.45172929758508
half0__wrong_tag,ADE_vs_floor4,hard,eu-locality-020,47,37.64541412593011,37.64541412593011,0.0,59.47714101421315,69.16719818649797,59.47714101421315
half0__wrong_tag,ADE_vs_floor4,hard,eu-locality-048,2992,57.398392561964094,57.382378989090256,-0.027906777578667885,127.3940467841187,211.57685641932093,127.11608694673164
half0__wrong_tag,ADE_vs_floor4,hard,eu-locality-067,2806,57.84580026192993,58.01275648649573,0.2877922627321894,132.24005022202874,207.56503644827586,132.24005022202874
half0__wrong_tag,ADE_vs_floor4,hard,eu-locality-110,2743,79.43702277343985,79.52968913023722,0.11651794167787388,230.4341792808899,408.99645159228305,230.75512668230746
half0__wrong_tag,ADE_vs_floor4,hard,eu-locality-119,1895,70.81770341000308,70.84175188563026,0.03394675454385654,177.35436104322963,275.16663244604706,177.35436104322963
half0__wrong_tag,ADE_vs_floor4,hard,eu-locality-124,1362,98.7726426743424,98.74383719232434,-0.029171928939697445,278.10766655456683,456.2515668720877,278.10766655456683
half0__wrong_tag,ADE_vs_floor4,complete,eu-locality-007,2882,13.649054745653006,13.728260697078813,0.5769554729002313,47.62481810943001,79.58424742220402,47.88294704991147
half0__wrong_tag,ADE_vs_floor4,complete,eu-locality-008,97352,16.320437537002547,16.356827787016275,0.2224774295332077,59.07397175618032,120.3012545117399,59.006204879513994
half0__wrong_tag,ADE_vs_floor4,complete,eu-locality-020,364,6.776987914227018,6.904363427901251,1.8448552861440648,22.682718227503177,49.70629992513765,22.682718227503177
half0__wrong_tag,ADE_vs_floor4,complete,eu-locality-048,4716,26.547414141298592,26.54681627821172,-0.0022521084283910753,91.38499461110202,161.22338275660073,91.38499461110202
half0__wrong_tag,ADE_vs_floor4,complete,eu-locality-067,3417,30.075888380969676,30.10543616909522,0.09814768322764511,92.49833101194194,166.36606324874677,92.49833101194194
half0__wrong_tag,ADE_vs_floor4,complete,eu-locality-110,5804,28.291461149298335,28.300248496549504,0.031050424353129547,118.18033866701663,275.3204835858817,118.307140243085
half0__wrong_tag,ADE_vs_floor4,complete,eu-locality-119,3148,28.452328078721422,28.47799643115178,0.09013398288890695,111.844506586388,205.2067029563877,112.70775480291367
half0__wrong_tag,ADE_vs_floor4,complete,eu-locality-124,2077,38.42826533125361,38.44534253779068,0.04441944175755941,177.32650540365142,316.4037738037055,176.26503245693834
half0__wrong_tag,ADE_vs_floor2,all,eu-locality-007,5526,13.59189946962668,13.649562672522034,0.42245458172396333,45.80191694195659,80.71712323070768,46.0377620823333
half0__wrong_tag,ADE_vs_floor2,all,eu-locality-008,157961,17.993331536657468,18.020237463743985,0.1493095034993286,63.89369219205415,131.32488108264758,63.89369219205415
half0__wrong_tag,ADE_vs_floor2,all,eu-locality-020,1225,6.440201115328301,6.496351801901558,0.8643418380886003,20.950455289077674,42.958840384020256,20.950455289077674
half0__wrong_tag,ADE_vs_floor2,all,eu-locality-048,8058,26.569896208124305,26.58523394294762,0.05769268330018118,89.55098636922551,160.11545465691114,89.55098636922551
half0__wrong_tag,ADE_vs_floor2,all,eu-locality-067,6903,28.83616267970821,28.937144257595072,0.3489687060614477,93.15038154789627,168.56927310186109,93.15038154789627
half0__wrong_tag,ADE_vs_floor2,all,eu-locality-110,8550,30.37098297625251,30.42346806597947,0.1725151439445849,121.68449105426859,270.73137899676516,121.9052045177577
half0__wrong_tag,ADE_vs_floor2,all,eu-locality-119,5639,28.846331460774177,28.857172354991032,0.03756741680540632,114.3522798565831,201.6878989025234,114.3522798565831
half0__wrong_tag,ADE_vs_floor2,all,eu-locality-124,3550,42.43542282591625,42.47245366599511,0.08718789917360192,186.45287792257716,344.5055271166482,186.45287792257716
half0__wrong_tag,ADE_vs_floor2,easy,eu-locality-007,2133,1.769262839533954,1.8016960926165373,1.8001511584276986,4.210772662147344,4.704508445901062,4.215498751717551
half0__wrong_tag,ADE_vs_floor2,easy,eu-locality-008,52276,2.154588428649665,2.2036796031867874,2.2276911065533533,4.197971895016084,4.59111250722687,4.215083185677308
half0__wrong_tag,ADE_vs_floor2,easy,eu-locality-020,695,1.6088779676936427,1.6527015257335416,2.651631728871795,4.2424120646997014,4.645577515453056,4.258957491577554
half0__wrong_tag,ADE_vs_floor2,easy,eu-locality-048,2050,2.1437344255508832,2.1838758086541086,1.8380799377032297,4.292759069005489,4.687580685034368,4.307347057075696
half0__wrong_tag,ADE_vs_floor2,easy,eu-locality-067,1508,2.034243896748521,2.0624257559133685,1.3664423596362218,4.310216209467442,4.623940123557498,4.324787808246665
half0__wrong_tag,ADE_vs_floor2,easy,eu-locality-110,2579,2.181620215230586,2.2120768934172936,1.3768363241504322,4.182869488968543,4.500206214630012,4.196721496865745
half0__wrong_tag,ADE_vs_floor2,easy,eu-locality-119,1658,2.2013702875629098,2.232711311179685,1.4037203762010564,4.231375667205294,4.645785961809294,4.231375667205294
half0__wrong_tag,ADE_vs_floor2,easy,eu-locality-124,1006,2.3915155209596044,2.435817779776934,1.8187837852709388,4.278553849214802,4.620523635317392,4.3042415039976865
half0__wrong_tag,ADE_vs_floor2,hard,eu-locality-007,1023,41.18688133205911,41.33605132472196,0.3608714134086477,81.67666598213943,114.47062363973248,81.24718975645555
half0__wrong_tag,ADE_vs_floor2,hard,eu-locality-008,36762,52.57132541404855,52.576166973199584,0.009208657514914176,124.3548686676523,215.62617092739976,124.45172929758508
half0__wrong_tag,ADE_vs_floor2,hard,eu-locality-020,47,37.64541412593011,37.64541412593011,0.0,59.47714101421315,69.16719818649797,59.47714101421315
half0__wrong_tag,ADE_vs_floor2,hard,eu-locality-048,2992,57.398392561964094,57.404068556252774,0.00988779093787917,127.3940467841187,211.57685641932093,127.3940467841187
half0__wrong_tag,ADE_vs_floor2,hard,eu-locality-067,2806,57.84580026192993,58.030741658517634,0.318695559115878,132.24005022202874,207.56503644827586,132.24005022202874
half0__wrong_tag,ADE_vs_floor2,hard,eu-locality-110,2743,79.43702277343985,79.5414340743185,0.13126655571874535,230.4341792808899,408.99645159228305,230.75512668230746
half0__wrong_tag,ADE_vs_floor2,hard,eu-locality-119,1895,70.81770341000308,70.81835649457578,0.0009221967368744366,177.35436104322963,275.16663244604706,177.35436104322963
half0__wrong_tag,ADE_vs_floor2,hard,eu-locality-124,1362,98.7726426743424,98.78815619502755,0.015703826534141374,278.10766655456683,456.2515668720877,278.10766655456683
half0__wrong_tag,ADE_vs_floor2,complete,eu-locality-007,2882,13.649054745653006,13.720636384566669,0.5217078633042105,47.62481810943001,79.58424742220402,47.842456221283804
half0__wrong_tag,ADE_vs_floor2,complete,eu-locality-008,97352,16.320437537002547,16.35339273915775,0.20151905284029326,59.07397175618032,120.3012545117399,59.07159491170203
half0__wrong_tag,ADE_vs_floor2,complete,eu-locality-020,364,6.776987914227018,6.886787790330588,1.5943554447508168,22.682718227503177,49.70629992513765,22.682718227503177
half0__wrong_tag,ADE_vs_floor2,complete,eu-locality-048,4716,26.547414141298592,26.569772034188986,0.08414785366477329,91.38499461110202,161.22338275660073,91.38499461110202
half0__wrong_tag,ADE_vs_floor2,complete,eu-locality-067,3417,30.075888380969676,30.1152249275577,0.13062013211805334,92.49833101194194,166.36606324874677,92.49833101194194
half0__wrong_tag,ADE_vs_floor2,complete,eu-locality-110,5804,28.291461149298335,28.3254410945659,0.11996263413558417,118.18033866701663,275.3204835858817,118.307140243085
half0__wrong_tag,ADE_vs_floor2,complete,eu-locality-119,3148,28.452328078721422,28.463858843030263,0.04051019354904817,111.844506586388,205.2067029563877,111.844506586388
half0__wrong_tag,ADE_vs_floor2,complete,eu-locality-124,2077,38.42826533125361,38.475019573252375,0.12151843590293421,177.32650540365142,316.4037738037055,177.32650540365142
half0__wrong_tag,ADE_vs_old_stop4,all,eu-locality-007,5526,13.59189946962668,13.590104852307379,-0.013205323570386618,45.80191694195659,80.71712323070768,45.89358032936613
half0__wrong_tag,ADE_vs_old_stop4,all,eu-locality-008,157961,17.993331536657468,17.98943571826429,-0.02165614560785123,63.89369219205415,131.32488108264758,63.86139156028711
half0__wrong_tag,ADE_vs_old_stop4,all,eu-locality-020,1225,6.440201115328301,6.452382222545509,0.18878465033652647,20.950455289077674,42.958840384020256,20.950455289077674
half0__wrong_tag,ADE_vs_old_stop4,all,eu-locality-048,8058,26.569896208124305,26.553830942929174,-0.06050074367671687,89.55098636922551,160.11545465691114,89.55098636922551
half0__wrong_tag,ADE_vs_old_stop4,all,eu-locality-067,6903,28.83616267970821,28.873163253048368,0.12814866530515,93.15038154789627,168.56927310186109,93.15038154789627
half0__wrong_tag,ADE_vs_old_stop4,all,eu-locality-110,8550,30.37098297625251,30.358044370758794,-0.04262002300181589,121.68449105426859,270.73137899676516,121.68449105426859
half0__wrong_tag,ADE_vs_old_stop4,all,eu-locality-119,5639,28.846331460774177,28.852417788094066,0.021094687331191242,114.3522798565831,201.6878989025234,114.45336587739244
half0__wrong_tag,ADE_vs_old_stop4,all,eu-locality-124,3550,42.43542282591625,42.407575143660424,-0.06566676392480986,186.45287792257716,344.5055271166482,186.18276158812444
half0__wrong_tag,ADE_vs_old_stop4,easy,eu-locality-007,2133,1.769262839533954,1.7874893549700068,1.0196712716288414,4.210772662147344,4.704508445901062,4.22837301836189
half0__wrong_tag,ADE_vs_old_stop4,easy,eu-locality-008,52276,2.154588428649665,2.1662653867091297,0.5390363586616487,4.197971895016084,4.59111250722687,4.234064147982267
half0__wrong_tag,ADE_vs_old_stop4,easy,eu-locality-020,695,1.6088779676936427,1.625677164853267,1.033366127224944,4.2424120646997014,4.645577515453056,4.2930456589077775
half0__wrong_tag,ADE_vs_old_stop4,easy,eu-locality-048,2050,2.1437344255508832,2.1511982165954837,0.3469597077117692,4.292759069005489,4.687580685034368,4.284196614084099
half0__wrong_tag,ADE_vs_old_stop4,easy,eu-locality-067,1508,2.034243896748521,2.037789731301798,0.17400394647252293,4.310216209467442,4.623940123557498,4.307644335745245
half0__wrong_tag,ADE_vs_old_stop4,easy,eu-locality-110,2579,2.181620215230586,2.1769032458977597,-0.21668254396307596,4.182869488968543,4.500206214630012,4.195000446068202
half0__wrong_tag,ADE_vs_old_stop4,easy,eu-locality-119,1658,2.2013702875629098,2.2040837269478786,0.12310963289612342,4.231375667205294,4.645785961809294,4.215888937008986
half0__wrong_tag,ADE_vs_old_stop4,easy,eu-locality-124,1006,2.3915155209596044,2.400078617850799,0.3567840164695357,4.278553849214802,4.620523635317392,4.309958639134824
half0__wrong_tag,ADE_vs_old_stop4,hard,eu-locality-007,1023,41.18688133205911,41.14991851725806,-0.08982475818402058,81.67666598213943,114.47062363973248,81.67666598213943
half0__wrong_tag,ADE_vs_old_stop4,hard,eu-locality-008,36762,52.57132541404855,52.532493736971304,-0.0739193484163847,124.3548686676523,215.62617092739976,124.3548686676523
half0__wrong_tag,ADE_vs_old_stop4,hard,eu-locality-020,47,37.64541412593011,37.64541412593011,0.0,59.47714101421315,69.16719818649797,59.47714101421315
half0__wrong_tag,ADE_vs_old_stop4,hard,eu-locality-048,2992,57.398392561964094,57.37600407192925,-0.03902065052625581,127.3940467841187,211.57685641932093,127.11608694673164
half0__wrong_tag,ADE_vs_old_stop4,hard,eu-locality-067,2806,57.84580026192993,57.9390639899828,0.16096864814556522,132.24005022202874,207.56503644827586,132.24005022202874
half0__wrong_tag,ADE_vs_old_stop4,hard,eu-locality-110,2743,79.43702277343985,79.46383275794614,0.03373859978280658,230.4341792808899,408.99645159228305,230.75512668230746
half0__wrong_tag,ADE_vs_old_stop4,hard,eu-locality-119,1895,70.81770341000308,70.84185145378392,0.03408725673494928,177.35436104322963,275.16663244604706,177.35436104322963
half0__wrong_tag,ADE_vs_old_stop4,hard,eu-locality-124,1362,98.7726426743424,98.72227545064261,-0.05101910735938464,278.10766655456683,456.2515668720877,278.10766655456683
half0__wrong_tag,ADE_vs_old_stop4,complete,eu-locality-007,2882,13.649054745653006,13.665175546224367,0.11796994862474097,47.62481810943001,79.58424742220402,47.83773492869996
half0__wrong_tag,ADE_vs_old_stop4,complete,eu-locality-008,97352,16.320437537002547,16.31994933830242,-0.0029914228899086126,59.07397175618032,120.3012545117399,59.003041850399725
half0__wrong_tag,ADE_vs_old_stop4,complete,eu-locality-020,364,6.776987914227018,6.791378277054203,0.2118916402551907,22.682718227503177,49.70629992513765,22.682718227503177
half0__wrong_tag,ADE_vs_old_stop4,complete,eu-locality-048,4716,26.547414141298592,26.526352164543134,-0.07940020031707018,91.38499461110202,161.22338275660073,91.38499461110202
half0__wrong_tag,ADE_vs_old_stop4,complete,eu-locality-067,3417,30.075888380969676,30.067894092011002,-0.026587458816407228,92.49833101194194,166.36606324874677,92.49833101194194
half0__wrong_tag,ADE_vs_old_stop4,complete,eu-locality-110,5804,28.291461149298335,28.264277390025246,-0.09617708918567835,118.18033866701663,275.3204835858817,118.18033866701663
half0__wrong_tag,ADE_vs_old_stop4,complete,eu-locality-119,3148,28.452328078721422,28.467448033372655,0.053113136918725434,111.844506586388,205.2067029563877,112.70775480291367
half0__wrong_tag,ADE_vs_old_stop4,complete,eu-locality-124,2077,38.42826533125361,38.39923034635209,-0.07561345537301367,177.32650540365142,316.4037738037055,176.26503245693834
half0__wrong_tag,FDE_vs_floor4,endpoint,eu-locality-007,3935,29.93532555468678,30.123946530920737,0.6261496183454729,102.630383216675,180.22954667261536,102.96456780800754
half0__wrong_tag,FDE_vs_floor4,endpoint,eu-locality-008,121088,35.810015033601346,35.893854561911,0.2335762746378922,137.14336631906005,282.42868035511566,137.0225183719183
half0__wrong_tag,FDE_vs_floor4,endpoint,eu-locality-020,622,14.397316160965195,14.662738031078371,1.810179446366711,54.18434016797015,99.18086841907973,54.18434016797015
half0__wrong_tag,FDE_vs_floor4,endpoint,eu-locality-048,5582,58.85045967492044,58.83853060819334,-0.020274243091722433,216.2196458274127,355.4563120785641,216.2196458274127
half0__wrong_tag,FDE_vs_floor4,endpoint,eu-locality-067,4600,64.1880835473221,64.29400756456238,0.1647494397264304,207.16877909819794,394.0447029702928,207.16877909819794
half0__wrong_tag,FDE_vs_floor4,endpoint,eu-locality-110,7204,57.884005268535155,57.8976563672657,0.02357798154030144,251.61890320290925,587.6090239057078,251.77304034955634
half0__wrong_tag,FDE_vs_floor4,endpoint,eu-locality-119,4147,65.3931034661034,65.45138581897585,0.08904678204010308,270.5290560144782,484.5542592170748,270.5290560144782
half0__wrong_tag,FDE_vs_floor4,endpoint,eu-locality-124,2645,83.81661805710597,83.8513061080275,0.041368527851959325,381.9827743206876,749.8979417287693,380.9415092093398
half0__wrong_tag,ADE_vs_CV,easy,eu-locality-007,2133,1.769262839533954,1.8525004364762494,4.493256536048462,4.210772662147344,4.704508445901062,4.355450553983238
half0__wrong_tag,ADE_vs_CV,easy,eu-locality-008,52276,2.154588428649665,2.3343046202023725,7.698917698973107,4.197971895016084,4.59111250722687,4.477191635123733
half0__wrong_tag,ADE_vs_CV,easy,eu-locality-020,695,1.6088779676936427,1.6834998531827923,4.432544817159978,4.2424120646997014,4.645577515453056,4.294862621440125
half0__wrong_tag,ADE_vs_CV,easy,eu-locality-048,2050,2.1437344255508832,2.2919612794697164,6.467249479586668,4.292759069005489,4.687580685034368,4.484449431559784
half0__wrong_tag,ADE_vs_CV,easy,eu-locality-067,1508,2.034243896748521,2.126958008841005,4.359000587087502,4.310216209467442,4.623940123557498,4.431771346846858
half0__wrong_tag,ADE_vs_CV,easy,eu-locality-110,2579,2.181620215230586,2.356118809479549,7.4061882425831005,4.182869488968543,4.500206214630012,4.476255197977273
half0__wrong_tag,ADE_vs_CV,easy,eu-locality-119,1658,2.2013702875629098,2.3455260977767742,6.14599046032801,4.231375667205294,4.645785961809294,4.423775218674889
half0__wrong_tag,ADE_vs_CV,easy,eu-locality-124,1006,2.3915155209596044,2.5758364727079335,7.155770705993447,4.278553849214802,4.620523635317392,4.529853536161329
half0__legacy,ADE_vs_floor4,all,eu-locality-007,5526,13.602498273577421,13.64789830589558,0.3326521879090216,45.89358032936613,80.71712323070768,46.043806660168336
half0__legacy,ADE_vs_floor4,all,eu-locality-008,157961,17.993485366706327,18.01946869067815,0.14419583850029394,63.88777248258642,131.32488108264758,63.87110052866994
half0__legacy,ADE_vs_floor4,all,eu-locality-020,1225,6.4475872441962165,6.506789818623793,0.9098584106424723,20.950455289077674,42.958840384020256,20.950455289077674
half0__legacy,ADE_vs_floor4,all,eu-locality-048,8058,26.572491966649686,26.56803914779497,-0.01676005831647842,89.55098636922551,160.11545465691114,89.55098636922551
half0__legacy,ADE_vs_floor4,all,eu-locality-067,6903,28.82949959170462,28.924116458647177,0.32712102745758864,93.15038154789627,168.56927310186109,93.15038154789627
half0__legacy,ADE_vs_floor4,all,eu-locality-110,8550,30.369716213446946,30.401031696246584,0.10300796075780605,121.68449105426859,270.73137899676516,121.9052045177577
half0__legacy,ADE_vs_floor4,all,eu-locality-119,5639,28.847298868455905,28.86229479722535,0.05195681381123807,114.3522798565831,201.6878989025234,114.45336587739244
half0__legacy,ADE_vs_floor4,all,eu-locality-124,3550,42.436879013719164,42.44684261854885,0.023473135373630605,186.45287792257716,344.5055271166482,186.18276158812444
half0__legacy,ADE_vs_floor4,easy,eu-locality-007,2133,1.7819538816695477,1.811840789257669,1.6495327716055108,4.215234122360111,4.715958687040434,4.2311151932019575
half0__legacy,ADE_vs_floor4,easy,eu-locality-008,52276,2.1561280020254774,2.2200121030134605,2.877646518289989,4.1984991372745135,4.593121244187095,4.2501406752232125
half0__legacy,ADE_vs_floor4,easy,eu-locality-020,695,1.612463758391659,1.6710333648543638,3.5049932391870153,4.258957491577554,4.645577515453056,4.2930456589077775
half0__legacy,ADE_vs_floor4,easy,eu-locality-048,2050,2.1542135934586635,2.1848527331144614,1.4023434710916383,4.307347057075696,4.701565882548871,4.2902832393824175
half0__legacy,ADE_vs_floor4,easy,eu-locality-067,1508,2.0391320784151254,2.0636627051599694,1.1886936117761704,4.310216209467442,4.623940123557498,4.323981111443166
half0__legacy,ADE_vs_floor4,easy,eu-locality-110,2579,2.178147452779801,2.2146142928814014,1.6466452067440684,4.183570364457491,4.506464254621015,4.204306144710051
half0__legacy,ADE_vs_floor4,easy,eu-locality-119,1658,2.2037334011812497,2.233736119928937,1.343163074635767,4.229803938537856,4.645785961809294,4.228048703735379
half0__legacy,ADE_vs_floor4,easy,eu-locality-124,1006,2.393280518575748,2.4463349333209,2.1687306191197075,4.293182139531153,4.624646363720011,4.3295911457613965
half0__legacy,ADE_vs_floor4,hard,eu-locality-007,1023,41.21877848544629,41.299807249779356,0.19619647094961667,81.67666598213943,114.47062363973248,81.24718975645555
half0__legacy,ADE_vs_floor4,hard,eu-locality-008,36762,52.57162236679463,52.54039116946299,-0.059442262679199054,124.45172929758508,215.62617092739976,124.45172929758508
half0__legacy,ADE_vs_floor4,hard,eu-locality-020,47,37.64541412593011,37.64541412593011,0.0,59.47714101421315,69.16719818649797,59.47714101421315
half0__legacy,ADE_vs_floor4,hard,eu-locality-048,2992,57.39840093031049,57.382378989090256,-0.027921361056293392,127.3940467841187,211.57685641932093,127.11608694673164
half0__legacy,ADE_vs_floor4,hard,eu-locality-067,2806,57.82947652787376,58.01275648649573,0.3159304430994214,132.24005022202874,207.56503644827586,132.24005022202874
half0__legacy,ADE_vs_floor4,hard,eu-locality-110,2743,79.43664273777499,79.52968913023722,0.11699579550707995,230.4341792808899,408.99645159228305,230.75512668230746
half0__legacy,ADE_vs_floor4,hard,eu-locality-119,1895,70.81799382661733,70.84175188563026,0.03353680334061693,177.35436104322963,275.16663244604706,177.35436104322963
half0__legacy,ADE_vs_floor4,hard,eu-locality-124,1362,98.77261832225372,98.74383719232434,-0.0291472670576276,278.10766655456683,456.2515668720877,278.10766655456683
half0__legacy,ADE_vs_floor4,complete,eu-locality-007,2882,13.672607568185933,13.728260697078813,0.40539096773360983,47.842456221283804,79.58424742220402,47.88294704991147
half0__legacy,ADE_vs_floor4,complete,eu-locality-008,97352,16.320794457466203,16.356827787016275,0.22029534099927695,59.07159491170203,120.28398950207574,59.006204879513994
half0__legacy,ADE_vs_floor4,complete,eu-locality-020,364,6.783939432472897,6.904363427901251,1.7441723148829191,22.682718227503177,49.70629992513765,22.682718227503177
half0__legacy,ADE_vs_floor4,complete,eu-locality-048,4716,26.551453751344827,26.54681627821172,-0.01746903690638124,91.38499461110202,161.22338275660073,91.38499461110202
half0__legacy,ADE_vs_floor4,complete,eu-locality-067,3417,30.078172317331582,30.10543616909522,0.09056122492464569,92.49833101194194,166.36606324874677,92.49833101194194
half0__legacy,ADE_vs_floor4,complete,eu-locality-110,5804,28.288317589406027,28.300248496549504,0.042158312302209566,118.18033866701663,275.3204835858817,118.307140243085
half0__legacy,ADE_vs_floor4,complete,eu-locality-119,3148,28.453706048383932,28.47799643115178,0.08529526586104064,111.844506586388,205.2067029563877,112.70775480291367
half0__legacy,ADE_vs_floor4,complete,eu-locality-124,2077,38.428848011627025,38.44534253779068,0.042903834573571054,177.32650540365142,316.4037738037055,176.26503245693834
half0__legacy,ADE_vs_floor2,all,eu-locality-007,5526,13.602498273577421,13.649562672522034,0.3448051785524098,45.89358032936613,80.71712323070768,46.0377620823333
half0__legacy,ADE_vs_floor2,all,eu-locality-008,157961,17.993485366706327,18.020237463743985,0.14845585188032473,63.88777248258642,131.32488108264758,63.89369219205415
half0__legacy,ADE_vs_floor2,all,eu-locality-020,1225,6.4475872441962165,6.496351801901558,0.7506452727986113,20.950455289077674,42.958840384020256,20.950455289077674
half0__legacy,ADE_vs_floor2,all,eu-locality-048,8058,26.572491966649686,26.58523394294762,0.047928772510630324,89.55098636922551,160.11545465691114,89.55098636922551
half0__legacy,ADE_vs_floor2,all,eu-locality-067,6903,28.82949959170462,28.937144257595072,0.37199477920907276,93.15038154789627,168.56927310186109,93.15038154789627
half0__legacy,ADE_vs_floor2,all,eu-locality-110,8550,30.369716213446946,30.42346806597947,0.17667891252881596,121.68449105426859,270.73137899676516,121.9052045177577
half0__legacy,ADE_vs_floor2,all,eu-locality-119,5639,28.847298868455905,28.857172354991032,0.034215017374772394,114.3522798565831,201.6878989025234,114.3522798565831
half0__legacy,ADE_vs_floor2,all,eu-locality-124,3550,42.436879013719164,42.47245366599511,0.0837593527223679,186.45287792257716,344.5055271166482,186.45287792257716
half0__legacy,ADE_vs_floor2,easy,eu-locality-007,2133,1.7819538816695477,1.8016960926165373,1.0957569940843181,4.215234122360111,4.715958687040434,4.215498751717551
half0__legacy,ADE_vs_floor2,easy,eu-locality-008,52276,2.1561280020254774,2.2036796031867874,2.1578273489732624,4.1984991372745135,4.593121244187095,4.215083185677308
half0__legacy,ADE_vs_floor2,easy,eu-locality-020,695,1.612463758391659,1.6527015257335416,2.4346663154451442,4.258957491577554,4.645577515453056,4.258957491577554
half0__legacy,ADE_vs_floor2,easy,eu-locality-048,2050,2.1542135934586635,2.1838758086541086,1.35823727145572,4.307347057075696,4.701565882548871,4.307347057075696
half0__legacy,ADE_vs_floor2,easy,eu-locality-067,1508,2.0391320784151254,2.0624257559133685,1.1294310804379593,4.310216209467442,4.623940123557498,4.324787808246665
half0__legacy,ADE_vs_floor2,easy,eu-locality-110,2579,2.178147452779801,2.2120768934172936,1.5338273609954545,4.183570364457491,4.506464254621015,4.196721496865745
half0__legacy,ADE_vs_floor2,easy,eu-locality-119,1658,2.2037334011812497,2.232711311179685,1.2978798402344394,4.229803938537856,4.645785961809294,4.231375667205294
half0__legacy,ADE_vs_floor2,easy,eu-locality-124,1006,2.393280518575748,2.435817779776934,1.7463236188825837,4.293182139531153,4.624646363720011,4.3042415039976865
half0__legacy,ADE_vs_floor2,hard,eu-locality-007,1023,41.21877848544629,41.33605132472196,0.28370595525539777,81.67666598213943,114.47062363973248,81.24718975645555
half0__legacy,ADE_vs_floor2,hard,eu-locality-008,36762,52.57162236679463,52.576166973199584,0.008643852655276785,124.45172929758508,215.62617092739976,124.45172929758508
half0__legacy,ADE_vs_floor2,hard,eu-locality-020,47,37.64541412593011,37.64541412593011,0.0,59.47714101421315,69.16719818649797,59.47714101421315
half0__legacy,ADE_vs_floor2,hard,eu-locality-048,2992,57.39840093031049,57.404068556252774,0.009873212970490375,127.3940467841187,211.57685641932093,127.3940467841187
half0__legacy,ADE_vs_floor2,hard,eu-locality-067,2806,57.82947652787376,58.030741658517634,0.34682501876026617,132.24005022202874,207.56503644827586,132.24005022202874
half0__legacy,ADE_vs_floor2,hard,eu-locality-110,2743,79.43664273777499,79.5414340743185,0.13174433898891502,230.4341792808899,408.99645159228305,230.75512668230746
half0__legacy,ADE_vs_floor2,hard,eu-locality-119,1895,70.81799382661733,70.81835649457578,0.0005121101031013708,177.35436104322963,275.16663244604706,177.35436104322963
half0__legacy,ADE_vs_floor2,hard,eu-locality-124,1362,98.77261832225372,98.78815619502755,0.015728477352239256,278.10766655456683,456.2515668720877,278.10766655456683
half0__legacy,ADE_vs_floor2,complete,eu-locality-007,2882,13.672607568185933,13.720636384566669,0.35004802280715897,47.842456221283804,79.58424742220402,47.842456221283804
half0__legacy,ADE_vs_floor2,complete,eu-locality-008,97352,16.320794457466203,16.35339273915775,0.1993365059563046,59.07159491170203,120.28398950207574,59.07159491170203
half0__legacy,ADE_vs_floor2,complete,eu-locality-020,364,6.783939432472897,6.886787790330588,1.493415522431163,22.682718227503177,49.70629992513765,22.682718227503177
half0__legacy,ADE_vs_floor2,complete,eu-locality-048,4716,26.551453751344827,26.569772034188986,0.06894407231115007,91.38499461110202,161.22338275660073,91.38499461110202
half0__legacy,ADE_vs_floor2,complete,eu-locality-067,3417,30.078172317331582,30.1152249275577,0.12303613974410377,92.49833101194194,166.36606324874677,92.49833101194194
half0__legacy,ADE_vs_floor2,complete,eu-locality-110,5804,28.288317589406027,28.3254410945659,0.13106064274844842,118.18033866701663,275.3204835858817,118.307140243085
half0__legacy,ADE_vs_floor2,complete,eu-locality-119,3148,28.453706048383932,28.463858843030263,0.035669073200228496,111.844506586388,205.2067029563877,111.844506586388
half0__legacy,ADE_vs_floor2,complete,eu-locality-124,2077,38.428848011627025,38.475019573252375,0.12000399775611292,177.32650540365142,316.4037738037055,177.32650540365142
half0__legacy,ADE_vs_old_stop4,all,eu-locality-007,5526,13.602498273577421,13.590104852307379,-0.09119444923146869,45.89358032936613,80.71712323070768,45.89358032936613
half0__legacy,ADE_vs_old_stop4,all,eu-locality-008,157961,17.993485366706327,17.98943571826429,-0.022511258860258287,63.88777248258642,131.32488108264758,63.86139156028711
half0__legacy,ADE_vs_old_stop4,all,eu-locality-020,1225,6.4475872441962165,6.452382222545509,0.07431330296178151,20.950455289077674,42.958840384020256,20.950455289077674
half0__legacy,ADE_vs_old_stop4,all,eu-locality-048,8058,26.572491966649686,26.553830942929174,-0.07027620142878721,89.55098636922551,160.11545465691114,89.55098636922551
half0__legacy,ADE_vs_old_stop4,all,eu-locality-067,6903,28.82949959170462,28.873163253048368,0.15122576269552823,93.15038154789627,168.56927310186109,93.15038154789627
half0__legacy,ADE_vs_old_stop4,all,eu-locality-110,8550,30.369716213446946,30.358044370758794,-0.03844728120694363,121.68449105426859,270.73137899676516,121.68449105426859
half0__legacy,ADE_vs_old_stop4,all,eu-locality-119,5639,28.847298868455905,28.852417788094066,0.017741735461329622,114.3522798565831,201.6878989025234,114.45336587739244
half0__legacy,ADE_vs_old_stop4,all,eu-locality-124,3550,42.436879013719164,42.407575143660424,-0.06910055564239848,186.45287792257716,344.5055271166482,186.18276158812444
half0__legacy,ADE_vs_old_stop4,easy,eu-locality-007,2133,1.7819538816695477,1.7874893549700068,0.30967867221519674,4.215234122360111,4.715958687040434,4.22837301836189
half0__legacy,ADE_vs_old_stop4,easy,eu-locality-008,52276,2.1561280020254774,2.1662653867091297,0.46796596325866524,4.1984991372745135,4.593121244187095,4.234064147982267
half0__legacy,ADE_vs_old_stop4,easy,eu-locality-020,695,1.612463758391659,1.625677164853267,0.812794000388184,4.258957491577554,4.645577515453056,4.2930456589077775
half0__legacy,ADE_vs_old_stop4,easy,eu-locality-048,2050,2.1542135934586635,2.1511982165954837,-0.14017196741413773,4.307347057075696,4.701565882548871,4.284196614084099
half0__legacy,ADE_vs_old_stop4,easy,eu-locality-067,1508,2.0391320784151254,2.037789731301798,-0.06587269985260935,4.310216209467442,4.623940123557498,4.307644335745245
half0__legacy,ADE_vs_old_stop4,easy,eu-locality-110,2579,2.178147452779801,2.1769032458977597,-0.05715490040201221,4.183570364457491,4.506464254621015,4.195000446068202
half0__legacy,ADE_vs_old_stop4,easy,eu-locality-119,1658,2.2037334011812497,2.2040837269478786,0.015894394679549784,4.229803938537856,4.645785961809294,4.215888937008986
half0__legacy,ADE_vs_old_stop4,easy,eu-locality-124,1006,2.393280518575748,2.400078617850799,0.2832448580846303,4.293182139531153,4.624646363720011,4.309958639134824
half0__legacy,ADE_vs_old_stop4,hard,eu-locality-007,1023,41.21877848544629,41.14991851725806,-0.16733925769343294,81.67666598213943,114.47062363973248,81.67666598213943
half0__legacy,ADE_vs_old_stop4,hard,eu-locality-008,36762,52.57162236679463,52.532493736971304,-0.07448462283028423,124.45172929758508,215.62617092739976,124.3548686676523
half0__legacy,ADE_vs_old_stop4,hard,eu-locality-020,47,37.64541412593011,37.64541412593011,0.0,59.47714101421315,69.16719818649797,59.47714101421315
half0__legacy,ADE_vs_old_stop4,hard,eu-locality-048,2992,57.39840093031049,57.37600407192925,-0.03903523562420741,127.3940467841187,211.57685641932093,127.11608694673164
half0__legacy,ADE_vs_old_stop4,hard,eu-locality-067,2806,57.82947652787376,57.9390639899828,0.18914261736776572,132.24005022202874,207.56503644827586,132.24005022202874
half0__legacy,ADE_vs_old_stop4,hard,eu-locality-110,2743,79.43664273777499,79.46383275794614,0.034216849637713764,230.4341792808899,408.99645159228305,230.75512668230746
half0__legacy,ADE_vs_old_stop4,hard,eu-locality-119,1895,70.81799382661733,70.84185145378392,0.03367730610789321,177.35436104322963,275.16663244604706,177.35436104322963
half0__legacy,ADE_vs_old_stop4,hard,eu-locality-124,1362,98.77261832225372,98.72227545064261,-0.05099444009095677,278.10766655456683,456.2515668720877,278.10766655456683
half0__legacy,ADE_vs_old_stop4,complete,eu-locality-007,2882,13.672607568185933,13.665175546224367,-0.05438658242205019,47.842456221283804,79.58424742220402,47.83773492869996
half0__legacy,ADE_vs_old_stop4,complete,eu-locality-008,97352,16.320794457466203,16.31994933830242,-0.005178442323972021,59.07159491170203,120.28398950207574,59.003041850399725
half0__legacy,ADE_vs_old_stop4,complete,eu-locality-020,364,6.783939432472897,6.791378277054203,0.10953365101807888,22.682718227503177,49.70629992513765,22.682718227503177
half0__legacy,ADE_vs_old_stop4,complete,eu-locality-048,4716,26.551453751344827,26.526352164543134,-0.09462886810063242,91.38499461110202,161.22338275660073,91.38499461110202
half0__legacy,ADE_vs_old_stop4,complete,eu-locality-067,3417,30.078172317331582,30.067894092011002,-0.03418338939575882,92.49833101194194,166.36606324874677,92.49833101194194
half0__legacy,ADE_vs_old_stop4,complete,eu-locality-110,5804,28.288317589406027,28.264277390025246,-0.08505506455744882,118.18033866701663,275.3204835858817,118.18033866701663
half0__legacy,ADE_vs_old_stop4,complete,eu-locality-119,3148,28.453706048383932,28.467448033372655,0.048272626940826235,111.844506586388,205.2067029563877,112.70775480291367
half0__legacy,ADE_vs_old_stop4,complete,eu-locality-124,2077,38.428848011627025,38.39923034635209,-0.07713088259266865,177.32650540365142,316.4037738037055,176.26503245693834
half0__legacy,FDE_vs_floor4,endpoint,eu-locality-007,3935,29.983019613687357,30.123946530920737,0.4678235538916664,102.96456780800754,180.22954667261536,102.96456780800754
half0__legacy,FDE_vs_floor4,endpoint,eu-locality-008,121088,35.811883329457764,35.893854561911,0.22837121689409656,137.14336631906005,282.42868035511566,137.0225183719183
half0__legacy,FDE_vs_floor4,endpoint,eu-locality-020,622,14.4143218349478,14.662738031078371,1.6942006029435963,54.18434016797015,99.18086841907973,54.18434016797015
half0__legacy,FDE_vs_floor4,endpoint,eu-locality-048,5582,58.8596331709722,58.83853060819334,-0.03586521036595958,216.2196458274127,355.4563120785641,216.2196458274127
half0__legacy,FDE_vs_floor4,endpoint,eu-locality-067,4600,64.18461403149759,64.29400756456238,0.17014576818055183,207.16877909819794,394.0447029702928,207.16877909819794
half0__legacy,FDE_vs_floor4,endpoint,eu-locality-110,7204,57.87952439813499,57.8976563672657,0.031317276498532554,251.61890320290925,587.6090239057078,251.77304034955634
half0__legacy,FDE_vs_floor4,endpoint,eu-locality-119,4147,65.39796177919776,65.45138581897585,0.0816240009430036,270.5290560144782,484.5542592170748,270.5290560144782
half0__legacy,FDE_vs_floor4,endpoint,eu-locality-124,2645,83.82021657108724,83.8513061080275,0.03707698589715536,381.9827743206876,749.8979417287693,380.9415092093398
half0__legacy,ADE_vs_CV,easy,eu-locality-007,2133,1.7819538816695477,1.8525004364762494,3.8081801989149566,4.215234122360111,4.715958687040434,4.355450553983238
half0__legacy,ADE_vs_CV,easy,eu-locality-008,52276,2.1561280020254774,2.3343046202023725,7.6329634373704,4.1984991372745135,4.593121244187095,4.477191635123733
half0__legacy,ADE_vs_CV,easy,eu-locality-020,695,1.612463758391659,1.6834998531827923,4.219548618126323,4.258957491577554,4.645577515453056,4.294862621440125
half0__legacy,ADE_vs_CV,easy,eu-locality-048,2050,2.1542135934586635,2.2919612794697164,6.010035476817621,4.307347057075696,4.701565882548871,4.484449431559784
half0__legacy,ADE_vs_CV,easy,eu-locality-067,1508,2.0391320784151254,2.126958008841005,4.12918026876029,4.310216209467442,4.623940123557498,4.431771346846858
half0__legacy,ADE_vs_CV,easy,eu-locality-110,2579,2.178147452779801,2.356118809479549,7.5535815929019705,4.183570364457491,4.506464254621015,4.476255197977273
half0__legacy,ADE_vs_CV,easy,eu-locality-119,1658,2.2037334011812497,2.3455260977767742,6.045240627675119,4.229803938537856,4.645785961809294,4.423775218674889
half0__legacy,ADE_vs_CV,easy,eu-locality-124,1006,2.393280518575748,2.5758364727079335,7.0872493679797754,4.293182139531153,4.624646363720011,4.529853536161329
half1__global,ADE_vs_floor4,all,eu-locality-007,5526,13.146596603244527,13.64789830589558,3.673105495184581,45.44820234782039,77.2831555301788,46.043806660168336
half1__global,ADE_vs_floor4,all,eu-locality-008,157961,17.736012134370583,18.01946869067815,1.5730572369994755,62.251642365944214,129.1268830816932,63.87110052866994
half1__global,ADE_vs_floor4,all,eu-locality-020,1225,6.486734992517188,6.506789818623793,0.3082138299473569,21.632772482143114,39.464285429778364,20.950455289077674
half1__global,ADE_vs_floor4,all,eu-locality-048,8058,26.01513181615166,26.56803914779497,2.081099506695061,87.98794325945921,154.62847063476923,89.55098636922551
half1__global,ADE_vs_floor4,all,eu-locality-067,6903,28.059772706380404,28.924116458647177,2.9883151435326494,91.04541539093132,160.9846648617185,93.15038154789627
half1__global,ADE_vs_floor4,all,eu-locality-110,8550,29.726637587785355,30.401031696246584,2.2183263883919224,119.50336377924624,263.02109388512895,121.9052045177577
half1__global,ADE_vs_floor4,all,eu-locality-119,5639,28.473069362088047,28.86229479722535,1.348560250915043,113.73365745461915,200.07679764830758,114.45336587739244
half1__global,ADE_vs_floor4,all,eu-locality-124,3550,41.49324158819963,42.44684261854885,2.2465770632666637,180.6393789006598,328.3454653009593,186.18276158812444
half1__global,ADE_vs_floor4,easy,eu-locality-007,2133,1.8184679141256495,1.811840789257669,-0.36576750602328456,4.22566273418652,4.757639533424797,4.2311151932019575
half1__global,ADE_vs_floor4,easy,eu-locality-008,52276,2.2485014692234357,2.2200121030134605,-1.2832977879401408,4.300979413845461,4.70931503650077,4.2501406752232125
half1__global,ADE_vs_floor4,easy,eu-locality-020,695,1.7881830235496319,1.6710333648543638,-7.010611586769722,4.624715409104458,8.59108483512885,4.2930456589077775
half1__global,ADE_vs_floor4,easy,eu-locality-048,2050,2.208378960305549,2.1848527331144614,-1.076787777707633,4.326012845483563,4.714791538187013,4.2902832393824175
half1__global,ADE_vs_floor4,easy,eu-locality-067,1508,2.078128964056724,2.0636627051599694,-0.7009991923865977,4.3690171745159265,4.741445038632573,4.323981111443166
half1__global,ADE_vs_floor4,easy,eu-locality-110,2579,2.242983021757891,2.2146142928814014,-1.2809783160741661,4.2674044286321156,4.679640931334554,4.204306144710051
half1__global,ADE_vs_floor4,easy,eu-locality-119,1658,2.2442951982825083,2.233736119928937,-0.47270929897964553,4.231375667205294,4.6559864623485225,4.228048703735379
half1__global,ADE_vs_floor4,easy,eu-locality-124,1006,2.4897785678219475,2.4463349333209,-1.7758661706258172,4.353428079725912,4.7133670871793125,4.3295911457613965
half1__global,ADE_vs_floor4,hard,eu-locality-007,1023,39.64005097295325,41.299807249779356,4.018799087337088,79.42832137431866,110.60748465817277,81.24718975645555
half1__global,ADE_vs_floor4,hard,eu-locality-008,36762,51.09523252062624,52.54039116946299,2.7505669765106266,121.81172212925924,210.25373951400664,124.45172929758508
half1__global,ADE_vs_floor4,hard,eu-locality-020,47,36.89411999750645,37.64541412593011,1.9957122158636764,60.52355224102176,69.16719818649797,59.47714101421315
half1__global,ADE_vs_floor4,hard,eu-locality-048,2992,55.94906009396126,57.382378989090256,2.4978380478116957,124.76825351937813,200.22487872307087,127.11608694673164
half1__global,ADE_vs_floor4,hard,eu-locality-067,2806,56.12827324261442,58.01275648649573,3.2483945911447654,127.67986873667407,194.32647741731023,132.24005022202874
half1__global,ADE_vs_floor4,hard,eu-locality-110,2743,77.32964260728903,79.52968913023722,2.7663210393610416,219.4516063778659,396.45675519813955,230.75512668230746
half1__global,ADE_vs_floor4,hard,eu-locality-119,1895,69.7882103678273,70.84175188563026,1.4871759799275353,175.74517040320612,273.82955281849917,177.35436104322963
half1__global,ADE_vs_floor4,hard,eu-locality-124,1362,96.06974914047144,98.74383719232434,2.708106275680322,276.30623914317977,450.8215864835676,278.10766655456683
half1__global,ADE_vs_floor4,complete,eu-locality-007,2882,13.150819356984119,13.728260697078813,4.20622359114703,47.277834057353054,77.10734954293518,47.88294704991147
half1__global,ADE_vs_floor4,complete,eu-locality-008,97352,16.077674602596268,16.356827787016275,1.7066462278314987,57.66895455073054,117.01178787776178,59.006204879513994
half1__global,ADE_vs_floor4,complete,eu-locality-020,364,6.923253424293424,6.904363427901251,-0.2735950473846227,22.937980186983854,49.70629992513765,22.682718227503177
half1__global,ADE_vs_floor4,complete,eu-locality-048,4716,25.907572843717425,26.54681627821172,2.4079853033787457,90.17099060761468,159.98297785361092,91.38499461110202
half1__global,ADE_vs_floor4,complete,eu-locality-067,3417,28.97856419031964,30.10543616909522,3.7430847121636135,89.9197533457534,159.93773326698778,92.49833101194194
half1__global,ADE_vs_floor4,complete,eu-locality-110,5804,27.633879681892036,28.300248496549504,2.3546394468540233,113.89665472640061,263.6462515445786,118.307140243085
half1__global,ADE_vs_floor4,complete,eu-locality-119,3148,27.804465660057595,28.47799643115178,2.3650918445843216,110.41008756561739,201.62908603894607,112.70775480291367
half1__global,ADE_vs_floor4,complete,eu-locality-124,2077,37.44007650023581,38.44534253779068,2.6147927712354746,173.10971397244984,304.2066124590029,176.26503245693834
half1__global,ADE_vs_floor2,all,eu-locality-007,5526,13.146596603244527,13.182817192115504,0.2747560581560671,45.44820234782039,77.2831555301788,45.54686819552214
half1__global,ADE_vs_floor2,all,eu-locality-008,157961,17.736012134370583,17.762326758104805,0.14814851732313228,62.251642365944214,129.1268830816932,62.25178378465189
half1__global,ADE_vs_floor2,all,eu-locality-020,1225,6.486734992517188,6.492626323915866,0.0907388028320244,21.632772482143114,39.464285429778364,21.632772482143114
half1__global,ADE_vs_floor2,all,eu-locality-048,8058,26.01513181615166,26.020321098560057,0.019943191280158423,87.98794325945921,154.62847063476923,87.98794325945921
half1__global,ADE_vs_floor2,all,eu-locality-067,6903,28.059772706380404,28.084763678914356,0.08898409407914754,91.04541539093132,160.9846648617185,91.04541539093132
half1__global,ADE_vs_floor2,all,eu-locality-110,8550,29.726637587785355,29.773289153704624,0.15668932538299707,119.50336377924624,263.02109388512895,119.69634221657493
half1__global,ADE_vs_floor2,all,eu-locality-119,5639,28.473069362088047,28.476329527794654,0.011448686543058528,113.73365745461915,200.07679764830758,113.73365745461915
half1__global,ADE_vs_floor2,all,eu-locality-124,3550,41.49324158819963,41.507341280235025,0.03396915244511245,180.6393789006598,328.3454653009593,180.6393789006598
half1__global,ADE_vs_floor2,easy,eu-locality-007,2133,1.8184679141256495,1.8330379723735066,0.7948585063402236,4.22566273418652,4.757639533424797,4.23563651652886
half1__global,ADE_vs_floor2,easy,eu-locality-008,52276,2.2485014692234357,2.2767891801093643,1.2424387436947404,4.300979413845461,4.70931503650077,4.350039201632743
half1__global,ADE_vs_floor2,easy,eu-locality-020,695,1.7881830235496319,1.792423845444095,0.23659704735810028,4.624715409104458,8.59108483512885,4.624715409104458
half1__global,ADE_vs_floor2,easy,eu-locality-048,2050,2.208378960305549,2.217211010003611,0.39834051239208135,4.326012845483563,4.714791538187013,4.327060911227772
half1__global,ADE_vs_floor2,easy,eu-locality-067,1508,2.078128964056724,2.0833095608882055,0.24867148544513995,4.3690171745159265,4.741445038632573,4.374831205256731
half1__global,ADE_vs_floor2,easy,eu-locality-110,2579,2.242983021757891,2.261712376728166,0.8281050748534691,4.2674044286321156,4.679640931334554,4.303962832227737
half1__global,ADE_vs_floor2,easy,eu-locality-119,1658,2.2442951982825083,2.2487484648478198,0.19803311196980866,4.231375667205294,4.6559864623485225,4.233211350622765
half1__global,ADE_vs_floor2,easy,eu-locality-124,1006,2.4897785678219475,2.519186989606389,1.1673774874899845,4.353428079725912,4.7133670871793125,4.4475011332576315
half1__global,ADE_vs_floor2,hard,eu-locality-007,1023,39.64005097295325,39.71378669003484,0.1856678076485041,79.42832137431866,110.60748465817277,79.38499982857707
half1__global,ADE_vs_floor2,hard,eu-locality-008,36762,51.09523252062624,51.10199577075867,0.0132348062544696,121.81172212925924,210.25373951400664,121.81172212925924
half1__global,ADE_vs_floor2,hard,eu-locality-020,47,36.89411999750645,36.893160228428506,-0.0026014824211273435,60.52355224102176,69.16719818649797,60.52355224102176
half1__global,ADE_vs_floor2,hard,eu-locality-048,2992,55.94906009396126,55.95072466332657,0.002975063102983455,124.76825351937813,200.22487872307087,124.76825351937813
half1__global,ADE_vs_floor2,hard,eu-locality-067,2806,56.12827324261442,56.16628241008256,0.06767257122454184,127.67986873667407,194.32647741731023,127.67986873667407
half1__global,ADE_vs_floor2,hard,eu-locality-110,2743,77.32964260728903,77.42443976615223,0.12243828841321802,219.4516063778659,396.45675519813955,219.8284415811754
half1__global,ADE_vs_floor2,hard,eu-locality-119,1895,69.7882103678273,69.78896285281084,0.0010782292110045333,175.74517040320612,273.82955281849917,175.74517040320612
half1__global,ADE_vs_floor2,hard,eu-locality-124,1362,96.06974914047144,96.0701641731046,0.00043200991350911266,276.30623914317977,450.8215864835676,276.30623914317977
half1__global,ADE_vs_floor2,complete,eu-locality-007,2882,13.150819356984119,13.194899860220925,0.33407228325921245,47.277834057353054,77.10734954293518,47.295106099148626
half1__global,ADE_vs_floor2,complete,eu-locality-008,97352,16.077674602596268,16.110036883658353,0.2008827248242473,57.66895455073054,117.01178787776178,57.67206901514271
half1__global,ADE_vs_floor2,complete,eu-locality-020,364,6.923253424293424,6.933440402885818,0.14692530692488326,22.937980186983854,49.70629992513765,22.937980186983854
half1__global,ADE_vs_floor2,complete,eu-locality-048,4716,25.907572843717425,25.914958306372633,0.028498840584245677,90.17099060761468,159.98297785361092,90.17099060761468
half1__global,ADE_vs_floor2,complete,eu-locality-067,3417,28.97856419031964,28.99648051908513,0.06178794269081633,89.9197533457534,159.93773326698778,89.9197533457534
half1__global,ADE_vs_floor2,complete,eu-locality-110,5804,27.633879681892036,27.66167769718765,0.10049287537768903,113.89665472640061,263.6462515445786,114.90809678067276
half1__global,ADE_vs_floor2,complete,eu-locality-119,3148,27.804465660057595,27.80624489260915,0.006398679715391431,110.41008756561739,201.62908603894607,110.41008756561739
half1__global,ADE_vs_floor2,complete,eu-locality-124,2077,37.44007650023581,37.459033303169946,0.05060675960510963,173.10971397244984,304.2066124590029,173.10971397244984
half1__global,ADE_vs_old_stop4,all,eu-locality-007,5526,13.146596603244527,13.590104852307379,3.2634645124724804,45.44820234782039,77.2831555301788,45.89358032936613
half1__global,ADE_vs_old_stop4,all,eu-locality-008,157961,17.736012134370583,17.98943571826429,1.4087355927257406,62.251642365944214,129.1268830816932,63.86139156028711
half1__global,ADE_vs_old_stop4,all,eu-locality-020,1225,6.486734992517188,6.452382222545509,-0.5324044482616808,21.632772482143114,39.464285429778364,20.950455289077674
half1__global,ADE_vs_old_stop4,all,eu-locality-048,8058,26.01513181615166,26.553830942929174,2.0287058689773096,87.98794325945921,154.62847063476923,89.55098636922551
half1__global,ADE_vs_old_stop4,all,eu-locality-067,6903,28.059772706380404,28.873163253048368,2.8171161557162927,91.04541539093132,160.9846648617185,93.15038154789627
half1__global,ADE_vs_old_stop4,all,eu-locality-110,8550,29.726637587785355,30.358044370758794,2.0798664606394013,119.50336377924624,263.02109388512895,121.68449105426859
half1__global,ADE_vs_old_stop4,all,eu-locality-119,5639,28.473069362088047,28.852417788094066,1.3147890370648785,113.73365745461915,200.07679764830758,114.45336587739244
half1__global,ADE_vs_old_stop4,all,eu-locality-124,3550,41.49324158819963,42.407575143660424,2.156061864804548,180.6393789006598,328.3454653009593,186.18276158812444
half1__global,ADE_vs_old_stop4,easy,eu-locality-007,2133,1.8184679141256495,1.7874893549700068,-1.7330765673937432,4.22566273418652,4.757639533424797,4.22837301836189
half1__global,ADE_vs_old_stop4,easy,eu-locality-008,52276,2.2485014692234357,2.1662653867091297,-3.7962145828879468,4.300979413845461,4.70931503650077,4.234064147982267
half1__global,ADE_vs_old_stop4,easy,eu-locality-020,695,1.7881830235496319,1.625677164853267,-9.996194952460469,4.624715409104458,8.59108483512885,4.2930456589077775
half1__global,ADE_vs_old_stop4,easy,eu-locality-048,2050,2.208378960305549,2.1511982165954837,-2.6580880956921016,4.326012845483563,4.714791538187013,4.284196614084099
half1__global,ADE_vs_old_stop4,easy,eu-locality-067,1508,2.078128964056724,2.037789731301798,-1.9795581524084227,4.3690171745159265,4.741445038632573,4.307644335745245
half1__global,ADE_vs_old_stop4,easy,eu-locality-110,2579,2.242983021757891,2.1769032458977597,-3.0354943879409735,4.2674044286321156,4.679640931334554,4.195000446068202
half1__global,ADE_vs_old_stop4,easy,eu-locality-119,1658,2.2442951982825083,2.2040837269478786,-1.8244076140570664,4.231375667205294,4.6559864623485225,4.215888937008986
half1__global,ADE_vs_old_stop4,easy,eu-locality-124,1006,2.4897785678219475,2.400078617850799,-3.737375488619299,4.353428079725912,4.7133670871793125,4.309958639134824
half1__global,ADE_vs_old_stop4,hard,eu-locality-007,1023,39.64005097295325,41.14991851725806,3.6691872030599093,79.42832137431866,110.60748465817277,81.67666598213943
half1__global,ADE_vs_old_stop4,hard,eu-locality-008,36762,51.09523252062624,52.532493736971304,2.73594705696133,121.81172212925924,210.25373951400664,124.3548686676523
half1__global,ADE_vs_old_stop4,hard,eu-locality-020,47,36.89411999750645,37.64541412593011,1.9957122158636764,60.52355224102176,69.16719818649797,59.47714101421315
half1__global,ADE_vs_old_stop4,hard,eu-locality-048,2992,55.94906009396126,57.37600407192925,2.487004804620252,124.76825351937813,200.22487872307087,127.11608694673164
half1__global,ADE_vs_old_stop4,hard,eu-locality-067,2806,56.12827324261442,57.9390639899828,3.125336556492264,127.67986873667407,194.32647741731023,132.24005022202874
half1__global,ADE_vs_old_stop4,hard,eu-locality-110,2743,77.32964260728903,79.46383275794614,2.6857377458221032,219.4516063778659,396.45675519813955,230.75512668230746
half1__global,ADE_vs_old_stop4,hard,eu-locality-119,1895,69.7882103678273,70.84185145378392,1.4873144396063576,175.74517040320612,273.82955281849917,177.35436104322963
half1__global,ADE_vs_old_stop4,hard,eu-locality-124,1362,96.06974914047144,98.72227545064261,2.6868569409113086,276.30623914317977,450.8215864835676,278.10766655456683
half1__global,ADE_vs_old_stop4,complete,eu-locality-007,2882,13.150819356984119,13.665175546224367,3.7639925480676517,47.277834057353054,77.10734954293518,47.83773492869996
half1__global,ADE_vs_old_stop4,complete,eu-locality-008,97352,16.077674602596268,16.31994933830242,1.4845311752135104,57.66895455073054,117.01178787776178,59.003041850399725
half1__global,ADE_vs_old_stop4,complete,eu-locality-020,364,6.923253424293424,6.791378277054203,-1.941802412697058,22.937980186983854,49.70629992513765,22.682718227503177
half1__global,ADE_vs_old_stop4,complete,eu-locality-048,4716,25.907572843717425,26.526352164543134,2.3326966217873335,90.17099060761468,159.98297785361092,91.38499461110202
half1__global,ADE_vs_old_stop4,complete,eu-locality-067,3417,28.97856419031964,30.067894092011002,3.6229005541854487,89.9197533457534,159.93773326698778,92.49833101194194
half1__global,ADE_vs_old_stop4,complete,eu-locality-110,5804,27.633879681892036,28.264277390025246,2.230369096064999,113.89665472640061,263.6462515445786,118.18033866701663
half1__global,ADE_vs_old_stop4,complete,eu-locality-119,3148,27.804465660057595,28.467448033372655,2.3289139670610415,110.41008756561739,201.62908603894607,112.70775480291367
half1__global,ADE_vs_old_stop4,complete,eu-locality-124,2077,37.44007650023581,38.39923034635209,2.4978465387585524,173.10971397244984,304.2066124590029,176.26503245693834
half1__global,FDE_vs_floor4,endpoint,eu-locality-007,3935,28.521336821453392,30.123946530920737,5.320052297338751,101.22912504869973,173.38593160711113,102.96456780800754
half1__global,FDE_vs_floor4,endpoint,eu-locality-008,121088,34.99772150705356,35.893854561911,2.496619730020233,133.20313708125786,274.7466887337362,137.0225183719183
half1__global,FDE_vs_floor4,endpoint,eu-locality-020,622,14.787419184969849,14.662738031078371,-0.8503265462917575,52.375808020598235,102.34943144507893,54.18434016797015
half1__global,FDE_vs_floor4,endpoint,eu-locality-048,5582,56.99065055416919,58.83853060819334,3.14059517619365,208.68960992850214,347.7493555015148,216.2196458274127
half1__global,FDE_vs_floor4,endpoint,eu-locality-067,4600,61.164668888894084,64.29400756456238,4.867232257261134,199.69257240266742,354.80302849774625,207.16877909819794
half1__global,FDE_vs_floor4,endpoint,eu-locality-110,7204,55.98490796961066,57.8976563672657,3.3036715433208297,243.97425104086068,556.398882351231,251.77304034955634
half1__global,FDE_vs_floor4,endpoint,eu-locality-119,4147,63.95391203773545,65.45138581897585,2.2879176086234243,262.32839965600925,464.9232187764764,270.5290560144782
half1__global,FDE_vs_floor4,endpoint,eu-locality-124,2645,80.67862808596253,83.8513061080275,3.7836954119444988,366.28442342970175,717.4852338748225,380.9415092093398
half1__global,ADE_vs_CV,easy,eu-locality-007,2133,1.8184679141256495,1.8525004364762494,1.8371127844555413,4.22566273418652,4.757639533424797,4.355450553983238
half1__global,ADE_vs_CV,easy,eu-locality-008,52276,2.2485014692234357,2.3343046202023725,3.675747810990415,4.300979413845461,4.70931503650077,4.477191635123733
half1__global,ADE_vs_CV,easy,eu-locality-020,695,1.7881830235496319,1.6834998531827923,-6.21818708026185,4.624715409104458,8.59108483512885,4.294862621440125
half1__global,ADE_vs_CV,easy,eu-locality-048,2050,2.208378960305549,2.2919612794697164,3.6467596513456657,4.326012845483563,4.714791538187013,4.484449431559784
half1__global,ADE_vs_CV,easy,eu-locality-067,1508,2.078128964056724,2.126958008841005,2.295722086722718,4.3690171745159265,4.741445038632573,4.431771346846858
half1__global,ADE_vs_CV,easy,eu-locality-110,2579,2.242983021757891,2.356118809479549,4.801786194587054,4.2674044286321156,4.679640931334554,4.476255197977273
half1__global,ADE_vs_CV,easy,eu-locality-119,1658,2.2442951982825083,2.3455260977767742,4.315914437712653,4.231375667205294,4.6559864623485225,4.423775218674889
half1__global,ADE_vs_CV,easy,eu-locality-124,1006,2.4897785678219475,2.5758364727079335,3.340969265627125,4.353428079725912,4.7133670871793125,4.529853536161329
half1__producer,ADE_vs_floor4,all,eu-locality-007,5526,13.146454227680406,13.64789830589558,3.6741487002329265,45.44820234782039,77.2831555301788,46.043806660168336
half1__producer,ADE_vs_floor4,all,eu-locality-008,157961,17.735134587705033,18.01946869067815,1.5779272288988566,62.251642365944214,129.1268830816932,63.87110052866994
half1__producer,ADE_vs_floor4,all,eu-locality-020,1225,6.485750111149422,6.506789818623793,0.32335003989449884,21.632772482143114,39.464285429778364,20.950455289077674
half1__producer,ADE_vs_floor4,all,eu-locality-048,8058,26.01441233876971,26.56803914779497,2.0838075627090835,87.98794325945921,154.62847063476923,89.55098636922551
half1__producer,ADE_vs_floor4,all,eu-locality-067,6903,28.061694777218786,28.924116458647177,2.9816699246851486,91.04541539093132,160.9846648617185,93.15038154789627
half1__producer,ADE_vs_floor4,all,eu-locality-110,8550,29.727187924629696,30.401031696246584,2.216516131260382,119.50336377924624,263.02109388512895,121.9052045177577
half1__producer,ADE_vs_floor4,all,eu-locality-119,5639,28.472760988059907,28.86229479722535,1.349628683034898,113.73365745461915,200.07679764830758,114.45336587739244
half1__producer,ADE_vs_floor4,all,eu-locality-124,3550,41.494337688717266,42.44684261854885,2.2439947733953414,180.6393789006598,328.3454653009593,186.18276158812444
half1__producer,ADE_vs_floor4,easy,eu-locality-007,2133,1.8137350957612453,1.811840789257669,-0.10455148790156077,4.2239776613945,4.772388339061557,4.2311151932019575
half1__producer,ADE_vs_floor4,easy,eu-locality-008,52276,2.2436277823315915,2.2200121030134605,-1.0637635392201306,4.293308990895932,4.7074725842193565,4.2501406752232125
half1__producer,ADE_vs_floor4,easy,eu-locality-020,695,1.786422195821803,1.6710333648543638,-6.905238003880054,4.624715409104458,8.59108483512885,4.2930456589077775
half1__producer,ADE_vs_floor4,easy,eu-locality-048,2050,2.2068231874118465,2.1848527331144614,-1.0055805576454802,4.319464878374009,4.69946860659725,4.2902832393824175
half1__producer,ADE_vs_floor4,easy,eu-locality-067,1508,2.0805067012968723,2.0636627051599694,-0.816218468976837,4.378649678766201,4.745615995079861,4.323981111443166
half1__producer,ADE_vs_floor4,easy,eu-locality-110,2579,2.2418489792592897,2.2146142928814014,-1.229771092213694,4.2584371380569355,4.673372068687672,4.204306144710051
half1__producer,ADE_vs_floor4,easy,eu-locality-119,1658,2.2423191198146877,2.233736119928937,-0.38424412844360045,4.227662647586854,4.6559864623485225,4.228048703735379
half1__producer,ADE_vs_floor4,easy,eu-locality-124,1006,2.484717456094768,2.4463349333209,-1.5689806923438576,4.330285577039028,4.709807778031318,4.3295911457613965
half1__producer,ADE_vs_floor4,hard,eu-locality-007,1023,39.64570416443684,41.299807249779356,4.005110908480935,79.42832137431866,110.60748465817277,81.24718975645555
half1__producer,ADE_vs_floor4,hard,eu-locality-008,36762,51.096922338483274,52.54039116946299,2.7473507502522643,121.81172212925924,210.25373951400664,124.45172929758508
half1__producer,ADE_vs_floor4,hard,eu-locality-020,47,36.89411999750645,37.64541412593011,1.9957122158636764,60.52355224102176,69.16719818649797,59.47714101421315
half1__producer,ADE_vs_floor4,hard,eu-locality-048,2992,55.948943687429384,57.382378989090256,2.4980409089232825,124.76825351937813,200.22487872307087,127.11608694673164
half1__producer,ADE_vs_floor4,hard,eu-locality-067,2806,56.12917107108677,58.01275648649573,3.246846951407012,127.67986873667407,194.32647741731023,132.24005022202874
half1__producer,ADE_vs_floor4,hard,eu-locality-110,2743,77.3291061218837,79.52968913023722,2.7669956118523964,219.4516063778659,396.45675519813955,230.75512668230746
half1__producer,ADE_vs_floor4,hard,eu-locality-119,1895,69.78774208511548,70.84175188563026,1.4878370063693636,175.74517040320612,273.82955281849917,177.35436104322963
half1__producer,ADE_vs_floor4,hard,eu-locality-124,1362,96.07635691157896,98.74383719232434,2.7014144442755517,276.30623914317977,450.8215864835676,278.10766655456683
half1__producer,ADE_vs_floor4,complete,eu-locality-007,2882,13.150350666541831,13.728260697078813,4.209637646668185,47.277834057353054,77.10734954293518,47.88294704991147
half1__producer,ADE_vs_floor4,complete,eu-locality-008,97352,16.075937863245407,16.356827787016275,1.7172640528368976,57.66268402545868,117.01178787776178,59.006204879513994
half1__producer,ADE_vs_floor4,complete,eu-locality-020,364,6.92332780402981,6.904363427901251,-0.2746723333236112,22.937980186983854,49.70629992513765,22.682718227503177
half1__producer,ADE_vs_floor4,complete,eu-locality-048,4716,25.906546292648898,26.54681627821172,2.411852249447788,90.17099060761468,159.98297785361092,91.38499461110202
half1__producer,ADE_vs_floor4,complete,eu-locality-067,3417,28.978886253134625,30.10543616909522,3.742014929240778,89.9197533457534,159.93773326698778,92.49833101194194
half1__producer,ADE_vs_floor4,complete,eu-locality-110,5804,27.63440720725358,28.300248496549504,2.3527754160077574,113.89665472640061,263.6462515445786,118.307140243085
half1__producer,ADE_vs_floor4,complete,eu-locality-119,3148,27.804329319807998,28.47799643115178,2.365570601051359,110.41008756561739,201.62908603894607,112.70775480291367
half1__producer,ADE_vs_floor4,complete,eu-locality-124,2077,37.43913479328701,38.44534253779068,2.617242240759321,173.10971397244984,304.2066124590029,176.26503245693834
half1__producer,ADE_vs_floor2,all,eu-locality-007,5526,13.146454227680406,13.182817192115504,0.2758360667919013,45.44820234782039,77.2831555301788,45.54686819552214
half1__producer,ADE_vs_floor2,all,eu-locality-008,157961,17.735134587705033,17.762326758104805,0.15308901119818197,62.251642365944214,129.1268830816932,62.25178378465189
half1__producer,ADE_vs_floor2,all,eu-locality-020,1225,6.485750111149422,6.492626323915866,0.10590803202573662,21.632772482143114,39.464285429778364,21.632772482143114
half1__producer,ADE_vs_floor2,all,eu-locality-048,8058,26.01441233876971,26.020321098560057,0.0227082508627241,87.98794325945921,154.62847063476923,87.98794325945921
half1__producer,ADE_vs_floor2,all,eu-locality-067,6903,28.061694777218786,28.084763678914356,0.08214027349245923,91.04541539093132,160.9846648617185,91.04541539093132
half1__producer,ADE_vs_floor2,all,eu-locality-110,8550,29.727187924629696,29.773289153704624,0.1548409006372431,119.50336377924624,263.02109388512895,119.69634221657493
half1__producer,ADE_vs_floor2,all,eu-locality-119,5639,28.472760988059907,28.476329527794654,0.012531600083021122,113.73365745461915,200.07679764830758,113.73365745461915
half1__producer,ADE_vs_floor2,all,eu-locality-124,3550,41.494337688717266,41.507341280235025,0.03132841352079252,180.6393789006598,328.3454653009593,180.6393789006598
half1__producer,ADE_vs_floor2,easy,eu-locality-007,2133,1.8137350957612453,1.8330379723735066,1.0530538321182226,4.2239776613945,4.772388339061557,4.23563651652886
half1__producer,ADE_vs_floor2,easy,eu-locality-008,52276,2.2436277823315915,2.2767891801093643,1.4564983911325435,4.293308990895932,4.7074725842193565,4.350039201632743
half1__producer,ADE_vs_floor2,easy,eu-locality-020,695,1.786422195821803,1.792423845444095,0.3348342880812982,4.624715409104458,8.59108483512885,4.624715409104458
half1__producer,ADE_vs_floor2,easy,eu-locality-048,2050,2.2068231874118465,2.217211010003611,0.46850852466890913,4.319464878374009,4.69946860659725,4.327060911227772
half1__producer,ADE_vs_floor2,easy,eu-locality-067,1508,2.0805067012968723,2.0833095608882055,0.13453879557573378,4.378649678766201,4.745615995079861,4.374831205256731
half1__producer,ADE_vs_floor2,easy,eu-locality-110,2579,2.2418489792592897,2.261712376728166,0.8782459552885813,4.2584371380569355,4.673372068687672,4.303962832227737
half1__producer,ADE_vs_floor2,easy,eu-locality-119,1658,2.2423191198146877,2.2487484648478198,0.28590770082269623,4.227662647586854,4.6559864623485225,4.233211350622765
half1__producer,ADE_vs_floor2,easy,eu-locality-124,1006,2.484717456094768,2.519186989606389,1.3682800702700892,4.330285577039028,4.709807778031318,4.4475011332576315
half1__producer,ADE_vs_floor2,hard,eu-locality-007,1023,39.64570416443684,39.71378669003484,0.17143297396789992,79.42832137431866,110.60748465817277,79.38499982857707
half1__producer,ADE_vs_floor2,hard,eu-locality-008,36762,51.096922338483274,51.10199577075867,0.009928051143348604,121.81172212925924,210.25373951400664,121.81172212925924
half1__producer,ADE_vs_floor2,hard,eu-locality-020,47,36.89411999750645,36.893160228428506,-0.0026014824211273435,60.52355224102176,69.16719818649797,60.52355224102176
half1__producer,ADE_vs_floor2,hard,eu-locality-048,2992,55.948943687429384,55.95072466332657,0.0031831149782224344,124.76825351937813,200.22487872307087,124.76825351937813
half1__producer,ADE_vs_floor2,hard,eu-locality-067,2806,56.12917107108677,56.16628241008256,0.06607405262257782,127.67986873667407,194.32647741731023,127.67986873667407
half1__producer,ADE_vs_floor2,hard,eu-locality-110,2743,77.3291061218837,77.42443976615223,0.12313120321758575,219.4516063778659,396.45675519813955,219.8284415811754
half1__producer,ADE_vs_floor2,hard,eu-locality-119,1895,69.78774208511548,69.78896285281084,0.0017492274500985339,175.74517040320612,273.82955281849917,175.74517040320612
half1__producer,ADE_vs_floor2,hard,eu-locality-124,1362,96.07635691157896,96.0701641731046,-0.0064460579698666365,276.30623914317977,450.8215864835676,276.30623914317977
half1__producer,ADE_vs_floor2,complete,eu-locality-007,2882,13.150350666541831,13.194899860220925,0.3376243408515611,47.277834057353054,77.10734954293518,47.295106099148626
half1__producer,ADE_vs_floor2,complete,eu-locality-008,97352,16.075937863245407,16.110036883658353,0.21166320511366576,57.66268402545868,117.01178787776178,57.67206901514271
half1__producer,ADE_vs_floor2,complete,eu-locality-020,364,6.92332780402981,6.933440402885818,0.1458525388319254,22.937980186983854,49.70629992513765,22.937980186983854
half1__producer,ADE_vs_floor2,complete,eu-locality-048,4716,25.906546292648898,25.914958306372633,0.03246007045153432,90.17099060761468,159.98297785361092,90.17099060761468
half1__producer,ADE_vs_floor2,complete,eu-locality-067,3417,28.978886253134625,28.99648051908513,0.06067724646418027,89.9197533457534,159.93773326698778,89.9197533457534
half1__producer,ADE_vs_floor2,complete,eu-locality-110,5804,27.63440720725358,27.66167769718765,0.09858581331398941,113.89665472640061,263.6462515445786,114.90809678067276
half1__producer,ADE_vs_floor2,complete,eu-locality-119,3148,27.804329319807998,27.80624489260915,0.006889002123622312,110.41008756561739,201.62908603894607,110.41008756561739
half1__producer,ADE_vs_floor2,complete,eu-locality-124,2077,37.43913479328701,37.459033303169946,0.053120724504263084,173.10971397244984,304.2066124590029,173.10971397244984
half1__producer,ADE_vs_old_stop4,all,eu-locality-007,5526,13.146454227680406,13.590104852307379,3.264512153867949,45.44820234782039,77.2831555301788,45.89358032936613
half1__producer,ADE_vs_old_stop4,all,eu-locality-008,157961,17.735134587705033,17.98943571826429,1.413613714970885,62.251642365944214,129.1268830816932,63.86139156028711
half1__producer,ADE_vs_old_stop4,all,eu-locality-020,1225,6.485750111149422,6.452382222545509,-0.5171406071903251,21.632772482143114,39.464285429778364,20.950455289077674
half1__producer,ADE_vs_old_stop4,all,eu-locality-048,8058,26.01441233876971,26.553830942929174,2.0314153739956042,87.98794325945921,154.62847063476923,89.55098636922551
half1__producer,ADE_vs_old_stop4,all,eu-locality-067,6903,28.061694777218786,28.873163253048368,2.8104592098820658,91.04541539093132,160.9846648617185,93.15038154789627
half1__producer,ADE_vs_old_stop4,all,eu-locality-110,8550,29.727187924629696,30.358044370758794,2.0780536401638128,119.50336377924624,263.02109388512895,121.68449105426859
half1__producer,ADE_vs_old_stop4,all,eu-locality-119,5639,28.472760988059907,28.852417788094066,1.31585783493966,113.73365745461915,200.07679764830758,114.45336587739244
half1__producer,ADE_vs_old_stop4,all,eu-locality-124,3550,41.494337688717266,42.407575143660424,2.153477183850916,180.6393789006598,328.3454653009593,186.18276158812444
half1__producer,ADE_vs_old_stop4,easy,eu-locality-007,2133,1.8137350957612453,1.7874893549700068,-1.4683019352402793,4.2239776613945,4.772388339061557,4.22837301836189
half1__producer,ADE_vs_old_stop4,easy,eu-locality-008,52276,2.2436277823315915,2.1662653867091297,-3.5712335200068113,4.293308990895932,4.7074725842193565,4.234064147982267
half1__producer,ADE_vs_old_stop4,easy,eu-locality-020,695,1.786422195821803,1.625677164853267,-9.887881459111503,4.624715409104458,8.59108483512885,4.2930456589077775
half1__producer,ADE_vs_old_stop4,easy,eu-locality-048,2050,2.2068231874118465,2.1511982165954837,-2.585766871097328,4.319464878374009,4.69946860659725,4.284196614084099
half1__producer,ADE_vs_old_stop4,easy,eu-locality-067,1508,2.0805067012968723,2.037789731301798,-2.0962403205254,4.378649678766201,4.745615995079861,4.307644335745245
half1__producer,ADE_vs_old_stop4,easy,eu-locality-110,2579,2.2418489792592897,2.1769032458977597,-2.9834000883556033,4.2584371380569355,4.673372068687672,4.195000446068202
half1__producer,ADE_vs_old_stop4,easy,eu-locality-119,1658,2.2423191198146877,2.2040837269478786,-1.7347522872806609,4.227662647586854,4.6559864623485225,4.215888937008986
half1__producer,ADE_vs_old_stop4,easy,eu-locality-124,1006,2.484717456094768,2.400078617850799,-3.5265027409710603,4.330285577039028,4.709807778031318,4.309958639134824
half1__producer,ADE_vs_old_stop4,hard,eu-locality-007,1023,39.64570416443684,41.14991851725806,3.6554491649609333,79.42832137431866,110.60748465817277,81.67666598213943
half1__producer,ADE_vs_old_stop4,hard,eu-locality-008,36762,51.096922338483274,52.532493736971304,2.7327303471940567,121.81172212925924,210.25373951400664,124.3548686676523
half1__producer,ADE_vs_old_stop4,hard,eu-locality-020,47,36.89411999750645,37.64541412593011,1.9957122158636764,60.52355224102176,69.16719818649797,59.47714101421315
half1__producer,ADE_vs_old_stop4,hard,eu-locality-048,2992,55.948943687429384,57.37600407192925,2.4872076882712757,124.76825351937813,200.22487872307087,127.11608694673164
half1__producer,ADE_vs_old_stop4,hard,eu-locality-067,2806,56.12917107108677,57.9390639899828,3.1237869483168423,127.67986873667407,194.32647741731023,132.24005022202874
half1__producer,ADE_vs_old_stop4,hard,eu-locality-110,2743,77.3291061218837,79.46383275794614,2.6864128773715246,219.4516063778659,396.45675519813955,230.75512668230746
half1__producer,ADE_vs_old_stop4,hard,eu-locality-119,1895,69.78774208511548,70.84185145378392,1.487975465119118,175.74517040320612,273.82955281849917,177.35436104322963
half1__producer,ADE_vs_old_stop4,hard,eu-locality-124,1362,96.07635691157896,98.72227545064261,2.680163647956546,276.30623914317977,450.8215864835676,278.10766655456683
half1__producer,ADE_vs_old_stop4,complete,eu-locality-007,2882,13.150350666541831,13.665175546224367,3.767422364543127,47.277834057353054,77.10734954293518,47.83773492869996
half1__producer,ADE_vs_old_stop4,complete,eu-locality-008,97352,16.075937863245407,16.31994933830242,1.4951729934867153,57.66268402545868,117.01178787776178,59.003041850399725
half1__producer,ADE_vs_old_stop4,complete,eu-locality-020,364,6.92332780402981,6.791378277054203,-1.942897620964823,22.937980186983854,49.70629992513765,22.682718227503177
half1__producer,ADE_vs_old_stop4,complete,eu-locality-048,4716,25.906546292648898,26.526352164543134,2.336566551064301,90.17099060761468,159.98297785361092,91.38499461110202
half1__producer,ADE_vs_old_stop4,complete,eu-locality-067,3417,28.978886253134625,30.067894092011002,3.6218294355564007,89.9197533457534,159.93773326698778,92.49833101194194
half1__producer,ADE_vs_old_stop4,complete,eu-locality-110,5804,27.63440720725358,28.264277390025246,2.2285026929220297,113.89665472640061,263.6462515445786,118.18033866701663
half1__producer,ADE_vs_old_stop4,complete,eu-locality-119,3148,27.804329319807998,28.467448033372655,2.3293929009276737,110.41008756561739,201.62908603894607,112.70775480291367
half1__producer,ADE_vs_old_stop4,complete,eu-locality-124,2077,37.43913479328701,38.39923034635209,2.5002989497582173,173.10971397244984,304.2066124590029,176.26503245693834
half1__producer,FDE_vs_floor4,endpoint,eu-locality-007,3935,28.516038724217978,30.123946530920737,5.3376399571428035,101.33406543653263,173.38593160711113,102.96456780800754
half1__producer,FDE_vs_floor4,endpoint,eu-locality-008,121088,34.99321372505675,35.893854561911,2.5091783756486574,133.20313708125786,274.7466887337362,137.0225183719183
half1__producer,FDE_vs_floor4,endpoint,eu-locality-020,622,14.7839720777812,14.662738031078371,-0.8268172454958256,52.375808020598235,102.34943144507893,54.18434016797015
half1__producer,FDE_vs_floor4,endpoint,eu-locality-048,5582,56.98718731615225,58.83853060819334,3.1464811797718206,208.68960992850214,347.7493555015148,216.2196458274127
half1__producer,FDE_vs_floor4,endpoint,eu-locality-067,4600,61.169680765144385,64.29400756456238,4.859437010954126,199.69257240266742,354.80302849774625,207.16877909819794
half1__producer,FDE_vs_floor4,endpoint,eu-locality-110,7204,55.98532130140288,57.8976563672657,3.3029576425895213,243.97425104086068,556.398882351231,251.77304034955634
half1__producer,FDE_vs_floor4,endpoint,eu-locality-119,4147,63.95400998122722,65.45138581897585,2.287767965509613,262.32839965600925,464.9232187764764,270.5290560144782
half1__producer,FDE_vs_floor4,endpoint,eu-locality-124,2645,80.68475077353155,83.8513061080275,3.776393572708825,366.28442342970175,717.4852338748225,380.9415092093398
half1__producer,ADE_vs_CV,easy,eu-locality-007,2133,1.8137350957612453,1.8525004364762494,2.092595496967442,4.2239776613945,4.772388339061557,4.355450553983238
half1__producer,ADE_vs_CV,easy,eu-locality-008,52276,2.2436277823315915,2.3343046202023725,3.8845331961395724,4.293308990895932,4.7074725842193565,4.477191635123733
half1__producer,ADE_vs_CV,easy,eu-locality-020,695,1.786422195821803,1.6834998531827923,-6.113593799514017,4.624715409104458,8.59108483512885,4.294862621440125
half1__producer,ADE_vs_CV,easy,eu-locality-048,2050,2.2068231874118465,2.2919612794697164,3.714639196590963,4.319464878374009,4.69946860659725,4.484449431559784
half1__producer,ADE_vs_CV,easy,eu-locality-067,1508,2.0805067012968723,2.126958008841005,2.1839315750969757,4.378649678766201,4.745615995079861,4.431771346846858
half1__producer,ADE_vs_CV,easy,eu-locality-110,2579,2.2418489792592897,2.356118809479549,4.849917999063081,4.2584371380569355,4.673372068687672,4.476255197977273
half1__producer,ADE_vs_CV,easy,eu-locality-119,1658,2.2423191198146877,2.3455260977767742,4.400163275092616,4.227662647586854,4.6559864623485225,4.423775218674889
half1__producer,ADE_vs_CV,easy,eu-locality-124,1006,2.484717456094768,2.5758364727079335,3.537453467198315,4.330285577039028,4.709807778031318,4.529853536161329
half1__placebo,ADE_vs_floor4,all,eu-locality-007,5526,13.147774107269745,13.64789830589558,3.664477763655327,45.54686819552214,77.2831555301788,46.043806660168336
half1__placebo,ADE_vs_floor4,all,eu-locality-008,157961,17.735641546311008,18.01946869067815,1.5751138351486005,62.251642365944214,129.1268830816932,63.87110052866994
half1__placebo,ADE_vs_floor4,all,eu-locality-020,1225,6.486755096265207,6.506789818623793,0.3079048642579907,21.632772482143114,39.464285429778364,20.950455289077674
half1__placebo,ADE_vs_floor4,all,eu-locality-048,8058,26.014559842071698,26.56803914779497,2.0832523719358065,87.98794325945921,154.62847063476923,89.55098636922551
half1__placebo,ADE_vs_floor4,all,eu-locality-067,6903,28.058744354251896,28.924116458647177,2.9918704885333436,91.04541539093132,160.9846648617185,93.15038154789627
half1__placebo,ADE_vs_floor4,all,eu-locality-110,8550,29.72635038168923,30.401031696246584,2.219271113225585,119.51497569425277,263.02109388512895,121.9052045177577
half1__placebo,ADE_vs_floor4,all,eu-locality-119,5639,28.47262382937995,28.86229479722535,1.350103900549382,113.73365745461915,200.07679764830758,114.45336587739244
half1__placebo,ADE_vs_floor4,all,eu-locality-124,3550,41.49289081992417,42.44684261854885,2.247403433978412,180.6393789006598,328.3454653009593,186.18276158812444
half1__placebo,ADE_vs_floor4,easy,eu-locality-007,2133,1.8173953582668674,1.811840789257669,-0.30657048026137,4.22566273418652,4.757639533424797,4.2311151932019575
half1__placebo,ADE_vs_floor4,easy,eu-locality-008,52276,2.2484689528270208,2.2200121030134605,-1.281833093384166,4.29972563618576,4.711209627642386,4.2501406752232125
half1__placebo,ADE_vs_floor4,easy,eu-locality-020,695,1.7881885950724323,1.6710333648543638,-7.010945004576796,4.624715409104458,8.59108483512885,4.2930456589077775
half1__placebo,ADE_vs_floor4,easy,eu-locality-048,2050,2.2074020543001835,2.1848527331144614,-1.0320751071207779,4.326012845483563,4.714791538187013,4.2902832393824175
half1__placebo,ADE_vs_floor4,easy,eu-locality-067,1508,2.0780232513335415,2.0636627051599694,-0.6958766148007056,4.378649678766201,4.741445038632573,4.323981111443166
half1__placebo,ADE_vs_floor4,easy,eu-locality-110,2579,2.242527434925346,2.2146142928814014,-1.2604064795241232,4.267142464928999,4.671380132384134,4.204306144710051
half1__placebo,ADE_vs_floor4,easy,eu-locality-119,1658,2.2428404732332794,2.233736119928937,-0.40758410194987604,4.231375667205294,4.6559864623485225,4.228048703735379
half1__placebo,ADE_vs_floor4,easy,eu-locality-124,1006,2.4901270390815213,2.4463349333209,-1.7901107965283325,4.3540138418054095,4.74020290983486,4.3295911457613965
half1__placebo,ADE_vs_floor4,hard,eu-locality-007,1023,39.64825191501976,41.299807249779356,3.9989419920801628,79.42832137431866,110.60748465817277,81.24718975645555
half1__placebo,ADE_vs_floor4,hard,eu-locality-008,36762,51.096019045383585,52.54039116946299,2.749069985833852,121.81172212925924,210.25373951400664,124.45172929758508
half1__placebo,ADE_vs_floor4,hard,eu-locality-020,47,36.89411999750645,37.64541412593011,1.9957122158636764,60.52355224102176,69.16719818649797,59.47714101421315
half1__placebo,ADE_vs_floor4,hard,eu-locality-048,2992,55.94893346486353,57.382378989090256,2.4980587237403595,124.76825351937813,200.22487872307087,127.11608694673164
half1__placebo,ADE_vs_floor4,hard,eu-locality-067,2806,56.126193148737876,58.01275648649573,3.2519801712870056,127.67986873667407,194.32647741731023,132.24005022202874
half1__placebo,ADE_vs_floor4,hard,eu-locality-110,2743,77.32981139476728,79.52968913023722,2.766108807325318,219.4516063778659,396.45675519813955,230.75512668230746
half1__placebo,ADE_vs_floor4,hard,eu-locality-119,1895,69.7882103678273,70.84175188563026,1.4871759799275353,175.74517040320612,273.82955281849917,177.35436104322963
half1__placebo,ADE_vs_floor4,hard,eu-locality-124,1362,96.06973206363142,98.74383719232434,2.7081235697621664,276.30623914317977,450.8215864835676,278.10766655456683
half1__placebo,ADE_vs_floor4,complete,eu-locality-007,2882,13.153971481121285,13.728260697078813,4.183262749954397,47.295106099148626,77.10734954293518,47.88294704991147
half1__placebo,ADE_vs_floor4,complete,eu-locality-008,97352,16.07722842067282,16.356827787016275,1.7093740301245663,57.66895455073054,117.01178787776178,59.006204879513994
half1__placebo,ADE_vs_floor4,complete,eu-locality-020,364,6.923253424293424,6.904363427901251,-0.2735950473846227,22.937980186983854,49.70629992513765,22.682718227503177
half1__placebo,ADE_vs_floor4,complete,eu-locality-048,4716,25.90681693788666,26.54681627821172,2.4108327477684655,90.17099060761468,159.98297785361092,91.38499461110202
half1__placebo,ADE_vs_floor4,complete,eu-locality-067,3417,28.97892978386255,30.10543616909522,3.7418703349964666,89.9197533457534,159.93773326698778,92.49833101194194
half1__placebo,ADE_vs_floor4,complete,eu-locality-110,5804,27.634000440749258,28.300248496549504,2.3542127408580082,113.89665472640061,263.6462515445786,118.307140243085
half1__placebo,ADE_vs_floor4,complete,eu-locality-119,3148,27.803650645259697,28.47799643115178,2.367953755182095,110.41008756561739,201.62908603894607,112.70775480291367
half1__placebo,ADE_vs_floor4,complete,eu-locality-124,2077,37.43979110244236,38.44534253779068,2.615535118096257,173.10971397244984,304.2066124590029,176.26503245693834
half1__placebo,ADE_vs_floor2,all,eu-locality-007,5526,13.147774107269745,13.182817192115504,0.265823945937127,45.54686819552214,77.2831555301788,45.54686819552214
half1__placebo,ADE_vs_floor2,all,eu-locality-008,157961,17.735641546311008,17.762326758104805,0.15023488846482858,62.251642365944214,129.1268830816932,62.25178378465189
half1__placebo,ADE_vs_floor2,all,eu-locality-020,1225,6.486755096265207,6.492626323915866,0.0904291631420695,21.632772482143114,39.464285429778364,21.632772482143114
half1__placebo,ADE_vs_floor2,all,eu-locality-048,8058,26.014559842071698,26.020321098560057,0.02214137353084844,87.98794325945921,154.62847063476923,87.98794325945921
half1__placebo,ADE_vs_floor2,all,eu-locality-067,6903,28.058744354251896,28.084763678914356,0.0926456955804622,91.04541539093132,160.9846648617185,91.04541539093132
half1__placebo,ADE_vs_floor2,all,eu-locality-110,8550,29.72635038168923,29.773289153704624,0.15765396887482686,119.51497569425277,263.02109388512895,119.69634221657493
half1__placebo,ADE_vs_floor2,all,eu-locality-119,5639,28.47262382937995,28.476329527794654,0.013013258647287529,113.73365745461915,200.07679764830758,113.73365745461915
half1__placebo,ADE_vs_floor2,all,eu-locality-124,3550,41.49289081992417,41.507341280235025,0.03481422771285381,180.6393789006598,328.3454653009593,180.6393789006598
half1__placebo,ADE_vs_floor2,easy,eu-locality-007,2133,1.8173953582668674,1.8330379723735066,0.8533709798921651,4.22566273418652,4.757639533424797,4.23563651652886
half1__placebo,ADE_vs_floor2,easy,eu-locality-008,52276,2.2484689528270208,2.2767891801093643,1.2438669126573765,4.29972563618576,4.711209627642386,4.350039201632743
half1__placebo,ADE_vs_floor2,easy,eu-locality-020,695,1.7881885950724323,1.792423845444095,0.23628621000706396,4.624715409104458,8.59108483512885,4.624715409104458
half1__placebo,ADE_vs_floor2,easy,eu-locality-048,2050,2.2074020543001835,2.217211010003611,0.4424006402264591,4.326012845483563,4.714791538187013,4.327060911227772
half1__placebo,ADE_vs_floor2,easy,eu-locality-067,1508,2.0780232513335415,2.0833095608882055,0.2537457540592425,4.378649678766201,4.741445038632573,4.374831205256731
half1__placebo,ADE_vs_floor2,easy,eu-locality-110,2579,2.242527434925346,2.261712376728166,0.8482485217936264,4.267142464928999,4.671380132384134,4.303962832227737
half1__placebo,ADE_vs_floor2,easy,eu-locality-119,1658,2.2428404732332794,2.2487484648478198,0.26272354186754887,4.231375667205294,4.6559864623485225,4.233211350622765
half1__placebo,ADE_vs_floor2,easy,eu-locality-124,1006,2.4901270390815213,2.519186989606389,1.153544800158257,4.3540138418054095,4.74020290983486,4.4475011332576315
half1__placebo,ADE_vs_floor2,hard,eu-locality-007,1023,39.64825191501976,39.71378669003484,0.1650176940480974,79.42832137431866,110.60748465817277,79.38499982857707
half1__placebo,ADE_vs_floor2,hard,eu-locality-008,36762,51.096019045383585,51.10199577075867,0.01169567897484347,121.81172212925924,210.25373951400664,121.81172212925924
half1__placebo,ADE_vs_floor2,hard,eu-locality-020,47,36.89411999750645,36.893160228428506,-0.0026014824211273435,60.52355224102176,69.16719818649797,60.52355224102176
half1__placebo,ADE_vs_floor2,hard,eu-locality-048,2992,55.94893346486353,55.95072466332657,0.003201385636764087,124.76825351937813,200.22487872307087,124.76825351937813
half1__placebo,ADE_vs_floor2,hard,eu-locality-067,2806,56.126193148737876,56.16628241008256,0.0713760277954334,127.67986873667407,194.32647741731023,127.67986873667407
half1__placebo,ADE_vs_floor2,hard,eu-locality-110,2743,77.32981139476728,77.42443976615223,0.12222028557231646,219.4516063778659,396.45675519813955,219.8284415811754
half1__placebo,ADE_vs_floor2,hard,eu-locality-119,1895,69.7882103678273,69.78896285281084,0.0010782292110045333,175.74517040320612,273.82955281849917,175.74517040320612
half1__placebo,ADE_vs_floor2,hard,eu-locality-124,1362,96.06973206363142,96.0701641731046,0.0004497852969187477,276.30623914317977,450.8215864835676,276.30623914317977
half1__placebo,ADE_vs_floor2,complete,eu-locality-007,2882,13.153971481121285,13.194899860220925,0.3101833248695396,47.295106099148626,77.10734954293518,47.295106099148626
half1__placebo,ADE_vs_floor2,complete,eu-locality-008,97352,16.07722842067282,16.110036883658353,0.20365231453202126,57.66895455073054,117.01178787776178,57.67206901514271
half1__placebo,ADE_vs_floor2,complete,eu-locality-020,364,6.923253424293424,6.933440402885818,0.14692530692488326,22.937980186983854,49.70629992513765,22.937980186983854
half1__placebo,ADE_vs_floor2,complete,eu-locality-048,4716,25.90681693788666,25.914958306372633,0.0314157113035729,90.17099060761468,159.98297785361092,90.17099060761468
half1__placebo,ADE_vs_floor2,complete,eu-locality-067,3417,28.97892978386255,28.99648051908513,0.06052712228653556,89.9197533457534,159.93773326698778,89.9197533457534
half1__placebo,ADE_vs_floor2,complete,eu-locality-110,5804,27.634000440749258,27.66167769718765,0.10005631885879884,113.89665472640061,263.6462515445786,114.90809678067276
half1__placebo,ADE_vs_floor2,complete,eu-locality-119,3148,27.803650645259697,27.80624489260915,0.00932972920102415,110.41008756561739,201.62908603894607,110.41008756561739
half1__placebo,ADE_vs_floor2,complete,eu-locality-124,2077,37.43979110244236,37.459033303169946,0.05136865271414548,173.10971397244984,304.2066124590029,173.10971397244984
half1__placebo,ADE_vs_old_stop4,all,eu-locality-007,5526,13.147774107269745,13.590104852307379,3.254800090541854,45.54686819552214,77.2831555301788,45.89358032936613
half1__placebo,ADE_vs_old_stop4,all,eu-locality-008,157961,17.735641546311008,17.98943571826429,1.4107956243208264,62.251642365944214,129.1268830816932,63.86139156028711
half1__placebo,ADE_vs_old_stop4,all,eu-locality-020,1225,6.486755096265207,6.452382222545509,-0.5327160192028613,21.632772482143114,39.464285429778364,20.950455289077674
half1__placebo,ADE_vs_old_stop4,all,eu-locality-048,8058,26.014559842071698,26.553830942929174,2.030859886155434,87.98794325945921,154.62847063476923,89.55098636922551
half1__placebo,ADE_vs_old_stop4,all,eu-locality-067,6903,28.058744354251896,28.873163253048368,2.8206777749247403,91.04541539093132,160.9846648617185,93.15038154789627
half1__placebo,ADE_vs_old_stop4,all,eu-locality-110,8550,29.72635038168923,30.358044370758794,2.0808125232138486,119.51497569425277,263.02109388512895,121.68449105426859
half1__placebo,ADE_vs_old_stop4,all,eu-locality-119,5639,28.47262382937995,28.852417788094066,1.316333215134713,113.73365745461915,200.07679764830758,114.45336587739244
half1__placebo,ADE_vs_old_stop4,all,eu-locality-124,3550,41.49289081992417,42.407575143660424,2.1568890006977703,180.6393789006598,328.3454653009593,186.18276158812444
half1__placebo,ADE_vs_old_stop4,easy,eu-locality-007,2133,1.8173953582668674,1.7874893549700068,-1.6730730850904818,4.22566273418652,4.757639533424797,4.22837301836189
half1__placebo,ADE_vs_old_stop4,easy,eu-locality-008,52276,2.2484689528270208,2.1662653867091297,-3.7947135481294803,4.29972563618576,4.711209627642386,4.234064147982267
half1__placebo,ADE_vs_old_stop4,easy,eu-locality-020,695,1.7881885950724323,1.625677164853267,-9.996537672584793,4.624715409104458,8.59108483512885,4.2930456589077775
half1__placebo,ADE_vs_old_stop4,easy,eu-locality-048,2050,2.2074020543001835,2.1511982165954837,-2.612675915734486,4.326012845483563,4.714791538187013,4.284196614084099
half1__placebo,ADE_vs_old_stop4,easy,eu-locality-067,1508,2.0780232513335415,2.037789731301798,-1.9743705355724561,4.378649678766201,4.741445038632573,4.307644335745245
half1__placebo,ADE_vs_old_stop4,easy,eu-locality-110,2579,2.242527434925346,2.1769032458977597,-3.014566180249445,4.267142464928999,4.671380132384134,4.195000446068202
half1__placebo,ADE_vs_old_stop4,easy,eu-locality-119,1658,2.2428404732332794,2.2040837269478786,-1.7584062625002783,4.231375667205294,4.6559864623485225,4.215888937008986
half1__placebo,ADE_vs_old_stop4,easy,eu-locality-124,1006,2.4901270390815213,2.400078617850799,-3.751894648824372,4.3540138418054095,4.74020290983486,4.309958639134824
half1__placebo,ADE_vs_old_stop4,hard,eu-locality-007,1023,39.64825191501976,41.14991851725806,3.6492577782590407,79.42832137431866,110.60748465817277,81.67666598213943
half1__placebo,ADE_vs_old_stop4,hard,eu-locality-008,36762,51.096019045383585,52.532493736971304,2.734449841235609,121.81172212925924,210.25373951400664,124.3548686676523
half1__placebo,ADE_vs_old_stop4,hard,eu-locality-020,47,36.89411999750645,37.64541412593011,1.9957122158636764,60.52355224102176,69.16719818649797,59.47714101421315
half1__placebo,ADE_vs_old_stop4,hard,eu-locality-048,2992,55.94893346486353,57.37600407192925,2.487225505067725,124.76825351937813,200.22487872307087,127.11608694673164
half1__placebo,ADE_vs_old_stop4,hard,eu-locality-067,2806,56.126193148737876,57.9390639899828,3.12892669712157,127.67986873667407,194.32647741731023,132.24005022202874
half1__placebo,ADE_vs_old_stop4,hard,eu-locality-110,2743,77.32981139476728,79.46383275794614,2.6855253378971544,219.4516063778659,396.45675519813955,230.75512668230746
half1__placebo,ADE_vs_old_stop4,hard,eu-locality-119,1895,69.7882103678273,70.84185145378392,1.4873144396063576,175.74517040320612,273.82955281849917,177.35436104322963
half1__placebo,ADE_vs_old_stop4,hard,eu-locality-124,1362,96.06973206363142,98.72227545064261,2.6868742387703204,276.30623914317977,450.8215864835676,278.10766655456683
half1__placebo,ADE_vs_old_stop4,complete,eu-locality-007,2882,13.153971481121285,13.665175546224367,3.7409257083735326,47.295106099148626,77.10734954293518,47.83773492869996
half1__placebo,ADE_vs_old_stop4,complete,eu-locality-008,97352,16.07722842067282,16.31994933830242,1.487265141564742,57.66895455073054,117.01178787776178,59.003041850399725
half1__placebo,ADE_vs_old_stop4,complete,eu-locality-020,364,6.923253424293424,6.791378277054203,-1.941802412697058,22.937980186983854,49.70629992513765,22.682718227503177
half1__placebo,ADE_vs_old_stop4,complete,eu-locality-048,4716,25.90681693788666,26.526352164543134,2.3355462628765977,90.17099060761468,159.98297785361092,91.38499461110202
half1__placebo,ADE_vs_old_stop4,complete,eu-locality-067,3417,28.97892978386255,30.067894092011002,3.6216846607750597,89.9197533457534,159.93773326698778,92.49833101194194
half1__placebo,ADE_vs_old_stop4,complete,eu-locality-110,5804,27.634000440749258,28.264277390025246,2.2299418470129284,113.89665472640061,263.6462515445786,118.18033866701663
half1__placebo,ADE_vs_old_stop4,complete,eu-locality-119,3148,27.803650645259697,28.467448033372655,2.3317769381181686,110.41008756561739,201.62908603894607,112.70775480291367
half1__placebo,ADE_vs_old_stop4,complete,eu-locality-124,2077,37.43979110244236,38.39923034635209,2.498589777075766,173.10971397244984,304.2066124590029,176.26503245693834
half1__placebo,FDE_vs_floor4,endpoint,eu-locality-007,3935,28.52384223719935,30.123946530920737,5.31173527372637,101.22912504869973,173.38593160711113,102.96456780800754
half1__placebo,FDE_vs_floor4,endpoint,eu-locality-008,121088,34.996055315440366,35.893854561911,2.501261726912274,133.21124694518048,274.7466887337362,137.0225183719183
half1__placebo,FDE_vs_floor4,endpoint,eu-locality-020,622,14.787419184969849,14.662738031078371,-0.8503265462917575,52.375808020598235,102.34943144507893,54.18434016797015
half1__placebo,FDE_vs_floor4,endpoint,eu-locality-048,5582,56.98902634630012,58.83853060819334,3.1433556256003303,208.68960992850214,347.7493555015148,216.2196458274127
half1__placebo,FDE_vs_floor4,endpoint,eu-locality-067,4600,61.16272762893001,64.29400756456238,4.870251605467302,199.69257240266742,354.80302849774625,207.16877909819794
half1__placebo,FDE_vs_floor4,endpoint,eu-locality-110,7204,55.98385961325039,57.8976563672657,3.3054822493598146,243.97425104086068,556.398882351231,251.77304034955634
half1__placebo,FDE_vs_floor4,endpoint,eu-locality-119,4147,63.95240486649323,65.45138581897585,2.290220342512639,262.32839965600925,464.9232187764764,270.5290560144782
half1__placebo,FDE_vs_floor4,endpoint,eu-locality-124,2645,80.67816026247549,83.8513061080275,3.784253332278431,366.28442342970175,717.4852338748225,380.9415092093398
half1__placebo,ADE_vs_CV,easy,eu-locality-007,2133,1.8173953582668674,1.8525004364762494,1.8950105229749603,4.22566273418652,4.757639533424797,4.355450553983238
half1__placebo,ADE_vs_CV,easy,eu-locality-008,52276,2.2484689528270208,2.3343046202023725,3.6771407909868326,4.29972563618576,4.711209627642386,4.477191635123733
half1__placebo,ADE_vs_CV,easy,eu-locality-020,695,1.7881885950724323,1.6834998531827923,-6.218518029076003,4.624715409104458,8.59108483512885,4.294862621440125
half1__placebo,ADE_vs_CV,easy,eu-locality-048,2050,2.2074020543001835,2.2919612794697164,3.6893827974745275,4.326012845483563,4.714791538187013,4.484449431559784
half1__placebo,ADE_vs_CV,easy,eu-locality-067,1508,2.0780232513335415,2.126958008841005,2.300692223544576,4.378649678766201,4.741445038632573,4.431771346846858
half1__placebo,ADE_vs_CV,easy,eu-locality-110,2579,2.242527434925346,2.356118809479549,4.821122521376364,4.267142464928999,4.671380132384134,4.476255197977273
half1__placebo,ADE_vs_CV,easy,eu-locality-119,1658,2.2428404732332794,2.3455260977767742,4.377935706655589,4.231375667205294,4.6559864623485225,4.423775218674889
half1__placebo,ADE_vs_CV,easy,eu-locality-124,1006,2.4901270390815213,2.5758364727079335,3.327440795816794,4.3540138418054095,4.74020290983486,4.529853536161329
half1__wrong_tag,ADE_vs_floor4,all,eu-locality-007,5526,13.144118044456004,13.64789830589558,3.691266231240564,45.44820234782039,77.2831555301788,46.043806660168336
half1__wrong_tag,ADE_vs_floor4,all,eu-locality-008,157961,17.73876377353358,18.01946869067815,1.557786869097777,62.248380996394935,129.1268830816932,63.87110052866994
half1__wrong_tag,ADE_vs_floor4,all,eu-locality-020,1225,6.486801200196551,6.506789818623793,0.3071963131501598,21.632772482143114,39.464285429778364,20.950455289077674
half1__wrong_tag,ADE_vs_floor4,all,eu-locality-048,8058,26.015277303305183,26.56803914779497,2.0805519045452914,87.98794325945921,154.62847063476923,89.55098636922551
half1__wrong_tag,ADE_vs_floor4,all,eu-locality-067,6903,28.06258951115693,28.924116458647177,2.978576540866762,91.09051520352688,160.9846648617185,93.15038154789627
half1__wrong_tag,ADE_vs_floor4,all,eu-locality-110,8550,29.726019498811336,30.401031696246584,2.2203595068077453,119.51497569425277,263.02109388512895,121.9052045177577
half1__wrong_tag,ADE_vs_floor4,all,eu-locality-119,5639,28.474247171414433,28.86229479722535,1.3444794620011358,113.73365745461915,200.07679764830758,114.45336587739244
half1__wrong_tag,ADE_vs_floor4,all,eu-locality-124,3550,41.498214080033954,42.44684261854885,2.234862430263196,180.6393789006598,328.3454653009593,186.18276158812444
half1__wrong_tag,ADE_vs_floor4,easy,eu-locality-007,2133,1.8212595906496043,1.811840789257669,-0.5198470775014563,4.2311151932019575,4.772388339061557,4.2311151932019575
half1__wrong_tag,ADE_vs_floor4,easy,eu-locality-008,52276,2.253710920067725,2.2200121030134605,-1.5179564565671155,4.312022423089052,4.7155486208183195,4.2501406752232125
half1__wrong_tag,ADE_vs_floor4,easy,eu-locality-020,695,1.7888389140011527,1.6710333648543638,-7.049862176573352,4.624715409104458,8.59108483512885,4.2930456589077775
half1__wrong_tag,ADE_vs_floor4,easy,eu-locality-048,2050,2.209657272242396,2.1848527331144614,-1.1352956998880392,4.32010507580272,4.714791538187013,4.2902832393824175
half1__wrong_tag,ADE_vs_floor4,easy,eu-locality-067,1508,2.0788913080119595,2.0636627051599694,-0.7379404984115157,4.35905455159429,4.741445038632573,4.323981111443166
half1__wrong_tag,ADE_vs_floor4,easy,eu-locality-110,2579,2.2454299553583787,2.2146142928814014,-1.391468599115897,4.2709932186526975,4.687264417189033,4.204306144710051
half1__wrong_tag,ADE_vs_floor4,easy,eu-locality-119,1658,2.245877506703987,2.233736119928937,-0.5435461542089515,4.233211350622765,4.6559864623485225,4.228048703735379
half1__wrong_tag,ADE_vs_floor4,easy,eu-locality-124,1006,2.496877386073137,2.4463349333209,-2.0660479504998053,4.368142246109462,4.740358054086156,4.3295911457613965
half1__wrong_tag,ADE_vs_floor4,hard,eu-locality-007,1023,39.630454402855925,41.299807249779356,4.042035442991931,79.42832137431866,110.60748465817277,81.24718975645555
half1__wrong_tag,ADE_vs_floor4,hard,eu-locality-008,36762,51.09113158502367,52.54039116946299,2.758372277368293,121.81172212925924,210.25373951400664,124.45172929758508
half1__wrong_tag,ADE_vs_floor4,hard,eu-locality-020,47,36.89411999750645,37.64541412593011,1.9957122158636764,60.52355224102176,69.16719818649797,59.47714101421315
half1__wrong_tag,ADE_vs_floor4,hard,eu-locality-048,2992,55.9486546124777,57.382378989090256,2.4985446784720033,124.76825351937813,200.22487872307087,127.11608694673164
half1__wrong_tag,ADE_vs_floor4,hard,eu-locality-067,2806,56.13850377053777,58.01275648649573,3.230759628521107,127.67986873667407,194.32647741731023,132.24005022202874
half1__wrong_tag,ADE_vs_floor4,hard,eu-locality-110,2743,77.32521201147208,79.52968913023722,2.7718920353820398,219.4516063778659,396.45675519813955,230.75512668230746
half1__wrong_tag,ADE_vs_floor4,hard,eu-locality-119,1895,69.78924514909977,70.84175188563026,1.4857152858524736,175.74517040320612,273.82955281849917,177.35436104322963
half1__wrong_tag,ADE_vs_floor4,hard,eu-locality-124,1362,96.07628863240392,98.74383719232434,2.7014835920593283,276.30623914317977,450.8215864835676,278.10766655456683
half1__wrong_tag,ADE_vs_floor4,complete,eu-locality-007,2882,13.151767187488362,13.728260697078813,4.199319362525811,47.277834057353054,77.10734954293518,47.88294704991147
half1__wrong_tag,ADE_vs_floor4,complete,eu-locality-008,97352,16.081676278760053,16.356827787016275,1.6821813608298264,57.65599628819959,117.01178787776178,59.006204879513994
half1__wrong_tag,ADE_vs_floor4,complete,eu-locality-020,364,6.923589008094636,6.904363427901251,-0.27845550707386035,22.937980186983854,49.70629992513765,22.682718227503177
half1__wrong_tag,ADE_vs_floor4,complete,eu-locality-048,4716,25.908057854147692,26.54681627821172,2.406158303013861,90.17099060761468,159.88213106898837,91.38499461110202
half1__wrong_tag,ADE_vs_floor4,complete,eu-locality-067,3417,28.978038918015518,30.10543616909522,3.7448294877621913,89.9197533457534,159.93773326698778,92.49833101194194
half1__wrong_tag,ADE_vs_floor4,complete,eu-locality-110,5804,27.633489835324035,28.300248496549504,2.356016984468401,113.89665472640061,263.6462515445786,118.307140243085
half1__wrong_tag,ADE_vs_floor4,complete,eu-locality-119,3148,27.80531227566378,28.47799643115178,2.3621189682858312,110.41008756561739,201.62908603894607,112.70775480291367
half1__wrong_tag,ADE_vs_floor4,complete,eu-locality-124,2077,37.443810627529615,38.44534253779068,2.60507995026078,173.10971397244984,304.2066124590029,176.26503245693834
half1__wrong_tag,ADE_vs_floor2,all,eu-locality-007,5526,13.144118044456004,13.182817192115504,0.29355749302695244,45.44820234782039,77.2831555301788,45.54686819552214
half1__wrong_tag,ADE_vs_floor2,all,eu-locality-008,157961,17.73876377353358,17.762326758104805,0.1326570831181928,62.248380996394935,129.1268830816932,62.25178378465189
half1__wrong_tag,ADE_vs_floor2,all,eu-locality-020,1225,6.486801200196551,6.492626323915866,0.08971906634851479,21.632772482143114,39.464285429778364,21.632772482143114
half1__wrong_tag,ADE_vs_floor2,all,eu-locality-048,8058,26.015277303305183,26.020321098560057,0.019384062309490968,87.98794325945921,154.62847063476923,87.98794325945921
half1__wrong_tag,ADE_vs_floor2,all,eu-locality-067,6903,28.06258951115693,28.084763678914356,0.07895443953503944,91.09051520352688,160.9846648617185,91.04541539093132
half1__wrong_tag,ADE_vs_floor2,all,eu-locality-110,8550,29.726019498811336,29.773289153704624,0.15876531023918394,119.51497569425277,263.02109388512895,119.69634221657493
half1__wrong_tag,ADE_vs_floor2,all,eu-locality-119,5639,28.474247171414433,28.476329527794654,0.007312587031937934,113.73365745461915,200.07679764830758,113.73365745461915
half1__wrong_tag,ADE_vs_floor2,all,eu-locality-124,3550,41.498214080033954,41.507341280235025,0.02198936361510473,180.6393789006598,328.3454653009593,180.6393789006598
half1__wrong_tag,ADE_vs_floor2,easy,eu-locality-007,2133,1.8212595906496043,1.8330379723735066,0.6425607053110349,4.2311151932019575,4.772388339061557,4.23563651652886
half1__wrong_tag,ADE_vs_floor2,easy,eu-locality-008,52276,2.253710920067725,2.2767891801093643,1.0136318392259147,4.312022423089052,4.7155486208183195,4.350039201632743
half1__wrong_tag,ADE_vs_floor2,easy,eu-locality-020,695,1.7888389140011527,1.792423845444095,0.20000467255858467,4.624715409104458,8.59108483512885,4.624715409104458
half1__wrong_tag,ADE_vs_floor2,easy,eu-locality-048,2050,2.209657272242396,2.217211010003611,0.3406864627288009,4.32010507580272,4.714791538187013,4.327060911227772
half1__wrong_tag,ADE_vs_floor2,easy,eu-locality-067,1508,2.0788913080119595,2.0833095608882055,0.21207855804022957,4.35905455159429,4.741445038632573,4.374831205256731
half1__wrong_tag,ADE_vs_floor2,easy,eu-locality-110,2579,2.2454299553583787,2.261712376728166,0.719915650518832,4.2709932186526975,4.687264417189033,4.303962832227737
half1__wrong_tag,ADE_vs_floor2,easy,eu-locality-119,1658,2.245877506703987,2.2487484648478198,0.12766915414113011,4.233211350622765,4.6559864623485225,4.233211350622765
half1__wrong_tag,ADE_vs_floor2,easy,eu-locality-124,1006,2.496877386073137,2.519186989606389,0.8855874385385709,4.368142246109462,4.740358054086156,4.4475011332576315
half1__wrong_tag,ADE_vs_floor2,hard,eu-locality-007,1023,39.630454402855925,39.71378669003484,0.20983213670687784,79.42832137431866,110.60748465817277,79.38499982857707
half1__wrong_tag,ADE_vs_floor2,hard,eu-locality-008,36762,51.09113158502367,51.10199577075867,0.021259807119355933,121.81172212925924,210.25373951400664,121.81172212925924
half1__wrong_tag,ADE_vs_floor2,hard,eu-locality-020,47,36.89411999750645,36.893160228428506,-0.0026014824211273435,60.52355224102176,69.16719818649797,60.52355224102176
half1__wrong_tag,ADE_vs_floor2,hard,eu-locality-048,2992,55.9486546124777,55.95072466332657,0.0036997748667610963,124.76825351937813,200.22487872307087,124.76825351937813
half1__wrong_tag,ADE_vs_floor2,hard,eu-locality-067,2806,56.13850377053777,56.16628241008256,0.04945785683655446,127.67986873667407,194.32647741731023,127.67986873667407
half1__wrong_tag,ADE_vs_floor2,hard,eu-locality-110,2743,77.32521201147208,77.42443976615223,0.12816076548937128,219.4516063778659,396.45675519813955,219.8284415811754
half1__wrong_tag,ADE_vs_floor2,hard,eu-locality-119,1895,69.78924514909977,69.78896285281084,-0.0004044999057040144,175.74517040320612,273.82955281849917,175.74517040320612
half1__wrong_tag,ADE_vs_floor2,hard,eu-locality-124,1362,96.07628863240392,96.0701641731046,-0.0063749857742267935,276.30623914317977,450.8215864835676,276.30623914317977
half1__wrong_tag,ADE_vs_floor2,complete,eu-locality-007,2882,13.151767187488362,13.194899860220925,0.32688897369048675,47.277834057353054,77.10734954293518,47.295106099148626
half1__wrong_tag,ADE_vs_floor2,complete,eu-locality-008,97352,16.081676278760053,16.110036883658353,0.17604307862925106,57.65599628819959,117.01178787776178,57.67206901514271
half1__wrong_tag,ADE_vs_floor2,complete,eu-locality-020,364,6.923589008094636,6.933440402885818,0.1420852306898257,22.937980186983854,49.70629992513765,22.937980186983854
half1__wrong_tag,ADE_vs_floor2,complete,eu-locality-048,4716,25.908057854147692,25.914958306372633,0.026627294334646834,90.17099060761468,159.88213106898837,90.17099060761468
half1__wrong_tag,ADE_vs_floor2,complete,eu-locality-067,3417,28.978038918015518,28.99648051908513,0.06359944634478643,89.9197533457534,159.93773326698778,89.9197533457534
half1__wrong_tag,ADE_vs_floor2,complete,eu-locality-110,5804,27.633489835324035,27.66167769718765,0.10190221349618556,113.89665472640061,263.6462515445786,114.90809678067276
half1__wrong_tag,ADE_vs_floor2,complete,eu-locality-119,3148,27.80531227566378,27.80624489260915,0.0033539837866358724,110.41008756561739,201.62908603894607,110.41008756561739
half1__wrong_tag,ADE_vs_floor2,complete,eu-locality-124,2077,37.443810627529615,37.459033303169946,0.040638196712472485,173.10971397244984,304.2066124590029,173.10971397244984
half1__wrong_tag,ADE_vs_old_stop4,all,eu-locality-007,5526,13.144118044456004,13.590104852307379,3.2817024791067295,45.44820234782039,77.2831555301788,45.89358032936613
half1__wrong_tag,ADE_vs_old_stop4,all,eu-locality-008,157961,17.73876377353358,17.98943571826429,1.3934397312763247,62.248380996394935,129.1268830816932,63.86139156028711
half1__wrong_tag,ADE_vs_old_stop4,all,eu-locality-020,1225,6.486801200196551,6.452382222545509,-0.5334305449354426,21.632772482143114,39.464285429778364,20.950455289077674
half1__wrong_tag,ADE_vs_old_stop4,all,eu-locality-048,8058,26.015277303305183,26.553830942929174,2.0281579738210986,87.98794325945921,154.62847063476923,89.55098636922551
half1__wrong_tag,ADE_vs_old_stop4,all,eu-locality-067,6903,28.06258951115693,28.873163253048368,2.8073603670905722,91.09051520352688,160.9846648617185,93.15038154789627
half1__wrong_tag,ADE_vs_old_stop4,all,eu-locality-110,8550,29.726019498811336,30.358044370758794,2.081902457973317,119.51497569425277,263.02109388512895,121.68449105426859
half1__wrong_tag,ADE_vs_old_stop4,all,eu-locality-119,5639,28.474247171414433,28.852417788094066,1.3107068511800213,113.73365745461915,200.07679764830758,114.45336587739244
half1__wrong_tag,ADE_vs_old_stop4,all,eu-locality-124,3550,41.498214080033954,42.407575143660424,2.1443363845867314,180.6393789006598,328.3454653009593,186.18276158812444
half1__wrong_tag,ADE_vs_old_stop4,easy,eu-locality-007,2133,1.8212595906496043,1.7874893549700068,-1.8892552051122058,4.2311151932019575,4.772388339061557,4.22837301836189
half1__wrong_tag,ADE_vs_old_stop4,easy,eu-locality-008,52276,2.253710920067725,2.1662653867091297,-4.0366953142079165,4.312022423089052,4.7155486208183195,4.234064147982267
half1__wrong_tag,ADE_vs_old_stop4,easy,eu-locality-020,695,1.7888389140011527,1.625677164853267,-10.036540629062252,4.624715409104458,8.59108483512885,4.2930456589077775
half1__wrong_tag,ADE_vs_old_stop4,easy,eu-locality-048,2050,2.209657272242396,2.1511982165954837,-2.7175113476725743,4.32010507580272,4.714791538187013,4.284196614084099
half1__wrong_tag,ADE_vs_old_stop4,easy,eu-locality-067,1508,2.0788913080119595,2.037789731301798,-2.016968486925519,4.35905455159429,4.741445038632573,4.307644335745245
half1__wrong_tag,ADE_vs_old_stop4,easy,eu-locality-110,2579,2.2454299553583787,2.1769032458977597,-3.1478987221758015,4.2709932186526975,4.687264417189033,4.195000446068202
half1__wrong_tag,ADE_vs_old_stop4,easy,eu-locality-119,1658,2.245877506703987,2.2040837269478786,-1.8961974649657432,4.233211350622765,4.6559864623485225,4.215888937008986
half1__wrong_tag,ADE_vs_old_stop4,easy,eu-locality-124,1006,2.496877386073137,2.400078617850799,-4.033149893607169,4.368142246109462,4.740358054086156,4.309958639134824
half1__wrong_tag,ADE_vs_old_stop4,hard,eu-locality-007,1023,39.630454402855925,41.14991851725806,3.692508197227362,79.42832137431866,110.60748465817277,81.67666598213943
half1__wrong_tag,ADE_vs_old_stop4,hard,eu-locality-008,36762,51.09113158502367,52.532493736971304,2.74375353122297,121.81172212925924,210.25373951400664,124.3548686676523
half1__wrong_tag,ADE_vs_old_stop4,hard,eu-locality-020,47,36.89411999750645,37.64541412593011,1.9957122158636764,60.52355224102176,69.16719818649797,59.47714101421315
half1__wrong_tag,ADE_vs_old_stop4,hard,eu-locality-048,2992,55.9486546124777,57.37600407192925,2.4877115137926897,124.76825351937813,200.22487872307087,127.11608694673164
half1__wrong_tag,ADE_vs_old_stop4,hard,eu-locality-067,2806,56.13850377053777,57.9390639899828,3.107679164020205,127.67986873667407,194.32647741731023,132.24005022202874
half1__wrong_tag,ADE_vs_old_stop4,hard,eu-locality-110,2743,77.32521201147208,79.46383275794614,2.691313358856584,219.4516063778659,396.45675519813955,230.75512668230746
half1__wrong_tag,ADE_vs_old_stop4,hard,eu-locality-119,1895,69.78924514909977,70.84185145378392,1.4858537475842981,175.74517040320612,273.82955281849917,177.35436104322963
half1__wrong_tag,ADE_vs_old_stop4,hard,eu-locality-124,1362,96.07628863240392,98.72227545064261,2.680232810842764,276.30623914317977,450.8215864835676,278.10766655456683
half1__wrong_tag,ADE_vs_old_stop4,complete,eu-locality-007,2882,13.151767187488362,13.665175546224367,3.7570564461417155,47.277834057353054,77.10734954293518,47.83773492869996
half1__wrong_tag,ADE_vs_old_stop4,complete,eu-locality-008,97352,16.081676278760053,16.31994933830242,1.4600110245633235,57.65599628819959,117.01178787776178,59.003041850399725
half1__wrong_tag,ADE_vs_old_stop4,complete,eu-locality-020,364,6.923589008094636,6.791378277054203,-1.9467437337002513,22.937980186983854,49.70629992513765,22.682718227503177
half1__wrong_tag,ADE_vs_old_stop4,complete,eu-locality-048,4716,25.908057854147692,26.526352164543134,2.33086821195827,90.17099060761468,159.88213106898837,91.38499461110202
half1__wrong_tag,ADE_vs_old_stop4,complete,eu-locality-067,3417,28.978038918015518,30.067894092011002,3.6246475082704843,89.9197533457534,159.93773326698778,92.49833101194194
half1__wrong_tag,ADE_vs_old_stop4,complete,eu-locality-110,5804,27.633489835324035,28.264277390025246,2.23174838683059,113.89665472640061,263.6462515445786,118.18033866701663
half1__wrong_tag,ADE_vs_old_stop4,complete,eu-locality-119,3148,27.80531227566378,28.467448033372655,2.32593998918571,110.41008756561739,201.62908603894607,112.70775480291367
half1__wrong_tag,ADE_vs_old_stop4,complete,eu-locality-124,2077,37.443810627529615,38.39923034635209,2.488122054022468,173.10971397244984,304.2066124590029,176.26503245693834
half1__wrong_tag,FDE_vs_floor4,endpoint,eu-locality-007,3935,28.51637995605094,30.123946530920737,5.336507197752827,101.0980408324699,173.38593160711113,102.96456780800754
half1__wrong_tag,FDE_vs_floor4,endpoint,eu-locality-008,121088,35.00761872724236,35.893854561911,2.4690461514519924,133.19967999013815,274.7466887337362,137.0225183719183
half1__wrong_tag,FDE_vs_floor4,endpoint,eu-locality-020,622,14.789367324791765,14.662738031078371,-0.8636128767014473,52.375808020598235,102.34943144507893,54.18434016797015
half1__wrong_tag,FDE_vs_floor4,endpoint,eu-locality-048,5582,56.991649830346226,58.83853060819334,3.138896839803018,208.68960992850214,347.7493555015148,216.2196458274127
half1__wrong_tag,FDE_vs_floor4,endpoint,eu-locality-067,4600,61.15406968714029,64.29400756456238,4.88371777769342,199.69257240266742,354.80302849774625,207.16877909819794
half1__wrong_tag,FDE_vs_floor4,endpoint,eu-locality-110,7204,55.983631415571466,57.8976563672657,3.305876389111295,243.97425104086068,556.398882351231,251.77304034955634
half1__wrong_tag,FDE_vs_floor4,endpoint,eu-locality-119,4147,63.958621660666424,65.45138581897585,2.2807220040200304,262.32839965600925,464.9232187764764,270.5290560144782
half1__wrong_tag,FDE_vs_floor4,endpoint,eu-locality-124,2645,80.69735915300943,83.8513061080275,3.7613569798838564,366.28442342970175,717.4852338748225,380.9415092093398
half1__wrong_tag,ADE_vs_CV,easy,eu-locality-007,2133,1.8212595906496043,1.8525004364762494,1.686415031894417,4.2311151932019575,4.772388339061557,4.355450553983238
half1__wrong_tag,ADE_vs_CV,easy,eu-locality-008,52276,2.253710920067725,2.3343046202023725,3.4525785296890876,4.312022423089052,4.7155486208183195,4.477191635123733
half1__wrong_tag,ADE_vs_CV,easy,eu-locality-020,695,1.7888389140011527,1.6834998531827923,-6.257147015439801,4.624715409104458,8.59108483512885,4.294862621440125
half1__wrong_tag,ADE_vs_CV,easy,eu-locality-048,2050,2.209657272242396,2.2919612794697164,3.590985937003377,4.32010507580272,4.714791538187013,4.484449431559784
half1__wrong_tag,ADE_vs_CV,easy,eu-locality-067,1508,2.0788913080119595,2.126958008841005,2.259880102439693,4.35905455159429,4.741445038632573,4.431771346846858
half1__wrong_tag,ADE_vs_CV,easy,eu-locality-110,2579,2.2454299553583787,2.356118809479549,4.697931771344788,4.2709932186526975,4.687264417189033,4.476255197977273
half1__wrong_tag,ADE_vs_CV,easy,eu-locality-119,1658,2.245877506703987,2.3455260977767742,4.24845373356707,4.233211350622765,4.6559864623485225,4.423775218674889
half1__wrong_tag,ADE_vs_CV,easy,eu-locality-124,1006,2.496877386073137,2.5758364727079335,3.065376528028896,4.368142246109462,4.740358054086156,4.529853536161329
half1__legacy,ADE_vs_floor4,all,eu-locality-007,5526,13.15048432737701,13.64789830589558,3.644619613729827,45.54686819552214,77.2831555301788,46.043806660168336
half1__legacy,ADE_vs_floor4,all,eu-locality-008,157961,17.73720806847224,18.01946869067815,1.5664203370875707,62.248380996394935,129.1268830816932,63.87110052866994
half1__legacy,ADE_vs_floor4,all,eu-locality-020,1225,6.486884441586683,6.506789818623793,0.30591701272011385,21.632772482143114,39.464285429778364,20.950455289077674
half1__legacy,ADE_vs_floor4,all,eu-locality-048,8058,26.01469004118502,26.56803914779497,2.0827623127613326,87.98794325945921,154.62847063476923,89.55098636922551
half1__legacy,ADE_vs_floor4,all,eu-locality-067,6903,28.067738952438706,28.924116458647177,2.960773261416072,91.09051520352688,160.9846648617185,93.15038154789627
half1__legacy,ADE_vs_floor4,all,eu-locality-110,8550,29.72662926057662,30.401031696246584,2.218353779596327,119.50336377924624,263.02109388512895,121.9052045177577
half1__legacy,ADE_vs_floor4,all,eu-locality-119,5639,28.473817830290923,28.86229479722535,1.3459670121995004,113.73365745461915,200.07679764830758,114.45336587739244
half1__legacy,ADE_vs_floor4,all,eu-locality-124,3550,41.49738922966627,42.44684261854885,2.236805685207033,180.6393789006598,328.3454653009593,186.18276158812444
half1__legacy,ADE_vs_floor4,easy,eu-locality-007,2133,1.8190834401441767,1.811840789257669,-0.39973991806836473,4.225002370538138,4.772388339061557,4.2311151932019575
half1__legacy,ADE_vs_floor4,easy,eu-locality-008,52276,2.2487815575024195,2.2200121030134605,-1.2959143083007163,4.301899697568252,4.709559558168579,4.2501406752232125
half1__legacy,ADE_vs_floor4,easy,eu-locality-020,695,1.7884903740846338,1.6710333648543638,-7.029004429274632,4.624715409104458,8.59108483512885,4.2930456589077775
half1__legacy,ADE_vs_floor4,easy,eu-locality-048,2050,2.207124914469409,2.1848527331144614,-1.0193905070754683,4.319464878374009,4.714791538187013,4.2902832393824175
half1__legacy,ADE_vs_floor4,easy,eu-locality-067,1508,2.078732148517204,2.0636627051599694,-0.7302280222225788,4.3690171745159265,4.741445038632573,4.323981111443166
half1__legacy,ADE_vs_floor4,easy,eu-locality-110,2579,2.2435279481507693,2.2146142928814014,-1.3055842438255416,4.267142464928999,4.679640931334554,4.204306144710051
half1__legacy,ADE_vs_floor4,easy,eu-locality-119,1658,2.244526642473443,2.233736119928937,-0.48307060302401617,4.231847810942338,4.6559864623485225,4.228048703735379
half1__legacy,ADE_vs_floor4,easy,eu-locality-124,1006,2.4912460534218415,2.4463349333209,-1.8358532795006433,4.363695387064081,4.723163418075615,4.3295911457613965
half1__legacy,ADE_vs_floor4,hard,eu-locality-007,1023,39.64921656766899,41.299807249779356,3.99660626047883,79.42832137431866,110.60748465817277,81.24718975645555
half1__legacy,ADE_vs_floor4,hard,eu-locality-008,36762,51.09700086739476,52.54039116946299,2.7472012863641204,121.81172212925924,210.512037666119,124.45172929758508
half1__legacy,ADE_vs_floor4,hard,eu-locality-020,47,36.89411999750645,37.64541412593011,1.9957122158636764,60.52355224102176,69.16719818649797,59.47714101421315
half1__legacy,ADE_vs_floor4,hard,eu-locality-048,2992,55.949101255384996,57.382378989090256,2.497766315993555,124.89706627433704,200.22487872307087,127.11608694673164
half1__legacy,ADE_vs_floor4,hard,eu-locality-067,2806,56.14836903982083,58.01275648649573,3.2137542836960353,127.67986873667407,194.32647741731023,132.24005022202874
half1__legacy,ADE_vs_floor4,hard,eu-locality-110,2743,77.32934341161003,79.52968913023722,2.7666972456335426,219.4516063778659,396.45675519813955,230.75512668230746
half1__legacy,ADE_vs_floor4,hard,eu-locality-119,1895,69.78786166314511,70.84175188563026,1.4876682103889705,175.74517040320612,273.82955281849917,177.35436104322963
half1__legacy,ADE_vs_floor4,hard,eu-locality-124,1362,96.07648490506679,98.74383719232434,2.7012848225275166,276.30623914317977,450.8215864835676,278.10766655456683
half1__legacy,ADE_vs_floor4,complete,eu-locality-007,2882,13.157143730768512,13.728260697078813,4.160155309636759,47.295106099148626,77.10734954293518,47.88294704991147
half1__legacy,ADE_vs_floor4,complete,eu-locality-008,97352,16.078175200978414,16.356827787016275,1.703585742090219,57.66895455073054,117.01178787776178,59.006204879513994
half1__legacy,ADE_vs_floor4,complete,eu-locality-020,364,6.923253424293424,6.904363427901251,-0.2735950473846227,22.937980186983854,49.70629992513765,22.682718227503177
half1__legacy,ADE_vs_floor4,complete,eu-locality-048,4716,25.906610560914405,26.54681627821172,2.4116101553871117,90.17099060761468,159.98297785361092,91.38499461110202
half1__legacy,ADE_vs_floor4,complete,eu-locality-067,3417,28.978164127452967,30.10543616909522,3.7444135846782967,89.9197533457534,159.93773326698778,92.49833101194194
half1__legacy,ADE_vs_floor4,complete,eu-locality-110,5804,27.633696734138745,28.300248496549504,2.3552858996698456,113.89665472640061,263.6462515445786,118.307140243085
half1__legacy,ADE_vs_floor4,complete,eu-locality-119,3148,27.80485633281314,28.47799643115178,2.3637200038493456,110.41008756561739,201.62908603894607,112.70775480291367
half1__legacy,ADE_vs_floor4,complete,eu-locality-124,2077,37.44293227893751,38.44534253779068,2.607364618660446,173.10971397244984,304.2066124590029,176.26503245693834
half1__legacy,ADE_vs_floor2,all,eu-locality-007,5526,13.15048432737701,13.182817192115504,0.24526521355262565,45.54686819552214,77.2831555301788,45.54686819552214
half1__legacy,ADE_vs_floor2,all,eu-locality-008,157961,17.73720806847224,17.762326758104805,0.1414155362337577,62.248380996394935,129.1268830816932,62.25178378465189
half1__legacy,ADE_vs_floor2,all,eu-locality-020,1225,6.486884441586683,6.492626323915866,0.08843697515800164,21.632772482143114,39.464285429778364,21.632772482143114
half1__legacy,ADE_vs_floor2,all,eu-locality-048,8058,26.01469004118502,26.020321098560057,0.02164099879362613,87.98794325945921,154.62847063476923,87.98794325945921
half1__legacy,ADE_vs_floor2,all,eu-locality-067,6903,28.067738952438706,28.084763678914356,0.06061908396414184,91.09051520352688,160.9846648617185,91.04541539093132
half1__legacy,ADE_vs_floor2,all,eu-locality-110,8550,29.72662926057662,29.773289153704624,0.1567172941058792,119.50336377924624,263.02109388512895,119.69634221657493
half1__legacy,ADE_vs_floor2,all,eu-locality-119,5639,28.473817830290923,28.476329527794654,0.008820299334155735,113.73365745461915,200.07679764830758,113.73365745461915
half1__legacy,ADE_vs_floor2,all,eu-locality-124,3550,41.49738922966627,41.507341280235025,0.02397660332317253,180.6393789006598,328.3454653009593,180.6393789006598
half1__legacy,ADE_vs_floor2,easy,eu-locality-007,2133,1.8190834401441767,1.8330379723735066,0.7612789500078376,4.225002370538138,4.772388339061557,4.23563651652886
half1__legacy,ADE_vs_floor2,easy,eu-locality-008,52276,2.2487815575024195,2.2767891801093643,1.2301368458541018,4.301899697568252,4.709559558168579,4.350039201632743
half1__legacy,ADE_vs_floor2,easy,eu-locality-020,695,1.7884903740846338,1.792423845444095,0.21944984549603364,4.624715409104458,8.59108483512885,4.624715409104458
half1__legacy,ADE_vs_floor2,easy,eu-locality-048,2050,2.207124914469409,2.217211010003611,0.4549001195057967,4.319464878374009,4.714791538187013,4.327060911227772
half1__legacy,ADE_vs_floor2,easy,eu-locality-067,1508,2.078732148517204,2.0833095608882055,0.21971830096387812,4.3690171745159265,4.741445038632573,4.374831205256731
half1__legacy,ADE_vs_floor2,easy,eu-locality-110,2579,2.2435279481507693,2.261712376728166,0.8040115429576722,4.267142464928999,4.679640931334554,4.303962832227737
half1__legacy,ADE_vs_floor2,easy,eu-locality-119,1658,2.244526642473443,2.2487484648478198,0.1877409786097406,4.231847810942338,4.6559864623485225,4.233211350622765
half1__legacy,ADE_vs_floor2,easy,eu-locality-124,1006,2.4912460534218415,2.519186989606389,1.1091251383809841,4.363695387064081,4.723163418075615,4.4475011332576315
half1__legacy,ADE_vs_floor2,hard,eu-locality-007,1023,39.64921656766899,39.71378669003484,0.16258868203583576,79.42832137431866,110.60748465817277,79.38499982857707
half1__legacy,ADE_vs_floor2,hard,eu-locality-008,36762,51.09700086739476,51.10199577075867,0.009774380214644385,121.81172212925924,210.512037666119,121.81172212925924
half1__legacy,ADE_vs_floor2,hard,eu-locality-020,47,36.89411999750645,36.893160228428506,-0.0026014824211273435,60.52355224102176,69.16719818649797,60.52355224102176
half1__legacy,ADE_vs_floor2,hard,eu-locality-048,2992,55.949101255384996,55.95072466332657,0.0029014958275230818,124.89706627433704,200.22487872307087,124.76825351937813
half1__legacy,ADE_vs_floor2,hard,eu-locality-067,2806,56.14836903982083,56.16628241008256,0.031893459016818504,127.67986873667407,194.32647741731023,127.67986873667407
half1__legacy,ADE_vs_floor2,hard,eu-locality-110,2743,77.32934341161003,77.42443976615223,0.12282472411738743,219.4516063778659,396.45675519813955,219.8284415811754
half1__legacy,ADE_vs_floor2,hard,eu-locality-119,1895,69.78786166314511,69.78896285281084,0.0015778851278458461,175.74517040320612,273.82955281849917,175.74517040320612
half1__legacy,ADE_vs_floor2,hard,eu-locality-124,1362,96.07648490506679,96.0701641731046,-0.006579287145602741,276.30623914317977,450.8215864835676,276.30623914317977
half1__legacy,ADE_vs_floor2,complete,eu-locality-007,2882,13.157143730768512,13.194899860220925,0.28614184156287026,47.295106099148626,77.10734954293518,47.295106099148626
half1__legacy,ADE_vs_floor2,complete,eu-locality-008,97352,16.078175200978414,16.110036883658353,0.19777535526475098,57.66895455073054,117.01178787776178,57.67206901514271
half1__legacy,ADE_vs_floor2,complete,eu-locality-020,364,6.923253424293424,6.933440402885818,0.14692530692488326,22.937980186983854,49.70629992513765,22.937980186983854
half1__legacy,ADE_vs_floor2,complete,eu-locality-048,4716,25.906610560914405,25.914958306372633,0.03221207365853296,90.17099060761468,159.98297785361092,90.17099060761468
half1__legacy,ADE_vs_floor2,complete,eu-locality-067,3417,28.978164127452967,28.99648051908513,0.06316763725896513,89.9197533457534,159.93773326698778,89.9197533457534
half1__legacy,ADE_vs_floor2,complete,eu-locality-110,5804,27.633696734138745,27.66167769718765,0.10115425157942726,113.89665472640061,263.6462515445786,114.90809678067276
half1__legacy,ADE_vs_floor2,complete,eu-locality-119,3148,27.80485633281314,27.80624489260915,0.0049936976437181535,110.41008756561739,201.62908603894607,110.41008756561739
half1__legacy,ADE_vs_floor2,complete,eu-locality-124,2077,37.44293227893751,37.459033303169946,0.0429830212171356,173.10971397244984,304.2066124590029,173.10971397244984
half1__legacy,ADE_vs_old_stop4,all,eu-locality-007,5526,13.15048432737701,13.590104852307379,3.2348574915941786,45.54686819552214,77.2831555301788,45.89358032936613
half1__legacy,ADE_vs_old_stop4,all,eu-locality-008,157961,17.73720806847224,17.98943571826429,1.4020876126535131,62.248380996394935,129.1268830816932,63.86139156028711
half1__legacy,ADE_vs_old_stop4,all,eu-locality-020,1225,6.486884441586683,6.452382222545509,-0.5347206326466125,21.632772482143114,39.464285429778364,20.950455289077674
half1__legacy,ADE_vs_old_stop4,all,eu-locality-048,8058,26.01469004118502,26.553830942929174,2.030369564764134,87.98794325945921,154.62847063476923,89.55098636922551
half1__legacy,ADE_vs_old_stop4,all,eu-locality-067,6903,28.067738952438706,28.873163253048368,2.7895256697398008,91.09051520352688,160.9846648617185,93.15038154789627
half1__legacy,ADE_vs_old_stop4,all,eu-locality-110,8550,29.72662926057662,30.358044370758794,2.079893890630058,119.50336377924624,263.02109388512895,121.68449105426859
half1__legacy,ADE_vs_old_stop4,all,eu-locality-119,5639,28.473817830290923,28.852417788094066,1.3121949106094433,113.73365745461915,200.07679764830758,114.45336587739244
half1__legacy,ADE_vs_old_stop4,all,eu-locality-124,3550,41.49738922966627,42.407575143660424,2.1462814388957585,180.6393789006598,328.3454653009593,186.18276158812444
half1__legacy,ADE_vs_old_stop4,easy,eu-locality-007,2133,1.8190834401441767,1.7874893549700068,-1.7675117944800256,4.225002370538138,4.772388339061557,4.22837301836189
half1__legacy,ADE_vs_old_stop4,easy,eu-locality-008,52276,2.2487815575024195,2.1662653867091297,-3.8091441288568895,4.301899697568252,4.709559558168579,4.234064147982267
half1__legacy,ADE_vs_old_stop4,easy,eu-locality-020,695,1.7884903740846338,1.625677164853267,-10.015100953088819,4.624715409104458,8.59108483512885,4.2930456589077775
half1__legacy,ADE_vs_old_stop4,easy,eu-locality-048,2050,2.207124914469409,2.1511982165954837,-2.599792870897577,4.319464878374009,4.714791538187013,4.284196614084099
half1__legacy,ADE_vs_old_stop4,easy,eu-locality-067,1508,2.078732148517204,2.037789731301798,-2.0091580886145044,4.3690171745159265,4.741445038632573,4.307644335745245
half1__legacy,ADE_vs_old_stop4,easy,eu-locality-110,2579,2.2435279481507693,2.1769032458977597,-3.0605265704187756,4.267142464928999,4.679640931334554,4.195000446068202
half1__legacy,ADE_vs_old_stop4,easy,eu-locality-119,1658,2.244526642473443,2.2040837269478786,-1.8349083127421784,4.231847810942338,4.6559864623485225,4.215888937008986
half1__legacy,ADE_vs_old_stop4,easy,eu-locality-124,1006,2.4912460534218415,2.400078617850799,-3.798518719052635,4.363695387064081,4.723163418075615,4.309958639134824
half1__legacy,ADE_vs_old_stop4,hard,eu-locality-007,1023,39.64921656766899,41.14991851725806,3.646913538746588,79.42832137431866,110.60748465817277,81.67666598213943
half1__legacy,ADE_vs_old_stop4,hard,eu-locality-008,36762,51.09700086739476,52.532493736971304,2.7325808608363644,121.81172212925924,210.512037666119,124.3548686676523
half1__legacy,ADE_vs_old_stop4,hard,eu-locality-020,47,36.89411999750645,37.64541412593011,1.9957122158636764,60.52355224102176,69.16719818649797,59.47714101421315
half1__legacy,ADE_vs_old_stop4,hard,eu-locality-048,2992,55.949101255384996,57.37600407192925,2.486933064832164,124.89706627433704,200.22487872307087,127.11608694673164
half1__legacy,ADE_vs_old_stop4,hard,eu-locality-067,2806,56.14836903982083,57.9390639899828,3.090652190155452,127.67986873667407,194.32647741731023,132.24005022202874
half1__legacy,ADE_vs_old_stop4,hard,eu-locality-110,2743,77.32934341161003,79.46383275794614,2.686114263878958,219.4516063778659,396.45675519813955,230.75512668230746
half1__legacy,ADE_vs_old_stop4,hard,eu-locality-119,1895,69.78786166314511,70.84185145378392,1.4878066693759573,175.74517040320612,273.82955281849917,177.35436104322963
half1__legacy,ADE_vs_old_stop4,hard,eu-locality-124,1362,96.07648490506679,98.72227545064261,2.6800339978980903,276.30623914317977,450.8215864835676,278.10766655456683
half1__legacy,ADE_vs_old_stop4,complete,eu-locality-007,2882,13.157143730768512,13.665175546224367,3.717711592780981,47.295106099148626,77.10734954293518,47.83773492869996
half1__legacy,ADE_vs_old_stop4,complete,eu-locality-008,97352,16.078175200978414,16.31994933830242,1.4814637736439984,57.66895455073054,117.01178787776178,59.003041850399725
half1__legacy,ADE_vs_old_stop4,complete,eu-locality-020,364,6.923253424293424,6.791378277054203,-1.941802412697058,22.937980186983854,49.70629992513765,22.682718227503177
half1__legacy,ADE_vs_old_stop4,complete,eu-locality-048,4716,25.906610560914405,26.526352164543134,2.336324270236889,90.17099060761468,159.98297785361092,91.38499461110202
half1__legacy,ADE_vs_old_stop4,complete,eu-locality-067,3417,28.978164127452967,30.067894092011002,3.6242310858996096,89.9197533457534,159.93773326698778,92.49833101194194
half1__legacy,ADE_vs_old_stop4,complete,eu-locality-110,5804,27.633696734138745,28.264277390025246,2.2310163716021236,113.89665472640061,263.6462515445786,118.18033866701663
half1__legacy,ADE_vs_old_stop4,complete,eu-locality-119,3148,27.80485633281314,28.467448033372655,2.32754161800085,110.41008756561739,201.62908603894607,112.70775480291367
half1__legacy,ADE_vs_old_stop4,complete,eu-locality-124,2077,37.44293227893751,38.39923034635209,2.490409465994481,173.10971397244984,304.2066124590029,176.26503245693834
half1__legacy,FDE_vs_floor4,endpoint,eu-locality-007,3935,28.530798291815046,30.123946530920737,5.288643828491734,101.0980408324699,173.38593160711113,102.96456780800754
half1__legacy,FDE_vs_floor4,endpoint,eu-locality-008,121088,34.99961730068424,35.893854561911,2.49133806369094,133.20313708125786,274.7466887337362,137.0225183719183
half1__legacy,FDE_vs_floor4,endpoint,eu-locality-020,622,14.78839787323246,14.662738031078371,-0.8570012086947632,52.375808020598235,102.34943144507893,54.18434016797015
half1__legacy,FDE_vs_floor4,endpoint,eu-locality-048,5582,56.988496180024924,58.83853060819334,3.1442566784813497,208.68960992850214,347.7493555015148,216.2196458274127
half1__legacy,FDE_vs_floor4,endpoint,eu-locality-067,4600,61.16369724492908,64.29400756456238,4.868743508467599,199.69257240266742,354.80302849774625,207.16877909819794
half1__legacy,FDE_vs_floor4,endpoint,eu-locality-110,7204,55.98448008825414,57.8976563672657,3.3044105738505025,243.97425104086068,556.398882351231,251.77304034955634
half1__legacy,FDE_vs_floor4,endpoint,eu-locality-119,4147,63.95765766560506,65.45138581897585,2.282194845349972,262.32839965600925,464.9232187764764,270.5290560144782
half1__legacy,FDE_vs_floor4,endpoint,eu-locality-124,2645,80.69449284705128,83.8513061080275,3.7647752998733575,366.28442342970175,717.4852338748225,380.9415092093398
half1__legacy,ADE_vs_CV,easy,eu-locality-007,2133,1.8190834401441767,1.8525004364762494,1.803886016655265,4.225002370538138,4.772388339061557,4.355450553983238
half1__legacy,ADE_vs_CV,easy,eu-locality-008,52276,2.2487815575024195,2.3343046202023725,3.6637490222907854,4.301899697568252,4.709559558168579,4.477191635123733
half1__legacy,ADE_vs_CV,easy,eu-locality-020,695,1.7884903740846338,1.6834998531827923,-6.236443721889762,4.624715409104458,8.59108483512885,4.294862621440125
half1__legacy,ADE_vs_CV,easy,eu-locality-048,2050,2.207124914469409,2.2919612794697164,3.7014746174043434,4.319464878374009,4.714791538187013,4.484449431559784
half1__legacy,ADE_vs_CV,easy,eu-locality-067,1508,2.078732148517204,2.126958008841005,2.267363066094552,4.3690171745159265,4.741445038632573,4.431771346846858
half1__legacy,ADE_vs_CV,easy,eu-locality-110,2579,2.2435279481507693,2.356118809479549,4.778658057301044,4.267142464928999,4.679640931334554,4.476255197977273
half1__legacy,ADE_vs_CV,easy,eu-locality-119,1658,2.244526642473443,2.3455260977767742,4.306046963155275,4.231847810942338,4.6559864623485225,4.423775218674889
half1__legacy,ADE_vs_CV,easy,eu-locality-124,1006,2.4912460534218415,2.5758364727079335,3.2839980403400193,4.363695387064081,4.723163418075615,4.529853536161329
half0__producer,global,all,eu-locality-007,5526,13.58246287234806,13.582312157336187,-0.001109641790941751,45.72409026969978,80.71712323070768,45.72409026969978
half0__producer,global,all,eu-locality-008,157961,17.991200812998084,17.989732331095144,-0.008162889118712435,63.89009159326731,131.2795710962386,63.88777248258642
half0__producer,global,all,eu-locality-020,1225,6.44340196947887,6.445688938023682,0.03548059124170999,20.950455289077674,42.958840384020256,20.950455289077674
half0__producer,global,all,eu-locality-048,8058,26.56975109176411,26.570762186714052,0.003805291481051576,89.55098636922551,160.11545465691114,89.55098636922551
half0__producer,global,all,eu-locality-067,6903,28.818896507949344,28.835293265951922,0.05686350352447356,93.15038154789627,168.56927310186109,93.15038154789627
half0__producer,global,all,eu-locality-110,8550,30.357524613244376,30.37043918326397,0.04252348786154547,121.4135773363726,270.73137899676516,121.68449105426859
half0__producer,global,all,eu-locality-119,5639,28.845056988378623,28.846377346884996,0.004577207357769897,114.3522798565831,201.6878989025234,114.3522798565831
half0__producer,global,all,eu-locality-124,3550,42.43424700433868,42.43468204356118,0.001025197318682558,186.45287792257716,344.5055271166482,186.45287792257716
half0__producer,global,easy,eu-locality-007,2133,1.779061719645105,1.772090807221184,-0.39337219038182436,4.210772662147344,4.726064642309346,4.197659808529723
half0__producer,global,easy,eu-locality-008,52276,2.162544073540139,2.154680439747128,-0.36495591865741694,4.199527686386016,4.593466620956019,4.19859003666396
half0__producer,global,easy,eu-locality-020,695,1.6128955550647073,1.6109818796857325,-0.1187893795148165,4.258957491577554,4.645577515453056,4.2424120646997014
half0__producer,global,easy,eu-locality-048,2050,2.151503988930952,2.149329732242626,-0.10115975486262307,4.303399010810802,4.693557238623529,4.299722634691401
half0__producer,global,easy,eu-locality-067,1508,2.036655703088733,2.035995198167817,-0.03244137911084799,4.307644335745245,4.623940123557498,4.310216209467442
half0__producer,global,easy,eu-locality-110,2579,2.181167007343489,2.1796430739301544,-0.06991664972864076,4.182163179490535,4.506464254621015,4.182163179490535
half0__producer,global,easy,eu-locality-119,1658,2.200188657009012,2.20209374192142,0.08651243478607906,4.2259662627668835,4.642270741483972,4.229803938537856
half0__producer,global,easy,eu-locality-124,1006,2.3941711100532808,2.3896895579968778,-0.18753699790861056,4.287347248809614,4.624646363720011,4.287347248809614
half0__producer,global,hard,eu-locality-007,1023,41.140065351319556,41.15139818646325,0.027539368388751484,81.67666598213943,114.47062363973248,81.67666598213943
half0__producer,global,hard,eu-locality-008,36762,52.55659141647557,52.56399723697032,0.014089150148466345,124.3548686676523,215.29668702518754,124.33320145770217
half0__producer,global,hard,eu-locality-020,47,37.64541412593011,37.64541412593011,0.0,59.47714101421315,69.16719818649797,59.47714101421315
half0__producer,global,hard,eu-locality-048,2992,57.3983809245827,57.398470941767044,0.0001568285406650105,127.3940467841187,211.57685641932093,127.3940467841187
half0__producer,global,hard,eu-locality-067,2806,57.80779676256205,57.841964775269695,0.05907132103896151,132.24005022202874,207.56503644827586,132.24005022202874
half0__producer,global,hard,eu-locality-110,2743,79.40609226708952,79.43981743039721,0.04245372710888207,230.4341792808899,408.99645159228305,230.4341792808899
half0__producer,global,hard,eu-locality-119,1895,70.8182961303573,70.81807758237304,-0.00030860479658390005,177.35436104322963,275.16663244604706,177.35436104322963
half0__producer,global,hard,eu-locality-124,1362,98.76870216109864,98.77251525108883,0.0038604767535699303,278.10766655456683,456.2515668720877,278.10766655456683
half0__producer,global,complete,eu-locality-007,2882,13.639876440931443,13.637127462419299,-0.020158046624696446,47.62481810943001,79.58424742220402,47.62481810943001
half0__producer,global,complete,eu-locality-008,97352,16.320497980898274,16.31780162854749,-0.016523992705419488,59.07709286235984,120.28398950207574,59.07159491170203
half0__producer,global,complete,eu-locality-020,364,6.778686463399423,6.78099304612135,0.03401541199405944,22.682718227503177,49.70629992513765,22.682718227503177
half0__producer,global,complete,eu-locality-048,4716,26.547973085320006,26.548530289118133,0.0020988122207077353,91.38499461110202,161.22338275660073,91.38499461110202
half0__producer,global,complete,eu-locality-067,3417,30.07166279130736,30.076027287060448,0.014511543401096727,92.49833101194194,166.36606324874677,92.49833101194194
half0__producer,global,complete,eu-locality-110,5804,28.288445889986754,28.28921823355302,0.002730169352471723,118.18033866701663,275.3204835858817,118.18033866701663
half0__producer,global,complete,eu-locality-119,3148,28.451348428136193,28.452863459914273,0.005324707582465837,111.844506586388,205.2067029563877,111.844506586388
half0__producer,global,complete,eu-locality-124,2077,38.425899920758084,38.42623180180032,0.0008636835481246052,177.32650540365142,316.4037738037055,177.32650540365142
half0__producer,global,endpoint_FDE,eu-locality-007,3935,29.91834403916673,29.912521482880358,-0.019465280751096437,102.630383216675,180.22954667261536,102.630383216675
half0__producer,global,endpoint_FDE,eu-locality-008,121088,35.80423966829043,35.79922271090127,-0.01401415173081233,137.13994228650898,282.3060936069268,137.14336631906005
half0__producer,global,endpoint_FDE,eu-locality-020,622,14.393997206226334,14.405950645102438,0.0829757033782963,54.18434016797015,99.18086841907973,54.18434016797015
half0__producer,global,endpoint_FDE,eu-locality-048,5582,58.85068400716518,58.852653105810404,0.0033458111764028686,216.2196458274127,355.4563120785641,216.2196458274127
half0__producer,global,endpoint_FDE,eu-locality-067,4600,64.1704122279176,64.18927488790149,0.02938599947862608,207.16877909819794,394.0447029702928,207.16877909819794
half0__producer,global,endpoint_FDE,eu-locality-110,7204,57.84879097092439,57.88242347735369,0.05810486916197899,251.12962827604994,587.6090239057078,251.61890320290925
half0__producer,global,endpoint_FDE,eu-locality-119,4147,65.38953879353193,65.3941515011168,0.007053700490000647,270.5290560144782,484.5542592170748,270.5290560144782
half0__producer,global,endpoint_FDE,eu-locality-124,2645,83.81229858853868,83.81385379094144,0.0018555433647482467,381.9827743206876,749.8979417287693,381.9827743206876
half0__producer,placebo,all,eu-locality-007,5526,13.58246287234806,13.58360401869305,0.008400909975136983,45.72409026969978,80.71712323070768,45.72409026969978
half0__producer,placebo,all,eu-locality-008,157961,17.991200812998084,17.989495302436115,-0.009480591496857649,63.89009159326731,131.2795710962386,63.89009159326731
half0__producer,placebo,all,eu-locality-020,1225,6.44340196947887,6.440026951230503,-0.05240689633638773,20.950455289077674,42.958840384020256,20.950455289077674
half0__producer,placebo,all,eu-locality-048,8058,26.56975109176411,26.571463917113718,0.006446108332414102,89.55098636922551,160.11545465691114,89.55098636922551
half0__producer,placebo,all,eu-locality-067,6903,28.818896507949344,28.836471661563028,0.06094765621798004,93.15038154789627,168.56927310186109,93.15038154789627
half0__producer,placebo,all,eu-locality-110,8550,30.357524613244376,30.370359579359846,0.042261488810924064,121.4135773363726,270.73137899676516,121.68449105426859
half0__producer,placebo,all,eu-locality-119,5639,28.845056988378623,28.846418997622543,0.004721588645140162,114.3522798565831,201.6878989025234,114.3522798565831
half0__producer,placebo,all,eu-locality-124,3550,42.43424700433868,42.43373424453573,-0.0012083777496396664,186.45287792257716,344.5055271166482,186.45287792257716
half0__producer,placebo,easy,eu-locality-007,2133,1.779061719645105,1.773619525092818,-0.3068411502744617,4.210772662147344,4.726064642309346,4.20456568553029
half0__producer,placebo,easy,eu-locality-008,52276,2.162544073540139,2.155262518698028,-0.3378500196119738,4.199527686386016,4.593466620956019,4.197717069950028
half0__producer,placebo,easy,eu-locality-020,695,1.6128955550647073,1.6095068634702059,-0.21054222702692194,4.258957491577554,4.645577515453056,4.2424120646997014
half0__producer,placebo,easy,eu-locality-048,2050,2.151503988930952,2.150619012034389,-0.041149868554635205,4.303399010810802,4.693557238623529,4.294820842049293
half0__producer,placebo,easy,eu-locality-067,1508,2.036655703088733,2.0372295924944877,0.028170089805723553,4.307644335745245,4.623940123557498,4.310216209467442
half0__producer,placebo,easy,eu-locality-110,2579,2.181167007343489,2.1806484297618978,-0.02378088895547137,4.182163179490535,4.506464254621015,4.182163179490535
half0__producer,placebo,easy,eu-locality-119,1658,2.200188657009012,2.202153073698841,0.0892043660947417,4.2259662627668835,4.642270741483972,4.229803938537856
half0__producer,placebo,easy,eu-locality-124,1006,2.3941711100532808,2.391171087548334,-0.1254624782212055,4.287347248809614,4.624646363720011,4.293182139531153
half0__producer,placebo,hard,eu-locality-007,1023,41.140065351319556,41.15130758184764,0.027319254693725092,81.67666598213943,114.47062363973248,81.67666598213943
half0__producer,placebo,hard,eu-locality-008,36762,52.55659141647557,52.562594074169255,0.011420017979357766,124.3548686676523,215.29668702518754,124.33320145770217
half0__producer,placebo,hard,eu-locality-020,47,37.64541412593011,37.64541412593011,0.0,59.47714101421315,69.16719818649797,59.47714101421315
half0__producer,placebo,hard,eu-locality-048,2992,57.3983809245827,57.3984607138673,0.00013900945008415988,127.3940467841187,211.57685641932093,127.3940467841187
half0__producer,placebo,hard,eu-locality-067,2806,57.80779676256205,57.841165188133544,0.057689753418632694,132.24005022202874,207.56503644827586,132.24005022202874
half0__producer,placebo,hard,eu-locality-110,2743,79.40609226708952,79.43950101431996,0.04205558545038457,230.4341792808899,408.99645159228305,230.4341792808899
half0__producer,placebo,hard,eu-locality-119,1895,70.8182961303573,70.81807758237304,-0.00030860479658390005,177.35436104322963,275.16663244604706,177.35436104322963
half0__producer,placebo,hard,eu-locality-124,1362,98.76870216109864,98.77251525108883,0.0038604767535699303,278.10766655456683,456.2515668720877,278.10766655456683
half0__producer,placebo,complete,eu-locality-007,2882,13.639876440931443,13.634660709226953,-0.03825347631101206,47.62481810943001,79.58424742220402,47.62481810943001
half0__producer,placebo,complete,eu-locality-008,97352,16.320497980898274,16.318105728668524,-0.014660109877495664,59.07709286235984,120.28398950207574,59.07397175618032
half0__producer,placebo,complete,eu-locality-020,364,6.778686463399423,6.778782221978082,0.0014126221424826113,22.682718227503177,49.70629992513765,22.682718227503177
half0__producer,placebo,complete,eu-locality-048,4716,26.547973085320006,26.549583518040787,0.006065755116979599,91.38499461110202,161.22338275660073,91.38499461110202
half0__producer,placebo,complete,eu-locality-067,3417,30.07166279130736,30.07568605344823,0.013377125076119434,92.49833101194194,166.36606324874677,92.49833101194194
half0__producer,placebo,complete,eu-locality-110,5804,28.288445889986754,28.289479373019546,0.003653241613832403,118.18033866701663,275.3204835858817,118.18033866701663
half0__producer,placebo,complete,eu-locality-119,3148,28.451348428136193,28.45293897351545,0.005590091697516009,111.844506586388,205.2067029563877,111.844506586388
half0__producer,placebo,complete,eu-locality-124,2077,38.425899920758084,38.42407221965147,-0.004756656442261864,177.32650540365142,316.4037738037055,177.32650540365142
half0__producer,placebo,endpoint_FDE,eu-locality-007,3935,29.91834403916673,29.910776174488923,-0.025301465377092214,102.630383216675,180.22954667261536,102.630383216675
half0__producer,placebo,endpoint_FDE,eu-locality-008,121088,35.80423966829043,35.799128890309454,-0.014276263527612798,137.13994228650898,282.3060936069268,137.14336631906005
half0__producer,placebo,endpoint_FDE,eu-locality-020,622,14.393997206226334,14.387250456943914,-0.046893944764581086,54.18434016797015,99.18086841907973,54.18434016797015
half0__producer,placebo,endpoint_FDE,eu-locality-048,5582,58.85068400716518,58.855562222269015,0.008288452135440938,216.2196458274127,355.4563120785641,216.2196458274127
half0__producer,placebo,endpoint_FDE,eu-locality-067,4600,64.1704122279176,64.18919013371182,0.02925400017527169,207.16877909819794,394.0447029702928,207.16877909819794
half0__producer,placebo,endpoint_FDE,eu-locality-110,7204,57.84879097092439,57.88282131048221,0.058791777572964055,251.12962827604994,587.6090239057078,251.61890320290925
half0__producer,placebo,endpoint_FDE,eu-locality-119,4147,65.38953879353193,65.394020317192,0.006853109257298762,270.5290560144782,484.5542592170748,270.5290560144782
half0__producer,placebo,endpoint_FDE,eu-locality-124,2645,83.81229858853868,83.80928153955475,-0.003599898398487511,381.9827743206876,749.8979417287693,381.9827743206876
half0__producer,wrong_tag,all,eu-locality-007,5526,13.58246287234806,13.59189946962668,0.06942809796164351,45.72409026969978,80.71712323070768,45.80191694195659
half0__producer,wrong_tag,all,eu-locality-008,157961,17.991200812998084,17.993331536657468,0.011841740675111456,63.89009159326731,131.2795710962386,63.89369219205415
half0__producer,wrong_tag,all,eu-locality-020,1225,6.44340196947887,6.440201115328301,-0.04970115207971748,20.950455289077674,42.958840384020256,20.950455289077674
half0__producer,wrong_tag,all,eu-locality-048,8058,26.56975109176411,26.569896208124305,0.0005461683367458114,89.55098636922551,160.11545465691114,89.55098636922551
half0__producer,wrong_tag,all,eu-locality-067,6903,28.818896507949344,28.83616267970821,0.05987680105237203,93.15038154789627,168.56927310186109,93.15038154789627
half0__producer,wrong_tag,all,eu-locality-110,8550,30.357524613244376,30.37098297625251,0.044313228250325576,121.4135773363726,270.73137899676516,121.68449105426859
half0__producer,wrong_tag,all,eu-locality-119,5639,28.845056988378623,28.846331460774177,0.0044181437673929125,114.3522798565831,201.6878989025234,114.3522798565831
half0__producer,wrong_tag,all,eu-locality-124,3550,42.43424700433868,42.43542282591625,0.0027708492086775394,186.45287792257716,344.5055271166482,186.45287792257716
half0__producer,wrong_tag,easy,eu-locality-007,2133,1.779061719645105,1.769262839533954,-0.5538397061304989,4.210772662147344,4.726064642309346,4.210772662147344
half0__producer,wrong_tag,easy,eu-locality-008,52276,2.162544073540139,2.154588428649665,-0.369241976086343,4.199527686386016,4.593466620956019,4.197971895016084
half0__producer,wrong_tag,easy,eu-locality-020,695,1.6128955550647073,1.6088779676936427,-0.2497136172996406,4.258957491577554,4.645577515453056,4.2424120646997014
half0__producer,wrong_tag,easy,eu-locality-048,2050,2.151503988930952,2.1437344255508832,-0.362431245562167,4.303399010810802,4.693557238623529,4.292759069005489
half0__producer,wrong_tag,easy,eu-locality-067,1508,2.036655703088733,2.034243896748521,-0.11856033310790881,4.307644335745245,4.623940123557498,4.310216209467442
half0__producer,wrong_tag,easy,eu-locality-110,2579,2.181167007343489,2.181620215230586,0.020773913073102168,4.182163179490535,4.506464254621015,4.182869488968543
half0__producer,wrong_tag,easy,eu-locality-119,1658,2.200188657009012,2.2013702875629098,0.053677046545674845,4.2259662627668835,4.642270741483972,4.231375667205294
half0__producer,wrong_tag,easy,eu-locality-124,1006,2.3941711100532808,2.3915155209596044,-0.11104210156289707,4.287347248809614,4.624646363720011,4.278553849214802
half0__producer,wrong_tag,hard,eu-locality-007,1023,41.140065351319556,41.18688133205911,0.11366721447567674,81.67666598213943,114.47062363973248,81.67666598213943
half0__producer,wrong_tag,hard,eu-locality-008,36762,52.55659141647557,52.57132541404855,0.028026680813042493,124.3548686676523,215.29668702518754,124.3548686676523
half0__producer,wrong_tag,hard,eu-locality-020,47,37.64541412593011,37.64541412593011,0.0,59.47714101421315,69.16719818649797,59.47714101421315
half0__producer,wrong_tag,hard,eu-locality-048,2992,57.3983809245827,57.398392561964094,2.027475138888235e-05,127.3940467841187,211.57685641932093,127.3940467841187
half0__producer,wrong_tag,hard,eu-locality-067,2806,57.80779676256205,57.84580026192993,0.0656979403790725,132.24005022202874,207.56503644827586,132.24005022202874
half0__producer,wrong_tag,hard,eu-locality-110,2743,79.40609226708952,79.43702277343985,0.03893714199051379,230.4341792808899,408.99645159228305,230.4341792808899
half0__producer,wrong_tag,hard,eu-locality-119,1895,70.8182961303573,70.81770341000308,-0.0008369663596630161,177.35436104322963,275.16663244604706,177.35436104322963
half0__producer,wrong_tag,hard,eu-locality-124,1362,98.76870216109864,98.7726426743424,0.003989478399146762,278.10766655456683,456.2515668720877,278.10766655456683
half0__producer,wrong_tag,complete,eu-locality-007,2882,13.639876440931443,13.649054745653006,0.0672449843054923,47.62481810943001,79.58424742220402,47.62481810943001
half0__producer,wrong_tag,complete,eu-locality-008,97352,16.320497980898274,16.320437537002547,-0.0003703570789159727,59.07709286235984,120.28398950207574,59.07397175618032
half0__producer,wrong_tag,complete,eu-locality-020,364,6.778686463399423,6.776987914227018,-0.025063482389264813,22.682718227503177,49.70629992513765,22.682718227503177
half0__producer,wrong_tag,complete,eu-locality-048,4716,26.547973085320006,26.547414141298592,-0.002105455614009877,91.38499461110202,161.22338275660073,91.38499461110202
half0__producer,wrong_tag,complete,eu-locality-067,3417,30.07166279130736,30.075888380969676,0.014049758427048253,92.49833101194194,166.36606324874677,92.49833101194194
half0__producer,wrong_tag,complete,eu-locality-110,5804,28.288445889986754,28.291461149298335,0.010657842292660646,118.18033866701663,275.3204835858817,118.18033866701663
half0__producer,wrong_tag,complete,eu-locality-119,3148,28.451348428136193,28.452328078721422,0.003443129794222788,111.844506586388,205.2067029563877,111.844506586388
half0__producer,wrong_tag,complete,eu-locality-124,2077,38.425899920758084,38.42826533125361,0.006155392326812059,177.32650540365142,316.4037738037055,177.32650540365142
half0__producer,wrong_tag,endpoint_FDE,eu-locality-007,3935,29.91834403916673,29.93532555468678,0.05672734538673119,102.630383216675,180.22954667261536,102.630383216675
half0__producer,wrong_tag,endpoint_FDE,eu-locality-008,121088,35.80423966829043,35.810015033601346,0.016127793594888917,137.13994228650898,282.3060936069268,137.14336631906005
half0__producer,wrong_tag,endpoint_FDE,eu-locality-020,622,14.393997206226334,14.397316160965195,0.023052593287209433,54.18434016797015,99.18086841907973,54.18434016797015
half0__producer,wrong_tag,endpoint_FDE,eu-locality-048,5582,58.85068400716518,58.85045967492044,-0.000381190301612655,216.2196458274127,355.4563120785641,216.2196458274127
half0__producer,wrong_tag,endpoint_FDE,eu-locality-067,4600,64.1704122279176,64.1880835473221,0.027530529699448802,207.16877909819794,394.0447029702928,207.16877909819794
half0__producer,wrong_tag,endpoint_FDE,eu-locality-110,7204,57.84879097092439,57.884005268535155,0.06083597264460172,251.12962827604994,587.6090239057078,251.61890320290925
half0__producer,wrong_tag,endpoint_FDE,eu-locality-119,4147,65.38953879353193,65.3931034661034,0.005451144513002326,270.5290560144782,484.5542592170748,270.5290560144782
half0__producer,wrong_tag,endpoint_FDE,eu-locality-124,2645,83.81229858853868,83.81661805710597,0.005153475131081109,381.9827743206876,749.8979417287693,381.9827743206876
half0__producer,legacy,all,eu-locality-007,5526,13.58246287234806,13.602498273577421,0.14729206963605135,45.72409026969978,80.71712323070768,45.89358032936613
half0__producer,legacy,all,eu-locality-008,157961,17.991200812998084,17.993485366706327,0.012696560236580279,63.89009159326731,131.2795710962386,63.88777248258642
half0__producer,legacy,all,eu-locality-020,1225,6.44340196947887,6.4475872441962165,0.06491226188701793,20.950455289077674,42.958840384020256,20.950455289077674
half0__producer,legacy,all,eu-locality-048,8058,26.56975109176411,26.572491966649686,0.01031470773992238,89.55098636922551,160.11545465691114,89.55098636922551
half0__producer,legacy,all,eu-locality-067,6903,28.818896507949344,28.82949959170462,0.03677859104543879,93.15038154789627,168.56927310186109,93.15038154789627
half0__producer,legacy,all,eu-locality-110,8550,30.357524613244376,30.369716213446946,0.040143938510595056,121.4135773363726,270.73137899676516,121.68449105426859
half0__producer,legacy,all,eu-locality-119,5639,28.845056988378623,28.847298868455905,0.007771542450141222,114.3522798565831,201.6878989025234,114.3522798565831
half0__producer,legacy,all,eu-locality-124,3550,42.43424700433868,42.436879013719164,0.00620217471608564,186.45287792257716,344.5055271166482,186.45287792257716
half0__producer,legacy,easy,eu-locality-007,2133,1.779061719645105,1.7819538816695477,0.1623028549837091,4.210772662147344,4.726064642309346,4.215234122360111
half0__producer,legacy,easy,eu-locality-008,52276,2.162544073540139,2.1561280020254774,-0.29757377616885794,4.199527686386016,4.593466620956019,4.1984991372745135
half0__producer,legacy,easy,eu-locality-020,695,1.6128955550647073,1.612463758391659,-0.026778690113249404,4.258957491577554,4.645577515453056,4.258957491577554
half0__producer,legacy,easy,eu-locality-048,2050,2.151503988930952,2.1542135934586635,0.1257816093974684,4.303399010810802,4.693557238623529,4.307347057075696
half0__producer,legacy,easy,eu-locality-067,1508,2.036655703088733,2.0391320784151254,0.12144261534627887,4.307644335745245,4.623940123557498,4.310216209467442
half0__producer,legacy,easy,eu-locality-110,2579,2.181167007343489,2.178147452779801,-0.138629483501429,4.182163179490535,4.506464254621015,4.183570364457491
half0__producer,legacy,easy,eu-locality-119,1658,2.200188657009012,2.2037334011812497,0.16085176956240899,4.2259662627668835,4.642270741483972,4.229803938537856
half0__producer,legacy,easy,eu-locality-124,1006,2.3941711100532808,2.393280518575748,-0.037212164249877944,4.287347248809614,4.624646363720011,4.293182139531153
half0__producer,legacy,hard,eu-locality-007,1023,41.140065351319556,41.21877848544629,0.1909642571153114,81.67666598213943,114.47062363973248,81.67666598213943
half0__producer,legacy,hard,eu-locality-008,36762,52.55659141647557,52.57162236679463,0.028591376188058515,124.3548686676523,215.29668702518754,124.45172929758508
half0__producer,legacy,hard,eu-locality-020,47,37.64541412593011,37.64541412593011,0.0,59.47714101421315,69.16719818649797,59.47714101421315
half0__producer,legacy,hard,eu-locality-048,2992,57.3983809245827,57.39840093031049,3.485415527304525e-05,127.3940467841187,211.57685641932093,127.3940467841187
half0__producer,legacy,hard,eu-locality-067,2806,57.80779676256205,57.82947652787376,0.03748912598450227,132.24005022202874,207.56503644827586,132.24005022202874
half0__producer,legacy,hard,eu-locality-110,2743,79.40609226708952,79.43664273777499,0.03845891471813134,230.4341792808899,408.99645159228305,230.4341792808899
half0__producer,legacy,hard,eu-locality-119,1895,70.8182961303573,70.81799382661733,-0.00042687419345988076,177.35436104322963,275.16663244604706,177.35436104322963
half0__producer,legacy,hard,eu-locality-124,1362,98.76870216109864,98.77261832225372,0.003964824686841784,278.10766655456683,456.2515668720877,278.10766655456683
half0__producer,legacy,complete,eu-locality-007,2882,13.639876440931443,13.672607568185933,0.2393919893572405,47.62481810943001,79.58424742220402,47.842456221283804
half0__producer,legacy,complete,eu-locality-008,97352,16.320497980898274,16.320794457466203,0.0018165572068240543,59.07709286235984,120.28398950207574,59.07159491170203
half0__producer,legacy,complete,eu-locality-020,364,6.778686463399423,6.783939432472897,0.07743242883816448,22.682718227503177,49.70629992513765,22.682718227503177
half0__producer,legacy,complete,eu-locality-048,4716,26.547973085320006,26.551453751344827,0.013109135407107786,91.38499461110202,161.22338275660073,91.38499461110202
half0__producer,legacy,complete,eu-locality-067,3417,30.07166279130736,30.078172317331582,0.02164202650195568,92.49833101194194,166.36606324874677,92.49833101194194
half0__producer,legacy,complete,eu-locality-110,5804,28.288445889986754,28.288317589406027,-0.0004535461690879927,118.18033866701663,275.3204835858817,118.18033866701663
half0__producer,legacy,complete,eu-locality-119,3148,28.451348428136193,28.453706048383932,0.008285810796426762,111.844506586388,205.2067029563877,111.844506586388
half0__producer,legacy,complete,eu-locality-124,2077,38.425899920758084,38.428848011627025,0.0076715567118967876,177.32650540365142,316.4037738037055,177.32650540365142
half0__producer,legacy,endpoint_FDE,eu-locality-007,3935,29.91834403916673,29.983019613687357,0.21570734153508742,102.630383216675,180.22954667261536,102.96456780800754
half0__producer,legacy,endpoint_FDE,eu-locality-008,121088,35.80423966829043,35.811883329457764,0.02134392401822449,137.13994228650898,282.3060936069268,137.14336631906005
half0__producer,legacy,endpoint_FDE,eu-locality-020,622,14.393997206226334,14.4143218349478,0.1410030173753185,54.18434016797015,99.18086841907973,54.18434016797015
half0__producer,legacy,endpoint_FDE,eu-locality-048,5582,58.85068400716518,58.8596331709722,0.015204246654121345,216.2196458274127,355.4563120785641,216.2196458274127
half0__producer,legacy,endpoint_FDE,eu-locality-067,4600,64.1704122279176,64.18461403149759,0.022126492141905096,207.16877909819794,394.0447029702928,207.16877909819794
half0__producer,legacy,endpoint_FDE,eu-locality-110,7204,57.84879097092439,57.87952439813499,0.053098962941011685,251.12962827604994,587.6090239057078,251.61890320290925
half0__producer,legacy,endpoint_FDE,eu-locality-119,4147,65.38953879353193,65.39796177919776,0.012879584373393094,270.5290560144782,484.5542592170748,270.5290560144782
half0__producer,legacy,endpoint_FDE,eu-locality-124,2645,83.81229858853868,83.82021657108724,0.009446387604894468,381.9827743206876,749.8979417287693,381.9827743206876
half1__producer,global,all,eu-locality-007,5526,13.146454227680406,13.146596603244527,0.0010829842005288803,45.44820234782039,77.2831555301788,45.44820234782039
half1__producer,global,all,eu-locality-008,157961,17.735134587705033,17.736012134370583,0.004947824002943246,62.251642365944214,129.1268830816932,62.251642365944214
half1__producer,global,all,eu-locality-020,1225,6.485750111149422,6.486734992517188,0.015183006071661787,21.632772482143114,39.464285429778364,21.632772482143114
half1__producer,global,all,eu-locality-048,8058,26.01441233876971,26.01513181615166,0.002765611133681567,87.98794325945921,154.62847063476923,87.98794325945921
half1__producer,global,all,eu-locality-067,6903,28.061694777218786,28.059772706380404,-0.006849915922324534,91.04541539093132,160.9846648617185,91.04541539093132
half1__producer,global,all,eu-locality-110,8550,29.727187924629696,29.726637587785355,-0.0018513255753083158,119.50336377924624,263.02109388512895,119.50336377924624
half1__producer,global,all,eu-locality-119,5639,28.472760988059907,28.473069362088047,0.0010830375335335596,113.73365745461915,200.07679764830758,113.73365745461915
half1__producer,global,all,eu-locality-124,3550,41.494337688717266,41.49324158819963,-0.0026416362657544212,180.6393789006598,328.3454653009593,180.6393789006598
half1__producer,global,easy,eu-locality-007,2133,1.8137350957612453,1.8184679141256495,0.260264056772197,4.2239776613945,4.772388339061557,4.22566273418652
half1__producer,global,easy,eu-locality-008,52276,2.2436277823315915,2.2485014692234357,0.2167526665449504,4.293308990895932,4.7074725842193565,4.300979413845461
half1__producer,global,easy,eu-locality-020,695,1.786422195821803,1.7881830235496319,0.09847021835234226,4.624715409104458,8.59108483512885,4.624715409104458
half1__producer,global,easy,eu-locality-048,2050,2.2068231874118465,2.208378960305549,0.07044863774138266,4.319464878374009,4.69946860659725,4.326012845483563
half1__producer,global,easy,eu-locality-067,1508,2.0805067012968723,2.078128964056724,-0.11441721285221362,4.378649678766201,4.745615995079861,4.3690171745159265
half1__producer,global,easy,eu-locality-110,2579,2.2418489792592897,2.242983021757891,0.05055956677338935,4.2584371380569355,4.673372068687672,4.2674044286321156
half1__producer,global,easy,eu-locality-119,1658,2.2423191198146877,2.2442951982825083,0.08804895493841336,4.227662647586854,4.6559864623485225,4.231375667205294
half1__producer,global,easy,eu-locality-124,1006,2.484717456094768,2.4897785678219475,0.20327557609297608,4.330285577039028,4.709807778031318,4.353428079725912
half1__producer,global,hard,eu-locality-007,1023,39.64570416443684,39.64005097295325,-0.01426131234658623,79.42832137431866,110.60748465817277,79.42832137431866
half1__producer,global,hard,eu-locality-008,36762,51.096922338483274,51.09523252062624,-0.0033071928116745752,121.81172212925924,210.25373951400664,121.81172212925924
half1__producer,global,hard,eu-locality-020,47,36.89411999750645,36.89411999750645,0.0,60.52355224102176,69.16719818649797,60.52355224102176
half1__producer,global,hard,eu-locality-048,2992,55.948943687429384,55.94906009396126,0.00020805806509871516,124.76825351937813,200.22487872307087,124.76825351937813
half1__producer,global,hard,eu-locality-067,2806,56.12917107108677,56.12827324261442,-0.001599601093138503,127.67986873667407,194.32647741731023,127.67986873667407
half1__producer,global,hard,eu-locality-110,2743,77.3291061218837,77.32964260728903,0.0006937642374249542,219.4516063778659,396.45675519813955,219.4516063778659
half1__producer,global,hard,eu-locality-119,1895,69.78774208511548,69.7882103678273,0.0006710054740621807,175.74517040320612,273.82955281849917,175.74517040320612
half1__producer,global,hard,eu-locality-124,1362,96.07635691157896,96.06974914047144,-0.006878097597451394,276.30623914317977,450.8215864835676,276.30623914317977
half1__producer,global,complete,eu-locality-007,2882,13.150350666541831,13.150819356984119,0.0035639638076179203,47.277834057353054,77.10734954293518,47.277834057353054
half1__producer,global,complete,eu-locality-008,97352,16.075937863245407,16.077674602596268,0.010802180002944528,57.66268402545868,117.01178787776178,57.66895455073054
half1__producer,global,complete,eu-locality-020,364,6.92332780402981,6.923253424293424,-0.0010743465799656349,22.937980186983854,49.70629992513765,22.937980186983854
half1__producer,global,complete,eu-locality-048,4716,25.906546292648898,25.907572843717425,0.003962359093689916,90.17099060761468,159.98297785361092,90.17099060761468
half1__producer,global,complete,eu-locality-067,3417,28.978886253134625,28.97856419031964,-0.0011113829272879627,89.9197533457534,159.93773326698778,89.9197533457534
half1__producer,global,complete,eu-locality-110,5804,27.63440720725358,27.633879681892036,-0.0019089804530469934,113.89665472640061,263.6462515445786,113.89665472640061
half1__producer,global,complete,eu-locality-119,3148,27.804329319807998,27.804465660057595,0.0004903537843992112,110.41008756561739,201.62908603894607,110.41008756561739
half1__producer,global,complete,eu-locality-124,2077,37.43913479328701,37.44007650023581,0.00251523777947682,173.10971397244984,304.2066124590029,173.10971397244984
half1__producer,global,endpoint_FDE,eu-locality-007,3935,28.516038724217978,28.521336821453392,0.0185759078144887,101.33406543653263,173.38593160711113,101.22912504869973
half1__producer,global,endpoint_FDE,eu-locality-008,121088,34.99321372505675,34.99772150705356,0.012880215633193082,133.20313708125786,274.7466887337362,133.20313708125786
half1__producer,global,endpoint_FDE,eu-locality-020,622,14.7839720777812,14.787419184969849,0.023311080490318048,52.375808020598235,102.34943144507893,52.375808020598235
half1__producer,global,endpoint_FDE,eu-locality-048,5582,56.98718731615225,56.99065055416919,0.006076852928094123,208.68960992850214,347.7493555015148,208.68960992850214
half1__producer,global,endpoint_FDE,eu-locality-067,4600,61.169680765144385,61.164668888894084,-0.008194070762335137,199.69257240266742,354.80302849774625,199.69257240266742
half1__producer,global,endpoint_FDE,eu-locality-110,7204,55.98532130140288,55.98490796961066,-0.0007382914560594145,243.97425104086068,556.398882351231,243.97425104086068
half1__producer,global,endpoint_FDE,eu-locality-119,4147,63.95400998122722,63.95391203773545,-0.00015314699077784155,262.32839965600925,464.9232187764764,262.32839965600925
half1__producer,global,endpoint_FDE,eu-locality-124,2645,80.68475077353155,80.67862808596253,-0.007588983246575864,366.28442342970175,717.4852338748225,366.28442342970175
half1__producer,placebo,all,eu-locality-007,5526,13.146454227680406,13.147774107269745,0.010038806406087453,45.44820234782039,77.2831555301788,45.54686819552214
half1__producer,placebo,all,eu-locality-008,157961,17.735134587705033,17.735641546311008,0.002858417073048347,62.251642365944214,129.1268830816932,62.251642365944214
half1__producer,placebo,all,eu-locality-020,1225,6.485750111149422,6.486755096265207,0.015492878964462609,21.632772482143114,39.464285429778364,21.632772482143114
half1__producer,placebo,all,eu-locality-048,8058,26.01441233876971,26.014559842071698,0.0005670028740967226,87.98794325945921,154.62847063476923,87.98794325945921
half1__producer,placebo,all,eu-locality-067,6903,28.061694777218786,28.058744354251896,-0.010515163934776695,91.04541539093132,160.9846648617185,91.04541539093132
half1__producer,placebo,all,eu-locality-110,8550,29.727187924629696,29.72635038168923,-0.002817510154162761,119.50336377924624,263.02109388512895,119.51497569425277
half1__producer,placebo,all,eu-locality-119,5639,28.472760988059907,28.47262382937995,-0.0004817212518881675,113.73365745461915,200.07679764830758,113.73365745461915
half1__producer,placebo,all,eu-locality-124,3550,41.494337688717266,41.49289081992417,-0.003487028173987383,180.6393789006598,328.3454653009593,180.6393789006598
half1__producer,placebo,easy,eu-locality-007,2133,1.8137350957612453,1.8173953582668674,0.20140155464646314,4.2239776613945,4.772388339061557,4.22566273418652
half1__producer,placebo,easy,eu-locality-008,52276,2.2436277823315915,2.2484689528270208,0.21530964389534502,4.293308990895932,4.7074725842193565,4.29972563618576
half1__producer,placebo,easy,eu-locality-020,695,1.786422195821803,1.7881885950724323,0.09878148510156226,4.624715409104458,8.59108483512885,4.624715409104458
half1__producer,placebo,easy,eu-locality-048,2050,2.2068231874118465,2.2074020543001835,0.026223899140143114,4.319464878374009,4.69946860659725,4.326012845483563
half1__producer,placebo,easy,eu-locality-067,1508,2.0805067012968723,2.0780232513335415,-0.11951021056848532,4.378649678766201,4.745615995079861,4.378649678766201
half1__producer,placebo,easy,eu-locality-110,2579,2.2418489792592897,2.242527434925346,0.030254063138301923,4.2584371380569355,4.673372068687672,4.267142464928999
half1__producer,placebo,easy,eu-locality-119,1658,2.2423191198146877,2.2428404732332794,0.023245229645785237,4.227662647586854,4.6559864623485225,4.231375667205294
half1__producer,placebo,easy,eu-locality-124,1006,2.484717456094768,2.4901270390815213,0.21724124519962862,4.330285577039028,4.709807778031318,4.3540138418054095
half1__producer,placebo,hard,eu-locality-007,1023,39.64570416443684,39.64825191501976,0.0064258837650155165,79.42832137431866,110.60748465817277,79.42832137431866
half1__producer,placebo,hard,eu-locality-008,36762,51.096922338483274,51.096019045383585,-0.0017678345917371274,121.81172212925924,210.25373951400664,121.81172212925924
half1__producer,placebo,hard,eu-locality-020,47,36.89411999750645,36.89411999750645,0.0,60.52355224102176,69.16719818649797,60.52355224102176
half1__producer,placebo,hard,eu-locality-048,2992,55.948943687429384,55.94893346486353,-1.8271243473755305e-05,124.76825351937813,200.22487872307087,124.76825351937813
half1__producer,placebo,hard,eu-locality-067,2806,56.12917107108677,56.126193148737876,-0.00530576221515755,127.67986873667407,194.32647741731023,127.67986873667407
half1__producer,placebo,hard,eu-locality-110,2743,77.3291061218837,77.32981139476728,0.0009120323337885594,219.4516063778659,396.45675519813955,219.4516063778659
half1__producer,placebo,hard,eu-locality-119,1895,69.78774208511548,69.7882103678273,0.0006710054740621807,175.74517040320612,273.82955281849917,175.74517040320612
half1__producer,placebo,hard,eu-locality-124,1362,96.07635691157896,96.06973206363142,-0.00689587428341909,276.30623914317977,450.8215864835676,276.30623914317977
half1__producer,placebo,complete,eu-locality-007,2882,13.150350666541831,13.153971481121285,0.027526398279420494,47.277834057353054,77.10734954293518,47.295106099148626
half1__producer,placebo,complete,eu-locality-008,97352,16.075937863245407,16.07722842067282,0.008027238238117462,57.66268402545868,117.01178787776178,57.66895455073054
half1__producer,placebo,complete,eu-locality-020,364,6.92332780402981,6.923253424293424,-0.0010743465799656349,22.937980186983854,49.70629992513765,22.937980186983854
half1__producer,placebo,complete,eu-locality-048,4716,25.906546292648898,25.90681693788666,0.0010446873439207138,90.17099060761468,159.98297785361092,90.17099060761468
half1__producer,placebo,complete,eu-locality-067,3417,28.978886253134625,28.97892978386255,0.0001502150985266404,89.9197533457534,159.93773326698778,89.9197533457534
half1__producer,placebo,complete,eu-locality-110,5804,27.63440720725358,27.634000440749258,-0.0014719783521632834,113.89665472640061,263.6462515445786,113.89665472640061
half1__producer,placebo,complete,eu-locality-119,3148,27.804329319807998,27.803650645259697,-0.0024409548118775604,110.41008756561739,201.62908603894607,110.41008756561739
half1__producer,placebo,complete,eu-locality-124,2077,37.43913479328701,37.43979110244236,0.0017529722683429227,173.10971397244984,304.2066124590029,173.10971397244984
half1__producer,placebo,endpoint_FDE,eu-locality-007,3935,28.516038724217978,28.52384223719935,0.02735786054515188,101.33406543653263,173.38593160711113,101.22912504869973
half1__producer,placebo,endpoint_FDE,eu-locality-008,121088,34.99321372505675,34.996055315440366,0.00811974480553479,133.20313708125786,274.7466887337362,133.21124694518048
half1__producer,placebo,endpoint_FDE,eu-locality-020,622,14.7839720777812,14.787419184969849,0.023311080490318048,52.375808020598235,102.34943144507893,52.375808020598235
half1__producer,placebo,endpoint_FDE,eu-locality-048,5582,56.98718731615225,56.98902634630012,0.0032269899413517322,208.68960992850214,347.7493555015148,208.68960992850214
half1__producer,placebo,endpoint_FDE,eu-locality-067,4600,61.169680765144385,61.16272762893001,-0.01136825724412649,199.69257240266742,354.80302849774625,199.69257240266742
half1__producer,placebo,endpoint_FDE,eu-locality-110,7204,55.98532130140288,55.98385961325039,-0.0026109099347415565,243.97425104086068,556.398882351231,243.97425104086068
half1__producer,placebo,endpoint_FDE,eu-locality-119,4147,63.95400998122722,63.95240486649323,-0.0025098582881133424,262.32839965600925,464.9232187764764,262.32839965600925
half1__producer,placebo,endpoint_FDE,eu-locality-124,2645,80.68475077353155,80.67816026247549,-0.008168891103399467,366.28442342970175,717.4852338748225,366.28442342970175
half1__producer,wrong_tag,all,eu-locality-007,5526,13.146454227680406,13.144118044456004,-0.017773601975434872,45.44820234782039,77.2831555301788,45.44820234782039
half1__producer,wrong_tag,all,eu-locality-008,157961,17.735134587705033,17.73876377353358,0.020459068483469345,62.251642365944214,129.1268830816932,62.248380996394935
half1__producer,wrong_tag,all,eu-locality-020,1225,6.485750111149422,6.486801200196551,0.016203503309109024,21.632772482143114,39.464285429778364,21.632772482143114
half1__producer,wrong_tag,all,eu-locality-048,8058,26.01441233876971,26.015277303305183,0.003324833040940778,87.98794325945921,154.62847063476923,87.98794325945921
half1__producer,wrong_tag,all,eu-locality-067,6903,28.061694777218786,28.06258951115693,0.0031883513023189813,91.04541539093132,160.9846648617185,91.09051520352688
half1__producer,wrong_tag,all,eu-locality-110,8550,29.727187924629696,29.726019498811336,-0.00393065011077276,119.50336377924624,263.02109388512895,119.51497569425277
half1__producer,wrong_tag,all,eu-locality-119,5639,28.472760988059907,28.474247171414433,0.005219394723865456,113.73365745461915,200.07679764830758,113.73365745461915
half1__producer,wrong_tag,all,eu-locality-124,3550,41.494337688717266,41.498214080033954,0.009341103955007313,180.6393789006598,328.3454653009593,180.6393789006598
half1__producer,wrong_tag,easy,eu-locality-007,2133,1.8137350957612453,1.8212595906496043,0.4131478525625898,4.2239776613945,4.772388339061557,4.2311151932019575
half1__producer,wrong_tag,easy,eu-locality-008,52276,2.2436277823315915,2.253710920067725,0.44740155653283376,4.293308990895932,4.7074725842193565,4.312022423089052
half1__producer,wrong_tag,easy,eu-locality-020,695,1.786422195821803,1.7888389140011527,0.13509982147829058,4.624715409104458,8.59108483512885,4.624715409104458
half1__producer,wrong_tag,easy,eu-locality-048,2050,2.2068231874118465,2.209657272242396,0.1282590230689329,4.319464878374009,4.69946860659725,4.32010507580272
half1__producer,wrong_tag,easy,eu-locality-067,1508,2.0805067012968723,2.0788913080119595,-0.07770455716886726,4.378649678766201,4.745615995079861,4.35905455159429
half1__producer,wrong_tag,easy,eu-locality-110,2579,2.2418489792592897,2.2454299553583787,0.15947841483736624,4.2584371380569355,4.673372068687672,4.2709932186526975
half1__producer,wrong_tag,easy,eu-locality-119,1658,2.2423191198146877,2.245877506703987,0.1584408267448878,4.227662647586854,4.6559864623485225,4.233211350622765
half1__producer,wrong_tag,easy,eu-locality-124,1006,2.484717456094768,2.496877386073137,0.4870054911864541,4.330285577039028,4.709807778031318,4.368142246109462
half1__producer,wrong_tag,hard,eu-locality-007,1023,39.64570416443684,39.630454402855925,-0.03847990594783024,79.42832137431866,110.60748465817277,79.42832137431866
half1__producer,wrong_tag,hard,eu-locality-008,36762,51.096922338483274,51.09113158502367,-0.011334165597731705,121.81172212925924,210.25373951400664,121.81172212925924
half1__producer,wrong_tag,hard,eu-locality-020,47,36.89411999750645,36.89411999750645,0.0,60.52355224102176,69.16719818649797,60.52355224102176
half1__producer,wrong_tag,hard,eu-locality-048,2992,55.948943687429384,55.9486546124777,-0.0005166790044919267,124.76825351937813,200.22487872307087,124.76825351937813
half1__producer,wrong_tag,hard,eu-locality-067,2806,56.12917107108677,56.13850377053777,0.016624417866817343,127.67986873667407,194.32647741731023,127.67986873667407
half1__producer,wrong_tag,hard,eu-locality-110,2743,77.3291061218837,77.32521201147208,-0.00503601646903995,219.4516063778659,396.45675519813955,219.4516063778659
half1__producer,wrong_tag,hard,eu-locality-119,1895,69.78774208511548,69.78924514909977,0.0021537186440045986,175.74517040320612,273.82955281849917,175.74517040320612
half1__producer,wrong_tag,hard,eu-locality-124,1362,96.07635691157896,96.07628863240392,-7.106766508613305e-05,276.30623914317977,450.8215864835676,276.30623914317977
half1__producer,wrong_tag,complete,eu-locality-007,2882,13.150350666541831,13.151767187488362,0.010770574983098857,47.277834057353054,77.10734954293518,47.277834057353054
half1__producer,wrong_tag,complete,eu-locality-008,97352,16.075937863245407,16.081676278760053,0.03568294383730075,57.66268402545868,117.01178787776178,57.65599628819959
half1__producer,wrong_tag,complete,eu-locality-020,364,6.92332780402981,6.923589008094636,0.0037726685469086085,22.937980186983854,49.70629992513765,22.937980186983854
half1__producer,wrong_tag,complete,eu-locality-048,4716,25.906546292648898,25.908057854147692,0.00583432964100794,90.17099060761468,159.98297785361092,90.17099060761468
half1__producer,wrong_tag,complete,eu-locality-067,3417,28.978886253134625,28.978038918015518,-0.0029240595663004854,89.9197533457534,159.93773326698778,89.9197533457534
half1__producer,wrong_tag,complete,eu-locality-110,5804,27.63440720725358,27.633489835324035,-0.0033197831146747347,113.89665472640061,263.6462515445786,113.89665472640061
half1__producer,wrong_tag,complete,eu-locality-119,3148,27.804329319807998,27.80531227566378,0.003535136904908587,110.41008756561739,201.62908603894607,110.41008756561739
half1__producer,wrong_tag,complete,eu-locality-124,2077,37.43913479328701,37.443810627529615,0.012487602528266084,173.10971397244984,304.2066124590029,173.10971397244984
half1__producer,wrong_tag,endpoint_FDE,eu-locality-007,3935,28.516038724217978,28.51637995605094,0.0011966169390698056,101.33406543653263,173.38593160711113,101.0980408324699
half1__producer,wrong_tag,endpoint_FDE,eu-locality-008,121088,34.99321372505675,35.00761872724236,0.041148192048845456,133.20313708125786,274.7466887337362,133.19967999013815
half1__producer,wrong_tag,endpoint_FDE,eu-locality-020,622,14.7839720777812,14.789367324791765,0.036480580217390646,52.375808020598235,102.34943144507893,52.375808020598235
half1__producer,wrong_tag,endpoint_FDE,eu-locality-048,5582,56.98718731615225,56.991649830346226,0.007830119337237651,208.68960992850214,347.7493555015148,208.68960992850214
half1__producer,wrong_tag,endpoint_FDE,eu-locality-067,4600,61.169680765144385,61.15406968714029,-0.025527455627982754,199.69257240266742,354.80302849774625,199.69257240266742
half1__producer,wrong_tag,endpoint_FDE,eu-locality-110,7204,55.98532130140288,55.983631415571466,-0.0030185355767153865,243.97425104086068,556.398882351231,243.97425104086068
half1__producer,wrong_tag,endpoint_FDE,eu-locality-119,4147,63.95400998122722,63.958621660666424,0.007210410917968257,262.32839965600925,464.9232187764764,262.32839965600925
half1__producer,wrong_tag,endpoint_FDE,eu-locality-124,2645,80.68475077353155,80.69735915300943,0.015624277684200827,366.28442342970175,717.4852338748225,366.28442342970175
half1__producer,legacy,all,eu-locality-007,5526,13.146454227680406,13.15048432737701,0.030646017258950664,45.44820234782039,77.2831555301788,45.54686819552214
half1__producer,legacy,all,eu-locality-008,157961,17.735134587705033,17.73720806847224,0.011690006449716073,62.251642365944214,129.1268830816932,62.248380996394935
half1__producer,legacy,all,eu-locality-020,1225,6.485750111149422,6.486884441586683,0.017486521418341727,21.632772482143114,39.464285429778364,21.632772482143114
half1__producer,legacy,all,eu-locality-048,8058,26.01441233876971,26.01469004118502,0.001067483083094789,87.98794325945921,154.62847063476923,87.98794325945921
half1__producer,legacy,all,eu-locality-067,6903,28.061694777218786,28.067738952438706,0.021534243389398355,91.04541539093132,160.9846648617185,91.09051520352688
half1__producer,legacy,all,eu-locality-110,8550,29.727187924629696,29.72662926057662,-0.001879338717425405,119.50336377924624,263.02109388512895,119.50336377924624
half1__producer,legacy,all,eu-locality-119,5639,28.472760988059907,28.473817830290923,0.003711628125580013,113.73365745461915,200.07679764830758,113.73365745461915
half1__producer,legacy,all,eu-locality-124,3550,41.494337688717266,41.49738922966627,0.007353573334734076,180.6393789006598,328.3454653009593,180.6393789006598
half1__producer,legacy,easy,eu-locality-007,2133,1.8137350957612453,1.8190834401441767,0.2940131422727643,4.2239776613945,4.772388339061557,4.225002370538138
half1__producer,legacy,easy,eu-locality-008,52276,2.2436277823315915,2.2487815575024195,0.22918078252793794,4.293308990895932,4.7074725842193565,4.301899697568252
half1__producer,legacy,easy,eu-locality-020,695,1.786422195821803,1.7884903740846338,0.11563821045944556,4.624715409104458,8.59108483512885,4.624715409104458
half1__producer,legacy,easy,eu-locality-048,2050,2.2068231874118465,2.207124914469409,0.01367059270567239,4.319464878374009,4.69946860659725,4.319464878374009
half1__producer,legacy,easy,eu-locality-067,1508,2.0805067012968723,2.078732148517204,-0.0853670724693556,4.378649678766201,4.745615995079861,4.3690171745159265
half1__producer,legacy,easy,eu-locality-110,2579,2.2418489792592897,2.2435279481507693,0.07483610323925083,4.2584371380569355,4.673372068687672,4.267142464928999
half1__producer,legacy,easy,eu-locality-119,1658,2.2423191198146877,2.244526642473443,0.09835136803377775,4.227662647586854,4.6559864623485225,4.231847810942338
half1__producer,legacy,easy,eu-locality-124,1006,2.484717456094768,2.4912460534218415,0.26206152210882516,4.330285577039028,4.709807778031318,4.363695387064081
half1__producer,legacy,hard,eu-locality-007,1023,39.64570416443684,39.64921656766899,0.008858695167779373,79.42832137431866,110.60748465817277,79.42832137431866
half1__producer,legacy,hard,eu-locality-008,36762,51.096922338483274,51.09700086739476,0.0001536859505546495,121.81172212925924,210.25373951400664,121.81172212925924
half1__producer,legacy,hard,eu-locality-020,47,36.89411999750645,36.89411999750645,0.0,60.52355224102176,69.16719818649797,60.52355224102176
half1__producer,legacy,hard,eu-locality-048,2992,55.948943687429384,55.949101255384996,0.0002816273221073473,124.76825351937813,200.22487872307087,124.89706627433704
half1__producer,legacy,hard,eu-locality-067,2806,56.12917107108677,56.14836903982083,0.034191498457314395,127.67986873667407,194.32647741731023,127.67986873667407
half1__producer,legacy,hard,eu-locality-110,2743,77.3291061218837,77.32934341161003,0.0003068559952246197,219.4516063778659,396.45675519813955,219.4516063778659
half1__producer,legacy,hard,eu-locality-119,1895,69.78774208511548,69.78786166314511,0.00017134502587889955,175.74517040320612,273.82955281849917,175.74517040320612
half1__producer,legacy,hard,eu-locality-124,1362,96.07635691157896,96.07648490506679,0.00013322041075847224,276.30623914317977,450.8215864835676,276.30623914317977
half1__producer,legacy,complete,eu-locality-007,2882,13.150350666541831,13.157143730768512,0.05163023499390462,47.277834057353054,77.10734954293518,47.295106099148626
half1__producer,legacy,complete,eu-locality-008,97352,16.075937863245407,16.078175200978414,0.013915371023387468,57.66268402545868,117.01178787776178,57.66895455073054
half1__producer,legacy,complete,eu-locality-020,364,6.92332780402981,6.923253424293424,-0.0010743465799656349,22.937980186983854,49.70629992513765,22.937980186983854
half1__producer,legacy,complete,eu-locality-048,4716,25.906546292648898,25.906610560914405,0.00024807670365722956,90.17099060761468,159.98297785361092,90.17099060761468
half1__producer,legacy,complete,eu-locality-067,3417,28.978886253134625,28.978164127452967,-0.002491964910134037,89.9197533457534,159.93773326698778,89.9197533457534
half1__producer,legacy,complete,eu-locality-110,5804,27.63440720725358,27.633696734138745,-0.002571038980669904,113.89665472640061,263.6462515445786,113.89665472640061
half1__producer,legacy,complete,eu-locality-119,3148,27.804329319807998,27.80485633281314,0.0018953991304138107,110.41008756561739,201.62908603894607,110.41008756561739
half1__producer,legacy,complete,eu-locality-124,2077,37.43913479328701,37.44293227893751,0.01014206265207429,173.10971397244984,304.2066124590029,173.10971397244984
half1__producer,legacy,endpoint_FDE,eu-locality-007,3935,28.516038724217978,28.530798291815046,0.051732052661501715,101.33406543653263,173.38593160711113,101.0980408324699
half1__producer,legacy,endpoint_FDE,eu-locality-008,121088,34.99321372505675,34.99961730068424,0.018296130419026557,133.20313708125786,274.7466887337362,133.20313708125786
half1__producer,legacy,endpoint_FDE,eu-locality-020,622,14.7839720777812,14.78839787323246,0.029927484296798923,52.375808020598235,102.34943144507893,52.375808020598235
half1__producer,legacy,endpoint_FDE,eu-locality-048,5582,56.98718731615225,56.988496180024924,0.0022967159346354293,208.68960992850214,347.7493555015148,208.68960992850214
half1__producer,legacy,endpoint_FDE,eu-locality-067,4600,61.169680765144385,61.16369724492908,-0.00978279679748617,199.69257240266742,354.80302849774625,199.69257240266742
half1__producer,legacy,endpoint_FDE,eu-locality-110,7204,55.98532130140288,55.98448008825414,-0.0015025827647452417,243.97425104086068,556.398882351231,243.97425104086068
half1__producer,legacy,endpoint_FDE,eu-locality-119,4147,63.95400998122722,63.95765766560506,0.00570328012465815,262.32839965600925,464.9232187764764,262.32839965600925
half1__producer,legacy,endpoint_FDE,eu-locality-124,2645,80.68475077353155,80.69449284705128,0.01207278610474427,366.28442342970175,717.4852338748225,366.28442342970175
