policy,comparison,subset,locality,rows,model_error,reference_error,gain_percent,model_p95,model_p99,reference_p95
half0__global,ADE_vs_floor4,all,eu-locality-007,5526,13.54810231883373,13.597338877721032,0.36210437446679844,45.72409026969978,79.06437673311149,45.83062605295613
half0__global,ADE_vs_floor4,all,eu-locality-074,102348,19.638509433679964,19.657865601418482,0.09846525625407665,64.53969478471718,132.9160144251915,64.54680822032834
half0__global,ADE_vs_floor4,all,eu-locality-082,1368,13.45462440013915,13.581405228046572,0.9334882935795985,51.63995873727773,101.91283477915022,51.77887705037489
half0__global,ADE_vs_floor4,all,eu-locality-110,8550,30.522459336168613,30.52005384221596,-0.007881683187993538,121.9052045177577,270.73137899676516,121.9052045177577
half0__global,ADE_vs_floor4,all,eu-locality-112,5004,24.537669295438924,24.560848030619713,0.0943726989877991,86.23583738842102,186.18759729912014,86.2710070848162
half0__global,ADE_vs_floor4,all,eu-locality-119,5639,28.896275350278266,28.888772287584914,-0.025972244921512733,114.3522798565831,201.6878989025234,114.45336587739244
half0__global,ADE_vs_floor4,all,eu-locality-124,3550,42.48282314103377,42.482914180177744,0.0002142959016127044,186.45287792257716,342.6275202233269,186.18276158812444
half0__global,ADE_vs_floor4,all,eu-locality-126,5790,19.771531158079767,19.74033177128303,-0.15804894850917073,86.07918647650389,157.09863889864567,86.23750171087968
half0__global,ADE_vs_floor4,easy,eu-locality-007,1784,1.3604597443553943,1.3657812494919728,0.3896308532979176,3.1019652925988592,3.401787686989038,3.086995712824733
half0__global,ADE_vs_floor4,easy,eu-locality-074,17176,1.94264269436417,1.9446018133805958,0.10074653859445393,3.214826546341872,3.430129648340583,3.2169454427791315
half0__global,ADE_vs_floor4,easy,eu-locality-082,515,1.5527975947830936,1.5723394302052656,1.2428509421544387,3.0305478831342776,3.403722230149994,3.0305478831342776
half0__global,ADE_vs_floor4,easy,eu-locality-110,2009,1.7457543555528605,1.753298000379922,0.43025457312030335,3.101500209565155,3.3432289343058565,3.118753115618861
half0__global,ADE_vs_floor4,easy,eu-locality-112,575,2.0220222600828754,2.023007874901879,0.048720266056878625,3.2374516672896902,3.3885506043992457,3.1957680905745827
half0__global,ADE_vs_floor4,easy,eu-locality-119,1323,1.7978420479301027,1.8068634511702983,0.4992852799337144,3.150553623184178,3.4022710633529285,3.122406318806944
half0__global,ADE_vs_floor4,easy,eu-locality-124,739,1.8887369855138603,1.9003883258914014,0.6131031336490622,3.132432246139888,3.379495188093331,3.122035057622891
half0__global,ADE_vs_floor4,easy,eu-locality-126,2167,1.4147938718329547,1.4101194599088722,-0.33149049119458596,2.998952651156105,3.3221883241114494,3.0016222179609375
half0__global,ADE_vs_floor4,hard,eu-locality-007,1057,40.455317129703026,40.58549695728196,0.3207545486407448,80.80457610949254,114.29072331500305,80.93538095486694
half0__global,ADE_vs_floor4,hard,eu-locality-074,26162,51.23148394491879,51.28603980828936,0.10637566007143384,119.97842077229647,216.74619194656225,120.74606233183552
half0__global,ADE_vs_floor4,hard,eu-locality-082,245,47.99028704318262,48.28317912393113,0.6066130815386539,102.89538275989119,169.5400402883042,102.89538275989119
half0__global,ADE_vs_floor4,hard,eu-locality-110,2779,78.77228570960862,78.83414959429463,0.07847345979423714,227.4742146023239,408.3784087886384,227.93329072835834
half0__global,ADE_vs_floor4,hard,eu-locality-112,1522,59.27761303735688,59.314533245407475,0.06224479234767655,157.08224360877819,272.4802531432175,157.81065006811522
half0__global,ADE_vs_floor4,hard,eu-locality-119,1922,70.17018792466688,70.1661183370487,-0.005799932666405994,175.76992045845242,274.8091526508623,175.76992045845242
half0__global,ADE_vs_floor4,hard,eu-locality-124,1375,98.08966926692374,97.98671697965922,-0.10506759532098453,277.5179890841983,454.9614884293962,277.5179890841983
half0__global,ADE_vs_floor4,hard,eu-locality-126,1386,64.4483429386416,64.42871419022168,-0.030465839131865735,151.64093485237026,230.7748273522354,150.6407980804362
half0__global,ADE_vs_floor4,complete,eu-locality-007,2882,13.639940375265404,13.669834479519043,0.21868665855777625,47.83773492869996,79.58424742220402,47.726096398137734
half0__global,ADE_vs_floor4,complete,eu-locality-074,67309,19.411431373138797,19.422757280318844,0.058312560964368654,63.48819468321252,131.45805079660022,63.428472057168605
half0__global,ADE_vs_floor4,complete,eu-locality-082,582,10.285325051861438,10.462970014678445,1.6978445180268142,48.19172118275565,88.77064559267427,48.19172118275565
half0__global,ADE_vs_floor4,complete,eu-locality-110,5804,28.46146281106676,28.423831248415805,-0.13239440637704547,118.53171704139565,275.3204835858817,118.53171704139565
half0__global,ADE_vs_floor4,complete,eu-locality-112,2417,20.95150790076108,20.95945064907468,0.03789578480173361,70.63131723055629,171.1830006493205,70.63131723055629
half0__global,ADE_vs_floor4,complete,eu-locality-119,3148,28.52026276159217,28.504393098670157,-0.05567444592515791,111.844506586388,205.2067029563877,112.70775480291367
half0__global,ADE_vs_floor4,complete,eu-locality-124,2077,38.467651275552484,38.48634357197489,0.0485686471811797,177.32650540365142,316.4037738037055,177.32650540365142
half0__global,ADE_vs_floor4,complete,eu-locality-126,3637,19.48638224043789,19.432801896634817,-0.2757211445270302,85.0633117366397,163.85887416785963,85.0633117366397
half0__global,ADE_vs_floor2,all,eu-locality-007,5526,13.54810231883373,13.576682020090542,0.21050578642499707,45.72409026969978,79.06437673311149,45.80191694195659
half0__global,ADE_vs_floor2,all,eu-locality-074,102348,19.638509433679964,19.668032309114736,0.1501058924999299,64.53969478471718,132.9160144251915,64.68527408666016
half0__global,ADE_vs_floor2,all,eu-locality-082,1368,13.45462440013915,13.501037535428857,0.34377458153058704,51.63995873727773,101.91283477915022,51.63995873727773
half0__global,ADE_vs_floor2,all,eu-locality-110,8550,30.522459336168613,30.564636878980384,0.13799458170817847,121.9052045177577,270.73137899676516,121.9052045177577
half0__global,ADE_vs_floor2,all,eu-locality-112,5004,24.537669295438924,24.563779570946704,0.10629583868543291,86.23583738842102,186.18759729912014,86.23583738842102
half0__global,ADE_vs_floor2,all,eu-locality-119,5639,28.896275350278266,28.900569932162785,0.014859851880433261,114.3522798565831,201.6878989025234,114.3522798565831
half0__global,ADE_vs_floor2,all,eu-locality-124,3550,42.48282314103377,42.530550043522084,0.11221792908738815,186.45287792257716,342.6275202233269,186.45287792257716
half0__global,ADE_vs_floor2,all,eu-locality-126,5790,19.771531158079767,19.77385810365999,0.011767787388905493,86.07918647650389,157.09863889864567,86.07918647650389
half0__global,ADE_vs_floor2,easy,eu-locality-007,1784,1.3604597443553943,1.3660079779937173,0.40616407280957834,3.1019652925988592,3.401787686989038,3.1019652925988592
half0__global,ADE_vs_floor2,easy,eu-locality-074,17176,1.94264269436417,1.9450169437466736,0.12206831360194181,3.214826546341872,3.430129648340583,3.214826546341872
half0__global,ADE_vs_floor2,easy,eu-locality-082,515,1.5527975947830936,1.5696189616702385,1.071684739922174,3.0305478831342776,3.403722230149994,3.0135421032011274
half0__global,ADE_vs_floor2,easy,eu-locality-110,2009,1.7457543555528605,1.7474897337953115,0.09930692060101665,3.101500209565155,3.3432289343058565,3.101500209565155
half0__global,ADE_vs_floor2,easy,eu-locality-112,575,2.0220222600828754,2.0311990987121704,0.4517941463795139,3.2374516672896902,3.3885506043992457,3.2374516672896902
half0__global,ADE_vs_floor2,easy,eu-locality-119,1323,1.7978420479301027,1.8107688042391463,0.7138822073133322,3.150553623184178,3.4022710633529285,3.152681264809638
half0__global,ADE_vs_floor2,easy,eu-locality-124,739,1.8887369855138603,1.9023813139098682,0.717223634202202,3.132432246139888,3.379495188093331,3.132432246139888
half0__global,ADE_vs_floor2,easy,eu-locality-126,2167,1.4147938718329547,1.4171073733924273,0.16325520584472564,2.998952651156105,3.3221883241114494,3.0002802926060923
half0__global,ADE_vs_floor2,hard,eu-locality-007,1057,40.455317129703026,40.543907286501636,0.21850424077923813,80.80457610949254,114.29072331500305,80.93538095486694
half0__global,ADE_vs_floor2,hard,eu-locality-074,26162,51.23148394491879,51.32086626006779,0.17416369142339017,119.97842077229647,216.74619194656225,120.78214816629554
half0__global,ADE_vs_floor2,hard,eu-locality-082,245,47.99028704318262,48.1131122270322,0.2552842212118822,102.89538275989119,169.5400402883042,102.89538275989119
half0__global,ADE_vs_floor2,hard,eu-locality-110,2779,78.77228570960862,78.874215256719,0.12923050553164117,227.4742146023239,408.3784087886384,227.93329072835834
half0__global,ADE_vs_floor2,hard,eu-locality-112,1522,59.27761303735688,59.31736216996171,0.06701095792314149,157.08224360877819,272.4802531432175,157.81065006811522
half0__global,ADE_vs_floor2,hard,eu-locality-119,1922,70.17018792466688,70.17018792466688,0.0,175.76992045845242,274.8091526508623,175.76992045845242
half0__global,ADE_vs_floor2,hard,eu-locality-124,1375,98.08966926692374,98.09085971189806,0.001213614579198552,277.5179890841983,454.9614884293962,277.5179890841983
half0__global,ADE_vs_floor2,hard,eu-locality-126,1386,64.4483429386416,64.4483429386416,0.0,151.64093485237026,230.7748273522354,151.64093485237026
half0__global,ADE_vs_floor2,complete,eu-locality-007,2882,13.639940375265404,13.654127073369112,0.103900439973037,47.83773492869996,79.58424742220402,47.83773492869996
half0__global,ADE_vs_floor2,complete,eu-locality-074,67309,19.411431373138797,19.436331095212253,0.12810916809083972,63.48819468321252,131.45805079660022,63.56883885352584
half0__global,ADE_vs_floor2,complete,eu-locality-082,582,10.285325051861438,10.340350672391235,0.5321446271325692,48.19172118275565,88.77064559267427,48.19172118275565
half0__global,ADE_vs_floor2,complete,eu-locality-110,5804,28.46146281106676,28.491580431505103,0.10570708954088515,118.53171704139565,275.3204835858817,118.53171704139565
half0__global,ADE_vs_floor2,complete,eu-locality-112,2417,20.95150790076108,20.972148445078975,0.09841883568556531,70.63131723055629,171.1830006493205,70.63131723055629
half0__global,ADE_vs_floor2,complete,eu-locality-119,3148,28.52026276159217,28.525606422793256,0.01873285749611764,111.844506586388,205.2067029563877,111.844506586388
half0__global,ADE_vs_floor2,complete,eu-locality-124,2077,38.467651275552484,38.5405764978876,0.18921673976286524,177.32650540365142,316.4037738037055,177.32650540365142
half0__global,ADE_vs_floor2,complete,eu-locality-126,3637,19.48638224043789,19.489256440603985,0.014747613254784131,85.0633117366397,163.85887416785963,85.0633117366397
half0__global,ADE_vs_old_stop4,all,eu-locality-007,5526,13.54810231883373,13.584032419946364,0.26450246879473616,45.72409026969978,79.06437673311149,45.83062605295613
half0__global,ADE_vs_old_stop4,all,eu-locality-074,102348,19.638509433679964,19.623430553535446,-0.07684120319013665,64.53969478471718,132.9160144251915,64.40997743111183
half0__global,ADE_vs_old_stop4,all,eu-locality-082,1368,13.45462440013915,13.51861247795119,0.47333317614071113,51.63995873727773,101.91283477915022,51.77887705037489
half0__global,ADE_vs_old_stop4,all,eu-locality-110,8550,30.522459336168613,30.41456546069233,-0.35474409659319583,121.9052045177577,270.73137899676516,121.68449105426859
half0__global,ADE_vs_old_stop4,all,eu-locality-112,5004,24.537669295438924,24.534630173372427,-0.012387071029884567,86.23583738842102,186.18759729912014,86.2710070848162
half0__global,ADE_vs_old_stop4,all,eu-locality-119,5639,28.896275350278266,28.88438548198875,-0.04116365327186955,114.3522798565831,201.6878989025234,114.45336587739244
half0__global,ADE_vs_old_stop4,all,eu-locality-124,3550,42.48282314103377,42.43953851271538,-0.10199127944197084,186.45287792257716,342.6275202233269,186.18276158812444
half0__global,ADE_vs_old_stop4,all,eu-locality-126,5790,19.771531158079767,19.73917869384262,-0.163899748509988,86.07918647650389,157.09863889864567,86.23750171087968
half0__global,ADE_vs_old_stop4,easy,eu-locality-007,1784,1.3604597443553943,1.3562042475541254,-0.31377993461851883,3.1019652925988592,3.401787686989038,3.079078328966901
half0__global,ADE_vs_old_stop4,easy,eu-locality-074,17176,1.94264269436417,1.9423074230289294,-0.0172614968807272,3.214826546341872,3.430129648340583,3.2169454427791315
half0__global,ADE_vs_old_stop4,easy,eu-locality-082,515,1.5527975947830936,1.5553599263333115,0.16474203217119454,3.0305478831342776,3.403722230149994,3.0440363695343216
half0__global,ADE_vs_old_stop4,easy,eu-locality-110,2009,1.7457543555528605,1.7516838900572815,0.33850482601784915,3.101500209565155,3.3432289343058565,3.118753115618861
half0__global,ADE_vs_old_stop4,easy,eu-locality-112,575,2.0220222600828754,2.0150321730678353,-0.3468970425617446,3.2374516672896902,3.3885506043992457,3.1957680905745827
half0__global,ADE_vs_old_stop4,easy,eu-locality-119,1323,1.7978420479301027,1.7935374539845235,-0.24000580171972263,3.150553623184178,3.4022710633529285,3.1200103935491423
half0__global,ADE_vs_old_stop4,easy,eu-locality-124,739,1.8887369855138603,1.8867831970174282,-0.10355129829016096,3.132432246139888,3.379495188093331,3.122035057622891
half0__global,ADE_vs_old_stop4,easy,eu-locality-126,2167,1.4147938718329547,1.4069584466372904,-0.5569052315931078,2.998952651156105,3.3221883241114494,3.0002802926060923
half0__global,ADE_vs_old_stop4,hard,eu-locality-007,1057,40.455317129703026,40.57700735068157,0.2998994478002115,80.80457610949254,114.29072331500305,80.93538095486694
half0__global,ADE_vs_old_stop4,hard,eu-locality-074,26162,51.23148394491879,51.17777460131544,-0.10494661798359228,119.97842077229647,216.74619194656225,119.9690594176946
half0__global,ADE_vs_old_stop4,hard,eu-locality-082,245,47.99028704318262,48.15691159428865,0.346003399283179,102.89538275989119,169.5400402883042,102.89538275989119
half0__global,ADE_vs_old_stop4,hard,eu-locality-110,2779,78.77228570960862,78.53453219484568,-0.3027375450242342,227.4742146023239,408.3784087886384,226.6381696005302
half0__global,ADE_vs_old_stop4,hard,eu-locality-112,1522,59.27761303735688,59.27973066057916,0.003572255134576263,157.08224360877819,272.4802531432175,157.08224360877819
half0__global,ADE_vs_old_stop4,hard,eu-locality-119,1922,70.17018792466688,70.1661183370487,-0.005799932666405994,175.76992045845242,274.8091526508623,175.76992045845242
half0__global,ADE_vs_old_stop4,hard,eu-locality-124,1375,98.08966926692374,97.98671697965922,-0.10506759532098453,277.5179890841983,454.9614884293962,277.5179890841983
half0__global,ADE_vs_old_stop4,hard,eu-locality-126,1386,64.4483429386416,64.42871419022168,-0.030465839131865735,151.64093485237026,230.7748273522354,150.6407980804362
half0__global,ADE_vs_old_stop4,complete,eu-locality-007,2882,13.639940375265404,13.658575503511212,0.13643537161702746,47.83773492869996,79.58424742220402,47.726096398137734
half0__global,ADE_vs_old_stop4,complete,eu-locality-074,67309,19.411431373138797,19.393552973210205,-0.09218733644777988,63.48819468321252,131.45805079660022,63.364852155965394
half0__global,ADE_vs_old_stop4,complete,eu-locality-082,582,10.285325051861438,10.396095773005978,1.0655030846499325,48.19172118275565,88.77064559267427,48.19172118275565
half0__global,ADE_vs_old_stop4,complete,eu-locality-110,5804,28.46146281106676,28.31366637361713,-0.5219968177181844,118.53171704139565,275.3204835858817,118.20634225900001
half0__global,ADE_vs_old_stop4,complete,eu-locality-112,2417,20.95150790076108,20.935423559789925,-0.07682835231501706,70.63131723055629,171.1830006493205,70.63131723055629
half0__global,ADE_vs_old_stop4,complete,eu-locality-119,3148,28.52026276159217,28.498903280269133,-0.0749484326220573,111.844506586388,205.2067029563877,112.70775480291367
half0__global,ADE_vs_old_stop4,complete,eu-locality-124,2077,38.467651275552484,38.420882540298,-0.12172738407407735,177.32650540365142,316.4037738037055,177.32650540365142
half0__global,ADE_vs_old_stop4,complete,eu-locality-126,3637,19.48638224043789,19.431799888008687,-0.2808919026738632,85.0633117366397,163.85887416785963,85.0633117366397
half0__global,FDE_vs_floor4,endpoint,eu-locality-007,3935,29.826383713274108,29.957687238598282,0.4382966023992685,102.45776178280984,178.8430245622791,102.630383216675
half0__global,FDE_vs_floor4,endpoint,eu-locality-074,81289,41.405302835518725,41.42243294389996,0.04135466500588825,140.06719202333673,285.878036596077,140.26005921066073
half0__global,FDE_vs_floor4,endpoint,eu-locality-082,859,25.11449338368795,25.525691905389426,1.6109201788753746,113.0556753805091,234.31504208196256,114.66976098816347
half0__global,FDE_vs_floor4,endpoint,eu-locality-110,7204,58.357789737502124,58.25961678107265,-0.168509444197662,251.77304034955634,587.6090239057078,251.77304034955634
half0__global,FDE_vs_floor4,endpoint,eu-locality-112,3719,48.53810313069274,48.55464835543294,0.03407547021879731,180.1956545671106,421.92552065383416,180.28741648050087
half0__global,FDE_vs_floor4,endpoint,eu-locality-119,4147,65.57303428628228,65.53419395866976,-0.05926726990341802,270.5290560144782,484.5542592170748,270.5290560144782
half0__global,FDE_vs_floor4,endpoint,eu-locality-124,2645,84.03183847114718,83.97301208164912,-0.07005392332581906,381.9827743206876,749.8979417287693,381.17412435677943
half0__global,FDE_vs_floor4,endpoint,eu-locality-126,4579,40.536718431205095,40.415302863289966,-0.3004197898153427,185.4304850294719,367.4904107537943,185.86716972851187
half0__global,ADE_vs_CV,easy,eu-locality-007,1784,1.3604597443553943,1.4116372489032123,3.6254005473134843,3.1019652925988592,3.401787686989038,3.1829165280653378
half0__global,ADE_vs_CV,easy,eu-locality-074,17176,1.94264269436417,2.0345987086931556,4.519614307041908,3.214826546341872,3.430129648340583,3.3227202724286355
half0__global,ADE_vs_CV,easy,eu-locality-082,515,1.5527975947830936,1.6292457075972016,4.692239633201368,3.0305478831342776,3.403722230149994,3.1617325949953337
half0__global,ADE_vs_CV,easy,eu-locality-110,2009,1.7457543555528605,1.8571965321602297,6.000559158795293,3.101500209565155,3.3432289343058565,3.2841980969419593
half0__global,ADE_vs_CV,easy,eu-locality-112,575,2.0220222600828754,2.120126457156666,4.627280450306692,3.2374516672896902,3.3885506043992457,3.337428914790469
half0__global,ADE_vs_CV,easy,eu-locality-119,1323,1.7978420479301027,1.9039962115564375,5.575334813274557,3.150553623184178,3.4022710633529285,3.27321556485438
half0__global,ADE_vs_CV,easy,eu-locality-124,739,1.8887369855138603,2.0089308960456713,5.982978845534093,3.132432246139888,3.379495188093331,3.2764853371884692
half0__global,ADE_vs_CV,easy,eu-locality-126,2167,1.4147938718329547,1.49949345147157,5.64854615106809,2.998952651156105,3.3221883241114494,3.17156482441628
half0__producer,ADE_vs_floor4,all,eu-locality-007,5526,13.558992669972849,13.597338877721032,0.2820125915300453,45.80191694195659,80.21804688045466,45.83062605295613
half0__producer,ADE_vs_floor4,all,eu-locality-074,102348,19.6396468100205,19.657865601418482,0.09267939748589527,64.54680822032834,133.0198546391633,64.54680822032834
half0__producer,ADE_vs_floor4,all,eu-locality-082,1368,13.445779528563067,13.581405228046572,0.9986131567846002,51.63995873727773,101.91283477915022,51.77887705037489
half0__producer,ADE_vs_floor4,all,eu-locality-110,8550,30.522721255201255,30.52005384221596,-0.008739869854368365,121.9052045177577,270.73137899676516,121.9052045177577
half0__producer,ADE_vs_floor4,all,eu-locality-112,5004,24.535600857439846,24.560848030619713,0.10279438701950028,86.23583738842102,186.18759729912014,86.2710070848162
half0__producer,ADE_vs_floor4,all,eu-locality-119,5639,28.895296027397013,28.888772287584914,-0.022582267419180013,114.3522798565831,201.6878989025234,114.45336587739244
half0__producer,ADE_vs_floor4,all,eu-locality-124,3550,42.478804093044936,42.482914180177744,0.009674682662719203,186.45287792257716,342.6275202233269,186.18276158812444
half0__producer,ADE_vs_floor4,all,eu-locality-126,5790,19.771219811986764,19.74033177128303,-0.15647174050370527,86.07918647650389,157.09863889864567,86.23750171087968
half0__producer,ADE_vs_floor4,easy,eu-locality-007,1784,1.3564655684894809,1.3657812494919728,0.6820770900140105,3.10114446630758,3.398338306729431,3.086995712824733
half0__producer,ADE_vs_floor4,easy,eu-locality-074,17176,1.9425782618214822,1.9446018133805958,0.10405994405588981,3.215108542395055,3.4303959409627067,3.2169454427791315
half0__producer,ADE_vs_floor4,easy,eu-locality-082,515,1.5512071622897008,1.5723394302052656,1.344001651908333,3.0305478831342776,3.403722230149994,3.0305478831342776
half0__producer,ADE_vs_floor4,easy,eu-locality-110,2009,1.7455718729408043,1.753298000379922,0.4406625363995942,3.101500209565155,3.3432289343058565,3.118753115618861
half0__producer,ADE_vs_floor4,easy,eu-locality-112,575,2.0220222600828754,2.023007874901879,0.048720266056878625,3.2374516672896902,3.3885506043992457,3.1957680905745827
half0__producer,ADE_vs_floor4,easy,eu-locality-119,1323,1.7961218135893207,1.8068634511702983,0.5944908329414966,3.150553623184178,3.4022710633529285,3.122406318806944
half0__producer,ADE_vs_floor4,easy,eu-locality-124,739,1.8888088768086815,1.9003883258914014,0.6093201544630888,3.132432246139888,3.379495188093331,3.122035057622891
half0__producer,ADE_vs_floor4,easy,eu-locality-126,2167,1.413961987255889,1.4101194599088722,-0.27249658318062586,2.998952651156105,3.3221883241114494,3.0016222179609375
half0__producer,ADE_vs_floor4,hard,eu-locality-007,1057,40.51842418150824,40.58549695728196,0.1652629160715291,80.93538095486694,114.29072331500305,80.93538095486694
half0__producer,ADE_vs_floor4,hard,eu-locality-074,26162,51.23801571905085,51.28603980828936,0.09363969106997994,119.98803804692119,216.74619194656225,120.74606233183552
half0__producer,ADE_vs_floor4,hard,eu-locality-082,245,47.99028704318262,48.28317912393113,0.6066130815386539,102.89538275989119,169.5400402883042,102.89538275989119
half0__producer,ADE_vs_floor4,hard,eu-locality-110,2779,78.772284548444,78.83414959429463,0.078474932715078,227.4742146023239,408.3784087886384,227.93329072835834
half0__producer,ADE_vs_floor4,hard,eu-locality-112,1522,59.27761303735688,59.314533245407475,0.06224479234767655,157.08224360877819,272.4802531432175,157.81065006811522
half0__producer,ADE_vs_floor4,hard,eu-locality-119,1922,70.17018792466688,70.1661183370487,-0.005799932666405994,175.76992045845242,274.8091526508623,175.76992045845242
half0__producer,ADE_vs_floor4,hard,eu-locality-124,1375,98.08966926692374,97.98671697965922,-0.10506759532098453,277.5179890841983,454.9614884293962,277.5179890841983
half0__producer,ADE_vs_floor4,hard,eu-locality-126,1386,64.4483429386416,64.42871419022168,-0.030465839131865735,151.64093485237026,230.7748273522354,150.6407980804362
half0__producer,ADE_vs_floor4,complete,eu-locality-007,2882,13.639847188463293,13.669834479519043,0.21936835519610343,47.83773492869996,79.58424742220402,47.726096398137734
half0__producer,ADE_vs_floor4,complete,eu-locality-074,67309,19.41145464126456,19.422757280318844,0.05819276270181417,63.48819468321252,131.45805079660022,63.428472057168605
half0__producer,ADE_vs_floor4,complete,eu-locality-082,582,10.27207496944599,10.462970014678445,1.8244823885058437,48.19172118275565,88.77064559267427,48.19172118275565
half0__producer,ADE_vs_floor4,complete,eu-locality-110,5804,28.463026723210213,28.423831248415805,-0.13789652229445615,118.53171704139565,275.3204835858817,118.53171704139565
half0__producer,ADE_vs_floor4,complete,eu-locality-112,2417,20.94722554091525,20.95945064907468,0.058327426439330754,70.63131723055629,171.1830006493205,70.63131723055629
half0__producer,ADE_vs_floor4,complete,eu-locality-119,3148,28.51975088858441,28.504393098670157,-0.05387867709054639,111.844506586388,205.2067029563877,112.70775480291367
half0__producer,ADE_vs_floor4,complete,eu-locality-124,2077,38.460756355943815,38.48634357197489,0.06648388403857064,177.32650540365142,316.4037738037055,177.32650540365142
half0__producer,ADE_vs_floor4,complete,eu-locality-126,3637,19.48594714279188,19.432801896634817,-0.27348215887625926,85.0633117366397,163.85887416785963,85.0633117366397
half0__producer,ADE_vs_floor2,all,eu-locality-007,5526,13.558992669972849,13.576682020090542,0.1302921442184246,45.80191694195659,80.21804688045466,45.80191694195659
half0__producer,ADE_vs_floor2,all,eu-locality-074,102348,19.6396468100205,19.668032309114736,0.1443230245309235,64.54680822032834,133.0198546391633,64.68527408666016
half0__producer,ADE_vs_floor2,all,eu-locality-082,1368,13.445779528563067,13.501037535428857,0.4092871138294707,51.63995873727773,101.91283477915022,51.63995873727773
half0__producer,ADE_vs_floor2,all,eu-locality-110,8550,30.522721255201255,30.564636878980384,0.13713764683379592,121.9052045177577,270.73137899676516,121.9052045177577
half0__producer,ADE_vs_floor2,all,eu-locality-112,5004,24.535600857439846,24.563779570946704,0.11471652163898005,86.23583738842102,186.18759729912014,86.23583738842102
half0__producer,ADE_vs_floor2,all,eu-locality-119,5639,28.895296027397013,28.900569932162785,0.018248445543289638,114.3522798565831,201.6878989025234,114.3522798565831
half0__producer,ADE_vs_floor2,all,eu-locality-124,3550,42.478804093044936,42.530550043522084,0.12166771984889468,186.45287792257716,342.6275202233269,186.45287792257716
half0__producer,ADE_vs_floor2,all,eu-locality-126,5790,19.771219811986764,19.77385810365999,0.013342321257669987,86.07918647650389,157.09863889864567,86.07918647650389
half0__producer,ADE_vs_floor2,easy,eu-locality-007,1784,1.3564655684894809,1.3660079779937173,0.6985617696209645,3.10114446630758,3.398338306729431,3.1019652925988592
half0__producer,ADE_vs_floor2,easy,eu-locality-074,17176,1.9425782618214822,1.9450169437466736,0.12538101187404838,3.215108542395055,3.4303959409627067,3.214826546341872
half0__producer,ADE_vs_floor2,easy,eu-locality-082,515,1.5512071622897008,1.5696189616702385,1.1730107644052468,3.0305478831342776,3.403722230149994,3.0135421032011274
half0__producer,ADE_vs_floor2,easy,eu-locality-110,2009,1.7455718729408043,1.7474897337953115,0.10974947763165988,3.101500209565155,3.3432289343058565,3.101500209565155
half0__producer,ADE_vs_floor2,easy,eu-locality-112,575,2.0220222600828754,2.0311990987121704,0.4517941463795139,3.2374516672896902,3.3885506043992457,3.2374516672896902
half0__producer,ADE_vs_floor2,easy,eu-locality-119,1323,1.7961218135893207,1.8107688042391463,0.8088824269302575,3.150553623184178,3.4022710633529285,3.152681264809638
half0__producer,ADE_vs_floor2,easy,eu-locality-124,739,1.8888088768086815,1.9023813139098682,0.7134446181713106,3.132432246139888,3.379495188093331,3.132432246139888
half0__producer,ADE_vs_floor2,easy,eu-locality-126,2167,1.413961987255889,1.4171073733924273,0.22195820836133917,2.998952651156105,3.3221883241114494,3.0002802926060923
half0__producer,ADE_vs_floor2,hard,eu-locality-007,1057,40.51842418150824,40.543907286501636,0.06285310592618609,80.93538095486694,114.29072331500305,80.93538095486694
half0__producer,ADE_vs_floor2,hard,eu-locality-074,26162,51.23801571905085,51.32086626006779,0.1614363650782824,119.98803804692119,216.74619194656225,120.78214816629554
half0__producer,ADE_vs_floor2,hard,eu-locality-082,245,47.99028704318262,48.1131122270322,0.2552842212118822,102.89538275989119,169.5400402883042,102.89538275989119
half0__producer,ADE_vs_floor2,hard,eu-locality-110,2779,78.772284548444,78.874215256719,0.12923197770428052,227.4742146023239,408.3784087886384,227.93329072835834
half0__producer,ADE_vs_floor2,hard,eu-locality-112,1522,59.27761303735688,59.31736216996171,0.06701095792314149,157.08224360877819,272.4802531432175,157.81065006811522
half0__producer,ADE_vs_floor2,hard,eu-locality-119,1922,70.17018792466688,70.17018792466688,0.0,175.76992045845242,274.8091526508623,175.76992045845242
half0__producer,ADE_vs_floor2,hard,eu-locality-124,1375,98.08966926692374,98.09085971189806,0.001213614579198552,277.5179890841983,454.9614884293962,277.5179890841983
half0__producer,ADE_vs_floor2,hard,eu-locality-126,1386,64.4483429386416,64.4483429386416,0.0,151.64093485237026,230.7748273522354,151.64093485237026
half0__producer,ADE_vs_floor2,complete,eu-locality-007,2882,13.639847188463293,13.654127073369112,0.10458292082011766,47.83773492869996,79.58424742220402,47.83773492869996
half0__producer,ADE_vs_floor2,complete,eu-locality-074,67309,19.41145464126456,19.436331095212253,0.12798945349218327,63.48819468321252,131.45805079660022,63.56883885352584
half0__producer,ADE_vs_floor2,complete,eu-locality-082,582,10.27207496944599,10.340350672391235,0.6602842119033836,48.19172118275565,88.77064559267427,48.19172118275565
half0__producer,ADE_vs_floor2,complete,eu-locality-110,5804,28.463026723210213,28.491580431505103,0.10021805692222996,118.53171704139565,275.3204835858817,118.53171704139565
half0__producer,ADE_vs_floor2,complete,eu-locality-112,2417,20.94722554091525,20.972148445078975,0.11883810678238182,70.63131723055629,171.1830006493205,70.63131723055629
half0__producer,ADE_vs_floor2,complete,eu-locality-119,3148,28.51975088858441,28.525606422793256,0.020527290891059202,111.844506586388,205.2067029563877,111.844506586388
half0__producer,ADE_vs_floor2,complete,eu-locality-124,2077,38.460756355943815,38.5405764978876,0.2071067669373372,177.32650540365142,316.4037738037055,177.32650540365142
half0__producer,ADE_vs_floor2,complete,eu-locality-126,3637,19.48594714279188,19.489256440603985,0.016980113234132954,85.0633117366397,163.85887416785963,85.0633117366397
half0__producer,ADE_vs_old_stop4,all,eu-locality-007,5526,13.558992669972849,13.584032419946364,0.18433223066184334,45.80191694195659,80.21804688045466,45.83062605295613
half0__producer,ADE_vs_old_stop4,all,eu-locality-074,102348,19.6396468100205,19.623430553535446,-0.08263721493964038,64.54680822032834,133.0198546391633,64.40997743111183
half0__producer,ADE_vs_old_stop4,all,eu-locality-082,1368,13.445779528563067,13.51861247795119,0.538760538530958,51.63995873727773,101.91283477915022,51.77887705037489
half0__producer,ADE_vs_old_stop4,all,eu-locality-110,8550,30.522721255201255,30.41456546069233,-0.35560525975195656,121.9052045177577,270.73137899676516,121.68449105426859
half0__producer,ADE_vs_old_stop4,all,eu-locality-112,5004,24.535600857439846,24.534630173372427,-0.0039563835303679795,86.23583738842102,186.18759729912014,86.2710070848162
half0__producer,ADE_vs_old_stop4,all,eu-locality-119,5639,28.895296027397013,28.88438548198875,-0.03777316091790883,114.3522798565831,201.6878989025234,114.45336587739244
half0__producer,ADE_vs_old_stop4,all,eu-locality-124,3550,42.478804093044936,42.43953851271538,-0.09252122361742554,186.45287792257716,342.6275202233269,186.18276158812444
half0__producer,ADE_vs_old_stop4,all,eu-locality-126,5790,19.771219811986764,19.73917869384262,-0.16232244837084409,86.07918647650389,157.09863889864567,86.23750171087968
half0__producer,ADE_vs_old_stop4,easy,eu-locality-007,1784,1.3564655684894809,1.3562042475541254,-0.019268553083118256,3.10114446630758,3.398338306729431,3.079078328966901
half0__producer,ADE_vs_old_stop4,easy,eu-locality-074,17176,1.9425782618214822,1.9423074230289294,-0.013944177391356227,3.215108542395055,3.4303959409627067,3.2169454427791315
half0__producer,ADE_vs_old_stop4,easy,eu-locality-082,515,1.5512071622897008,1.5553599263333115,0.2669969807824968,3.0305478831342776,3.403722230149994,3.0440363695343216
half0__producer,ADE_vs_old_stop4,easy,eu-locality-110,2009,1.7455718729408043,1.7516838900572815,0.34892237984088803,3.101500209565155,3.3432289343058565,3.118753115618861
half0__producer,ADE_vs_old_stop4,easy,eu-locality-112,575,2.0220222600828754,2.0150321730678353,-0.3468970425617446,3.2374516672896902,3.3885506043992457,3.1957680905745827
half0__producer,ADE_vs_old_stop4,easy,eu-locality-119,1323,1.7961218135893207,1.7935374539845235,-0.144092870715129,3.150553623184178,3.4022710633529285,3.1200103935491423
half0__producer,ADE_vs_old_stop4,easy,eu-locality-124,739,1.8888088768086815,1.8867831970174282,-0.1073615556071994,3.132432246139888,3.379495188093331,3.122035057622891
half0__producer,ADE_vs_old_stop4,easy,eu-locality-126,2167,1.413961987255889,1.4069584466372904,-0.4977787819773649,2.998952651156105,3.3221883241114494,3.0002802926060923
half0__producer,ADE_vs_old_stop4,hard,eu-locality-007,1057,40.51842418150824,40.57700735068157,0.14437528294541924,80.93538095486694,114.29072331500305,80.93538095486694
half0__producer,ADE_vs_old_stop4,hard,eu-locality-074,26162,51.23801571905085,51.17777460131544,-0.1177095295852526,119.98803804692119,216.74619194656225,119.9690594176946
half0__producer,ADE_vs_old_stop4,hard,eu-locality-082,245,47.99028704318262,48.15691159428865,0.346003399283179,102.89538275989119,169.5400402883042,102.89538275989119
half0__producer,ADE_vs_old_stop4,hard,eu-locality-110,2779,78.772284548444,78.53453219484568,-0.30273606648405504,227.4742146023239,408.3784087886384,226.6381696005302
half0__producer,ADE_vs_old_stop4,hard,eu-locality-112,1522,59.27761303735688,59.27973066057916,0.003572255134576263,157.08224360877819,272.4802531432175,157.08224360877819
half0__producer,ADE_vs_old_stop4,hard,eu-locality-119,1922,70.17018792466688,70.1661183370487,-0.005799932666405994,175.76992045845242,274.8091526508623,175.76992045845242
half0__producer,ADE_vs_old_stop4,hard,eu-locality-124,1375,98.08966926692374,97.98671697965922,-0.10506759532098453,277.5179890841983,454.9614884293962,277.5179890841983
half0__producer,ADE_vs_old_stop4,hard,eu-locality-126,1386,64.4483429386416,64.42871419022168,-0.030465839131865735,151.64093485237026,230.7748273522354,150.6407980804362
half0__producer,ADE_vs_old_stop4,complete,eu-locality-007,2882,13.639847188463293,13.658575503511212,0.137117630188488,47.83773492869996,79.58424742220402,47.726096398137734
half0__producer,ADE_vs_old_stop4,complete,eu-locality-074,67309,19.41145464126456,19.393552973210205,-0.0923073151117837,63.48819468321252,131.45805079660022,63.364852155965394
half0__producer,ADE_vs_old_stop4,complete,eu-locality-082,582,10.27207496944599,10.396095773005978,1.1929555697439254,48.19172118275565,88.77064559267427,48.19172118275565
half0__producer,ADE_vs_old_stop4,complete,eu-locality-110,5804,28.463026723210213,28.31366637361713,-0.5275203416688523,118.53171704139565,275.3204835858817,118.20634225900001
half0__producer,ADE_vs_old_stop4,complete,eu-locality-112,2417,20.94722554091525,20.935423559789925,-0.05637326176670676,70.63131723055629,171.1830006493205,70.63131723055629
half0__producer,ADE_vs_old_stop4,complete,eu-locality-119,3148,28.51975088858441,28.498903280269133,-0.0731523178638005,111.844506586388,205.2067029563877,112.70775480291367
half0__producer,ADE_vs_old_stop4,complete,eu-locality-124,2077,38.460756355943815,38.420882540298,-0.1037816234543465,177.32650540365142,316.4037738037055,177.32650540365142
half0__producer,ADE_vs_old_stop4,complete,eu-locality-126,3637,19.48594714279188,19.431799888008687,-0.2786528015688683,85.0633117366397,163.85887416785963,85.0633117366397
half0__producer,FDE_vs_floor4,endpoint,eu-locality-007,3935,29.85849774868364,29.957687238598282,0.3310986229499213,102.630383216675,179.47061743579053,102.630383216675
half0__producer,FDE_vs_floor4,endpoint,eu-locality-074,81289,41.4083428309707,41.42243294389996,0.03401565752630953,140.09073078341265,286.1232268664211,140.26005921066073
half0__producer,FDE_vs_floor4,endpoint,eu-locality-082,859,25.091593757954723,25.525691905389426,1.7006322455182854,113.0556753805091,234.31504208196256,114.66976098816347
half0__producer,FDE_vs_floor4,endpoint,eu-locality-110,7204,58.35840536811882,58.25961678107265,-0.16956614633665268,251.77304034955634,587.6090239057078,251.77304034955634
half0__producer,FDE_vs_floor4,endpoint,eu-locality-112,3719,48.53356538663138,48.55464835543294,0.04342111314910024,180.1956545671106,421.92552065383416,180.28741648050087
half0__producer,FDE_vs_floor4,endpoint,eu-locality-119,4147,65.57103351411021,65.53419395866976,-0.05621424971471445,270.5290560144782,484.5542592170748,270.5290560144782
half0__producer,FDE_vs_floor4,endpoint,eu-locality-124,2645,84.02311863066639,83.97301208164912,-0.05966982459619796,381.9827743206876,749.8979417287693,381.17412435677943
half0__producer,FDE_vs_floor4,endpoint,eu-locality-126,4579,40.536055927967226,40.415302863289966,-0.2987805512326025,185.4304850294719,367.4904107537943,185.86716972851187
half0__producer,ADE_vs_CV,easy,eu-locality-007,1784,1.3564655684894809,1.4116372489032123,3.9083468827843526,3.10114446630758,3.398338306729431,3.1829165280653378
half0__producer,ADE_vs_CV,easy,eu-locality-074,17176,1.9425782618214822,2.0345987086931556,4.52278114984056,3.215108542395055,3.4303959409627067,3.3227202724286355
half0__producer,ADE_vs_CV,easy,eu-locality-082,515,1.5512071622897008,1.6292457075972016,4.789857352000726,3.0305478831342776,3.403722230149994,3.1617325949953337
half0__producer,ADE_vs_CV,easy,eu-locality-110,2009,1.7455718729408043,1.8571965321602297,6.010384861616524,3.101500209565155,3.3432289343058565,3.2841980969419593
half0__producer,ADE_vs_CV,easy,eu-locality-112,575,2.0220222600828754,2.120126457156666,4.627280450306692,3.2374516672896902,3.3885506043992457,3.337428914790469
half0__producer,ADE_vs_CV,easy,eu-locality-119,1323,1.7961218135893207,1.9039962115564375,5.665683435311775,3.150553623184178,3.4022710633529285,3.27321556485438
half0__producer,ADE_vs_CV,easy,eu-locality-124,739,1.8888088768086815,2.0089308960456713,5.979400260777257,3.132432246139888,3.379495188093331,3.2764853371884692
half0__producer,ADE_vs_CV,easy,eu-locality-126,2167,1.413961987255889,1.49949345147157,5.704023857639551,2.998952651156105,3.3221883241114494,3.17156482441628
half0__placebo,ADE_vs_floor4,all,eu-locality-007,5526,13.547336900273063,13.597338877721032,0.3677335535844928,45.72409026969978,79.06437673311149,45.83062605295613
half0__placebo,ADE_vs_floor4,all,eu-locality-074,102348,19.637832370386622,19.657865601418482,0.10190949230223234,64.53969478471718,132.9160144251915,64.54680822032834
half0__placebo,ADE_vs_floor4,all,eu-locality-082,1368,13.443438149599617,13.581405228046572,1.0158527496259673,51.63995873727773,101.91283477915022,51.77887705037489
half0__placebo,ADE_vs_floor4,all,eu-locality-110,8550,30.469665148371696,30.52005384221596,0.16510027834408803,121.68449105426859,269.41776676755063,121.9052045177577
half0__placebo,ADE_vs_floor4,all,eu-locality-112,5004,24.53573104242343,24.560848030619713,0.10226433617019914,86.23583738842102,186.18759729912014,86.2710070848162
half0__placebo,ADE_vs_floor4,all,eu-locality-119,5639,28.895919589515636,28.888772287584914,-0.024740760388053396,114.3522798565831,201.6878989025234,114.45336587739244
half0__placebo,ADE_vs_floor4,all,eu-locality-124,3550,42.4822014352621,42.482914180177744,0.0016777213366792054,186.45287792257716,342.6275202233269,186.18276158812444
half0__placebo,ADE_vs_floor4,all,eu-locality-126,5790,19.771232954725708,19.74033177128303,-0.15653831860935608,86.07918647650389,157.09863889864567,86.23750171087968
half0__placebo,ADE_vs_floor4,easy,eu-locality-007,1784,1.3577706306955803,1.3657812494919728,0.5865228270905076,3.10114446630758,3.398338306729431,3.086995712824733
half0__placebo,ADE_vs_floor4,easy,eu-locality-074,17176,1.942676419952699,1.9446018133805958,0.09901222011871047,3.215108542395055,3.4303959409627067,3.2169454427791315
half0__placebo,ADE_vs_floor4,easy,eu-locality-082,515,1.551968411780421,1.5723394302052656,1.2955865656937071,3.0305478831342776,3.403722230149994,3.0305478831342776
half0__placebo,ADE_vs_floor4,easy,eu-locality-110,2009,1.746159957302157,1.753298000379922,0.4071209273163068,3.101500209565155,3.3432289343058565,3.118753115618861
half0__placebo,ADE_vs_floor4,easy,eu-locality-112,575,2.0220222600828754,2.023007874901879,0.048720266056878625,3.2374516672896902,3.3885506043992457,3.1957680905745827
half0__placebo,ADE_vs_floor4,easy,eu-locality-119,1323,1.7978420479301027,1.8068634511702983,0.4992852799337144,3.150553623184178,3.4022710633529285,3.122406318806944
half0__placebo,ADE_vs_floor4,easy,eu-locality-124,739,1.888787671211953,1.9003883258914014,0.610436010440496,3.132432246139888,3.379495188093331,3.122035057622891
half0__placebo,ADE_vs_floor4,easy,eu-locality-126,2167,1.4139971032957999,1.4101194599088722,-0.2749868714795545,2.998952651156105,3.3221883241114494,3.0016222179609375
half0__placebo,ADE_vs_floor4,hard,eu-locality-007,1057,40.455317129703026,40.58549695728196,0.3207545486407448,80.80457610949254,114.29072331500305,80.93538095486694
half0__placebo,ADE_vs_floor4,hard,eu-locality-074,26162,51.22964397651235,51.28603980828936,0.10996331942926263,119.97842077229647,216.74619194656225,120.74606233183552
half0__placebo,ADE_vs_floor4,hard,eu-locality-082,245,47.99028704318262,48.28317912393113,0.6066130815386539,102.89538275989119,169.5400402883042,102.89538275989119
half0__placebo,ADE_vs_floor4,hard,eu-locality-110,2779,78.60596774534265,78.83414959429463,0.28944543719475746,226.6381696005302,402.4445759409711,227.93329072835834
half0__placebo,ADE_vs_floor4,hard,eu-locality-112,1522,59.27804105684299,59.314533245407475,0.06152318254534217,157.08224360877819,272.4802531432175,157.81065006811522
half0__placebo,ADE_vs_floor4,hard,eu-locality-119,1922,70.17018792466688,70.1661183370487,-0.005799932666405994,175.76992045845242,274.8091526508623,175.76992045845242
half0__placebo,ADE_vs_floor4,hard,eu-locality-124,1375,98.08966926692374,97.98671697965922,-0.10506759532098453,277.5179890841983,454.9614884293962,277.5179890841983
half0__placebo,ADE_vs_floor4,hard,eu-locality-126,1386,64.4483429386416,64.42871419022168,-0.030465839131865735,151.64093485237026,230.7748273522354,150.6407980804362
half0__placebo,ADE_vs_floor4,complete,eu-locality-007,2882,13.640593197716637,13.669834479519043,0.21391101586648587,47.83773492869996,79.58424742220402,47.726096398137734
half0__placebo,ADE_vs_floor4,complete,eu-locality-074,67309,19.411225363724224,19.422757280318844,0.059373220949976435,63.48819468321252,131.45805079660022,63.428472057168605
half0__placebo,ADE_vs_floor4,complete,eu-locality-082,582,10.280613841669108,10.462970014678445,1.742871983323191,48.19172118275565,88.77064559267427,48.19172118275565
half0__placebo,ADE_vs_floor4,complete,eu-locality-110,5804,28.38435772711619,28.423831248415805,0.1388747384356126,118.20634225900001,272.8161773812056,118.53171704139565
half0__placebo,ADE_vs_floor4,complete,eu-locality-112,2417,20.94722554091525,20.95945064907468,0.058327426439330754,70.63131723055629,171.1830006493205,70.63131723055629
half0__placebo,ADE_vs_floor4,complete,eu-locality-119,3148,28.51962548873941,28.504393098670157,-0.053438745447143,111.844506586388,205.2067029563877,112.70775480291367
half0__placebo,ADE_vs_floor4,complete,eu-locality-124,2077,38.46657062450754,38.48634357197489,0.051376529002744586,177.32650540365142,316.4037738037055,177.32650540365142
half0__placebo,ADE_vs_floor4,complete,eu-locality-126,3637,19.485944841817936,19.432801896634817,-0.2734703182062592,85.0633117366397,163.85887416785963,85.0633117366397
half0__placebo,ADE_vs_floor2,all,eu-locality-007,5526,13.547336900273063,13.576682020090542,0.21614353031216282,45.72409026969978,79.06437673311149,45.80191694195659
half0__placebo,ADE_vs_floor2,all,eu-locality-074,102348,19.637832370386622,19.668032309114736,0.1535483481696187,64.53969478471718,132.9160144251915,64.68527408666016
half0__placebo,ADE_vs_floor2,all,eu-locality-082,1368,13.443438149599617,13.501037535428857,0.4266293288800238,51.63995873727773,101.91283477915022,51.63995873727773
half0__placebo,ADE_vs_floor2,all,eu-locality-110,8550,30.469665148371696,30.564636878980384,0.3107242235028784,121.68449105426859,269.41776676755063,121.9052045177577
half0__placebo,ADE_vs_floor2,all,eu-locality-112,5004,24.53573104242343,24.563779570946704,0.11418653404807744,86.23583738842102,186.18759729912014,86.23583738842102
half0__placebo,ADE_vs_floor2,all,eu-locality-119,5639,28.895919589515636,28.900569932162785,0.016090833703508167,114.3522798565831,201.6878989025234,114.3522798565831
half0__placebo,ADE_vs_floor2,all,eu-locality-124,3550,42.4822014352621,42.530550043522084,0.11367971542928235,186.45287792257716,342.6275202233269,186.45287792257716
half0__placebo,ADE_vs_floor2,all,eu-locality-126,5790,19.771232954725708,19.77385810365999,0.013275856034367095,86.07918647650389,157.09863889864567,86.07918647650389
half0__placebo,ADE_vs_floor2,easy,eu-locality-007,1784,1.3577706306955803,1.3660079779937173,0.6030233666889262,3.10114446630758,3.398338306729431,3.1019652925988592
half0__placebo,ADE_vs_floor2,easy,eu-locality-074,17176,1.942676419952699,1.9450169437466736,0.12033436528661179,3.215108542395055,3.4303959409627067,3.214826546341872
half0__placebo,ADE_vs_floor2,easy,eu-locality-082,515,1.551968411780421,1.5696189616702385,1.124511765010494,3.0305478831342776,3.403722230149994,3.0135421032011274
half0__placebo,ADE_vs_floor2,easy,eu-locality-110,2009,1.746159957302157,1.7474897337953115,0.07609638371187666,3.101500209565155,3.3432289343058565,3.101500209565155
half0__placebo,ADE_vs_floor2,easy,eu-locality-112,575,2.0220222600828754,2.0311990987121704,0.4517941463795139,3.2374516672896902,3.3885506043992457,3.2374516672896902
half0__placebo,ADE_vs_floor2,easy,eu-locality-119,1323,1.7978420479301027,1.8107688042391463,0.7138822073133322,3.150553623184178,3.4022710633529285,3.152681264809638
half0__placebo,ADE_vs_floor2,easy,eu-locality-124,739,1.888787671211953,1.9023813139098682,0.7145593051467114,3.132432246139888,3.379495188093331,3.132432246139888
half0__placebo,ADE_vs_floor2,easy,eu-locality-126,2167,1.4139971032957999,1.4171073733924273,0.21948019994997292,2.998952651156105,3.3221883241114494,3.0002802926060923
half0__placebo,ADE_vs_floor2,hard,eu-locality-007,1057,40.455317129703026,40.543907286501636,0.21850424077923813,80.80457610949254,114.29072331500305,80.93538095486694
half0__placebo,ADE_vs_floor2,hard,eu-locality-074,26162,51.22964397651235,51.32086626006779,0.1777489161877588,119.97842077229647,216.74619194656225,120.78214816629554
half0__placebo,ADE_vs_floor2,hard,eu-locality-082,245,47.99028704318262,48.1131122270322,0.2552842212118822,102.89538275989119,169.5400402883042,102.89538275989119
half0__placebo,ADE_vs_floor2,hard,eu-locality-110,2779,78.60596774534265,78.874215256719,0.34009531569125784,226.6381696005302,402.4445759409711,227.93329072835834
half0__placebo,ADE_vs_floor2,hard,eu-locality-112,1522,59.27804105684299,59.31736216996171,0.066289382535345,157.08224360877819,272.4802531432175,157.81065006811522
half0__placebo,ADE_vs_floor2,hard,eu-locality-119,1922,70.17018792466688,70.17018792466688,0.0,175.76992045845242,274.8091526508623,175.76992045845242
half0__placebo,ADE_vs_floor2,hard,eu-locality-124,1375,98.08966926692374,98.09085971189806,0.001213614579198552,277.5179890841983,454.9614884293962,277.5179890841983
half0__placebo,ADE_vs_floor2,hard,eu-locality-126,1386,64.4483429386416,64.4483429386416,0.0,151.64093485237026,230.7748273522354,151.64093485237026
half0__placebo,ADE_vs_floor2,complete,eu-locality-007,2882,13.640593197716637,13.654127073369112,0.09911930348789344,47.83773492869996,79.58424742220402,47.83773492869996
half0__placebo,ADE_vs_floor2,complete,eu-locality-074,67309,19.411225363724224,19.436331095212253,0.1291690873398088,63.48819468321252,131.45805079660022,63.56883885352584
half0__placebo,ADE_vs_floor2,complete,eu-locality-082,582,10.280613841669108,10.340350672391235,0.5777060431966241,48.19172118275565,88.77064559267427,48.19172118275565
half0__placebo,ADE_vs_floor2,complete,eu-locality-110,5804,28.38435772711619,28.491580431505103,0.37633119246115454,118.20634225900001,272.8161773812056,118.53171704139565
half0__placebo,ADE_vs_floor2,complete,eu-locality-112,2417,20.94722554091525,20.972148445078975,0.11883810678238182,70.63131723055629,171.1830006493205,70.63131723055629
half0__placebo,ADE_vs_floor2,complete,eu-locality-119,3148,28.51962548873941,28.525606422793256,0.020966895375329475,111.844506586388,205.2067029563877,111.844506586388
half0__placebo,ADE_vs_floor2,complete,eu-locality-124,2077,38.46657062450754,38.5405764978876,0.1920206704331906,177.32650540365142,316.4037738037055,177.32650540365142
half0__placebo,ADE_vs_floor2,complete,eu-locality-126,3637,19.485944841817936,19.489256440603985,0.01699191960524704,85.0633117366397,163.85887416785963,85.0633117366397
half0__placebo,ADE_vs_old_stop4,all,eu-locality-007,5526,13.547336900273063,13.584032419946364,0.2701371620655091,45.72409026969978,79.06437673311149,45.83062605295613
half0__placebo,ADE_vs_old_stop4,all,eu-locality-074,102348,19.637832370386622,19.623430553535446,-0.07339092322256047,64.53969478471718,132.9160144251915,64.40997743111183
half0__placebo,ADE_vs_old_stop4,all,eu-locality-082,1368,13.443438149599617,13.51861247795119,0.5560802077445692,51.63995873727773,101.91283477915022,51.77887705037489
half0__placebo,ADE_vs_old_stop4,all,eu-locality-110,8550,30.469665148371696,30.41456546069233,-0.18116217294170678,121.68449105426859,269.41776676755063,121.68449105426859
half0__placebo,ADE_vs_old_stop4,all,eu-locality-112,5004,24.53573104242343,24.534630173372427,-0.004487000795294627,86.23583738842102,186.18759729912014,86.2710070848162
half0__placebo,ADE_vs_old_stop4,all,eu-locality-119,5639,28.895919589515636,28.88438548198875,-0.03993198170713086,114.3522798565831,201.6878989025234,114.45336587739244
half0__placebo,ADE_vs_old_stop4,all,eu-locality-124,3550,42.4822014352621,42.43953851271538,-0.10052635830131162,186.45287792257716,342.6275202233269,186.18276158812444
half0__placebo,ADE_vs_old_stop4,all,eu-locality-126,5790,19.771232954725708,19.73917869384262,-0.16238903036571717,86.07918647650389,157.09863889864567,86.23750171087968
half0__placebo,ADE_vs_old_stop4,easy,eu-locality-007,1784,1.3577706306955803,1.3562042475541254,-0.11549758410505095,3.10114446630758,3.398338306729431,3.079078328966901
half0__placebo,ADE_vs_old_stop4,easy,eu-locality-074,17176,1.942676419952699,1.9423074230289294,-0.018997864055636526,3.215108542395055,3.4303959409627067,3.2169454427791315
half0__placebo,ADE_vs_old_stop4,easy,eu-locality-082,515,1.551968411780421,1.5553599263333115,0.2180533582915256,3.0305478831342776,3.403722230149994,3.0440363695343216
half0__placebo,ADE_vs_old_stop4,easy,eu-locality-110,2009,1.746159957302157,1.7516838900572815,0.31534986343592086,3.101500209565155,3.3432289343058565,3.118753115618861
half0__placebo,ADE_vs_old_stop4,easy,eu-locality-112,575,2.0220222600828754,2.0150321730678353,-0.3468970425617446,3.2374516672896902,3.3885506043992457,3.1957680905745827
half0__placebo,ADE_vs_old_stop4,easy,eu-locality-119,1323,1.7978420479301027,1.7935374539845235,-0.24000580171972263,3.150553623184178,3.4022710633529285,3.1200103935491423
half0__placebo,ADE_vs_old_stop4,easy,eu-locality-124,739,1.888787671211953,1.8867831970174282,-0.10623765346720049,3.132432246139888,3.379495188093331,3.122035057622891
half0__placebo,ADE_vs_old_stop4,easy,eu-locality-126,2167,1.4139971032957999,1.4069584466372904,-0.5002746652065015,2.998952651156105,3.3221883241114494,3.0002802926060923
half0__placebo,ADE_vs_old_stop4,hard,eu-locality-007,1057,40.455317129703026,40.57700735068157,0.2998994478002115,80.80457610949254,114.29072331500305,80.93538095486694
half0__placebo,ADE_vs_old_stop4,hard,eu-locality-074,26162,51.22964397651235,51.17777460131544,-0.10135136902880149,119.97842077229647,216.74619194656225,119.9690594176946
half0__placebo,ADE_vs_old_stop4,hard,eu-locality-082,245,47.99028704318262,48.15691159428865,0.346003399283179,102.89538275989119,169.5400402883042,102.89538275989119
half0__placebo,ADE_vs_old_stop4,hard,eu-locality-110,2779,78.60596774534265,78.53453219484568,-0.09096068761158538,226.6381696005302,402.4445759409711,226.6381696005302
half0__placebo,ADE_vs_old_stop4,hard,eu-locality-112,1522,59.27804105684299,59.27973066057916,0.002850221681760523,157.08224360877819,272.4802531432175,157.08224360877819
half0__placebo,ADE_vs_old_stop4,hard,eu-locality-119,1922,70.17018792466688,70.1661183370487,-0.005799932666405994,175.76992045845242,274.8091526508623,175.76992045845242
half0__placebo,ADE_vs_old_stop4,hard,eu-locality-124,1375,98.08966926692374,97.98671697965922,-0.10506759532098453,277.5179890841983,454.9614884293962,277.5179890841983
half0__placebo,ADE_vs_old_stop4,hard,eu-locality-126,1386,64.4483429386416,64.42871419022168,-0.030465839131865735,151.64093485237026,230.7748273522354,150.6407980804362
half0__placebo,ADE_vs_old_stop4,complete,eu-locality-007,2882,13.640593197716637,13.658575503511212,0.13165579228926472,47.83773492869996,79.58424742220402,47.726096398137734
half0__placebo,ADE_vs_old_stop4,complete,eu-locality-074,67309,19.411225363724224,19.393552973210205,-0.09112507923860758,63.48819468321252,131.45805079660022,63.364852155965394
half0__placebo,ADE_vs_old_stop4,complete,eu-locality-082,582,10.280613841669108,10.396095773005978,1.110820194988249,48.19172118275565,88.77064559267427,48.19172118275565
half0__placebo,ADE_vs_old_stop4,complete,eu-locality-110,5804,28.38435772711619,28.31366637361713,-0.24967219916431915,118.20634225900001,272.8161773812056,118.20634225900001
half0__placebo,ADE_vs_old_stop4,complete,eu-locality-112,2417,20.94722554091525,20.935423559789925,-0.05637326176670676,70.63131723055629,171.1830006493205,70.63131723055629
half0__placebo,ADE_vs_old_stop4,complete,eu-locality-119,3148,28.51962548873941,28.498903280269133,-0.07271230147520846,111.844506586388,205.2067029563877,112.70775480291367
half0__placebo,ADE_vs_old_stop4,complete,eu-locality-124,2077,38.46657062450754,38.420882540298,-0.11891471821767752,177.32650540365142,316.4037738037055,177.32650540365142
half0__placebo,ADE_vs_old_stop4,complete,eu-locality-126,3637,19.485944841817936,19.431799888008687,-0.2786409602883122,85.0633117366397,163.85887416785963,85.0633117366397
half0__placebo,FDE_vs_floor4,endpoint,eu-locality-007,3935,29.82718126431938,29.957687238598282,0.43563434399821466,102.45776178280984,178.8430245622791,102.630383216675
half0__placebo,FDE_vs_floor4,endpoint,eu-locality-074,81289,41.40276893016036,41.42243294389996,0.047471894676565096,140.06719202333673,285.878036596077,140.26005921066073
half0__placebo,FDE_vs_floor4,endpoint,eu-locality-082,859,25.08369278005639,25.525691905389426,1.731585286586157,113.0556753805091,234.31504208196256,114.66976098816347
half0__placebo,FDE_vs_floor4,endpoint,eu-locality-110,7204,58.23983256284225,58.25961678107265,0.03395871672954298,251.77304034955634,584.7464834418972,251.77304034955634
half0__placebo,FDE_vs_floor4,endpoint,eu-locality-112,3719,48.53336006558347,48.55464835543294,0.043843979043223236,180.1956545671106,421.92552065383416,180.28741648050087
half0__placebo,FDE_vs_floor4,endpoint,eu-locality-119,4147,65.5723587860563,65.53419395866976,-0.05823650995173679,270.5290560144782,484.5542592170748,270.5290560144782
half0__placebo,FDE_vs_floor4,endpoint,eu-locality-124,2645,84.03061335279317,83.97301208164912,-0.06859498035873823,381.9827743206876,749.8979417287693,381.17412435677943
half0__placebo,FDE_vs_floor4,endpoint,eu-locality-126,4579,40.536091225356635,40.415302863289966,-0.2988678879266349,185.4304850294719,367.4904107537943,185.86716972851187
half0__placebo,ADE_vs_CV,easy,eu-locality-007,1784,1.3577706306955803,1.4116372489032123,3.815896629922755,3.10114446630758,3.398338306729431,3.1829165280653378
half0__placebo,ADE_vs_CV,easy,eu-locality-074,17176,1.942676419952699,2.0345987086931556,4.517956703093528,3.215108542395055,3.4303959409627067,3.3227202724286355
half0__placebo,ADE_vs_CV,easy,eu-locality-082,515,1.551968411780421,1.6292457075972016,4.743133307421655,3.0305478831342776,3.403722230149994,3.1617325949953337
half0__placebo,ADE_vs_CV,easy,eu-locality-110,2009,1.746159957302157,1.8571965321602297,5.97871969580509,3.101500209565155,3.3432289343058565,3.2841980969419593
half0__placebo,ADE_vs_CV,easy,eu-locality-112,575,2.0220222600828754,2.120126457156666,4.627280450306692,3.2374516672896902,3.3885506043992457,3.337428914790469
half0__placebo,ADE_vs_CV,easy,eu-locality-119,1323,1.7978420479301027,1.9039962115564375,5.575334813274557,3.150553623184178,3.4022710633529285,3.27321556485438
half0__placebo,ADE_vs_CV,easy,eu-locality-124,739,1.888787671211953,2.0089308960456713,5.980455827037423,3.132432246139888,3.379495188093331,3.2764853371884692
half0__placebo,ADE_vs_CV,easy,eu-locality-126,2167,1.4139971032957999,1.49949345147157,5.7016819974682775,2.998952651156105,3.3221883241114494,3.17156482441628
half0__wrong_tag,ADE_vs_floor4,all,eu-locality-007,5526,13.54693539521125,13.597338877721032,0.37068637446675545,45.72409026969978,79.06437673311149,45.83062605295613
half0__wrong_tag,ADE_vs_floor4,all,eu-locality-074,102348,19.63738064658052,19.657865601418482,0.10420742136156846,64.53067940722336,132.9160144251915,64.54680822032834
half0__wrong_tag,ADE_vs_floor4,all,eu-locality-082,1368,13.443747010651986,13.581405228046572,1.013578603120624,51.63995873727773,101.91283477915022,51.77887705037489
half0__wrong_tag,ADE_vs_floor4,all,eu-locality-110,8550,30.52285943783072,30.52005384221596,-0.009192629964749344,121.9052045177577,270.73137899676516,121.9052045177577
half0__wrong_tag,ADE_vs_floor4,all,eu-locality-112,5004,24.53573941656175,24.560848030619713,0.10223024069307973,86.23583738842102,186.18759729912014,86.2710070848162
half0__wrong_tag,ADE_vs_floor4,all,eu-locality-119,5639,28.896231705661872,28.888772287584914,-0.02582116679346047,114.3522798565831,201.6878989025234,114.45336587739244
half0__wrong_tag,ADE_vs_floor4,all,eu-locality-124,3550,42.48467315924957,42.482914180177744,-0.004140438822908266,186.45287792257716,342.6275202233269,186.18276158812444
half0__wrong_tag,ADE_vs_floor4,all,eu-locality-126,5790,19.771255388123834,19.74033177128303,-0.15665196106677826,86.07918647650389,157.09863889864567,86.23750171087968
half0__wrong_tag,ADE_vs_floor4,easy,eu-locality-007,1784,1.3566954213171618,1.3657812494919728,0.665247687225945,3.10114446630758,3.398338306729431,3.086995712824733
half0__wrong_tag,ADE_vs_floor4,easy,eu-locality-074,17176,1.9425318977072838,1.9446018133805958,0.10644419125134252,3.214826546341872,3.430129648340583,3.2169454427791315
half0__wrong_tag,ADE_vs_floor4,easy,eu-locality-082,515,1.5527888426923429,1.5723394302052656,1.243407570741284,3.0305478831342776,3.403722230149994,3.0305478831342776
half0__wrong_tag,ADE_vs_floor4,easy,eu-locality-110,2009,1.746159957302157,1.753298000379922,0.4071209273163068,3.101500209565155,3.3432289343058565,3.118753115618861
half0__wrong_tag,ADE_vs_floor4,easy,eu-locality-112,575,2.023228085902014,2.023007874901879,-0.010885325898479792,3.2374516672896902,3.3885506043992457,3.1957680905745827
half0__wrong_tag,ADE_vs_floor4,easy,eu-locality-119,1323,1.7976560222371005,1.8068634511702983,0.5095807836078659,3.150553623184178,3.4022710633529285,3.122406318806944
half0__wrong_tag,ADE_vs_floor4,easy,eu-locality-124,739,1.8887369855138603,1.9003883258914014,0.6131031336490622,3.132432246139888,3.379495188093331,3.122035057622891
half0__wrong_tag,ADE_vs_floor4,easy,eu-locality-126,2167,1.4140570430166808,1.4101194599088722,-0.2792375553815063,2.998952651156105,3.3221883241114494,3.0016222179609375
half0__wrong_tag,ADE_vs_floor4,hard,eu-locality-007,1057,40.455317129703026,40.58549695728196,0.3207545486407448,80.80457610949254,114.29072331500305,80.93538095486694
half0__wrong_tag,ADE_vs_floor4,hard,eu-locality-074,26162,51.22831442720958,51.28603980828936,0.11255573894096704,119.97842077229647,216.74619194656225,120.74606233183552
half0__wrong_tag,ADE_vs_floor4,hard,eu-locality-082,245,47.99028704318262,48.28317912393113,0.6066130815386539,102.89538275989119,169.5400402883042,102.89538275989119
half0__wrong_tag,ADE_vs_floor4,hard,eu-locality-110,2779,78.772284548444,78.83414959429463,0.078474932715078,227.4742146023239,408.3784087886384,227.93329072835834
half0__wrong_tag,ADE_vs_floor4,hard,eu-locality-112,1522,59.27761303735688,59.314533245407475,0.06224479234767655,157.08224360877819,272.4802531432175,157.81065006811522
half0__wrong_tag,ADE_vs_floor4,hard,eu-locality-119,1922,70.17018792466688,70.1661183370487,-0.005799932666405994,175.76992045845242,274.8091526508623,175.76992045845242
half0__wrong_tag,ADE_vs_floor4,hard,eu-locality-124,1375,98.08966926692374,97.98671697965922,-0.10506759532098453,277.5179890841983,454.9614884293962,277.5179890841983
half0__wrong_tag,ADE_vs_floor4,hard,eu-locality-126,1386,64.4483429386416,64.42871419022168,-0.030465839131865735,151.64093485237026,230.7748273522354,150.6407980804362
half0__wrong_tag,ADE_vs_floor4,complete,eu-locality-007,2882,13.640005608745307,13.669834479519043,0.2182094510246424,47.83773492869996,79.58424742220402,47.726096398137734
half0__wrong_tag,ADE_vs_floor4,complete,eu-locality-074,67309,19.411077189976435,19.422757280318844,0.06013610824578963,63.48354353559379,131.45805079660022,63.428472057168605
half0__wrong_tag,ADE_vs_floor4,complete,eu-locality-082,582,10.280613841669108,10.462970014678445,1.742871983323191,48.19172118275565,88.77064559267427,48.19172118275565
half0__wrong_tag,ADE_vs_floor4,complete,eu-locality-110,5804,28.463230283079607,28.423831248415805,-0.13861268144841343,118.53171704139565,275.3204835858817,118.53171704139565
half0__wrong_tag,ADE_vs_floor4,complete,eu-locality-112,2417,20.94722554091525,20.95945064907468,0.058327426439330754,70.63131723055629,171.1830006493205,70.63131723055629
half0__wrong_tag,ADE_vs_floor4,complete,eu-locality-119,3148,28.52018458116274,28.504393098670157,-0.05540017090670535,111.844506586388,205.2067029563877,112.70775480291367
half0__wrong_tag,ADE_vs_floor4,complete,eu-locality-124,2077,38.4709128019146,38.48634357197489,0.0400941441252578,177.32650540365142,316.4037738037055,177.32650540365142
half0__wrong_tag,ADE_vs_floor4,complete,eu-locality-126,3637,19.485959746130668,19.432801896634817,-0.2735470148803154,85.0633117366397,163.85887416785963,85.0633117366397
half0__wrong_tag,ADE_vs_floor2,all,eu-locality-007,5526,13.54693539521125,13.576682020090542,0.21910084389745732,45.72409026969978,79.06437673311149,45.80191694195659
half0__wrong_tag,ADE_vs_floor2,all,eu-locality-074,102348,19.63738064658052,19.668032309114736,0.15584508939416875,64.53067940722336,132.9160144251915,64.68527408666016
half0__wrong_tag,ADE_vs_floor2,all,eu-locality-082,1368,13.443747010651986,13.501037535428857,0.42434164505158467,51.63995873727773,101.91283477915022,51.63995873727773
half0__wrong_tag,ADE_vs_floor2,all,eu-locality-110,8550,30.52285943783072,30.564636878980384,0.1366855471408912,121.9052045177577,270.73137899676516,121.9052045177577
half0__wrong_tag,ADE_vs_floor2,all,eu-locality-112,5004,24.53573941656175,24.563779570946704,0.11415244264004754,86.23583738842102,186.18759729912014,86.23583738842102
half0__wrong_tag,ADE_vs_floor2,all,eu-locality-119,5639,28.896231705661872,28.900569932162785,0.015010868336151617,114.3522798565831,201.6878989025234,114.3522798565831
half0__wrong_tag,ADE_vs_floor2,all,eu-locality-124,3550,42.48467315924957,42.530550043522084,0.10786807183441605,186.45287792257716,342.6275202233269,186.45287792257716
half0__wrong_tag,ADE_vs_floor2,all,eu-locality-126,5790,19.771255388123834,19.77385810365999,0.013162406256339576,86.07918647650389,157.09863889864567,86.07918647650389
half0__wrong_tag,ADE_vs_floor2,easy,eu-locality-007,1784,1.3566954213171618,1.3660079779937173,0.6817351601586585,3.10114446630758,3.398338306729431,3.1019652925988592
half0__wrong_tag,ADE_vs_floor2,easy,eu-locality-074,17176,1.9425318977072838,1.9450169437466736,0.1277647501930157,3.214826546341872,3.430129648340583,3.214826546341872
half0__wrong_tag,ADE_vs_floor2,easy,eu-locality-082,515,1.5527888426923429,1.5696189616702385,1.0722423332594433,3.0305478831342776,3.403722230149994,3.0135421032011274
half0__wrong_tag,ADE_vs_floor2,easy,eu-locality-110,2009,1.746159957302157,1.7474897337953115,0.07609638371187666,3.101500209565155,3.3432289343058565,3.101500209565155
half0__wrong_tag,ADE_vs_floor2,easy,eu-locality-112,575,2.023228085902014,2.0311990987121704,0.39242892610626967,3.2374516672896902,3.3885506043992457,3.2374516672896902
half0__wrong_tag,ADE_vs_floor2,easy,eu-locality-119,1323,1.7976560222371005,1.8107688042391463,0.7241555062881488,3.150553623184178,3.4022710633529285,3.152681264809638
half0__wrong_tag,ADE_vs_floor2,easy,eu-locality-124,739,1.8887369855138603,1.9023813139098682,0.717223634202202,3.132432246139888,3.379495188093331,3.132432246139888
half0__wrong_tag,ADE_vs_floor2,easy,eu-locality-126,2167,1.4140570430166808,1.4171073733924273,0.21525047664132657,2.998952651156105,3.3221883241114494,3.0002802926060923
half0__wrong_tag,ADE_vs_floor2,hard,eu-locality-007,1057,40.455317129703026,40.543907286501636,0.21850424077923813,80.80457610949254,114.29072331500305,80.93538095486694
half0__wrong_tag,ADE_vs_floor2,hard,eu-locality-074,26162,51.22831442720958,51.32086626006779,0.18033957647791699,119.97842077229647,216.74619194656225,120.78214816629554
half0__wrong_tag,ADE_vs_floor2,hard,eu-locality-082,245,47.99028704318262,48.1131122270322,0.2552842212118822,102.89538275989119,169.5400402883042,102.89538275989119
half0__wrong_tag,ADE_vs_floor2,hard,eu-locality-110,2779,78.772284548444,78.874215256719,0.12923197770428052,227.4742146023239,408.3784087886384,227.93329072835834
half0__wrong_tag,ADE_vs_floor2,hard,eu-locality-112,1522,59.27761303735688,59.31736216996171,0.06701095792314149,157.08224360877819,272.4802531432175,157.81065006811522
half0__wrong_tag,ADE_vs_floor2,hard,eu-locality-119,1922,70.17018792466688,70.17018792466688,0.0,175.76992045845242,274.8091526508623,175.76992045845242
half0__wrong_tag,ADE_vs_floor2,hard,eu-locality-124,1375,98.08966926692374,98.09085971189806,0.001213614579198552,277.5179890841983,454.9614884293962,277.5179890841983
half0__wrong_tag,ADE_vs_floor2,hard,eu-locality-126,1386,64.4483429386416,64.4483429386416,0.0,151.64093485237026,230.7748273522354,151.64093485237026
half0__wrong_tag,ADE_vs_floor2,complete,eu-locality-007,2882,13.640005608745307,13.654127073369112,0.10342268347089956,47.83773492869996,79.58424742220402,47.83773492869996
half0__wrong_tag,ADE_vs_floor2,complete,eu-locality-074,67309,19.411077189976435,19.436331095212253,0.12993144185550198,63.48354353559379,131.45805079660022,63.56883885352584
half0__wrong_tag,ADE_vs_floor2,complete,eu-locality-082,582,10.280613841669108,10.340350672391235,0.5777060431966241,48.19172118275565,88.77064559267427,48.19172118275565
half0__wrong_tag,ADE_vs_floor2,complete,eu-locality-110,5804,28.463230283079607,28.491580431505103,0.0995036006993355,118.53171704139565,275.3204835858817,118.53171704139565
half0__wrong_tag,ADE_vs_floor2,complete,eu-locality-112,2417,20.94722554091525,20.972148445078975,0.11883810678238182,70.63131723055629,171.1830006493205,70.63131723055629
half0__wrong_tag,ADE_vs_floor2,complete,eu-locality-119,3148,28.52018458116274,28.525606422793256,0.019006928547471436,111.844506586388,205.2067029563877,111.844506586388
half0__wrong_tag,ADE_vs_floor2,complete,eu-locality-124,2077,38.4709128019146,38.5405764978876,0.18075416172567138,177.32650540365142,316.4037738037055,177.32650540365142
half0__wrong_tag,ADE_vs_floor2,complete,eu-locality-126,3637,19.485959746130668,19.489256440603985,0.016915445098497628,85.0633117366397,163.85887416785963,85.0633117366397
half0__wrong_tag,ADE_vs_old_stop4,all,eu-locality-007,5526,13.54693539521125,13.584032419946364,0.2730928754310247,45.72409026969978,79.06437673311149,45.83062605295613
half0__wrong_tag,ADE_vs_old_stop4,all,eu-locality-074,102348,19.63738064658052,19.623430553535446,-0.07108896177463464,64.53067940722336,132.9160144251915,64.40997743111183
half0__wrong_tag,ADE_vs_old_stop4,all,eu-locality-082,1368,13.443747010651986,13.51861247795119,0.5537954980313953,51.63995873727773,101.91283477915022,51.77887705037489
half0__wrong_tag,ADE_vs_old_stop4,all,eu-locality-110,8550,30.52285943783072,30.41456546069233,-0.3560595901932251,121.9052045177577,270.73137899676516,121.68449105426859
half0__wrong_tag,ADE_vs_old_stop4,all,eu-locality-112,5004,24.53573941656175,24.534630173372427,-0.0045211327070582286,86.23583738842102,186.18759729912014,86.2710070848162
half0__wrong_tag,ADE_vs_old_stop4,all,eu-locality-119,5639,28.896231705661872,28.88438548198875,-0.04101255219886024,114.3522798565831,201.6878989025234,114.45336587739244
half0__wrong_tag,ADE_vs_old_stop4,all,eu-locality-124,3550,42.48467315924957,42.43953851271538,-0.10635046495772738,186.45287792257716,342.6275202233269,186.18276158812444
half0__wrong_tag,ADE_vs_old_stop4,all,eu-locality-126,5790,19.771255388123834,19.73917869384262,-0.1625026794616291,86.07918647650389,157.09863889864567,86.23750171087968
half0__wrong_tag,ADE_vs_old_stop4,easy,eu-locality-007,1784,1.3566954213171618,1.3562042475541254,-0.0362167987544737,3.10114446630758,3.398338306729431,3.079078328966901
half0__wrong_tag,ADE_vs_old_stop4,easy,eu-locality-074,17176,1.9425318977072838,1.9423074230289294,-0.011557113755156223,3.214826546341872,3.430129648340583,3.2169454427791315
half0__wrong_tag,ADE_vs_old_stop4,easy,eu-locality-082,515,1.5527888426923429,1.5553599263333115,0.1653047373433303,3.0305478831342776,3.403722230149994,3.0440363695343216
half0__wrong_tag,ADE_vs_old_stop4,easy,eu-locality-110,2009,1.746159957302157,1.7516838900572815,0.31534986343592086,3.101500209565155,3.3432289343058565,3.118753115618861
half0__wrong_tag,ADE_vs_old_stop4,easy,eu-locality-112,575,2.023228085902014,2.0150321730678353,-0.4067385594990647,3.2374516672896902,3.3885506043992457,3.1957680905745827
half0__wrong_tag,ADE_vs_old_stop4,easy,eu-locality-119,1323,1.7976560222371005,1.7935374539845235,-0.22963380237346342,3.150553623184178,3.4022710633529285,3.1200103935491423
half0__wrong_tag,ADE_vs_old_stop4,easy,eu-locality-124,739,1.8887369855138603,1.8867831970174282,-0.10355129829016096,3.132432246139888,3.379495188093331,3.122035057622891
half0__wrong_tag,ADE_vs_old_stop4,easy,eu-locality-126,2167,1.4140570430166808,1.4069584466372904,-0.5045348991191911,2.998952651156105,3.3221883241114494,3.0002802926060923
half0__wrong_tag,ADE_vs_old_stop4,hard,eu-locality-007,1057,40.455317129703026,40.57700735068157,0.2998994478002115,80.80457610949254,114.29072331500305,80.93538095486694
half0__wrong_tag,ADE_vs_old_stop4,hard,eu-locality-074,26162,51.22831442720958,51.17777460131544,-0.09875346532328688,119.97842077229647,216.74619194656225,119.9690594176946
half0__wrong_tag,ADE_vs_old_stop4,hard,eu-locality-082,245,47.99028704318262,48.15691159428865,0.346003399283179,102.89538275989119,169.5400402883042,102.89538275989119
half0__wrong_tag,ADE_vs_old_stop4,hard,eu-locality-110,2779,78.772284548444,78.53453219484568,-0.30273606648405504,227.4742146023239,408.3784087886384,226.6381696005302
half0__wrong_tag,ADE_vs_old_stop4,hard,eu-locality-112,1522,59.27761303735688,59.27973066057916,0.003572255134576263,157.08224360877819,272.4802531432175,157.08224360877819
half0__wrong_tag,ADE_vs_old_stop4,hard,eu-locality-119,1922,70.17018792466688,70.1661183370487,-0.005799932666405994,175.76992045845242,274.8091526508623,175.76992045845242
half0__wrong_tag,ADE_vs_old_stop4,hard,eu-locality-124,1375,98.08966926692374,97.98671697965922,-0.10506759532098453,277.5179890841983,454.9614884293962,277.5179890841983
half0__wrong_tag,ADE_vs_old_stop4,hard,eu-locality-126,1386,64.4483429386416,64.42871419022168,-0.030465839131865735,151.64093485237026,230.7748273522354,150.6407980804362
half0__wrong_tag,ADE_vs_old_stop4,complete,eu-locality-007,2882,13.640005608745307,13.658575503511212,0.13595777071431225,47.83773492869996,79.58424742220402,47.726096398137734
half0__wrong_tag,ADE_vs_old_stop4,complete,eu-locality-074,67309,19.411077189976435,19.393552973210205,-0.09036104312829529,63.48354353559379,131.45805079660022,63.364852155965394
half0__wrong_tag,ADE_vs_old_stop4,complete,eu-locality-082,582,10.280613841669108,10.396095773005978,1.110820194988249,48.19172118275565,88.77064559267427,48.19172118275565
half0__wrong_tag,ADE_vs_old_stop4,complete,eu-locality-110,5804,28.463230283079607,28.31366637361713,-0.5282392873069863,118.53171704139565,275.3204835858817,118.20634225900001
half0__wrong_tag,ADE_vs_old_stop4,complete,eu-locality-112,2417,20.94722554091525,20.935423559789925,-0.05637326176670676,70.63131723055629,171.1830006493205,70.63131723055629
half0__wrong_tag,ADE_vs_old_stop4,complete,eu-locality-119,3148,28.52018458116274,28.498903280269133,-0.07467410476929004,111.844506586388,205.2067029563877,112.70775480291367
half0__wrong_tag,ADE_vs_old_stop4,complete,eu-locality-124,2077,38.4709128019146,38.420882540298,-0.1302163258850797,177.32650540365142,316.4037738037055,177.32650540365142
half0__wrong_tag,ADE_vs_old_stop4,complete,eu-locality-126,3637,19.485959746130668,19.431799888008687,-0.27871766091727146,85.0633117366397,163.85887416785963,85.0633117366397
half0__wrong_tag,FDE_vs_floor4,endpoint,eu-locality-007,3935,29.826326088660544,29.957687238598282,0.4384889557445204,102.45776178280984,178.8430245622791,102.630383216675
half0__wrong_tag,FDE_vs_floor4,endpoint,eu-locality-074,81289,41.402864552032625,41.42243294389996,0.04724104905629023,140.05711017181724,285.878036596077,140.26005921066073
half0__wrong_tag,FDE_vs_floor4,endpoint,eu-locality-082,859,25.083976705205142,25.525691905389426,1.7304729753124581,113.0556753805091,234.31504208196256,114.66976098816347
half0__wrong_tag,FDE_vs_floor4,endpoint,eu-locality-110,7204,58.35853083083094,58.25961678107265,-0.16978149741351256,251.77304034955634,587.6090239057078,251.77304034955634
half0__wrong_tag,FDE_vs_floor4,endpoint,eu-locality-112,3719,48.534031451283944,48.55464835543294,0.04246123666280521,180.1956545671106,421.92552065383416,180.28741648050087
half0__wrong_tag,FDE_vs_floor4,endpoint,eu-locality-119,4147,65.57290150392424,65.53419395866976,-0.059064654520502025,270.5290560144782,484.5542592170748,270.5290560144782
half0__wrong_tag,FDE_vs_floor4,endpoint,eu-locality-124,2645,84.03704875304825,83.97301208164912,-0.07625863335338767,381.9827743206876,749.8979417287693,381.17412435677943
half0__wrong_tag,FDE_vs_floor4,endpoint,eu-locality-126,4579,40.53614055815888,40.415302863289966,-0.29898995258716976,185.4304850294719,367.4904107537943,185.86716972851187
half0__wrong_tag,ADE_vs_CV,easy,eu-locality-007,1784,1.3566954213171618,1.4116372489032123,3.892064170787368,3.10114446630758,3.398338306729431,3.1829165280653378
half0__wrong_tag,ADE_vs_CV,easy,eu-locality-074,17176,1.9425318977072838,2.0345987086931556,4.525059934054876,3.214826546341872,3.430129648340583,3.3227202724286355
half0__wrong_tag,ADE_vs_CV,easy,eu-locality-082,515,1.5527888426923429,1.6292457075972016,4.692776819870625,3.0305478831342776,3.403722230149994,3.1617325949953337
half0__wrong_tag,ADE_vs_CV,easy,eu-locality-110,2009,1.746159957302157,1.8571965321602297,5.97871969580509,3.101500209565155,3.3432289343058565,3.2841980969419593
half0__wrong_tag,ADE_vs_CV,easy,eu-locality-112,575,2.023228085902014,2.120126457156666,4.570405266514321,3.2374516672896902,3.3885506043992457,3.337428914790469
half0__wrong_tag,ADE_vs_CV,easy,eu-locality-119,1323,1.7976560222371005,1.9039962115564375,5.585105089700171,3.150553623184178,3.4022710633529285,3.27321556485438
half0__wrong_tag,ADE_vs_CV,easy,eu-locality-124,739,1.8887369855138603,2.0089308960456713,5.982978845534093,3.132432246139888,3.379495188093331,3.2764853371884692
half0__wrong_tag,ADE_vs_CV,easy,eu-locality-126,2167,1.4140570430166808,1.49949345147157,5.697684666181358,2.998952651156105,3.3221883241114494,3.17156482441628
half0__legacy,ADE_vs_floor4,all,eu-locality-007,5526,13.552003432081365,13.597338877721032,0.33341410438735286,45.72409026969978,79.06437673311149,45.83062605295613
half0__legacy,ADE_vs_floor4,all,eu-locality-074,102348,19.634090948751176,19.657865601418482,0.12094218746511176,64.49888177909502,132.73311771750846,64.54680822032834
half0__legacy,ADE_vs_floor4,all,eu-locality-082,1368,13.441892855793865,13.581405228046572,1.027230760809672,51.63995873727773,101.91283477915022,51.77887705037489
half0__legacy,ADE_vs_floor4,all,eu-locality-110,8550,30.43478041589433,30.52005384221596,0.27940129713558415,121.68449105426859,267.89394377614184,121.9052045177577
half0__legacy,ADE_vs_floor4,all,eu-locality-112,5004,24.537469761542134,24.560848030619713,0.09518510536946634,86.23583738842102,186.18759729912014,86.2710070848162
half0__legacy,ADE_vs_floor4,all,eu-locality-119,5639,28.896231705661872,28.888772287584914,-0.02582116679346047,114.3522798565831,201.6878989025234,114.45336587739244
half0__legacy,ADE_vs_floor4,all,eu-locality-124,3550,42.515242891510866,42.482914180177744,-0.0760981490017576,186.45287792257716,342.6275202233269,186.18276158812444
half0__legacy,ADE_vs_floor4,all,eu-locality-126,5790,19.77270069544324,19.74033177128303,-0.16397355695561,86.07918647650389,157.09863889864567,86.23750171087968
half0__legacy,ADE_vs_floor4,easy,eu-locality-007,1784,1.3566811571644173,1.3657812494919728,0.6662920823477747,3.10114446630758,3.398338306729431,3.086995712824733
half0__legacy,ADE_vs_floor4,easy,eu-locality-074,17176,1.9425434450970838,1.9446018133805958,0.10585037354940985,3.214698408145134,3.430129648340583,3.2169454427791315
half0__legacy,ADE_vs_floor4,easy,eu-locality-082,515,1.5529104019545663,1.5723394302052656,1.2356764625665373,3.0305478831342776,3.403722230149994,3.0305478831342776
half0__legacy,ADE_vs_floor4,easy,eu-locality-110,2009,1.746159957302157,1.753298000379922,0.4071209273163068,3.101500209565155,3.3432289343058565,3.118753115618861
half0__legacy,ADE_vs_floor4,easy,eu-locality-112,575,2.023228085902014,2.023007874901879,-0.010885325898479792,3.2374516672896902,3.3885506043992457,3.1957680905745827
half0__legacy,ADE_vs_floor4,easy,eu-locality-119,1323,1.7976560222371005,1.8068634511702983,0.5095807836078659,3.150553623184178,3.4022710633529285,3.122406318806944
half0__legacy,ADE_vs_floor4,easy,eu-locality-124,739,1.8887730390003652,1.9003883258914014,0.611205969474049,3.132432246139888,3.379495188093331,3.122035057622891
half0__legacy,ADE_vs_floor4,easy,eu-locality-126,2167,1.4140148982770753,1.4101194599088722,-0.2762488199726576,2.998952651156105,3.3221883241114494,3.0016222179609375
half0__legacy,ADE_vs_floor4,hard,eu-locality-007,1057,40.470967987430235,40.58549695728196,0.2821918627047282,80.80457610949254,114.29072331500305,80.93538095486694
half0__legacy,ADE_vs_floor4,hard,eu-locality-074,26162,51.21303001230916,51.28603980828936,0.14235803008598724,119.8390672720082,216.72576212390888,120.74606233183552
half0__legacy,ADE_vs_floor4,hard,eu-locality-082,245,47.990523492933676,48.28317912393113,0.6061233669934496,102.89538275989119,169.5400402883042,102.89538275989119
half0__legacy,ADE_vs_floor4,hard,eu-locality-110,2779,78.49882471971137,78.83414959429463,0.42535484470747065,226.34990235775072,399.24214427247335,227.93329072835834
half0__legacy,ADE_vs_floor4,hard,eu-locality-112,1522,59.27761303735688,59.314533245407475,0.06224479234767655,157.08224360877819,272.4802531432175,157.81065006811522
half0__legacy,ADE_vs_floor4,hard,eu-locality-119,1922,70.17018792466688,70.1661183370487,-0.005799932666405994,175.76992045845242,274.8091526508623,175.76992045845242
half0__legacy,ADE_vs_floor4,hard,eu-locality-124,1375,98.15969923342409,97.98671697965922,-0.17653643177042433,277.5179890841983,454.9614884293962,277.5179890841983
half0__legacy,ADE_vs_floor4,hard,eu-locality-126,1386,64.4483429386416,64.42871419022168,-0.030465839131865735,151.64093485237026,230.7748273522354,150.6407980804362
half0__legacy,ADE_vs_floor4,complete,eu-locality-007,2882,13.640864916979774,13.669834479519043,0.21192328687427153,47.83773492869996,79.58424742220402,47.726096398137734
half0__legacy,ADE_vs_floor4,complete,eu-locality-074,67309,19.407116099867107,19.422757280318844,0.08053017512393845,63.46929341692647,131.28734077286347,63.428472057168605
half0__legacy,ADE_vs_floor4,complete,eu-locality-082,582,10.276148341047705,10.462970014678445,1.7855510755421244,48.19172118275565,88.77064559267427,48.19172118275565
half0__legacy,ADE_vs_floor4,complete,eu-locality-110,5804,28.332968260768588,28.423831248415805,0.3196718515991126,118.20634225900001,271.21104889476567,118.53171704139565
half0__legacy,ADE_vs_floor4,complete,eu-locality-112,2417,20.95080793490856,20.95945064907468,0.041235404070572024,70.63131723055629,171.1830006493205,70.63131723055629
half0__legacy,ADE_vs_floor4,complete,eu-locality-119,3148,28.52018458116274,28.504393098670157,-0.05540017090670535,111.844506586388,205.2067029563877,112.70775480291367
half0__legacy,ADE_vs_floor4,complete,eu-locality-124,2077,38.47749035696579,38.48634357197489,0.023003523295339612,177.32650540365142,316.4037738037055,177.32650540365142
half0__legacy,ADE_vs_floor4,complete,eu-locality-126,3637,19.4882857124498,19.432801896634817,-0.2855162940995859,85.0633117366397,163.85887416785963,85.0633117366397
half0__legacy,ADE_vs_floor2,all,eu-locality-007,5526,13.552003432081365,13.576682020090542,0.18177186423500302,45.72409026969978,79.06437673311149,45.80191694195659
half0__legacy,ADE_vs_floor2,all,eu-locality-074,102348,19.634090948751176,19.668032309114736,0.1725712050403283,64.49888177909502,132.73311771750846,64.68527408666016
half0__legacy,ADE_vs_floor2,all,eu-locality-082,1368,13.441892855793865,13.501037535428857,0.4380750700069269,51.63995873727773,101.91283477915022,51.63995873727773
half0__legacy,ADE_vs_floor2,all,eu-locality-110,8550,30.43478041589433,30.564636878980384,0.42485851737815716,121.68449105426859,267.89394377614184,121.9052045177577
half0__legacy,ADE_vs_floor2,all,eu-locality-112,5004,24.537469761542134,24.563779570946704,0.1071081481112457,86.23583738842102,186.18759729912014,86.23583738842102
half0__legacy,ADE_vs_floor2,all,eu-locality-119,5639,28.896231705661872,28.900569932162785,0.015010868336151617,114.3522798565831,201.6878989025234,114.3522798565831
half0__legacy,ADE_vs_floor2,all,eu-locality-124,3550,42.515242891510866,42.530550043522084,0.0359909570780359,186.45287792257716,342.6275202233269,186.45287792257716
half0__legacy,ADE_vs_floor2,all,eu-locality-126,5790,19.77270069544324,19.77385810365999,0.005853224042984273,86.07918647650389,157.09863889864567,86.07918647650389
half0__legacy,ADE_vs_floor2,easy,eu-locality-007,1784,1.3566811571644173,1.3660079779937173,0.6827793819329298,3.10114446630758,3.398338306729431,3.1019652925988592
half0__legacy,ADE_vs_floor2,easy,eu-locality-074,17176,1.9425434450970838,1.9450169437466736,0.12717105923124583,3.214698408145134,3.430129648340583,3.214826546341872
half0__legacy,ADE_vs_floor2,easy,eu-locality-082,515,1.5529104019545663,1.5696189616702385,1.0644978255036186,3.0305478831342776,3.403722230149994,3.0135421032011274
half0__legacy,ADE_vs_floor2,easy,eu-locality-110,2009,1.746159957302157,1.7474897337953115,0.07609638371187666,3.101500209565155,3.3432289343058565,3.101500209565155
half0__legacy,ADE_vs_floor2,easy,eu-locality-112,575,2.023228085902014,2.0311990987121704,0.39242892610626967,3.2374516672896902,3.3885506043992457,3.2374516672896902
half0__legacy,ADE_vs_floor2,easy,eu-locality-119,1323,1.7976560222371005,1.8107688042391463,0.7241555062881488,3.150553623184178,3.4022710633529285,3.152681264809638
half0__legacy,ADE_vs_floor2,easy,eu-locality-124,739,1.8887730390003652,1.9023813139098682,0.7153284575495911,3.132432246139888,3.379495188093331,3.132432246139888
half0__legacy,ADE_vs_floor2,easy,eu-locality-126,2167,1.4140148982770753,1.4171073733924273,0.21822447426470548,2.998952651156105,3.3221883241114494,3.0002802926060923
half0__legacy,ADE_vs_floor2,hard,eu-locality-007,1057,40.470967987430235,40.543907286501636,0.17990199749614577,80.80457610949254,114.29072331500305,80.93538095486694
half0__legacy,ADE_vs_floor2,hard,eu-locality-074,26162,51.21303001230916,51.32086626006779,0.21012164372317121,119.8390672720082,216.72576212390888,120.78214816629554
half0__legacy,ADE_vs_floor2,hard,eu-locality-082,245,47.990523492933676,48.1131122270322,0.2547927756576196,102.89538275989119,169.5400402883042,102.89538275989119
half0__legacy,ADE_vs_floor2,hard,eu-locality-110,2779,78.49882471971137,78.874215256719,0.47593568542750875,226.34990235775072,399.24214427247335,227.93329072835834
half0__legacy,ADE_vs_floor2,hard,eu-locality-112,1522,59.27761303735688,59.31736216996171,0.06701095792314149,157.08224360877819,272.4802531432175,157.81065006811522
half0__legacy,ADE_vs_floor2,hard,eu-locality-119,1922,70.17018792466688,70.17018792466688,0.0,175.76992045845242,274.8091526508623,175.76992045845242
half0__legacy,ADE_vs_floor2,hard,eu-locality-124,1375,98.15969923342409,98.09085971189806,-0.0701793436495679,277.5179890841983,454.9614884293962,277.5179890841983
half0__legacy,ADE_vs_floor2,hard,eu-locality-126,1386,64.4483429386416,64.4483429386416,0.0,151.64093485237026,230.7748273522354,151.64093485237026
half0__legacy,ADE_vs_floor2,complete,eu-locality-007,2882,13.640864916979774,13.654127073369112,0.09712928785615693,47.83773492869996,79.58424742220402,47.83773492869996
half0__legacy,ADE_vs_floor2,complete,eu-locality-074,67309,19.407116099867107,19.436331095212253,0.15031126606164236,63.46929341692647,131.28734077286347,63.56883885352584
half0__legacy,ADE_vs_floor2,complete,eu-locality-082,582,10.276148341047705,10.340350672391235,0.6208912383885656,48.19172118275565,88.77064559267427,48.19172118275565
half0__legacy,ADE_vs_floor2,complete,eu-locality-110,5804,28.332968260768588,28.491580431505103,0.5566983941723613,118.20634225900001,271.21104889476567,118.53171704139565
half0__legacy,ADE_vs_floor2,complete,eu-locality-112,2417,20.95080793490856,20.972148445078975,0.1017564329486853,70.63131723055629,171.1830006493205,70.63131723055629
half0__legacy,ADE_vs_floor2,complete,eu-locality-119,3148,28.52018458116274,28.525606422793256,0.019006928547471436,111.844506586388,205.2067029563877,111.844506586388
half0__legacy,ADE_vs_floor2,complete,eu-locality-124,2077,38.47749035696579,38.5405764978876,0.16368759020838342,177.32650540365142,316.4037738037055,177.32650540365142
half0__legacy,ADE_vs_floor2,complete,eu-locality-126,3637,19.4882857124498,19.489256440603985,0.004980837299473073,85.0633117366397,163.85887416785963,85.0633117366397
half0__legacy,ADE_vs_old_stop4,all,eu-locality-007,5526,13.552003432081365,13.584032419946364,0.23578409469907635,45.72409026969978,79.06437673311149,45.83062605295613
half0__legacy,ADE_vs_old_stop4,all,eu-locality-074,102348,19.634090948751176,19.623430553535446,-0.05432482962979268,64.49888177909502,132.73311771750846,64.40997743111183
half0__legacy,ADE_vs_old_stop4,all,eu-locality-082,1368,13.441892855793865,13.51861247795119,0.5675110687761387,51.63995873727773,101.91283477915022,51.77887705037489
half0__legacy,ADE_vs_old_stop4,all,eu-locality-110,8550,30.43478041589433,30.41456546069233,-0.06646471812370436,121.68449105426859,267.89394377614184,121.68449105426859
half0__legacy,ADE_vs_old_stop4,all,eu-locality-112,5004,24.537469761542134,24.534630173372427,-0.011573796505759404,86.23583738842102,186.18759729912014,86.2710070848162
half0__legacy,ADE_vs_old_stop4,all,eu-locality-119,5639,28.896231705661872,28.88438548198875,-0.04101255219886024,114.3522798565831,201.6878989025234,114.45336587739244
half0__legacy,ADE_vs_old_stop4,all,eu-locality-124,3550,42.515242891510866,42.43953851271538,-0.17838172008586284,186.45287792257716,342.6275202233269,186.18276158812444
half0__legacy,ADE_vs_old_stop4,all,eu-locality-126,5790,19.77270069544324,19.73917869384262,-0.16982470304640618,86.07918647650389,157.09863889864567,86.23750171087968
half0__legacy,ADE_vs_old_stop4,easy,eu-locality-007,1784,1.3566811571644173,1.3562042475541254,-0.03516502850893222,3.10114446630758,3.398338306729431,3.079078328966901
half0__legacy,ADE_vs_old_stop4,easy,eu-locality-074,17176,1.9425434450970838,1.9423074230289294,-0.012151632916390653,3.214698408145134,3.430129648340583,3.2169454427791315
half0__legacy,ADE_vs_old_stop4,easy,eu-locality-082,515,1.5529104019545663,1.5553599263333115,0.15748923045226793,3.0305478831342776,3.403722230149994,3.0440363695343216
half0__legacy,ADE_vs_old_stop4,easy,eu-locality-110,2009,1.746159957302157,1.7516838900572815,0.31534986343592086,3.101500209565155,3.3432289343058565,3.118753115618861
half0__legacy,ADE_vs_old_stop4,easy,eu-locality-112,575,2.023228085902014,2.0150321730678353,-0.4067385594990647,3.2374516672896902,3.3885506043992457,3.1957680905745827
half0__legacy,ADE_vs_old_stop4,easy,eu-locality-119,1323,1.7976560222371005,1.7935374539845235,-0.22963380237346342,3.150553623184178,3.4022710633529285,3.1200103935491423
half0__legacy,ADE_vs_old_stop4,easy,eu-locality-124,739,1.8887730390003652,1.8867831970174282,-0.105462142448709,3.132432246139888,3.379495188093331,3.122035057622891
half0__legacy,ADE_vs_old_stop4,easy,eu-locality-126,2167,1.4140148982770753,1.4069584466372904,-0.5015394489190639,2.998952651156105,3.3221883241114494,3.0002802926060923
half0__legacy,ADE_vs_old_stop4,hard,eu-locality-007,1057,40.470967987430235,40.57700735068157,0.2613286936981374,80.80457610949254,114.29072331500305,80.93538095486694
half0__legacy,ADE_vs_old_stop4,hard,eu-locality-074,26162,51.21303001230916,51.17777460131544,-0.06888812823215851,119.8390672720082,216.72576212390888,119.9690594176946
half0__legacy,ADE_vs_old_stop4,hard,eu-locality-082,245,47.990523492933676,48.15691159428865,0.34551240070533895,102.89538275989119,169.5400402883042,102.89538275989119
half0__legacy,ADE_vs_old_stop4,hard,eu-locality-110,2779,78.49882471971137,78.53453219484568,0.0454672284107116,226.34990235775072,399.24214427247335,226.6381696005302
half0__legacy,ADE_vs_old_stop4,hard,eu-locality-112,1522,59.27761303735688,59.27973066057916,0.003572255134576263,157.08224360877819,272.4802531432175,157.08224360877819
half0__legacy,ADE_vs_old_stop4,hard,eu-locality-119,1922,70.17018792466688,70.1661183370487,-0.005799932666405994,175.76992045845242,274.8091526508623,175.76992045845242
half0__legacy,ADE_vs_old_stop4,hard,eu-locality-124,1375,98.15969923342409,97.98671697965922,-0.17653643177042433,277.5179890841983,454.9614884293962,277.5179890841983
half0__legacy,ADE_vs_old_stop4,hard,eu-locality-126,1386,64.4483429386416,64.42871419022168,-0.030465839131865735,151.64093485237026,230.7748273522354,150.6407980804362
half0__legacy,ADE_vs_old_stop4,complete,eu-locality-007,2882,13.640864916979774,13.658575503511212,0.12966642478116075,47.83773492869996,79.58424742220402,47.726096398137734
half0__legacy,ADE_vs_old_stop4,complete,eu-locality-074,67309,19.407116099867107,19.393552973210205,-0.06993626529205876,63.46929341692647,131.28734077286347,63.364852155965394
half0__legacy,ADE_vs_old_stop4,complete,eu-locality-082,582,10.276148341047705,10.396095773005978,1.1537738260330666,48.19172118275565,88.77064559267427,48.19172118275565
half0__legacy,ADE_vs_old_stop4,complete,eu-locality-110,5804,28.332968260768588,28.31366637361713,-0.06817162742809302,118.20634225900001,271.21104889476567,118.20634225900001
half0__legacy,ADE_vs_old_stop4,complete,eu-locality-112,2417,20.95080793490856,20.935423559789925,-0.07348490024430276,70.63131723055629,171.1830006493205,70.63131723055629
half0__legacy,ADE_vs_old_stop4,complete,eu-locality-119,3148,28.52018458116274,28.498903280269133,-0.07467410476929004,111.844506586388,205.2067029563877,112.70775480291367
half0__legacy,ADE_vs_old_stop4,complete,eu-locality-124,2077,38.47749035696579,38.420882540298,-0.14733606550658696,177.32650540365142,316.4037738037055,177.32650540365142
half0__legacy,ADE_vs_old_stop4,complete,eu-locality-126,3637,19.4882857124498,19.431799888008687,-0.2906875573372547,85.0633117366397,163.85887416785963,85.0633117366397
half0__legacy,FDE_vs_floor4,endpoint,eu-locality-007,3935,29.828404568728967,29.957687238598282,0.43155090324443757,102.45776178280984,178.8430245622791,102.630383216675
half0__legacy,FDE_vs_floor4,endpoint,eu-locality-074,81289,41.39617390153733,41.42243294389996,0.0633932883618793,139.99102992723962,285.77755031045575,140.26005921066073
half0__legacy,FDE_vs_floor4,endpoint,eu-locality-082,859,25.07833219402201,25.525691905389426,1.7525860338107435,113.0556753805091,234.31504208196256,114.66976098816347
half0__legacy,FDE_vs_floor4,endpoint,eu-locality-110,7204,58.177091073095326,58.25961678107265,0.14165164918169548,251.77304034955634,584.7464834418972,251.77304034955634
half0__legacy,FDE_vs_floor4,endpoint,eu-locality-112,3719,48.53674511640008,48.55464835543294,0.036872348249350484,180.1956545671106,421.92552065383416,180.28741648050087
half0__legacy,FDE_vs_floor4,endpoint,eu-locality-119,4147,65.57290150392424,65.53419395866976,-0.059064654520502025,270.5290560144782,484.5542592170748,270.5290560144782
half0__legacy,FDE_vs_floor4,endpoint,eu-locality-124,2645,84.0494564716049,83.97301208164912,-0.09103447412539545,381.9827743206876,749.8979417287693,381.17412435677943
half0__legacy,FDE_vs_floor4,endpoint,eu-locality-126,4579,40.539200087946966,40.415302863289966,-0.30656017864347795,185.4304850294719,367.4904107537943,185.86716972851187
half0__legacy,ADE_vs_CV,easy,eu-locality-007,1784,1.3566811571644173,1.4116372489032123,3.8930746395006044,3.10114446630758,3.398338306729431,3.1829165280653378
half0__legacy,ADE_vs_CV,easy,eu-locality-074,17176,1.9425434450970838,2.0345987086931556,4.524492382834544,3.214698408145134,3.430129648340583,3.3227202724286355
half0__legacy,ADE_vs_CV,easy,eu-locality-082,515,1.5529104019545663,1.6292457075972016,4.6853157437630415,3.0305478831342776,3.403722230149994,3.1617325949953337
half0__legacy,ADE_vs_CV,easy,eu-locality-110,2009,1.746159957302157,1.8571965321602297,5.97871969580509,3.101500209565155,3.3432289343058565,3.2841980969419593
half0__legacy,ADE_vs_CV,easy,eu-locality-112,575,2.023228085902014,2.120126457156666,4.570405266514321,3.2374516672896902,3.3885506043992457,3.337428914790469
half0__legacy,ADE_vs_CV,easy,eu-locality-119,1323,1.7976560222371005,1.9039962115564375,5.585105089700171,3.150553623184178,3.4022710633529285,3.27321556485438
half0__legacy,ADE_vs_CV,easy,eu-locality-124,739,1.8887730390003652,2.0089308960456713,5.981184185171418,3.132432246139888,3.379495188093331,3.2764853371884692
half0__legacy,ADE_vs_CV,easy,eu-locality-126,2167,1.4140148982770753,1.49949345147157,5.7004952646247276,2.998952651156105,3.3221883241114494,3.17156482441628
half1__global,ADE_vs_floor4,all,eu-locality-007,5526,13.533507079059412,13.597338877721032,0.4694433170758683,45.62640298792269,78.17184960102423,45.83062605295613
half1__global,ADE_vs_floor4,all,eu-locality-074,102348,19.522861174127616,19.657865601418482,0.6867705275242275,64.14630763554399,132.1734057535986,64.54680822032834
half1__global,ADE_vs_floor4,all,eu-locality-082,1368,13.536490266234372,13.581405228046572,0.3307092385362864,52.10345078725223,101.91283477915022,51.77887705037489
half1__global,ADE_vs_floor4,all,eu-locality-110,8550,30.31400131646516,30.52005384221596,0.6751381462695383,121.68449105426859,268.6559350038277,121.9052045177577
half1__global,ADE_vs_floor4,all,eu-locality-112,5004,24.390200797618224,24.560848030619713,0.6947937334604415,86.06597233975334,186.18759729912014,86.2710070848162
half1__global,ADE_vs_floor4,all,eu-locality-119,5639,28.80221313560686,28.888772287584914,0.29962904313263206,114.31522229375783,202.09300779548482,114.45336587739244
half1__global,ADE_vs_floor4,all,eu-locality-124,3550,42.21815295965562,42.482914180177744,0.6232181234065659,183.67230434997865,340.9957658122714,186.18276158812444
half1__global,ADE_vs_floor4,all,eu-locality-126,5790,19.60889753686379,19.74033177128303,0.6658157316810853,86.23750171087968,154.13705580720486,86.23750171087968
half1__global,ADE_vs_floor4,easy,eu-locality-007,1784,1.3689034747504372,1.3657812494919728,-0.22860361127565731,3.069704794506349,3.401787686989038,3.086995712824733
half1__global,ADE_vs_floor4,easy,eu-locality-074,17176,1.9571693748969965,1.9446018133805958,-0.6462794300573282,3.2418352099349277,3.432787037185278,3.2169454427791315
half1__global,ADE_vs_floor4,easy,eu-locality-082,515,1.5612282555537118,1.5723394302052656,0.7066651410060465,3.014218855082224,3.339076289914666,3.0305478831342776
half1__global,ADE_vs_floor4,easy,eu-locality-110,2009,1.7630091113503832,1.753298000379922,-0.5538768063590549,3.121311455129627,3.3854543327832065,3.118753115618861
half1__global,ADE_vs_floor4,easy,eu-locality-112,575,2.0206638035688593,2.023007874901879,0.11587059853306325,3.1981735274415564,3.413810798068061,3.1957680905745827
half1__global,ADE_vs_floor4,easy,eu-locality-119,1323,1.8056346781351233,1.8068634511702983,0.06800586034207967,3.1224755731258544,3.3808780005559402,3.122406318806944
half1__global,ADE_vs_floor4,easy,eu-locality-124,739,1.902410351640764,1.9003883258914014,-0.1064006614760693,3.117399391382583,3.36193430807761,3.122035057622891
half1__global,ADE_vs_floor4,easy,eu-locality-126,2167,1.4060317506506042,1.4101194599088722,0.2898838981012508,2.965433418794741,3.2901768414760015,3.0016222179609375
half1__global,ADE_vs_floor4,hard,eu-locality-007,1057,40.28265235211683,40.58549695728196,0.7461892248945223,80.55862777744943,114.29072331500305,80.93538095486694
half1__global,ADE_vs_floor4,hard,eu-locality-074,26162,50.899250358180716,51.28603980828936,0.7541807703509318,119.18781376331333,216.59059593273122,120.74606233183552
half1__global,ADE_vs_floor4,hard,eu-locality-082,245,48.194745223083984,48.28317912393113,0.18315674827491524,102.89538275989119,169.5400402883042,102.89538275989119
half1__global,ADE_vs_floor4,hard,eu-locality-110,2779,78.35275825353165,78.83414959429463,0.6106380841810033,227.4742146023239,402.4445759409711,227.93329072835834
half1__global,ADE_vs_floor4,hard,eu-locality-112,1522,59.089333732633435,59.314533245407475,0.37967004113865777,157.08224360877819,272.4802531432175,157.81065006811522
half1__global,ADE_vs_floor4,hard,eu-locality-119,1922,69.98267921907352,70.1661183370487,0.26143546532533257,175.13955377005513,274.8091526508623,175.76992045845242
half1__global,ADE_vs_floor4,hard,eu-locality-124,1375,97.38072216704852,97.98671697965922,0.6184458784719737,276.08041591843744,453.7591506726,277.5179890841983
half1__global,ADE_vs_floor4,hard,eu-locality-126,1386,64.09861375588217,64.42871419022168,0.5123498714640129,149.9775567329404,231.2736903008077,150.6407980804362
half1__global,ADE_vs_floor4,complete,eu-locality-007,2882,13.588884609702408,13.669834479519043,0.5921788587705201,47.3816250878465,78.4052790176433,47.726096398137734
half1__global,ADE_vs_floor4,complete,eu-locality-074,67309,19.261620786964606,19.422757280318844,0.8296272822063133,62.89827679485876,130.54632572394272,63.428472057168605
half1__global,ADE_vs_floor4,complete,eu-locality-082,582,10.404499027056572,10.462970014678445,0.5588373811627578,48.02343140325714,88.77064559267427,48.19172118275565
half1__global,ADE_vs_floor4,complete,eu-locality-110,5804,28.219411132028558,28.423831248415805,0.7191856530552654,118.20634225900001,272.8161773812056,118.53171704139565
half1__global,ADE_vs_floor4,complete,eu-locality-112,2417,20.746592134793296,20.95945064907468,1.0155729644125033,70.36543332544309,171.1830006493205,70.63131723055629
half1__global,ADE_vs_floor4,complete,eu-locality-119,3148,28.397404713424677,28.504393098670157,0.37533998662988566,113.32172963468405,205.2067029563877,112.70775480291367
half1__global,ADE_vs_floor4,complete,eu-locality-124,2077,38.18727239976742,38.48634357197489,0.7770838808008995,175.54008186626947,316.4037738037055,177.32650540365142
half1__global,ADE_vs_floor4,complete,eu-locality-126,3637,19.262836407255538,19.432801896634817,0.8746319253566393,85.0633117366397,159.9228740798661,85.0633117366397
half1__global,ADE_vs_floor2,all,eu-locality-007,5526,13.533507079059412,13.539013413646849,0.040670131709064083,45.62640298792269,78.17184960102423,45.62640298792269
half1__global,ADE_vs_floor2,all,eu-locality-074,102348,19.522861174127616,19.53504669369477,0.06237773453128259,64.14630763554399,132.1734057535986,64.15301596969242
half1__global,ADE_vs_floor2,all,eu-locality-082,1368,13.536490266234372,13.542723288195246,0.04602487866164351,52.10345078725223,101.91283477915022,52.10345078725223
half1__global,ADE_vs_floor2,all,eu-locality-110,8550,30.31400131646516,30.34904320452461,0.11546290874245857,121.68449105426859,268.6559350038277,121.68449105426859
half1__global,ADE_vs_floor2,all,eu-locality-112,5004,24.390200797618224,24.39637804064252,0.025320328345490584,86.06597233975334,186.18759729912014,86.06597233975334
half1__global,ADE_vs_floor2,all,eu-locality-119,5639,28.80221313560686,28.803291119493803,0.0037425719251027445,114.31522229375783,202.09300779548482,114.31522229375783
half1__global,ADE_vs_floor2,all,eu-locality-124,3550,42.21815295965562,42.22066279170483,0.005944558619541684,183.67230434997865,340.9957658122714,183.67230434997865
half1__global,ADE_vs_floor2,all,eu-locality-126,5790,19.60889753686379,19.60887315075613,-0.0001243626162272804,86.23750171087968,154.13705580720486,86.23750171087968
half1__global,ADE_vs_floor2,easy,eu-locality-007,1784,1.3689034747504372,1.3737725458350083,0.35443065879668945,3.069704794506349,3.401787686989038,3.079078328966901
half1__global,ADE_vs_floor2,easy,eu-locality-074,17176,1.9571693748969965,1.9656978092898023,0.43386294437023354,3.2418352099349277,3.432787037185278,3.2499868886872467
half1__global,ADE_vs_floor2,easy,eu-locality-082,515,1.5612282555537118,1.5645717570743223,0.2137007462580498,3.014218855082224,3.339076289914666,3.014218855082224
half1__global,ADE_vs_floor2,easy,eu-locality-110,2009,1.7630091113503832,1.7648960011603116,0.10691223781389425,3.121311455129627,3.3854543327832065,3.121311455129627
half1__global,ADE_vs_floor2,easy,eu-locality-112,575,2.0206638035688593,2.0208804842221944,0.010722091436221604,3.1981735274415564,3.413810798068061,3.1981735274415564
half1__global,ADE_vs_floor2,easy,eu-locality-119,1323,1.8056346781351233,1.8085511822267584,0.16126190512585348,3.1224755731258544,3.3808780005559402,3.1269109954831653
half1__global,ADE_vs_floor2,easy,eu-locality-124,739,1.902410351640764,1.9058005523480506,0.17788853629565615,3.117399391382583,3.36193430807761,3.1200034345095826
half1__global,ADE_vs_floor2,easy,eu-locality-126,2167,1.4060317506506042,1.405970215623872,-0.00437669490067627,2.965433418794741,3.2901768414760015,2.965433418794741
half1__global,ADE_vs_floor2,hard,eu-locality-007,1057,40.28265235211683,40.29244713909945,0.02430923827686504,80.55862777744943,114.29072331500305,80.55862777744943
half1__global,ADE_vs_floor2,hard,eu-locality-074,26162,50.899250358180716,50.934881425286534,0.06995415736479327,119.18781376331333,216.59059593273122,119.53256095752614
half1__global,ADE_vs_floor2,hard,eu-locality-082,245,48.194745223083984,48.21245416073212,0.03673104378610903,102.89538275989119,169.5400402883042,102.89538275989119
half1__global,ADE_vs_floor2,hard,eu-locality-110,2779,78.35275825353165,78.45524797504812,0.13063462822662242,227.4742146023239,402.4445759409711,227.93329072835834
half1__global,ADE_vs_floor2,hard,eu-locality-112,1522,59.089333732633435,59.10648470560102,0.029017074950421495,157.08224360877819,272.4802531432175,157.81065006811522
half1__global,ADE_vs_floor2,hard,eu-locality-119,1922,69.98267921907352,69.98240763232128,-0.00038807860636147495,175.13955377005513,274.8091526508623,175.13955377005513
half1__global,ADE_vs_floor2,hard,eu-locality-124,1375,97.38072216704852,97.38049080086161,-0.00023758987555133615,276.08041591843744,453.7591506726,276.08041591843744
half1__global,ADE_vs_floor2,hard,eu-locality-126,1386,64.09861375588217,64.09852434202415,-0.00013949440949012626,149.9775567329404,231.2736903008077,149.9775567329404
half1__global,ADE_vs_floor2,complete,eu-locality-007,2882,13.588884609702408,13.594082876538739,0.038239187472532965,47.3816250878465,78.4052790176433,47.3816250878465
half1__global,ADE_vs_floor2,complete,eu-locality-074,67309,19.261620786964606,19.271766732603183,0.05264668143483142,62.89827679485876,130.54632572394272,62.90543827997568
half1__global,ADE_vs_floor2,complete,eu-locality-082,582,10.404499027056572,10.414446467691457,0.09551578824419371,48.02343140325714,88.77064559267427,48.02343140325714
half1__global,ADE_vs_floor2,complete,eu-locality-110,5804,28.219411132028558,28.222281967673837,0.010172230752170108,118.20634225900001,272.8161773812056,118.20634225900001
half1__global,ADE_vs_floor2,complete,eu-locality-112,2417,20.746592134793296,20.747649174474905,0.005094744338118851,70.36543332544309,171.1830006493205,70.36543332544309
half1__global,ADE_vs_floor2,complete,eu-locality-119,3148,28.397404713424677,28.398778566009064,0.0048377171616431625,113.32172963468405,205.2067029563877,113.32172963468405
half1__global,ADE_vs_floor2,complete,eu-locality-124,2077,38.18727239976742,38.19096902792557,0.00967932538041838,175.54008186626947,316.4037738037055,175.54008186626947
half1__global,ADE_vs_floor2,complete,eu-locality-126,3637,19.262836407255538,19.263033120415404,0.0010211951494643046,85.0633117366397,159.9228740798661,85.0633117366397
half1__global,ADE_vs_old_stop4,all,eu-locality-007,5526,13.533507079059412,13.584032419946364,0.37194655699409607,45.62640298792269,78.17184960102423,45.83062605295613
half1__global,ADE_vs_old_stop4,all,eu-locality-074,102348,19.522861174127616,19.623430553535446,0.5124964217314676,64.14630763554399,132.1734057535986,64.40997743111183
half1__global,ADE_vs_old_stop4,all,eu-locality-082,1368,13.536490266234372,13.51861247795119,-0.13224573388976868,52.10345078725223,101.91283477915022,51.77887705037489
half1__global,ADE_vs_old_stop4,all,eu-locality-110,8550,30.31400131646516,30.41456546069233,0.3306446852155087,121.68449105426859,268.6559350038277,121.68449105426859
half1__global,ADE_vs_old_stop4,all,eu-locality-112,5004,24.390200797618224,24.534630173372427,0.5886755770663887,86.06597233975334,186.18759729912014,86.2710070848162
half1__global,ADE_vs_old_stop4,all,eu-locality-119,5639,28.80221313560686,28.88438548198875,0.2844870853601189,114.31522229375783,202.09300779548482,114.45336587739244
half1__global,ADE_vs_old_stop4,all,eu-locality-124,3550,42.21815295965562,42.43953851271538,0.5216492940738116,183.67230434997865,340.9957658122714,186.18276158812444
half1__global,ADE_vs_old_stop4,all,eu-locality-126,5790,19.60889753686379,19.73917869384262,0.6600130582913866,86.23750171087968,154.13705580720486,86.23750171087968
half1__global,ADE_vs_old_stop4,easy,eu-locality-007,1784,1.3689034747504372,1.3562042475541254,-0.9363801373734493,3.069704794506349,3.401787686989038,3.079078328966901
half1__global,ADE_vs_old_stop4,easy,eu-locality-074,17176,1.9571693748969965,1.9423074230289294,-0.7651699052300787,3.2418352099349277,3.432787037185278,3.2169454427791315
half1__global,ADE_vs_old_stop4,easy,eu-locality-082,515,1.5612282555537118,1.5553599263333115,-0.37729718511101407,3.014218855082224,3.339076289914666,3.0440363695343216
half1__global,ADE_vs_old_stop4,easy,eu-locality-110,2009,1.7630091113503832,1.7516838900572815,-0.6465333932329065,3.121311455129627,3.3854543327832065,3.118753115618861
half1__global,ADE_vs_old_stop4,easy,eu-locality-112,575,2.0206638035688593,2.0150321730678353,-0.2794809222549599,3.1981735274415564,3.413810798068061,3.1957680905745827
half1__global,ADE_vs_old_stop4,easy,eu-locality-119,1323,1.8056346781351233,1.7935374539845235,-0.6744896307420145,3.1224755731258544,3.3808780005559402,3.1200103935491423
half1__global,ADE_vs_old_stop4,easy,eu-locality-124,739,1.902410351640764,1.8867831970174282,-0.828243258050998,3.117399391382583,3.36193430807761,3.122035057622891
half1__global,ADE_vs_old_stop4,easy,eu-locality-126,2167,1.4060317506506042,1.4069584466372904,0.06586519942369806,2.965433418794741,3.2901768414760015,3.0002802926060923
half1__global,ADE_vs_old_stop4,hard,eu-locality-007,1057,40.28265235211683,40.57700735068157,0.7254231343894246,80.55862777744943,114.29072331500305,80.93538095486694
half1__global,ADE_vs_old_stop4,hard,eu-locality-074,26162,50.899250358180716,51.17777460131544,0.5442289065995531,119.18781376331333,216.59059593273122,119.9690594176946
half1__global,ADE_vs_old_stop4,hard,eu-locality-082,245,48.194745223083984,48.15691159428865,-0.07856323743116178,102.89538275989119,169.5400402883042,102.89538275989119
half1__global,ADE_vs_old_stop4,hard,eu-locality-110,2779,78.35275825353165,78.53453219484568,0.23145734269232054,227.4742146023239,402.4445759409711,226.6381696005302
half1__global,ADE_vs_old_stop4,hard,eu-locality-112,1522,59.089333732633435,59.27973066057916,0.32118386137057753,157.08224360877819,272.4802531432175,157.08224360877819
half1__global,ADE_vs_old_stop4,hard,eu-locality-119,1922,69.98267921907352,70.1661183370487,0.26143546532533257,175.13955377005513,274.8091526508623,175.76992045845242
half1__global,ADE_vs_old_stop4,hard,eu-locality-124,1375,97.38072216704852,97.98671697965922,0.6184458784719737,276.08041591843744,453.7591506726,277.5179890841983
half1__global,ADE_vs_old_stop4,hard,eu-locality-126,1386,64.09861375588217,64.42871419022168,0.5123498714640129,149.9775567329404,231.2736903008077,150.6407980804362
half1__global,ADE_vs_old_stop4,complete,eu-locality-007,2882,13.588884609702408,13.658575503511212,0.5102354472535486,47.3816250878465,78.4052790176433,47.726096398137734
half1__global,ADE_vs_old_stop4,complete,eu-locality-074,67309,19.261620786964606,19.393552973210205,0.6802888899617665,62.89827679485876,130.54632572394272,63.364852155965394
half1__global,ADE_vs_old_stop4,complete,eu-locality-082,582,10.404499027056572,10.396095773005978,-0.08083086414434337,48.02343140325714,88.77064559267427,48.19172118275565
half1__global,ADE_vs_old_stop4,complete,eu-locality-110,5804,28.219411132028558,28.31366637361713,0.3328966314175452,118.20634225900001,272.8161773812056,118.20634225900001
half1__global,ADE_vs_old_stop4,complete,eu-locality-112,2417,20.746592134793296,20.935423559789925,0.90197088421613,70.36543332544309,171.1830006493205,70.63131723055629
half1__global,ADE_vs_old_stop4,complete,eu-locality-119,3148,28.397404713424677,28.498903280269133,0.35614902737231,113.32172963468405,205.2067029563877,112.70775480291367
half1__global,ADE_vs_old_stop4,complete,eu-locality-124,2077,38.18727239976742,38.420882540298,0.6080290849268088,175.54008186626947,316.4037738037055,177.32650540365142
half1__global,ADE_vs_old_stop4,complete,eu-locality-126,3637,19.262836407255538,19.431799888008687,0.8695204856314698,85.0633117366397,159.9228740798661,85.0633117366397
half1__global,FDE_vs_floor4,endpoint,eu-locality-007,3935,29.6935942985318,29.957687238598282,0.8815531651796493,101.85154087095664,178.8430245622791,102.630383216675
half1__global,FDE_vs_floor4,endpoint,eu-locality-074,81289,40.971790012265146,41.42243294389996,1.0879199979516918,138.87528385089772,283.99940693802614,140.26005921066073
half1__global,FDE_vs_floor4,endpoint,eu-locality-082,859,25.415531723015977,25.525691905389426,0.4315659014523687,114.66976098816347,234.31504208196256,114.66976098816347
half1__global,FDE_vs_floor4,endpoint,eu-locality-110,7204,57.722888323451606,58.25961678107265,0.9212701477902874,251.77304034955634,584.930399969669,251.77304034955634
half1__global,FDE_vs_floor4,endpoint,eu-locality-112,3719,48.00373321782616,48.55464835543294,1.1346290340194298,177.43862924757724,421.63704764077704,180.28741648050087
half1__global,FDE_vs_floor4,endpoint,eu-locality-119,4147,65.16601537206867,65.53419395866976,0.5618114214287706,269.30334667392214,484.5542592170748,270.5290560144782
half1__global,FDE_vs_floor4,endpoint,eu-locality-124,2645,83.03092983008536,83.97301208164912,1.12188693511166,379.2183705697583,739.9819351069635,381.17412435677943
half1__global,FDE_vs_floor4,endpoint,eu-locality-126,4579,40.00460332394982,40.415302863289966,1.0161980988473318,185.66482730232167,364.90265146493834,185.86716972851187
half1__global,ADE_vs_CV,easy,eu-locality-007,1784,1.3689034747504372,1.4116372489032123,3.0272489753283005,3.069704794506349,3.401787686989038,3.1829165280653378
half1__global,ADE_vs_CV,easy,eu-locality-074,17176,1.9571693748969965,2.0345987086931556,3.805631718202196,3.2418352099349277,3.432787037185278,3.3227202724286355
half1__global,ADE_vs_CV,easy,eu-locality-082,515,1.5612282555537118,1.6292457075972016,4.174781724225096,3.014218855082224,3.339076289914666,3.1617325949953337
half1__global,ADE_vs_CV,easy,eu-locality-110,2009,1.7630091113503832,1.8571965321602297,5.071483775618024,3.121311455129627,3.3854543327832065,3.2841980969419593
half1__global,ADE_vs_CV,easy,eu-locality-112,575,2.0206638035688593,2.120126457156666,4.691354765752864,3.1981735274415564,3.413810798068061,3.337428914790469
half1__global,ADE_vs_CV,easy,eu-locality-119,1323,1.8056346781351233,1.9039962115564375,5.166057202440955,3.1224755731258544,3.3808780005559402,3.27321556485438
half1__global,ADE_vs_CV,easy,eu-locality-124,739,1.902410351640764,2.0089308960456713,5.30234985257978,3.117399391382583,3.36193430807761,3.2764853371884692
half1__global,ADE_vs_CV,easy,eu-locality-126,2167,1.4060317506506042,1.49949345147157,6.232884893844959,2.965433418794741,3.2901768414760015,3.17156482441628
half1__producer,ADE_vs_floor4,all,eu-locality-007,5526,13.532654290213795,13.597338877721032,0.47571505048845664,45.62640298792269,78.17184960102423,45.83062605295613
half1__producer,ADE_vs_floor4,all,eu-locality-074,102348,19.522255945115415,19.657865601418482,0.6898493409848272,64.1390364879488,132.1734057535986,64.54680822032834
half1__producer,ADE_vs_floor4,all,eu-locality-082,1368,13.53688896662493,13.581405228046572,0.3277736042343604,52.10345078725223,101.91283477915022,51.77887705037489
half1__producer,ADE_vs_floor4,all,eu-locality-110,8550,30.313807149841498,30.52005384221596,0.6757743398511984,121.68449105426859,268.6559350038277,121.9052045177577
half1__producer,ADE_vs_floor4,all,eu-locality-112,5004,24.390037431662577,24.560848030619713,0.6954588813227747,86.06597233975334,186.18759729912014,86.2710070848162
half1__producer,ADE_vs_floor4,all,eu-locality-119,5639,28.80211213118691,28.888772287584914,0.29997867522825183,114.31522229375783,202.09300779548482,114.45336587739244
half1__producer,ADE_vs_floor4,all,eu-locality-124,3550,42.21786640760956,42.482914180177744,0.6238926346814777,183.67230434997865,340.9957658122714,186.18276158812444
half1__producer,ADE_vs_floor4,all,eu-locality-126,5790,19.60894619846042,19.74033177128303,0.6655692231765986,86.23750171087968,154.13705580720486,86.23750171087968
half1__producer,ADE_vs_floor4,easy,eu-locality-007,1784,1.3698111944186677,1.3657812494919728,-0.29506518179203134,3.070433339846439,3.401428576523034,3.086995712824733
half1__producer,ADE_vs_floor4,easy,eu-locality-074,17176,1.9567972780097957,1.9446018133805958,-0.6271445673496912,3.2409540489533377,3.432464024713023,3.2169454427791315
half1__producer,ADE_vs_floor4,easy,eu-locality-082,515,1.5626240978854504,1.5723394302052656,0.6178902680413545,3.014218855082224,3.339076289914666,3.0305478831342776
half1__producer,ADE_vs_floor4,easy,eu-locality-110,2009,1.7626135153022886,1.753298000379922,-0.531313839424219,3.118753115618861,3.366333694421528,3.118753115618861
half1__producer,ADE_vs_floor4,easy,eu-locality-112,575,2.020455363683813,2.023007874901879,0.12617406238174533,3.1981735274415564,3.413810798068061,3.1957680905745827
half1__producer,ADE_vs_floor4,easy,eu-locality-119,1323,1.8052214567346245,1.8068634511702983,0.09087540259947735,3.1204049684242965,3.3808780005559402,3.122406318806944
half1__producer,ADE_vs_floor4,easy,eu-locality-124,739,1.9017229951406445,1.9003883258914014,-0.07023139592361449,3.117399391382583,3.3516968390568556,3.122035057622891
half1__producer,ADE_vs_floor4,easy,eu-locality-126,2167,1.4061488110503422,1.4101194599088722,0.28158244541824917,2.965433418794741,3.2901768414760015,3.0016222179609375
half1__producer,ADE_vs_floor4,hard,eu-locality-007,1057,40.276575715922895,40.58549695728196,0.7611616575354918,80.55862777744943,114.29072331500305,80.93538095486694
half1__producer,ADE_vs_floor4,hard,eu-locality-074,26162,50.898549342449776,51.28603980828936,0.7555476447158926,119.18781376331333,216.59059593273122,120.74606233183552
half1__producer,ADE_vs_floor4,hard,eu-locality-082,245,48.194745223083984,48.28317912393113,0.18315674827491524,102.89538275989119,169.5400402883042,102.89538275989119
half1__producer,ADE_vs_floor4,hard,eu-locality-110,2779,78.35283855733505,78.83414959429463,0.6105362199460007,227.4742146023239,402.4445759409711,227.93329072835834
half1__producer,ADE_vs_floor4,hard,eu-locality-112,1522,59.089081179880026,59.314533245407475,0.38009582675913034,157.08224360877819,272.4802531432175,157.81065006811522
half1__producer,ADE_vs_floor4,hard,eu-locality-119,1922,69.98262655936989,70.1661183370487,0.2615105153706665,175.13955377005513,274.8091526508623,175.76992045845242
half1__producer,ADE_vs_floor4,hard,eu-locality-124,1375,97.38098398125739,97.98671697965922,0.6181786849002946,276.08041591843744,453.7591506726,277.5179890841983
half1__producer,ADE_vs_floor4,hard,eu-locality-126,1386,64.09861678559908,64.42871419022168,0.5123451690313363,149.9775567329404,231.2736903008077,150.6407980804362
half1__producer,ADE_vs_floor4,complete,eu-locality-007,2882,13.589304300705498,13.669834479519043,0.5891086606366724,47.3816250878465,78.4052790176433,47.726096398137734
half1__producer,ADE_vs_floor4,complete,eu-locality-074,67309,19.260844248825233,19.422757280318844,0.8336253661455073,62.89025716608677,130.54632572394272,63.428472057168605
half1__producer,ADE_vs_floor4,complete,eu-locality-082,582,10.405438340742688,10.462970014678445,0.5498598758769901,48.02343140325714,88.77064559267427,48.19172118275565
half1__producer,ADE_vs_floor4,complete,eu-locality-110,5804,28.219161511569283,28.423831248415805,0.720063861404785,118.20634225900001,272.8161773812056,118.53171704139565
half1__producer,ADE_vs_floor4,complete,eu-locality-112,2417,20.746237221193443,20.95945064907468,1.017266298869568,70.36543332544309,171.1830006493205,70.63131723055629
half1__producer,ADE_vs_floor4,complete,eu-locality-119,3148,28.397331355220675,28.504393098670157,0.37559734416684476,113.32172963468405,205.2067029563877,112.70775480291367
half1__producer,ADE_vs_floor4,complete,eu-locality-124,2077,38.18689534625255,38.48634357197489,0.7780635880941356,175.54008186626947,316.4037738037055,177.32650540365142
half1__producer,ADE_vs_floor4,complete,eu-locality-126,3637,19.262998046728384,19.432801896634817,0.8738001385988459,85.0633117366397,159.9228740798661,85.0633117366397
half1__producer,ADE_vs_floor2,all,eu-locality-007,5526,13.532654290213795,13.539013413646849,0.046968883468601064,45.62640298792269,78.17184960102423,45.62640298792269
half1__producer,ADE_vs_floor2,all,eu-locality-074,102348,19.522255945115415,19.53504669369477,0.06547590481820187,64.1390364879488,132.1734057535986,64.15301596969242
half1__producer,ADE_vs_floor2,all,eu-locality-082,1368,13.53688896662493,13.542723288195246,0.043080859337951694,52.10345078725223,101.91283477915022,52.10345078725223
half1__producer,ADE_vs_floor2,all,eu-locality-110,8550,30.313807149841498,30.34904320452461,0.11610268714453698,121.68449105426859,268.6559350038277,121.68449105426859
half1__producer,ADE_vs_floor2,all,eu-locality-112,5004,24.390037431662577,24.39637804064252,0.025989960351413544,86.06597233975334,186.18759729912014,86.06597233975334
half1__producer,ADE_vs_floor2,all,eu-locality-119,5639,28.80211213118691,28.803291119493803,0.004093241643821077,114.31522229375783,202.09300779548482,114.31522229375783
half1__producer,ADE_vs_floor2,all,eu-locality-124,3550,42.21786640760956,42.22066279170483,0.006623259585158969,183.67230434997865,340.9957658122714,183.67230434997865
half1__producer,ADE_vs_floor2,all,eu-locality-126,5790,19.60894619846042,19.60887315075613,-0.00037252372295792924,86.23750171087968,154.13705580720486,86.23750171087968
half1__producer,ADE_vs_floor2,easy,eu-locality-007,1784,1.3698111944186677,1.3737725458350083,0.28835569820859774,3.070433339846439,3.401428576523034,3.079078328966901
half1__producer,ADE_vs_floor2,easy,eu-locality-074,17176,1.9567972780097957,1.9656978092898023,0.4527924504948322,3.2409540489533377,3.432464024713023,3.2499868886872467
half1__producer,ADE_vs_floor2,easy,eu-locality-082,515,1.5626240978854504,1.5645717570743223,0.1244851302003469,3.014218855082224,3.339076289914666,3.014218855082224
half1__producer,ADE_vs_floor2,easy,eu-locality-110,2009,1.7626135153022886,1.7648960011603116,0.1293269323814239,3.118753115618861,3.366333694421528,3.121311455129627
half1__producer,ADE_vs_floor2,easy,eu-locality-112,575,2.020455363683813,2.0208804842221944,0.021036401791219017,3.1981735274415564,3.413810798068061,3.1981735274415564
half1__producer,ADE_vs_floor2,easy,eu-locality-119,1323,1.8052214567346245,1.8085511822267584,0.18411010563904595,3.1204049684242965,3.3808780005559402,3.1269109954831653
half1__producer,ADE_vs_floor2,easy,eu-locality-124,739,1.9017229951406445,1.9058005523480506,0.21395508582376932,3.117399391382583,3.3516968390568556,3.1200034345095826
half1__producer,ADE_vs_floor2,easy,eu-locality-126,2167,1.4061488110503422,1.405970215623872,-0.012702646505990955,2.965433418794741,3.2901768414760015,2.965433418794741
half1__producer,ADE_vs_floor2,hard,eu-locality-007,1057,40.276575715922895,40.29244713909945,0.03939056647952466,80.55862777744943,114.29072331500305,80.55862777744943
half1__producer,ADE_vs_floor2,hard,eu-locality-074,26162,50.898549342449776,50.934881425286534,0.07133045531881876,119.18781376331333,216.59059593273122,119.53256095752614
half1__producer,ADE_vs_floor2,hard,eu-locality-082,245,48.194745223083984,48.21245416073212,0.03673104378610903,102.89538275989119,169.5400402883042,102.89538275989119
half1__producer,ADE_vs_floor2,hard,eu-locality-110,2779,78.35283855733505,78.45524797504812,0.1305322720356994,227.4742146023239,402.4445759409711,227.93329072835834
half1__producer,ADE_vs_floor2,hard,eu-locality-112,1522,59.089081179880026,59.10648470560102,0.029444359290997646,157.08224360877819,272.4802531432175,157.81065006811522
half1__producer,ADE_vs_floor2,hard,eu-locality-119,1922,69.98262655936989,69.98240763232128,-0.0003128315472666898,175.13955377005513,274.8091526508623,175.13955377005513
half1__producer,ADE_vs_floor2,hard,eu-locality-124,1375,97.38098398125739,97.38049080086161,-0.0005064468167281788,276.08041591843744,453.7591506726,276.08041591843744
half1__producer,ADE_vs_floor2,hard,eu-locality-126,1386,64.09861678559908,64.09852434202415,-0.00014422106573430682,149.9775567329404,231.2736903008077,149.9775567329404
half1__producer,ADE_vs_floor2,complete,eu-locality-007,2882,13.589304300705498,13.594082876538739,0.035151880981154626,47.3816250878465,78.4052790176433,47.3816250878465
half1__producer,ADE_vs_floor2,complete,eu-locality-074,67309,19.260844248825233,19.271766732603183,0.05667608958482839,62.89025716608677,130.54632572394272,62.90543827997568
half1__producer,ADE_vs_floor2,complete,eu-locality-082,582,10.405438340742688,10.414446467691457,0.08649645448478571,48.02343140325714,88.77064559267427,48.02343140325714
half1__producer,ADE_vs_floor2,complete,eu-locality-110,5804,28.219161511569283,28.222281967673837,0.011056710822066051,118.20634225900001,272.8161773812056,118.20634225900001
half1__producer,ADE_vs_floor2,complete,eu-locality-112,2417,20.746237221193443,20.747649174474905,0.006805365126372198,70.36543332544309,171.1830006493205,70.36543332544309
half1__producer,ADE_vs_floor2,complete,eu-locality-119,3148,28.397331355220675,28.398778566009064,0.0050960318065285115,113.32172963468405,205.2067029563877,113.32172963468405
half1__producer,ADE_vs_floor2,complete,eu-locality-124,2077,38.18689534625255,38.19096902792557,0.010666609873244415,175.54008186626947,316.4037738037055,175.54008186626947
half1__producer,ADE_vs_floor2,complete,eu-locality-126,3637,19.262998046728384,19.263033120415404,0.00018207769669764673,85.0633117366397,159.9228740798661,85.0633117366397
half1__producer,ADE_vs_old_stop4,all,eu-locality-007,5526,13.532654290213795,13.584032419946364,0.3782244339841756,45.62640298792269,78.17184960102423,45.83062605295613
half1__producer,ADE_vs_old_stop4,all,eu-locality-074,102348,19.522255945115415,19.623430553535446,0.515580637870694,64.1390364879488,132.1734057535986,64.40997743111183
half1__producer,ADE_vs_old_stop4,all,eu-locality-082,1368,13.53688896662493,13.51861247795119,-0.13519500395140494,52.10345078725223,101.91283477915022,51.77887705037489
half1__producer,ADE_vs_old_stop4,all,eu-locality-110,8550,30.313807149841498,30.41456546069233,0.331283085339662,121.68449105426859,268.6559350038277,121.68449105426859
half1__producer,ADE_vs_old_stop4,all,eu-locality-112,5004,24.390037431662577,24.534630173372427,0.5893414357098337,86.06597233975334,186.18759729912014,86.2710070848162
half1__producer,ADE_vs_old_stop4,all,eu-locality-119,5639,28.80211213118691,28.88438548198875,0.2848367705559962,114.31522229375783,202.09300779548482,114.45336587739244
half1__producer,ADE_vs_old_stop4,all,eu-locality-124,3550,42.21786640760956,42.43953851271538,0.5223244947383243,183.67230434997865,340.9957658122714,186.18276158812444
half1__producer,ADE_vs_old_stop4,all,eu-locality-126,5790,19.60894619846042,19.73917869384262,0.6597665353869409,86.23750171087968,154.13705580720486,86.23750171087968
half1__producer,ADE_vs_old_stop4,easy,eu-locality-007,1784,1.3698111944186677,1.3562042475541254,-1.0033110343874885,3.070433339846439,3.401428576523034,3.079078328966901
half1__producer,ADE_vs_old_stop4,easy,eu-locality-074,17176,1.9567972780097957,1.9423074230289294,-0.7460124390746614,3.2409540489533377,3.432464024713023,3.2169454427791315
half1__producer,ADE_vs_old_stop4,easy,eu-locality-082,515,1.5626240978854504,1.5553599263333115,-0.46704119279090683,3.014218855082224,3.339076289914666,3.0440363695343216
half1__producer,ADE_vs_old_stop4,easy,eu-locality-110,2009,1.7626135153022886,1.7516838900572815,-0.6239496353791063,3.118753115618861,3.366333694421528,3.118753115618861
half1__producer,ADE_vs_old_stop4,easy,eu-locality-112,575,2.020455363683813,2.0150321730678353,-0.26913667625072524,3.1981735274415564,3.413810798068061,3.1957680905745827
half1__producer,ADE_vs_old_stop4,easy,eu-locality-119,1323,1.8052214567346245,1.7935374539845235,-0.6514501676083695,3.1204049684242965,3.3808780005559402,3.1200103935491423
half1__producer,ADE_vs_old_stop4,easy,eu-locality-124,739,1.9017229951406445,1.8867831970174282,-0.7918131848339893,3.117399391382583,3.3516968390568556,3.122035057622891
half1__producer,ADE_vs_old_stop4,easy,eu-locality-126,2167,1.4061488110503422,1.4069584466372904,0.057545095868560825,2.965433418794741,3.2901768414760015,3.0002802926060923
half1__producer,ADE_vs_old_stop4,hard,eu-locality-007,1057,40.276575715922895,40.57700735068157,0.740398699594158,80.55862777744943,114.29072331500305,80.93538095486694
half1__producer,ADE_vs_old_stop4,hard,eu-locality-074,26162,50.898549342449776,51.17777460131544,0.5455986725505069,119.18781376331333,216.59059593273122,119.9690594176946
half1__producer,ADE_vs_old_stop4,hard,eu-locality-082,245,48.194745223083984,48.15691159428865,-0.07856323743116178,102.89538275989119,169.5400402883042,102.89538275989119
half1__producer,ADE_vs_old_stop4,hard,eu-locality-110,2779,78.35283855733505,78.53453219484568,0.2313550898346839,227.4742146023239,402.4445759409711,226.6381696005302
half1__producer,ADE_vs_old_stop4,hard,eu-locality-112,1522,59.089081179880026,59.27973066057916,0.3216098969658687,157.08224360877819,272.4802531432175,157.08224360877819
half1__producer,ADE_vs_old_stop4,hard,eu-locality-119,1922,69.98262655936989,70.1661183370487,0.2615105153706665,175.13955377005513,274.8091526508623,175.76992045845242
half1__producer,ADE_vs_old_stop4,hard,eu-locality-124,1375,97.38098398125739,97.98671697965922,0.6181786849002946,276.08041591843744,453.7591506726,277.5179890841983
half1__producer,ADE_vs_old_stop4,hard,eu-locality-126,1386,64.09861678559908,64.42871419022168,0.5123451690313363,149.9775567329404,231.2736903008077,150.6407980804362
half1__producer,ADE_vs_old_stop4,complete,eu-locality-007,2882,13.589304300705498,13.658575503511212,0.5071627183076743,47.3816250878465,78.4052790176433,47.726096398137734
half1__producer,ADE_vs_old_stop4,complete,eu-locality-074,67309,19.260844248825233,19.393552973210205,0.6842929945239717,62.89025716608677,130.54632572394272,63.364852155965394
half1__producer,ADE_vs_old_stop4,complete,eu-locality-082,582,10.405438340742688,10.396095773005978,-0.08986611840349212,48.02343140325714,88.77064559267427,48.19172118275565
half1__producer,ADE_vs_old_stop4,complete,eu-locality-110,5804,28.219161511569283,28.31366637361713,0.33377825676405015,118.20634225900001,272.8161773812056,118.20634225900001
half1__producer,ADE_vs_old_stop4,complete,eu-locality-112,2417,20.746237221193443,20.935423559789925,0.9036661620730024,70.36543332544309,171.1830006493205,70.63131723055629
half1__producer,ADE_vs_old_stop4,complete,eu-locality-119,3148,28.397331355220675,28.498903280269133,0.356406434484724,113.32172963468405,205.2067029563877,112.70775480291367
half1__producer,ADE_vs_old_stop4,complete,eu-locality-124,2077,38.18689534625255,38.420882540298,0.6090104614334013,175.54008186626947,316.4037738037055,177.32650540365142
half1__producer,ADE_vs_old_stop4,complete,eu-locality-126,3637,19.262998046728384,19.431799888008687,0.8686886559822526,85.0633117366397,159.9228740798661,85.0633117366397
half1__producer,FDE_vs_floor4,endpoint,eu-locality-007,3935,29.690687629401566,29.957687238598282,0.8912557470481475,101.85154087095664,178.8430245622791,102.630383216675
half1__producer,FDE_vs_floor4,endpoint,eu-locality-074,81289,40.96992891637803,41.42243294389996,1.0924129640930924,138.87528385089772,283.99940693802614,140.26005921066073
half1__producer,FDE_vs_floor4,endpoint,eu-locality-082,859,25.41749307256783,25.525691905389426,0.4238820762337503,114.66976098816347,234.31504208196256,114.66976098816347
half1__producer,FDE_vs_floor4,endpoint,eu-locality-110,7204,57.722428393460504,58.25961678107265,0.922059596840108,251.77304034955634,584.930399969669,251.77304034955634
half1__producer,FDE_vs_floor4,endpoint,eu-locality-112,3719,48.00269637485377,48.55464835543294,1.1367644484596706,177.43862924757724,421.63704764077704,180.28741648050087
half1__producer,FDE_vs_floor4,endpoint,eu-locality-119,4147,65.16550943252169,65.53419395866976,0.5625834451867817,269.30334667392214,484.5542592170748,270.5290560144782
half1__producer,FDE_vs_floor4,endpoint,eu-locality-124,2645,83.02993115387402,83.97301208164912,1.1230762174615272,379.2183705697583,739.9819351069635,381.17412435677943
half1__producer,FDE_vs_floor4,endpoint,eu-locality-126,4579,40.00469713111304,40.415302863289966,1.0159659908175245,185.66482730232167,364.90265146493834,185.86716972851187
half1__producer,ADE_vs_CV,easy,eu-locality-007,1784,1.3698111944186677,1.4116372489032123,2.962946360124874,3.070433339846439,3.401428576523034,3.1829165280653378
half1__producer,ADE_vs_CV,easy,eu-locality-074,17176,1.9567972780097957,2.0345987086931556,3.823920183913443,3.2409540489533377,3.432464024713023,3.3227202724286355
half1__producer,ADE_vs_CV,easy,eu-locality-082,515,1.5626240978854504,1.6292457075972016,4.089107579114271,3.014218855082224,3.339076289914666,3.1617325949953337
half1__producer,ADE_vs_CV,easy,eu-locality-110,2009,1.7626135153022886,1.8571965321602297,5.0927844856529685,3.118753115618861,3.366333694421528,3.2841980969419593
half1__producer,ADE_vs_CV,easy,eu-locality-112,575,2.020455363683813,2.120126457156666,4.701186249358125,3.1981735274415564,3.413810798068061,3.337428914790469
half1__producer,ADE_vs_CV,easy,eu-locality-119,1323,1.8052214567346245,1.9039962115564375,5.1877600502717724,3.1204049684242965,3.3808780005559402,3.27321556485438
half1__producer,ADE_vs_CV,easy,eu-locality-124,739,1.9017229951406445,2.0089308960456713,5.336564892105155,3.117399391382583,3.3516968390568556,3.2764853371884692
half1__producer,ADE_vs_CV,easy,eu-locality-126,2167,1.4061488110503422,1.49949345147157,6.2250782308933434,2.965433418794741,3.2901768414760015,3.17156482441628
half1__placebo,ADE_vs_floor4,all,eu-locality-007,5526,13.53277480634653,13.597338877721032,0.47482872902644413,45.62640298792269,78.17184960102423,45.83062605295613
half1__placebo,ADE_vs_floor4,all,eu-locality-074,102348,19.521365209729712,19.657865601418482,0.6943805317242591,64.1390364879488,132.14335891102783,64.54680822032834
half1__placebo,ADE_vs_floor4,all,eu-locality-082,1368,13.536690087939373,13.581405228046572,0.3292379496553033,52.10345078725223,101.91283477915022,51.77887705037489
half1__placebo,ADE_vs_floor4,all,eu-locality-110,8550,30.313806885888383,30.52005384221596,0.6757752047026,121.68449105426859,268.6559350038277,121.9052045177577
half1__placebo,ADE_vs_floor4,all,eu-locality-112,5004,24.39016070906075,24.560848030619713,0.6949569548501233,86.06597233975334,186.18759729912014,86.2710070848162
half1__placebo,ADE_vs_floor4,all,eu-locality-119,5639,28.80216278721974,28.888772287584914,0.299803326714565,114.31522229375783,202.09300779548482,114.45336587739244
half1__placebo,ADE_vs_floor4,all,eu-locality-124,3550,42.218181096880436,42.482914180177744,0.623151891545215,183.67230434997865,340.9957658122714,186.18276158812444
half1__placebo,ADE_vs_floor4,all,eu-locality-126,5790,19.608760234727036,19.74033177128303,0.6665112728621803,86.23750171087968,154.13705580720486,86.23750171087968
half1__placebo,ADE_vs_floor4,easy,eu-locality-007,1784,1.3696156792820149,1.3657812494919728,-0.28074992180984193,3.079078328966901,3.401787686989038,3.086995712824733
half1__placebo,ADE_vs_floor4,easy,eu-locality-074,17176,1.957165591608986,1.9446018133805958,-0.6460848767053662,3.2409540489533377,3.4330377869756994,3.2169454427791315
half1__placebo,ADE_vs_floor4,easy,eu-locality-082,515,1.560829701281477,1.5723394302052656,0.7320129930396879,3.014218855082224,3.339076289914666,3.0305478831342776
half1__placebo,ADE_vs_floor4,easy,eu-locality-110,2009,1.762855086760893,1.753298000379922,-0.5450919569234713,3.118753115618861,3.3854543327832065,3.118753115618861
half1__placebo,ADE_vs_floor4,easy,eu-locality-112,575,2.0206520569965187,2.023007874901879,0.11645124740182755,3.1981735274415564,3.413810798068061,3.1957680905745827
half1__placebo,ADE_vs_floor4,easy,eu-locality-119,1323,1.805242115097704,1.8068634511702983,0.08973207530121874,3.1224755731258544,3.3808780005559402,3.122406318806944
half1__placebo,ADE_vs_floor4,easy,eu-locality-124,739,1.9027340955964336,1.9003883258914014,-0.12343633525173647,3.1200034345095826,3.36193430807761,3.122035057622891
half1__placebo,ADE_vs_floor4,easy,eu-locality-126,2167,1.4059633001793492,1.4101194599088722,0.2947381301859009,2.965433418794741,3.2901768414760015,3.0016222179609375
half1__placebo,ADE_vs_floor4,hard,eu-locality-007,1057,40.276521404691294,40.58549695728196,0.7612954768445368,80.55862777744943,114.29072331500305,80.93538095486694
half1__placebo,ADE_vs_floor4,hard,eu-locality-074,26162,50.89546713766428,51.28603980828936,0.7615574766253408,119.18781376331333,216.59059593273122,120.74606233183552
half1__placebo,ADE_vs_floor4,hard,eu-locality-082,245,48.194745223083984,48.28317912393113,0.18315674827491524,102.89538275989119,169.5400402883042,102.89538275989119
half1__placebo,ADE_vs_floor4,hard,eu-locality-110,2779,78.35255957661472,78.83414959429463,0.6108901030306257,227.4742146023239,402.4445759409711,227.93329072835834
half1__placebo,ADE_vs_floor4,hard,eu-locality-112,1522,59.089333732633435,59.314533245407475,0.37967004113865777,157.08224360877819,272.4802531432175,157.81065006811522
half1__placebo,ADE_vs_floor4,hard,eu-locality-119,1922,69.9825341264137,70.1661183370487,0.2616422498293858,175.13955377005513,274.8091526508623,175.76992045845242
half1__placebo,ADE_vs_floor4,hard,eu-locality-124,1375,97.38085413932957,97.98671697965922,0.6183111946238773,276.08041591843744,453.7591506726,277.5179890841983
half1__placebo,ADE_vs_floor4,hard,eu-locality-126,1386,64.0985613968158,64.42871419022168,0.5124311381275337,149.9775567329404,231.2736903008077,150.6407980804362
half1__placebo,ADE_vs_floor4,complete,eu-locality-007,2882,13.589461308667008,13.669834479519043,0.5879600881228964,47.3816250878465,78.4052790176433,47.726096398137734
half1__placebo,ADE_vs_floor4,complete,eu-locality-074,67309,19.260504341935967,19.422757280318844,0.8353754106132483,62.89025716608677,130.54632572394272,63.428472057168605
half1__placebo,ADE_vs_floor4,complete,eu-locality-082,582,10.404502383512026,10.462970014678445,0.5588053017871131,48.02343140325714,88.77064559267427,48.19172118275565
half1__placebo,ADE_vs_floor4,complete,eu-locality-110,5804,28.21914770067809,28.423831248415805,0.7201124505308298,118.20634225900001,272.8161773812056,118.53171704139565
half1__placebo,ADE_vs_floor4,complete,eu-locality-112,2417,20.746546524109476,20.95945064907468,1.015790578340381,70.36543332544309,171.1830006493205,70.63131723055629
half1__placebo,ADE_vs_floor4,complete,eu-locality-119,3148,28.397347860906827,28.504393098670157,0.3755394384044042,113.32172963468405,205.2067029563877,112.70775480291367
half1__placebo,ADE_vs_floor4,complete,eu-locality-124,2077,38.18753940362618,38.48634357197489,0.7763901181984334,175.54008186626947,316.4037738037055,177.32650540365142
half1__placebo,ADE_vs_floor4,complete,eu-locality-126,3637,19.26264408512622,19.432801896634817,0.8756216031722386,85.0633117366397,159.9228740798661,85.0633117366397
half1__placebo,ADE_vs_floor2,all,eu-locality-007,5526,13.53277480634653,13.539013413646849,0.04607874377338117,45.62640298792269,78.17184960102423,45.62640298792269
half1__placebo,ADE_vs_floor2,all,eu-locality-074,102348,19.521365209729712,19.53504669369477,0.07003558363376516,64.1390364879488,132.14335891102783,64.15301596969242
half1__placebo,ADE_vs_floor2,all,eu-locality-082,1368,13.536690087939373,13.542723288195246,0.04454938735350966,52.10345078725223,101.91283477915022,52.10345078725223
half1__placebo,ADE_vs_floor2,all,eu-locality-110,8550,30.313806885888383,30.34904320452461,0.11610355686920704,121.68449105426859,268.6559350038277,121.68449105426859
half1__placebo,ADE_vs_floor2,all,eu-locality-112,5004,24.39016070906075,24.39637804064252,0.025484650104257156,86.06597233975334,186.18759729912014,86.06597233975334
half1__placebo,ADE_vs_floor2,all,eu-locality-119,5639,28.80216278721974,28.803291119493803,0.003917372738349023,114.31522229375783,202.09300779548482,114.31522229375783
half1__placebo,ADE_vs_floor2,all,eu-locality-124,3550,42.218181096880436,42.22066279170483,0.005877915362528796,183.67230434997865,340.9957658122714,183.67230434997865
half1__placebo,ADE_vs_floor2,all,eu-locality-126,5790,19.608760234727036,19.60887315075613,0.0005758414990175709,86.23750171087968,154.13705580720486,86.23750171087968
half1__placebo,ADE_vs_floor2,easy,eu-locality-007,1784,1.3696156792820149,1.3737725458350083,0.3025876856832088,3.079078328966901,3.401787686989038,3.079078328966901
half1__placebo,ADE_vs_floor2,easy,eu-locality-074,17176,1.957165591608986,1.9656978092898023,0.4340554097630567,3.2409540489533377,3.4330377869756994,3.2499868886872467
half1__placebo,ADE_vs_floor2,easy,eu-locality-082,515,1.560829701281477,1.5645717570743223,0.23917444348112715,3.014218855082224,3.339076289914666,3.014218855082224
half1__placebo,ADE_vs_floor2,easy,eu-locality-110,2009,1.762855086760893,1.7648960011603116,0.11563935767755495,3.118753115618861,3.3854543327832065,3.121311455129627
half1__placebo,ADE_vs_floor2,easy,eu-locality-112,575,2.0206520569965187,2.0208804842221944,0.011303351556857244,3.1981735274415564,3.413810798068061,3.1981735274415564
half1__placebo,ADE_vs_floor2,easy,eu-locality-119,1323,1.805242115097704,1.8085511822267584,0.18296784528818444,3.1224755731258544,3.3808780005559402,3.1269109954831653
half1__placebo,ADE_vs_floor2,easy,eu-locality-124,739,1.9027340955964336,1.9058005523480506,0.1609012416246225,3.1200034345095826,3.36193430807761,3.1200034345095826
half1__placebo,ADE_vs_floor2,easy,eu-locality-126,2167,1.4059633001793492,1.405970215623872,0.0004918628037753336,2.965433418794741,3.2901768414760015,2.965433418794741
half1__placebo,ADE_vs_floor2,hard,eu-locality-007,1057,40.276521404691294,40.29244713909945,0.039525359065872845,80.55862777744943,114.29072331500305,80.55862777744943
half1__placebo,ADE_vs_floor2,hard,eu-locality-074,26162,50.89546713766428,50.934881425286534,0.07738172057996096,119.18781376331333,216.59059593273122,119.53256095752614
half1__placebo,ADE_vs_floor2,hard,eu-locality-082,245,48.194745223083984,48.21245416073212,0.03673104378610903,102.89538275989119,169.5400402883042,102.89538275989119
half1__placebo,ADE_vs_floor2,hard,eu-locality-110,2779,78.35255957661472,78.45524797504812,0.13088786420770715,227.4742146023239,402.4445759409711,227.93329072835834
half1__placebo,ADE_vs_floor2,hard,eu-locality-112,1522,59.089333732633435,59.10648470560102,0.029017074950421495,157.08224360877819,272.4802531432175,157.81065006811522
half1__placebo,ADE_vs_floor2,hard,eu-locality-119,1922,69.9825341264137,69.98240763232128,-0.00018075127263816881,175.13955377005513,274.8091526508623,175.13955377005513
half1__placebo,ADE_vs_floor2,hard,eu-locality-124,1375,97.38085413932957,97.38049080086161,-0.00037311217573332556,276.08041591843744,453.7591506726,276.08041591843744
half1__placebo,ADE_vs_floor2,hard,eu-locality-126,1386,64.0985613968158,64.09852434202415,-5.780911811470446e-05,149.9775567329404,231.2736903008077,149.9775567329404
half1__placebo,ADE_vs_floor2,complete,eu-locality-007,2882,13.589461308667008,13.594082876538739,0.03399690816735523,47.3816250878465,78.4052790176433,47.3816250878465
half1__placebo,ADE_vs_floor2,complete,eu-locality-074,67309,19.260504341935967,19.271766732603183,0.05843984531093138,62.89025716608677,130.54632572394272,62.90543827997568
half1__placebo,ADE_vs_floor2,complete,eu-locality-082,582,10.404502383512026,10.414446467691457,0.09548355940259823,48.02343140325714,88.77064559267427,48.02343140325714
half1__placebo,ADE_vs_floor2,complete,eu-locality-110,5804,28.21914770067809,28.222281967673837,0.01110564694710714,118.20634225900001,272.8161773812056,118.20634225900001
half1__placebo,ADE_vs_floor2,complete,eu-locality-112,2417,20.746546524109476,20.747649174474905,0.005314579768322947,70.36543332544309,171.1830006493205,70.36543332544309
half1__placebo,ADE_vs_floor2,complete,eu-locality-119,3148,28.397347860906827,28.398778566009064,0.005037910693628245,113.32172963468405,205.2067029563877,113.32172963468405
half1__placebo,ADE_vs_floor2,complete,eu-locality-124,2077,38.18753940362618,38.19096902792557,0.00898019711643716,175.54008186626947,316.4037738037055,175.54008186626947
half1__placebo,ADE_vs_floor2,complete,eu-locality-126,3637,19.26264408512622,19.263033120415404,0.0020195951839663273,85.0633117366397,159.9228740798661,85.0633117366397
half1__placebo,ADE_vs_old_stop4,all,eu-locality-007,5526,13.53277480634653,13.584032419946364,0.377337244311704,45.62640298792269,78.17184960102423,45.83062605295613
half1__placebo,ADE_vs_old_stop4,all,eu-locality-074,102348,19.521365209729712,19.623430553535446,0.5201197799094559,64.1390364879488,132.14335891102783,64.40997743111183
half1__placebo,ADE_vs_old_stop4,all,eu-locality-082,1368,13.536690087939373,13.51861247795119,-0.1337238567764798,52.10345078725223,101.91283477915022,51.77887705037489
half1__placebo,ADE_vs_old_stop4,all,eu-locality-110,8550,30.313806885888383,30.41456546069233,0.3312839531906753,121.68449105426859,268.6559350038277,121.68449105426859
half1__placebo,ADE_vs_old_stop4,all,eu-locality-112,5004,24.39016070906075,24.534630173372427,0.5888389728754495,86.06597233975334,186.18759729912014,86.2710070848162
half1__placebo,ADE_vs_old_stop4,all,eu-locality-119,5639,28.80216278721974,28.88438548198875,0.28466139541131197,114.31522229375783,202.09300779548482,114.45336587739244
half1__placebo,ADE_vs_old_stop4,all,eu-locality-124,3550,42.218181096880436,42.43953851271538,0.5215829945196537,183.67230434997865,340.9957658122714,186.18276158812444
half1__placebo,ADE_vs_old_stop4,all,eu-locality-126,5790,19.608760234727036,19.73917869384262,0.6607086401029805,86.23750171087968,154.13705580720486,86.23750171087968
half1__placebo,ADE_vs_old_stop4,easy,eu-locality-007,1784,1.3696156792820149,1.3562042475541254,-0.9888946854484937,3.079078328966901,3.401787686989038,3.079078328966901
half1__placebo,ADE_vs_old_stop4,easy,eu-locality-074,17176,1.957165591608986,1.9423074230289294,-0.7649751220579759,3.2409540489533377,3.4330377869756994,3.2169454427791315
half1__placebo,ADE_vs_old_stop4,easy,eu-locality-082,515,1.560829701281477,1.5553599263333115,-0.3516726164509043,3.014218855082224,3.339076289914666,3.0440363695343216
half1__placebo,ADE_vs_old_stop4,easy,eu-locality-110,2009,1.762855086760893,1.7516838900572815,-0.6377404488915106,3.118753115618861,3.3854543327832065,3.118753115618861
half1__placebo,ADE_vs_old_stop4,easy,eu-locality-112,575,2.0206520569965187,2.0150321730678353,-0.27889797511904124,3.1981735274415564,3.413810798068061,3.1957680905745827
half1__placebo,ADE_vs_old_stop4,easy,eu-locality-119,1323,1.805242115097704,1.7935374539845235,-0.6526019898373203,3.1224755731258544,3.3808780005559402,3.1200103935491423
half1__placebo,ADE_vs_old_stop4,easy,eu-locality-124,739,1.9027340955964336,1.8867831970174282,-0.8454017718739548,3.1200034345095826,3.36193430807761,3.122035057622891
half1__placebo,ADE_vs_old_stop4,easy,eu-locality-126,2167,1.4059633001793492,1.4069584466372904,0.07073033751064939,2.965433418794741,3.2901768414760015,3.0002802926060923
half1__placebo,ADE_vs_old_stop4,hard,eu-locality-007,1057,40.276521404691294,40.57700735068157,0.7405325469011625,80.55862777744943,114.29072331500305,80.93538095486694
half1__placebo,ADE_vs_old_stop4,hard,eu-locality-074,26162,50.89546713766428,51.17777460131544,0.5516212180978641,119.18781376331333,216.59059593273122,119.9690594176946
half1__placebo,ADE_vs_old_stop4,hard,eu-locality-082,245,48.194745223083984,48.15691159428865,-0.07856323743116178,102.89538275989119,169.5400402883042,102.89538275989119
half1__placebo,ADE_vs_old_stop4,hard,eu-locality-110,2779,78.35255957661472,78.53453219484568,0.23171032302004013,227.4742146023239,402.4445759409711,226.6381696005302
half1__placebo,ADE_vs_old_stop4,hard,eu-locality-112,1522,59.089333732633435,59.27973066057916,0.32118386137057753,157.08224360877819,272.4802531432175,157.08224360877819
half1__placebo,ADE_vs_old_stop4,hard,eu-locality-119,1922,69.9825341264137,70.1661183370487,0.2616422498293858,175.13955377005513,274.8091526508623,175.76992045845242
half1__placebo,ADE_vs_old_stop4,hard,eu-locality-124,1375,97.38085413932957,97.98671697965922,0.6183111946238773,276.08041591843744,453.7591506726,277.5179890841983
half1__placebo,ADE_vs_old_stop4,hard,eu-locality-126,1386,64.0985613968158,64.42871419022168,0.5124311381275337,149.9775567329404,231.2736903008077,150.6407980804362
half1__placebo,ADE_vs_old_stop4,complete,eu-locality-007,2882,13.589461308667008,13.658575503511212,0.5060131990077377,47.3816250878465,78.4052790176433,47.726096398137734
half1__placebo,ADE_vs_old_stop4,complete,eu-locality-074,67309,19.260504341935967,19.393552973210205,0.6860456743435717,62.89025716608677,130.54632572394272,63.364852155965394
half1__placebo,ADE_vs_old_stop4,complete,eu-locality-082,582,10.404502383512026,10.396095773005978,-0.08086314987474363,48.02343140325714,88.77064559267427,48.19172118275565
half1__placebo,ADE_vs_old_stop4,complete,eu-locality-110,5804,28.21914770067809,28.31366637361713,0.33382703494421184,118.20634225900001,272.8161773812056,118.20634225900001
half1__placebo,ADE_vs_old_stop4,complete,eu-locality-112,2417,20.746546524109476,20.935423559789925,0.9021887478943502,70.36543332544309,171.1830006493205,70.63131723055629
half1__placebo,ADE_vs_old_stop4,complete,eu-locality-119,3148,28.397347860906827,28.498903280269133,0.35634851756775054,113.32172963468405,205.2067029563877,112.70775480291367
half1__placebo,ADE_vs_old_stop4,complete,eu-locality-124,2077,38.18753940362618,38.420882540298,0.6073341403000754,175.54008186626947,316.4037738037055,177.32650540365142
half1__placebo,ADE_vs_old_stop4,complete,eu-locality-126,3637,19.26264408512622,19.431799888008687,0.8705102144802024,85.0633117366397,159.9228740798661,85.0633117366397
half1__placebo,FDE_vs_floor4,endpoint,eu-locality-007,3935,29.691201215606952,29.957687238598282,0.8895413750363956,101.85154087095664,178.8430245622791,102.630383216675
half1__placebo,FDE_vs_floor4,endpoint,eu-locality-074,81289,40.967112897831896,41.42243294389996,1.0992112575442525,138.87528385089772,283.2554968648477,140.26005921066073
half1__placebo,FDE_vs_floor4,endpoint,eu-locality-082,859,25.414737094605556,25.525691905389426,0.43467895481588137,114.66976098816347,234.31504208196256,114.66976098816347
half1__placebo,FDE_vs_floor4,endpoint,eu-locality-110,7204,57.72238430650629,58.25961678107265,0.9221352701051289,251.77304034955634,584.930399969669,251.77304034955634
half1__placebo,FDE_vs_floor4,endpoint,eu-locality-112,3719,48.0038905380859,48.55464835543294,1.1343050274308375,177.43862924757724,421.63704764077704,180.28741648050087
half1__placebo,FDE_vs_floor4,endpoint,eu-locality-119,4147,65.16556610092921,65.53419395866976,0.5624969736761076,269.30334667392214,484.5542592170748,270.5290560144782
half1__placebo,FDE_vs_floor4,endpoint,eu-locality-124,2645,83.03115044738018,83.97301208164912,1.1216242110657304,379.2183705697583,739.9819351069635,381.17412435677943
half1__placebo,FDE_vs_floor4,endpoint,eu-locality-126,4579,40.0041609747167,40.415302863289966,1.017292608109388,185.66482730232167,364.90265146493834,185.86716972851187
half1__placebo,ADE_vs_CV,easy,eu-locality-007,1784,1.3696156792820149,1.4116372489032123,2.97679659939879,3.079078328966901,3.401787686989038,3.1829165280653378
half1__placebo,ADE_vs_CV,easy,eu-locality-074,17176,1.957165591608986,2.0345987086931556,3.8058176658288367,3.2409540489533377,3.4330377869756994,3.3227202724286355
half1__placebo,ADE_vs_CV,easy,eu-locality-082,515,1.560829701281477,1.6292457075972016,4.199244226742449,3.014218855082224,3.339076289914666,3.1617325949953337
half1__placebo,ADE_vs_CV,easy,eu-locality-110,2009,1.762855086760893,1.8571965321602297,5.079777167664745,3.118753115618861,3.3854543327832065,3.2841980969419593
half1__placebo,ADE_vs_CV,easy,eu-locality-112,575,2.0206520569965187,2.120126457156666,4.6919088163049345,3.1981735274415564,3.413810798068061,3.337428914790469
half1__placebo,ADE_vs_CV,easy,eu-locality-119,1323,1.805242115097704,1.9039962115564375,5.186675050052026,3.1224755731258544,3.3808780005559402,3.27321556485438
half1__placebo,ADE_vs_CV,easy,eu-locality-124,739,1.9027340955964336,2.0089308960456713,5.286234616545194,3.1200034345095826,3.36193430807761,3.2764853371884692
half1__placebo,ADE_vs_CV,easy,eu-locality-126,2167,1.4059633001793492,1.49949345147157,6.237449800159678,2.965433418794741,3.2901768414760015,3.17156482441628
half1__wrong_tag,ADE_vs_floor4,all,eu-locality-007,5526,13.533969459279561,13.597338877721032,0.4660427971336478,45.62640298792269,78.17184960102423,45.83062605295613
half1__wrong_tag,ADE_vs_floor4,all,eu-locality-074,102348,19.523198750728962,19.657865601418482,0.6850532678369881,64.14630763554399,132.2269274505699,64.54680822032834
half1__wrong_tag,ADE_vs_floor4,all,eu-locality-082,1368,13.536577078011154,13.581405228046572,0.33007004269959284,52.10345078725223,101.91283477915022,51.77887705037489
half1__wrong_tag,ADE_vs_floor4,all,eu-locality-110,8550,30.31430942892734,30.52005384221596,0.674128605251767,121.68449105426859,268.6559350038277,121.9052045177577
half1__wrong_tag,ADE_vs_floor4,all,eu-locality-112,5004,24.390095884696105,24.560848030619713,0.695220888589565,86.06597233975334,186.18759729912014,86.2710070848162
half1__wrong_tag,ADE_vs_floor4,all,eu-locality-119,5639,28.802457148360297,28.888772287584914,0.29878438019227405,114.31522229375783,202.09300779548482,114.45336587739244
half1__wrong_tag,ADE_vs_floor4,all,eu-locality-124,3550,42.21821166339764,42.482914180177744,0.6230799414029264,183.67230434997865,340.9957658122714,186.18276158812444
half1__wrong_tag,ADE_vs_floor4,all,eu-locality-126,5790,19.608856473976402,19.74033177128303,0.6660237468647412,86.23750171087968,154.13705580720486,86.23750171087968
half1__wrong_tag,ADE_vs_floor4,easy,eu-locality-007,1784,1.3697435737038564,1.3657812494919728,-0.29011411698303124,3.079078328966901,3.401787686989038,3.086995712824733
half1__wrong_tag,ADE_vs_floor4,easy,eu-locality-074,17176,1.9574268875758627,1.9446018133805958,-0.6595218675113257,3.243648897117885,3.4330377869756994,3.2169454427791315
half1__wrong_tag,ADE_vs_floor4,easy,eu-locality-082,515,1.5614835784272652,1.5723394302052656,0.6904267341679038,3.014218855082224,3.339076289914666,3.0305478831342776
half1__wrong_tag,ADE_vs_floor4,easy,eu-locality-110,2009,1.7633749379004333,1.753298000379922,-0.5747418589611142,3.121311455129627,3.3870820695124935,3.118753115618861
half1__wrong_tag,ADE_vs_floor4,easy,eu-locality-112,575,2.0204259739539663,2.023007874901879,0.12762683625431315,3.1981735274415564,3.413810798068061,3.1957680905745827
half1__wrong_tag,ADE_vs_floor4,easy,eu-locality-119,1323,1.8058033028196732,1.8068634511702983,0.05867340722058856,3.1269109954831653,3.385117910030513,3.122406318806944
half1__wrong_tag,ADE_vs_floor4,easy,eu-locality-124,739,1.9024596613693456,1.9003883258914014,-0.10899538003490417,3.117399391382583,3.372527110065305,3.122035057622891
half1__wrong_tag,ADE_vs_floor4,easy,eu-locality-126,2167,1.40594350791494,1.4101194599088722,0.29614171796494837,2.965433418794741,3.2901768414760015,3.0016222179609375
half1__wrong_tag,ADE_vs_floor4,hard,eu-locality-007,1057,40.28248062312213,40.58549695728196,0.7466123538631741,80.55862777744943,114.29072331500305,80.93538095486694
half1__wrong_tag,ADE_vs_floor4,hard,eu-locality-074,26162,50.90005539455326,51.28603980828936,0.7526110715097789,119.18781376331333,216.59059593273122,120.74606233183552
half1__wrong_tag,ADE_vs_floor4,hard,eu-locality-082,245,48.194745223083984,48.28317912393113,0.18315674827491524,102.89538275989119,169.5400402883042,102.89538275989119
half1__wrong_tag,ADE_vs_floor4,hard,eu-locality-110,2779,78.3527268679572,78.83414959429463,0.6106778963367754,227.4742146023239,402.4445759409711,227.93329072835834
half1__wrong_tag,ADE_vs_floor4,hard,eu-locality-112,1522,59.089333732633435,59.314533245407475,0.37967004113865777,157.08224360877819,272.4802531432175,157.81065006811522
half1__wrong_tag,ADE_vs_floor4,hard,eu-locality-119,1922,69.98315917554635,70.1661183370487,0.26075143650314825,175.13955377005513,274.8091526508623,175.76992045845242
half1__wrong_tag,ADE_vs_floor4,hard,eu-locality-124,1375,97.38072216704852,97.98671697965922,0.6184458784719737,276.08041591843744,453.7591506726,277.5179890841983
half1__wrong_tag,ADE_vs_floor4,hard,eu-locality-126,1386,64.09861375588217,64.42871419022168,0.5123498714640129,149.9775567329404,231.2736903008077,150.6407980804362
half1__wrong_tag,ADE_vs_floor4,complete,eu-locality-007,2882,13.58965009955231,13.669834479519043,0.5865790115225589,47.3816250878465,78.4052790176433,47.726096398137734
half1__wrong_tag,ADE_vs_floor4,complete,eu-locality-074,67309,19.261705675098035,19.422757280318844,0.8291902271980844,62.89827679485876,130.54632572394272,63.428472057168605
half1__wrong_tag,ADE_vs_floor4,complete,eu-locality-082,582,10.404515589245218,10.462970014678445,0.5586790877850412,48.02343140325714,88.77064559267427,48.19172118275565
half1__wrong_tag,ADE_vs_floor4,complete,eu-locality-110,5804,28.219738293062665,28.423831248415805,0.7180346434280005,118.20634225900001,272.8161773812056,118.53171704139565
half1__wrong_tag,ADE_vs_floor4,complete,eu-locality-112,2417,20.746445269996162,20.95945064907468,1.0162736736037514,70.36543332544309,171.1830006493205,70.63131723055629
half1__wrong_tag,ADE_vs_floor4,complete,eu-locality-119,3148,28.39747776876317,28.504393098670157,0.3750836916151523,113.32172963468405,205.2067029563877,112.70775480291367
half1__wrong_tag,ADE_vs_floor4,complete,eu-locality-124,2077,38.1874112097293,38.48634357197489,0.7767232075100883,175.54008186626947,316.4037738037055,177.32650540365142
half1__wrong_tag,ADE_vs_floor4,complete,eu-locality-126,3637,19.262806177830964,19.432801896634817,0.8747874841110392,85.0633117366397,159.9228740798661,85.0633117366397
half1__wrong_tag,ADE_vs_floor2,all,eu-locality-007,5526,13.533969459279561,13.539013413646849,0.03725496247904969,45.62640298792269,78.17184960102423,45.62640298792269
half1__wrong_tag,ADE_vs_floor2,all,eu-locality-074,102348,19.523198750728962,19.53504669369477,0.06064967825049061,64.14630763554399,132.2269274505699,64.15301596969242
half1__wrong_tag,ADE_vs_floor2,all,eu-locality-082,1368,13.536577078011154,13.542723288195246,0.045383857096514824,52.10345078725223,101.91283477915022,52.10345078725223
half1__wrong_tag,ADE_vs_floor2,all,eu-locality-110,8550,30.31430942892734,30.34904320452461,0.11444767916798382,121.68449105426859,268.6559350038277,121.68449105426859
half1__wrong_tag,ADE_vs_floor2,all,eu-locality-112,5004,24.390095884696105,24.39637804064252,0.025750363172560853,86.06597233975334,186.18759729912014,86.06597233975334
half1__wrong_tag,ADE_vs_floor2,all,eu-locality-119,5639,28.802457148360297,28.803291119493803,0.002895402230418398,114.31522229375783,202.09300779548482,114.31522229375783
half1__wrong_tag,ADE_vs_floor2,all,eu-locality-124,3550,42.21821166339764,42.22066279170483,0.005805518305779245,183.67230434997865,340.9957658122714,183.67230434997865
half1__wrong_tag,ADE_vs_floor2,all,eu-locality-126,5790,19.608856473976402,19.60887315075613,8.504710902190737e-05,86.23750171087968,154.13705580720486,86.23750171087968
half1__wrong_tag,ADE_vs_floor2,easy,eu-locality-007,1784,1.3697435737038564,1.3737725458350083,0.2932779624521542,3.079078328966901,3.401787686989038,3.079078328966901
half1__wrong_tag,ADE_vs_floor2,easy,eu-locality-074,17176,1.9574268875758627,1.9656978092898023,0.42076262561069333,3.243648897117885,3.4330377869756994,3.2499868886872467
half1__wrong_tag,ADE_vs_floor2,easy,eu-locality-082,515,1.5614835784272652,1.5645717570743223,0.1973817201476158,3.014218855082224,3.339076289914666,3.014218855082224
half1__wrong_tag,ADE_vs_floor2,easy,eu-locality-110,2009,1.7633749379004333,1.7648960011603116,0.08618429974788233,3.121311455129627,3.3870820695124935,3.121311455129627
half1__wrong_tag,ADE_vs_floor2,easy,eu-locality-112,575,2.0204259739539663,2.0208804842221944,0.02249070500589534,3.1981735274415564,3.413810798068061,3.1981735274415564
half1__wrong_tag,ADE_vs_floor2,easy,eu-locality-119,1323,1.8058033028196732,1.8085511822267584,0.15193816100365076,3.1269109954831653,3.385117910030513,3.1269109954831653
half1__wrong_tag,ADE_vs_floor2,easy,eu-locality-124,739,1.9024596613693456,1.9058005523480506,0.17530118640110004,3.117399391382583,3.372527110065305,3.1200034345095826
half1__wrong_tag,ADE_vs_floor2,easy,eu-locality-126,2167,1.40594350791494,1.405970215623872,0.0018995927961507064,2.965433418794741,3.2901768414760015,2.965433418794741
half1__wrong_tag,ADE_vs_floor2,hard,eu-locality-007,1057,40.28248062312213,40.29244713909945,0.02473544469242528,80.55862777744943,114.29072331500305,80.55862777744943
half1__wrong_tag,ADE_vs_floor2,hard,eu-locality-074,26162,50.90005539455326,50.934881425286534,0.06837363660963103,119.18781376331333,216.59059593273122,119.53256095752614
half1__wrong_tag,ADE_vs_floor2,hard,eu-locality-082,245,48.194745223083984,48.21245416073212,0.03673104378610903,102.89538275989119,169.5400402883042,102.89538275989119
half1__wrong_tag,ADE_vs_floor2,hard,eu-locality-110,2779,78.3527268679572,78.45524797504812,0.1306746326562247,227.4742146023239,402.4445759409711,227.93329072835834
half1__wrong_tag,ADE_vs_floor2,hard,eu-locality-112,1522,59.089333732633435,59.10648470560102,0.029017074950421495,157.08224360877819,272.4802531432175,157.81065006811522
half1__wrong_tag,ADE_vs_floor2,hard,eu-locality-119,1922,69.98315917554635,69.98240763232128,-0.0010739030714912445,175.13955377005513,274.8091526508623,175.13955377005513
half1__wrong_tag,ADE_vs_floor2,hard,eu-locality-124,1375,97.38072216704852,97.38049080086161,-0.00023758987555133615,276.08041591843744,453.7591506726,276.08041591843744
half1__wrong_tag,ADE_vs_floor2,hard,eu-locality-126,1386,64.09861375588217,64.09852434202415,-0.00013949440949012626,149.9775567329404,231.2736903008077,149.9775567329404
half1__wrong_tag,ADE_vs_floor2,complete,eu-locality-007,2882,13.58965009955231,13.594082876538739,0.03260813566230425,47.3816250878465,78.4052790176433,47.3816250878465
half1__wrong_tag,ADE_vs_floor2,complete,eu-locality-074,67309,19.261705675098035,19.271766732603183,0.05220620218553407,62.89827679485876,130.54632572394272,62.90543827997568
half1__wrong_tag,ADE_vs_floor2,complete,eu-locality-082,582,10.404515589245218,10.414446467691457,0.09535675733748361,48.02343140325714,88.77064559267427,48.02343140325714
half1__wrong_tag,ADE_vs_floor2,complete,eu-locality-110,5804,28.219738293062665,28.222281967673837,0.009013001195601333,118.20634225900001,272.8161773812056,118.20634225900001
half1__wrong_tag,ADE_vs_floor2,complete,eu-locality-112,2417,20.746445269996162,20.747649174474905,0.005802606688687373,70.36543332544309,171.1830006493205,70.36543332544309
half1__wrong_tag,ADE_vs_floor2,complete,eu-locality-119,3148,28.39747776876317,28.398778566009064,0.004580468990489361,113.32172963468405,205.2067029563877,113.32172963468405
half1__wrong_tag,ADE_vs_floor2,complete,eu-locality-124,2077,38.1874112097293,38.19096902792557,0.009315862589576174,175.54008186626947,316.4037738037055,175.54008186626947
half1__wrong_tag,ADE_vs_floor2,complete,eu-locality-126,3637,19.262806177830964,19.263033120415404,0.0011781248727582572,85.0633117366397,159.9228740798661,85.0633117366397
half1__wrong_tag,ADE_vs_old_stop4,all,eu-locality-007,5526,13.533969459279561,13.584032419946364,0.3685427060177826,45.62640298792269,78.17184960102423,45.83062605295613
half1__wrong_tag,ADE_vs_old_stop4,all,eu-locality-074,102348,19.523198750728962,19.623430553535446,0.5107761486098816,64.14630763554399,132.2269274505699,64.40997743111183
half1__wrong_tag,ADE_vs_old_stop4,all,eu-locality-082,1368,13.536577078011154,13.51861247795119,-0.13288789873415752,52.10345078725223,101.91283477915022,51.77887705037489
half1__wrong_tag,ADE_vs_old_stop4,all,eu-locality-110,8550,30.31430942892734,30.41456546069233,0.32963164275537915,121.68449105426859,268.6559350038277,121.68449105426859
half1__wrong_tag,ADE_vs_old_stop4,all,eu-locality-112,5004,24.390095884696105,24.534630173372427,0.5891031886561149,86.06597233975334,186.18759729912014,86.2710070848162
half1__wrong_tag,ADE_vs_old_stop4,all,eu-locality-119,5639,28.802457148360297,28.88438548198875,0.2836422941368877,114.31522229375783,202.09300779548482,114.45336587739244
half1__wrong_tag,ADE_vs_old_stop4,all,eu-locality-124,3550,42.21821166339764,42.43953851271538,0.5215109708401444,183.67230434997865,340.9957658122714,186.18276158812444
half1__wrong_tag,ADE_vs_old_stop4,all,eu-locality-126,5790,19.608856473976402,19.73917869384262,0.6602210856263779,86.23750171087968,154.13705580720486,86.23750171087968
half1__wrong_tag,ADE_vs_old_stop4,easy,eu-locality-007,1784,1.3697435737038564,1.3562042475541254,-0.9983250070296323,3.079078328966901,3.401787686989038,3.079078328966901
half1__wrong_tag,ADE_vs_old_stop4,easy,eu-locality-074,17176,1.9574268875758627,1.9423074230289294,-0.7784279855840293,3.243648897117885,3.4330377869756994,3.2169454427791315
half1__wrong_tag,ADE_vs_old_stop4,easy,eu-locality-082,515,1.5614835784272652,1.5553599263333115,-0.3937128628734632,3.014218855082224,3.339076289914666,3.0440363695343216
half1__wrong_tag,ADE_vs_old_stop4,easy,eu-locality-110,2009,1.7633749379004333,1.7516838900572815,-0.6674176721902514,3.121311455129627,3.3870820695124935,3.118753115618861
half1__wrong_tag,ADE_vs_old_stop4,easy,eu-locality-112,575,2.0204259739539663,2.0150321730678353,-0.2676781521517402,3.1981735274415564,3.413810798068061,3.1957680905745827
half1__wrong_tag,ADE_vs_old_stop4,easy,eu-locality-119,1323,1.8058033028196732,1.7935374539845235,-0.6838914240625327,3.1269109954831653,3.385117910030513,3.1200103935491423
half1__wrong_tag,ADE_vs_old_stop4,easy,eu-locality-124,739,1.9024596613693456,1.8867831970174282,-0.8308566864861922,3.117399391382583,3.372527110065305,3.122035057622891
half1__wrong_tag,ADE_vs_old_stop4,easy,eu-locality-126,2167,1.40594350791494,1.4069584466372904,0.07213707873008346,2.965433418794741,3.2901768414760015,3.0002802926060923
half1__wrong_tag,ADE_vs_old_stop4,hard,eu-locality-007,1057,40.28248062312213,40.57700735068157,0.7258463518859948,80.55862777744943,114.29072331500305,80.93538095486694
half1__wrong_tag,ADE_vs_old_stop4,hard,eu-locality-074,26162,50.90005539455326,51.17777460131544,0.5426558871026832,119.18781376331333,216.59059593273122,119.9690594176946
half1__wrong_tag,ADE_vs_old_stop4,hard,eu-locality-082,245,48.194745223083984,48.15691159428865,-0.07856323743116178,102.89538275989119,169.5400402883042,102.89538275989119
half1__wrong_tag,ADE_vs_old_stop4,hard,eu-locality-110,2779,78.3527268679572,78.53453219484568,0.2314973067356063,227.4742146023239,402.4445759409711,226.6381696005302
half1__wrong_tag,ADE_vs_old_stop4,hard,eu-locality-112,1522,59.089333732633435,59.27973066057916,0.32118386137057753,157.08224360877819,272.4802531432175,157.08224360877819
half1__wrong_tag,ADE_vs_old_stop4,hard,eu-locality-119,1922,69.98315917554635,70.1661183370487,0.26075143650314825,175.13955377005513,274.8091526508623,175.76992045845242
half1__wrong_tag,ADE_vs_old_stop4,hard,eu-locality-124,1375,97.38072216704852,97.98671697965922,0.6184458784719737,276.08041591843744,453.7591506726,277.5179890841983
half1__wrong_tag,ADE_vs_old_stop4,hard,eu-locality-126,1386,64.09861375588217,64.42871419022168,0.5123498714640129,149.9775567329404,231.2736903008077,150.6407980804362
half1__wrong_tag,ADE_vs_old_stop4,complete,eu-locality-007,2882,13.58965009955231,13.658575503511212,0.5046309839644936,47.3816250878465,78.4052790176433,47.726096398137734
half1__wrong_tag,ADE_vs_old_stop4,complete,eu-locality-074,67309,19.261705675098035,19.393552973210205,0.6798511768024151,62.89827679485876,130.54632572394272,63.364852155965394
half1__wrong_tag,ADE_vs_old_stop4,complete,eu-locality-082,582,10.404515589245218,10.396095773005978,-0.08099017576486123,48.02343140325714,88.77064559267427,48.19172118275565
half1__wrong_tag,ADE_vs_old_stop4,complete,eu-locality-110,5804,28.219738293062665,28.31366637361713,0.3317411433582107,118.20634225900001,272.8161773812056,118.20634225900001
half1__wrong_tag,ADE_vs_old_stop4,complete,eu-locality-112,2417,20.746445269996162,20.935423559789925,0.902672397594706,70.36543332544309,171.1830006493205,70.63131723055629
half1__wrong_tag,ADE_vs_old_stop4,complete,eu-locality-119,3148,28.39747776876317,28.498903280269133,0.35589268298679144,113.32172963468405,205.2067029563877,112.70775480291367
half1__wrong_tag,ADE_vs_old_stop4,complete,eu-locality-124,2077,38.1874112097293,38.420882540298,0.6076677971252442,175.54008186626947,316.4037738037055,177.32650540365142
half1__wrong_tag,ADE_vs_old_stop4,complete,eu-locality-126,3637,19.262806177830964,19.431799888008687,0.8696760524073199,85.0633117366397,159.9228740798661,85.0633117366397
half1__wrong_tag,FDE_vs_floor4,endpoint,eu-locality-007,3935,29.695258915335838,29.957687238598282,0.8759966053865642,101.85154087095664,178.8430245622791,102.630383216675
half1__wrong_tag,FDE_vs_floor4,endpoint,eu-locality-074,81289,40.97215806406047,41.42243294389996,1.0870314654122692,138.87528385089772,283.99940693802614,140.26005921066073
half1__wrong_tag,FDE_vs_floor4,endpoint,eu-locality-082,859,25.415639526182606,25.525691905389426,0.43114356944653487,114.66976098816347,234.31504208196256,114.66976098816347
half1__wrong_tag,FDE_vs_floor4,endpoint,eu-locality-110,7204,57.72376800505511,58.25961678107265,0.919760214062415,251.77304034955634,584.930399969669,251.77304034955634
half1__wrong_tag,FDE_vs_floor4,endpoint,eu-locality-112,3719,48.00361317325986,48.55464835543294,1.134876270010976,177.43862924757724,421.63704764077704,180.28741648050087
half1__wrong_tag,FDE_vs_floor4,endpoint,eu-locality-119,4147,65.16734339240675,65.53419395866976,0.5597849673627975,269.30334667392214,484.5542592170748,270.5290560144782
half1__wrong_tag,FDE_vs_floor4,endpoint,eu-locality-124,2645,83.0310725324494,83.97301208164912,1.1217169967463358,379.2183705697583,739.9819351069635,381.17412435677943
half1__wrong_tag,FDE_vs_floor4,endpoint,eu-locality-126,4579,40.00436542589897,40.415302863289966,1.0167867324440194,185.66482730232167,364.90265146493834,185.86716972851187
half1__wrong_tag,ADE_vs_CV,easy,eu-locality-007,1784,1.3697435737038564,1.4116372489032123,2.9677365932292976,3.079078328966901,3.401787686989038,3.1829165280653378
half1__wrong_tag,ADE_vs_CV,easy,eu-locality-074,17176,1.9574268875758627,2.0345987086931556,3.7929750366774373,3.243648897117885,3.4330377869756994,3.3227202724286355
half1__wrong_tag,ADE_vs_CV,easy,eu-locality-082,515,1.5614835784272652,1.6292457075972016,4.159110492294715,3.014218855082224,3.339076289914666,3.1617325949953337
half1__wrong_tag,ADE_vs_CV,easy,eu-locality-110,2009,1.7633749379004333,1.8571965321602297,5.05178599222702,3.121311455129627,3.3870820695124935,3.2841980969419593
half1__wrong_tag,ADE_vs_CV,easy,eu-locality-112,575,2.0204259739539663,2.120126457156666,4.702572474681976,3.1981735274415564,3.413810798068061,3.337428914790469
half1__wrong_tag,ADE_vs_CV,easy,eu-locality-119,1323,1.8058033028196732,1.9039962115564375,5.157200846344945,3.1269109954831653,3.385117910030513,3.27321556485438
half1__wrong_tag,ADE_vs_CV,easy,eu-locality-124,739,1.9024596613693456,2.0089308960456713,5.299895326708404,3.117399391382583,3.372527110065305,3.2764853371884692
half1__wrong_tag,ADE_vs_CV,easy,eu-locality-126,2167,1.40594350791494,1.49949345147157,6.238769730192695,2.965433418794741,3.2901768414760015,3.17156482441628
half1__legacy,ADE_vs_floor4,all,eu-locality-007,5526,13.529328401000214,13.597338877721032,0.5001749043134662,45.62640298792269,78.17184960102423,45.83062605295613
half1__legacy,ADE_vs_floor4,all,eu-locality-074,102348,19.521268514526742,19.657865601418482,0.6948724223747038,64.12572958483968,132.1734057535986,64.54680822032834
half1__legacy,ADE_vs_floor4,all,eu-locality-082,1368,13.535544464114407,13.581405228046572,0.3376731874361494,52.10345078725223,101.91283477915022,51.77887705037489
half1__legacy,ADE_vs_floor4,all,eu-locality-110,8550,30.266078963973143,30.52005384221596,0.8321573728402587,121.68449105426859,267.0243865747038,121.9052045177577
half1__legacy,ADE_vs_floor4,all,eu-locality-112,5004,24.389835738547916,24.560848030619713,0.6962800790045964,86.06597233975334,186.18759729912014,86.2710070848162
half1__legacy,ADE_vs_floor4,all,eu-locality-119,5639,28.80208255720052,28.888772287584914,0.30008104713279415,114.31522229375783,202.09300779548482,114.45336587739244
half1__legacy,ADE_vs_floor4,all,eu-locality-124,3550,42.21751671817096,42.482914180177744,0.6247157642745083,183.67230434997865,340.9957658122714,186.18276158812444
half1__legacy,ADE_vs_floor4,all,eu-locality-126,5790,19.608952096699415,19.74033177128303,0.6655393440486046,86.23750171087968,154.13705580720486,86.23750171087968
half1__legacy,ADE_vs_floor4,easy,eu-locality-007,1784,1.3700605415578855,1.3657812494919728,-0.3133219223433015,3.079078328966901,3.411750708539863,3.086995712824733
half1__legacy,ADE_vs_floor4,easy,eu-locality-074,17176,1.9573364759154477,1.9446018133805958,-0.6548725012609724,3.24115404930331,3.432871420304072,3.2169454427791315
half1__legacy,ADE_vs_floor4,easy,eu-locality-082,515,1.5611152648134323,1.5723394302052656,0.7138512954780962,3.014218855082224,3.339076289914666,3.0305478831342776
half1__legacy,ADE_vs_floor4,easy,eu-locality-110,2009,1.7630956979877588,1.753298000379922,-0.5588153072503266,3.121311455129627,3.366333694421528,3.118753115618861
half1__legacy,ADE_vs_floor4,easy,eu-locality-112,575,2.0205403936032584,2.023007874901879,0.12197091910679525,3.1981735274415564,3.413810798068061,3.1957680905745827
half1__legacy,ADE_vs_floor4,easy,eu-locality-119,1323,1.805304140732064,1.8068634511702983,0.08629929601068342,3.122406318806944,3.3808780005559402,3.122406318806944
half1__legacy,ADE_vs_floor4,easy,eu-locality-124,739,1.9025932106627408,1.9003883258914014,-0.1160228539240915,3.1200034345095826,3.36193430807761,3.122035057622891
half1__legacy,ADE_vs_floor4,easy,eu-locality-126,2167,1.4063401081204976,1.4101194599088722,0.2680164266805396,2.965433418794741,3.2901768414760015,3.0016222179609375
half1__legacy,ADE_vs_floor4,hard,eu-locality-007,1057,40.26849877109544,40.58549695728196,0.78106271932602,80.55862777744943,114.29072331500305,80.93538095486694
half1__legacy,ADE_vs_floor4,hard,eu-locality-074,26162,50.893857171832714,51.28603980828936,0.7646966658425014,119.18781376331333,216.59059593273122,120.74606233183552
half1__legacy,ADE_vs_floor4,hard,eu-locality-082,245,48.194745223083984,48.28317912393113,0.18315674827491524,102.89538275989119,169.5400402883042,102.89538275989119
half1__legacy,ADE_vs_floor4,hard,eu-locality-110,2779,78.2051670910195,78.83414959429463,0.7978553793147602,226.6381696005302,399.24214427247335,227.93329072835834
half1__legacy,ADE_vs_floor4,hard,eu-locality-112,1522,59.088054483653515,59.314533245407475,0.38182676211397926,157.08224360877819,272.4802531432175,157.81065006811522
half1__legacy,ADE_vs_floor4,hard,eu-locality-119,1922,69.98309007247735,70.1661183370487,0.26084992145661845,175.13955377005513,274.8091526508623,175.76992045845242
half1__legacy,ADE_vs_floor4,hard,eu-locality-124,1375,97.38072216704852,97.98671697965922,0.6184458784719737,276.08041591843744,453.7591506726,277.5179890841983
half1__legacy,ADE_vs_floor4,hard,eu-locality-126,1386,64.0985613968158,64.42871419022168,0.5124311381275337,149.9775567329404,231.2736903008077,150.6407980804362
half1__legacy,ADE_vs_floor4,complete,eu-locality-007,2882,13.589433749279365,13.669834479519043,0.5881616954480196,47.3816250878465,78.4052790176433,47.726096398137734
half1__legacy,ADE_vs_floor4,complete,eu-locality-074,67309,19.259811719991042,19.422757280318844,0.8389414436688392,62.866763048236194,130.54632572394272,63.428472057168605
half1__legacy,ADE_vs_floor4,complete,eu-locality-082,582,10.404307419728775,10.462970014678445,0.5606686712030351,48.02343140325714,88.77064559267427,48.19172118275565
half1__legacy,ADE_vs_floor4,complete,eu-locality-110,5804,28.148826526623864,28.423831248415805,0.9675146161278625,118.20634225900001,271.1597144849248,118.53171704139565
half1__legacy,ADE_vs_floor4,complete,eu-locality-112,2417,20.74691816143796,20.95945064907468,1.0140174530103963,70.36543332544309,171.1830006493205,70.63131723055629
half1__legacy,ADE_vs_floor4,complete,eu-locality-119,3148,28.39738969110556,28.504393098670157,0.37539268839787976,113.32172963468405,205.2067029563877,112.70775480291367
half1__legacy,ADE_vs_floor4,complete,eu-locality-124,2077,38.18710402276607,38.48634357197489,0.7775213788475344,175.54008186626947,316.4037738037055,177.32650540365142
half1__legacy,ADE_vs_floor4,complete,eu-locality-126,3637,19.262879329096577,19.432801896634817,0.8744110522099557,85.0633117366397,159.9228740798661,85.0633117366397
half1__legacy,ADE_vs_floor2,all,eu-locality-007,5526,13.529328401000214,13.539013413646849,0.07153410924959358,45.62640298792269,78.17184960102423,45.62640298792269
half1__legacy,ADE_vs_floor2,all,eu-locality-074,102348,19.521268514526742,19.53504669369477,0.07053056685283332,64.12572958483968,132.1734057535986,64.15301596969242
half1__legacy,ADE_vs_floor2,all,eu-locality-082,1368,13.535544464114407,13.542723288195246,0.053008718616409656,52.10345078725223,101.91283477915022,52.10345078725223
half1__legacy,ADE_vs_floor2,all,eu-locality-110,8550,30.266078963973143,30.34904320452461,0.2733669064700406,121.68449105426859,267.0243865747038,121.68449105426859
half1__legacy,ADE_vs_floor2,all,eu-locality-112,5004,24.389835738547916,24.39637804064252,0.02681669419823951,86.06597233975334,186.18759729912014,86.06597233975334
half1__legacy,ADE_vs_floor2,all,eu-locality-119,5639,28.80208255720052,28.803291119493803,0.004195917363292168,114.31522229375783,202.09300779548482,114.31522229375783
half1__legacy,ADE_vs_floor2,all,eu-locality-124,3550,42.21751671817096,42.22066279170483,0.007451502003630317,183.67230434997865,340.9957658122714,183.67230434997865
half1__legacy,ADE_vs_floor2,all,eu-locality-126,5790,19.608952096699415,19.60887315075613,-0.0004026031617421211,86.23750171087968,154.13705580720486,86.23750171087968
half1__legacy,ADE_vs_floor2,easy,eu-locality-007,1784,1.3700605415578855,1.3737725458350083,0.2702051579336673,3.079078328966901,3.411750708539863,3.079078328966901
half1__legacy,ADE_vs_floor2,easy,eu-locality-074,17176,1.9573364759154477,1.9656978092898023,0.4253620945620096,3.24115404930331,3.432871420304072,3.2499868886872467
half1__legacy,ADE_vs_floor2,easy,eu-locality-082,515,1.5611152648134323,1.5645717570743223,0.22092257803205673,3.014218855082224,3.339076289914666,3.014218855082224
half1__legacy,ADE_vs_floor2,easy,eu-locality-110,2009,1.7630956979877588,1.7648960011603116,0.10200619024403057,3.121311455129627,3.366333694421528,3.121311455129627
half1__legacy,ADE_vs_floor2,easy,eu-locality-112,575,2.0205403936032584,2.0208804842221944,0.016828833846982416,3.1981735274415564,3.413810798068061,3.1981735274415564
half1__legacy,ADE_vs_floor2,easy,eu-locality-119,1323,1.805304140732064,1.8085511822267584,0.17953826945038553,3.122406318806944,3.3808780005559402,3.1269109954831653
half1__legacy,ADE_vs_floor2,easy,eu-locality-124,739,1.9025932106627408,1.9058005523480506,0.16829366962656245,3.1200034345095826,3.36193430807761,3.1200034345095826
half1__legacy,ADE_vs_floor2,easy,eu-locality-126,2167,1.4063401081204976,1.405970215623872,-0.02630870074735725,2.965433418794741,3.2901768414760015,2.965433418794741
half1__legacy,ADE_vs_floor2,hard,eu-locality-007,1057,40.26849877109544,40.29244713909945,0.05943637010017433,80.55862777744943,114.29072331500305,80.55862777744943
half1__legacy,ADE_vs_floor2,hard,eu-locality-074,26162,50.893857171832714,50.934881425286534,0.08054255218792328,119.18781376331333,216.59059593273122,119.53256095752614
half1__legacy,ADE_vs_floor2,hard,eu-locality-082,245,48.194745223083984,48.21245416073212,0.03673104378610903,102.89538275989119,169.5400402883042,102.89538275989119
half1__legacy,ADE_vs_floor2,hard,eu-locality-110,2779,78.2051670910195,78.45524797504812,0.3187560940577927,226.6381696005302,399.24214427247335,227.93329072835834
half1__legacy,ADE_vs_floor2,hard,eu-locality-112,1522,59.088054483653515,59.10648470560102,0.03118138735419551,157.08224360877819,272.4802531432175,157.81065006811522
half1__legacy,ADE_vs_floor2,hard,eu-locality-119,1922,69.98309007247735,69.98240763232128,-0.0009751595853257911,175.13955377005513,274.8091526508623,175.13955377005513
half1__legacy,ADE_vs_floor2,hard,eu-locality-124,1375,97.38072216704852,97.38049080086161,-0.00023758987555133615,276.08041591843744,453.7591506726,276.08041591843744
half1__legacy,ADE_vs_floor2,hard,eu-locality-126,1386,64.0985613968158,64.09852434202415,-5.780911811470446e-05,149.9775567329404,231.2736903008077,149.9775567329404
half1__legacy,ADE_vs_floor2,complete,eu-locality-007,2882,13.589433749279365,13.594082876538739,0.034199638928178455,47.3816250878465,78.4052790176433,47.3816250878465
half1__legacy,ADE_vs_floor2,complete,eu-locality-074,67309,19.259811719991042,19.271766732603183,0.062033817542617165,62.866763048236194,130.54632572394272,62.90543827997568
half1__legacy,ADE_vs_floor2,complete,eu-locality-082,582,10.404307419728775,10.414446467691457,0.0973556107291551,48.02343140325714,88.77064559267427,48.02343140325714
half1__legacy,ADE_vs_floor2,complete,eu-locality-110,5804,28.148826526623864,28.222281967673837,0.2602746338304929,118.20634225900001,271.1597144849248,118.20634225900001
half1__legacy,ADE_vs_floor2,complete,eu-locality-112,2417,20.74691816143796,20.747649174474905,0.00352335356549327,70.36543332544309,171.1830006493205,70.36543332544309
half1__legacy,ADE_vs_floor2,complete,eu-locality-119,3148,28.39738969110556,28.398778566009064,0.004890614926544856,113.32172963468405,205.2067029563877,113.32172963468405
half1__legacy,ADE_vs_floor2,complete,eu-locality-124,2077,38.18710402276607,38.19096902792557,0.010120207100983158,175.54008186626947,316.4037738037055,175.54008186626947
half1__legacy,ADE_vs_floor2,complete,eu-locality-126,3637,19.262879329096577,19.263033120415404,0.0007983754057083736,85.0633117366397,159.9228740798661,85.0633117366397
half1__legacy,ADE_vs_old_stop4,all,eu-locality-007,5526,13.529328401000214,13.584032419946364,0.40270824785301196,45.62640298792269,78.17184960102423,45.83062605295613
half1__legacy,ADE_vs_old_stop4,all,eu-locality-074,102348,19.521268514526742,19.623430553535446,0.520612533725906,64.12572958483968,132.1734057535986,64.40997743111183
half1__legacy,ADE_vs_old_stop4,all,eu-locality-082,1368,13.535544464114407,13.51861247795119,-0.12524943806793143,52.10345078725223,101.91283477915022,51.77887705037489
half1__legacy,ADE_vs_old_stop4,all,eu-locality-110,8550,30.266078963973143,30.41456546069233,0.4882085095415545,121.68449105426859,267.0243865747038,121.68449105426859
half1__legacy,ADE_vs_old_stop4,all,eu-locality-112,5004,24.389835738547916,24.534630173372427,0.5901635109285541,86.06597233975334,186.18759729912014,86.2710070848162
half1__legacy,ADE_vs_old_stop4,all,eu-locality-119,5639,28.80208255720052,28.88438548198875,0.284939158008235,114.31522229375783,202.09300779548482,114.45336587739244
half1__legacy,ADE_vs_old_stop4,all,eu-locality-124,3550,42.21751671817096,42.43953851271538,0.5231484656174956,183.67230434997865,340.9957658122714,186.18276158812444
half1__legacy,ADE_vs_old_stop4,all,eu-locality-126,5790,19.608952096699415,19.73917869384262,0.659736654513543,86.23750171087968,154.13705580720486,86.23750171087968
half1__legacy,ADE_vs_old_stop4,easy,eu-locality-007,1784,1.3700605415578855,1.3562042475541254,-1.021696697142005,3.079078328966901,3.411750708539863,3.079078328966901
half1__legacy,ADE_vs_old_stop4,easy,eu-locality-074,17176,1.9573364759154477,1.9423074230289294,-0.7737731271747483,3.24115404930331,3.432871420304072,3.2169454427791315
half1__legacy,ADE_vs_old_stop4,easy,eu-locality-082,515,1.5611152648134323,1.5553599263333115,-0.3700325810559235,3.014218855082224,3.339076289914666,3.0440363695343216
half1__legacy,ADE_vs_old_stop4,easy,eu-locality-110,2009,1.7630956979877588,1.7516838900572815,-0.6514764447656196,3.121311455129627,3.366333694421528,3.118753115618861
half1__legacy,ADE_vs_old_stop4,easy,eu-locality-112,575,2.0205403936032584,2.0150321730678353,-0.27335645599331215,3.1981735274415564,3.413810798068061,3.1957680905745827
half1__legacy,ADE_vs_old_stop4,easy,eu-locality-119,1323,1.805304140732064,1.7935374539845235,-0.6560602747045952,3.122406318806944,3.3808780005559402,3.1200103935491423
half1__legacy,ADE_vs_old_stop4,easy,eu-locality-124,739,1.9025932106627408,1.8867831970174282,-0.8379348337585579,3.1200034345095826,3.36193430807761,3.122035057622891
half1__legacy,ADE_vs_old_stop4,easy,eu-locality-126,2167,1.4063401081204976,1.4069584466372904,0.04394859835915588,2.965433418794741,3.2901768414760015,3.0002802926060923
half1__legacy,ADE_vs_old_stop4,hard,eu-locality-007,1057,40.26849877109544,40.57700735068157,0.760303925126582,80.55862777744943,114.29072331500305,80.93538095486694
half1__legacy,ADE_vs_old_stop4,hard,eu-locality-074,26162,50.893857171832714,51.17777460131544,0.5547670481854672,119.18781376331333,216.59059593273122,119.9690594176946
half1__legacy,ADE_vs_old_stop4,hard,eu-locality-082,245,48.194745223083984,48.15691159428865,-0.07856323743116178,102.89538275989119,169.5400402883042,102.89538275989119
half1__legacy,ADE_vs_old_stop4,hard,eu-locality-110,2779,78.2051670910195,78.53453219484568,0.41938889125743284,226.6381696005302,399.24214427247335,226.6381696005302
half1__legacy,ADE_vs_old_stop4,hard,eu-locality-112,1522,59.088054483653515,59.27973066057916,0.32334184853696213,157.08224360877819,272.4802531432175,157.08224360877819
half1__legacy,ADE_vs_old_stop4,hard,eu-locality-119,1922,69.98309007247735,70.1661183370487,0.26084992145661845,175.13955377005513,274.8091526508623,175.76992045845242
half1__legacy,ADE_vs_old_stop4,hard,eu-locality-124,1375,97.38072216704852,97.98671697965922,0.6184458784719737,276.08041591843744,453.7591506726,277.5179890841983
half1__legacy,ADE_vs_old_stop4,hard,eu-locality-126,1386,64.0985613968158,64.42871419022168,0.5124311381275337,149.9775567329404,231.2736903008077,150.6407980804362
half1__legacy,ADE_vs_old_stop4,complete,eu-locality-007,2882,13.589433749279365,13.658575503511212,0.5062149725209131,47.3816250878465,78.4052790176433,47.726096398137734
half1__legacy,ADE_vs_old_stop4,complete,eu-locality-074,67309,19.259811719991042,19.393552973210205,0.6896170774066568,62.866763048236194,130.54632572394272,63.364852155965394
half1__legacy,ADE_vs_old_stop4,complete,eu-locality-082,582,10.404307419728775,10.396095773005978,-0.07898779409207801,48.02343140325714,88.77064559267427,48.19172118275565
half1__legacy,ADE_vs_old_stop4,complete,eu-locality-110,5804,28.148826526623864,28.31366637361713,0.5821918109018442,118.20634225900001,271.1597144849248,118.20634225900001
half1__legacy,ADE_vs_old_stop4,complete,eu-locality-112,2417,20.74691816143796,20.935423559789925,0.9004135875904651,70.36543332544309,171.1830006493205,70.63131723055629
half1__legacy,ADE_vs_old_stop4,complete,eu-locality-119,3148,28.39738969110556,28.498903280269133,0.3562017392923833,113.32172963468405,205.2067029563877,112.70775480291367
half1__legacy,ADE_vs_old_stop4,complete,eu-locality-124,2077,38.18710402276607,38.420882540298,0.6084673283772934,175.54008186626947,316.4037738037055,177.32650540365142
half1__legacy,ADE_vs_old_stop4,complete,eu-locality-126,3637,19.262879329096577,19.431799888008687,0.8692996010953635,85.0633117366397,159.9228740798661,85.0633117366397
half1__legacy,FDE_vs_floor4,endpoint,eu-locality-007,3935,29.68412528003268,29.957687238598282,0.9131611408678353,101.85154087095664,178.8430245622791,102.630383216675
half1__legacy,FDE_vs_floor4,endpoint,eu-locality-074,81289,40.965360149712254,41.42243294389996,1.1034426558351629,138.86757564958629,283.2554968648477,140.26005921066073
half1__legacy,FDE_vs_floor4,endpoint,eu-locality-082,859,25.41453862905691,25.525691905389426,0.43545646772085167,114.66976098816347,234.31504208196256,114.66976098816347
half1__legacy,FDE_vs_floor4,endpoint,eu-locality-110,7204,57.593341861028364,58.25961678107265,1.1436307975522864,251.77304034955634,584.5641318790994,251.77304034955634
half1__legacy,FDE_vs_floor4,endpoint,eu-locality-112,3719,48.004387554409725,48.55464835543294,1.1332814048928053,177.43862924757724,421.63704764077704,180.28741648050087
half1__legacy,FDE_vs_floor4,endpoint,eu-locality-119,4147,65.16581107625336,65.53419395866976,0.562123160694894,269.30334667392214,484.5542592170748,270.5290560144782
half1__legacy,FDE_vs_floor4,endpoint,eu-locality-124,2645,83.0284122647662,83.97301208164912,1.124884999914566,379.2183705697583,739.9819351069635,381.17412435677943
half1__legacy,FDE_vs_floor4,endpoint,eu-locality-126,4579,40.004782081844425,40.415302863289966,1.0157557963481834,185.66482730232167,364.90265146493834,185.86716972851187
half1__legacy,ADE_vs_CV,easy,eu-locality-007,1784,1.3700605415578855,1.4116372489032123,2.945282676383776,3.079078328966901,3.411750708539863,3.1829165280653378
half1__legacy,ADE_vs_CV,easy,eu-locality-074,17176,1.9573364759154477,2.0345987086931556,3.7974187463892695,3.24115404930331,3.432871420304072,3.3227202724286355
half1__legacy,ADE_vs_CV,easy,eu-locality-082,515,1.5611152648134323,1.6292457075972016,4.181716880767327,3.014218855082224,3.339076289914666,3.1617325949953337
half1__legacy,ADE_vs_CV,easy,eu-locality-110,2009,1.7630956979877588,1.8571965321602297,5.066821552968115,3.121311455129627,3.366333694421528,3.2841980969419593
half1__legacy,ADE_vs_CV,easy,eu-locality-112,575,2.0205403936032584,2.120126457156666,4.697175643332319,3.1981735274415564,3.413810798068061,3.337428914790469
half1__legacy,ADE_vs_CV,easy,eu-locality-119,1323,1.805304140732064,1.9039962115564375,5.183417394706725,3.122406318806944,3.3808780005559402,3.27321556485438
half1__legacy,ADE_vs_CV,easy,eu-locality-124,739,1.9025932106627408,2.0089308960456713,5.29324754735182,3.1200034345095826,3.36193430807761,3.2764853371884692
half1__legacy,ADE_vs_CV,easy,eu-locality-126,2167,1.4063401081204976,1.49949345147157,6.212320784705916,2.965433418794741,3.2901768414760015,3.17156482441628
half0__producer,global,all,eu-locality-007,5526,13.558992669972849,13.54810231883373,-0.080382852762928,45.80191694195659,80.21804688045466,45.72409026969978
half0__producer,global,all,eu-locality-074,102348,19.6396468100205,19.638509433679964,-0.005791561444001836,64.54680822032834,133.0198546391633,64.53969478471718
half0__producer,global,all,eu-locality-082,1368,13.445779528563067,13.45462440013915,0.06573852463686025,51.63995873727773,101.91283477915022,51.63995873727773
half0__producer,global,all,eu-locality-110,8550,30.522721255201255,30.522459336168613,-0.0008581190321432786,121.9052045177577,270.73137899676516,121.9052045177577
half0__producer,global,all,eu-locality-112,5004,24.535600857439846,24.537669295438924,0.008429643313612178,86.23583738842102,186.18759729912014,86.23583738842102
half0__producer,global,all,eu-locality-119,5639,28.895296027397013,28.896275350278266,0.003389097277706199,114.3522798565831,201.6878989025234,114.3522798565831
half0__producer,global,all,eu-locality-124,3550,42.478804093044936,42.48282314103377,0.009460407034367346,186.45287792257716,342.6275202233269,186.45287792257716
half0__producer,global,all,eu-locality-126,5790,19.771219811986764,19.771531158079767,0.0015747191783654912,86.07918647650389,157.09863889864567,86.07918647650389
half0__producer,global,easy,eu-locality-007,1784,1.3564655684894809,1.3604597443553943,0.29359015454043513,3.10114446630758,3.398338306729431,3.1019652925988592
half0__producer,global,easy,eu-locality-074,17176,1.9425782618214822,1.94264269436417,0.0033167469692063634,3.215108542395055,3.4303959409627067,3.214826546341872
half0__producer,global,easy,eu-locality-082,515,1.5512071622897008,1.5527975947830936,0.10242368346886632,3.0305478831342776,3.403722230149994,3.0305478831342776
half0__producer,global,easy,eu-locality-110,2009,1.7455718729408043,1.7457543555528605,0.010452937521010508,3.101500209565155,3.3432289343058565,3.101500209565155
half0__producer,global,easy,eu-locality-112,575,2.0220222600828754,2.0220222600828754,0.0,3.2374516672896902,3.3885506043992457,3.2374516672896902
half0__producer,global,easy,eu-locality-119,1323,1.7961218135893207,1.7978420479301027,0.09568328556797123,3.150553623184178,3.4022710633529285,3.150553623184178
half0__producer,global,easy,eu-locality-124,739,1.8888088768086815,1.8887369855138603,-0.003806315827592499,3.132432246139888,3.379495188093331,3.132432246139888
half0__producer,global,easy,eu-locality-126,2167,1.413961987255889,1.4147938718329547,0.058798994936826166,2.998952651156105,3.3221883241114494,2.998952651156105
half0__producer,global,hard,eu-locality-007,1057,40.51842418150824,40.455317129703026,-0.15599198395326308,80.93538095486694,114.29072331500305,80.80457610949254
half0__producer,global,hard,eu-locality-074,26162,51.23801571905085,51.23148394491879,-0.012749531399625091,119.98803804692119,216.74619194656225,119.97842077229647
half0__producer,global,hard,eu-locality-082,245,47.99028704318262,47.99028704318262,0.0,102.89538275989119,169.5400402883042,102.89538275989119
half0__producer,global,hard,eu-locality-110,2779,78.772284548444,78.77228570960862,1.4740776044241954e-06,227.4742146023239,408.3784087886384,227.4742146023239
half0__producer,global,hard,eu-locality-112,1522,59.27761303735688,59.27761303735688,0.0,157.08224360877819,272.4802531432175,157.08224360877819
half0__producer,global,hard,eu-locality-119,1922,70.17018792466688,70.17018792466688,0.0,175.76992045845242,274.8091526508623,175.76992045845242
half0__producer,global,hard,eu-locality-124,1375,98.08966926692374,98.08966926692374,0.0,277.5179890841983,454.9614884293962,277.5179890841983
half0__producer,global,hard,eu-locality-126,1386,64.4483429386416,64.4483429386416,0.0,151.64093485237026,230.7748273522354,151.64093485237026
half0__producer,global,complete,eu-locality-007,2882,13.639847188463293,13.639940375265404,0.000683190685202284,47.83773492869996,79.58424742220402,47.83773492869996
half0__producer,global,complete,eu-locality-074,67309,19.41145464126456,19.411431373138797,-0.00011986816075282292,63.48819468321252,131.45805079660022,63.48819468321252
half0__producer,global,complete,eu-locality-082,582,10.27207496944599,10.285325051861438,0.12882512072917018,48.19172118275565,88.77064559267427,48.19172118275565
half0__producer,global,complete,eu-locality-110,5804,28.463026723210213,28.46146281106676,-0.005494841055209143,118.53171704139565,275.3204835858817,118.53171704139565
half0__producer,global,complete,eu-locality-112,2417,20.94722554091525,20.95150790076108,0.020439387303827772,70.63131723055629,171.1830006493205,70.63131723055629
half0__producer,global,complete,eu-locality-119,3148,28.51975088858441,28.52026276159217,0.0017947696065778729,111.844506586388,205.2067029563877,111.844506586388
half0__producer,global,complete,eu-locality-124,2077,38.460756355943815,38.467651275552484,0.017923942273678772,177.32650540365142,316.4037738037055,177.32650540365142
half0__producer,global,complete,eu-locality-126,3637,19.48594714279188,19.48638224043789,0.0022328292683782003,85.0633117366397,163.85887416785963,85.0633117366397
half0__producer,global,endpoint_FDE,eu-locality-007,3935,29.85849774868364,29.826383713274108,-0.10766989293187201,102.630383216675,179.47061743579053,102.45776178280984
half0__producer,global,endpoint_FDE,eu-locality-074,81289,41.4083428309707,41.405302835518725,-0.007342043757185834,140.09073078341265,286.1232268664211,140.06719202333673
half0__producer,global,endpoint_FDE,eu-locality-082,859,25.091593757954723,25.11449338368795,0.09118091845763399,113.0556753805091,234.31504208196256,113.0556753805091
half0__producer,global,endpoint_FDE,eu-locality-110,7204,58.35840536811882,58.357789737502124,-0.0010549244915836198,251.77304034955634,587.6090239057078,251.77304034955634
half0__producer,global,endpoint_FDE,eu-locality-112,3719,48.53356538663138,48.53810313069274,0.009348828587596447,180.1956545671106,421.92552065383416,180.1956545671106
half0__producer,global,endpoint_FDE,eu-locality-119,4147,65.57103351411021,65.57303428628228,0.0030512118187719928,270.5290560144782,484.5542592170748,270.5290560144782
half0__producer,global,endpoint_FDE,eu-locality-124,2645,84.02311863066639,84.03183847114718,0.010376829353542227,381.9827743206876,749.8979417287693,381.9827743206876
half0__producer,global,endpoint_FDE,eu-locality-126,4579,40.536055927967226,40.536718431205095,0.0016343287358000502,185.4304850294719,367.4904107537943,185.4304850294719
half0__producer,placebo,all,eu-locality-007,5526,13.558992669972849,13.547336900273063,-0.08603735025995984,45.80191694195659,80.21804688045466,45.72409026969978
half0__producer,placebo,all,eu-locality-074,102348,19.6396468100205,19.637832370386622,-0.00923951075484375,64.54680822032834,133.0198546391633,64.53969478471718
half0__producer,placebo,all,eu-locality-082,1368,13.445779528563067,13.443438149599617,-0.017416519028801147,51.63995873727773,101.91283477915022,51.63995873727773
half0__producer,placebo,all,eu-locality-110,8550,30.522721255201255,30.469665148371696,-0.1741276334058961,121.9052045177577,270.73137899676516,121.68449105426859
half0__producer,placebo,all,eu-locality-112,5004,24.535600857439846,24.53573104242343,0.0005305934571819826,86.23583738842102,186.18759729912014,86.23583738842102
half0__producer,placebo,all,eu-locality-119,5639,28.895296027397013,28.895919589515636,0.0021579590733900034,114.3522798565831,201.6878989025234,114.3522798565831
half0__producer,placebo,all,eu-locality-124,3550,42.478804093044936,42.4822014352621,0.007997095495015927,186.45287792257716,342.6275202233269,186.45287792257716
half0__producer,placebo,all,eu-locality-126,5790,19.771219811986764,19.771232954725708,6.647404829918102e-05,86.07918647650389,157.09863889864567,86.07918647650389
half0__producer,placebo,easy,eu-locality-007,1784,1.3564655684894809,1.3577706306955803,0.0961180170343634,3.10114446630758,3.398338306729431,3.10114446630758
half0__producer,placebo,easy,eu-locality-074,17176,1.9425782618214822,1.942676419952699,0.005052726754106729,3.215108542395055,3.4303959409627067,3.215108542395055
half0__producer,placebo,easy,eu-locality-082,515,1.5512071622897008,1.551968411780421,0.04905057892556908,3.0305478831342776,3.403722230149994,3.0305478831342776
half0__producer,placebo,easy,eu-locality-110,2009,1.7455718729408043,1.746159957302157,0.03367872220946255,3.101500209565155,3.3432289343058565,3.101500209565155
half0__producer,placebo,easy,eu-locality-112,575,2.0220222600828754,2.0220222600828754,0.0,3.2374516672896902,3.3885506043992457,3.2374516672896902
half0__producer,placebo,easy,eu-locality-119,1323,1.7961218135893207,1.7978420479301027,0.09568328556797123,3.150553623184178,3.4022710633529285,3.150553623184178
half0__producer,placebo,easy,eu-locality-124,739,1.8888088768086815,1.888787671211953,-0.00112270939989223,3.132432246139888,3.379495188093331,3.132432246139888
half0__producer,placebo,easy,eu-locality-126,2167,1.413961987255889,1.4139971032957999,0.0024834591123901184,2.998952651156105,3.3221883241114494,2.998952651156105
half0__producer,placebo,hard,eu-locality-007,1057,40.51842418150824,40.455317129703026,-0.15599198395326308,80.93538095486694,114.29072331500305,80.80457610949254
half0__producer,placebo,hard,eu-locality-074,26162,51.23801571905085,51.22964397651235,-0.01634159812302638,119.98803804692119,216.74619194656225,119.97842077229647
half0__producer,placebo,hard,eu-locality-082,245,47.99028704318262,47.99028704318262,0.0,102.89538275989119,169.5400402883042,102.89538275989119
half0__producer,placebo,hard,eu-locality-110,2779,78.772284548444,78.60596774534265,-0.21158292159211278,227.4742146023239,408.3784087886384,226.6381696005302
half0__producer,placebo,hard,eu-locality-112,1522,59.27761303735688,59.27804105684299,0.0007220540329533343,157.08224360877819,272.4802531432175,157.08224360877819
half0__producer,placebo,hard,eu-locality-119,1922,70.17018792466688,70.17018792466688,0.0,175.76992045845242,274.8091526508623,175.76992045845242
half0__producer,placebo,hard,eu-locality-124,1375,98.08966926692374,98.08966926692374,0.0,277.5179890841983,454.9614884293962,277.5179890841983
half0__producer,placebo,hard,eu-locality-126,1386,64.4483429386416,64.4483429386416,0.0,151.64093485237026,230.7748273522354,151.64093485237026
half0__producer,placebo,complete,eu-locality-007,2882,13.639847188463293,13.640593197716637,0.005469038204797272,47.83773492869996,79.58424742220402,47.83773492869996
half0__producer,placebo,complete,eu-locality-074,67309,19.41145464126456,19.411225363724224,-0.0011811595406197029,63.48819468321252,131.45805079660022,63.48819468321252
half0__producer,placebo,complete,eu-locality-082,582,10.27207496944599,10.280613841669108,0.08305799979091422,48.19172118275565,88.77064559267427,48.19172118275565
half0__producer,placebo,complete,eu-locality-110,5804,28.463026723210213,28.38435772711619,-0.27715616062318205,118.53171704139565,275.3204835858817,118.20634225900001
half0__producer,placebo,complete,eu-locality-112,2417,20.94722554091525,20.94722554091525,0.0,70.63131723055629,171.1830006493205,70.63131723055629
half0__producer,placebo,complete,eu-locality-119,3148,28.51975088858441,28.51962548873941,-0.0004396966750030984,111.844506586388,205.2067029563877,111.844506586388
half0__producer,placebo,complete,eu-locality-124,2077,38.460756355943815,38.46657062450754,0.015115120660169623,177.32650540365142,316.4037738037055,177.32650540365142
half0__producer,placebo,complete,eu-locality-126,3637,19.48594714279188,19.485944841817936,-1.1808377586852714e-05,85.0633117366397,163.85887416785963,85.0633117366397
half0__producer,placebo,endpoint_FDE,eu-locality-007,3935,29.85849774868364,29.82718126431938,-0.10499310708156351,102.630383216675,179.47061743579053,102.45776178280984
half0__producer,placebo,endpoint_FDE,eu-locality-074,81289,41.4083428309707,41.40276893016036,-0.013462628114901953,140.09073078341265,286.1232268664211,140.06719202333673
half0__producer,placebo,endpoint_FDE,eu-locality-082,859,25.091593757954723,25.08369278005639,-0.03149846383310173,113.0556753805091,234.31504208196256,113.0556753805091
half0__producer,placebo,endpoint_FDE,eu-locality-110,7204,58.35840536811882,58.23983256284225,-0.20359400097624825,251.77304034955634,587.6090239057078,251.77304034955634
half0__producer,placebo,endpoint_FDE,eu-locality-112,3719,48.53356538663138,48.53336006558347,-0.00042305137668563475,180.1956545671106,421.92552065383416,180.1956545671106
half0__producer,placebo,endpoint_FDE,eu-locality-119,4147,65.57103351411021,65.5723587860563,0.002021083228698206,270.5290560144782,484.5542592170748,270.5290560144782
half0__producer,placebo,endpoint_FDE,eu-locality-124,2645,84.02311863066639,84.03061335279317,0.008919037750343417,381.9827743206876,749.8979417287693,381.9827743206876
half0__producer,placebo,endpoint_FDE,eu-locality-126,4579,40.536055927967226,40.536091225356635,8.707645049454982e-05,185.4304850294719,367.4904107537943,185.4304850294719
half0__producer,wrong_tag,all,eu-locality-007,5526,13.558992669972849,13.54693539521125,-0.08900370755338116,45.80191694195659,80.21804688045466,45.72409026969978
half0__producer,wrong_tag,all,eu-locality-074,102348,19.6396468100205,19.63738064658052,-0.011540049463643065,64.54680822032834,133.0198546391633,64.53067940722336
half0__producer,wrong_tag,all,eu-locality-082,1368,13.445779528563067,13.443747010651986,-0.01511868610344358,51.63995873727773,101.91283477915022,51.63995873727773
half0__producer,wrong_tag,all,eu-locality-110,8550,30.522721255201255,30.52285943783072,0.0004527184936486961,121.9052045177577,270.73137899676516,121.9052045177577
half0__producer,wrong_tag,all,eu-locality-112,5004,24.535600857439846,24.53573941656175,0.0005647236447692272,86.23583738842102,186.18759729912014,86.23583738842102
half0__producer,wrong_tag,all,eu-locality-119,5639,28.895296027397013,28.896231705661872,0.0032380632685624633,114.3522798565831,201.6878989025234,114.3522798565831
half0__producer,wrong_tag,all,eu-locality-124,3550,42.478804093044936,42.48467315924957,0.013814549502666473,186.45287792257716,342.6275202233269,186.45287792257716
half0__producer,wrong_tag,all,eu-locality-126,5790,19.771219811986764,19.771255388123834,0.00017993868558496828,86.07918647650389,157.09863889864567,86.07918647650389
half0__producer,wrong_tag,easy,eu-locality-007,1784,1.3564655684894809,1.3566954213171618,0.01694210978155919,3.10114446630758,3.398338306729431,3.10114446630758
half0__producer,wrong_tag,easy,eu-locality-074,17176,1.9425782618214822,1.9425318977072838,-0.0023867877924299563,3.215108542395055,3.4303959409627067,3.214826546341872
half0__producer,wrong_tag,easy,eu-locality-082,515,1.5512071622897008,1.5527888426923429,0.10186062387591566,3.0305478831342776,3.403722230149994,3.0305478831342776
half0__producer,wrong_tag,easy,eu-locality-110,2009,1.7455718729408043,1.746159957302157,0.03367872220946255,3.101500209565155,3.3432289343058565,3.101500209565155
half0__producer,wrong_tag,easy,eu-locality-112,575,2.0220222600828754,2.023228085902014,0.059599104398599945,3.2374516672896902,3.3885506043992457,3.2374516672896902
half0__producer,wrong_tag,easy,eu-locality-119,1323,1.7961218135893207,1.7976560222371005,0.08534495080269044,3.150553623184178,3.4022710633529285,3.150553623184178
half0__producer,wrong_tag,easy,eu-locality-124,739,1.8888088768086815,1.8887369855138603,-0.003806315827592499,3.132432246139888,3.379495188093331,3.132432246139888
half0__producer,wrong_tag,easy,eu-locality-126,2167,1.413961987255889,1.4140570430166808,0.006722201290332297,2.998952651156105,3.3221883241114494,2.998952651156105
half0__producer,wrong_tag,hard,eu-locality-007,1057,40.51842418150824,40.455317129703026,-0.15599198395326308,80.93538095486694,114.29072331500305,80.80457610949254
half0__producer,wrong_tag,hard,eu-locality-074,26162,51.23801571905085,51.22831442720958,-0.018937362959792203,119.98803804692119,216.74619194656225,119.97842077229647
half0__producer,wrong_tag,hard,eu-locality-082,245,47.99028704318262,47.99028704318262,0.0,102.89538275989119,169.5400402883042,102.89538275989119
half0__producer,wrong_tag,hard,eu-locality-110,2779,78.772284548444,78.772284548444,0.0,227.4742146023239,408.3784087886384,227.4742146023239
half0__producer,wrong_tag,hard,eu-locality-112,1522,59.27761303735688,59.27761303735688,0.0,157.08224360877819,272.4802531432175,157.08224360877819
half0__producer,wrong_tag,hard,eu-locality-119,1922,70.17018792466688,70.17018792466688,0.0,175.76992045845242,274.8091526508623,175.76992045845242
half0__producer,wrong_tag,hard,eu-locality-124,1375,98.08966926692374,98.08966926692374,0.0,277.5179890841983,454.9614884293962,277.5179890841983
half0__producer,wrong_tag,hard,eu-locality-126,1386,64.4483429386416,64.4483429386416,0.0,151.64093485237026,230.7748273522354,151.64093485237026
half0__producer,wrong_tag,complete,eu-locality-007,2882,13.639847188463293,13.640005608745307,0.0011614385401204075,47.83773492869996,79.58424742220402,47.83773492869996
half0__producer,wrong_tag,complete,eu-locality-074,67309,19.41145464126456,19.411077189976435,-0.001944514899565597,63.48819468321252,131.45805079660022,63.48354353559379
half0__producer,wrong_tag,complete,eu-locality-082,582,10.27207496944599,10.280613841669108,0.08305799979091422,48.19172118275565,88.77064559267427,48.19172118275565
half0__producer,wrong_tag,complete,eu-locality-110,5804,28.463026723210213,28.463230283079607,0.0007151678406480677,118.53171704139565,275.3204835858817,118.53171704139565
half0__producer,wrong_tag,complete,eu-locality-112,2417,20.94722554091525,20.94722554091525,0.0,70.63131723055629,171.1830006493205,70.63131723055629
half0__producer,wrong_tag,complete,eu-locality-119,3148,28.51975088858441,28.52018458116274,0.0015206513726995219,111.844506586388,205.2067029563877,111.844506586388
half0__producer,wrong_tag,complete,eu-locality-124,2077,38.460756355943815,38.4709128019146,0.026400324897624117,177.32650540365142,316.4037738037055,177.32650540365142
half0__producer,wrong_tag,complete,eu-locality-126,3637,19.48594714279188,19.485959746130668,6.467907638363357e-05,85.0633117366397,163.85887416785963,85.0633117366397
half0__producer,wrong_tag,endpoint_FDE,eu-locality-007,3935,29.85849774868364,29.826326088660544,-0.1078633014587993,102.630383216675,179.47061743579053,102.45776178280984
half0__producer,wrong_tag,endpoint_FDE,eu-locality-074,81289,41.4083428309707,41.402864552032625,-0.013231642296607227,140.09073078341265,286.1232268664211,140.05711017181724
half0__producer,wrong_tag,endpoint_FDE,eu-locality-082,859,25.091593757954723,25.083976705205142,-0.030366208831633656,113.0556753805091,234.31504208196256,113.0556753805091
half0__producer,wrong_tag,endpoint_FDE,eu-locality-110,7204,58.35840536811882,58.35853083083094,0.00021498607030157046,251.77304034955634,587.6090239057078,251.77304034955634
half0__producer,wrong_tag,endpoint_FDE,eu-locality-112,3719,48.53356538663138,48.534031451283944,0.0009602842348521712,180.1956545671106,421.92552065383416,180.1956545671106
half0__producer,wrong_tag,endpoint_FDE,eu-locality-119,4147,65.57103351411021,65.57290150392424,0.002848722217851929,270.5290560144782,484.5542592170748,270.5290560144782
half0__producer,wrong_tag,endpoint_FDE,eu-locality-124,2645,84.02311863066639,84.03704875304825,0.016576167997994773,381.9827743206876,749.8979417287693,381.9827743206876
half0__producer,wrong_tag,endpoint_FDE,eu-locality-126,4579,40.536055927967226,40.53614055815888,0.0002087771319270182,185.4304850294719,367.4904107537943,185.4304850294719
half0__producer,legacy,all,eu-locality-007,5526,13.558992669972849,13.552003432081365,-0.05157346606730062,45.80191694195659,80.21804688045466,45.72409026969978
half0__producer,legacy,all,eu-locality-074,102348,19.6396468100205,19.634090948751176,-0.028297013005729177,64.54680822032834,133.0198546391633,64.49888177909502
half0__producer,legacy,all,eu-locality-082,1368,13.445779528563067,13.441892855793865,-0.02891462393650457,51.63995873727773,101.91283477915022,51.63995873727773
half0__producer,legacy,all,eu-locality-110,8550,30.522721255201255,30.43478041589433,-0.2889484928269681,121.9052045177577,270.73137899676516,121.68449105426859
half0__producer,legacy,all,eu-locality-112,5004,24.535600857439846,24.537469761542134,0.007616531453524811,86.23583738842102,186.18759729912014,86.23583738842102
half0__producer,legacy,all,eu-locality-119,5639,28.895296027397013,28.896231705661872,0.0032380632685624633,114.3522798565831,201.6878989025234,114.3522798565831
half0__producer,legacy,all,eu-locality-124,3550,42.478804093044936,42.515242891510866,0.08570760975989966,186.45287792257716,342.6275202233269,186.45287792257716
half0__producer,legacy,all,eu-locality-126,5790,19.771219811986764,19.77270069544324,0.0074895355939852415,86.07918647650389,157.09863889864567,86.07918647650389
half0__producer,legacy,easy,eu-locality-007,1784,1.3564655684894809,1.3566811571644173,0.015890887390745956,3.10114446630758,3.398338306729431,3.10114446630758
half0__producer,legacy,easy,eu-locality-074,17176,1.9425782618214822,1.9425434450970838,-0.0017923266780073277,3.215108542395055,3.4303959409627067,3.214698408145134
half0__producer,legacy,easy,eu-locality-082,515,1.5512071622897008,1.5529104019545663,0.10968048528245955,3.0305478831342776,3.403722230149994,3.0305478831342776
half0__producer,legacy,easy,eu-locality-110,2009,1.7455718729408043,1.746159957302157,0.03367872220946255,3.101500209565155,3.3432289343058565,3.101500209565155
half0__producer,legacy,easy,eu-locality-112,575,2.0220222600828754,2.023228085902014,0.059599104398599945,3.2374516672896902,3.3885506043992457,3.2374516672896902
half0__producer,legacy,easy,eu-locality-119,1323,1.7961218135893207,1.7976560222371005,0.08534495080269044,3.150553623184178,3.4022710633529285,3.150553623184178
half0__producer,legacy,easy,eu-locality-124,739,1.8888088768086815,1.8887730390003652,-0.0018974121070325367,3.132432246139888,3.379495188093331,3.132432246139888
half0__producer,legacy,easy,eu-locality-126,2167,1.413961987255889,1.4140148982770753,0.0037418998378835333,2.998952651156105,3.3221883241114494,2.998952651156105
half0__producer,legacy,hard,eu-locality-007,1057,40.51842418150824,40.470967987430235,-0.11725984437225279,80.93538095486694,114.29072331500305,80.80457610949254
half0__producer,legacy,hard,eu-locality-074,26162,51.23801571905085,51.21303001230916,-0.048787792356130844,119.98803804692119,216.74619194656225,119.8390672720082
half0__producer,legacy,hard,eu-locality-082,245,47.99028704318262,47.990523492933676,0.0004927009206179278,102.89538275989119,169.5400402883042,102.89538275989119
half0__producer,legacy,hard,eu-locality-110,2779,78.772284548444,78.49882471971137,-0.34836168529790434,227.4742146023239,408.3784087886384,226.34990235775072
half0__producer,legacy,hard,eu-locality-112,1522,59.27761303735688,59.27761303735688,0.0,157.08224360877819,272.4802531432175,157.08224360877819
half0__producer,legacy,hard,eu-locality-119,1922,70.17018792466688,70.17018792466688,0.0,175.76992045845242,274.8091526508623,175.76992045845242
half0__producer,legacy,hard,eu-locality-124,1375,98.08966926692374,98.15969923342409,0.07134289025664264,277.5179890841983,454.9614884293962,277.5179890841983
half0__producer,legacy,hard,eu-locality-126,1386,64.4483429386416,64.4483429386416,0.0,151.64093485237026,230.7748273522354,151.64093485237026
half0__producer,legacy,complete,eu-locality-007,2882,13.639847188463293,13.640864916979774,0.007460879663245823,47.83773492869996,79.58424742220402,47.83773492869996
half0__producer,legacy,complete,eu-locality-074,67309,19.41145464126456,19.407116099867107,-0.022355415277197643,63.48819468321252,131.45805079660022,63.46929341692647
half0__producer,legacy,complete,eu-locality-082,582,10.27207496944599,10.276148341047705,0.039639089146303874,48.19172118275565,88.77064559267427,48.19172118275565
half0__producer,legacy,complete,eu-locality-110,5804,28.463026723210213,28.332968260768588,-0.4590357820776214,118.53171704139565,275.3204835858817,118.20634225900001
half0__producer,legacy,complete,eu-locality-112,2417,20.94722554091525,20.95080793490856,0.01709907324070059,70.63131723055629,171.1830006493205,70.63131723055629
half0__producer,legacy,complete,eu-locality-119,3148,28.51975088858441,28.52018458116274,0.0015206513726995219,111.844506586388,205.2067029563877,111.844506586388
half0__producer,legacy,complete,eu-locality-124,2077,38.460756355943815,38.47749035696579,0.043490365059484226,177.32650540365142,316.4037738037055,177.32650540365142
half0__producer,legacy,complete,eu-locality-126,3637,19.48594714279188,19.4882857124498,0.011999873628842916,85.0633117366397,163.85887416785963,85.0633117366397
half0__producer,legacy,endpoint_FDE,eu-locality-007,3935,29.85849774868364,29.828404568728967,-0.10088766191076459,102.630383216675,179.47061743579053,102.45776178280984
half0__producer,legacy,endpoint_FDE,eu-locality-074,81289,41.4083428309707,41.39617390153733,-0.0293962660953051,140.09073078341265,286.1232268664211,139.99102992723962
half0__producer,legacy,endpoint_FDE,eu-locality-082,859,25.091593757954723,25.07833219402201,-0.05288056570154076,113.0556753805091,234.31504208196256,113.0556753805091
half0__producer,legacy,endpoint_FDE,eu-locality-110,7204,58.35840536811882,58.177091073095326,-0.31165926600846827,251.77304034955634,587.6090239057078,251.77304034955634
half0__producer,legacy,endpoint_FDE,eu-locality-112,3719,48.53356538663138,48.53674511640008,0.006551180473823859,180.1956545671106,421.92552065383416,180.1956545671106
half0__producer,legacy,endpoint_FDE,eu-locality-119,4147,65.57103351411021,65.57290150392424,0.002848722217851929,270.5290560144782,484.5542592170748,270.5290560144782
half0__producer,legacy,endpoint_FDE,eu-locality-124,2645,84.02311863066639,84.0494564716049,0.03133612285453058,381.9827743206876,749.8979417287693,381.9827743206876
half0__producer,legacy,endpoint_FDE,eu-locality-126,4579,40.536055927967226,40.539200087946966,0.007755851060009533,185.4304850294719,367.4904107537943,185.4304850294719
half1__producer,global,all,eu-locality-007,5526,13.532654290213795,13.533507079059412,0.006301314512446865,45.62640298792269,78.17184960102423,45.62640298792269
half1__producer,global,all,eu-locality-074,102348,19.522255945115415,19.522861174127616,0.003100104061604103,64.1390364879488,132.1734057535986,64.14630763554399
half1__producer,global,all,eu-locality-082,1368,13.53688896662493,13.536490266234372,-0.0029453749289309883,52.10345078725223,101.91283477915022,52.10345078725223
half1__producer,global,all,eu-locality-110,8550,30.313807149841498,30.31400131646516,0.0006405179627577695,121.68449105426859,268.6559350038277,121.68449105426859
half1__producer,global,all,eu-locality-112,5004,24.390037431662577,24.390200797618224,0.0006698016018935604,86.06597233975334,186.18759729912014,86.06597233975334
half1__producer,global,all,eu-locality-119,5639,28.80211213118691,28.80221313560686,0.0003506828432753295,114.31522229375783,202.09300779548482,114.31522229375783
half1__producer,global,all,eu-locality-124,3550,42.21786640760956,42.21815295965562,0.000678741313786535,183.67230434997865,340.9957658122714,183.67230434997865
half1__producer,global,all,eu-locality-126,5790,19.60894619846042,19.60889753686379,-0.00024816079811085245,86.23750171087968,154.13705580720486,86.23750171087968
half1__producer,global,easy,eu-locality-007,1784,1.3698111944186677,1.3689034747504372,-0.06630998349945738,3.070433339846439,3.401428576523034,3.069704794506349
half1__producer,global,easy,eu-locality-074,17176,1.9567972780097957,1.9571693748969965,0.019011992113371345,3.2409540489533377,3.432464024713023,3.2418352099349277
half1__producer,global,easy,eu-locality-082,515,1.5626240978854504,1.5612282555537118,-0.08940667879748787,3.014218855082224,3.339076289914666,3.014218855082224
half1__producer,global,easy,eu-locality-110,2009,1.7626135153022886,1.7630091113503832,0.02243868426701212,3.118753115618861,3.366333694421528,3.121311455129627
half1__producer,global,easy,eu-locality-112,575,2.020455363683813,2.0206638035688593,0.010315416383377407,3.1981735274415564,3.413810798068061,3.1981735274415564
half1__producer,global,easy,eu-locality-119,1323,1.8052214567346245,1.8056346781351233,0.02288510547026057,3.1204049684242965,3.3808780005559402,3.1224755731258544
half1__producer,global,easy,eu-locality-124,739,1.9017229951406445,1.902410351640764,0.03613082211872953,3.117399391382583,3.3516968390568556,3.117399391382583
half1__producer,global,easy,eu-locality-126,2167,1.4061488110503422,1.4060317506506042,-0.008325587219770725,2.965433418794741,3.2901768414760015,2.965433418794741
half1__producer,global,hard,eu-locality-007,1057,40.276575715922895,40.28265235211683,0.015084995250103095,80.55862777744943,114.29072331500305,80.55862777744943
half1__producer,global,hard,eu-locality-074,26162,50.898549342449776,50.899250358180716,0.0013772614056328791,119.18781376331333,216.59059593273122,119.18781376331333
half1__producer,global,hard,eu-locality-082,245,48.194745223083984,48.194745223083984,0.0,102.89538275989119,169.5400402883042,102.89538275989119
half1__producer,global,hard,eu-locality-110,2779,78.35283855733505,78.35275825353165,-0.00010249007844631564,227.4742146023239,402.4445759409711,227.4742146023239
half1__producer,global,hard,eu-locality-112,1522,59.089081179880026,59.089333732633435,0.0004274083619804081,157.08224360877819,272.4802531432175,157.08224360877819
half1__producer,global,hard,eu-locality-119,1922,69.98262655936989,69.98267921907352,7.524676707282296e-05,175.13955377005513,274.8091526508623,175.13955377005513
half1__producer,global,hard,eu-locality-124,1375,97.38098398125739,97.38072216704852,-0.0002688563023989232,276.08041591843744,453.7591506726,276.08041591843744
half1__producer,global,hard,eu-locality-126,1386,64.09861678559908,64.09861375588217,-4.726649649455794e-06,149.9775567329404,231.2736903008077,149.9775567329404
half1__producer,global,complete,eu-locality-007,2882,13.589304300705498,13.588884609702408,-0.003088487503899451,47.3816250878465,78.4052790176433,47.3816250878465
half1__producer,global,complete,eu-locality-074,67309,19.260844248825233,19.261620786964606,0.004031530617087942,62.89025716608677,130.54632572394272,62.89827679485876
half1__producer,global,complete,eu-locality-082,582,10.405438340742688,10.404499027056572,-0.00902795688357827,48.02343140325714,88.77064559267427,48.02343140325714
half1__producer,global,complete,eu-locality-110,5804,28.219161511569283,28.219411132028558,0.0008845700504078735,118.20634225900001,272.8161773812056,118.20634225900001
half1__producer,global,complete,eu-locality-112,2417,20.746237221193443,20.746592134793296,0.0017107079444578233,70.36543332544309,171.1830006493205,70.36543332544309
half1__producer,global,complete,eu-locality-119,3148,28.397331355220675,28.397404713424677,0.0002583271420109057,113.32172963468405,205.2067029563877,113.32172963468405
half1__producer,global,complete,eu-locality-124,2077,38.18689534625255,38.18727239976742,0.0009873800645654462,175.54008186626947,316.4037738037055,175.54008186626947
half1__producer,global,complete,eu-locality-126,3637,19.262998046728384,19.262836407255538,-0.0008391260218898466,85.0633117366397,159.9228740798661,85.0633117366397
half1__producer,global,endpoint_FDE,eu-locality-007,3935,29.690687629401566,29.6935942985318,0.00978887601483791,101.85154087095664,178.8430245622791,101.85154087095664
half1__producer,global,endpoint_FDE,eu-locality-074,81289,40.96992891637803,40.971790012265146,0.004542383641426007,138.87528385089772,283.99940693802614,138.87528385089772
half1__producer,global,endpoint_FDE,eu-locality-082,859,25.41749307256783,25.415531723015977,-0.007717129719053695,114.66976098816347,234.31504208196256,114.66976098816347
half1__producer,global,endpoint_FDE,eu-locality-110,7204,57.722428393460504,57.722888323451606,0.0007967896348604064,251.77304034955634,584.930399969669,251.77304034955634
half1__producer,global,endpoint_FDE,eu-locality-112,3719,48.00269637485377,48.00373321782616,0.0021599215371148617,177.43862924757724,421.63704764077704,177.43862924757724
half1__producer,global,endpoint_FDE,eu-locality-119,4147,65.16550943252169,65.16601537206867,0.0007763855808806674,269.30334667392214,484.5542592170748,269.30334667392214
half1__producer,global,endpoint_FDE,eu-locality-124,2645,83.02993115387402,83.03092983008536,0.001202776138220507,379.2183705697583,739.9819351069635,379.2183705697583
half1__producer,global,endpoint_FDE,eu-locality-126,4579,40.00469713111304,40.00460332394982,-0.00023449092210192646,185.66482730232167,364.90265146493834,185.66482730232167
half1__producer,placebo,all,eu-locality-007,5526,13.532654290213795,13.53277480634653,0.0008905500494926777,45.62640298792269,78.17184960102423,45.62640298792269
half1__producer,placebo,all,eu-locality-074,102348,19.522255945115415,19.521365209729712,-0.00456287445131931,64.1390364879488,132.1734057535986,64.1390364879488
half1__producer,placebo,all,eu-locality-082,1368,13.53688896662493,13.536690087939373,-0.0014691825273693837,52.10345078725223,101.91283477915022,52.10345078725223
half1__producer,placebo,all,eu-locality-110,8550,30.313807149841498,30.313806885888383,-8.707356169423974e-07,121.68449105426859,268.6559350038277,121.68449105426859
half1__producer,placebo,all,eu-locality-112,5004,24.390037431662577,24.39016070906075,0.0005054390565306655,86.06597233975334,186.18759729912014,86.06597233975334
half1__producer,placebo,all,eu-locality-119,5639,28.80211213118691,28.80216278721974,0.00017587579517197582,114.31522229375783,202.09300779548482,114.31522229375783
half1__producer,placebo,all,eu-locality-124,3550,42.21786640760956,42.218181096880436,0.0007453880359054033,183.67230434997865,340.9957658122714,183.67230434997865
half1__producer,placebo,all,eu-locality-126,5790,19.60894619846042,19.608760234727036,-0.0009483706830959449,86.23750171087968,154.13705580720486,86.23750171087968
half1__producer,placebo,easy,eu-locality-007,1784,1.3698111944186677,1.3696156792820149,-0.0142751824187215,3.070433339846439,3.401428576523034,3.079078328966901
half1__producer,placebo,easy,eu-locality-074,17176,1.9567972780097957,1.957165591608986,0.018818724423186328,3.2409540489533377,3.432464024713023,3.2409540489533377
half1__producer,placebo,easy,eu-locality-082,515,1.5626240978854504,1.560829701281477,-0.11496427845396617,3.014218855082224,3.339076289914666,3.014218855082224
half1__producer,placebo,easy,eu-locality-110,2009,1.7626135153022886,1.762855086760893,0.013703421252186931,3.118753115618861,3.366333694421528,3.118753115618861
half1__producer,placebo,easy,eu-locality-112,575,2.020455363683813,2.0206520569965187,0.009734150519613571,3.1981735274415564,3.413810798068061,3.1981735274415564
half1__producer,placebo,easy,eu-locality-119,1323,1.8052214567346245,1.805242115097704,0.001144354150983684,3.1204049684242965,3.3808780005559402,3.1224755731258544
half1__producer,placebo,easy,eu-locality-124,739,1.9017229951406445,1.9027340955964336,0.05313934606675508,3.117399391382583,3.3516968390568556,3.1200034345095826
half1__producer,placebo,easy,eu-locality-126,2167,1.4061488110503422,1.4059633001793492,-0.013194574208963417,2.965433418794741,3.2901768414760015,2.965433418794741
half1__producer,placebo,hard,eu-locality-007,1057,40.276575715922895,40.276521404691294,-0.00013484588465839664,80.55862777744943,114.29072331500305,80.55862777744943
half1__producer,placebo,hard,eu-locality-074,26162,50.898549342449776,50.89546713766428,-0.0060559514605706966,119.18781376331333,216.59059593273122,119.18781376331333
half1__producer,placebo,hard,eu-locality-082,245,48.194745223083984,48.194745223083984,0.0,102.89538275989119,169.5400402883042,102.89538275989119
half1__producer,placebo,hard,eu-locality-110,2779,78.35283855733505,78.35255957661472,-0.0003560582089834341,227.4742146023239,402.4445759409711,227.4742146023239
half1__producer,placebo,hard,eu-locality-112,1522,59.089081179880026,59.089333732633435,0.0004274083619804081,157.08224360877819,272.4802531432175,157.08224360877819
half1__producer,placebo,hard,eu-locality-119,1922,69.98262655936989,69.9825341264137,-0.0001320800358861618,175.13955377005513,274.8091526508623,175.13955377005513
half1__producer,placebo,hard,eu-locality-124,1375,97.38098398125739,97.38085413932957,-0.00013333414352612039,276.08041591843744,453.7591506726,276.08041591843744
half1__producer,placebo,hard,eu-locality-126,1386,64.09861678559908,64.0985613968158,-8.641189765956625e-05,149.9775567329404,231.2736903008077,149.9775567329404
half1__producer,placebo,complete,eu-locality-007,2882,13.589304300705498,13.589461308667008,0.001155365602389935,47.3816250878465,78.4052790176433,47.3816250878465
half1__producer,placebo,complete,eu-locality-074,67309,19.260844248825233,19.260504341935967,-0.0017647870649284414,62.89025716608677,130.54632572394272,62.89025716608677
half1__producer,placebo,complete,eu-locality-082,582,10.405438340742688,10.404502383512026,-0.00899569432695202,48.02343140325714,88.77064559267427,48.02343140325714
half1__producer,placebo,complete,eu-locality-110,5804,28.219161511569283,28.21914770067809,-4.8941560315540755e-05,118.20634225900001,272.8161773812056,118.20634225900001
half1__producer,placebo,complete,eu-locality-112,2417,20.746237221193443,20.746546524109476,0.0014908645912359297,70.36543332544309,171.1830006493205,70.36543332544309
half1__producer,placebo,complete,eu-locality-119,3148,28.397331355220675,28.397347860906827,5.812404113569869e-05,113.32172963468405,205.2067029563877,113.32172963468405
half1__producer,placebo,complete,eu-locality-124,2077,38.18689534625255,38.18753940362618,0.0016865642135988068,175.54008186626947,316.4037738037055,175.54008186626947
half1__producer,placebo,complete,eu-locality-126,3637,19.262998046728384,19.26264408512622,-0.0018375545984383734,85.0633117366397,159.9228740798661,85.0633117366397
half1__producer,placebo,endpoint_FDE,eu-locality-007,3935,29.690687629401566,29.691201215606952,0.0017297589331444208,101.85154087095664,178.8430245622791,101.85154087095664
half1__producer,placebo,endpoint_FDE,eu-locality-074,81289,40.96992891637803,40.967112897831896,-0.006873851601785219,138.87528385089772,283.99940693802614,138.87528385089772
half1__producer,placebo,endpoint_FDE,eu-locality-082,859,25.41749307256783,25.414737094605556,-0.010844015234212634,114.66976098816347,234.31504208196256,114.66976098816347
half1__producer,placebo,endpoint_FDE,eu-locality-110,7204,57.722428393460504,57.72238430650629,-7.637756953560171e-05,251.77304034955634,584.930399969669,251.77304034955634
half1__producer,placebo,endpoint_FDE,eu-locality-112,3719,48.00269637485377,48.0038905380859,0.0024876384366767645,177.43862924757724,421.63704764077704,177.43862924757724
half1__producer,placebo,endpoint_FDE,eu-locality-119,4147,65.16550943252169,65.16556610092921,8.696066176039352e-05,269.30334667392214,484.5542592170748,269.30334667392214
half1__producer,placebo,endpoint_FDE,eu-locality-124,2645,83.02993115387402,83.03115044738018,0.0014684771915129957,379.2183705697583,739.9819351069635,379.2183705697583
half1__producer,placebo,endpoint_FDE,eu-locality-126,4579,40.00469713111304,40.0041609747167,-0.0013402515720351005,185.66482730232167,364.90265146493834,185.66482730232167
half1__producer,wrong_tag,all,eu-locality-007,5526,13.532654290213795,13.533969459279561,0.009717541255893636,45.62640298792269,78.17184960102423,45.62640298792269
half1__producer,wrong_tag,all,eu-locality-074,102348,19.522255945115415,19.523198750728962,0.004829155434948884,64.1390364879488,132.1734057535986,64.14630763554399
half1__producer,wrong_tag,all,eu-locality-082,1368,13.53688896662493,13.536577078011154,-0.002304043422340918,52.10345078725223,101.91283477915022,52.10345078725223
half1__producer,wrong_tag,all,eu-locality-110,8550,30.313807149841498,30.31430942892734,0.001656904265034953,121.68449105426859,268.6559350038277,121.68449105426859
half1__producer,wrong_tag,all,eu-locality-112,5004,24.390037431662577,24.390095884696105,0.00023965889188737322,86.06597233975334,186.18759729912014,86.06597233975334
half1__producer,wrong_tag,all,eu-locality-119,5639,28.80211213118691,28.802457148360297,0.0011978740966811507,114.31522229375783,202.09300779548482,114.31522229375783
half1__producer,wrong_tag,all,eu-locality-124,3550,42.21786640760956,42.21821166339764,0.0008177887562577091,183.67230434997865,340.9957658122714,183.67230434997865
half1__producer,wrong_tag,all,eu-locality-126,5790,19.60894619846042,19.608856473976402,-0.0004575712211352112,86.23750171087968,154.13705580720486,86.23750171087968
half1__producer,wrong_tag,easy,eu-locality-007,1784,1.3698111944186677,1.3697435737038564,-0.004936742621719503,3.070433339846439,3.401428576523034,3.079078328966901
half1__producer,wrong_tag,easy,eu-locality-074,17176,1.9567972780097957,1.9574268875758627,0.032165163872177605,3.2409540489533377,3.432464024713023,3.243648897117885
half1__producer,wrong_tag,easy,eu-locality-082,515,1.5626240978854504,1.5614835784272652,-0.0730407590538995,3.014218855082224,3.339076289914666,3.014218855082224
half1__producer,wrong_tag,easy,eu-locality-110,2009,1.7626135153022886,1.7633749379004333,0.0431798468822131,3.118753115618861,3.366333694421528,3.121311455129627
half1__producer,wrong_tag,easy,eu-locality-112,575,2.020455363683813,2.0204259739539663,-0.001454630371289234,3.1981735274415564,3.413810798068061,3.1981735274415564
half1__producer,wrong_tag,easy,eu-locality-119,1323,1.8052214567346245,1.8058033028196732,0.0322209004790297,3.1204049684242965,3.3808780005559402,3.1269109954831653
half1__producer,wrong_tag,easy,eu-locality-124,739,1.9017229951406445,1.9024596613693456,0.03872177916093289,3.117399391382583,3.3516968390568556,3.117399391382583
half1__producer,wrong_tag,easy,eu-locality-126,2167,1.4061488110503422,1.40594350791494,-0.01460251669049839,2.965433418794741,3.2901768414760015,2.965433418794741
half1__producer,wrong_tag,hard,eu-locality-007,1057,40.276575715922895,40.28248062312213,0.014658747693530039,80.55862777744943,114.29072331500305,80.55862777744943
half1__producer,wrong_tag,hard,eu-locality-074,26162,50.898549342449776,50.90005539455326,0.002958841776912191,119.18781376331333,216.59059593273122,119.18781376331333
half1__producer,wrong_tag,hard,eu-locality-082,245,48.194745223083984,48.194745223083984,0.0,102.89538275989119,169.5400402883042,102.89538275989119
half1__producer,wrong_tag,hard,eu-locality-110,2779,78.35283855733505,78.3527268679572,-0.00014254689315595925,227.4742146023239,402.4445759409711,227.4742146023239
half1__producer,wrong_tag,hard,eu-locality-112,1522,59.089081179880026,59.089333732633435,0.0004274083619804081,157.08224360877819,272.4802531432175,157.08224360877819
half1__producer,wrong_tag,hard,eu-locality-119,1922,69.98262655936989,69.98315917554635,0.0007610633511401232,175.13955377005513,274.8091526508623,175.13955377005513
half1__producer,wrong_tag,hard,eu-locality-124,1375,97.38098398125739,97.38072216704852,-0.0002688563023989232,276.08041591843744,453.7591506726,276.08041591843744
half1__producer,wrong_tag,hard,eu-locality-126,1386,64.09861678559908,64.09861375588217,-4.726649649455794e-06,149.9775567329404,231.2736903008077,149.9775567329404
half1__producer,wrong_tag,complete,eu-locality-007,2882,13.589304300705498,13.58965009955231,0.002544575057328302,47.3816250878465,78.4052790176433,47.3816250878465
half1__producer,wrong_tag,complete,eu-locality-074,67309,19.260844248825233,19.261705675098035,0.004472222176643559,62.89025716608677,130.54632572394272,62.89827679485876
half1__producer,wrong_tag,complete,eu-locality-082,582,10.405438340742688,10.404515589245218,-0.008868759814473215,48.02343140325714,88.77064559267427,48.02343140325714
half1__producer,wrong_tag,complete,eu-locality-110,5804,28.219161511569283,28.219738293062665,0.0020438938426403652,118.20634225900001,272.8161773812056,118.20634225900001
half1__producer,wrong_tag,complete,eu-locality-112,2417,20.746237221193443,20.746445269996162,0.0010028166271935923,70.36543332544309,171.1830006493205,70.36543332544309
half1__producer,wrong_tag,complete,eu-locality-119,3148,28.397331355220675,28.39747776876317,0.0005155864323147519,113.32172963468405,205.2067029563877,113.32172963468405
half1__producer,wrong_tag,complete,eu-locality-124,2077,38.18689534625255,38.1874112097293,0.0013508731291467235,175.54008186626947,316.4037738037055,175.54008186626947
half1__producer,wrong_tag,complete,eu-locality-126,3637,19.262998046728384,19.262806177830964,-0.000996058910884834,85.0633117366397,159.9228740798661,85.0633117366397
half1__producer,wrong_tag,endpoint_FDE,eu-locality-007,3935,29.690687629401566,29.695258915335838,0.015393992513434984,101.85154087095664,178.8430245622791,101.85154087095664
half1__producer,wrong_tag,endpoint_FDE,eu-locality-074,81289,40.96992891637803,40.97215806406047,0.005440640151188614,138.87528385089772,283.99940693802614,138.87528385089772
half1__producer,wrong_tag,endpoint_FDE,eu-locality-082,859,25.41749307256783,25.415639526182606,-0.007292936238401104,114.66976098816347,234.31504208196256,114.66976098816347
half1__producer,wrong_tag,endpoint_FDE,eu-locality-110,7204,57.722428393460504,57.72376800505511,0.0023207279096770783,251.77304034955634,584.930399969669,251.77304034955634
half1__producer,wrong_tag,endpoint_FDE,eu-locality-112,3719,48.00269637485377,48.00361317325986,0.0019098529162375755,177.43862924757724,421.63704764077704,177.43862924757724
half1__producer,wrong_tag,endpoint_FDE,eu-locality-119,4147,65.16550943252169,65.16734339240675,0.002814231468695194,269.30334667392214,484.5542592170748,269.30334667392214
half1__producer,wrong_tag,endpoint_FDE,eu-locality-124,2645,83.02993115387402,83.0310725324494,0.0013746402889536213,379.2183705697583,739.9819351069635,379.2183705697583
half1__producer,wrong_tag,endpoint_FDE,eu-locality-126,4579,40.00469713111304,40.00436542589897,-0.000829172542893275,185.66482730232167,364.90265146493834,185.66482730232167
half1__producer,legacy,all,eu-locality-007,5526,13.532654290213795,13.529328401000214,-0.024582810875783956,45.62640298792269,78.17184960102423,45.62640298792269
half1__producer,legacy,all,eu-locality-074,102348,19.522255945115415,19.521268514526742,-0.005058229632659561,64.1390364879488,132.1734057535986,64.12572958483968
half1__producer,legacy,all,eu-locality-082,1368,13.53688896662493,13.535544464114407,-0.009933124700589602,52.10345078725223,101.91283477915022,52.10345078725223
half1__producer,legacy,all,eu-locality-110,8550,30.313807149841498,30.266078963973143,-0.15769530610545424,121.68449105426859,268.6559350038277,121.68449105426859
half1__producer,legacy,all,eu-locality-112,5004,24.390037431662577,24.389835738547916,-0.0008269556089901542,86.06597233975334,186.18759729912014,86.06597233975334
half1__producer,legacy,all,eu-locality-119,5639,28.80211213118691,28.80208255720052,-0.00010268002783586638,114.31522229375783,202.09300779548482,114.31522229375783
half1__producer,legacy,all,eu-locality-124,3550,42.21786640760956,42.21751671817096,-0.0008283041395662494,183.67230434997865,340.9957658122714,183.67230434997865
half1__producer,legacy,all,eu-locality-126,5790,19.60894619846042,19.608952096699415,3.007931768106431e-05,86.23750171087968,154.13705580720486,86.23750171087968
half1__producer,legacy,easy,eu-locality-007,1784,1.3698111944186677,1.3700605415578855,0.01819971684858812,3.070433339846439,3.401428576523034,3.079078328966901
half1__producer,legacy,easy,eu-locality-074,17176,1.9567972780097957,1.9573364759154477,0.02754753269489374,3.2409540489533377,3.432464024713023,3.24115404930331
half1__producer,legacy,easy,eu-locality-082,515,1.5626240978854504,1.5611152648134323,-0.09665097164996972,3.014218855082224,3.339076289914666,3.014218855082224
half1__producer,legacy,easy,eu-locality-110,2009,1.7626135153022886,1.7630956979877588,0.027348639442570377,3.118753115618861,3.366333694421528,3.121311455129627
half1__producer,legacy,easy,eu-locality-112,575,2.020455363683813,2.0205403936032584,0.004208276148043311,3.1981735274415564,3.413810798068061,3.1981735274415564
half1__producer,legacy,easy,eu-locality-119,1323,1.8052214567346245,1.805304140732064,0.004580059147596405,3.1204049684242965,3.3808780005559402,3.122406318806944
half1__producer,legacy,easy,eu-locality-124,739,1.9017229951406445,1.9025932106627408,0.045738391013872004,3.117399391382583,3.3516968390568556,3.1200034345095826
half1__producer,legacy,easy,eu-locality-126,2167,1.4061488110503422,1.4063401081204976,0.013602475606777631,2.965433418794741,3.2901768414760015,2.965433418794741
half1__producer,legacy,hard,eu-locality-007,1057,40.276575715922895,40.26849877109544,-0.020057725204436494,80.55862777744943,114.29072331500305,80.55862777744943
half1__producer,legacy,hard,eu-locality-074,26162,50.898549342449776,50.893857171832714,-0.009219522507830646,119.18781376331333,216.59059593273122,119.18781376331333
half1__producer,legacy,hard,eu-locality-082,245,48.194745223083984,48.194745223083984,0.0,102.89538275989119,169.5400402883042,102.89538275989119
half1__producer,legacy,hard,eu-locality-110,2779,78.35283855733505,78.2051670910195,-0.18882571549738714,227.4742146023239,402.4445759409711,226.6381696005302
half1__producer,legacy,hard,eu-locality-112,1522,59.089081179880026,59.088054483653515,-0.0017375698615929025,157.08224360877819,272.4802531432175,157.08224360877819
half1__producer,legacy,hard,eu-locality-119,1922,69.98262655936989,69.98309007247735,0.0006623215793699622,175.13955377005513,274.8091526508623,175.13955377005513
half1__producer,legacy,hard,eu-locality-124,1375,97.38098398125739,97.38072216704852,-0.0002688563023989232,276.08041591843744,453.7591506726,276.08041591843744
half1__producer,legacy,hard,eu-locality-126,1386,64.09861678559908,64.0985613968158,-8.641189765956625e-05,149.9775567329404,231.2736903008077,149.9775567329404
half1__producer,legacy,complete,eu-locality-007,2882,13.589304300705498,13.589433749279365,0.0009525678277388927,47.3816250878465,78.4052790176433,47.3816250878465
half1__producer,legacy,complete,eu-locality-074,67309,19.260844248825233,19.259811719991042,-0.00536105362400896,62.89025716608677,130.54632572394272,62.866763048236194
half1__producer,legacy,complete,eu-locality-082,582,10.405438340742688,10.404307419728775,-0.010869738544716512,48.02343140325714,88.77064559267427,48.02343140325714
half1__producer,legacy,complete,eu-locality-110,5804,28.219161511569283,28.148826526623864,-0.24986826672470652,118.20634225900001,272.8161773812056,118.20634225900001
half1__producer,legacy,complete,eu-locality-112,2417,20.746237221193443,20.74691816143796,0.0032821272018312975,70.36543332544309,171.1830006493205,70.36543332544309
half1__producer,legacy,complete,eu-locality-119,3148,28.397331355220675,28.39738969110556,0.000205426926624952,113.32172963468405,205.2067029563877,113.32172963468405
half1__producer,legacy,complete,eu-locality-124,2077,38.18689534625255,38.18710402276607,0.0005464580749570125,175.54008186626947,316.4037738037055,175.54008186626947
half1__producer,legacy,complete,eu-locality-126,3637,19.262998046728384,19.262879329096577,-0.000616302629419252,85.0633117366397,159.9228740798661,85.0633117366397
half1__producer,legacy,endpoint_FDE,eu-locality-007,3935,29.690687629401566,29.68412528003268,-0.02210726880773617,101.85154087095664,178.8430245622791,101.85154087095664
half1__producer,legacy,endpoint_FDE,eu-locality-074,81289,40.96992891637803,40.965360149712254,-0.011152756009180642,138.87528385089772,283.99940693802614,138.86757564958629
half1__producer,legacy,endpoint_FDE,eu-locality-082,859,25.41749307256783,25.41453862905691,-0.011625013359650715,114.66976098816347,234.31504208196256,114.66976098816347
half1__producer,legacy,endpoint_FDE,eu-locality-110,7204,57.722428393460504,57.593341861028364,-0.22413447155684718,251.77304034955634,584.930399969669,251.77304034955634
half1__producer,legacy,endpoint_FDE,eu-locality-112,3719,48.00269637485377,48.004387554409725,0.0035229687162185996,177.43862924757724,421.63704764077704,177.43862924757724
half1__producer,legacy,endpoint_FDE,eu-locality-119,4147,65.16550943252169,65.16581107625336,0.00046288648402059707,269.30334667392214,484.5542592170748,269.30334667392214
half1__producer,legacy,endpoint_FDE,eu-locality-124,2645,83.02993115387402,83.0284122647662,-0.001829360656646628,379.2183705697583,739.9819351069635,379.2183705697583
half1__producer,legacy,endpoint_FDE,eu-locality-126,4579,40.00469713111304,40.004782081844425,0.0002123514414087424,185.66482730232167,364.90265146493834,185.66482730232167
