{"entity_mean": [0.504903256893158, 0.4976417124271393, 0.06988392770290375, -6.103619671193883e-05, -0.0009454138344153762, 8.413106115767732e-05, 0.31481119990348816, 0.266069620847702, -0.01405862346291542, 0.34993812441825867, 0.5642763376235962, 0.8643859028816223, 0.14688442647457123, 0.0], "entity_std": [0.2459588497877121, 0.17872731387615204, 0.2580190598964691, 0.1162262111902237, 0.07648655027151108, 0.06351495534181595, 0.042893800884485245, 0.8447932600975037, 0.4631144404411316, 0.2600911855697632, 0.3424215614795685, 0.2701433598995209, 0.16481007635593414, 9.999999974752427e-07], "neighbor_mean": [0.02419476956129074, 0.0016450422117486596, 0.8344044089317322, 0.42949801683425903, 0.010076744481921196, 0.0004347635549493134, 1.5184940099716187, 3.54244327545166, -0.008477471768856049, 0.041405126452445984, 0.9306029081344604, 0.14483371376991272], "neighbor_std": [0.5884048342704773, 0.4729264974594116, 0.5280395746231079, 0.3341452181339264, 0.19643202424049377, 0.11002391576766968, 1.6715624332427979, 2.642122507095337, 0.7172426581382751, 0.6955285668373108, 0.23036406934261322, 0.1644979864358902], "obstacle_mean": [-0.05917514115571976, 0.011389823630452156, 0.5067691802978516, 0.0, -0.03577570989727974, 0.016137240454554558, 0.8400542736053467, 0.15696954727172852], "obstacle_std": [0.7294304966926575, 0.6814544200897217, 0.3387003242969513, 9.999999974752427e-07, 0.5549554228782654, 0.8309550285339355, 0.29037678241729736, 0.1529565155506134], "target_mean": [0.001917404355481267, 0.0004503473173826933], "target_std": [0.14104418456554413, 0.1195046529173851]}