{
  "source": "fresh_run",
  "domains": {
    "sdd": {
      "train": {
        "rows": 40000,
        "strongest": "damped_velocity",
        "relative_mean_fde": {
          "constant_position": 1.2279246550074603,
          "constant_velocity_causal_fd": 1.1886903786081007,
          "damped_velocity": 1.1675778774105536,
          "constant_acceleration_causal": 35.72227367398547,
          "constant_turn_rate_velocity": 1.1886903786081007,
          "scene_clamped_baseline": 1.1782874168201931,
          "goal_directed_baseline": 17.297590746921742
        },
        "by_horizon": {
          "10": {
            "rows": 10549,
            "strongest": "damped_velocity",
            "relative_mean_fde": {
              "constant_position": 0.272983161812541,
              "constant_velocity_causal_fd": 0.24686202931920867,
              "damped_velocity": 0.23020539055595626,
              "constant_acceleration_causal": 1.8003788724627212,
              "constant_turn_rate_velocity": 0.24686202931920867,
              "scene_clamped_baseline": 0.24660502001100226,
              "goal_directed_baseline": 17.146281765268768
            }
          },
          "25": {
            "rows": 10199,
            "strongest": "damped_velocity",
            "relative_mean_fde": {
              "constant_position": 0.6211259022617337,
              "constant_velocity_causal_fd": 0.5711642444164441,
              "damped_velocity": 0.542116288894012,
              "constant_acceleration_causal": 8.530116695174783,
              "constant_turn_rate_velocity": 0.5711642444164441,
              "scene_clamped_baseline": 0.5682774509952249,
              "goal_directed_baseline": 17.117483588045555
            }
          },
          "50": {
            "rows": 10076,
            "strongest": "damped_velocity",
            "relative_mean_fde": {
              "constant_position": 1.2263714822839502,
              "constant_velocity_causal_fd": 1.1809272665393924,
              "damped_velocity": 1.1536993067638572,
              "constant_acceleration_causal": 29.927559369680782,
              "constant_turn_rate_velocity": 1.1809272665393924,
              "scene_clamped_baseline": 1.1690126342963558,
              "goal_directed_baseline": 17.24547477272044
            }
          },
          "100": {
            "rows": 9176,
            "strongest": "scene_clamped_baseline",
            "relative_mean_fde": {
              "constant_position": 3.0019076606012876,
              "constant_velocity_causal_fd": 2.9663404893833327,
              "damped_velocity": 2.9556408223697375,
              "constant_acceleration_causal": 111.30666977450069,
              "constant_turn_rate_velocity": 2.9663404893833327,
              "scene_clamped_baseline": 2.9375792601178383,
              "goal_directed_baseline": 17.728954294969675
            }
          }
        }
      },
      "val": {
        "rows": 20000,
        "strongest": "scene_clamped_baseline",
        "relative_mean_fde": {
          "constant_position": 37.06033783815422,
          "constant_velocity_causal_fd": 36.99417903863408,
          "damped_velocity": 36.995202736306425,
          "constant_acceleration_causal": 61.97584094247067,
          "constant_turn_rate_velocity": 36.99417903863408,
          "scene_clamped_baseline": 36.98053279152776,
          "goal_directed_baseline": 759.5741688269605
        },
        "by_horizon": {
          "10": {
            "rows": 5215,
            "strongest": "damped_velocity",
            "relative_mean_fde": {
              "constant_position": 2.4562640649710326,
              "constant_velocity_causal_fd": 2.404740371598129,
              "damped_velocity": 2.3958307747382555,
              "constant_acceleration_causal": 3.565618996453058,
              "constant_turn_rate_velocity": 2.404740371598129,
              "scene_clamped_baseline": 2.4043581949964823,
              "goal_directed_baseline": 746.7325174929696
            }
          },
          "25": {
            "rows": 5227,
            "strongest": "damped_velocity",
            "relative_mean_fde": {
              "constant_position": 6.804976400451727,
              "constant_velocity_causal_fd": 6.731258345443309,
              "damped_velocity": 6.72426557436926,
              "constant_acceleration_causal": 12.459335648802123,
              "constant_turn_rate_velocity": 6.731258345443309,
              "scene_clamped_baseline": 6.726819551993063,
              "goal_directed_baseline": 750.6742849648388
            }
          },
          "50": {
            "rows": 4927,
            "strongest": "scene_clamped_baseline",
            "relative_mean_fde": {
              "constant_position": 29.515723362118187,
              "constant_velocity_causal_fd": 29.436286035294945,
              "damped_velocity": 29.44388624439509,
              "constant_acceleration_causal": 49.51817815477319,
              "constant_turn_rate_velocity": 29.436286035294945,
              "scene_clamped_baseline": 29.420535863134635,
              "goal_directed_baseline": 746.3029793487729
            }
          },
          "100": {
            "rows": 4631,
            "strongest": "scene_clamped_baseline",
            "relative_mean_fde": {
              "constant_position": 118.2042234968566,
              "constant_velocity_causal_fd": 118.14424337449083,
              "damped_velocity": 118.15850433005954,
              "constant_acceleration_causal": 196.8950776458766,
              "constant_turn_rate_velocity": 118.14424337449083,
              "scene_clamped_baseline": 118.10750633723092,
              "goal_directed_baseline": 798.199963517763
            }
          }
        }
      },
      "test": {
        "rows": 100000,
        "strongest": "damped_velocity",
        "relative_mean_fde": {
          "constant_position": 1.448243795679526,
          "constant_velocity_causal_fd": 1.4269952013442084,
          "damped_velocity": 1.399096809897371,
          "constant_acceleration_causal": 40.33266323494724,
          "constant_turn_rate_velocity": 1.4269952013442084,
          "scene_clamped_baseline": 1.4191250991826947,
          "goal_directed_baseline": 40.95143574666486
        },
        "by_horizon": {
          "10": {
            "rows": 26336,
            "strongest": "damped_velocity",
            "relative_mean_fde": {
              "constant_position": 0.29467909065809217,
              "constant_velocity_causal_fd": 0.2805989639751209,
              "damped_velocity": 0.2632312578154325,
              "constant_acceleration_causal": 1.9598897859285613,
              "constant_turn_rate_velocity": 0.2805989639751209,
              "scene_clamped_baseline": 0.28043265906232934,
              "goal_directed_baseline": 40.45420411354057
            }
          },
          "25": {
            "rows": 25728,
            "strongest": "damped_velocity",
            "relative_mean_fde": {
              "constant_position": 0.6946104913689697,
              "constant_velocity_causal_fd": 0.6679979681874427,
              "damped_velocity": 0.6323467322568532,
              "constant_acceleration_causal": 9.744731933584678,
              "constant_turn_rate_velocity": 0.6679979681874427,
              "scene_clamped_baseline": 0.6655246279526309,
              "goal_directed_baseline": 41.047172897567386
            }
          },
          "50": {
            "rows": 24810,
            "strongest": "damped_velocity",
            "relative_mean_fde": {
              "constant_position": 1.4598859334110212,
              "constant_velocity_causal_fd": 1.4295284966115078,
              "damped_velocity": 1.3973691279020024,
              "constant_acceleration_causal": 34.01923823473378,
              "constant_turn_rate_velocity": 1.4295284966115078,
              "scene_clamped_baseline": 1.4202935766853735,