{
  "source": "fresh_run",
  "feature_store_manifest_hash": "6b3000cbfbb82aa863fa206f4b10919d5ff442bbf4ec2967fcd5203baf3a6ecd",
  "no_leakage": {
    "split_by_file": true,
    "future_endpoint_input": false,
    "central_velocity": false,
    "test_endpoint_goals": false,
    "candidate_goals_used": false
  },
  "splits": {
    "train": {
      "rows": 119109,
      "baseline_mean_fde": {
        "constant_position": 1.0162660151526441,
        "constant_velocity_causal_fd": 0.27188855145859764,
        "damped_velocity": 0.6450360069402113,
        "constant_acceleration_causal": 0.4794392278803093,
        "constant_turn_rate_velocity": 0.27188855145859764,
        "scene_clamped_baseline": 0.27188855145859764,
        "goal_directed_baseline": 0.27188855145859764
      },
      "strongest_baseline": "constant_velocity_causal_fd",
      "oracle_mean_fde": 0.22264670468506012,
      "horizon_counts": {
        "10": 38978,
        "25": 33700,
        "50": 28743,
        "100": 17688
      },
      "hard_count": 12128
    },
    "val": {
      "rows": 7685,
      "baseline_mean_fde": {
        "constant_position": 1.3018035944068904,
        "constant_velocity_causal_fd": 0.23799485951230637,
        "damped_velocity": 0.8416761673834519,
        "constant_acceleration_causal": 0.9037902875899755,
        "constant_turn_rate_velocity": 0.23799485951230637,
        "scene_clamped_baseline": 0.23799485951230637,
        "goal_directed_baseline": 0.23799485951230637
      },
      "strongest_baseline": "constant_velocity_causal_fd",
      "oracle_mean_fde": 0.20138436249086467,
      "horizon_counts": {
        "10": 2465,
        "25": 2175,
        "50": 1885,
        "100": 1160
      },
      "hard_count": 552
    },
    "test": {
      "rows": 3636,
      "baseline_mean_fde": {
        "constant_position": 1.0876772400530668,
        "constant_velocity_causal_fd": 0.13804450012075334,
        "damped_velocity": 0.49740141613946304,
        "constant_acceleration_causal": 0.20823306777959943,
        "constant_turn_rate_velocity": 0.13804450012075334,
        "scene_clamped_baseline": 0.13804450012075334,
        "goal_directed_baseline": 0.13804450012075334
      },
      "strongest_baseline": "constant_velocity_causal_fd",
      "oracle_mean_fde": 0.12074032680747065,
      "horizon_counts": {
        "10": 2020,
        "25": 1212,
        "50": 404
      },
      "hard_count": 82
    }
  },
  "strongest_baseline_computed": true
}