{
  "train_records": 473,
  "test_records": 122,
  "threshold": 0.35,
  "failure_AUROC": 0.7346938775510204,
  "failure_AUPRC": 0.6090105012017576,
  "ECE": 0.13629626013901866,
  "Brier": 0.21570144181751055,
  "failure_type_F1_proxy": 0.5983606557377049,
  "correction_needed_F1": 0.6853146853146853,
  "residual_direction_cluster_accuracy": 0.22950819672131148,
  "residual_magnitude_bucket_accuracy": 0.5081967213114754,
  "hard_failure_recall": 1.0,
  "easy_false_alarm_rate": 0.6164383561643836,
  "better_than_random_or_majority": true,
  "uses_future_or_oracle_as_input": false,
  "latent_enabled": false,
  "smc_enabled": false
}