{
  "trial_count": 12,
  "failure_AUROC": 0.7346938775510204,
  "correction_AUPRC": 0.6090105012017576,
  "residual_direction_accuracy": 0.22950819672131148,
  "t50_official_improvement": 0.009176227786756534,
  "t100_diagnostic_improvement": 0.0114760269479769,
  "hard_improvement": 0.0114760269479769,
  "failure_improvement": 0.00789362952398513,
  "easy_improvement": 0.04896442245038805,
  "easy_degradation": 0.0,
  "scene_goal_gain": 0.0,
  "interaction_gain": 0.0,
  "physical_validity": "preserved_by_bounded_residual",
  "t50_rows": 433,
  "t100_rows": 81,
  "oracle_labels": 595
}