{
  "rows": 564,
  "test_rows": 115,
  "official_t50": {
    "baseline_fde": 3.318467731966217,
    "oracle_fde": 2.41819608248862,
    "improvement": 0.2712913676409863,
    "count": 98
  },
  "diagnostic_t100": {
    "baseline_fde": 5.16106973024446,
    "oracle_fde": 4.610903377149449,
    "improvement": 0.10659928694064587,
    "count": 17
  },
  "hardbench": {
    "baseline_fde": 3.5908523751899573,
    "oracle_fde": 2.7423354216993507,
    "improvement": 0.23629959264079178,
    "count": 115
  },
  "baselinefailure": {
    "baseline_fde": 7.236365814275536,
    "oracle_fde": 5.270354402196699,
    "improvement": 0.2716849123631076,
    "count": 49
  },
  "best_baseline_distribution": {
    "constant_position": 373,
    "constant_turn_rate_velocity": 88,
    "damped_velocity": 59,
    "route_corridor_baseline": 19,
    "constant_velocity_causal_fd": 1,
    "scene_clamped_baseline": 24
  },
  "test_best_baseline_distribution": {
    "constant_position": 80,
    "constant_turn_rate_velocity": 12,
    "damped_velocity": 14,
    "route_corridor_baseline": 5,
    "scene_clamped_baseline": 4
  },
  "headroom_ge_5_percent": true
}