{
  "evaluated_test_rows": 5000,
  "strongest_baseline_by_horizon": {
    "10": {
      "baseline": "damped_velocity",
      "FDE": 5.784265261613406
    },
    "25": {
      "baseline": "damped_velocity",
      "FDE": 12.989633762365417
    },
    "50": {
      "baseline": "damped_velocity",
      "FDE": 29.494367461536847
    },
    "100": {
      "baseline": "damped_velocity",
      "FDE": 60.55800837039948
    }
  },
  "mean_metrics": {
    "constant_position_h10": 7.160150254873129,
    "constant_velocity_causal_fd_h10": 6.677267656876491,
    "damped_velocity_h10": 5.784265261613406,
    "constant_acceleration_causal_h10": 53.71090819890683,
    "constant_turn_rate_velocity_h10": 6.677267656876491,
    "scene_clamped_baseline_h10": 6.672971621109889,
    "goal_directed_baseline_h10": 240.37695780945512,
    "constant_position_h50": 39.0863229909631,
    "constant_velocity_causal_fd_h50": 35.84629481460905,
    "damped_velocity_h50": 29.494367461536847,
    "constant_acceleration_causal_h50": 1216.627857756576,
    "constant_turn_rate_velocity_h50": 35.84629481460905,
    "scene_clamped_baseline_h50": 34.416889231247495,
    "goal_directed_baseline_h50": 274.2955548123757,
    "constant_position_h100": 70.87328711406045,
    "constant_velocity_causal_fd_h100": 73.53867016792297,
    "damped_velocity_h100": 60.55800837039948,
    "constant_acceleration_causal_h100": 4831.09772660442,
    "constant_turn_rate_velocity_h100": 73.53867016792297,
    "scene_clamped_baseline_h100": 67.55163421423539,
    "goal_directed_baseline_h100": 320.23219655534496,
    "constant_position_h25": 19.17482319664448,
    "constant_velocity_causal_fd_h25": 16.208714274831095,
    "damped_velocity_h25": 12.989633762365417,
    "constant_acceleration_causal_h25": 305.8805746907159,
    "constant_turn_rate_velocity_h25": 16.208714274831095,
    "scene_clamped_baseline_h25": 15.975035370845562,
    "goal_directed_baseline_h25": 241.42537239438494
  },
  "FDE_by_horizon": {
    "10": {
      "baseline": "damped_velocity",
      "FDE": 5.784265261613406
    },
    "25": {
      "baseline": "damped_velocity",
      "FDE": 12.989633762365417
    },
    "50": {
      "baseline": "damped_velocity",
      "FDE": 29.494367461536847
    },
    "100": {
      "baseline": "damped_velocity",
      "FDE": 60.55800837039948
    }
  },
  "t100_official_raw_frame_pixel_space": true,
  "t100_seconds_level_official": false,
  "baseline_selector_oracle_headroom": 0.3837274843314473,
  "baseline_eval_jsonl": "data/stage22_sdd_episodes/test_baseline_eval.jsonl"
}