model,t50_improvement,hard_failure_improvement,easy_degradation,selector_regret,harm_over_fallback
strongest_baseline,0.0,0.0,0.0,6.843624861162603,0.0
stage24_selector,-0.4326497359356306,0.0,11.328798263207801,29.636850896714925,
stage25_regret_selector,0.013572603215101897,0.010929538646649695,0.00965540295110423,6.562430680690706,-0.28119418047189715
stage26_expected_fde_selector,0.14569782621903304,0.11539720290780353,0.02429346208315719,3.872658875556886,-2.9709659856057167
stage26_failure_assisted_selector,0.14583655843823773,0.11232167634621226,0.01808836280803794,3.9538229444929955,-2.889801916669607
stage26_conservative_fallback_selector:stage26_failure_assisted_selector,0.14583655843823773,0.11232167634621226,0.01808836280803794,3.9538229444929955,-2.889801916669607
