{
  "trained": true,
  "failure_signal_source": "Stage25 causal random-forest failure-risk proxy trained with Stage24-passed label definition",
  "stage24_failure_predictor_AUROC": 0.8714731936246393,
  "stage25_failure_proxy_AUROC": 0.8721049504602977,
  "failure_meta": {
    "positive_rate": 0.1
  },
  "selected_policy": {
    "policy_family": "failure_assisted_regret",
    "confidence_threshold": 0.35,
    "predicted_gain_threshold_px": 0.0,
    "min_predicted_margin_px": 0.0,
    "easy_guard": true,
    "easy_predicted_strongest_threshold_px": 10.0,
    "failure_probability_threshold": 0.1
  },
  "validation_eval": {
    "n": 20000,
    "improvement_over_strongest": 0.035808355107158074,
    "official_t50_improvement": 0.027371282238720318,
    "diagnostic_t100_raw_frame_improvement": 0.04812378933688832,
    "hard_failure_improvement": 0.03591238398729413,
    "easy_degradation": 0.014421201799947214,
    "selector_regret": 14.318340435567498,
    "harm_over_fallback": -1.3799946280479432,
    "switch_rate": 0.02355,
    "accuracy_to_oracle_best": 0.10285,
    "mean_confidence": 0.07827438942010251,
    "selected_distribution": {
      "damped_velocity": 17225,
      "scene_clamped_baseline": 2775
    },
    "by_split_improvement": {
      "cross_scene": 0.05174306039421095,
      "within_scene": 0.007297866859245716
    },
    "by_horizon_improvement": {
      "10": 0.0,
      "25": 0.0001553326102236019,
      "50": 0.027371282238720318,
      "100": 0.04812378933688832
    },
    "easy_count": 12099,
    "hard_failure_count": 19802,
    "t50_count": 4927,
    "t100_count": 4631
  },
  "test_eval": {
    "n": 100000,
    "improvement_over_strongest": 0.007057474768195071,
    "official_t50_improvement": 0.010378353851759892,
    "diagnostic_t100_raw_frame_improvement": 0.007761184588709447,
    "hard_failure_improvement": 0.007118169738036806,
    "easy_degradation": 0.009405263004718556,
    "selector_regret": 6.660489234796464,
    "harm_over_fallback": -0.18313562636613845,
    "switch_rate": 0.00688,
    "accuracy_to_oracle_best": 0.12861,
    "mean_confidence": 0.03928861002523666,
    "selected_distribution": {
      "damped_velocity": 87792,
      "scene_clamped_baseline": 12208
    },
    "by_split_improvement": {
      "cross_scene": 0.011722953426305915,
      "within_scene": 0.002534404815831226
    },
    "by_horizon_improvement": {
      "10": 0.0,
      "25": 0.0,
      "50": 0.010378353851759892,
      "100": 0.007761184588709447
    },
    "easy_count": 58245,
    "hard_failure_count": 96581,
    "t50_count": 24810,
    "t100_count": 23126
  },
  "passed_gate": false
}