{
  "no_jepa_failure_auc": 0.6501423149905123,
  "jepa_frozen_failure_auc": 0.638045540796964,
  "probe_accuracy_proxy": 0.5692307692307692
}