{
  "best_policy_by_t50_improvement": {
    "name": "regret_selector",
    "metrics": {
      "n": 100000,
      "improvement_over_strongest": 0.010836345024840321,
      "official_t50_improvement": 0.013572603215101897,
      "diagnostic_t100_raw_frame_improvement": 0.012845981057917899,
      "hard_failure_improvement": 0.010929538646649695,
      "easy_degradation": 0.00965540295110423,
      "selector_regret": 6.562430680690706,
      "harm_over_fallback": -0.28119418047189715,
      "switch_rate": 0.01625,
      "accuracy_to_oracle_best": 0.12853,
      "mean_confidence": 0.029278342255305925,
      "selected_distribution": {
        "damped_velocity": 87318,
        "scene_clamped_baseline": 12600,
        "constant_position": 82
      },
      "by_split_improvement": {
        "cross_scene": 0.01927023074335965,
        "within_scene": 0.0026598945745121005
      },
      "by_horizon_improvement": {
        "10": 0.0,
        "25": 0.001051269465292548,
        "50": 0.013572603215101897,
        "100": 0.012845981057917899
      },
      "easy_count": 58245,
      "hard_failure_count": 96581,
      "t50_count": 24810,
      "t100_count": 23126
    },
    "policy": {
      "policy_family": "regret_random_forest",
      "confidence_threshold": 0.1,
      "predicted_gain_threshold_px": 5.0,
      "min_predicted_margin_px": 0.0,
      "easy_guard": true,
      "easy_predicted_strongest_threshold_px": 10.0
    }
  },
  "best_policy_by_hard_failure_improvement": {
    "name": "regret_selector",
    "metrics": {
      "n": 100000,
      "improvement_over_strongest": 0.010836345024840321,
      "official_t50_improvement": 0.013572603215101897,
      "diagnostic_t100_raw_frame_improvement": 0.012845981057917899,
      "hard_failure_improvement": 0.010929538646649695,
      "easy_degradation": 0.00965540295110423,
      "selector_regret": 6.562430680690706,
      "harm_over_fallback": -0.28119418047189715,
      "switch_rate": 0.01625,
      "accuracy_to_oracle_best": 0.12853,
      "mean_confidence": 0.029278342255305925,
      "selected_distribution": {
        "damped_velocity": 87318,
        "scene_clamped_baseline": 12600,
        "constant_position": 82
      },
      "by_split_improvement": {
        "cross_scene": 0.01927023074335965,
        "within_scene": 0.0026598945745121005
      },
      "by_horizon_improvement": {
        "10": 0.0,
        "25": 0.001051269465292548,
        "50": 0.013572603215101897,
        "100": 0.012845981057917899
      },
      "easy_count": 58245,
      "hard_failure_count": 96581,
      "t50_count": 24810,
      "t100_count": 23126
    },
    "policy": {
      "policy_family": "regret_random_forest",
      "confidence_threshold": 0.1,
      "predicted_gain_threshold_px": 5.0,
      "min_predicted_margin_px": 0.0,
      "easy_guard": true,
      "easy_predicted_strongest_threshold_px": 10.0
    }
  },
  "safest_policy_by_easy_preservation": {
    "name": "all_fallback_strongest",
    "metrics": {
      "n": 100000,
      "improvement_over_strongest": 0.0,
      "official_t50_improvement": 0.0,
      "diagnostic_t100_raw_frame_improvement": 0.0,
      "hard_failure_improvement": 0.0,
      "easy_degradation": 0.0,
      "selector_regret": 6.843624861162603,
      "harm_over_fallback": 0.0,
      "switch_rate": 0.0,
      "accuracy_to_oracle_best": 0.12915,
      "mean_confidence": 0.0,
      "selected_distribution": {
        "damped_velocity": 88426,
        "scene_clamped_baseline": 11574
      },
      "by_split_improvement": {
        "cross_scene": 0.0,
        "within_scene": 0.0
      },
      "by_horizon_improvement": {
        "10": 0.0,
        "25": 0.0,
        "50": 0.0,
        "100": 0.0
      },
      "easy_count": 58245,
      "hard_failure_count": 96581,
      "t50_count": 24810,
      "t100_count": 23126
    },
    "policy": {
      "policy_family": "all_fallback_strongest"
    }
  },
  "selected_deployment_policy": {
    "name": "regret_selector",
    "metrics": {
      "n": 100000,
      "improvement_over_strongest": 0.010836345024840321,
      "official_t50_improvement": 0.013572603215101897,
      "diagnostic_t100_raw_frame_improvement": 0.012845981057917899,
      "hard_failure_improvement": 0.010929538646649695,
      "easy_degradation": 0.00965540295110423,
      "selector_regret": 6.562430680690706,
      "harm_over_fallback": -0.28119418047189715,
      "switch_rate": 0.01625,
      "accuracy_to_oracle_best": 0.12853,
      "mean_confidence": 0.029278342255305925,
      "selected_distribution": {
        "damped_velocity": 87318,
        "scene_clamped_baseline": 12600,
        "constant_position": 82
      },
      "by_split_improvement": {
        "cross_scene": 0.01927023074335965,
        "within_scene": 0.0026598945745121005
      },
      "by_horizon_improvement": {
        "10": 0.0,
        "25": 0.001051269465292548,
        "50": 0.013572603215101897,
        "100": 0.012845981057917899
      },
      "easy_count": 58245,
      "hard_failure_count": 96581,
      "t50_count": 24810,
      "t100_count": 23126
    },
    "policy": {
      "policy_family": "regret_random_forest",
      "confidence_threshold": 0.1,
      "predicted_gain_threshold_px": 5.0,
      "min_predicted_margin_px": 0.0,
      "easy_guard": true,
      "easy_predicted_strongest_threshold_px": 10.0
    }
  },
  "tradeoff_curve": [
    {
      "name": "regret_selector",
      "metrics": {
        "n": 100000,
        "improvement_over_strongest": 0.010836345024840321,
        "official_t50_improvement": 0.013572603215101897,
        "diagnostic_t100_raw_frame_improvement": 0.012845981057917899,
        "hard_failure_improvement": 0.010929538646649695,
        "easy_degradation": 0.00965540295110423,
        "selector_regret": 6.562430680690706,
        "harm_over_fallback": -0.28119418047189715,
        "switch_rate": 0.01625,
        "accuracy_to_oracle_best": 0.12853,
        "mean_confidence": 0.029278342255305925,
        "selected_distribution": {
          "damped_velocity": 87318,
          "scene_clamped_baseline": 12600,
          "constant_position": 82
        },
        "by_split_improvement": {
          "cross_scene": 0.01927023074335965,
          "within_scene": 0.0026598945745121005
        },
        "by_horizon_improvement": {
          "10": 0.0,
          "25": 0.001051269465292548,
          "50": 0.013572603215101897,
          "100": 0.012845981057917899
        },
        "easy_count": 58245,
        "hard_failure_count": 96581,
        "t50_count": 24810,
        "t100_count": 23126
      },
      "policy": {
        "policy_family": "regret_random_forest",
        "confidence_threshold": 0.1,
        "predicted_gain_threshold_px": 5.0,
        "min_predicted_margin_px": 0.0,
        "easy_guard": true,
        "easy_predicted_strongest_threshold_px": 10.0
      }
    },
    {
      "name": "failure_assisted_selector",
      "metrics": {
        "n": 100000,
        "improvement_over_strongest": 0.007057474768195071,
        "official_t50_improvement": 0.010378353851759892,
        "diagnostic_t100_raw_frame_improvement": 0.007761184588709447,
        "hard_failure_improvement": 0.007118169738036806,
        "easy_degradation": 0.009405263004718556,
        "selector_regret": 6.660489234796464,
        "harm_over_fallback": -0.18313562636613845,
        "switch_rate": 0.00688,
        "accuracy_to_oracle_best": 0.12861,
        "mean_confidence": 0.03928861002523666,
        "selected_distribution": {
          "damped_velocity": 87792,
          "scene_clamped_baseline": 12208
        },
        "by_split_improvement": {
          "cross_scene": 0.011722953426305915,
          "within_scene": 0.002534404815831226
        },
        "by_horizon_improvement": {
          "10": 0.0,
          "25": 0.0,
          "50": 0.010378353851759892,
          "100": 0.007761184588709447
        },
        "easy_count": 58245,
        "hard_failure_count": 96581,
        "t50_count": 24810,