{
  "trained": true,
  "best_variant": "horizon_specific",
  "test_eval": {
    "n": 100000,
    "improvement_over_strongest": -0.039992397751632325,
    "official_t50_improvement": 0.0,
    "diagnostic_t100_raw_frame_improvement": -0.0732799400986559,
    "hard_failure_improvement": -0.04033633626436628,
    "easy_degradation": 0.06838411422733626,
    "selector_regret": 7.881394467528761,
    "harm_over_fallback": 1.0377696063661574,
    "switch_rate": 0.11552,
    "accuracy_to_oracle_best": 0.11407,
    "mean_confidence": 0.0,
    "selected_distribution": {
      "damped_velocity": 76874,
      "scene_clamped_baseline": 23126
    },
    "by_split_improvement": {
      "cross_scene": -0.08124395480513358,
      "within_scene": 0.0
    },
    "by_horizon_improvement": {
      "10": 0.0,
      "25": 0.0,
      "50": 0.0,
      "100": -0.0732799400986559
    },
    "easy_count": 58245,
    "hard_failure_count": 96581,
    "t50_count": 24810,
    "t100_count": 23126
  },
  "all_results": [
    {
      "variant": "global",
      "fields": [
        "global"
      ],
      "validation_eval": {
        "n": 20000,
        "improvement_over_strongest": 0.2000223335374317,
        "official_t50_improvement": 0.2271211253017037,
        "diagnostic_t100_raw_frame_improvement": 0.22294002032031524,
        "hard_failure_improvement": 0.19972980570155907,
        "easy_degradation": 0.7989582002562303,
        "selector_regret": 7.989806008169055,
        "harm_over_fallback": -7.708529055446387,
        "switch_rate": 0.8846,
        "accuracy_to_oracle_best": 0.0162,
        "mean_confidence": 0.0,
        "selected_distribution": {
          "scene_clamped_baseline": 20000
        },
        "by_split_improvement": {
          "cross_scene": 0.3055176438956535,
          "within_scene": 0.011269372500759323
        },
        "by_horizon_improvement": {
          "10": -0.038105297605990573,
          "25": 0.08946426924874007,
          "50": 0.2271211253017037,
          "100": 0.22294002032031524
        },
        "easy_count": 12099,
        "hard_failure_count": 19802,
        "t50_count": 4927,
        "t100_count": 4631
      },
      "test_eval": {
        "n": 100000,
        "improvement_over_strongest": -0.09742320871290189,
        "official_t50_improvement": -0.09898040855023593,
        "diagnostic_t100_raw_frame_improvement": -0.0732799400986559,
        "hard_failure_improvement": -0.09603399350489905,
        "easy_degradation": 0.859713657321959,
        "selector_regret": 9.371676456988453,
        "harm_over_fallback": 2.528051595825851,
        "switch_rate": 0.88426,
        "accuracy_to_oracle_best": 0.00688,
        "mean_confidence": 0.0,
        "selected_distribution": {
          "scene_clamped_baseline": 100000
        },
        "by_split_improvement": {
          "cross_scene": -0.16972010846151075,
          "within_scene": -0.02733309387902194
        },
        "by_horizon_improvement": {
          "10": -0.13291709753033087,
          "25": -0.1816952109315615,
          "50": -0.09898040855023593,
          "100": -0.0732799400986559
        },
        "easy_count": 58245,
        "hard_failure_count": 96581,
        "t50_count": 24810,
        "t100_count": 23126
      }
    },
    {
      "variant": "split_specific",
      "fields": [
        "split_type"
      ],
      "validation_eval": {
        "n": 20000,
        "improvement_over_strongest": 0.2000223335374317,
        "official_t50_improvement": 0.2271211253017037,
        "diagnostic_t100_raw_frame_improvement": 0.22294002032031524,
        "hard_failure_improvement": 0.19972980570155907,
        "easy_degradation": 0.7989582002562303,
        "selector_regret": 7.989806008169055,
        "harm_over_fallback": -7.708529055446387,
        "switch_rate": 0.8846,
        "accuracy_to_oracle_best": 0.0162,
        "mean_confidence": 0.0,
        "selected_distribution": {
          "scene_clamped_baseline": 20000
        },
        "by_split_improvement": {
          "cross_scene": 0.3055176438956535,
          "within_scene": 0.011269372500759323
        },
        "by_horizon_improvement": {
          "10": -0.038105297605990573,
          "25": 0.08946426924874007,
          "50": 0.2271211253017037,
          "100": 0.22294002032031524
        },
        "easy_count": 12099,
        "hard_failure_count": 19802,
        "t50_count": 4927,
        "t100_count": 4631
      },
      "test_eval": {
        "n": 100000,
        "improvement_over_strongest": -0.09742320871290189,
        "official_t50_improvement": -0.09898040855023593,
        "diagnostic_t100_raw_frame_improvement": -0.0732799400986559,
        "hard_failure_improvement": -0.09603399350489905,
        "easy_degradation": 0.859713657321959,
        "selector_regret": 9.371676456988453,
        "harm_over_fallback": 2.528051595825851,
        "switch_rate": 0.88426,
        "accuracy_to_oracle_best": 0.00688,
        "mean_confidence": 0.0,
        "selected_distribution": {
          "scene_clamped_baseline": 100000
        },
        "by_split_improvement": {
          "cross_scene": -0.16972010846151075,
          "within_scene": -0.02733309387902194
        },
        "by_horizon_improvement": {
          "10": -0.13291709753033087,
          "25": -0.1816952109315615,
          "50": -0.09898040855023593,
          "100": -0.0732799400986559
        },
        "easy_count": 58245,
        "hard_failure_count": 96581,
        "t50_count": 24810,
        "t100_count": 23126
      }
    },
    {
      "variant": "horizon_specific",
      "fields": [
        "horizon"
      ],
      "validation_eval": {
        "n": 20000,
        "improvement_over_strongest": 0.13283856300378039,
        "official_t50_improvement": 0.0,
        "diagnostic_t100_raw_frame_improvement": 0.22294002032031524,
        "hard_failure_improvement": 0.13322447983539198,
        "easy_degradation": 0.048920211828037186,
        "selector_regret": 10.578957119718194,
        "harm_over_fallback": -5.1193779438972475,
        "switch_rate": 0.11615,
        "accuracy_to_oracle_best": 0.10145,
        "mean_confidence": 0.0,
        "selected_distribution": {
          "damped_velocity": 15369,
          "scene_clamped_baseline": 4631
        },
        "by_split_improvement": {
          "cross_scene": 0.20708293699747515,
          "within_scene": 0.0
        },
        "by_horizon_improvement": {
          "10": 0.0,
          "25": 0.0,
          "50": 0.0,
          "100": 0.22294002032031524
        },
        "easy_count": 12099,
        "hard_failure_count": 19802,
        "t50_count": 4927,
        "t100_count": 4631
      },
      "test_eval": {
        "n": 100000,
        "improvement_over_strongest": -0.039992397751632325,
        "official_t50_improvement": 0.0,
        "diagnostic_t100_raw_frame_improvement": -0.0732799400986559,
        "hard_failure_improvement": -0.04033633626436628,
        "easy_degradation": 0.06838411422733626,
        "selector_regret": 7.881394467528761,
        "harm_over_fallback": 1.0377696063661574,
        "switch_rate": 0.11552,
        "accuracy_to_oracle_best": 0.11407,
        "mean_confidence": 0.0,
        "selected_distribution": {
          "damped_velocity": 76874,
          "scene_clamped_baseline": 23126
        },
        "by_split_improvement": {
          "cross_scene": -0.08124395480513358,
          "within_scene": 0.0
        },
        "by_horizon_improvement": {
          "10": 0.0,
          "25": 0.0,
          "50": 0.0,
          "100": -0.0732799400986559
        },
        "easy_count": 58245,
        "hard_failure_count": 96581,
        "t50_count": 24810,
        "t100_count": 23126
      }
    },
    {
      "variant": "agent_type_specific",
      "fields": [
        "agent_type"
      ],
      "validation_eval": {
        "n": 20000,
        "improvement_over_strongest": 0.24450054042971203,
        "official_t50_improvement": 0.2878780543803837,