{
  "trained": true,
  "test_rows": 115,
  "selector_accuracy": 0.5826086956521739,
  "selector_regret": 0.7023708928134932,
  "selected_baseline_fde": 3.4447063145128447,
  "global_strongest_baseline_fde": 3.5908523751899573,
  "oracle_baseline_fde": 2.7423354216993507,
  "improvement_over_global_strongest": 0.040699545792210794,
  "oracle_improvement_over_global_strongest": 0.23629959264079178,
  "calibration_ece": 0.12,
  "choice_distribution": {
    "constant_position": 89,
    "route_corridor_baseline": 26
  },
  "easy_degradation": 0.0,
  "official_t50": {
    "count": 98,
    "improvement": 0.08195359799282922
  },
  "diagnostic_t100": {
    "count": 17,
    "improvement": -0.11221247944115464
  },
  "hard_or_failure": {
    "count": 115,
    "improvement": 0.040699545792210794
  },
  "baseline_failure": {
    "count": 49,
    "improvement": 0.08469636736362177
  },
  "no_scene_selector_gain": 0.0,
  "no_goal_selector_gain": 0.0,
  "no_interaction_selector_gain": 0.0
}