{
  "episode_count": 411,
  "row_count": 3088,
  "strongest_baseline_average_FDE100": 5.16106973024446,
  "oracle_clip_FDE100": {
    "0.02": 5.14106973024446,
    "0.05": 5.111069730244459,
    "0.1": 5.06106973024446,
    "0.25": 4.91106973024446,
    "0.5": 4.664681337621439,
    "1.0": 4.194093102327322
  },
  "oracle_best_possible_FDE100": 4.194093102327322,
  "oracle_improvement_upper_bound": 0.1873597293697746,
  "five_percent_feasible": true,
  "ten_percent_feasible": true,
  "baseline_error_by_horizon": {
    "10": {
      "count": 1835,
      "mean_FDE": 4.3577335479891515,
      "p90_FDE": 7.260597504734736
    },
    "25": {
      "count": 658,
      "mean_FDE": 3.265567263281566,
      "p90_FDE": 13.021400457285866
    },
    "50": {
      "count": 514,
      "mean_FDE": 3.066915405606667,
      "p90_FDE": 9.642223350288512
    },
    "100": {
      "count": 81,
      "mean_FDE": 5.120605013407705,
      "p90_FDE": 9.75837354731816
    }
  },
  "baseline_failure_rate_FDE100_gt_5m": 0.47058823529411764,
  "hard_failure_sample_count": 310,
  "goal_scene_can_explain_errors": "unknown_with_current_silver_rule_labels",
  "interaction_can_explain_errors": "unknown_not_proven",
  "dataset_diagnosis": "limited_t100_rows",
  "recommendation": "Proceed with targeted deterministic repair."
}