policy,comparison,subset,locality,rows,model_error,reference_error,gain_percent,model_p95,model_p99,reference_p95
cv_targets__original,ADE_vs_floor,all,eu-locality-008,157961,18.002029503738996,18.041144590837536,0.21681045180694802,63.85471877568163,131.20549207047296,63.85471877568163
cv_targets__original,ADE_vs_floor,all,eu-locality-020,1225,6.464799639736198,6.514432089833121,0.7618845267323038,20.950455289077674,42.958840384020256,20.950455289077674
cv_targets__original,ADE_vs_floor,all,eu-locality-048,8058,26.55502487729235,26.568426516120656,0.05044197412358287,89.49939807482255,160.11545465691114,89.49939807482255
cv_targets__original,ADE_vs_floor,all,eu-locality-067,6903,28.836124907482446,28.87697837044287,0.1414741613071202,92.96468374261876,168.56927310186109,92.96468374261876
cv_targets__original,ADE_vs_floor,all,eu-locality-074,102348,19.485817874848017,19.540144919218633,0.27802784777293255,64.32327120369061,132.49073574295682,64.46142956732993
cv_targets__original,ADE_vs_floor,all,eu-locality-082,1368,13.535905172172901,13.564534585131002,0.21106078338642975,52.30649963956743,101.91283477915022,52.30649963956743
cv_targets__original,ADE_vs_floor,all,eu-locality-112,5004,24.353891752992524,24.377253499056568,0.0958342007845503,86.2710070848162,186.18759729912014,86.2710070848162
cv_targets__original,ADE_vs_floor,all,eu-locality-126,5790,19.625273473396696,19.645962498046178,0.10530929523834276,86.5533275336093,157.09863889864567,86.5533275336093
cv_targets__original,ADE_vs_floor,easy,eu-locality-008,39889,1.647094835632699,1.7124634754637011,3.817228266039452,3.051907770623909,3.343230622057371,3.0954122497682435
cv_targets__original,ADE_vs_floor,easy,eu-locality-020,593,1.2453262707753026,1.2667120183194382,1.6882880429687885,3.040626325338701,3.3899938472394897,3.0442506244225767
cv_targets__original,ADE_vs_floor,easy,eu-locality-048,1582,1.636293516441814,1.6796162978639069,2.579326092345602,3.0743694701381585,3.380921428523672,3.080321842954575
cv_targets__original,ADE_vs_floor,easy,eu-locality-067,1219,1.590617674418319,1.6058934268181635,0.9512307694110933,3.0935997711687357,3.3448505278100407,3.1204027321405072
cv_targets__original,ADE_vs_floor,easy,eu-locality-074,17048,1.9046603342006048,1.9698182133276747,3.3078117912716754,3.222870721546701,3.534804668858814,3.248088316777988
cv_targets__original,ADE_vs_floor,easy,eu-locality-082,513,1.5462004828417095,1.5717224694033087,1.6238227205142897,2.97384013935923,3.3963414460134995,2.9910454520185303
cv_targets__original,ADE_vs_floor,easy,eu-locality-112,571,1.9853536795903686,2.011879820091856,1.3184753998017884,3.1756828589252075,3.380427508819609,3.1756828589252075
cv_targets__original,ADE_vs_floor,easy,eu-locality-126,2160,1.3654600121595328,1.4103792615006157,3.1849056893597294,2.942624617246482,3.2666607746245173,2.9648916649582264
cv_targets__original,ADE_vs_floor,hard,eu-locality-008,28100,60.570188122543264,60.57267643715081,0.004107981938239469,138.37729324495885,231.14803055134072,138.38282192988999
cv_targets__original,ADE_vs_floor,hard,eu-locality-020,30,43.951869033620255,43.951869033620255,0.0,64.72063289570352,69.65016417684733,64.72063289570352
cv_targets__original,ADE_vs_floor,hard,eu-locality-048,2478,63.81610989740674,63.81613301956246,3.623246133122038e-05,138.97729297348553,219.8528418739297,138.97729297348553
cv_targets__original,ADE_vs_floor,hard,eu-locality-067,2296,64.87130335601644,64.95146996619232,0.12342539778946726,143.40335944857748,213.5382101003649,143.40335944857748
cv_targets__original,ADE_vs_floor,hard,eu-locality-074,19310,59.889111842955,60.00555441541746,0.19405298992211106,136.04231560184755,237.87669095023648,136.34580362984687
cv_targets__original,ADE_vs_floor,hard,eu-locality-082,184,55.57409669773812,55.56439239170911,-0.01746497282035797,116.0311931849977,199.45076524670506,111.15642414153585
cv_targets__original,ADE_vs_floor,hard,eu-locality-112,1153,69.76508397868075,69.78349615436602,0.02638471372162776,174.675987810338,312.16727648534334,174.675987810338
cv_targets__original,ADE_vs_floor,hard,eu-locality-126,1110,73.83078926777138,73.83050161725946,-0.00038960931540987787,160.69598223874476,237.31079754913677,160.69598223874476
cv_targets__original,ADE_vs_floor,complete,eu-locality-008,97352,16.34020289322415,16.389412229840747,0.3002507712082658,59.00785104941188,120.13555903630997,59.01678952634717
cv_targets__original,ADE_vs_floor,complete,eu-locality-020,364,6.793268278663608,6.891806752673657,1.4297915995949984,22.682718227503177,49.70629992513765,22.682718227503177
cv_targets__original,ADE_vs_floor,complete,eu-locality-048,4716,26.545693599399414,26.563160393487802,0.0657557076403803,91.22372192206632,161.22338275660073,91.22372192206632
cv_targets__original,ADE_vs_floor,complete,eu-locality-067,3417,30.03405180707917,30.057452024112813,0.0778516323169054,92.43888499604662,166.36606324874677,92.43888499604662
cv_targets__original,ADE_vs_floor,complete,eu-locality-074,67309,19.2305927384159,19.28822811110901,0.29881113164518247,63.280916107037605,130.89806348161562,63.36155246962371
cv_targets__original,ADE_vs_floor,complete,eu-locality-082,582,10.349560779812299,10.401712665936916,0.5013778768894639,48.19172118275565,88.77064559267427,48.19172118275565
cv_targets__original,ADE_vs_floor,complete,eu-locality-112,2417,20.699608163744394,20.722018417039262,0.10814705808986913,70.00895081757096,171.1830006493205,70.00895081757096
cv_targets__original,ADE_vs_floor,complete,eu-locality-126,3637,19.31193188490947,19.334572553522406,0.11709940082855752,85.5211371225543,163.85887416785963,85.5211371225543
cv_targets__original,ADE_vs_original,all,eu-locality-008,157961,18.002029503738996,18.002029503738996,0.0,63.85471877568163,131.20549207047296,63.85471877568163
cv_targets__original,ADE_vs_original,all,eu-locality-020,1225,6.464799639736198,6.464799639736198,0.0,20.950455289077674,42.958840384020256,20.950455289077674
cv_targets__original,ADE_vs_original,all,eu-locality-048,8058,26.55502487729235,26.55502487729235,0.0,89.49939807482255,160.11545465691114,89.49939807482255
cv_targets__original,ADE_vs_original,all,eu-locality-067,6903,28.836124907482446,28.836124907482446,0.0,92.96468374261876,168.56927310186109,92.96468374261876
cv_targets__original,ADE_vs_original,all,eu-locality-074,102348,19.485817874848017,19.485817874848017,0.0,64.32327120369061,132.49073574295682,64.32327120369061
cv_targets__original,ADE_vs_original,all,eu-locality-082,1368,13.535905172172901,13.535905172172901,0.0,52.30649963956743,101.91283477915022,52.30649963956743
cv_targets__original,ADE_vs_original,all,eu-locality-112,5004,24.353891752992524,24.353891752992524,0.0,86.2710070848162,186.18759729912014,86.2710070848162
cv_targets__original,ADE_vs_original,all,eu-locality-126,5790,19.625273473396696,19.625273473396696,0.0,86.5533275336093,157.09863889864567,86.5533275336093
cv_targets__original,ADE_vs_original,easy,eu-locality-008,39889,1.647094835632699,1.647094835632699,0.0,3.051907770623909,3.343230622057371,3.051907770623909
cv_targets__original,ADE_vs_original,easy,eu-locality-020,593,1.2453262707753026,1.2453262707753026,0.0,3.040626325338701,3.3899938472394897,3.040626325338701
cv_targets__original,ADE_vs_original,easy,eu-locality-048,1582,1.636293516441814,1.636293516441814,0.0,3.0743694701381585,3.380921428523672,3.0743694701381585
cv_targets__original,ADE_vs_original,easy,eu-locality-067,1219,1.590617674418319,1.590617674418319,0.0,3.0935997711687357,3.3448505278100407,3.0935997711687357
cv_targets__original,ADE_vs_original,easy,eu-locality-074,17048,1.9046603342006048,1.9046603342006048,0.0,3.222870721546701,3.534804668858814,3.222870721546701
cv_targets__original,ADE_vs_original,easy,eu-locality-082,513,1.5462004828417095,1.5462004828417095,0.0,2.97384013935923,3.3963414460134995,2.97384013935923
cv_targets__original,ADE_vs_original,easy,eu-locality-112,571,1.9853536795903686,1.9853536795903686,0.0,3.1756828589252075,3.380427508819609,3.1756828589252075
cv_targets__original,ADE_vs_original,easy,eu-locality-126,2160,1.3654600121595328,1.3654600121595328,0.0,2.942624617246482,3.2666607746245173,2.942624617246482
cv_targets__original,ADE_vs_original,hard,eu-locality-008,28100,60.570188122543264,60.570188122543264,0.0,138.37729324495885,231.14803055134072,138.37729324495885
cv_targets__original,ADE_vs_original,hard,eu-locality-020,30,43.951869033620255,43.951869033620255,0.0,64.72063289570352,69.65016417684733,64.72063289570352
cv_targets__original,ADE_vs_original,hard,eu-locality-048,2478,63.81610989740674,63.81610989740674,0.0,138.97729297348553,219.8528418739297,138.97729297348553
cv_targets__original,ADE_vs_original,hard,eu-locality-067,2296,64.87130335601644,64.87130335601644,0.0,143.40335944857748,213.5382101003649,143.40335944857748
cv_targets__original,ADE_vs_original,hard,eu-locality-074,19310,59.889111842955,59.889111842955,0.0,136.04231560184755,237.87669095023648,136.04231560184755
cv_targets__original,ADE_vs_original,hard,eu-locality-082,184,55.57409669773812,55.57409669773812,0.0,116.0311931849977,199.45076524670506,116.0311931849977
cv_targets__original,ADE_vs_original,hard,eu-locality-112,1153,69.76508397868075,69.76508397868075,0.0,174.675987810338,312.16727648534334,174.675987810338
cv_targets__original,ADE_vs_original,hard,eu-locality-126,1110,73.83078926777138,73.83078926777138,0.0,160.69598223874476,237.31079754913677,160.69598223874476
cv_targets__original,FDE_vs_floor,endpoint,eu-locality-008,121088,35.84682619755701,35.96957473477451,0.34125657065061654,136.95807869338222,281.94720140669045,136.94678016915063
cv_targets__original,FDE_vs_floor,endpoint,eu-locality-020,622,14.481415416580997,14.67889508889477,1.345330633660391,54.18434016797015,102.34943144507893,54.18434016797015
cv_targets__original,FDE_vs_floor,endpoint,eu-locality-048,5582,58.817962741528966,58.86627761858265,0.0820756450182536,216.55248685578948,355.4563120785641,216.55248685578948
cv_targets__original,FDE_vs_floor,endpoint,eu-locality-067,4600,64.05844069619435,64.14804098569955,0.13967735900957123,207.16877909819794,394.0447029702928,207.16877909819794
cv_targets__original,FDE_vs_floor,endpoint,eu-locality-074,81289,40.8841830807245,41.035287783577374,0.36823112743795683,139.51239155444642,285.4242061796492,139.8898647808847
cv_targets__original,FDE_vs_floor,endpoint,eu-locality-082,859,25.32012116587986,25.471426904331437,0.5940214461477522,115.16354557853296,234.31504208196256,115.16354557853296
cv_targets__original,FDE_vs_floor,endpoint,eu-locality-112,3719,47.911474249588395,47.968287530342636,0.11843925159575885,180.87314969023402,421.63704764077704,180.87314969023402
cv_targets__original,FDE_vs_floor,endpoint,eu-locality-126,4579,40.06898387820109,40.13090423960287,0.15429595364232496,186.16986536958748,367.4904107537943,186.14679086195613
cv_targets__original,ADE_vs_CV,easy,eu-locality-008,39889,1.647094835632699,1.791172498853141,8.043762580806291,3.051907770623909,3.343230622057371,3.2504176960159774
cv_targets__original,ADE_vs_CV,easy,eu-locality-020,593,1.2453262707753026,1.2706472215919324,1.9927600978741022,3.040626325338701,3.3899938472394897,3.051349724629029
cv_targets__original,ADE_vs_CV,easy,eu-locality-048,1582,1.636293516441814,1.7551327263969017,6.770952883948089,3.0743694701381585,3.380921428523672,3.2298308573246963
cv_targets__original,ADE_vs_CV,easy,eu-locality-067,1219,1.590617674418319,1.6528940070695597,3.7677148313733366,3.0935997711687357,3.3448505278100407,3.222473275402277
cv_targets__original,ADE_vs_CV,easy,eu-locality-074,17048,1.9046603342006048,2.0239574238081066,5.8942489700718355,3.222870721546701,3.534804668858814,3.3016095862663026
cv_targets__original,ADE_vs_CV,easy,eu-locality-082,513,1.5462004828417095,1.6221340438704122,4.6810904015999295,2.97384013935923,3.3963414460134995,3.137173321764387
cv_targets__original,ADE_vs_CV,easy,eu-locality-112,571,1.9853536795903686,2.110763890677913,5.941460892021732,3.1756828589252075,3.380427508819609,3.3318797717711783
cv_targets__original,ADE_vs_CV,easy,eu-locality-126,2160,1.3654600121595328,1.4931553251754432,8.552044845093821,2.942624617246482,3.2666607746245173,3.15811922069773
cv_targets__stop,ADE_vs_floor,all,eu-locality-008,157961,18.002022188153745,18.041144590837536,0.21685100125886647,63.85471877568163,131.20549207047296,63.85471877568163
cv_targets__stop,ADE_vs_floor,all,eu-locality-020,1225,6.464799639736198,6.514432089833121,0.7618845267323038,20.950455289077674,42.958840384020256,20.950455289077674
cv_targets__stop,ADE_vs_floor,all,eu-locality-048,8058,26.55502487729235,26.568426516120656,0.05044197412358287,89.49939807482255,160.11545465691114,89.49939807482255
cv_targets__stop,ADE_vs_floor,all,eu-locality-067,6903,28.836124907482446,28.87697837044287,0.1414741613071202,92.96468374261876,168.56927310186109,92.96468374261876
cv_targets__stop,ADE_vs_floor,all,eu-locality-074,102348,19.485817874848017,19.540144919218633,0.27802784777293255,64.32327120369061,132.49073574295682,64.46142956732993
cv_targets__stop,ADE_vs_floor,all,eu-locality-082,1368,13.535905172172901,13.564534585131002,0.21106078338642975,52.30649963956743,101.91283477915022,52.30649963956743
cv_targets__stop,ADE_vs_floor,all,eu-locality-112,5004,24.353891752992524,24.377253499056568,0.0958342007845503,86.2710070848162,186.18759729912014,86.2710070848162
cv_targets__stop,ADE_vs_floor,all,eu-locality-126,5790,19.625273473396696,19.645962498046178,0.10530929523834276,86.5533275336093,157.09863889864567,86.5533275336093
cv_targets__stop,ADE_vs_floor,easy,eu-locality-008,39889,1.6470742658302941,1.7124634754637011,3.818429448003313,3.051907770623909,3.343230622057371,3.0954122497682435
cv_targets__stop,ADE_vs_floor,easy,eu-locality-020,593,1.2453262707753026,1.2667120183194382,1.6882880429687885,3.040626325338701,3.3899938472394897,3.0442506244225767
cv_targets__stop,ADE_vs_floor,easy,eu-locality-048,1582,1.636293516441814,1.6796162978639069,2.579326092345602,3.0743694701381585,3.380921428523672,3.080321842954575
cv_targets__stop,ADE_vs_floor,easy,eu-locality-067,1219,1.590617674418319,1.6058934268181635,0.9512307694110933,3.0935997711687357,3.3448505278100407,3.1204027321405072
cv_targets__stop,ADE_vs_floor,easy,eu-locality-074,17048,1.9046603342006048,1.9698182133276747,3.3078117912716754,3.222870721546701,3.534804668858814,3.248088316777988
cv_targets__stop,ADE_vs_floor,easy,eu-locality-082,513,1.5462004828417095,1.5717224694033087,1.6238227205142897,2.97384013935923,3.3963414460134995,2.9910454520185303
cv_targets__stop,ADE_vs_floor,easy,eu-locality-112,571,1.9853536795903686,2.011879820091856,1.3184753998017884,3.1756828589252075,3.380427508819609,3.1756828589252075
cv_targets__stop,ADE_vs_floor,easy,eu-locality-126,2160,1.3654600121595328,1.4103792615006157,3.1849056893597294,2.942624617246482,3.2666607746245173,2.9648916649582264
cv_targets__stop,ADE_vs_floor,hard,eu-locality-008,28100,60.57015543773536,60.57267643715081,0.004161941594360563,138.37729324495885,231.14803055134072,138.38282192988999
cv_targets__stop,ADE_vs_floor,hard,eu-locality-020,30,43.951869033620255,43.951869033620255,0.0,64.72063289570352,69.65016417684733,64.72063289570352
cv_targets__stop,ADE_vs_floor,hard,eu-locality-048,2478,63.81610989740674,63.81613301956246,3.623246133122038e-05,138.97729297348553,219.8528418739297,138.97729297348553
cv_targets__stop,ADE_vs_floor,hard,eu-locality-067,2296,64.87130335601644,64.95146996619232,0.12342539778946726,143.40335944857748,213.5382101003649,143.40335944857748
cv_targets__stop,ADE_vs_floor,hard,eu-locality-074,19310,59.889111842955,60.00555441541746,0.19405298992211106,136.04231560184755,237.87669095023648,136.34580362984687
cv_targets__stop,ADE_vs_floor,hard,eu-locality-082,184,55.57409669773812,55.56439239170911,-0.01746497282035797,116.0311931849977,199.45076524670506,111.15642414153585
cv_targets__stop,ADE_vs_floor,hard,eu-locality-112,1153,69.76508397868075,69.78349615436602,0.02638471372162776,174.675987810338,312.16727648534334,174.675987810338
cv_targets__stop,ADE_vs_floor,hard,eu-locality-126,1110,73.83078926777138,73.83050161725946,-0.00038960931540987787,160.69598223874476,237.31079754913677,160.69598223874476
cv_targets__stop,ADE_vs_floor,complete,eu-locality-008,97352,16.340200813632368,16.389412229840747,0.30026345983767966,59.00785104941188,120.13555903630997,59.01678952634717
cv_targets__stop,ADE_vs_floor,complete,eu-locality-020,364,6.793268278663608,6.891806752673657,1.4297915995949984,22.682718227503177,49.70629992513765,22.682718227503177
cv_targets__stop,ADE_vs_floor,complete,eu-locality-048,4716,26.545693599399414,26.563160393487802,0.0657557076403803,91.22372192206632,161.22338275660073,91.22372192206632
cv_targets__stop,ADE_vs_floor,complete,eu-locality-067,3417,30.03405180707917,30.057452024112813,0.0778516323169054,92.43888499604662,166.36606324874677,92.43888499604662
cv_targets__stop,ADE_vs_floor,complete,eu-locality-074,67309,19.2305927384159,19.28822811110901,0.29881113164518247,63.280916107037605,130.89806348161562,63.36155246962371
cv_targets__stop,ADE_vs_floor,complete,eu-locality-082,582,10.349560779812299,10.401712665936916,0.5013778768894639,48.19172118275565,88.77064559267427,48.19172118275565
cv_targets__stop,ADE_vs_floor,complete,eu-locality-112,2417,20.699608163744394,20.722018417039262,0.10814705808986913,70.00895081757096,171.1830006493205,70.00895081757096
cv_targets__stop,ADE_vs_floor,complete,eu-locality-126,3637,19.31193188490947,19.334572553522406,0.11709940082855752,85.5211371225543,163.85887416785963,85.5211371225543
cv_targets__stop,ADE_vs_original,all,eu-locality-008,157961,18.002022188153745,18.002029503738996,4.063755838501493e-05,63.85471877568163,131.20549207047296,63.85471877568163
cv_targets__stop,ADE_vs_original,all,eu-locality-020,1225,6.464799639736198,6.464799639736198,0.0,20.950455289077674,42.958840384020256,20.950455289077674
cv_targets__stop,ADE_vs_original,all,eu-locality-048,8058,26.55502487729235,26.55502487729235,0.0,89.49939807482255,160.11545465691114,89.49939807482255
cv_targets__stop,ADE_vs_original,all,eu-locality-067,6903,28.836124907482446,28.836124907482446,0.0,92.96468374261876,168.56927310186109,92.96468374261876
cv_targets__stop,ADE_vs_original,all,eu-locality-074,102348,19.485817874848017,19.485817874848017,0.0,64.32327120369061,132.49073574295682,64.32327120369061
cv_targets__stop,ADE_vs_original,all,eu-locality-082,1368,13.535905172172901,13.535905172172901,0.0,52.30649963956743,101.91283477915022,52.30649963956743
cv_targets__stop,ADE_vs_original,all,eu-locality-112,5004,24.353891752992524,24.353891752992524,0.0,86.2710070848162,186.18759729912014,86.2710070848162
cv_targets__stop,ADE_vs_original,all,eu-locality-126,5790,19.625273473396696,19.625273473396696,0.0,86.5533275336093,157.09863889864567,86.5533275336093
cv_targets__stop,ADE_vs_original,easy,eu-locality-008,39889,1.6470742658302941,1.647094835632699,0.0012488535547472424,3.051907770623909,3.343230622057371,3.051907770623909
cv_targets__stop,ADE_vs_original,easy,eu-locality-020,593,1.2453262707753026,1.2453262707753026,0.0,3.040626325338701,3.3899938472394897,3.040626325338701
cv_targets__stop,ADE_vs_original,easy,eu-locality-048,1582,1.636293516441814,1.636293516441814,0.0,3.0743694701381585,3.380921428523672,3.0743694701381585
cv_targets__stop,ADE_vs_original,easy,eu-locality-067,1219,1.590617674418319,1.590617674418319,0.0,3.0935997711687357,3.3448505278100407,3.0935997711687357
cv_targets__stop,ADE_vs_original,easy,eu-locality-074,17048,1.9046603342006048,1.9046603342006048,0.0,3.222870721546701,3.534804668858814,3.222870721546701
cv_targets__stop,ADE_vs_original,easy,eu-locality-082,513,1.5462004828417095,1.5462004828417095,0.0,2.97384013935923,3.3963414460134995,2.97384013935923
cv_targets__stop,ADE_vs_original,easy,eu-locality-112,571,1.9853536795903686,1.9853536795903686,0.0,3.1756828589252075,3.380427508819609,3.1756828589252075
cv_targets__stop,ADE_vs_original,easy,eu-locality-126,2160,1.3654600121595328,1.3654600121595328,0.0,2.942624617246482,3.2666607746245173,2.942624617246482
cv_targets__stop,ADE_vs_original,hard,eu-locality-008,28100,60.57015543773536,60.570188122543264,5.396187285899856e-05,138.37729324495885,231.14803055134072,138.37729324495885
cv_targets__stop,ADE_vs_original,hard,eu-locality-020,30,43.951869033620255,43.951869033620255,0.0,64.72063289570352,69.65016417684733,64.72063289570352
cv_targets__stop,ADE_vs_original,hard,eu-locality-048,2478,63.81610989740674,63.81610989740674,0.0,138.97729297348553,219.8528418739297,138.97729297348553
cv_targets__stop,ADE_vs_original,hard,eu-locality-067,2296,64.87130335601644,64.87130335601644,0.0,143.40335944857748,213.5382101003649,143.40335944857748
cv_targets__stop,ADE_vs_original,hard,eu-locality-074,19310,59.889111842955,59.889111842955,0.0,136.04231560184755,237.87669095023648,136.04231560184755
cv_targets__stop,ADE_vs_original,hard,eu-locality-082,184,55.57409669773812,55.57409669773812,0.0,116.0311931849977,199.45076524670506,116.0311931849977
cv_targets__stop,ADE_vs_original,hard,eu-locality-112,1153,69.76508397868075,69.76508397868075,0.0,174.675987810338,312.16727648534334,174.675987810338
cv_targets__stop,ADE_vs_original,hard,eu-locality-126,1110,73.83078926777138,73.83078926777138,0.0,160.69598223874476,237.31079754913677,160.69598223874476
cv_targets__stop,FDE_vs_floor,endpoint,eu-locality-008,121088,35.846818897809385,35.96957473477451,0.3412768648789366,136.95807869338222,281.94720140669045,136.94678016915063
cv_targets__stop,FDE_vs_floor,endpoint,eu-locality-020,622,14.481415416580997,14.67889508889477,1.345330633660391,54.18434016797015,102.34943144507893,54.18434016797015
cv_targets__stop,FDE_vs_floor,endpoint,eu-locality-048,5582,58.817962741528966,58.86627761858265,0.0820756450182536,216.55248685578948,355.4563120785641,216.55248685578948
cv_targets__stop,FDE_vs_floor,endpoint,eu-locality-067,4600,64.05844069619435,64.14804098569955,0.13967735900957123,207.16877909819794,394.0447029702928,207.16877909819794
cv_targets__stop,FDE_vs_floor,endpoint,eu-locality-074,81289,40.8841830807245,41.035287783577374,0.36823112743795683,139.51239155444642,285.4242061796492,139.8898647808847
cv_targets__stop,FDE_vs_floor,endpoint,eu-locality-082,859,25.32012116587986,25.471426904331437,0.5940214461477522,115.16354557853296,234.31504208196256,115.16354557853296
cv_targets__stop,FDE_vs_floor,endpoint,eu-locality-112,3719,47.911474249588395,47.968287530342636,0.11843925159575885,180.87314969023402,421.63704764077704,180.87314969023402
cv_targets__stop,FDE_vs_floor,endpoint,eu-locality-126,4579,40.06898387820109,40.13090423960287,0.15429595364232496,186.16986536958748,367.4904107537943,186.14679086195613
cv_targets__stop,ADE_vs_CV,easy,eu-locality-008,39889,1.6470742658302941,1.791172498853141,8.044910979546117,3.051907770623909,3.343230622057371,3.2504176960159774
cv_targets__stop,ADE_vs_CV,easy,eu-locality-020,593,1.2453262707753026,1.2706472215919324,1.9927600978741022,3.040626325338701,3.3899938472394897,3.051349724629029
cv_targets__stop,ADE_vs_CV,easy,eu-locality-048,1582,1.636293516441814,1.7551327263969017,6.770952883948089,3.0743694701381585,3.380921428523672,3.2298308573246963
cv_targets__stop,ADE_vs_CV,easy,eu-locality-067,1219,1.590617674418319,1.6528940070695597,3.7677148313733366,3.0935997711687357,3.3448505278100407,3.222473275402277
cv_targets__stop,ADE_vs_CV,easy,eu-locality-074,17048,1.9046603342006048,2.0239574238081066,5.8942489700718355,3.222870721546701,3.534804668858814,3.3016095862663026
cv_targets__stop,ADE_vs_CV,easy,eu-locality-082,513,1.5462004828417095,1.6221340438704122,4.6810904015999295,2.97384013935923,3.3963414460134995,3.137173321764387
cv_targets__stop,ADE_vs_CV,easy,eu-locality-112,571,1.9853536795903686,2.110763890677913,5.941460892021732,3.1756828589252075,3.380427508819609,3.3318797717711783
cv_targets__stop,ADE_vs_CV,easy,eu-locality-126,2160,1.3654600121595328,1.4931553251754432,8.552044845093821,2.942624617246482,3.2666607746245173,3.15811922069773
cv_targets__stop,matched_risk,all,eu-locality-008,157961,18.002022188153745,18.002022188153745,0.0,63.85471877568163,131.20549207047296,63.85471877568163
cv_targets__stop,matched_risk,all,eu-locality-020,1225,6.464799639736198,6.464799639736198,0.0,20.950455289077674,42.958840384020256,20.950455289077674
cv_targets__stop,matched_risk,all,eu-locality-048,8058,26.55502487729235,26.55502487729235,0.0,89.49939807482255,160.11545465691114,89.49939807482255
cv_targets__stop,matched_risk,all,eu-locality-067,6903,28.836124907482446,28.836124907482446,0.0,92.96468374261876,168.56927310186109,92.96468374261876
cv_targets__stop,matched_risk,all,eu-locality-074,102348,19.485817874848017,19.485817874848017,0.0,64.32327120369061,132.49073574295682,64.32327120369061
cv_targets__stop,matched_risk,all,eu-locality-082,1368,13.535905172172901,13.535905172172901,0.0,52.30649963956743,101.91283477915022,52.30649963956743
cv_targets__stop,matched_risk,all,eu-locality-112,5004,24.353891752992524,24.353891752992524,0.0,86.2710070848162,186.18759729912014,86.2710070848162
cv_targets__stop,matched_risk,all,eu-locality-126,5790,19.625273473396696,19.625273473396696,0.0,86.5533275336093,157.09863889864567,86.5533275336093
cv_targets__stop,matched_risk,easy,eu-locality-008,39889,1.6470742658302941,1.6470742658302941,0.0,3.051907770623909,3.343230622057371,3.051907770623909
cv_targets__stop,matched_risk,easy,eu-locality-020,593,1.2453262707753026,1.2453262707753026,0.0,3.040626325338701,3.3899938472394897,3.040626325338701
cv_targets__stop,matched_risk,easy,eu-locality-048,1582,1.636293516441814,1.636293516441814,0.0,3.0743694701381585,3.380921428523672,3.0743694701381585
cv_targets__stop,matched_risk,easy,eu-locality-067,1219,1.590617674418319,1.590617674418319,0.0,3.0935997711687357,3.3448505278100407,3.0935997711687357
cv_targets__stop,matched_risk,easy,eu-locality-074,17048,1.9046603342006048,1.9046603342006048,0.0,3.222870721546701,3.534804668858814,3.222870721546701
cv_targets__stop,matched_risk,easy,eu-locality-082,513,1.5462004828417095,1.5462004828417095,0.0,2.97384013935923,3.3963414460134995,2.97384013935923
cv_targets__stop,matched_risk,easy,eu-locality-112,571,1.9853536795903686,1.9853536795903686,0.0,3.1756828589252075,3.380427508819609,3.1756828589252075
cv_targets__stop,matched_risk,easy,eu-locality-126,2160,1.3654600121595328,1.3654600121595328,0.0,2.942624617246482,3.2666607746245173,2.942624617246482
cv_targets__stop,matched_risk,hard,eu-locality-008,28100,60.57015543773536,60.57015543773536,0.0,138.37729324495885,231.14803055134072,138.37729324495885
cv_targets__stop,matched_risk,hard,eu-locality-020,30,43.951869033620255,43.951869033620255,0.0,64.72063289570352,69.65016417684733,64.72063289570352
cv_targets__stop,matched_risk,hard,eu-locality-048,2478,63.81610989740674,63.81610989740674,0.0,138.97729297348553,219.8528418739297,138.97729297348553
cv_targets__stop,matched_risk,hard,eu-locality-067,2296,64.87130335601644,64.87130335601644,0.0,143.40335944857748,213.5382101003649,143.40335944857748
cv_targets__stop,matched_risk,hard,eu-locality-074,19310,59.889111842955,59.889111842955,0.0,136.04231560184755,237.87669095023648,136.04231560184755
cv_targets__stop,matched_risk,hard,eu-locality-082,184,55.57409669773812,55.57409669773812,0.0,116.0311931849977,199.45076524670506,116.0311931849977
cv_targets__stop,matched_risk,hard,eu-locality-112,1153,69.76508397868075,69.76508397868075,0.0,174.675987810338,312.16727648534334,174.675987810338
cv_targets__stop,matched_risk,hard,eu-locality-126,1110,73.83078926777138,73.83078926777138,0.0,160.69598223874476,237.31079754913677,160.69598223874476
cv_targets__stop,matched_risk,complete,eu-locality-008,97352,16.340200813632368,16.340200813632368,0.0,59.00785104941188,120.13555903630997,59.00785104941188
cv_targets__stop,matched_risk,complete,eu-locality-020,364,6.793268278663608,6.793268278663608,0.0,22.682718227503177,49.70629992513765,22.682718227503177
cv_targets__stop,matched_risk,complete,eu-locality-048,4716,26.545693599399414,26.545693599399414,0.0,91.22372192206632,161.22338275660073,91.22372192206632
cv_targets__stop,matched_risk,complete,eu-locality-067,3417,30.03405180707917,30.03405180707917,0.0,92.43888499604662,166.36606324874677,92.43888499604662
cv_targets__stop,matched_risk,complete,eu-locality-074,67309,19.2305927384159,19.2305927384159,0.0,63.280916107037605,130.89806348161562,63.280916107037605
cv_targets__stop,matched_risk,complete,eu-locality-082,582,10.349560779812299,10.349560779812299,0.0,48.19172118275565,88.77064559267427,48.19172118275565
cv_targets__stop,matched_risk,complete,eu-locality-112,2417,20.699608163744394,20.699608163744394,0.0,70.00895081757096,171.1830006493205,70.00895081757096
cv_targets__stop,matched_risk,complete,eu-locality-126,3637,19.31193188490947,19.31193188490947,0.0,85.5211371225543,163.85887416785963,85.5211371225543
cv_targets__stop,matched_random,all,eu-locality-008,157961,18.002022188153745,18.002022188153745,0.0,63.85471877568163,131.20549207047296,63.85471877568163
cv_targets__stop,matched_random,all,eu-locality-020,1225,6.464799639736198,6.464799639736198,0.0,20.950455289077674,42.958840384020256,20.950455289077674
cv_targets__stop,matched_random,all,eu-locality-048,8058,26.55502487729235,26.55502487729235,0.0,89.49939807482255,160.11545465691114,89.49939807482255
cv_targets__stop,matched_random,all,eu-locality-067,6903,28.836124907482446,28.836124907482446,0.0,92.96468374261876,168.56927310186109,92.96468374261876
cv_targets__stop,matched_random,all,eu-locality-074,102348,19.485817874848017,19.485817874848017,0.0,64.32327120369061,132.49073574295682,64.32327120369061
cv_targets__stop,matched_random,all,eu-locality-082,1368,13.535905172172901,13.535905172172901,0.0,52.30649963956743,101.91283477915022,52.30649963956743
cv_targets__stop,matched_random,all,eu-locality-112,5004,24.353891752992524,24.353891752992524,0.0,86.2710070848162,186.18759729912014,86.2710070848162
cv_targets__stop,matched_random,all,eu-locality-126,5790,19.625273473396696,19.625273473396696,0.0,86.5533275336093,157.09863889864567,86.5533275336093
cv_targets__stop,matched_random,easy,eu-locality-008,39889,1.6470742658302941,1.6470742658302941,0.0,3.051907770623909,3.343230622057371,3.051907770623909
cv_targets__stop,matched_random,easy,eu-locality-020,593,1.2453262707753026,1.2453262707753026,0.0,3.040626325338701,3.3899938472394897,3.040626325338701
cv_targets__stop,matched_random,easy,eu-locality-048,1582,1.636293516441814,1.636293516441814,0.0,3.0743694701381585,3.380921428523672,3.0743694701381585
cv_targets__stop,matched_random,easy,eu-locality-067,1219,1.590617674418319,1.590617674418319,0.0,3.0935997711687357,3.3448505278100407,3.0935997711687357
cv_targets__stop,matched_random,easy,eu-locality-074,17048,1.9046603342006048,1.9046603342006048,0.0,3.222870721546701,3.534804668858814,3.222870721546701
cv_targets__stop,matched_random,easy,eu-locality-082,513,1.5462004828417095,1.5462004828417095,0.0,2.97384013935923,3.3963414460134995,2.97384013935923
cv_targets__stop,matched_random,easy,eu-locality-112,571,1.9853536795903686,1.9853536795903686,0.0,3.1756828589252075,3.380427508819609,3.1756828589252075
cv_targets__stop,matched_random,easy,eu-locality-126,2160,1.3654600121595328,1.3654600121595328,0.0,2.942624617246482,3.2666607746245173,2.942624617246482
cv_targets__stop,matched_random,hard,eu-locality-008,28100,60.57015543773536,60.57015543773536,0.0,138.37729324495885,231.14803055134072,138.37729324495885
cv_targets__stop,matched_random,hard,eu-locality-020,30,43.951869033620255,43.951869033620255,0.0,64.72063289570352,69.65016417684733,64.72063289570352
cv_targets__stop,matched_random,hard,eu-locality-048,2478,63.81610989740674,63.81610989740674,0.0,138.97729297348553,219.8528418739297,138.97729297348553
cv_targets__stop,matched_random,hard,eu-locality-067,2296,64.87130335601644,64.87130335601644,0.0,143.40335944857748,213.5382101003649,143.40335944857748
cv_targets__stop,matched_random,hard,eu-locality-074,19310,59.889111842955,59.889111842955,0.0,136.04231560184755,237.87669095023648,136.04231560184755
cv_targets__stop,matched_random,hard,eu-locality-082,184,55.57409669773812,55.57409669773812,0.0,116.0311931849977,199.45076524670506,116.0311931849977
cv_targets__stop,matched_random,hard,eu-locality-112,1153,69.76508397868075,69.76508397868075,0.0,174.675987810338,312.16727648534334,174.675987810338
cv_targets__stop,matched_random,hard,eu-locality-126,1110,73.83078926777138,73.83078926777138,0.0,160.69598223874476,237.31079754913677,160.69598223874476
cv_targets__stop,matched_random,complete,eu-locality-008,97352,16.340200813632368,16.340200813632368,0.0,59.00785104941188,120.13555903630997,59.00785104941188
cv_targets__stop,matched_random,complete,eu-locality-020,364,6.793268278663608,6.793268278663608,0.0,22.682718227503177,49.70629992513765,22.682718227503177
cv_targets__stop,matched_random,complete,eu-locality-048,4716,26.545693599399414,26.545693599399414,0.0,91.22372192206632,161.22338275660073,91.22372192206632
cv_targets__stop,matched_random,complete,eu-locality-067,3417,30.03405180707917,30.03405180707917,0.0,92.43888499604662,166.36606324874677,92.43888499604662
cv_targets__stop,matched_random,complete,eu-locality-074,67309,19.2305927384159,19.2305927384159,0.0,63.280916107037605,130.89806348161562,63.280916107037605
cv_targets__stop,matched_random,complete,eu-locality-082,582,10.349560779812299,10.349560779812299,0.0,48.19172118275565,88.77064559267427,48.19172118275565
cv_targets__stop,matched_random,complete,eu-locality-112,2417,20.699608163744394,20.699608163744394,0.0,70.00895081757096,171.1830006493205,70.00895081757096
cv_targets__stop,matched_random,complete,eu-locality-126,3637,19.31193188490947,19.31193188490947,0.0,85.5211371225543,163.85887416785963,85.5211371225543
cv_targets__stop_risk,ADE_vs_floor,all,eu-locality-008,157961,18.002022188153745,18.041144590837536,0.21685100125886647,63.85471877568163,131.20549207047296,63.85471877568163
cv_targets__stop_risk,ADE_vs_floor,all,eu-locality-020,1225,6.464799639736198,6.514432089833121,0.7618845267323038,20.950455289077674,42.958840384020256,20.950455289077674
cv_targets__stop_risk,ADE_vs_floor,all,eu-locality-048,8058,26.55502487729235,26.568426516120656,0.05044197412358287,89.49939807482255,160.11545465691114,89.49939807482255
cv_targets__stop_risk,ADE_vs_floor,all,eu-locality-067,6903,28.836124907482446,28.87697837044287,0.1414741613071202,92.96468374261876,168.56927310186109,92.96468374261876
cv_targets__stop_risk,ADE_vs_floor,all,eu-locality-074,102348,19.485817874848017,19.540144919218633,0.27802784777293255,64.32327120369061,132.49073574295682,64.46142956732993
cv_targets__stop_risk,ADE_vs_floor,all,eu-locality-082,1368,13.535905172172901,13.564534585131002,0.21106078338642975,52.30649963956743,101.91283477915022,52.30649963956743
cv_targets__stop_risk,ADE_vs_floor,all,eu-locality-112,5004,24.353891752992524,24.377253499056568,0.0958342007845503,86.2710070848162,186.18759729912014,86.2710070848162
cv_targets__stop_risk,ADE_vs_floor,all,eu-locality-126,5790,19.625273473396696,19.645962498046178,0.10530929523834276,86.5533275336093,157.09863889864567,86.5533275336093
cv_targets__stop_risk,ADE_vs_floor,easy,eu-locality-008,39889,1.6470742658302941,1.7124634754637011,3.818429448003313,3.051907770623909,3.343230622057371,3.0954122497682435
cv_targets__stop_risk,ADE_vs_floor,easy,eu-locality-020,593,1.2453262707753026,1.2667120183194382,1.6882880429687885,3.040626325338701,3.3899938472394897,3.0442506244225767
cv_targets__stop_risk,ADE_vs_floor,easy,eu-locality-048,1582,1.636293516441814,1.6796162978639069,2.579326092345602,3.0743694701381585,3.380921428523672,3.080321842954575
cv_targets__stop_risk,ADE_vs_floor,easy,eu-locality-067,1219,1.590617674418319,1.6058934268181635,0.9512307694110933,3.0935997711687357,3.3448505278100407,3.1204027321405072
cv_targets__stop_risk,ADE_vs_floor,easy,eu-locality-074,17048,1.9046603342006048,1.9698182133276747,3.3078117912716754,3.222870721546701,3.534804668858814,3.248088316777988
cv_targets__stop_risk,ADE_vs_floor,easy,eu-locality-082,513,1.5462004828417095,1.5717224694033087,1.6238227205142897,2.97384013935923,3.3963414460134995,2.9910454520185303
cv_targets__stop_risk,ADE_vs_floor,easy,eu-locality-112,571,1.9853536795903686,2.011879820091856,1.3184753998017884,3.1756828589252075,3.380427508819609,3.1756828589252075
cv_targets__stop_risk,ADE_vs_floor,easy,eu-locality-126,2160,1.3654600121595328,1.4103792615006157,3.1849056893597294,2.942624617246482,3.2666607746245173,2.9648916649582264
cv_targets__stop_risk,ADE_vs_floor,hard,eu-locality-008,28100,60.57015543773536,60.57267643715081,0.004161941594360563,138.37729324495885,231.14803055134072,138.38282192988999
cv_targets__stop_risk,ADE_vs_floor,hard,eu-locality-020,30,43.951869033620255,43.951869033620255,0.0,64.72063289570352,69.65016417684733,64.72063289570352
cv_targets__stop_risk,ADE_vs_floor,hard,eu-locality-048,2478,63.81610989740674,63.81613301956246,3.623246133122038e-05,138.97729297348553,219.8528418739297,138.97729297348553
cv_targets__stop_risk,ADE_vs_floor,hard,eu-locality-067,2296,64.87130335601644,64.95146996619232,0.12342539778946726,143.40335944857748,213.5382101003649,143.40335944857748
cv_targets__stop_risk,ADE_vs_floor,hard,eu-locality-074,19310,59.889111842955,60.00555441541746,0.19405298992211106,136.04231560184755,237.87669095023648,136.34580362984687
cv_targets__stop_risk,ADE_vs_floor,hard,eu-locality-082,184,55.57409669773812,55.56439239170911,-0.01746497282035797,116.0311931849977,199.45076524670506,111.15642414153585
cv_targets__stop_risk,ADE_vs_floor,hard,eu-locality-112,1153,69.76508397868075,69.78349615436602,0.02638471372162776,174.675987810338,312.16727648534334,174.675987810338
cv_targets__stop_risk,ADE_vs_floor,hard,eu-locality-126,1110,73.83078926777138,73.83050161725946,-0.00038960931540987787,160.69598223874476,237.31079754913677,160.69598223874476
cv_targets__stop_risk,ADE_vs_floor,complete,eu-locality-008,97352,16.340200813632368,16.389412229840747,0.30026345983767966,59.00785104941188,120.13555903630997,59.01678952634717
cv_targets__stop_risk,ADE_vs_floor,complete,eu-locality-020,364,6.793268278663608,6.891806752673657,1.4297915995949984,22.682718227503177,49.70629992513765,22.682718227503177
cv_targets__stop_risk,ADE_vs_floor,complete,eu-locality-048,4716,26.545693599399414,26.563160393487802,0.0657557076403803,91.22372192206632,161.22338275660073,91.22372192206632
cv_targets__stop_risk,ADE_vs_floor,complete,eu-locality-067,3417,30.03405180707917,30.057452024112813,0.0778516323169054,92.43888499604662,166.36606324874677,92.43888499604662
cv_targets__stop_risk,ADE_vs_floor,complete,eu-locality-074,67309,19.2305927384159,19.28822811110901,0.29881113164518247,63.280916107037605,130.89806348161562,63.36155246962371
cv_targets__stop_risk,ADE_vs_floor,complete,eu-locality-082,582,10.349560779812299,10.401712665936916,0.5013778768894639,48.19172118275565,88.77064559267427,48.19172118275565
cv_targets__stop_risk,ADE_vs_floor,complete,eu-locality-112,2417,20.699608163744394,20.722018417039262,0.10814705808986913,70.00895081757096,171.1830006493205,70.00895081757096
cv_targets__stop_risk,ADE_vs_floor,complete,eu-locality-126,3637,19.31193188490947,19.334572553522406,0.11709940082855752,85.5211371225543,163.85887416785963,85.5211371225543
cv_targets__stop_risk,ADE_vs_original,all,eu-locality-008,157961,18.002022188153745,18.002029503738996,4.063755838501493e-05,63.85471877568163,131.20549207047296,63.85471877568163
cv_targets__stop_risk,ADE_vs_original,all,eu-locality-020,1225,6.464799639736198,6.464799639736198,0.0,20.950455289077674,42.958840384020256,20.950455289077674
cv_targets__stop_risk,ADE_vs_original,all,eu-locality-048,8058,26.55502487729235,26.55502487729235,0.0,89.49939807482255,160.11545465691114,89.49939807482255
cv_targets__stop_risk,ADE_vs_original,all,eu-locality-067,6903,28.836124907482446,28.836124907482446,0.0,92.96468374261876,168.56927310186109,92.96468374261876
cv_targets__stop_risk,ADE_vs_original,all,eu-locality-074,102348,19.485817874848017,19.485817874848017,0.0,64.32327120369061,132.49073574295682,64.32327120369061
cv_targets__stop_risk,ADE_vs_original,all,eu-locality-082,1368,13.535905172172901,13.535905172172901,0.0,52.30649963956743,101.91283477915022,52.30649963956743
cv_targets__stop_risk,ADE_vs_original,all,eu-locality-112,5004,24.353891752992524,24.353891752992524,0.0,86.2710070848162,186.18759729912014,86.2710070848162
cv_targets__stop_risk,ADE_vs_original,all,eu-locality-126,5790,19.625273473396696,19.625273473396696,0.0,86.5533275336093,157.09863889864567,86.5533275336093
cv_targets__stop_risk,ADE_vs_original,easy,eu-locality-008,39889,1.6470742658302941,1.647094835632699,0.0012488535547472424,3.051907770623909,3.343230622057371,3.051907770623909
cv_targets__stop_risk,ADE_vs_original,easy,eu-locality-020,593,1.2453262707753026,1.2453262707753026,0.0,3.040626325338701,3.3899938472394897,3.040626325338701
cv_targets__stop_risk,ADE_vs_original,easy,eu-locality-048,1582,1.636293516441814,1.636293516441814,0.0,3.0743694701381585,3.380921428523672,3.0743694701381585
cv_targets__stop_risk,ADE_vs_original,easy,eu-locality-067,1219,1.590617674418319,1.590617674418319,0.0,3.0935997711687357,3.3448505278100407,3.0935997711687357
cv_targets__stop_risk,ADE_vs_original,easy,eu-locality-074,17048,1.9046603342006048,1.9046603342006048,0.0,3.222870721546701,3.534804668858814,3.222870721546701
cv_targets__stop_risk,ADE_vs_original,easy,eu-locality-082,513,1.5462004828417095,1.5462004828417095,0.0,2.97384013935923,3.3963414460134995,2.97384013935923
cv_targets__stop_risk,ADE_vs_original,easy,eu-locality-112,571,1.9853536795903686,1.9853536795903686,0.0,3.1756828589252075,3.380427508819609,3.1756828589252075
cv_targets__stop_risk,ADE_vs_original,easy,eu-locality-126,2160,1.3654600121595328,1.3654600121595328,0.0,2.942624617246482,3.2666607746245173,2.942624617246482
cv_targets__stop_risk,ADE_vs_original,hard,eu-locality-008,28100,60.57015543773536,60.570188122543264,5.396187285899856e-05,138.37729324495885,231.14803055134072,138.37729324495885
cv_targets__stop_risk,ADE_vs_original,hard,eu-locality-020,30,43.951869033620255,43.951869033620255,0.0,64.72063289570352,69.65016417684733,64.72063289570352
cv_targets__stop_risk,ADE_vs_original,hard,eu-locality-048,2478,63.81610989740674,63.81610989740674,0.0,138.97729297348553,219.8528418739297,138.97729297348553
cv_targets__stop_risk,ADE_vs_original,hard,eu-locality-067,2296,64.87130335601644,64.87130335601644,0.0,143.40335944857748,213.5382101003649,143.40335944857748
cv_targets__stop_risk,ADE_vs_original,hard,eu-locality-074,19310,59.889111842955,59.889111842955,0.0,136.04231560184755,237.87669095023648,136.04231560184755
cv_targets__stop_risk,ADE_vs_original,hard,eu-locality-082,184,55.57409669773812,55.57409669773812,0.0,116.0311931849977,199.45076524670506,116.0311931849977
cv_targets__stop_risk,ADE_vs_original,hard,eu-locality-112,1153,69.76508397868075,69.76508397868075,0.0,174.675987810338,312.16727648534334,174.675987810338
cv_targets__stop_risk,ADE_vs_original,hard,eu-locality-126,1110,73.83078926777138,73.83078926777138,0.0,160.69598223874476,237.31079754913677,160.69598223874476
cv_targets__stop_risk,FDE_vs_floor,endpoint,eu-locality-008,121088,35.846818897809385,35.96957473477451,0.3412768648789366,136.95807869338222,281.94720140669045,136.94678016915063
cv_targets__stop_risk,FDE_vs_floor,endpoint,eu-locality-020,622,14.481415416580997,14.67889508889477,1.345330633660391,54.18434016797015,102.34943144507893,54.18434016797015
cv_targets__stop_risk,FDE_vs_floor,endpoint,eu-locality-048,5582,58.817962741528966,58.86627761858265,0.0820756450182536,216.55248685578948,355.4563120785641,216.55248685578948
cv_targets__stop_risk,FDE_vs_floor,endpoint,eu-locality-067,4600,64.05844069619435,64.14804098569955,0.13967735900957123,207.16877909819794,394.0447029702928,207.16877909819794
cv_targets__stop_risk,FDE_vs_floor,endpoint,eu-locality-074,81289,40.8841830807245,41.035287783577374,0.36823112743795683,139.51239155444642,285.4242061796492,139.8898647808847
cv_targets__stop_risk,FDE_vs_floor,endpoint,eu-locality-082,859,25.32012116587986,25.471426904331437,0.5940214461477522,115.16354557853296,234.31504208196256,115.16354557853296
cv_targets__stop_risk,FDE_vs_floor,endpoint,eu-locality-112,3719,47.911474249588395,47.968287530342636,0.11843925159575885,180.87314969023402,421.63704764077704,180.87314969023402
cv_targets__stop_risk,FDE_vs_floor,endpoint,eu-locality-126,4579,40.06898387820109,40.13090423960287,0.15429595364232496,186.16986536958748,367.4904107537943,186.14679086195613
cv_targets__stop_risk,ADE_vs_CV,easy,eu-locality-008,39889,1.6470742658302941,1.791172498853141,8.044910979546117,3.051907770623909,3.343230622057371,3.2504176960159774
cv_targets__stop_risk,ADE_vs_CV,easy,eu-locality-020,593,1.2453262707753026,1.2706472215919324,1.9927600978741022,3.040626325338701,3.3899938472394897,3.051349724629029
cv_targets__stop_risk,ADE_vs_CV,easy,eu-locality-048,1582,1.636293516441814,1.7551327263969017,6.770952883948089,3.0743694701381585,3.380921428523672,3.2298308573246963
cv_targets__stop_risk,ADE_vs_CV,easy,eu-locality-067,1219,1.590617674418319,1.6528940070695597,3.7677148313733366,3.0935997711687357,3.3448505278100407,3.222473275402277
cv_targets__stop_risk,ADE_vs_CV,easy,eu-locality-074,17048,1.9046603342006048,2.0239574238081066,5.8942489700718355,3.222870721546701,3.534804668858814,3.3016095862663026
cv_targets__stop_risk,ADE_vs_CV,easy,eu-locality-082,513,1.5462004828417095,1.6221340438704122,4.6810904015999295,2.97384013935923,3.3963414460134995,3.137173321764387
cv_targets__stop_risk,ADE_vs_CV,easy,eu-locality-112,571,1.9853536795903686,2.110763890677913,5.941460892021732,3.1756828589252075,3.380427508819609,3.3318797717711783
cv_targets__stop_risk,ADE_vs_CV,easy,eu-locality-126,2160,1.3654600121595328,1.4931553251754432,8.552044845093821,2.942624617246482,3.2666607746245173,3.15811922069773
cv_targets__stop_random,ADE_vs_floor,all,eu-locality-008,157961,18.002022188153745,18.041144590837536,0.21685100125886647,63.85471877568163,131.20549207047296,63.85471877568163
cv_targets__stop_random,ADE_vs_floor,all,eu-locality-020,1225,6.464799639736198,6.514432089833121,0.7618845267323038,20.950455289077674,42.958840384020256,20.950455289077674
cv_targets__stop_random,ADE_vs_floor,all,eu-locality-048,8058,26.55502487729235,26.568426516120656,0.05044197412358287,89.49939807482255,160.11545465691114,89.49939807482255
cv_targets__stop_random,ADE_vs_floor,all,eu-locality-067,6903,28.836124907482446,28.87697837044287,0.1414741613071202,92.96468374261876,168.56927310186109,92.96468374261876
cv_targets__stop_random,ADE_vs_floor,all,eu-locality-074,102348,19.485817874848017,19.540144919218633,0.27802784777293255,64.32327120369061,132.49073574295682,64.46142956732993
cv_targets__stop_random,ADE_vs_floor,all,eu-locality-082,1368,13.535905172172901,13.564534585131002,0.21106078338642975,52.30649963956743,101.91283477915022,52.30649963956743
cv_targets__stop_random,ADE_vs_floor,all,eu-locality-112,5004,24.353891752992524,24.377253499056568,0.0958342007845503,86.2710070848162,186.18759729912014,86.2710070848162
cv_targets__stop_random,ADE_vs_floor,all,eu-locality-126,5790,19.625273473396696,19.645962498046178,0.10530929523834276,86.5533275336093,157.09863889864567,86.5533275336093
cv_targets__stop_random,ADE_vs_floor,easy,eu-locality-008,39889,1.6470742658302941,1.7124634754637011,3.818429448003313,3.051907770623909,3.343230622057371,3.0954122497682435
cv_targets__stop_random,ADE_vs_floor,easy,eu-locality-020,593,1.2453262707753026,1.2667120183194382,1.6882880429687885,3.040626325338701,3.3899938472394897,3.0442506244225767
cv_targets__stop_random,ADE_vs_floor,easy,eu-locality-048,1582,1.636293516441814,1.6796162978639069,2.579326092345602,3.0743694701381585,3.380921428523672,3.080321842954575
cv_targets__stop_random,ADE_vs_floor,easy,eu-locality-067,1219,1.590617674418319,1.6058934268181635,0.9512307694110933,3.0935997711687357,3.3448505278100407,3.1204027321405072
cv_targets__stop_random,ADE_vs_floor,easy,eu-locality-074,17048,1.9046603342006048,1.9698182133276747,3.3078117912716754,3.222870721546701,3.534804668858814,3.248088316777988
cv_targets__stop_random,ADE_vs_floor,easy,eu-locality-082,513,1.5462004828417095,1.5717224694033087,1.6238227205142897,2.97384013935923,3.3963414460134995,2.9910454520185303
cv_targets__stop_random,ADE_vs_floor,easy,eu-locality-112,571,1.9853536795903686,2.011879820091856,1.3184753998017884,3.1756828589252075,3.380427508819609,3.1756828589252075
cv_targets__stop_random,ADE_vs_floor,easy,eu-locality-126,2160,1.3654600121595328,1.4103792615006157,3.1849056893597294,2.942624617246482,3.2666607746245173,2.9648916649582264
cv_targets__stop_random,ADE_vs_floor,hard,eu-locality-008,28100,60.57015543773536,60.57267643715081,0.004161941594360563,138.37729324495885,231.14803055134072,138.38282192988999
cv_targets__stop_random,ADE_vs_floor,hard,eu-locality-020,30,43.951869033620255,43.951869033620255,0.0,64.72063289570352,69.65016417684733,64.72063289570352
cv_targets__stop_random,ADE_vs_floor,hard,eu-locality-048,2478,63.81610989740674,63.81613301956246,3.623246133122038e-05,138.97729297348553,219.8528418739297,138.97729297348553
cv_targets__stop_random,ADE_vs_floor,hard,eu-locality-067,2296,64.87130335601644,64.95146996619232,0.12342539778946726,143.40335944857748,213.5382101003649,143.40335944857748
cv_targets__stop_random,ADE_vs_floor,hard,eu-locality-074,19310,59.889111842955,60.00555441541746,0.19405298992211106,136.04231560184755,237.87669095023648,136.34580362984687
cv_targets__stop_random,ADE_vs_floor,hard,eu-locality-082,184,55.57409669773812,55.56439239170911,-0.01746497282035797,116.0311931849977,199.45076524670506,111.15642414153585
cv_targets__stop_random,ADE_vs_floor,hard,eu-locality-112,1153,69.76508397868075,69.78349615436602,0.02638471372162776,174.675987810338,312.16727648534334,174.675987810338
cv_targets__stop_random,ADE_vs_floor,hard,eu-locality-126,1110,73.83078926777138,73.83050161725946,-0.00038960931540987787,160.69598223874476,237.31079754913677,160.69598223874476
cv_targets__stop_random,ADE_vs_floor,complete,eu-locality-008,97352,16.340200813632368,16.389412229840747,0.30026345983767966,59.00785104941188,120.13555903630997,59.01678952634717
cv_targets__stop_random,ADE_vs_floor,complete,eu-locality-020,364,6.793268278663608,6.891806752673657,1.4297915995949984,22.682718227503177,49.70629992513765,22.682718227503177
cv_targets__stop_random,ADE_vs_floor,complete,eu-locality-048,4716,26.545693599399414,26.563160393487802,0.0657557076403803,91.22372192206632,161.22338275660073,91.22372192206632
cv_targets__stop_random,ADE_vs_floor,complete,eu-locality-067,3417,30.03405180707917,30.057452024112813,0.0778516323169054,92.43888499604662,166.36606324874677,92.43888499604662
cv_targets__stop_random,ADE_vs_floor,complete,eu-locality-074,67309,19.2305927384159,19.28822811110901,0.29881113164518247,63.280916107037605,130.89806348161562,63.36155246962371
cv_targets__stop_random,ADE_vs_floor,complete,eu-locality-082,582,10.349560779812299,10.401712665936916,0.5013778768894639,48.19172118275565,88.77064559267427,48.19172118275565
cv_targets__stop_random,ADE_vs_floor,complete,eu-locality-112,2417,20.699608163744394,20.722018417039262,0.10814705808986913,70.00895081757096,171.1830006493205,70.00895081757096
cv_targets__stop_random,ADE_vs_floor,complete,eu-locality-126,3637,19.31193188490947,19.334572553522406,0.11709940082855752,85.5211371225543,163.85887416785963,85.5211371225543
cv_targets__stop_random,ADE_vs_original,all,eu-locality-008,157961,18.002022188153745,18.002029503738996,4.063755838501493e-05,63.85471877568163,131.20549207047296,63.85471877568163
cv_targets__stop_random,ADE_vs_original,all,eu-locality-020,1225,6.464799639736198,6.464799639736198,0.0,20.950455289077674,42.958840384020256,20.950455289077674
cv_targets__stop_random,ADE_vs_original,all,eu-locality-048,8058,26.55502487729235,26.55502487729235,0.0,89.49939807482255,160.11545465691114,89.49939807482255
cv_targets__stop_random,ADE_vs_original,all,eu-locality-067,6903,28.836124907482446,28.836124907482446,0.0,92.96468374261876,168.56927310186109,92.96468374261876
cv_targets__stop_random,ADE_vs_original,all,eu-locality-074,102348,19.485817874848017,19.485817874848017,0.0,64.32327120369061,132.49073574295682,64.32327120369061
cv_targets__stop_random,ADE_vs_original,all,eu-locality-082,1368,13.535905172172901,13.535905172172901,0.0,52.30649963956743,101.91283477915022,52.30649963956743
cv_targets__stop_random,ADE_vs_original,all,eu-locality-112,5004,24.353891752992524,24.353891752992524,0.0,86.2710070848162,186.18759729912014,86.2710070848162
cv_targets__stop_random,ADE_vs_original,all,eu-locality-126,5790,19.625273473396696,19.625273473396696,0.0,86.5533275336093,157.09863889864567,86.5533275336093
cv_targets__stop_random,ADE_vs_original,easy,eu-locality-008,39889,1.6470742658302941,1.647094835632699,0.0012488535547472424,3.051907770623909,3.343230622057371,3.051907770623909
cv_targets__stop_random,ADE_vs_original,easy,eu-locality-020,593,1.2453262707753026,1.2453262707753026,0.0,3.040626325338701,3.3899938472394897,3.040626325338701
cv_targets__stop_random,ADE_vs_original,easy,eu-locality-048,1582,1.636293516441814,1.636293516441814,0.0,3.0743694701381585,3.380921428523672,3.0743694701381585
cv_targets__stop_random,ADE_vs_original,easy,eu-locality-067,1219,1.590617674418319,1.590617674418319,0.0,3.0935997711687357,3.3448505278100407,3.0935997711687357
cv_targets__stop_random,ADE_vs_original,easy,eu-locality-074,17048,1.9046603342006048,1.9046603342006048,0.0,3.222870721546701,3.534804668858814,3.222870721546701
cv_targets__stop_random,ADE_vs_original,easy,eu-locality-082,513,1.5462004828417095,1.5462004828417095,0.0,2.97384013935923,3.3963414460134995,2.97384013935923
cv_targets__stop_random,ADE_vs_original,easy,eu-locality-112,571,1.9853536795903686,1.9853536795903686,0.0,3.1756828589252075,3.380427508819609,3.1756828589252075
cv_targets__stop_random,ADE_vs_original,easy,eu-locality-126,2160,1.3654600121595328,1.3654600121595328,0.0,2.942624617246482,3.2666607746245173,2.942624617246482
cv_targets__stop_random,ADE_vs_original,hard,eu-locality-008,28100,60.57015543773536,60.570188122543264,5.396187285899856e-05,138.37729324495885,231.14803055134072,138.37729324495885
cv_targets__stop_random,ADE_vs_original,hard,eu-locality-020,30,43.951869033620255,43.951869033620255,0.0,64.72063289570352,69.65016417684733,64.72063289570352
cv_targets__stop_random,ADE_vs_original,hard,eu-locality-048,2478,63.81610989740674,63.81610989740674,0.0,138.97729297348553,219.8528418739297,138.97729297348553
cv_targets__stop_random,ADE_vs_original,hard,eu-locality-067,2296,64.87130335601644,64.87130335601644,0.0,143.40335944857748,213.5382101003649,143.40335944857748
cv_targets__stop_random,ADE_vs_original,hard,eu-locality-074,19310,59.889111842955,59.889111842955,0.0,136.04231560184755,237.87669095023648,136.04231560184755
cv_targets__stop_random,ADE_vs_original,hard,eu-locality-082,184,55.57409669773812,55.57409669773812,0.0,116.0311931849977,199.45076524670506,116.0311931849977
cv_targets__stop_random,ADE_vs_original,hard,eu-locality-112,1153,69.76508397868075,69.76508397868075,0.0,174.675987810338,312.16727648534334,174.675987810338
cv_targets__stop_random,ADE_vs_original,hard,eu-locality-126,1110,73.83078926777138,73.83078926777138,0.0,160.69598223874476,237.31079754913677,160.69598223874476
cv_targets__stop_random,FDE_vs_floor,endpoint,eu-locality-008,121088,35.846818897809385,35.96957473477451,0.3412768648789366,136.95807869338222,281.94720140669045,136.94678016915063
cv_targets__stop_random,FDE_vs_floor,endpoint,eu-locality-020,622,14.481415416580997,14.67889508889477,1.345330633660391,54.18434016797015,102.34943144507893,54.18434016797015
cv_targets__stop_random,FDE_vs_floor,endpoint,eu-locality-048,5582,58.817962741528966,58.86627761858265,0.0820756450182536,216.55248685578948,355.4563120785641,216.55248685578948
cv_targets__stop_random,FDE_vs_floor,endpoint,eu-locality-067,4600,64.05844069619435,64.14804098569955,0.13967735900957123,207.16877909819794,394.0447029702928,207.16877909819794
cv_targets__stop_random,FDE_vs_floor,endpoint,eu-locality-074,81289,40.8841830807245,41.035287783577374,0.36823112743795683,139.51239155444642,285.4242061796492,139.8898647808847
cv_targets__stop_random,FDE_vs_floor,endpoint,eu-locality-082,859,25.32012116587986,25.471426904331437,0.5940214461477522,115.16354557853296,234.31504208196256,115.16354557853296
cv_targets__stop_random,FDE_vs_floor,endpoint,eu-locality-112,3719,47.911474249588395,47.968287530342636,0.11843925159575885,180.87314969023402,421.63704764077704,180.87314969023402
cv_targets__stop_random,FDE_vs_floor,endpoint,eu-locality-126,4579,40.06898387820109,40.13090423960287,0.15429595364232496,186.16986536958748,367.4904107537943,186.14679086195613
cv_targets__stop_random,ADE_vs_CV,easy,eu-locality-008,39889,1.6470742658302941,1.791172498853141,8.044910979546117,3.051907770623909,3.343230622057371,3.2504176960159774
cv_targets__stop_random,ADE_vs_CV,easy,eu-locality-020,593,1.2453262707753026,1.2706472215919324,1.9927600978741022,3.040626325338701,3.3899938472394897,3.051349724629029
cv_targets__stop_random,ADE_vs_CV,easy,eu-locality-048,1582,1.636293516441814,1.7551327263969017,6.770952883948089,3.0743694701381585,3.380921428523672,3.2298308573246963
cv_targets__stop_random,ADE_vs_CV,easy,eu-locality-067,1219,1.590617674418319,1.6528940070695597,3.7677148313733366,3.0935997711687357,3.3448505278100407,3.222473275402277
cv_targets__stop_random,ADE_vs_CV,easy,eu-locality-074,17048,1.9046603342006048,2.0239574238081066,5.8942489700718355,3.222870721546701,3.534804668858814,3.3016095862663026
cv_targets__stop_random,ADE_vs_CV,easy,eu-locality-082,513,1.5462004828417095,1.6221340438704122,4.6810904015999295,2.97384013935923,3.3963414460134995,3.137173321764387
cv_targets__stop_random,ADE_vs_CV,easy,eu-locality-112,571,1.9853536795903686,2.110763890677913,5.941460892021732,3.1756828589252075,3.380427508819609,3.3318797717711783
cv_targets__stop_random,ADE_vs_CV,easy,eu-locality-126,2160,1.3654600121595328,1.4931553251754432,8.552044845093821,2.942624617246482,3.2666607746245173,3.15811922069773
cv_targets__support,ADE_vs_floor,all,eu-locality-008,157961,18.00275818873874,18.041144590837536,0.2127714342375686,63.855680257712145,131.20549207047296,63.85471877568163
cv_targets__support,ADE_vs_floor,all,eu-locality-020,1225,6.468650209532735,6.514432089833121,0.7027762308219554,20.950455289077674,42.958840384020256,20.950455289077674
cv_targets__support,ADE_vs_floor,all,eu-locality-048,8058,26.555183367740746,26.568426516120656,0.04984543729706914,89.49939807482255,160.11545465691114,89.49939807482255
cv_targets__support,ADE_vs_floor,all,eu-locality-067,6903,28.836998019024193,28.87697837044287,0.13845060555088828,92.96468374261876,168.56927310186109,92.96468374261876
cv_targets__support,ADE_vs_floor,all,eu-locality-074,102348,19.495873506187124,19.540144919218633,0.2265664518586341,64.35238081695006,132.82571837209403,64.46142956732993
cv_targets__support,ADE_vs_floor,all,eu-locality-082,1368,13.538026355300847,13.564534585131002,0.19542306935625975,52.30649963956743,101.91283477915022,52.30649963956743
cv_targets__support,ADE_vs_floor,all,eu-locality-112,5004,24.35666665238312,24.377253499056568,0.08445105054285529,86.2710070848162,186.18759729912014,86.2710070848162
cv_targets__support,ADE_vs_floor,all,eu-locality-126,5790,19.625392505445543,19.645962498046178,0.10470340968369296,86.5533275336093,157.09863889864567,86.5533275336093
cv_targets__support,ADE_vs_floor,easy,eu-locality-008,39889,1.6478903704491206,1.7124634754637011,3.7707726874055214,3.0529235197900877,3.343230622057371,3.0954122497682435
cv_targets__support,ADE_vs_floor,easy,eu-locality-020,593,1.2462011045070644,1.2667120183194382,1.6192246947799416,3.040626325338701,3.3899938472394897,3.0442506244225767
cv_targets__support,ADE_vs_floor,easy,eu-locality-048,1582,1.6358487293654624,1.6796162978639069,2.6058075617691356,3.0743694701381585,3.380921428523672,3.080321842954575
cv_targets__support,ADE_vs_floor,easy,eu-locality-067,1219,1.5909391606574743,1.6058934268181635,0.9312116178418428,3.0935997711687357,3.3448505278100407,3.1204027321405072
cv_targets__support,ADE_vs_floor,easy,eu-locality-074,17048,1.9059156979080358,1.9698182133276747,3.24408186437094,3.222870721546701,3.531908669321256,3.248088316777988
cv_targets__support,ADE_vs_floor,easy,eu-locality-082,513,1.5455954186043492,1.5717224694033087,1.6623196084279646,2.97384013935923,3.3963414460134995,2.9910454520185303
cv_targets__support,ADE_vs_floor,easy,eu-locality-112,571,1.9855945352265394,2.011879820091856,1.306503728643027,3.1756828589252075,3.380427508819609,3.1756828589252075
cv_targets__support,ADE_vs_floor,easy,eu-locality-126,2160,1.3658802466005173,1.4103792615006157,3.1551098427774815,2.942624617246482,3.2666607746245173,2.9648916649582264
cv_targets__support,ADE_vs_floor,hard,eu-locality-008,28100,60.57140380472438,60.57267643715081,0.0021010008163457883,138.37729324495885,231.14803055134072,138.38282192988999
cv_targets__support,ADE_vs_floor,hard,eu-locality-020,30,43.951869033620255,43.951869033620255,0.0,64.72063289570352,69.65016417684733,64.72063289570352
cv_targets__support,ADE_vs_floor,hard,eu-locality-048,2478,63.81610989740674,63.81613301956246,3.623246133122038e-05,138.97729297348553,219.8528418739297,138.97729297348553
cv_targets__support,ADE_vs_floor,hard,eu-locality-067,2296,64.8712614079239,64.95146996619232,0.12348998153570712,143.40335944857748,213.5382101003649,143.40335944857748
cv_targets__support,ADE_vs_floor,hard,eu-locality-074,19310,59.93914392009982,60.00555441541746,0.11067391338120958,136.25958090894238,238.15645757790958,136.34580362984687
cv_targets__support,ADE_vs_floor,hard,eu-locality-082,184,55.538763120161185,55.56439239170911,0.04612535194706835,111.15642414153585,199.45076524670506,111.15642414153585
cv_targets__support,ADE_vs_floor,hard,eu-locality-112,1153,69.76508397868075,69.78349615436602,0.02638471372162776,174.675987810338,312.16727648534334,174.675987810338
cv_targets__support,ADE_vs_floor,hard,eu-locality-126,1110,73.83078926777138,73.83050161725946,-0.00038960931540987787,160.69598223874476,237.31079754913677,160.69598223874476
cv_targets__support,ADE_vs_floor,complete,eu-locality-008,97352,16.34068823088513,16.389412229840747,0.297289483431884,59.00785104941188,120.13555903630997,59.01678952634717
cv_targets__support,ADE_vs_floor,complete,eu-locality-020,364,6.793268278663608,6.891806752673657,1.4297915995949984,22.682718227503177,49.70629992513765,22.682718227503177
cv_targets__support,ADE_vs_floor,complete,eu-locality-048,4716,26.545936132569494,26.563160393487802,0.06484266428828933,91.22372192206632,161.22338275660073,91.22372192206632
cv_targets__support,ADE_vs_floor,complete,eu-locality-067,3417,30.03423084421222,30.057452024112813,0.07725598258283561,92.43888499604662,166.36606324874677,92.43888499604662
cv_targets__support,ADE_vs_floor,complete,eu-locality-074,67309,19.241259530568104,19.28822811110901,0.24350904743735136,63.328289577825096,131.28734077286347,63.36155246962371
cv_targets__support,ADE_vs_floor,complete,eu-locality-082,582,10.359878014819556,10.401712665936916,0.40219002832445616,48.19172118275565,88.77064559267427,48.19172118275565
cv_targets__support,ADE_vs_floor,complete,eu-locality-112,2417,20.702400532070886,20.722018417039262,0.09467168966631467,70.00895081757096,171.1830006493205,70.00895081757096
cv_targets__support,ADE_vs_floor,complete,eu-locality-126,3637,19.3121669349107,19.334572553522406,0.11588370288343475,85.5211371225543,163.85887416785963,85.5211371225543
cv_targets__support,ADE_vs_original,all,eu-locality-008,157961,18.00275818873874,18.002029503738996,-0.004047793609007755,63.855680257712145,131.20549207047296,63.85471877568163
cv_targets__support,ADE_vs_original,all,eu-locality-020,1225,6.468650209532735,6.464799639736198,-0.05956209025983483,20.950455289077674,42.958840384020256,20.950455289077674
cv_targets__support,ADE_vs_original,all,eu-locality-048,8058,26.555183367740746,26.55502487729235,-0.000596837883337642,89.49939807482255,160.11545465691114,89.49939807482255
cv_targets__support,ADE_vs_original,all,eu-locality-067,6903,28.836998019024193,28.836124907482446,-0.003027839366587237,92.96468374261876,168.56927310186109,92.96468374261876
cv_targets__support,ADE_vs_original,all,eu-locality-074,102348,19.495873506187124,19.485817874848017,-0.05160487182878093,64.35238081695006,132.82571837209403,64.32327120369061
cv_targets__support,ADE_vs_original,all,eu-locality-082,1368,13.538026355300847,13.535905172172901,-0.015670788920019163,52.30649963956743,101.91283477915022,52.30649963956743
cv_targets__support,ADE_vs_original,all,eu-locality-112,5004,24.35666665238312,24.353891752992524,-0.011394069657288952,86.2710070848162,186.18759729912014,86.2710070848162
cv_targets__support,ADE_vs_original,all,eu-locality-126,5790,19.625392505445543,19.625273473396696,-0.0006065242810882054,86.5533275336093,157.09863889864567,86.5533275336093
cv_targets__support,ADE_vs_original,easy,eu-locality-008,39889,1.6478903704491206,1.647094835632699,-0.04829927210086016,3.0529235197900877,3.343230622057371,3.051907770623909
cv_targets__support,ADE_vs_original,easy,eu-locality-020,593,1.2462011045070644,1.2453262707753026,-0.07024935972941293,3.040626325338701,3.3899938472394897,3.040626325338701
cv_targets__support,ADE_vs_original,easy,eu-locality-048,1582,1.6358487293654624,1.636293516441814,0.027182597246899753,3.0743694701381585,3.380921428523672,3.0743694701381585
cv_targets__support,ADE_vs_original,easy,eu-locality-067,1219,1.5909391606574743,1.590617674418319,-0.020211408707804246,3.0935997711687357,3.3448505278100407,3.0935997711687357
cv_targets__support,ADE_vs_original,easy,eu-locality-074,17048,1.9059156979080358,1.9046603342006048,-0.06591010926668694,3.222870721546701,3.531908669321256,3.222870721546701
cv_targets__support,ADE_vs_original,easy,eu-locality-082,513,1.5455954186043492,1.5462004828417095,0.03913232753932627,2.97384013935923,3.3963414460134995,2.97384013935923
cv_targets__support,ADE_vs_original,easy,eu-locality-112,571,1.9855945352265394,1.9853536795903686,-0.012131623631939092,3.1756828589252075,3.380427508819609,3.1756828589252075
cv_targets__support,ADE_vs_original,easy,eu-locality-126,2160,1.3658802466005173,1.3654600121595328,-0.030776034247970152,2.942624617246482,3.2666607746245173,2.942624617246482
cv_targets__support,ADE_vs_original,hard,eu-locality-008,28100,60.57140380472438,60.570188122543264,-0.0020070635716962215,138.37729324495885,231.14803055134072,138.37729324495885
cv_targets__support,ADE_vs_original,hard,eu-locality-020,30,43.951869033620255,43.951869033620255,0.0,64.72063289570352,69.65016417684733,64.72063289570352
cv_targets__support,ADE_vs_original,hard,eu-locality-048,2478,63.81610989740674,63.81610989740674,0.0,138.97729297348553,219.8528418739297,138.97729297348553
cv_targets__support,ADE_vs_original,hard,eu-locality-067,2296,64.8712614079239,64.87130335601644,6.466355749745745e-05,143.40335944857748,213.5382101003649,143.40335944857748
cv_targets__support,ADE_vs_original,hard,eu-locality-074,19310,59.93914392009982,59.889111842955,-0.083541190719294,136.25958090894238,238.15645757790958,136.04231560184755
cv_targets__support,ADE_vs_original,hard,eu-locality-082,184,55.538763120161185,55.57409669773812,0.06357922067381505,111.15642414153585,199.45076524670506,116.0311931849977
cv_targets__support,ADE_vs_original,hard,eu-locality-112,1153,69.76508397868075,69.76508397868075,0.0,174.675987810338,312.16727648534334,174.675987810338
cv_targets__support,ADE_vs_original,hard,eu-locality-126,1110,73.83078926777138,73.83078926777138,0.0,160.69598223874476,237.31079754913677,160.69598223874476
cv_targets__support,FDE_vs_floor,endpoint,eu-locality-008,121088,35.84936213752407,35.96957473477451,0.33420633448364434,136.95807869338222,281.94720140669045,136.94678016915063
cv_targets__support,FDE_vs_floor,endpoint,eu-locality-020,622,14.496351555054053,14.67889508889477,1.243578162629,54.18434016797015,102.34943144507893,54.18434016797015
cv_targets__support,FDE_vs_floor,endpoint,eu-locality-048,5582,58.81866816181513,58.86627761858265,0.08087730139146876,216.55248685578948,355.4563120785641,216.55248685578948
cv_targets__support,FDE_vs_floor,endpoint,eu-locality-067,4600,64.05885561135138,64.14804098569955,0.1390305502362188,207.16877909819794,394.0447029702928,207.16877909819794
cv_targets__support,FDE_vs_floor,endpoint,eu-locality-074,81289,40.90981957680287,41.035287783577374,0.3057568584293402,139.5840952912819,285.6624090885739,139.8898647808847
cv_targets__support,FDE_vs_floor,endpoint,eu-locality-082,859,25.366064167215658,25.471426904331437,0.4136507055985228,115.16354557853296,234.31504208196256,115.16354557853296
cv_targets__support,FDE_vs_floor,endpoint,eu-locality-112,3719,47.91748535466363,47.968287530342636,0.1059078368117028,180.87314969023402,421.63704764077704,180.87314969023402
cv_targets__support,FDE_vs_floor,endpoint,eu-locality-126,4579,40.06930486548514,40.13090423960287,0.15349610302810568,186.16986536958748,367.4904107537943,186.14679086195613
cv_targets__support,ADE_vs_CV,easy,eu-locality-008,39889,1.6478903704491206,1.791172498853141,7.999348387481476,3.0529235197900877,3.343230622057371,3.2504176960159774
cv_targets__support,ADE_vs_CV,easy,eu-locality-020,593,1.2462011045070644,1.2706472215919324,1.923910639354376,3.040626325338701,3.3899938472394897,3.051349724629029
cv_targets__support,ADE_vs_CV,easy,eu-locality-048,1582,1.6358487293654624,1.7551327263969017,6.796294960342763,3.0743694701381585,3.380921428523672,3.2298308573246963
cv_targets__support,ADE_vs_CV,easy,eu-locality-067,1219,1.5909391606574743,1.6528940070695597,3.748264930909029,3.0935997711687357,3.3448505278100407,3.222473275402277
cv_targets__support,ADE_vs_CV,easy,eu-locality-074,17048,1.9059156979080358,2.0239574238081066,5.8322237667417625,3.222870721546701,3.531908669321256,3.3016095862663026
cv_targets__support,ADE_vs_CV,easy,eu-locality-082,513,1.5455954186043492,1.6221340438704122,4.7183909095108945,2.97384013935923,3.3963414460134995,3.137173321764387
cv_targets__support,ADE_vs_CV,easy,eu-locality-112,571,1.9855945352265394,2.110763890677913,5.930050064063453,3.1756828589252075,3.380427508819609,3.3318797717711783
cv_targets__support,ADE_vs_CV,easy,eu-locality-126,2160,1.3658802466005173,1.4931553251754432,8.523900791096285,2.942624617246482,3.2666607746245173,3.15811922069773
cv_targets__support,matched_risk,all,eu-locality-008,157961,18.00275818873874,18.00446515749247,0.00948080789292538,63.855680257712145,131.20549207047296,63.855680257712145
cv_targets__support,matched_risk,all,eu-locality-020,1225,6.468650209532735,6.468650209532735,0.0,20.950455289077674,42.958840384020256,20.950455289077674
cv_targets__support,matched_risk,all,eu-locality-048,8058,26.555183367740746,26.555337436564276,0.0005801802515192911,89.49939807482255,160.11545465691114,89.49939807482255
cv_targets__support,matched_risk,all,eu-locality-067,6903,28.836998019024193,28.83701123321523,4.582371914141348e-05,92.96468374261876,168.56927310186109,92.96468374261876
cv_targets__support,matched_risk,all,eu-locality-074,102348,19.495873506187124,19.494188113344013,-0.008645617008062878,64.35238081695006,132.82571837209403,64.33083864564493
cv_targets__support,matched_risk,all,eu-locality-082,1368,13.538026355300847,13.538233254419149,0.0015282578931352653,52.30649963956743,101.91283477915022,52.30649963956743
cv_targets__support,matched_risk,all,eu-locality-112,5004,24.35666665238312,24.35668638391469,8.101073872834874e-05,86.2710070848162,186.18759729912014,86.2710070848162
cv_targets__support,matched_risk,all,eu-locality-126,5790,19.625392505445543,19.62550198800094,0.0005578586242838135,86.5533275336093,157.09863889864567,86.5533275336093
cv_targets__support,matched_risk,easy,eu-locality-008,39889,1.6478903704491206,1.6498599370277707,0.11937780501527495,3.0529235197900877,3.343230622057371,3.054452595187942
cv_targets__support,matched_risk,easy,eu-locality-020,593,1.2462011045070644,1.2462011045070644,0.0,3.040626325338701,3.3899938472394897,3.040626325338701
cv_targets__support,matched_risk,easy,eu-locality-048,1582,1.6358487293654624,1.6370270770770703,0.07198095426202977,3.0743694701381585,3.380921428523672,3.0743694701381585
cv_targets__support,matched_risk,easy,eu-locality-067,1219,1.5909391606574743,1.5910478192387805,0.006829372441996551,3.0935997711687357,3.3448505278100407,3.0935997711687357
cv_targets__support,matched_risk,easy,eu-locality-074,17048,1.9059156979080358,1.9066188746360526,0.03688082276804838,3.222870721546701,3.531908669321256,3.222870721546701
cv_targets__support,matched_risk,easy,eu-locality-082,513,1.5455954186043492,1.5461471495864854,0.03568424792450564,2.97384013935923,3.3963414460134995,2.97384013935923
cv_targets__support,matched_risk,easy,eu-locality-112,571,1.9855945352265394,1.9857674539375036,0.008707903366100833,3.1756828589252075,3.380427508819609,3.1756828589252075
cv_targets__support,matched_risk,easy,eu-locality-126,2160,1.3658802466005173,1.3662274732183393,0.025414993083394677,2.942624617246482,3.2666607746245173,2.942624617246482
cv_targets__support,matched_risk,hard,eu-locality-008,28100,60.57140380472438,60.5700653073519,-0.0022098331340592026,138.37729324495885,231.14803055134072,138.37729324495885
cv_targets__support,matched_risk,hard,eu-locality-020,30,43.951869033620255,43.951869033620255,0.0,64.72063289570352,69.65016417684733,64.72063289570352
cv_targets__support,matched_risk,hard,eu-locality-048,2478,63.81610989740674,63.81610989740674,0.0,138.97729297348553,219.8528418739297,138.97729297348553
cv_targets__support,matched_risk,hard,eu-locality-067,2296,64.8712614079239,64.8712614079239,0.0,143.40335944857748,213.5382101003649,143.40335944857748
cv_targets__support,matched_risk,hard,eu-locality-074,19310,59.93914392009982,59.922920313337904,-0.027074125688608675,136.25958090894238,238.15645757790958,136.16340090804525
cv_targets__support,matched_risk,hard,eu-locality-082,184,55.538763120161185,55.538763120161185,0.0,111.15642414153585,199.45076524670506,111.15642414153585
cv_targets__support,matched_risk,hard,eu-locality-112,1153,69.76508397868075,69.76508397868075,0.0,174.675987810338,312.16727648534334,174.675987810338
cv_targets__support,matched_risk,hard,eu-locality-126,1110,73.83078926777138,73.83078926777138,0.0,160.69598223874476,237.31079754913677,160.69598223874476
cv_targets__support,matched_risk,complete,eu-locality-008,97352,16.34068823088513,16.342958415253836,0.013890902191771026,59.00785104941188,120.13555903630997,59.00785104941188
cv_targets__support,matched_risk,complete,eu-locality-020,364,6.793268278663608,6.793268278663608,0.0,22.682718227503177,49.70629992513765,22.682718227503177
cv_targets__support,matched_risk,complete,eu-locality-048,4716,26.545936132569494,26.546003219899386,0.0002527210191893836,91.22372192206632,161.22338275660073,91.22372192206632
cv_targets__support,matched_risk,complete,eu-locality-067,3417,30.03423084421222,30.034271156728998,0.00013422172480126449,92.43888499604662,166.36606324874677,92.43888499604662
cv_targets__support,matched_risk,complete,eu-locality-074,67309,19.241259530568104,19.240037702981706,-0.006350442786340338,63.328289577825096,131.28734077286347,63.30668374276514
cv_targets__support,matched_risk,complete,eu-locality-082,582,10.359878014819556,10.360268732501423,0.003771308370037474,48.19172118275565,88.77064559267427,48.19172118275565
cv_targets__support,matched_risk,complete,eu-locality-112,2417,20.702400532070886,20.702400532070886,0.0,70.00895081757096,171.1830006493205,70.00895081757096
cv_targets__support,matched_risk,complete,eu-locality-126,3637,19.3121669349107,19.31225747291847,0.00046881110558061323,85.5211371225543,163.85887416785963,85.5211371225543
cv_targets__support,matched_random,all,eu-locality-008,157961,18.00275818873874,18.003504580055495,0.00414581124157376,63.855680257712145,131.20549207047296,63.855680257712145
cv_targets__support,matched_random,all,eu-locality-020,1225,6.468650209532735,6.468650209532735,0.0,20.950455289077674,42.958840384020256,20.950455289077674
cv_targets__support,matched_random,all,eu-locality-048,8058,26.555183367740746,26.55528133358769,0.00036891285659645945,89.49939807482255,160.11545465691114,89.49939807482255
cv_targets__support,matched_random,all,eu-locality-067,6903,28.836998019024193,28.836913010291834,-0.00029479137495513896,92.96468374261876,168.56927310186109,92.96468374261876
cv_targets__support,matched_random,all,eu-locality-074,102348,19.495873506187124,19.494290718077547,-0.008119239281212387,64.35238081695006,132.82571837209403,64.33960015483827
cv_targets__support,matched_random,all,eu-locality-082,1368,13.538026355300847,13.538205538517499,0.0013235374226039376,52.30649963956743,101.91283477915022,52.30649963956743
cv_targets__support,matched_random,all,eu-locality-112,5004,24.35666665238312,24.35668638391469,8.101073872834874e-05,86.2710070848162,186.18759729912014,86.2710070848162
cv_targets__support,matched_random,all,eu-locality-126,5790,19.625392505445543,19.625373555165883,-9.656009658520759e-05,86.5533275336093,157.09863889864567,86.5533275336093
cv_targets__support,matched_random,easy,eu-locality-008,39889,1.6478903704491206,1.6495407276079288,0.10004949445543421,3.0529235197900877,3.343230622057371,3.0543535259084056
cv_targets__support,matched_random,easy,eu-locality-020,593,1.2462011045070644,1.2462011045070644,0.0,3.040626325338701,3.3899938472394897,3.040626325338701
cv_targets__support,matched_random,easy,eu-locality-048,1582,1.6358487293654624,1.6364569441911023,0.037166564497703725,3.0743694701381585,3.380921428523672,3.0743694701381585
cv_targets__support,matched_random,easy,eu-locality-067,1219,1.5909391606574743,1.5908958178639523,-0.0027244268942849814,3.0935997711687357,3.3448505278100407,3.0935997711687357
cv_targets__support,matched_random,easy,eu-locality-074,17048,1.9059156979080358,1.9069152788918877,0.052418741142645775,3.222870721546701,3.531908669321256,3.222870721546701
cv_targets__support,matched_random,easy,eu-locality-082,513,1.5455954186043492,1.5460732405154172,0.03090551589319812,2.97384013935923,3.3963414460134995,2.97384013935923
cv_targets__support,matched_random,easy,eu-locality-112,571,1.9855945352265394,1.9857674539375036,0.008707903366100833,3.1756828589252075,3.380427508819609,3.1756828589252075
cv_targets__support,matched_random,easy,eu-locality-126,2160,1.3658802466005173,1.3658832018688116,0.00021636317734108346,2.942624617246482,3.2666607746245173,2.942624617246482
cv_targets__support,matched_random,hard,eu-locality-008,28100,60.57140380472438,60.570190659958584,-0.0020028742729438775,138.37729324495885,231.14803055134072,138.37729324495885
cv_targets__support,matched_random,hard,eu-locality-020,30,43.951869033620255,43.951869033620255,0.0,64.72063289570352,69.65016417684733,64.72063289570352
cv_targets__support,matched_random,hard,eu-locality-048,2478,63.81610989740674,63.81610989740674,0.0,138.97729297348553,219.8528418739297,138.97729297348553
cv_targets__support,matched_random,hard,eu-locality-067,2296,64.8712614079239,64.8712614079239,0.0,143.40335944857748,213.5382101003649,143.40335944857748
cv_targets__support,matched_random,hard,eu-locality-074,19310,59.93914392009982,59.92696928988748,-0.020315778282475883,136.25958090894238,238.15645757790958,136.16340090804525
cv_targets__support,matched_random,hard,eu-locality-082,184,55.538763120161185,55.538763120161185,0.0,111.15642414153585,199.45076524670506,111.15642414153585
cv_targets__support,matched_random,hard,eu-locality-112,1153,69.76508397868075,69.76508397868075,0.0,174.675987810338,312.16727648534334,174.675987810338
cv_targets__support,matched_random,hard,eu-locality-126,1110,73.83078926777138,73.83078926777138,0.0,160.69598223874476,237.31079754913677,160.69598223874476
cv_targets__support,matched_random,complete,eu-locality-008,97352,16.34068823088513,16.34182124291535,0.00693320538377451,59.00785104941188,120.13555903630997,59.00785104941188
cv_targets__support,matched_random,complete,eu-locality-020,364,6.793268278663608,6.793268278663608,0.0,22.682718227503177,49.70629992513765,22.682718227503177
cv_targets__support,matched_random,complete,eu-locality-048,4716,26.545936132569494,26.546073370777762,0.0005169811985061834,91.22372192206632,161.22338275660073,91.22372192206632
cv_targets__support,matched_random,complete,eu-locality-067,3417,30.03423084421222,30.034148108800494,-0.00027547114513915005,92.43888499604662,166.36606324874677,92.43888499604662
cv_targets__support,matched_random,complete,eu-locality-074,67309,19.241259530568104,19.24044966368482,-0.004209188960957455,63.328289577825096,131.28734077286347,63.30668374276514
cv_targets__support,matched_random,complete,eu-locality-082,582,10.359878014819556,10.360203585845998,0.0031425157212883192,48.19172118275565,88.77064559267427,48.19172118275565
cv_targets__support,matched_random,complete,eu-locality-112,2417,20.702400532070886,20.702400532070886,0.0,70.00895081757096,171.1830006493205,70.00895081757096
cv_targets__support,matched_random,complete,eu-locality-126,3637,19.3121669349107,19.312075812585018,-0.0004718411762860697,85.5211371225543,163.85887416785963,85.5211371225543
cv_targets__support_risk,ADE_vs_floor,all,eu-locality-008,157961,18.00446515749247,18.041144590837536,0.20330990176585795,63.855680257712145,131.20549207047296,63.85471877568163
cv_targets__support_risk,ADE_vs_floor,all,eu-locality-020,1225,6.468650209532735,6.514432089833121,0.7027762308219554,20.950455289077674,42.958840384020256,20.950455289077674
cv_targets__support_risk,ADE_vs_floor,all,eu-locality-048,8058,26.555337436564276,26.568426516120656,0.049265542874499246,89.49939807482255,160.11545465691114,89.49939807482255
cv_targets__support_risk,ADE_vs_floor,all,eu-locality-067,6903,28.83701123321523,28.87697837044287,0.1384048452539921,92.96468374261876,168.56927310186109,92.96468374261876
cv_targets__support_risk,ADE_vs_floor,all,eu-locality-074,102348,19.494188113344013,19.540144919218633,0.23519173509004565,64.33083864564493,132.73311771750846,64.46142956732993
cv_targets__support_risk,ADE_vs_floor,all,eu-locality-082,1368,13.538233254419149,13.564534585131002,0.19389777472117453,52.30649963956743,101.91283477915022,52.30649963956743
cv_targets__support_risk,ADE_vs_floor,all,eu-locality-112,5004,24.35668638391469,24.377253499056568,0.08437010815297574,86.2710070848162,186.18759729912014,86.2710070848162
cv_targets__support_risk,ADE_vs_floor,all,eu-locality-126,5790,19.62550198800094,19.645962498046178,0.10414613204760004,86.5533275336093,157.09863889864567,86.5533275336093
cv_targets__support_risk,ADE_vs_floor,easy,eu-locality-008,39889,1.6498599370277707,1.7124634754637011,3.6557590472975576,3.054452595187942,3.3443145232616813,3.0954122497682435
cv_targets__support_risk,ADE_vs_floor,easy,eu-locality-020,593,1.2462011045070644,1.2667120183194382,1.6192246947799416,3.040626325338701,3.3899938472394897,3.0442506244225767
cv_targets__support_risk,ADE_vs_floor,easy,eu-locality-048,1582,1.6370270770770703,1.6796162978639069,2.53565179386509,3.0743694701381585,3.380921428523672,3.080321842954575
cv_targets__support_risk,ADE_vs_floor,easy,eu-locality-067,1219,1.5910478192387805,1.6058934268181635,0.9244453792178087,3.0935997711687357,3.3448505278100407,3.1204027321405072
cv_targets__support_risk,ADE_vs_floor,easy,eu-locality-074,17048,1.9066188746360526,1.9698182133276747,3.208384320137725,3.222870721546701,3.5297290449220857,3.248088316777988
cv_targets__support_risk,ADE_vs_floor,easy,eu-locality-082,513,1.5461471495864854,1.5717224694033087,1.6272160203024133,2.97384013935923,3.3963414460134995,2.9910454520185303
cv_targets__support_risk,ADE_vs_floor,easy,eu-locality-112,571,1.9857674539375036,2.011879820091856,1.297908845925022,3.1756828589252075,3.380427508819609,3.1756828589252075
cv_targets__support_risk,ADE_vs_floor,easy,eu-locality-126,2160,1.3662274732183393,1.4103792615006157,3.130490463628899,2.942624617246482,3.2666607746245173,2.9648916649582264
cv_targets__support_risk,ADE_vs_floor,hard,eu-locality-008,28100,60.5700653073519,60.57267643715081,0.004310738690271876,138.37729324495885,231.14803055134072,138.38282192988999
cv_targets__support_risk,ADE_vs_floor,hard,eu-locality-020,30,43.951869033620255,43.951869033620255,0.0,64.72063289570352,69.65016417684733,64.72063289570352
cv_targets__support_risk,ADE_vs_floor,hard,eu-locality-048,2478,63.81610989740674,63.81613301956246,3.623246133122038e-05,138.97729297348553,219.8528418739297,138.97729297348553
cv_targets__support_risk,ADE_vs_floor,hard,eu-locality-067,2296,64.8712614079239,64.95146996619232,0.12348998153570712,143.40335944857748,213.5382101003649,143.40335944857748
cv_targets__support_risk,ADE_vs_floor,hard,eu-locality-074,19310,59.922920313337904,60.00555441541746,0.1377107550869061,136.16340090804525,238.15645757790958,136.34580362984687
cv_targets__support_risk,ADE_vs_floor,hard,eu-locality-082,184,55.538763120161185,55.56439239170911,0.04612535194706835,111.15642414153585,199.45076524670506,111.15642414153585
cv_targets__support_risk,ADE_vs_floor,hard,eu-locality-112,1153,69.76508397868075,69.78349615436602,0.02638471372162776,174.675987810338,312.16727648534334,174.675987810338
cv_targets__support_risk,ADE_vs_floor,hard,eu-locality-126,1110,73.83078926777138,73.83050161725946,-0.00038960931540987787,160.69598223874476,237.31079754913677,160.69598223874476
cv_targets__support_risk,ADE_vs_floor,complete,eu-locality-008,97352,16.342958415253836,16.389412229840747,0.283437953328991,59.00785104941188,120.13555903630997,59.01678952634717
cv_targets__support_risk,ADE_vs_floor,complete,eu-locality-020,364,6.793268278663608,6.891806752673657,1.4297915995949984,22.682718227503177,49.70629992513765,22.682718227503177
cv_targets__support_risk,ADE_vs_floor,complete,eu-locality-048,4716,26.546003219899386,26.563160393487802,0.06459010650187169,91.22372192206632,161.22338275660073,91.22372192206632
cv_targets__support_risk,ADE_vs_floor,complete,eu-locality-067,3417,30.034271156728998,30.057452024112813,0.07712186437233148,92.43888499604662,166.36606324874677,92.43888499604662
cv_targets__support_risk,ADE_vs_floor,complete,eu-locality-074,67309,19.240037702981706,19.28822811110901,0.24984362404729676,63.30668374276514,131.15505879358042,63.36155246962371
cv_targets__support_risk,ADE_vs_floor,complete,eu-locality-082,582,10.360268732501423,10.401712665936916,0.3984337461196419,48.19172118275565,88.77064559267427,48.19172118275565
cv_targets__support_risk,ADE_vs_floor,complete,eu-locality-112,2417,20.702400532070886,20.722018417039262,0.09467168966631467,70.00895081757096,171.1830006493205,70.00895081757096
cv_targets__support_risk,ADE_vs_floor,complete,eu-locality-126,3637,19.31225747291847,19.334572553522406,0.11541543285822353,85.5211371225543,163.85887416785963,85.5211371225543
cv_targets__support_risk,ADE_vs_original,all,eu-locality-008,157961,18.00446515749247,18.002029503738996,-0.013529884244256607,63.855680257712145,131.20549207047296,63.85471877568163
cv_targets__support_risk,ADE_vs_original,all,eu-locality-020,1225,6.468650209532735,6.464799639736198,-0.05956209025983483,20.950455289077674,42.958840384020256,20.950455289077674
cv_targets__support_risk,ADE_vs_original,all,eu-locality-048,8058,26.555337436564276,26.55502487729235,-0.001177024963716633,89.49939807482255,160.11545465691114,89.49939807482255
cv_targets__support_risk,ADE_vs_original,all,eu-locality-067,6903,28.83701123321523,28.836124907482446,-0.0030736644941908864,92.96468374261876,168.56927310186109,92.96468374261876
cv_targets__support_risk,ADE_vs_original,all,eu-locality-074,102348,19.494188113344013,19.485817874848017,-0.042955541049161106,64.33083864564493,132.73311771750846,64.32327120369061
cv_targets__support_risk,ADE_vs_original,all,eu-locality-082,1368,13.538233254419149,13.535905172172901,-0.017199309662974116,52.30649963956743,101.91283477915022,52.30649963956743
cv_targets__support_risk,ADE_vs_original,all,eu-locality-112,5004,24.35668638391469,24.353891752992524,-0.011475089692059015,86.2710070848162,186.18759729912014,86.2710070848162
cv_targets__support_risk,ADE_vs_original,all,eu-locality-126,5790,19.62550198800094,19.625273473396696,-0.0011643894010093803,86.5533275336093,157.09863889864567,86.5533275336093
cv_targets__support_risk,ADE_vs_original,easy,eu-locality-008,39889,1.6498599370277707,1.647094835632699,-0.1678774855735199,3.054452595187942,3.3443145232616813,3.051907770623909
cv_targets__support_risk,ADE_vs_original,easy,eu-locality-020,593,1.2462011045070644,1.2453262707753026,-0.07024935972941293,3.040626325338701,3.3899938472394897,3.040626325338701
cv_targets__support_risk,ADE_vs_original,easy,eu-locality-048,1582,1.6370270770770703,1.636293516441814,-0.04483062652789194,3.0743694701381585,3.380921428523672,3.0743694701381585
cv_targets__support_risk,ADE_vs_original,easy,eu-locality-067,1219,1.5910478192387805,1.590617674418319,-0.027042627991602508,3.0935997711687357,3.3448505278100407,3.0935997711687357
cv_targets__support_risk,ADE_vs_original,easy,eu-locality-074,17048,1.9066188746360526,1.9046603342006048,-0.1028288561629509,3.222870721546701,3.5297290449220857,3.222870721546701
cv_targets__support_risk,ADE_vs_original,easy,eu-locality-082,513,1.5461471495864854,1.5462004828417095,0.003449310475323042,2.97384013935923,3.3963414460134995,2.97384013935923
cv_targets__support_risk,ADE_vs_original,easy,eu-locality-112,571,1.9857674539375036,1.9853536795903686,-0.020841341841948413,3.1756828589252075,3.380427508819609,3.1756828589252075
cv_targets__support_risk,ADE_vs_original,easy,eu-locality-126,2160,1.3662274732183393,1.3654600121595328,-0.05620531190750899,2.942624617246482,3.2666607746245173,2.942624617246482
cv_targets__support_risk,ADE_vs_original,hard,eu-locality-008,28100,60.5700653073519,60.570188122543264,0.00020276508158056927,138.37729324495885,231.14803055134072,138.37729324495885
cv_targets__support_risk,ADE_vs_original,hard,eu-locality-020,30,43.951869033620255,43.951869033620255,0.0,64.72063289570352,69.65016417684733,64.72063289570352
cv_targets__support_risk,ADE_vs_original,hard,eu-locality-048,2478,63.81610989740674,63.81610989740674,0.0,138.97729297348553,219.8528418739297,138.97729297348553
cv_targets__support_risk,ADE_vs_original,hard,eu-locality-067,2296,64.8712614079239,64.87130335601644,6.466355749745745e-05,143.40335944857748,213.5382101003649,143.40335944857748
cv_targets__support_risk,ADE_vs_original,hard,eu-locality-074,19310,59.922920313337904,59.889111842955,-0.05645178120450289,136.16340090804525,238.15645757790958,136.04231560184755
cv_targets__support_risk,ADE_vs_original,hard,eu-locality-082,184,55.538763120161185,55.57409669773812,0.06357922067381505,111.15642414153585,199.45076524670506,116.0311931849977
cv_targets__support_risk,ADE_vs_original,hard,eu-locality-112,1153,69.76508397868075,69.76508397868075,0.0,174.675987810338,312.16727648534334,174.675987810338
cv_targets__support_risk,ADE_vs_original,hard,eu-locality-126,1110,73.83078926777138,73.83078926777138,0.0,160.69598223874476,237.31079754913677,160.69598223874476
cv_targets__support_risk,FDE_vs_floor,endpoint,eu-locality-008,121088,35.85453040831338,35.96957473477451,0.31983788329281726,136.95807869338222,281.94720140669045,136.94678016915063
cv_targets__support_risk,FDE_vs_floor,endpoint,eu-locality-020,622,14.496351555054053,14.67889508889477,1.243578162629,54.18434016797015,102.34943144507893,54.18434016797015
cv_targets__support_risk,FDE_vs_floor,endpoint,eu-locality-048,5582,58.81908092785734,58.86627761858265,0.08017610869013314,216.55248685578948,355.4563120785641,216.55248685578948
cv_targets__support_risk,FDE_vs_floor,endpoint,eu-locality-067,4600,64.05886852406928,64.14804098569955,0.1390104206769882,207.16877909819794,394.0447029702928,207.16877909819794
cv_targets__support_risk,FDE_vs_floor,endpoint,eu-locality-074,81289,40.90687317434777,41.035287783577374,0.31293702607099183,139.5610222687429,285.6194538020268,139.8898647808847
cv_targets__support_risk,FDE_vs_floor,endpoint,eu-locality-082,859,25.366138666808222,25.471426904331437,0.4133582226024002,115.16354557853296,234.31504208196256,115.16354557853296
cv_targets__support_risk,FDE_vs_floor,endpoint,eu-locality-112,3719,47.91748535466363,47.968287530342636,0.1059078368117028,180.87314969023402,421.63704764077704,180.87314969023402
cv_targets__support_risk,FDE_vs_floor,endpoint,eu-locality-126,4579,40.069739004483566,40.13090423960287,0.1524142958606589,186.16986536958748,367.4904107537943,186.14679086195613
cv_targets__support_risk,ADE_vs_CV,easy,eu-locality-008,39889,1.6498599370277707,1.791172498853141,7.8893887615989255,3.054452595187942,3.3443145232616813,3.2504176960159774
cv_targets__support_risk,ADE_vs_CV,easy,eu-locality-020,593,1.2462011045070644,1.2706472215919324,1.923910639354376,3.040626325338701,3.3899938472394897,3.051349724629029
cv_targets__support_risk,ADE_vs_CV,easy,eu-locality-048,1582,1.6370270770770703,1.7551327263969017,6.729157718019962,3.0743694701381585,3.380921428523672,3.2298308573246963
cv_targets__support_risk,ADE_vs_CV,easy,eu-locality-067,1219,1.5910478192387805,1.6528940070695597,3.7416910924873648,3.0935997711687357,3.3448505278100407,3.222473275402277
cv_targets__support_risk,ADE_vs_CV,easy,eu-locality-074,17048,1.9066188746360526,2.0239574238081066,5.797481102704216,3.222870721546701,3.5297290449220857,3.3016095862663026
cv_targets__support_risk,ADE_vs_CV,easy,eu-locality-082,513,1.5461471495864854,1.6221340438704122,4.684378246733667,2.97384013935923,3.3963414460134995,3.137173321764387
cv_targets__support_risk,ADE_vs_CV,easy,eu-locality-112,571,1.9857674539375036,2.110763890677913,5.921857830354704,3.1756828589252075,3.380427508819609,3.3318797717711783
cv_targets__support_risk,ADE_vs_CV,easy,eu-locality-126,2160,1.3662274732183393,1.4931553251754432,8.500646236665975,2.942624617246482,3.2666607746245173,3.15811922069773
cv_targets__support_random,ADE_vs_floor,all,eu-locality-008,157961,18.003504580055495,18.041144590837536,0.20863427257912237,63.855680257712145,131.20549207047296,63.85471877568163
cv_targets__support_random,ADE_vs_floor,all,eu-locality-020,1225,6.468650209532735,6.514432089833121,0.7027762308219554,20.950455289077674,42.958840384020256,20.950455289077674
cv_targets__support_random,ADE_vs_floor,all,eu-locality-048,8058,26.55528133358769,26.568426516120656,0.04947670696641149,89.49939807482255,160.11545465691114,89.49939807482255
cv_targets__support_random,ADE_vs_floor,all,eu-locality-067,6903,28.836913010291834,28.87697837044287,0.13874498791759393,92.96468374261876,168.56927310186109,92.96468374261876
cv_targets__support_random,ADE_vs_floor,all,eu-locality-074,102348,19.494290718077547,19.540144919218633,0.23466663799400767,64.33960015483827,132.73311771750846,64.46142956732993
cv_targets__support_random,ADE_vs_floor,all,eu-locality-082,1368,13.538205538517499,13.564534585131002,0.19410210094760183,52.30649963956743,101.91283477915022,52.30649963956743
cv_targets__support_random,ADE_vs_floor,all,eu-locality-112,5004,24.35668638391469,24.377253499056568,0.08437010815297574,86.2710070848162,186.18759729912014,86.2710070848162
cv_targets__support_random,ADE_vs_floor,all,eu-locality-126,5790,19.625373555165883,19.645962498046178,0.10479986858542567,86.5533275336093,157.09863889864567,86.5533275336093
cv_targets__support_random,ADE_vs_floor,easy,eu-locality-008,39889,1.6495407276079288,1.7124634754637011,3.674399410985052,3.0543535259084056,3.3437721443482546,3.0954122497682435
cv_targets__support_random,ADE_vs_floor,easy,eu-locality-020,593,1.2462011045070644,1.2667120183194382,1.6192246947799416,3.040626325338701,3.3899938472394897,3.0442506244225767
cv_targets__support_random,ADE_vs_floor,easy,eu-locality-048,1582,1.6364569441911023,1.6796162978639069,2.5695960278364516,3.0743694701381585,3.380921428523672,3.080321842954575
cv_targets__support_random,ADE_vs_floor,easy,eu-locality-067,1219,1.5908958178639523,1.6058934268181635,0.9339106010245457,3.0935997711687357,3.3448505278100407,3.1204027321405072
cv_targets__support_random,ADE_vs_floor,easy,eu-locality-074,17048,1.9069152788918877,1.9698182133276747,3.1933370303000252,3.222870721546701,3.5297290449220857,3.248088316777988
cv_targets__support_random,ADE_vs_floor,easy,eu-locality-082,513,1.5460732405154172,1.5717224694033087,1.6319184453492674,2.97384013935923,3.3963414460134995,2.9910454520185303
cv_targets__support_random,ADE_vs_floor,easy,eu-locality-112,571,1.9857674539375036,2.011879820091856,1.297908845925022,3.1756828589252075,3.380427508819609,3.1756828589252075
cv_targets__support_random,ADE_vs_floor,easy,eu-locality-126,2160,1.3658832018688116,1.4103792615006157,3.154900305642694,2.942624617246482,3.2666607746245173,2.9648916649582264
cv_targets__support_random,ADE_vs_floor,hard,eu-locality-008,28100,60.570190659958584,60.57267643715081,0.004103792895471248,138.37729324495885,231.14803055134072,138.38282192988999
cv_targets__support_random,ADE_vs_floor,hard,eu-locality-020,30,43.951869033620255,43.951869033620255,0.0,64.72063289570352,69.65016417684733,64.72063289570352
cv_targets__support_random,ADE_vs_floor,hard,eu-locality-048,2478,63.81610989740674,63.81613301956246,3.623246133122038e-05,138.97729297348553,219.8528418739297,138.97729297348553
cv_targets__support_random,ADE_vs_floor,hard,eu-locality-067,2296,64.8712614079239,64.95146996619232,0.12348998153570712,143.40335944857748,213.5382101003649,143.40335944857748
cv_targets__support_random,ADE_vs_floor,hard,eu-locality-074,19310,59.92696928988748,60.00555441541746,0.13096308549360725,136.16340090804525,238.15645757790958,136.34580362984687
cv_targets__support_random,ADE_vs_floor,hard,eu-locality-082,184,55.538763120161185,55.56439239170911,0.04612535194706835,111.15642414153585,199.45076524670506,111.15642414153585
cv_targets__support_random,ADE_vs_floor,hard,eu-locality-112,1153,69.76508397868075,69.78349615436602,0.02638471372162776,174.675987810338,312.16727648534334,174.675987810338
cv_targets__support_random,ADE_vs_floor,hard,eu-locality-126,1110,73.83078926777138,73.83050161725946,-0.00038960931540987787,160.69598223874476,237.31079754913677,160.69598223874476
cv_targets__support_random,ADE_vs_floor,complete,eu-locality-008,97352,16.34182124291535,16.389412229840747,0.29037641044104,59.00785104941188,120.13555903630997,59.01678952634717
cv_targets__support_random,ADE_vs_floor,complete,eu-locality-020,364,6.793268278663608,6.891806752673657,1.4297915995949984,22.682718227503177,49.70629992513765,22.682718227503177
cv_targets__support_random,ADE_vs_floor,complete,eu-locality-048,4716,26.546073370777762,26.563160393487802,0.06432601564319018,91.22372192206632,161.22338275660073,91.22372192206632
cv_targets__support_random,ADE_vs_floor,complete,eu-locality-067,3417,30.034148108800494,30.057452024112813,0.0775312401517736,92.43888499604662,166.36606324874677,92.43888499604662
cv_targets__support_random,ADE_vs_floor,complete,eu-locality-074,67309,19.24044966368482,19.28822811110901,0.24770780990852614,63.30668374276514,131.15505879358042,63.36155246962371
cv_targets__support_random,ADE_vs_floor,complete,eu-locality-082,582,10.360203585845998,10.401712665936916,0.39906005312808634,48.19172118275565,88.77064559267427,48.19172118275565
cv_targets__support_random,ADE_vs_floor,complete,eu-locality-112,2417,20.702400532070886,20.722018417039262,0.09467168966631467,70.00895081757096,171.1830006493205,70.00895081757096
cv_targets__support_random,ADE_vs_floor,complete,eu-locality-126,3637,19.312075812585018,19.334572553522406,0.11635499504896174,85.5211371225543,163.85887416785963,85.5211371225543
cv_targets__support_random,ADE_vs_original,all,eu-locality-008,157961,18.003504580055495,18.002029503738996,-0.008193944556045274,63.855680257712145,131.20549207047296,63.85471877568163
cv_targets__support_random,ADE_vs_original,all,eu-locality-020,1225,6.468650209532735,6.464799639736198,-0.05956209025983483,20.950455289077674,42.958840384020256,20.950455289077674
cv_targets__support_random,ADE_vs_original,all,eu-locality-048,8058,26.55528133358769,26.55502487729235,-0.0009657543027064008,89.49939807482255,160.11545465691114,89.49939807482255
cv_targets__support_random,ADE_vs_original,all,eu-locality-067,6903,28.836913010291834,28.836124907482446,-0.002733039934854631,92.96468374261876,168.56927310186109,92.96468374261876
cv_targets__support_random,ADE_vs_original,all,eu-locality-074,102348,19.494290718077547,19.485817874848017,-0.04348210213165338,64.33960015483827,132.73311771750846,64.32327120369061
cv_targets__support_random,ADE_vs_original,all,eu-locality-082,1368,13.538205538517499,13.535905172172901,-0.016994551271865,52.30649963956743,101.91283477915022,52.30649963956743
cv_targets__support_random,ADE_vs_original,all,eu-locality-112,5004,24.35668638391469,24.353891752992524,-0.011475089692059015,86.2710070848162,186.18759729912014,86.2710070848162
cv_targets__support_random,ADE_vs_original,all,eu-locality-126,5790,19.625373555165883,19.625273473396696,-0.0005099636920746775,86.5533275336093,157.09863889864567,86.5533275336093
cv_targets__support_random,ADE_vs_original,easy,eu-locality-008,39889,1.6495407276079288,1.647094835632699,-0.14849733739163984,3.0543535259084056,3.3437721443482546,3.051907770623909
cv_targets__support_random,ADE_vs_original,easy,eu-locality-020,593,1.2462011045070644,1.2453262707753026,-0.07024935972941293,3.040626325338701,3.3899938472394897,3.040626325338701
cv_targets__support_random,ADE_vs_original,easy,eu-locality-048,1582,1.6364569441911023,1.636293516441814,-0.009987679328071764,3.0743694701381585,3.380921428523672,3.0743694701381585
cv_targets__support_random,ADE_vs_original,easy,eu-locality-067,1219,1.5908958178639523,1.590617674418319,-0.01748650540647212,3.0935997711687357,3.3448505278100407,3.0935997711687357
cv_targets__support_random,ADE_vs_original,easy,eu-locality-074,17048,1.9069152788918877,1.9046603342006048,-0.11839090943368547,3.222870721546701,3.5297290449220857,3.222870721546701
cv_targets__support_random,ADE_vs_original,easy,eu-locality-082,513,1.5460732405154172,1.5462004828417095,0.008229354970745728,2.97384013935923,3.3963414460134995,2.97384013935923
cv_targets__support_random,ADE_vs_original,easy,eu-locality-112,571,1.9857674539375036,1.9853536795903686,-0.020841341841948413,3.1756828589252075,3.380427508819609,3.1756828589252075
cv_targets__support_random,ADE_vs_original,easy,eu-locality-126,2160,1.3658832018688116,1.3654600121595328,-0.030992464481593984,2.942624617246482,3.2666607746245173,2.942624617246482
cv_targets__support_random,ADE_vs_original,hard,eu-locality-008,28100,60.570190659958584,60.570188122543264,-4.189214863892232e-06,138.37729324495885,231.14803055134072,138.37729324495885
cv_targets__support_random,ADE_vs_original,hard,eu-locality-020,30,43.951869033620255,43.951869033620255,0.0,64.72063289570352,69.65016417684733,64.72063289570352
cv_targets__support_random,ADE_vs_original,hard,eu-locality-048,2478,63.81610989740674,63.81610989740674,0.0,138.97729297348553,219.8528418739297,138.97729297348553
cv_targets__support_random,ADE_vs_original,hard,eu-locality-067,2296,64.8712614079239,64.87130335601644,6.466355749745745e-05,143.40335944857748,213.5382101003649,143.40335944857748
cv_targets__support_random,ADE_vs_original,hard,eu-locality-074,19310,59.92696928988748,59.889111842955,-0.06321257031118854,136.16340090804525,238.15645757790958,136.04231560184755
cv_targets__support_random,ADE_vs_original,hard,eu-locality-082,184,55.538763120161185,55.57409669773812,0.06357922067381505,111.15642414153585,199.45076524670506,116.0311931849977
cv_targets__support_random,ADE_vs_original,hard,eu-locality-112,1153,69.76508397868075,69.76508397868075,0.0,174.675987810338,312.16727648534334,174.675987810338
cv_targets__support_random,ADE_vs_original,hard,eu-locality-126,1110,73.83078926777138,73.83078926777138,0.0,160.69598223874476,237.31079754913677,160.69598223874476
cv_targets__support_random,FDE_vs_floor,endpoint,eu-locality-008,121088,35.85159277638425,35.96957473477451,0.32800487428670255,136.95807869338222,281.94720140669045,136.94678016915063
cv_targets__support_random,FDE_vs_floor,endpoint,eu-locality-020,622,14.496351555054053,14.67889508889477,1.243578162629,54.18434016797015,102.34943144507893,54.18434016797015
cv_targets__support_random,FDE_vs_floor,endpoint,eu-locality-048,5582,58.81908008786828,58.86627761858265,0.08017753563455132,216.55248685578948,355.4563120785641,216.55248685578948
cv_targets__support_random,FDE_vs_floor,endpoint,eu-locality-067,4600,64.05866831953128,64.14804098569955,0.13932251834190001,207.16877909819794,394.0447029702928,207.16877909819794
cv_targets__support_random,FDE_vs_floor,endpoint,eu-locality-074,81289,40.90776238477241,41.035287783577374,0.3107700851948225,139.5610222687429,285.6194538020268,139.8898647808847
cv_targets__support_random,FDE_vs_floor,endpoint,eu-locality-082,859,25.365932578860654,25.471426904331437,0.41416731723358247,115.16354557853296,234.31504208196256,115.16354557853296
cv_targets__support_random,FDE_vs_floor,endpoint,eu-locality-112,3719,47.91748535466363,47.968287530342636,0.1059078368117028,180.87314969023402,421.63704764077704,180.87314969023402
cv_targets__support_random,FDE_vs_floor,endpoint,eu-locality-126,4579,40.06942479412816,40.13090423960287,0.1531972594179365,186.16986536958748,367.4904107537943,186.14679086195613
cv_targets__support_random,ADE_vs_CV,easy,eu-locality-008,39889,1.6495407276079288,1.791172498853141,7.9072100166732495,3.0543535259084056,3.3437721443482546,3.2504176960159774
cv_targets__support_random,ADE_vs_CV,easy,eu-locality-020,593,1.2462011045070644,1.2706472215919324,1.923910639354376,3.040626325338701,3.3899938472394897,3.051349724629029
cv_targets__support_random,ADE_vs_CV,easy,eu-locality-048,1582,1.6364569441911023,1.7551327263969017,6.761641465681512,3.0743694701381585,3.380921428523672,3.2298308573246963
cv_targets__support_random,ADE_vs_CV,easy,eu-locality-067,1219,1.5908958178639523,1.6528940070695597,3.7508871676245503,3.0935997711687357,3.3448505278100407,3.222473275402277
cv_targets__support_random,ADE_vs_CV,easy,eu-locality-074,17048,1.9069152788918877,2.0239574238081066,5.782836315598095,3.222870721546701,3.5297290449220857,3.3016095862663026
cv_targets__support_random,ADE_vs_CV,easy,eu-locality-082,513,1.5460732405154172,1.6221340438704122,4.688934533025025,2.97384013935923,3.3963414460134995,3.137173321764387
cv_targets__support_random,ADE_vs_CV,easy,eu-locality-112,571,1.9857674539375036,2.110763890677913,5.921857830354704,3.1756828589252075,3.380427508819609,3.3318797717711783
cv_targets__support_random,ADE_vs_CV,easy,eu-locality-126,2160,1.3658832018688116,1.4931553251754432,8.523702870073302,2.942624617246482,3.2666607746245173,3.15811922069773
cv_targets__combined,ADE_vs_floor,all,eu-locality-008,157961,18.00275818873874,18.041144590837536,0.2127714342375686,63.855680257712145,131.20549207047296,63.85471877568163
cv_targets__combined,ADE_vs_floor,all,eu-locality-020,1225,6.468650209532735,6.514432089833121,0.7027762308219554,20.950455289077674,42.958840384020256,20.950455289077674
cv_targets__combined,ADE_vs_floor,all,eu-locality-048,8058,26.555183367740746,26.568426516120656,0.04984543729706914,89.49939807482255,160.11545465691114,89.49939807482255
cv_targets__combined,ADE_vs_floor,all,eu-locality-067,6903,28.836998019024193,28.87697837044287,0.13845060555088828,92.96468374261876,168.56927310186109,92.96468374261876
cv_targets__combined,ADE_vs_floor,all,eu-locality-074,102348,19.495873506187124,19.540144919218633,0.2265664518586341,64.35238081695006,132.82571837209403,64.46142956732993
cv_targets__combined,ADE_vs_floor,all,eu-locality-082,1368,13.538026355300847,13.564534585131002,0.19542306935625975,52.30649963956743,101.91283477915022,52.30649963956743
cv_targets__combined,ADE_vs_floor,all,eu-locality-112,5004,24.35666665238312,24.377253499056568,0.08445105054285529,86.2710070848162,186.18759729912014,86.2710070848162
cv_targets__combined,ADE_vs_floor,all,eu-locality-126,5790,19.625392505445543,19.645962498046178,0.10470340968369296,86.5533275336093,157.09863889864567,86.5533275336093
cv_targets__combined,ADE_vs_floor,easy,eu-locality-008,39889,1.6478903704491206,1.7124634754637011,3.7707726874055214,3.0529235197900877,3.343230622057371,3.0954122497682435
cv_targets__combined,ADE_vs_floor,easy,eu-locality-020,593,1.2462011045070644,1.2667120183194382,1.6192246947799416,3.040626325338701,3.3899938472394897,3.0442506244225767
cv_targets__combined,ADE_vs_floor,easy,eu-locality-048,1582,1.6358487293654624,1.6796162978639069,2.6058075617691356,3.0743694701381585,3.380921428523672,3.080321842954575
cv_targets__combined,ADE_vs_floor,easy,eu-locality-067,1219,1.5909391606574743,1.6058934268181635,0.9312116178418428,3.0935997711687357,3.3448505278100407,3.1204027321405072
cv_targets__combined,ADE_vs_floor,easy,eu-locality-074,17048,1.9059156979080358,1.9698182133276747,3.24408186437094,3.222870721546701,3.531908669321256,3.248088316777988
cv_targets__combined,ADE_vs_floor,easy,eu-locality-082,513,1.5455954186043492,1.5717224694033087,1.6623196084279646,2.97384013935923,3.3963414460134995,2.9910454520185303
cv_targets__combined,ADE_vs_floor,easy,eu-locality-112,571,1.9855945352265394,2.011879820091856,1.306503728643027,3.1756828589252075,3.380427508819609,3.1756828589252075
cv_targets__combined,ADE_vs_floor,easy,eu-locality-126,2160,1.3658802466005173,1.4103792615006157,3.1551098427774815,2.942624617246482,3.2666607746245173,2.9648916649582264
cv_targets__combined,ADE_vs_floor,hard,eu-locality-008,28100,60.57140380472438,60.57267643715081,0.0021010008163457883,138.37729324495885,231.14803055134072,138.38282192988999
cv_targets__combined,ADE_vs_floor,hard,eu-locality-020,30,43.951869033620255,43.951869033620255,0.0,64.72063289570352,69.65016417684733,64.72063289570352
cv_targets__combined,ADE_vs_floor,hard,eu-locality-048,2478,63.81610989740674,63.81613301956246,3.623246133122038e-05,138.97729297348553,219.8528418739297,138.97729297348553
cv_targets__combined,ADE_vs_floor,hard,eu-locality-067,2296,64.8712614079239,64.95146996619232,0.12348998153570712,143.40335944857748,213.5382101003649,143.40335944857748
cv_targets__combined,ADE_vs_floor,hard,eu-locality-074,19310,59.93914392009982,60.00555441541746,0.11067391338120958,136.25958090894238,238.15645757790958,136.34580362984687
cv_targets__combined,ADE_vs_floor,hard,eu-locality-082,184,55.538763120161185,55.56439239170911,0.04612535194706835,111.15642414153585,199.45076524670506,111.15642414153585
cv_targets__combined,ADE_vs_floor,hard,eu-locality-112,1153,69.76508397868075,69.78349615436602,0.02638471372162776,174.675987810338,312.16727648534334,174.675987810338
cv_targets__combined,ADE_vs_floor,hard,eu-locality-126,1110,73.83078926777138,73.83050161725946,-0.00038960931540987787,160.69598223874476,237.31079754913677,160.69598223874476
cv_targets__combined,ADE_vs_floor,complete,eu-locality-008,97352,16.34068823088513,16.389412229840747,0.297289483431884,59.00785104941188,120.13555903630997,59.01678952634717
cv_targets__combined,ADE_vs_floor,complete,eu-locality-020,364,6.793268278663608,6.891806752673657,1.4297915995949984,22.682718227503177,49.70629992513765,22.682718227503177
cv_targets__combined,ADE_vs_floor,complete,eu-locality-048,4716,26.545936132569494,26.563160393487802,0.06484266428828933,91.22372192206632,161.22338275660073,91.22372192206632
cv_targets__combined,ADE_vs_floor,complete,eu-locality-067,3417,30.03423084421222,30.057452024112813,0.07725598258283561,92.43888499604662,166.36606324874677,92.43888499604662
cv_targets__combined,ADE_vs_floor,complete,eu-locality-074,67309,19.241259530568104,19.28822811110901,0.24350904743735136,63.328289577825096,131.28734077286347,63.36155246962371
cv_targets__combined,ADE_vs_floor,complete,eu-locality-082,582,10.359878014819556,10.401712665936916,0.40219002832445616,48.19172118275565,88.77064559267427,48.19172118275565
cv_targets__combined,ADE_vs_floor,complete,eu-locality-112,2417,20.702400532070886,20.722018417039262,0.09467168966631467,70.00895081757096,171.1830006493205,70.00895081757096
cv_targets__combined,ADE_vs_floor,complete,eu-locality-126,3637,19.3121669349107,19.334572553522406,0.11588370288343475,85.5211371225543,163.85887416785963,85.5211371225543
cv_targets__combined,ADE_vs_original,all,eu-locality-008,157961,18.00275818873874,18.002029503738996,-0.004047793609007755,63.855680257712145,131.20549207047296,63.85471877568163
cv_targets__combined,ADE_vs_original,all,eu-locality-020,1225,6.468650209532735,6.464799639736198,-0.05956209025983483,20.950455289077674,42.958840384020256,20.950455289077674
cv_targets__combined,ADE_vs_original,all,eu-locality-048,8058,26.555183367740746,26.55502487729235,-0.000596837883337642,89.49939807482255,160.11545465691114,89.49939807482255
cv_targets__combined,ADE_vs_original,all,eu-locality-067,6903,28.836998019024193,28.836124907482446,-0.003027839366587237,92.96468374261876,168.56927310186109,92.96468374261876
cv_targets__combined,ADE_vs_original,all,eu-locality-074,102348,19.495873506187124,19.485817874848017,-0.05160487182878093,64.35238081695006,132.82571837209403,64.32327120369061
cv_targets__combined,ADE_vs_original,all,eu-locality-082,1368,13.538026355300847,13.535905172172901,-0.015670788920019163,52.30649963956743,101.91283477915022,52.30649963956743
cv_targets__combined,ADE_vs_original,all,eu-locality-112,5004,24.35666665238312,24.353891752992524,-0.011394069657288952,86.2710070848162,186.18759729912014,86.2710070848162
cv_targets__combined,ADE_vs_original,all,eu-locality-126,5790,19.625392505445543,19.625273473396696,-0.0006065242810882054,86.5533275336093,157.09863889864567,86.5533275336093
cv_targets__combined,ADE_vs_original,easy,eu-locality-008,39889,1.6478903704491206,1.647094835632699,-0.04829927210086016,3.0529235197900877,3.343230622057371,3.051907770623909
cv_targets__combined,ADE_vs_original,easy,eu-locality-020,593,1.2462011045070644,1.2453262707753026,-0.07024935972941293,3.040626325338701,3.3899938472394897,3.040626325338701
cv_targets__combined,ADE_vs_original,easy,eu-locality-048,1582,1.6358487293654624,1.636293516441814,0.027182597246899753,3.0743694701381585,3.380921428523672,3.0743694701381585
cv_targets__combined,ADE_vs_original,easy,eu-locality-067,1219,1.5909391606574743,1.590617674418319,-0.020211408707804246,3.0935997711687357,3.3448505278100407,3.0935997711687357
cv_targets__combined,ADE_vs_original,easy,eu-locality-074,17048,1.9059156979080358,1.9046603342006048,-0.06591010926668694,3.222870721546701,3.531908669321256,3.222870721546701
cv_targets__combined,ADE_vs_original,easy,eu-locality-082,513,1.5455954186043492,1.5462004828417095,0.03913232753932627,2.97384013935923,3.3963414460134995,2.97384013935923
cv_targets__combined,ADE_vs_original,easy,eu-locality-112,571,1.9855945352265394,1.9853536795903686,-0.012131623631939092,3.1756828589252075,3.380427508819609,3.1756828589252075
cv_targets__combined,ADE_vs_original,easy,eu-locality-126,2160,1.3658802466005173,1.3654600121595328,-0.030776034247970152,2.942624617246482,3.2666607746245173,2.942624617246482
cv_targets__combined,ADE_vs_original,hard,eu-locality-008,28100,60.57140380472438,60.570188122543264,-0.0020070635716962215,138.37729324495885,231.14803055134072,138.37729324495885
cv_targets__combined,ADE_vs_original,hard,eu-locality-020,30,43.951869033620255,43.951869033620255,0.0,64.72063289570352,69.65016417684733,64.72063289570352
cv_targets__combined,ADE_vs_original,hard,eu-locality-048,2478,63.81610989740674,63.81610989740674,0.0,138.97729297348553,219.8528418739297,138.97729297348553
cv_targets__combined,ADE_vs_original,hard,eu-locality-067,2296,64.8712614079239,64.87130335601644,6.466355749745745e-05,143.40335944857748,213.5382101003649,143.40335944857748
cv_targets__combined,ADE_vs_original,hard,eu-locality-074,19310,59.93914392009982,59.889111842955,-0.083541190719294,136.25958090894238,238.15645757790958,136.04231560184755
cv_targets__combined,ADE_vs_original,hard,eu-locality-082,184,55.538763120161185,55.57409669773812,0.06357922067381505,111.15642414153585,199.45076524670506,116.0311931849977
cv_targets__combined,ADE_vs_original,hard,eu-locality-112,1153,69.76508397868075,69.76508397868075,0.0,174.675987810338,312.16727648534334,174.675987810338
cv_targets__combined,ADE_vs_original,hard,eu-locality-126,1110,73.83078926777138,73.83078926777138,0.0,160.69598223874476,237.31079754913677,160.69598223874476
cv_targets__combined,FDE_vs_floor,endpoint,eu-locality-008,121088,35.84936213752407,35.96957473477451,0.33420633448364434,136.95807869338222,281.94720140669045,136.94678016915063
cv_targets__combined,FDE_vs_floor,endpoint,eu-locality-020,622,14.496351555054053,14.67889508889477,1.243578162629,54.18434016797015,102.34943144507893,54.18434016797015
cv_targets__combined,FDE_vs_floor,endpoint,eu-locality-048,5582,58.81866816181513,58.86627761858265,0.08087730139146876,216.55248685578948,355.4563120785641,216.55248685578948
cv_targets__combined,FDE_vs_floor,endpoint,eu-locality-067,4600,64.05885561135138,64.14804098569955,0.1390305502362188,207.16877909819794,394.0447029702928,207.16877909819794
cv_targets__combined,FDE_vs_floor,endpoint,eu-locality-074,81289,40.90981957680287,41.035287783577374,0.3057568584293402,139.5840952912819,285.6624090885739,139.8898647808847
cv_targets__combined,FDE_vs_floor,endpoint,eu-locality-082,859,25.366064167215658,25.471426904331437,0.4136507055985228,115.16354557853296,234.31504208196256,115.16354557853296
cv_targets__combined,FDE_vs_floor,endpoint,eu-locality-112,3719,47.91748535466363,47.968287530342636,0.1059078368117028,180.87314969023402,421.63704764077704,180.87314969023402
cv_targets__combined,FDE_vs_floor,endpoint,eu-locality-126,4579,40.06930486548514,40.13090423960287,0.15349610302810568,186.16986536958748,367.4904107537943,186.14679086195613
cv_targets__combined,ADE_vs_CV,easy,eu-locality-008,39889,1.6478903704491206,1.791172498853141,7.999348387481476,3.0529235197900877,3.343230622057371,3.2504176960159774
cv_targets__combined,ADE_vs_CV,easy,eu-locality-020,593,1.2462011045070644,1.2706472215919324,1.923910639354376,3.040626325338701,3.3899938472394897,3.051349724629029
cv_targets__combined,ADE_vs_CV,easy,eu-locality-048,1582,1.6358487293654624,1.7551327263969017,6.796294960342763,3.0743694701381585,3.380921428523672,3.2298308573246963
cv_targets__combined,ADE_vs_CV,easy,eu-locality-067,1219,1.5909391606574743,1.6528940070695597,3.748264930909029,3.0935997711687357,3.3448505278100407,3.222473275402277
cv_targets__combined,ADE_vs_CV,easy,eu-locality-074,17048,1.9059156979080358,2.0239574238081066,5.8322237667417625,3.222870721546701,3.531908669321256,3.3016095862663026
cv_targets__combined,ADE_vs_CV,easy,eu-locality-082,513,1.5455954186043492,1.6221340438704122,4.7183909095108945,2.97384013935923,3.3963414460134995,3.137173321764387
cv_targets__combined,ADE_vs_CV,easy,eu-locality-112,571,1.9855945352265394,2.110763890677913,5.930050064063453,3.1756828589252075,3.380427508819609,3.3318797717711783
cv_targets__combined,ADE_vs_CV,easy,eu-locality-126,2160,1.3658802466005173,1.4931553251754432,8.523900791096285,2.942624617246482,3.2666607746245173,3.15811922069773
cv_targets__combined,matched_risk,all,eu-locality-008,157961,18.00275818873874,18.00446515749247,0.00948080789292538,63.855680257712145,131.20549207047296,63.855680257712145
cv_targets__combined,matched_risk,all,eu-locality-020,1225,6.468650209532735,6.468650209532735,0.0,20.950455289077674,42.958840384020256,20.950455289077674
cv_targets__combined,matched_risk,all,eu-locality-048,8058,26.555183367740746,26.555337436564276,0.0005801802515192911,89.49939807482255,160.11545465691114,89.49939807482255
cv_targets__combined,matched_risk,all,eu-locality-067,6903,28.836998019024193,28.83701123321523,4.582371914141348e-05,92.96468374261876,168.56927310186109,92.96468374261876
cv_targets__combined,matched_risk,all,eu-locality-074,102348,19.495873506187124,19.494188113344013,-0.008645617008062878,64.35238081695006,132.82571837209403,64.33083864564493
cv_targets__combined,matched_risk,all,eu-locality-082,1368,13.538026355300847,13.538233254419149,0.0015282578931352653,52.30649963956743,101.91283477915022,52.30649963956743
cv_targets__combined,matched_risk,all,eu-locality-112,5004,24.35666665238312,24.35668638391469,8.101073872834874e-05,86.2710070848162,186.18759729912014,86.2710070848162
cv_targets__combined,matched_risk,all,eu-locality-126,5790,19.625392505445543,19.62550198800094,0.0005578586242838135,86.5533275336093,157.09863889864567,86.5533275336093
cv_targets__combined,matched_risk,easy,eu-locality-008,39889,1.6478903704491206,1.6498599370277707,0.11937780501527495,3.0529235197900877,3.343230622057371,3.054452595187942
cv_targets__combined,matched_risk,easy,eu-locality-020,593,1.2462011045070644,1.2462011045070644,0.0,3.040626325338701,3.3899938472394897,3.040626325338701
cv_targets__combined,matched_risk,easy,eu-locality-048,1582,1.6358487293654624,1.6370270770770703,0.07198095426202977,3.0743694701381585,3.380921428523672,3.0743694701381585
cv_targets__combined,matched_risk,easy,eu-locality-067,1219,1.5909391606574743,1.5910478192387805,0.006829372441996551,3.0935997711687357,3.3448505278100407,3.0935997711687357
cv_targets__combined,matched_risk,easy,eu-locality-074,17048,1.9059156979080358,1.9066188746360526,0.03688082276804838,3.222870721546701,3.531908669321256,3.222870721546701
cv_targets__combined,matched_risk,easy,eu-locality-082,513,1.5455954186043492,1.5461471495864854,0.03568424792450564,2.97384013935923,3.3963414460134995,2.97384013935923
cv_targets__combined,matched_risk,easy,eu-locality-112,571,1.9855945352265394,1.9857674539375036,0.008707903366100833,3.1756828589252075,3.380427508819609,3.1756828589252075
cv_targets__combined,matched_risk,easy,eu-locality-126,2160,1.3658802466005173,1.3662274732183393,0.025414993083394677,2.942624617246482,3.2666607746245173,2.942624617246482
cv_targets__combined,matched_risk,hard,eu-locality-008,28100,60.57140380472438,60.5700653073519,-0.0022098331340592026,138.37729324495885,231.14803055134072,138.37729324495885
cv_targets__combined,matched_risk,hard,eu-locality-020,30,43.951869033620255,43.951869033620255,0.0,64.72063289570352,69.65016417684733,64.72063289570352
cv_targets__combined,matched_risk,hard,eu-locality-048,2478,63.81610989740674,63.81610989740674,0.0,138.97729297348553,219.8528418739297,138.97729297348553
cv_targets__combined,matched_risk,hard,eu-locality-067,2296,64.8712614079239,64.8712614079239,0.0,143.40335944857748,213.5382101003649,143.40335944857748
cv_targets__combined,matched_risk,hard,eu-locality-074,19310,59.93914392009982,59.922920313337904,-0.027074125688608675,136.25958090894238,238.15645757790958,136.16340090804525
cv_targets__combined,matched_risk,hard,eu-locality-082,184,55.538763120161185,55.538763120161185,0.0,111.15642414153585,199.45076524670506,111.15642414153585
cv_targets__combined,matched_risk,hard,eu-locality-112,1153,69.76508397868075,69.76508397868075,0.0,174.675987810338,312.16727648534334,174.675987810338
cv_targets__combined,matched_risk,hard,eu-locality-126,1110,73.83078926777138,73.83078926777138,0.0,160.69598223874476,237.31079754913677,160.69598223874476
cv_targets__combined,matched_risk,complete,eu-locality-008,97352,16.34068823088513,16.342958415253836,0.013890902191771026,59.00785104941188,120.13555903630997,59.00785104941188
cv_targets__combined,matched_risk,complete,eu-locality-020,364,6.793268278663608,6.793268278663608,0.0,22.682718227503177,49.70629992513765,22.682718227503177
cv_targets__combined,matched_risk,complete,eu-locality-048,4716,26.545936132569494,26.546003219899386,0.0002527210191893836,91.22372192206632,161.22338275660073,91.22372192206632
cv_targets__combined,matched_risk,complete,eu-locality-067,3417,30.03423084421222,30.034271156728998,0.00013422172480126449,92.43888499604662,166.36606324874677,92.43888499604662
cv_targets__combined,matched_risk,complete,eu-locality-074,67309,19.241259530568104,19.240037702981706,-0.006350442786340338,63.328289577825096,131.28734077286347,63.30668374276514
cv_targets__combined,matched_risk,complete,eu-locality-082,582,10.359878014819556,10.360268732501423,0.003771308370037474,48.19172118275565,88.77064559267427,48.19172118275565
cv_targets__combined,matched_risk,complete,eu-locality-112,2417,20.702400532070886,20.702400532070886,0.0,70.00895081757096,171.1830006493205,70.00895081757096
cv_targets__combined,matched_risk,complete,eu-locality-126,3637,19.3121669349107,19.31225747291847,0.00046881110558061323,85.5211371225543,163.85887416785963,85.5211371225543
cv_targets__combined,matched_random,all,eu-locality-008,157961,18.00275818873874,18.003504580055495,0.00414581124157376,63.855680257712145,131.20549207047296,63.855680257712145
cv_targets__combined,matched_random,all,eu-locality-020,1225,6.468650209532735,6.468650209532735,0.0,20.950455289077674,42.958840384020256,20.950455289077674
cv_targets__combined,matched_random,all,eu-locality-048,8058,26.555183367740746,26.55528133358769,0.00036891285659645945,89.49939807482255,160.11545465691114,89.49939807482255
cv_targets__combined,matched_random,all,eu-locality-067,6903,28.836998019024193,28.836913010291834,-0.00029479137495513896,92.96468374261876,168.56927310186109,92.96468374261876
cv_targets__combined,matched_random,all,eu-locality-074,102348,19.495873506187124,19.494290718077547,-0.008119239281212387,64.35238081695006,132.82571837209403,64.33960015483827
cv_targets__combined,matched_random,all,eu-locality-082,1368,13.538026355300847,13.538205538517499,0.0013235374226039376,52.30649963956743,101.91283477915022,52.30649963956743
cv_targets__combined,matched_random,all,eu-locality-112,5004,24.35666665238312,24.35668638391469,8.101073872834874e-05,86.2710070848162,186.18759729912014,86.2710070848162
cv_targets__combined,matched_random,all,eu-locality-126,5790,19.625392505445543,19.625373555165883,-9.656009658520759e-05,86.5533275336093,157.09863889864567,86.5533275336093
cv_targets__combined,matched_random,easy,eu-locality-008,39889,1.6478903704491206,1.6495407276079288,0.10004949445543421,3.0529235197900877,3.343230622057371,3.0543535259084056
cv_targets__combined,matched_random,easy,eu-locality-020,593,1.2462011045070644,1.2462011045070644,0.0,3.040626325338701,3.3899938472394897,3.040626325338701
cv_targets__combined,matched_random,easy,eu-locality-048,1582,1.6358487293654624,1.6364569441911023,0.037166564497703725,3.0743694701381585,3.380921428523672,3.0743694701381585
cv_targets__combined,matched_random,easy,eu-locality-067,1219,1.5909391606574743,1.5908958178639523,-0.0027244268942849814,3.0935997711687357,3.3448505278100407,3.0935997711687357
cv_targets__combined,matched_random,easy,eu-locality-074,17048,1.9059156979080358,1.9069152788918877,0.052418741142645775,3.222870721546701,3.531908669321256,3.222870721546701
cv_targets__combined,matched_random,easy,eu-locality-082,513,1.5455954186043492,1.5460732405154172,0.03090551589319812,2.97384013935923,3.3963414460134995,2.97384013935923
cv_targets__combined,matched_random,easy,eu-locality-112,571,1.9855945352265394,1.9857674539375036,0.008707903366100833,3.1756828589252075,3.380427508819609,3.1756828589252075
cv_targets__combined,matched_random,easy,eu-locality-126,2160,1.3658802466005173,1.3658832018688116,0.00021636317734108346,2.942624617246482,3.2666607746245173,2.942624617246482
cv_targets__combined,matched_random,hard,eu-locality-008,28100,60.57140380472438,60.570190659958584,-0.0020028742729438775,138.37729324495885,231.14803055134072,138.37729324495885
cv_targets__combined,matched_random,hard,eu-locality-020,30,43.951869033620255,43.951869033620255,0.0,64.72063289570352,69.65016417684733,64.72063289570352
cv_targets__combined,matched_random,hard,eu-locality-048,2478,63.81610989740674,63.81610989740674,0.0,138.97729297348553,219.8528418739297,138.97729297348553
cv_targets__combined,matched_random,hard,eu-locality-067,2296,64.8712614079239,64.8712614079239,0.0,143.40335944857748,213.5382101003649,143.40335944857748
cv_targets__combined,matched_random,hard,eu-locality-074,19310,59.93914392009982,59.92696928988748,-0.020315778282475883,136.25958090894238,238.15645757790958,136.16340090804525
cv_targets__combined,matched_random,hard,eu-locality-082,184,55.538763120161185,55.538763120161185,0.0,111.15642414153585,199.45076524670506,111.15642414153585
cv_targets__combined,matched_random,hard,eu-locality-112,1153,69.76508397868075,69.76508397868075,0.0,174.675987810338,312.16727648534334,174.675987810338
cv_targets__combined,matched_random,hard,eu-locality-126,1110,73.83078926777138,73.83078926777138,0.0,160.69598223874476,237.31079754913677,160.69598223874476
cv_targets__combined,matched_random,complete,eu-locality-008,97352,16.34068823088513,16.34182124291535,0.00693320538377451,59.00785104941188,120.13555903630997,59.00785104941188
cv_targets__combined,matched_random,complete,eu-locality-020,364,6.793268278663608,6.793268278663608,0.0,22.682718227503177,49.70629992513765,22.682718227503177
cv_targets__combined,matched_random,complete,eu-locality-048,4716,26.545936132569494,26.546073370777762,0.0005169811985061834,91.22372192206632,161.22338275660073,91.22372192206632
cv_targets__combined,matched_random,complete,eu-locality-067,3417,30.03423084421222,30.034148108800494,-0.00027547114513915005,92.43888499604662,166.36606324874677,92.43888499604662
cv_targets__combined,matched_random,complete,eu-locality-074,67309,19.241259530568104,19.24044966368482,-0.004209188960957455,63.328289577825096,131.28734077286347,63.30668374276514
cv_targets__combined,matched_random,complete,eu-locality-082,582,10.359878014819556,10.360203585845998,0.0031425157212883192,48.19172118275565,88.77064559267427,48.19172118275565
cv_targets__combined,matched_random,complete,eu-locality-112,2417,20.702400532070886,20.702400532070886,0.0,70.00895081757096,171.1830006493205,70.00895081757096
cv_targets__combined,matched_random,complete,eu-locality-126,3637,19.3121669349107,19.312075812585018,-0.0004718411762860697,85.5211371225543,163.85887416785963,85.5211371225543
cv_targets__combined_risk,ADE_vs_floor,all,eu-locality-008,157961,18.00446515749247,18.041144590837536,0.20330990176585795,63.855680257712145,131.20549207047296,63.85471877568163
cv_targets__combined_risk,ADE_vs_floor,all,eu-locality-020,1225,6.468650209532735,6.514432089833121,0.7027762308219554,20.950455289077674,42.958840384020256,20.950455289077674
cv_targets__combined_risk,ADE_vs_floor,all,eu-locality-048,8058,26.555337436564276,26.568426516120656,0.049265542874499246,89.49939807482255,160.11545465691114,89.49939807482255
cv_targets__combined_risk,ADE_vs_floor,all,eu-locality-067,6903,28.83701123321523,28.87697837044287,0.1384048452539921,92.96468374261876,168.56927310186109,92.96468374261876
cv_targets__combined_risk,ADE_vs_floor,all,eu-locality-074,102348,19.494188113344013,19.540144919218633,0.23519173509004565,64.33083864564493,132.73311771750846,64.46142956732993
cv_targets__combined_risk,ADE_vs_floor,all,eu-locality-082,1368,13.538233254419149,13.564534585131002,0.19389777472117453,52.30649963956743,101.91283477915022,52.30649963956743
cv_targets__combined_risk,ADE_vs_floor,all,eu-locality-112,5004,24.35668638391469,24.377253499056568,0.08437010815297574,86.2710070848162,186.18759729912014,86.2710070848162
cv_targets__combined_risk,ADE_vs_floor,all,eu-locality-126,5790,19.62550198800094,19.645962498046178,0.10414613204760004,86.5533275336093,157.09863889864567,86.5533275336093
cv_targets__combined_risk,ADE_vs_floor,easy,eu-locality-008,39889,1.6498599370277707,1.7124634754637011,3.6557590472975576,3.054452595187942,3.3443145232616813,3.0954122497682435
cv_targets__combined_risk,ADE_vs_floor,easy,eu-locality-020,593,1.2462011045070644,1.2667120183194382,1.6192246947799416,3.040626325338701,3.3899938472394897,3.0442506244225767
cv_targets__combined_risk,ADE_vs_floor,easy,eu-locality-048,1582,1.6370270770770703,1.6796162978639069,2.53565179386509,3.0743694701381585,3.380921428523672,3.080321842954575
cv_targets__combined_risk,ADE_vs_floor,easy,eu-locality-067,1219,1.5910478192387805,1.6058934268181635,0.9244453792178087,3.0935997711687357,3.3448505278100407,3.1204027321405072
cv_targets__combined_risk,ADE_vs_floor,easy,eu-locality-074,17048,1.9066188746360526,1.9698182133276747,3.208384320137725,3.222870721546701,3.5297290449220857,3.248088316777988
cv_targets__combined_risk,ADE_vs_floor,easy,eu-locality-082,513,1.5461471495864854,1.5717224694033087,1.6272160203024133,2.97384013935923,3.3963414460134995,2.9910454520185303
cv_targets__combined_risk,ADE_vs_floor,easy,eu-locality-112,571,1.9857674539375036,2.011879820091856,1.297908845925022,3.1756828589252075,3.380427508819609,3.1756828589252075
cv_targets__combined_risk,ADE_vs_floor,easy,eu-locality-126,2160,1.3662274732183393,1.4103792615006157,3.130490463628899,2.942624617246482,3.2666607746245173,2.9648916649582264
cv_targets__combined_risk,ADE_vs_floor,hard,eu-locality-008,28100,60.5700653073519,60.57267643715081,0.004310738690271876,138.37729324495885,231.14803055134072,138.38282192988999
cv_targets__combined_risk,ADE_vs_floor,hard,eu-locality-020,30,43.951869033620255,43.951869033620255,0.0,64.72063289570352,69.65016417684733,64.72063289570352
cv_targets__combined_risk,ADE_vs_floor,hard,eu-locality-048,2478,63.81610989740674,63.81613301956246,3.623246133122038e-05,138.97729297348553,219.8528418739297,138.97729297348553
cv_targets__combined_risk,ADE_vs_floor,hard,eu-locality-067,2296,64.8712614079239,64.95146996619232,0.12348998153570712,143.40335944857748,213.5382101003649,143.40335944857748
cv_targets__combined_risk,ADE_vs_floor,hard,eu-locality-074,19310,59.922920313337904,60.00555441541746,0.1377107550869061,136.16340090804525,238.15645757790958,136.34580362984687
cv_targets__combined_risk,ADE_vs_floor,hard,eu-locality-082,184,55.538763120161185,55.56439239170911,0.04612535194706835,111.15642414153585,199.45076524670506,111.15642414153585
cv_targets__combined_risk,ADE_vs_floor,hard,eu-locality-112,1153,69.76508397868075,69.78349615436602,0.02638471372162776,174.675987810338,312.16727648534334,174.675987810338
cv_targets__combined_risk,ADE_vs_floor,hard,eu-locality-126,1110,73.83078926777138,73.83050161725946,-0.00038960931540987787,160.69598223874476,237.31079754913677,160.69598223874476
cv_targets__combined_risk,ADE_vs_floor,complete,eu-locality-008,97352,16.342958415253836,16.389412229840747,0.283437953328991,59.00785104941188,120.13555903630997,59.01678952634717
cv_targets__combined_risk,ADE_vs_floor,complete,eu-locality-020,364,6.793268278663608,6.891806752673657,1.4297915995949984,22.682718227503177,49.70629992513765,22.682718227503177
cv_targets__combined_risk,ADE_vs_floor,complete,eu-locality-048,4716,26.546003219899386,26.563160393487802,0.06459010650187169,91.22372192206632,161.22338275660073,91.22372192206632
cv_targets__combined_risk,ADE_vs_floor,complete,eu-locality-067,3417,30.034271156728998,30.057452024112813,0.07712186437233148,92.43888499604662,166.36606324874677,92.43888499604662
cv_targets__combined_risk,ADE_vs_floor,complete,eu-locality-074,67309,19.240037702981706,19.28822811110901,0.24984362404729676,63.30668374276514,131.15505879358042,63.36155246962371
cv_targets__combined_risk,ADE_vs_floor,complete,eu-locality-082,582,10.360268732501423,10.401712665936916,0.3984337461196419,48.19172118275565,88.77064559267427,48.19172118275565
cv_targets__combined_risk,ADE_vs_floor,complete,eu-locality-112,2417,20.702400532070886,20.722018417039262,0.09467168966631467,70.00895081757096,171.1830006493205,70.00895081757096
cv_targets__combined_risk,ADE_vs_floor,complete,eu-locality-126,3637,19.31225747291847,19.334572553522406,0.11541543285822353,85.5211371225543,163.85887416785963,85.5211371225543
cv_targets__combined_risk,ADE_vs_original,all,eu-locality-008,157961,18.00446515749247,18.002029503738996,-0.013529884244256607,63.855680257712145,131.20549207047296,63.85471877568163
cv_targets__combined_risk,ADE_vs_original,all,eu-locality-020,1225,6.468650209532735,6.464799639736198,-0.05956209025983483,20.950455289077674,42.958840384020256,20.950455289077674
cv_targets__combined_risk,ADE_vs_original,all,eu-locality-048,8058,26.555337436564276,26.55502487729235,-0.001177024963716633,89.49939807482255,160.11545465691114,89.49939807482255
cv_targets__combined_risk,ADE_vs_original,all,eu-locality-067,6903,28.83701123321523,28.836124907482446,-0.0030736644941908864,92.96468374261876,168.56927310186109,92.96468374261876
cv_targets__combined_risk,ADE_vs_original,all,eu-locality-074,102348,19.494188113344013,19.485817874848017,-0.042955541049161106,64.33083864564493,132.73311771750846,64.32327120369061
cv_targets__combined_risk,ADE_vs_original,all,eu-locality-082,1368,13.538233254419149,13.535905172172901,-0.017199309662974116,52.30649963956743,101.91283477915022,52.30649963956743
cv_targets__combined_risk,ADE_vs_original,all,eu-locality-112,5004,24.35668638391469,24.353891752992524,-0.011475089692059015,86.2710070848162,186.18759729912014,86.2710070848162
cv_targets__combined_risk,ADE_vs_original,all,eu-locality-126,5790,19.62550198800094,19.625273473396696,-0.0011643894010093803,86.5533275336093,157.09863889864567,86.5533275336093
cv_targets__combined_risk,ADE_vs_original,easy,eu-locality-008,39889,1.6498599370277707,1.647094835632699,-0.1678774855735199,3.054452595187942,3.3443145232616813,3.051907770623909
cv_targets__combined_risk,ADE_vs_original,easy,eu-locality-020,593,1.2462011045070644,1.2453262707753026,-0.07024935972941293,3.040626325338701,3.3899938472394897,3.040626325338701
cv_targets__combined_risk,ADE_vs_original,easy,eu-locality-048,1582,1.6370270770770703,1.636293516441814,-0.04483062652789194,3.0743694701381585,3.380921428523672,3.0743694701381585
cv_targets__combined_risk,ADE_vs_original,easy,eu-locality-067,1219,1.5910478192387805,1.590617674418319,-0.027042627991602508,3.0935997711687357,3.3448505278100407,3.0935997711687357
cv_targets__combined_risk,ADE_vs_original,easy,eu-locality-074,17048,1.9066188746360526,1.9046603342006048,-0.1028288561629509,3.222870721546701,3.5297290449220857,3.222870721546701
cv_targets__combined_risk,ADE_vs_original,easy,eu-locality-082,513,1.5461471495864854,1.5462004828417095,0.003449310475323042,2.97384013935923,3.3963414460134995,2.97384013935923
cv_targets__combined_risk,ADE_vs_original,easy,eu-locality-112,571,1.9857674539375036,1.9853536795903686,-0.020841341841948413,3.1756828589252075,3.380427508819609,3.1756828589252075
cv_targets__combined_risk,ADE_vs_original,easy,eu-locality-126,2160,1.3662274732183393,1.3654600121595328,-0.05620531190750899,2.942624617246482,3.2666607746245173,2.942624617246482
cv_targets__combined_risk,ADE_vs_original,hard,eu-locality-008,28100,60.5700653073519,60.570188122543264,0.00020276508158056927,138.37729324495885,231.14803055134072,138.37729324495885
cv_targets__combined_risk,ADE_vs_original,hard,eu-locality-020,30,43.951869033620255,43.951869033620255,0.0,64.72063289570352,69.65016417684733,64.72063289570352
cv_targets__combined_risk,ADE_vs_original,hard,eu-locality-048,2478,63.81610989740674,63.81610989740674,0.0,138.97729297348553,219.8528418739297,138.97729297348553
cv_targets__combined_risk,ADE_vs_original,hard,eu-locality-067,2296,64.8712614079239,64.87130335601644,6.466355749745745e-05,143.40335944857748,213.5382101003649,143.40335944857748
cv_targets__combined_risk,ADE_vs_original,hard,eu-locality-074,19310,59.922920313337904,59.889111842955,-0.05645178120450289,136.16340090804525,238.15645757790958,136.04231560184755
cv_targets__combined_risk,ADE_vs_original,hard,eu-locality-082,184,55.538763120161185,55.57409669773812,0.06357922067381505,111.15642414153585,199.45076524670506,116.0311931849977
cv_targets__combined_risk,ADE_vs_original,hard,eu-locality-112,1153,69.76508397868075,69.76508397868075,0.0,174.675987810338,312.16727648534334,174.675987810338
cv_targets__combined_risk,ADE_vs_original,hard,eu-locality-126,1110,73.83078926777138,73.83078926777138,0.0,160.69598223874476,237.31079754913677,160.69598223874476
cv_targets__combined_risk,FDE_vs_floor,endpoint,eu-locality-008,121088,35.85453040831338,35.96957473477451,0.31983788329281726,136.95807869338222,281.94720140669045,136.94678016915063
cv_targets__combined_risk,FDE_vs_floor,endpoint,eu-locality-020,622,14.496351555054053,14.67889508889477,1.243578162629,54.18434016797015,102.34943144507893,54.18434016797015
cv_targets__combined_risk,FDE_vs_floor,endpoint,eu-locality-048,5582,58.81908092785734,58.86627761858265,0.08017610869013314,216.55248685578948,355.4563120785641,216.55248685578948
cv_targets__combined_risk,FDE_vs_floor,endpoint,eu-locality-067,4600,64.05886852406928,64.14804098569955,0.1390104206769882,207.16877909819794,394.0447029702928,207.16877909819794
cv_targets__combined_risk,FDE_vs_floor,endpoint,eu-locality-074,81289,40.90687317434777,41.035287783577374,0.31293702607099183,139.5610222687429,285.6194538020268,139.8898647808847
cv_targets__combined_risk,FDE_vs_floor,endpoint,eu-locality-082,859,25.366138666808222,25.471426904331437,0.4133582226024002,115.16354557853296,234.31504208196256,115.16354557853296
cv_targets__combined_risk,FDE_vs_floor,endpoint,eu-locality-112,3719,47.91748535466363,47.968287530342636,0.1059078368117028,180.87314969023402,421.63704764077704,180.87314969023402
cv_targets__combined_risk,FDE_vs_floor,endpoint,eu-locality-126,4579,40.069739004483566,40.13090423960287,0.1524142958606589,186.16986536958748,367.4904107537943,186.14679086195613
cv_targets__combined_risk,ADE_vs_CV,easy,eu-locality-008,39889,1.6498599370277707,1.791172498853141,7.8893887615989255,3.054452595187942,3.3443145232616813,3.2504176960159774
cv_targets__combined_risk,ADE_vs_CV,easy,eu-locality-020,593,1.2462011045070644,1.2706472215919324,1.923910639354376,3.040626325338701,3.3899938472394897,3.051349724629029
cv_targets__combined_risk,ADE_vs_CV,easy,eu-locality-048,1582,1.6370270770770703,1.7551327263969017,6.729157718019962,3.0743694701381585,3.380921428523672,3.2298308573246963
cv_targets__combined_risk,ADE_vs_CV,easy,eu-locality-067,1219,1.5910478192387805,1.6528940070695597,3.7416910924873648,3.0935997711687357,3.3448505278100407,3.222473275402277
cv_targets__combined_risk,ADE_vs_CV,easy,eu-locality-074,17048,1.9066188746360526,2.0239574238081066,5.797481102704216,3.222870721546701,3.5297290449220857,3.3016095862663026
cv_targets__combined_risk,ADE_vs_CV,easy,eu-locality-082,513,1.5461471495864854,1.6221340438704122,4.684378246733667,2.97384013935923,3.3963414460134995,3.137173321764387
cv_targets__combined_risk,ADE_vs_CV,easy,eu-locality-112,571,1.9857674539375036,2.110763890677913,5.921857830354704,3.1756828589252075,3.380427508819609,3.3318797717711783
cv_targets__combined_risk,ADE_vs_CV,easy,eu-locality-126,2160,1.3662274732183393,1.4931553251754432,8.500646236665975,2.942624617246482,3.2666607746245173,3.15811922069773
cv_targets__combined_random,ADE_vs_floor,all,eu-locality-008,157961,18.003504580055495,18.041144590837536,0.20863427257912237,63.855680257712145,131.20549207047296,63.85471877568163
cv_targets__combined_random,ADE_vs_floor,all,eu-locality-020,1225,6.468650209532735,6.514432089833121,0.7027762308219554,20.950455289077674,42.958840384020256,20.950455289077674
cv_targets__combined_random,ADE_vs_floor,all,eu-locality-048,8058,26.55528133358769,26.568426516120656,0.04947670696641149,89.49939807482255,160.11545465691114,89.49939807482255
cv_targets__combined_random,ADE_vs_floor,all,eu-locality-067,6903,28.836913010291834,28.87697837044287,0.13874498791759393,92.96468374261876,168.56927310186109,92.96468374261876
cv_targets__combined_random,ADE_vs_floor,all,eu-locality-074,102348,19.494290718077547,19.540144919218633,0.23466663799400767,64.33960015483827,132.73311771750846,64.46142956732993
cv_targets__combined_random,ADE_vs_floor,all,eu-locality-082,1368,13.538205538517499,13.564534585131002,0.19410210094760183,52.30649963956743,101.91283477915022,52.30649963956743
cv_targets__combined_random,ADE_vs_floor,all,eu-locality-112,5004,24.35668638391469,24.377253499056568,0.08437010815297574,86.2710070848162,186.18759729912014,86.2710070848162
cv_targets__combined_random,ADE_vs_floor,all,eu-locality-126,5790,19.625373555165883,19.645962498046178,0.10479986858542567,86.5533275336093,157.09863889864567,86.5533275336093
cv_targets__combined_random,ADE_vs_floor,easy,eu-locality-008,39889,1.6495407276079288,1.7124634754637011,3.674399410985052,3.0543535259084056,3.3437721443482546,3.0954122497682435
cv_targets__combined_random,ADE_vs_floor,easy,eu-locality-020,593,1.2462011045070644,1.2667120183194382,1.6192246947799416,3.040626325338701,3.3899938472394897,3.0442506244225767
cv_targets__combined_random,ADE_vs_floor,easy,eu-locality-048,1582,1.6364569441911023,1.6796162978639069,2.5695960278364516,3.0743694701381585,3.380921428523672,3.080321842954575
cv_targets__combined_random,ADE_vs_floor,easy,eu-locality-067,1219,1.5908958178639523,1.6058934268181635,0.9339106010245457,3.0935997711687357,3.3448505278100407,3.1204027321405072
cv_targets__combined_random,ADE_vs_floor,easy,eu-locality-074,17048,1.9069152788918877,1.9698182133276747,3.1933370303000252,3.222870721546701,3.5297290449220857,3.248088316777988
cv_targets__combined_random,ADE_vs_floor,easy,eu-locality-082,513,1.5460732405154172,1.5717224694033087,1.6319184453492674,2.97384013935923,3.3963414460134995,2.9910454520185303
cv_targets__combined_random,ADE_vs_floor,easy,eu-locality-112,571,1.9857674539375036,2.011879820091856,1.297908845925022,3.1756828589252075,3.380427508819609,3.1756828589252075
cv_targets__combined_random,ADE_vs_floor,easy,eu-locality-126,2160,1.3658832018688116,1.4103792615006157,3.154900305642694,2.942624617246482,3.2666607746245173,2.9648916649582264
cv_targets__combined_random,ADE_vs_floor,hard,eu-locality-008,28100,60.570190659958584,60.57267643715081,0.004103792895471248,138.37729324495885,231.14803055134072,138.38282192988999
cv_targets__combined_random,ADE_vs_floor,hard,eu-locality-020,30,43.951869033620255,43.951869033620255,0.0,64.72063289570352,69.65016417684733,64.72063289570352
cv_targets__combined_random,ADE_vs_floor,hard,eu-locality-048,2478,63.81610989740674,63.81613301956246,3.623246133122038e-05,138.97729297348553,219.8528418739297,138.97729297348553
cv_targets__combined_random,ADE_vs_floor,hard,eu-locality-067,2296,64.8712614079239,64.95146996619232,0.12348998153570712,143.40335944857748,213.5382101003649,143.40335944857748
cv_targets__combined_random,ADE_vs_floor,hard,eu-locality-074,19310,59.92696928988748,60.00555441541746,0.13096308549360725,136.16340090804525,238.15645757790958,136.34580362984687
cv_targets__combined_random,ADE_vs_floor,hard,eu-locality-082,184,55.538763120161185,55.56439239170911,0.04612535194706835,111.15642414153585,199.45076524670506,111.15642414153585
cv_targets__combined_random,ADE_vs_floor,hard,eu-locality-112,1153,69.76508397868075,69.78349615436602,0.02638471372162776,174.675987810338,312.16727648534334,174.675987810338
cv_targets__combined_random,ADE_vs_floor,hard,eu-locality-126,1110,73.83078926777138,73.83050161725946,-0.00038960931540987787,160.69598223874476,237.31079754913677,160.69598223874476
cv_targets__combined_random,ADE_vs_floor,complete,eu-locality-008,97352,16.34182124291535,16.389412229840747,0.29037641044104,59.00785104941188,120.13555903630997,59.01678952634717
cv_targets__combined_random,ADE_vs_floor,complete,eu-locality-020,364,6.793268278663608,6.891806752673657,1.4297915995949984,22.682718227503177,49.70629992513765,22.682718227503177
cv_targets__combined_random,ADE_vs_floor,complete,eu-locality-048,4716,26.546073370777762,26.563160393487802,0.06432601564319018,91.22372192206632,161.22338275660073,91.22372192206632
cv_targets__combined_random,ADE_vs_floor,complete,eu-locality-067,3417,30.034148108800494,30.057452024112813,0.0775312401517736,92.43888499604662,166.36606324874677,92.43888499604662
cv_targets__combined_random,ADE_vs_floor,complete,eu-locality-074,67309,19.24044966368482,19.28822811110901,0.24770780990852614,63.30668374276514,131.15505879358042,63.36155246962371
cv_targets__combined_random,ADE_vs_floor,complete,eu-locality-082,582,10.360203585845998,10.401712665936916,0.39906005312808634,48.19172118275565,88.77064559267427,48.19172118275565
cv_targets__combined_random,ADE_vs_floor,complete,eu-locality-112,2417,20.702400532070886,20.722018417039262,0.09467168966631467,70.00895081757096,171.1830006493205,70.00895081757096
cv_targets__combined_random,ADE_vs_floor,complete,eu-locality-126,3637,19.312075812585018,19.334572553522406,0.11635499504896174,85.5211371225543,163.85887416785963,85.5211371225543
cv_targets__combined_random,ADE_vs_original,all,eu-locality-008,157961,18.003504580055495,18.002029503738996,-0.008193944556045274,63.855680257712145,131.20549207047296,63.85471877568163
cv_targets__combined_random,ADE_vs_original,all,eu-locality-020,1225,6.468650209532735,6.464799639736198,-0.05956209025983483,20.950455289077674,42.958840384020256,20.950455289077674
cv_targets__combined_random,ADE_vs_original,all,eu-locality-048,8058,26.55528133358769,26.55502487729235,-0.0009657543027064008,89.49939807482255,160.11545465691114,89.49939807482255
cv_targets__combined_random,ADE_vs_original,all,eu-locality-067,6903,28.836913010291834,28.836124907482446,-0.002733039934854631,92.96468374261876,168.56927310186109,92.96468374261876
cv_targets__combined_random,ADE_vs_original,all,eu-locality-074,102348,19.494290718077547,19.485817874848017,-0.04348210213165338,64.33960015483827,132.73311771750846,64.32327120369061
cv_targets__combined_random,ADE_vs_original,all,eu-locality-082,1368,13.538205538517499,13.535905172172901,-0.016994551271865,52.30649963956743,101.91283477915022,52.30649963956743
cv_targets__combined_random,ADE_vs_original,all,eu-locality-112,5004,24.35668638391469,24.353891752992524,-0.011475089692059015,86.2710070848162,186.18759729912014,86.2710070848162
cv_targets__combined_random,ADE_vs_original,all,eu-locality-126,5790,19.625373555165883,19.625273473396696,-0.0005099636920746775,86.5533275336093,157.09863889864567,86.5533275336093
cv_targets__combined_random,ADE_vs_original,easy,eu-locality-008,39889,1.6495407276079288,1.647094835632699,-0.14849733739163984,3.0543535259084056,3.3437721443482546,3.051907770623909
cv_targets__combined_random,ADE_vs_original,easy,eu-locality-020,593,1.2462011045070644,1.2453262707753026,-0.07024935972941293,3.040626325338701,3.3899938472394897,3.040626325338701
cv_targets__combined_random,ADE_vs_original,easy,eu-locality-048,1582,1.6364569441911023,1.636293516441814,-0.009987679328071764,3.0743694701381585,3.380921428523672,3.0743694701381585
cv_targets__combined_random,ADE_vs_original,easy,eu-locality-067,1219,1.5908958178639523,1.590617674418319,-0.01748650540647212,3.0935997711687357,3.3448505278100407,3.0935997711687357
cv_targets__combined_random,ADE_vs_original,easy,eu-locality-074,17048,1.9069152788918877,1.9046603342006048,-0.11839090943368547,3.222870721546701,3.5297290449220857,3.222870721546701
cv_targets__combined_random,ADE_vs_original,easy,eu-locality-082,513,1.5460732405154172,1.5462004828417095,0.008229354970745728,2.97384013935923,3.3963414460134995,2.97384013935923
cv_targets__combined_random,ADE_vs_original,easy,eu-locality-112,571,1.9857674539375036,1.9853536795903686,-0.020841341841948413,3.1756828589252075,3.380427508819609,3.1756828589252075
cv_targets__combined_random,ADE_vs_original,easy,eu-locality-126,2160,1.3658832018688116,1.3654600121595328,-0.030992464481593984,2.942624617246482,3.2666607746245173,2.942624617246482
cv_targets__combined_random,ADE_vs_original,hard,eu-locality-008,28100,60.570190659958584,60.570188122543264,-4.189214863892232e-06,138.37729324495885,231.14803055134072,138.37729324495885
cv_targets__combined_random,ADE_vs_original,hard,eu-locality-020,30,43.951869033620255,43.951869033620255,0.0,64.72063289570352,69.65016417684733,64.72063289570352
cv_targets__combined_random,ADE_vs_original,hard,eu-locality-048,2478,63.81610989740674,63.81610989740674,0.0,138.97729297348553,219.8528418739297,138.97729297348553
cv_targets__combined_random,ADE_vs_original,hard,eu-locality-067,2296,64.8712614079239,64.87130335601644,6.466355749745745e-05,143.40335944857748,213.5382101003649,143.40335944857748
cv_targets__combined_random,ADE_vs_original,hard,eu-locality-074,19310,59.92696928988748,59.889111842955,-0.06321257031118854,136.16340090804525,238.15645757790958,136.04231560184755
cv_targets__combined_random,ADE_vs_original,hard,eu-locality-082,184,55.538763120161185,55.57409669773812,0.06357922067381505,111.15642414153585,199.45076524670506,116.0311931849977
cv_targets__combined_random,ADE_vs_original,hard,eu-locality-112,1153,69.76508397868075,69.76508397868075,0.0,174.675987810338,312.16727648534334,174.675987810338
cv_targets__combined_random,ADE_vs_original,hard,eu-locality-126,1110,73.83078926777138,73.83078926777138,0.0,160.69598223874476,237.31079754913677,160.69598223874476
cv_targets__combined_random,FDE_vs_floor,endpoint,eu-locality-008,121088,35.85159277638425,35.96957473477451,0.32800487428670255,136.95807869338222,281.94720140669045,136.94678016915063
cv_targets__combined_random,FDE_vs_floor,endpoint,eu-locality-020,622,14.496351555054053,14.67889508889477,1.243578162629,54.18434016797015,102.34943144507893,54.18434016797015
cv_targets__combined_random,FDE_vs_floor,endpoint,eu-locality-048,5582,58.81908008786828,58.86627761858265,0.08017753563455132,216.55248685578948,355.4563120785641,216.55248685578948
cv_targets__combined_random,FDE_vs_floor,endpoint,eu-locality-067,4600,64.05866831953128,64.14804098569955,0.13932251834190001,207.16877909819794,394.0447029702928,207.16877909819794
cv_targets__combined_random,FDE_vs_floor,endpoint,eu-locality-074,81289,40.90776238477241,41.035287783577374,0.3107700851948225,139.5610222687429,285.6194538020268,139.8898647808847
cv_targets__combined_random,FDE_vs_floor,endpoint,eu-locality-082,859,25.365932578860654,25.471426904331437,0.41416731723358247,115.16354557853296,234.31504208196256,115.16354557853296
cv_targets__combined_random,FDE_vs_floor,endpoint,eu-locality-112,3719,47.91748535466363,47.968287530342636,0.1059078368117028,180.87314969023402,421.63704764077704,180.87314969023402
cv_targets__combined_random,FDE_vs_floor,endpoint,eu-locality-126,4579,40.06942479412816,40.13090423960287,0.1531972594179365,186.16986536958748,367.4904107537943,186.14679086195613
cv_targets__combined_random,ADE_vs_CV,easy,eu-locality-008,39889,1.6495407276079288,1.791172498853141,7.9072100166732495,3.0543535259084056,3.3437721443482546,3.2504176960159774
cv_targets__combined_random,ADE_vs_CV,easy,eu-locality-020,593,1.2462011045070644,1.2706472215919324,1.923910639354376,3.040626325338701,3.3899938472394897,3.051349724629029
cv_targets__combined_random,ADE_vs_CV,easy,eu-locality-048,1582,1.6364569441911023,1.7551327263969017,6.761641465681512,3.0743694701381585,3.380921428523672,3.2298308573246963
cv_targets__combined_random,ADE_vs_CV,easy,eu-locality-067,1219,1.5908958178639523,1.6528940070695597,3.7508871676245503,3.0935997711687357,3.3448505278100407,3.222473275402277
cv_targets__combined_random,ADE_vs_CV,easy,eu-locality-074,17048,1.9069152788918877,2.0239574238081066,5.782836315598095,3.222870721546701,3.5297290449220857,3.3016095862663026
cv_targets__combined_random,ADE_vs_CV,easy,eu-locality-082,513,1.5460732405154172,1.6221340438704122,4.688934533025025,2.97384013935923,3.3963414460134995,3.137173321764387
cv_targets__combined_random,ADE_vs_CV,easy,eu-locality-112,571,1.9857674539375036,2.110763890677913,5.921857830354704,3.1756828589252075,3.380427508819609,3.3318797717711783
cv_targets__combined_random,ADE_vs_CV,easy,eu-locality-126,2160,1.3658832018688116,1.4931553251754432,8.523702870073302,2.942624617246482,3.2666607746245173,3.15811922069773
floor_both__original,ADE_vs_floor,all,eu-locality-008,157961,18.005129395020038,18.041144590837536,0.1996281091599328,63.85471877568163,131.2383271533595,63.85471877568163
floor_both__original,ADE_vs_floor,all,eu-locality-020,1225,6.465353258438382,6.514432089833121,0.7533861849804868,20.950455289077674,42.958840384020256,20.950455289077674
floor_both__original,ADE_vs_floor,all,eu-locality-048,8058,26.556968655893808,26.568426516120656,0.043125851731928844,89.49939807482255,160.11545465691114,89.49939807482255
floor_both__original,ADE_vs_floor,all,eu-locality-067,6903,28.833202794857574,28.87697837044287,0.15159333855409018,92.96468374261876,168.56927310186109,92.96468374261876
floor_both__original,ADE_vs_floor,all,eu-locality-074,102348,19.490986227252886,19.540144919218633,0.2515779292782905,64.33083864564493,132.62232032113116,64.46142956732993
floor_both__original,ADE_vs_floor,all,eu-locality-082,1368,13.538623494519399,13.564534585131002,0.19102085994167073,52.30649963956743,101.91283477915022,52.30649963956743
floor_both__original,ADE_vs_floor,all,eu-locality-112,5004,24.33956317833267,24.377253499056568,0.1546126626830846,86.2710070848162,185.7800808901213,86.2710070848162
floor_both__original,ADE_vs_floor,all,eu-locality-126,5790,19.63118326300335,19.645962498046178,0.07522784920461767,86.5533275336093,157.09863889864567,86.5533275336093
floor_both__original,ADE_vs_floor,easy,eu-locality-008,39889,1.653080448437078,1.7124634754637011,3.467695975853935,3.054452595187942,3.3433970027016118,3.0954122497682435
floor_both__original,ADE_vs_floor,easy,eu-locality-020,593,1.2473886577744127,1.2667120183194382,1.5254738461124018,3.040626325338701,3.3899938472394897,3.0442506244225767
floor_both__original,ADE_vs_floor,easy,eu-locality-048,1582,1.6406111621563406,1.6796162978639069,2.3222646599209584,3.0750238570913164,3.380921428523672,3.080321842954575
floor_both__original,ADE_vs_floor,easy,eu-locality-067,1219,1.5936806705566084,1.6058934268181635,0.7604960614200129,3.095280966786175,3.3448505278100407,3.1204027321405072
floor_both__original,ADE_vs_floor,easy,eu-locality-074,17048,1.9085907153796902,1.9698182133276747,3.108281644149846,3.2204358095098247,3.5209796996706744,3.248088316777988
floor_both__original,ADE_vs_floor,easy,eu-locality-082,513,1.5511901160775996,1.5717224694033087,1.3063599792846436,2.982245275115995,3.3963414460134995,2.9910454520185303
floor_both__original,ADE_vs_floor,easy,eu-locality-112,571,1.9890147457814562,2.011879820091856,1.136502989992516,3.169041555864979,3.336190259096328,3.1756828589252075
floor_both__original,ADE_vs_floor,easy,eu-locality-126,2160,1.3780487859369481,1.4103792615006157,2.2923249402624135,2.9457781956993268,3.2806749386711767,2.9648916649582264
floor_both__original,ADE_vs_floor,hard,eu-locality-008,28100,60.570922836533484,60.57267643715081,0.0028950357165546947,138.37729324495885,231.14803055134072,138.38282192988999
floor_both__original,ADE_vs_floor,hard,eu-locality-020,30,43.951869033620255,43.951869033620255,0.0,64.72063289570352,69.65016417684733,64.72063289570352
floor_both__original,ADE_vs_floor,hard,eu-locality-048,2478,63.81578764250422,63.81613301956246,0.0005412064973175923,138.97729297348553,219.8528418739297,138.97729297348553
floor_both__original,ADE_vs_floor,hard,eu-locality-067,2296,64.8614619075334,64.95146996619232,0.13857740048959233,143.40335944857748,213.5382101003649,143.40335944857748
floor_both__original,ADE_vs_floor,hard,eu-locality-074,19310,59.918264999028594,60.00555441541746,0.14546889407031083,136.1240287777267,238.5338149034194,136.34580362984687
floor_both__original,ADE_vs_floor,hard,eu-locality-082,184,55.60846369333075,55.56439239170911,-0.07931572671748821,116.0311931849977,199.45076524670506,111.15642414153585
floor_both__original,ADE_vs_floor,hard,eu-locality-112,1153,69.7087177225217,69.78349615436602,0.10715776073888517,173.29575179437632,312.16727648534334,174.675987810338
floor_both__original,ADE_vs_floor,hard,eu-locality-126,1110,73.83029068375596,73.83050161725946,0.0002856996754396768,160.69598223874476,237.31079754913677,160.69598223874476
floor_both__original,ADE_vs_floor,complete,eu-locality-008,97352,16.343297202431728,16.389412229840747,0.28137084333662576,59.0033895767466,120.24155132052708,59.01678952634717
floor_both__original,ADE_vs_floor,complete,eu-locality-020,364,6.79175185244143,6.891806752673657,1.4517949185590684,22.682718227503177,49.70629992513765,22.682718227503177
floor_both__original,ADE_vs_floor,complete,eu-locality-048,4716,26.54853482995225,26.563160393487802,0.055059576190863435,91.22372192206632,161.22338275660073,91.22372192206632
floor_both__original,ADE_vs_floor,complete,eu-locality-067,3417,30.039208596781766,30.057452024112813,0.06069518905464921,92.43888499604662,166.36606324874677,92.43888499604662
floor_both__original,ADE_vs_floor,complete,eu-locality-074,67309,19.23710212167518,19.28822811110901,0.26506317293285564,63.30668374276514,131.15505879358042,63.36155246962371
floor_both__original,ADE_vs_floor,complete,eu-locality-082,582,10.342472554577952,10.401712665936916,0.5695226667139175,48.19172118275565,88.77064559267427,48.19172118275565
floor_both__original,ADE_vs_floor,complete,eu-locality-112,2417,20.671000872395705,20.722018417039262,0.24619968777561674,70.00895081757096,166.89078526843704,70.00895081757096
floor_both__original,ADE_vs_floor,complete,eu-locality-126,3637,19.317877755525448,19.334572553522406,0.08634686880583109,85.5211371225543,163.85887416785963,85.5211371225543
floor_both__original,ADE_vs_original,all,eu-locality-008,157961,18.005129395020038,18.005129395020038,0.0,63.85471877568163,131.2383271533595,63.85471877568163
floor_both__original,ADE_vs_original,all,eu-locality-020,1225,6.465353258438382,6.465353258438382,0.0,20.950455289077674,42.958840384020256,20.950455289077674
floor_both__original,ADE_vs_original,all,eu-locality-048,8058,26.556968655893808,26.556968655893808,0.0,89.49939807482255,160.11545465691114,89.49939807482255
floor_both__original,ADE_vs_original,all,eu-locality-067,6903,28.833202794857574,28.833202794857574,0.0,92.96468374261876,168.56927310186109,92.96468374261876
floor_both__original,ADE_vs_original,all,eu-locality-074,102348,19.490986227252886,19.490986227252886,0.0,64.33083864564493,132.62232032113116,64.33083864564493
floor_both__original,ADE_vs_original,all,eu-locality-082,1368,13.538623494519399,13.538623494519399,0.0,52.30649963956743,101.91283477915022,52.30649963956743
floor_both__original,ADE_vs_original,all,eu-locality-112,5004,24.33956317833267,24.33956317833267,0.0,86.2710070848162,185.7800808901213,86.2710070848162
floor_both__original,ADE_vs_original,all,eu-locality-126,5790,19.63118326300335,19.63118326300335,0.0,86.5533275336093,157.09863889864567,86.5533275336093
floor_both__original,ADE_vs_original,easy,eu-locality-008,39889,1.653080448437078,1.653080448437078,0.0,3.054452595187942,3.3433970027016118,3.054452595187942
floor_both__original,ADE_vs_original,easy,eu-locality-020,593,1.2473886577744127,1.2473886577744127,0.0,3.040626325338701,3.3899938472394897,3.040626325338701
floor_both__original,ADE_vs_original,easy,eu-locality-048,1582,1.6406111621563406,1.6406111621563406,0.0,3.0750238570913164,3.380921428523672,3.0750238570913164
floor_both__original,ADE_vs_original,easy,eu-locality-067,1219,1.5936806705566084,1.5936806705566084,0.0,3.095280966786175,3.3448505278100407,3.095280966786175
floor_both__original,ADE_vs_original,easy,eu-locality-074,17048,1.9085907153796902,1.9085907153796902,0.0,3.2204358095098247,3.5209796996706744,3.2204358095098247
floor_both__original,ADE_vs_original,easy,eu-locality-082,513,1.5511901160775996,1.5511901160775996,0.0,2.982245275115995,3.3963414460134995,2.982245275115995
floor_both__original,ADE_vs_original,easy,eu-locality-112,571,1.9890147457814562,1.9890147457814562,0.0,3.169041555864979,3.336190259096328,3.169041555864979
floor_both__original,ADE_vs_original,easy,eu-locality-126,2160,1.3780487859369481,1.3780487859369481,0.0,2.9457781956993268,3.2806749386711767,2.9457781956993268
floor_both__original,ADE_vs_original,hard,eu-locality-008,28100,60.570922836533484,60.570922836533484,0.0,138.37729324495885,231.14803055134072,138.37729324495885
floor_both__original,ADE_vs_original,hard,eu-locality-020,30,43.951869033620255,43.951869033620255,0.0,64.72063289570352,69.65016417684733,64.72063289570352
floor_both__original,ADE_vs_original,hard,eu-locality-048,2478,63.81578764250422,63.81578764250422,0.0,138.97729297348553,219.8528418739297,138.97729297348553
floor_both__original,ADE_vs_original,hard,eu-locality-067,2296,64.8614619075334,64.8614619075334,0.0,143.40335944857748,213.5382101003649,143.40335944857748
floor_both__original,ADE_vs_original,hard,eu-locality-074,19310,59.918264999028594,59.918264999028594,0.0,136.1240287777267,238.5338149034194,136.1240287777267
floor_both__original,ADE_vs_original,hard,eu-locality-082,184,55.60846369333075,55.60846369333075,0.0,116.0311931849977,199.45076524670506,116.0311931849977
floor_both__original,ADE_vs_original,hard,eu-locality-112,1153,69.7087177225217,69.7087177225217,0.0,173.29575179437632,312.16727648534334,173.29575179437632
floor_both__original,ADE_vs_original,hard,eu-locality-126,1110,73.83029068375596,73.83029068375596,0.0,160.69598223874476,237.31079754913677,160.69598223874476
floor_both__original,FDE_vs_floor,endpoint,eu-locality-008,121088,35.855695948505016,35.96957473477451,0.3165975330795323,136.95226757430473,281.94720140669045,136.94678016915063
floor_both__original,FDE_vs_floor,endpoint,eu-locality-020,622,14.481146958392756,14.67889508889477,1.3471595055653651,54.18434016797015,102.34943144507893,54.18434016797015
floor_both__original,FDE_vs_floor,endpoint,eu-locality-048,5582,58.82474014479435,58.86627761858265,0.07056242634779775,216.55248685578948,355.4563120785641,216.55248685578948
floor_both__original,FDE_vs_floor,endpoint,eu-locality-067,4600,64.05688672617028,64.14804098569955,0.14209983364822376,207.16877909819794,394.0447029702928,207.16877909819794
floor_both__original,FDE_vs_floor,endpoint,eu-locality-074,81289,40.89922179588618,41.035287783577374,0.3315828766909501,139.5610222687429,285.6624090885739,139.8898647808847
floor_both__original,FDE_vs_floor,endpoint,eu-locality-082,859,25.3301385475581,25.471426904331437,0.5546935289648447,115.16354557853296,234.31504208196256,115.16354557853296
floor_both__original,FDE_vs_floor,endpoint,eu-locality-112,3719,47.86453278303376,47.968287530342636,0.21629862696942448,180.87314969023402,421.63704764077704,180.87314969023402
floor_both__original,FDE_vs_floor,endpoint,eu-locality-126,4579,40.0857010148571,40.13090423960287,0.11263943736697923,186.14679086195613,367.4904107537943,186.14679086195613
floor_both__original,ADE_vs_CV,easy,eu-locality-008,39889,1.653080448437078,1.791172498853141,7.709589696384967,3.054452595187942,3.3433970027016118,3.2504176960159774
floor_both__original,ADE_vs_CV,easy,eu-locality-020,593,1.2473886577744127,1.2706472215919324,1.830450137716455,3.040626325338701,3.3899938472394897,3.051349724629029
floor_both__original,ADE_vs_CV,easy,eu-locality-048,1582,1.6406111621563406,1.7551327263969017,6.524951789581257,3.0750238570913164,3.380921428523672,3.2298308573246963
floor_both__original,ADE_vs_CV,easy,eu-locality-067,1219,1.5936806705566084,1.6528940070695597,3.582403727020067,3.095280966786175,3.3448505278100407,3.222473275402277
floor_both__original,ADE_vs_CV,easy,eu-locality-074,17048,1.9085907153796902,2.0239574238081066,5.700056091661865,3.2204358095098247,3.5209796996706744,3.3016095862663026
floor_both__original,ADE_vs_CV,easy,eu-locality-082,513,1.5511901160775996,1.6221340438704122,4.37349355072657,2.982245275115995,3.3963414460134995,3.137173321764387
floor_both__original,ADE_vs_CV,easy,eu-locality-112,571,1.9890147457814562,2.110763890677913,5.768013439786235,3.169041555864979,3.336190259096328,3.3318797717711783
floor_both__original,ADE_vs_CV,easy,eu-locality-126,2160,1.3780487859369481,1.4931553251754432,7.7089461021056405,2.9457781956993268,3.2806749386711767,3.15811922069773
floor_both__stop,ADE_vs_floor,all,eu-locality-008,157961,18.00512704448594,18.041144590837536,0.19964113790147398,63.85471877568163,131.2383271533595,63.85471877568163
floor_both__stop,ADE_vs_floor,all,eu-locality-020,1225,6.465353258438382,6.514432089833121,0.7533861849804868,20.950455289077674,42.958840384020256,20.950455289077674
floor_both__stop,ADE_vs_floor,all,eu-locality-048,8058,26.556968655893808,26.568426516120656,0.043125851731928844,89.49939807482255,160.11545465691114,89.49939807482255
floor_both__stop,ADE_vs_floor,all,eu-locality-067,6903,28.833202794857574,28.87697837044287,0.15159333855409018,92.96468374261876,168.56927310186109,92.96468374261876
floor_both__stop,ADE_vs_floor,all,eu-locality-074,102348,19.490986227252886,19.540144919218633,0.2515779292782905,64.33083864564493,132.62232032113116,64.46142956732993
floor_both__stop,ADE_vs_floor,all,eu-locality-082,1368,13.538623494519399,13.564534585131002,0.19102085994167073,52.30649963956743,101.91283477915022,52.30649963956743
floor_both__stop,ADE_vs_floor,all,eu-locality-112,5004,24.33956317833267,24.377253499056568,0.1546126626830846,86.2710070848162,185.7800808901213,86.2710070848162
floor_both__stop,ADE_vs_floor,all,eu-locality-126,5790,19.63118326300335,19.645962498046178,0.07522784920461767,86.5533275336093,157.09863889864567,86.5533275336093
floor_both__stop,ADE_vs_floor,easy,eu-locality-008,39889,1.6530734425767994,1.7124634754637011,3.468105085909645,3.054452595187942,3.3433970027016118,3.0954122497682435
floor_both__stop,ADE_vs_floor,easy,eu-locality-020,593,1.2473886577744127,1.2667120183194382,1.5254738461124018,3.040626325338701,3.3899938472394897,3.0442506244225767
floor_both__stop,ADE_vs_floor,easy,eu-locality-048,1582,1.6406111621563406,1.6796162978639069,2.3222646599209584,3.0750238570913164,3.380921428523672,3.080321842954575
floor_both__stop,ADE_vs_floor,easy,eu-locality-067,1219,1.5936806705566084,1.6058934268181635,0.7604960614200129,3.095280966786175,3.3448505278100407,3.1204027321405072
floor_both__stop,ADE_vs_floor,easy,eu-locality-074,17048,1.9085907153796902,1.9698182133276747,3.108281644149846,3.2204358095098247,3.5209796996706744,3.248088316777988
floor_both__stop,ADE_vs_floor,easy,eu-locality-082,513,1.5511901160775996,1.5717224694033087,1.3063599792846436,2.982245275115995,3.3963414460134995,2.9910454520185303
floor_both__stop,ADE_vs_floor,easy,eu-locality-112,571,1.9890147457814562,2.011879820091856,1.136502989992516,3.169041555864979,3.336190259096328,3.1756828589252075
floor_both__stop,ADE_vs_floor,easy,eu-locality-126,2160,1.3780487859369481,1.4103792615006157,2.2923249402624135,2.9457781956993268,3.2806749386711767,2.9648916649582264
floor_both__stop,ADE_vs_floor,hard,eu-locality-008,28100,60.57089015172558,60.57267643715081,0.0029489953726646867,138.37729324495885,231.14803055134072,138.38282192988999
floor_both__stop,ADE_vs_floor,hard,eu-locality-020,30,43.951869033620255,43.951869033620255,0.0,64.72063289570352,69.65016417684733,64.72063289570352
floor_both__stop,ADE_vs_floor,hard,eu-locality-048,2478,63.81578764250422,63.81613301956246,0.0005412064973175923,138.97729297348553,219.8528418739297,138.97729297348553
floor_both__stop,ADE_vs_floor,hard,eu-locality-067,2296,64.8614619075334,64.95146996619232,0.13857740048959233,143.40335944857748,213.5382101003649,143.40335944857748
floor_both__stop,ADE_vs_floor,hard,eu-locality-074,19310,59.918264999028594,60.00555441541746,0.14546889407031083,136.1240287777267,238.5338149034194,136.34580362984687
floor_both__stop,ADE_vs_floor,hard,eu-locality-082,184,55.60846369333075,55.56439239170911,-0.07931572671748821,116.0311931849977,199.45076524670506,111.15642414153585
floor_both__stop,ADE_vs_floor,hard,eu-locality-112,1153,69.7087177225217,69.78349615436602,0.10715776073888517,173.29575179437632,312.16727648534334,174.675987810338
floor_both__stop,ADE_vs_floor,hard,eu-locality-126,1110,73.83029068375596,73.83050161725946,0.0002856996754396768,160.69598223874476,237.31079754913677,160.69598223874476
floor_both__stop,ADE_vs_floor,complete,eu-locality-008,97352,16.343295940988266,16.389412229840747,0.2813785400340052,59.0033895767466,120.24155132052708,59.01678952634717
floor_both__stop,ADE_vs_floor,complete,eu-locality-020,364,6.79175185244143,6.891806752673657,1.4517949185590684,22.682718227503177,49.70629992513765,22.682718227503177
floor_both__stop,ADE_vs_floor,complete,eu-locality-048,4716,26.54853482995225,26.563160393487802,0.055059576190863435,91.22372192206632,161.22338275660073,91.22372192206632
floor_both__stop,ADE_vs_floor,complete,eu-locality-067,3417,30.039208596781766,30.057452024112813,0.06069518905464921,92.43888499604662,166.36606324874677,92.43888499604662
floor_both__stop,ADE_vs_floor,complete,eu-locality-074,67309,19.23710212167518,19.28822811110901,0.26506317293285564,63.30668374276514,131.15505879358042,63.36155246962371
floor_both__stop,ADE_vs_floor,complete,eu-locality-082,582,10.342472554577952,10.401712665936916,0.5695226667139175,48.19172118275565,88.77064559267427,48.19172118275565
floor_both__stop,ADE_vs_floor,complete,eu-locality-112,2417,20.671000872395705,20.722018417039262,0.24619968777561674,70.00895081757096,166.89078526843704,70.00895081757096
floor_both__stop,ADE_vs_floor,complete,eu-locality-126,3637,19.317877755525448,19.334572553522406,0.08634686880583109,85.5211371225543,163.85887416785963,85.5211371225543
floor_both__stop,ADE_vs_original,all,eu-locality-008,157961,18.00512704448594,18.005129395020038,1.3054802594503201e-05,63.85471877568163,131.2383271533595,63.85471877568163
floor_both__stop,ADE_vs_original,all,eu-locality-020,1225,6.465353258438382,6.465353258438382,0.0,20.950455289077674,42.958840384020256,20.950455289077674
floor_both__stop,ADE_vs_original,all,eu-locality-048,8058,26.556968655893808,26.556968655893808,0.0,89.49939807482255,160.11545465691114,89.49939807482255
floor_both__stop,ADE_vs_original,all,eu-locality-067,6903,28.833202794857574,28.833202794857574,0.0,92.96468374261876,168.56927310186109,92.96468374261876
floor_both__stop,ADE_vs_original,all,eu-locality-074,102348,19.490986227252886,19.490986227252886,0.0,64.33083864564493,132.62232032113116,64.33083864564493
floor_both__stop,ADE_vs_original,all,eu-locality-082,1368,13.538623494519399,13.538623494519399,0.0,52.30649963956743,101.91283477915022,52.30649963956743
floor_both__stop,ADE_vs_original,all,eu-locality-112,5004,24.33956317833267,24.33956317833267,0.0,86.2710070848162,185.7800808901213,86.2710070848162
floor_both__stop,ADE_vs_original,all,eu-locality-126,5790,19.63118326300335,19.63118326300335,0.0,86.5533275336093,157.09863889864567,86.5533275336093
floor_both__stop,ADE_vs_original,easy,eu-locality-008,39889,1.6530734425767994,1.653080448437078,0.000423806372229496,3.054452595187942,3.3433970027016118,3.054452595187942
floor_both__stop,ADE_vs_original,easy,eu-locality-020,593,1.2473886577744127,1.2473886577744127,0.0,3.040626325338701,3.3899938472394897,3.040626325338701
floor_both__stop,ADE_vs_original,easy,eu-locality-048,1582,1.6406111621563406,1.6406111621563406,0.0,3.0750238570913164,3.380921428523672,3.0750238570913164
floor_both__stop,ADE_vs_original,easy,eu-locality-067,1219,1.5936806705566084,1.5936806705566084,0.0,3.095280966786175,3.3448505278100407,3.095280966786175
floor_both__stop,ADE_vs_original,easy,eu-locality-074,17048,1.9085907153796902,1.9085907153796902,0.0,3.2204358095098247,3.5209796996706744,3.2204358095098247
floor_both__stop,ADE_vs_original,easy,eu-locality-082,513,1.5511901160775996,1.5511901160775996,0.0,2.982245275115995,3.3963414460134995,2.982245275115995
floor_both__stop,ADE_vs_original,easy,eu-locality-112,571,1.9890147457814562,1.9890147457814562,0.0,3.169041555864979,3.336190259096328,3.169041555864979
floor_both__stop,ADE_vs_original,easy,eu-locality-126,2160,1.3780487859369481,1.3780487859369481,0.0,2.9457781956993268,3.2806749386711767,2.9457781956993268
floor_both__stop,ADE_vs_original,hard,eu-locality-008,28100,60.57089015172558,60.570922836533484,5.396121831591216e-05,138.37729324495885,231.14803055134072,138.37729324495885
floor_both__stop,ADE_vs_original,hard,eu-locality-020,30,43.951869033620255,43.951869033620255,0.0,64.72063289570352,69.65016417684733,64.72063289570352
floor_both__stop,ADE_vs_original,hard,eu-locality-048,2478,63.81578764250422,63.81578764250422,0.0,138.97729297348553,219.8528418739297,138.97729297348553
floor_both__stop,ADE_vs_original,hard,eu-locality-067,2296,64.8614619075334,64.8614619075334,0.0,143.40335944857748,213.5382101003649,143.40335944857748
floor_both__stop,ADE_vs_original,hard,eu-locality-074,19310,59.918264999028594,59.918264999028594,0.0,136.1240287777267,238.5338149034194,136.1240287777267
floor_both__stop,ADE_vs_original,hard,eu-locality-082,184,55.60846369333075,55.60846369333075,0.0,116.0311931849977,199.45076524670506,116.0311931849977
floor_both__stop,ADE_vs_original,hard,eu-locality-112,1153,69.7087177225217,69.7087177225217,0.0,173.29575179437632,312.16727648534334,173.29575179437632
floor_both__stop,ADE_vs_original,hard,eu-locality-126,1110,73.83029068375596,73.83029068375596,0.0,160.69598223874476,237.31079754913677,160.69598223874476
floor_both__stop,FDE_vs_floor,endpoint,eu-locality-008,121088,35.85569079921111,35.96957473477451,0.3166118487725744,136.95226757430473,281.94720140669045,136.94678016915063
floor_both__stop,FDE_vs_floor,endpoint,eu-locality-020,622,14.481146958392756,14.67889508889477,1.3471595055653651,54.18434016797015,102.34943144507893,54.18434016797015
floor_both__stop,FDE_vs_floor,endpoint,eu-locality-048,5582,58.82474014479435,58.86627761858265,0.07056242634779775,216.55248685578948,355.4563120785641,216.55248685578948
floor_both__stop,FDE_vs_floor,endpoint,eu-locality-067,4600,64.05688672617028,64.14804098569955,0.14209983364822376,207.16877909819794,394.0447029702928,207.16877909819794
floor_both__stop,FDE_vs_floor,endpoint,eu-locality-074,81289,40.89922179588618,41.035287783577374,0.3315828766909501,139.5610222687429,285.6624090885739,139.8898647808847
floor_both__stop,FDE_vs_floor,endpoint,eu-locality-082,859,25.3301385475581,25.471426904331437,0.5546935289648447,115.16354557853296,234.31504208196256,115.16354557853296
floor_both__stop,FDE_vs_floor,endpoint,eu-locality-112,3719,47.86453278303376,47.968287530342636,0.21629862696942448,180.87314969023402,421.63704764077704,180.87314969023402
floor_both__stop,FDE_vs_floor,endpoint,eu-locality-126,4579,40.0857010148571,40.13090423960287,0.11263943736697923,186.14679086195613,367.4904107537943,186.14679086195613
floor_both__stop,ADE_vs_CV,easy,eu-locality-008,39889,1.6530734425767994,1.791172498853141,7.709980829024799,3.054452595187942,3.3433970027016118,3.2504176960159774
floor_both__stop,ADE_vs_CV,easy,eu-locality-020,593,1.2473886577744127,1.2706472215919324,1.830450137716455,3.040626325338701,3.3899938472394897,3.051349724629029
floor_both__stop,ADE_vs_CV,easy,eu-locality-048,1582,1.6406111621563406,1.7551327263969017,6.524951789581257,3.0750238570913164,3.380921428523672,3.2298308573246963
floor_both__stop,ADE_vs_CV,easy,eu-locality-067,1219,1.5936806705566084,1.6528940070695597,3.582403727020067,3.095280966786175,3.3448505278100407,3.222473275402277
floor_both__stop,ADE_vs_CV,easy,eu-locality-074,17048,1.9085907153796902,2.0239574238081066,5.700056091661865,3.2204358095098247,3.5209796996706744,3.3016095862663026
floor_both__stop,ADE_vs_CV,easy,eu-locality-082,513,1.5511901160775996,1.6221340438704122,4.37349355072657,2.982245275115995,3.3963414460134995,3.137173321764387
floor_both__stop,ADE_vs_CV,easy,eu-locality-112,571,1.9890147457814562,2.110763890677913,5.768013439786235,3.169041555864979,3.336190259096328,3.3318797717711783
floor_both__stop,ADE_vs_CV,easy,eu-locality-126,2160,1.3780487859369481,1.4931553251754432,7.7089461021056405,2.9457781956993268,3.2806749386711767,3.15811922069773
floor_both__stop,matched_risk,all,eu-locality-008,157961,18.00512704448594,18.00512704448594,0.0,63.85471877568163,131.2383271533595,63.85471877568163
floor_both__stop,matched_risk,all,eu-locality-020,1225,6.465353258438382,6.465353258438382,0.0,20.950455289077674,42.958840384020256,20.950455289077674
floor_both__stop,matched_risk,all,eu-locality-048,8058,26.556968655893808,26.556968655893808,0.0,89.49939807482255,160.11545465691114,89.49939807482255
floor_both__stop,matched_risk,all,eu-locality-067,6903,28.833202794857574,28.833202794857574,0.0,92.96468374261876,168.56927310186109,92.96468374261876
floor_both__stop,matched_risk,all,eu-locality-074,102348,19.490986227252886,19.490986227252886,0.0,64.33083864564493,132.62232032113116,64.33083864564493
floor_both__stop,matched_risk,all,eu-locality-082,1368,13.538623494519399,13.538623494519399,0.0,52.30649963956743,101.91283477915022,52.30649963956743
floor_both__stop,matched_risk,all,eu-locality-112,5004,24.33956317833267,24.33956317833267,0.0,86.2710070848162,185.7800808901213,86.2710070848162
floor_both__stop,matched_risk,all,eu-locality-126,5790,19.63118326300335,19.63118326300335,0.0,86.5533275336093,157.09863889864567,86.5533275336093
floor_both__stop,matched_risk,easy,eu-locality-008,39889,1.6530734425767994,1.6530734425767994,0.0,3.054452595187942,3.3433970027016118,3.054452595187942
floor_both__stop,matched_risk,easy,eu-locality-020,593,1.2473886577744127,1.2473886577744127,0.0,3.040626325338701,3.3899938472394897,3.040626325338701
floor_both__stop,matched_risk,easy,eu-locality-048,1582,1.6406111621563406,1.6406111621563406,0.0,3.0750238570913164,3.380921428523672,3.0750238570913164
floor_both__stop,matched_risk,easy,eu-locality-067,1219,1.5936806705566084,1.5936806705566084,0.0,3.095280966786175,3.3448505278100407,3.095280966786175
floor_both__stop,matched_risk,easy,eu-locality-074,17048,1.9085907153796902,1.9085907153796902,0.0,3.2204358095098247,3.5209796996706744,3.2204358095098247
floor_both__stop,matched_risk,easy,eu-locality-082,513,1.5511901160775996,1.5511901160775996,0.0,2.982245275115995,3.3963414460134995,2.982245275115995
floor_both__stop,matched_risk,easy,eu-locality-112,571,1.9890147457814562,1.9890147457814562,0.0,3.169041555864979,3.336190259096328,3.169041555864979
floor_both__stop,matched_risk,easy,eu-locality-126,2160,1.3780487859369481,1.3780487859369481,0.0,2.9457781956993268,3.2806749386711767,2.9457781956993268
floor_both__stop,matched_risk,hard,eu-locality-008,28100,60.57089015172558,60.57089015172558,0.0,138.37729324495885,231.14803055134072,138.37729324495885
floor_both__stop,matched_risk,hard,eu-locality-020,30,43.951869033620255,43.951869033620255,0.0,64.72063289570352,69.65016417684733,64.72063289570352
floor_both__stop,matched_risk,hard,eu-locality-048,2478,63.81578764250422,63.81578764250422,0.0,138.97729297348553,219.8528418739297,138.97729297348553
floor_both__stop,matched_risk,hard,eu-locality-067,2296,64.8614619075334,64.8614619075334,0.0,143.40335944857748,213.5382101003649,143.40335944857748
floor_both__stop,matched_risk,hard,eu-locality-074,19310,59.918264999028594,59.918264999028594,0.0,136.1240287777267,238.5338149034194,136.1240287777267
floor_both__stop,matched_risk,hard,eu-locality-082,184,55.60846369333075,55.60846369333075,0.0,116.0311931849977,199.45076524670506,116.0311931849977
floor_both__stop,matched_risk,hard,eu-locality-112,1153,69.7087177225217,69.7087177225217,0.0,173.29575179437632,312.16727648534334,173.29575179437632
floor_both__stop,matched_risk,hard,eu-locality-126,1110,73.83029068375596,73.83029068375596,0.0,160.69598223874476,237.31079754913677,160.69598223874476
floor_both__stop,matched_risk,complete,eu-locality-008,97352,16.343295940988266,16.343295940988266,0.0,59.0033895767466,120.24155132052708,59.0033895767466
floor_both__stop,matched_risk,complete,eu-locality-020,364,6.79175185244143,6.79175185244143,0.0,22.682718227503177,49.70629992513765,22.682718227503177
floor_both__stop,matched_risk,complete,eu-locality-048,4716,26.54853482995225,26.54853482995225,0.0,91.22372192206632,161.22338275660073,91.22372192206632
floor_both__stop,matched_risk,complete,eu-locality-067,3417,30.039208596781766,30.039208596781766,0.0,92.43888499604662,166.36606324874677,92.43888499604662
floor_both__stop,matched_risk,complete,eu-locality-074,67309,19.23710212167518,19.23710212167518,0.0,63.30668374276514,131.15505879358042,63.30668374276514
floor_both__stop,matched_risk,complete,eu-locality-082,582,10.342472554577952,10.342472554577952,0.0,48.19172118275565,88.77064559267427,48.19172118275565
floor_both__stop,matched_risk,complete,eu-locality-112,2417,20.671000872395705,20.671000872395705,0.0,70.00895081757096,166.89078526843704,70.00895081757096
floor_both__stop,matched_risk,complete,eu-locality-126,3637,19.317877755525448,19.317877755525448,0.0,85.5211371225543,163.85887416785963,85.5211371225543
floor_both__stop,matched_random,all,eu-locality-008,157961,18.00512704448594,18.00512704448594,0.0,63.85471877568163,131.2383271533595,63.85471877568163
floor_both__stop,matched_random,all,eu-locality-020,1225,6.465353258438382,6.465353258438382,0.0,20.950455289077674,42.958840384020256,20.950455289077674
floor_both__stop,matched_random,all,eu-locality-048,8058,26.556968655893808,26.556968655893808,0.0,89.49939807482255,160.11545465691114,89.49939807482255
floor_both__stop,matched_random,all,eu-locality-067,6903,28.833202794857574,28.833202794857574,0.0,92.96468374261876,168.56927310186109,92.96468374261876
floor_both__stop,matched_random,all,eu-locality-074,102348,19.490986227252886,19.490986227252886,0.0,64.33083864564493,132.62232032113116,64.33083864564493
floor_both__stop,matched_random,all,eu-locality-082,1368,13.538623494519399,13.538623494519399,0.0,52.30649963956743,101.91283477915022,52.30649963956743
floor_both__stop,matched_random,all,eu-locality-112,5004,24.33956317833267,24.33956317833267,0.0,86.2710070848162,185.7800808901213,86.2710070848162
floor_both__stop,matched_random,all,eu-locality-126,5790,19.63118326300335,19.63118326300335,0.0,86.5533275336093,157.09863889864567,86.5533275336093
floor_both__stop,matched_random,easy,eu-locality-008,39889,1.6530734425767994,1.6530734425767994,0.0,3.054452595187942,3.3433970027016118,3.054452595187942
floor_both__stop,matched_random,easy,eu-locality-020,593,1.2473886577744127,1.2473886577744127,0.0,3.040626325338701,3.3899938472394897,3.040626325338701
floor_both__stop,matched_random,easy,eu-locality-048,1582,1.6406111621563406,1.6406111621563406,0.0,3.0750238570913164,3.380921428523672,3.0750238570913164
floor_both__stop,matched_random,easy,eu-locality-067,1219,1.5936806705566084,1.5936806705566084,0.0,3.095280966786175,3.3448505278100407,3.095280966786175
floor_both__stop,matched_random,easy,eu-locality-074,17048,1.9085907153796902,1.9085907153796902,0.0,3.2204358095098247,3.5209796996706744,3.2204358095098247
floor_both__stop,matched_random,easy,eu-locality-082,513,1.5511901160775996,1.5511901160775996,0.0,2.982245275115995,3.3963414460134995,2.982245275115995
floor_both__stop,matched_random,easy,eu-locality-112,571,1.9890147457814562,1.9890147457814562,0.0,3.169041555864979,3.336190259096328,3.169041555864979
floor_both__stop,matched_random,easy,eu-locality-126,2160,1.3780487859369481,1.3780487859369481,0.0,2.9457781956993268,3.2806749386711767,2.9457781956993268
floor_both__stop,matched_random,hard,eu-locality-008,28100,60.57089015172558,60.57089015172558,0.0,138.37729324495885,231.14803055134072,138.37729324495885
floor_both__stop,matched_random,hard,eu-locality-020,30,43.951869033620255,43.951869033620255,0.0,64.72063289570352,69.65016417684733,64.72063289570352
floor_both__stop,matched_random,hard,eu-locality-048,2478,63.81578764250422,63.81578764250422,0.0,138.97729297348553,219.8528418739297,138.97729297348553
floor_both__stop,matched_random,hard,eu-locality-067,2296,64.8614619075334,64.8614619075334,0.0,143.40335944857748,213.5382101003649,143.40335944857748
floor_both__stop,matched_random,hard,eu-locality-074,19310,59.918264999028594,59.918264999028594,0.0,136.1240287777267,238.5338149034194,136.1240287777267
floor_both__stop,matched_random,hard,eu-locality-082,184,55.60846369333075,55.60846369333075,0.0,116.0311931849977,199.45076524670506,116.0311931849977
floor_both__stop,matched_random,hard,eu-locality-112,1153,69.7087177225217,69.7087177225217,0.0,173.29575179437632,312.16727648534334,173.29575179437632
floor_both__stop,matched_random,hard,eu-locality-126,1110,73.83029068375596,73.83029068375596,0.0,160.69598223874476,237.31079754913677,160.69598223874476
floor_both__stop,matched_random,complete,eu-locality-008,97352,16.343295940988266,16.343295940988266,0.0,59.0033895767466,120.24155132052708,59.0033895767466
floor_both__stop,matched_random,complete,eu-locality-020,364,6.79175185244143,6.79175185244143,0.0,22.682718227503177,49.70629992513765,22.682718227503177
floor_both__stop,matched_random,complete,eu-locality-048,4716,26.54853482995225,26.54853482995225,0.0,91.22372192206632,161.22338275660073,91.22372192206632
floor_both__stop,matched_random,complete,eu-locality-067,3417,30.039208596781766,30.039208596781766,0.0,92.43888499604662,166.36606324874677,92.43888499604662
floor_both__stop,matched_random,complete,eu-locality-074,67309,19.23710212167518,19.23710212167518,0.0,63.30668374276514,131.15505879358042,63.30668374276514
floor_both__stop,matched_random,complete,eu-locality-082,582,10.342472554577952,10.342472554577952,0.0,48.19172118275565,88.77064559267427,48.19172118275565
floor_both__stop,matched_random,complete,eu-locality-112,2417,20.671000872395705,20.671000872395705,0.0,70.00895081757096,166.89078526843704,70.00895081757096
floor_both__stop,matched_random,complete,eu-locality-126,3637,19.317877755525448,19.317877755525448,0.0,85.5211371225543,163.85887416785963,85.5211371225543
floor_both__stop_risk,ADE_vs_floor,all,eu-locality-008,157961,18.00512704448594,18.041144590837536,0.19964113790147398,63.85471877568163,131.2383271533595,63.85471877568163
floor_both__stop_risk,ADE_vs_floor,all,eu-locality-020,1225,6.465353258438382,6.514432089833121,0.7533861849804868,20.950455289077674,42.958840384020256,20.950455289077674
floor_both__stop_risk,ADE_vs_floor,all,eu-locality-048,8058,26.556968655893808,26.568426516120656,0.043125851731928844,89.49939807482255,160.11545465691114,89.49939807482255
floor_both__stop_risk,ADE_vs_floor,all,eu-locality-067,6903,28.833202794857574,28.87697837044287,0.15159333855409018,92.96468374261876,168.56927310186109,92.96468374261876
floor_both__stop_risk,ADE_vs_floor,all,eu-locality-074,102348,19.490986227252886,19.540144919218633,0.2515779292782905,64.33083864564493,132.62232032113116,64.46142956732993
floor_both__stop_risk,ADE_vs_floor,all,eu-locality-082,1368,13.538623494519399,13.564534585131002,0.19102085994167073,52.30649963956743,101.91283477915022,52.30649963956743
floor_both__stop_risk,ADE_vs_floor,all,eu-locality-112,5004,24.33956317833267,24.377253499056568,0.1546126626830846,86.2710070848162,185.7800808901213,86.2710070848162
floor_both__stop_risk,ADE_vs_floor,all,eu-locality-126,5790,19.63118326300335,19.645962498046178,0.07522784920461767,86.5533275336093,157.09863889864567,86.5533275336093
floor_both__stop_risk,ADE_vs_floor,easy,eu-locality-008,39889,1.6530734425767994,1.7124634754637011,3.468105085909645,3.054452595187942,3.3433970027016118,3.0954122497682435
floor_both__stop_risk,ADE_vs_floor,easy,eu-locality-020,593,1.2473886577744127,1.2667120183194382,1.5254738461124018,3.040626325338701,3.3899938472394897,3.0442506244225767
floor_both__stop_risk,ADE_vs_floor,easy,eu-locality-048,1582,1.6406111621563406,1.6796162978639069,2.3222646599209584,3.0750238570913164,3.380921428523672,3.080321842954575
floor_both__stop_risk,ADE_vs_floor,easy,eu-locality-067,1219,1.5936806705566084,1.6058934268181635,0.7604960614200129,3.095280966786175,3.3448505278100407,3.1204027321405072
floor_both__stop_risk,ADE_vs_floor,easy,eu-locality-074,17048,1.9085907153796902,1.9698182133276747,3.108281644149846,3.2204358095098247,3.5209796996706744,3.248088316777988
floor_both__stop_risk,ADE_vs_floor,easy,eu-locality-082,513,1.5511901160775996,1.5717224694033087,1.3063599792846436,2.982245275115995,3.3963414460134995,2.9910454520185303
floor_both__stop_risk,ADE_vs_floor,easy,eu-locality-112,571,1.9890147457814562,2.011879820091856,1.136502989992516,3.169041555864979,3.336190259096328,3.1756828589252075
floor_both__stop_risk,ADE_vs_floor,easy,eu-locality-126,2160,1.3780487859369481,1.4103792615006157,2.2923249402624135,2.9457781956993268,3.2806749386711767,2.9648916649582264
floor_both__stop_risk,ADE_vs_floor,hard,eu-locality-008,28100,60.57089015172558,60.57267643715081,0.0029489953726646867,138.37729324495885,231.14803055134072,138.38282192988999
floor_both__stop_risk,ADE_vs_floor,hard,eu-locality-020,30,43.951869033620255,43.951869033620255,0.0,64.72063289570352,69.65016417684733,64.72063289570352
floor_both__stop_risk,ADE_vs_floor,hard,eu-locality-048,2478,63.81578764250422,63.81613301956246,0.0005412064973175923,138.97729297348553,219.8528418739297,138.97729297348553
floor_both__stop_risk,ADE_vs_floor,hard,eu-locality-067,2296,64.8614619075334,64.95146996619232,0.13857740048959233,143.40335944857748,213.5382101003649,143.40335944857748
floor_both__stop_risk,ADE_vs_floor,hard,eu-locality-074,19310,59.918264999028594,60.00555441541746,0.14546889407031083,136.1240287777267,238.5338149034194,136.34580362984687
floor_both__stop_risk,ADE_vs_floor,hard,eu-locality-082,184,55.60846369333075,55.56439239170911,-0.07931572671748821,116.0311931849977,199.45076524670506,111.15642414153585
floor_both__stop_risk,ADE_vs_floor,hard,eu-locality-112,1153,69.7087177225217,69.78349615436602,0.10715776073888517,173.29575179437632,312.16727648534334,174.675987810338
floor_both__stop_risk,ADE_vs_floor,hard,eu-locality-126,1110,73.83029068375596,73.83050161725946,0.0002856996754396768,160.69598223874476,237.31079754913677,160.69598223874476
floor_both__stop_risk,ADE_vs_floor,complete,eu-locality-008,97352,16.343295940988266,16.389412229840747,0.2813785400340052,59.0033895767466,120.24155132052708,59.01678952634717
floor_both__stop_risk,ADE_vs_floor,complete,eu-locality-020,364,6.79175185244143,6.891806752673657,1.4517949185590684,22.682718227503177,49.70629992513765,22.682718227503177
floor_both__stop_risk,ADE_vs_floor,complete,eu-locality-048,4716,26.54853482995225,26.563160393487802,0.055059576190863435,91.22372192206632,161.22338275660073,91.22372192206632
floor_both__stop_risk,ADE_vs_floor,complete,eu-locality-067,3417,30.039208596781766,30.057452024112813,0.06069518905464921,92.43888499604662,166.36606324874677,92.43888499604662
floor_both__stop_risk,ADE_vs_floor,complete,eu-locality-074,67309,19.23710212167518,19.28822811110901,0.26506317293285564,63.30668374276514,131.15505879358042,63.36155246962371
floor_both__stop_risk,ADE_vs_floor,complete,eu-locality-082,582,10.342472554577952,10.401712665936916,0.5695226667139175,48.19172118275565,88.77064559267427,48.19172118275565
floor_both__stop_risk,ADE_vs_floor,complete,eu-locality-112,2417,20.671000872395705,20.722018417039262,0.24619968777561674,70.00895081757096,166.89078526843704,70.00895081757096
floor_both__stop_risk,ADE_vs_floor,complete,eu-locality-126,3637,19.317877755525448,19.334572553522406,0.08634686880583109,85.5211371225543,163.85887416785963,85.5211371225543
floor_both__stop_risk,ADE_vs_original,all,eu-locality-008,157961,18.00512704448594,18.005129395020038,1.3054802594503201e-05,63.85471877568163,131.2383271533595,63.85471877568163
floor_both__stop_risk,ADE_vs_original,all,eu-locality-020,1225,6.465353258438382,6.465353258438382,0.0,20.950455289077674,42.958840384020256,20.950455289077674
floor_both__stop_risk,ADE_vs_original,all,eu-locality-048,8058,26.556968655893808,26.556968655893808,0.0,89.49939807482255,160.11545465691114,89.49939807482255
floor_both__stop_risk,ADE_vs_original,all,eu-locality-067,6903,28.833202794857574,28.833202794857574,0.0,92.96468374261876,168.56927310186109,92.96468374261876
floor_both__stop_risk,ADE_vs_original,all,eu-locality-074,102348,19.490986227252886,19.490986227252886,0.0,64.33083864564493,132.62232032113116,64.33083864564493
floor_both__stop_risk,ADE_vs_original,all,eu-locality-082,1368,13.538623494519399,13.538623494519399,0.0,52.30649963956743,101.91283477915022,52.30649963956743
floor_both__stop_risk,ADE_vs_original,all,eu-locality-112,5004,24.33956317833267,24.33956317833267,0.0,86.2710070848162,185.7800808901213,86.2710070848162
floor_both__stop_risk,ADE_vs_original,all,eu-locality-126,5790,19.63118326300335,19.63118326300335,0.0,86.5533275336093,157.09863889864567,86.5533275336093
floor_both__stop_risk,ADE_vs_original,easy,eu-locality-008,39889,1.6530734425767994,1.653080448437078,0.000423806372229496,3.054452595187942,3.3433970027016118,3.054452595187942
floor_both__stop_risk,ADE_vs_original,easy,eu-locality-020,593,1.2473886577744127,1.2473886577744127,0.0,3.040626325338701,3.3899938472394897,3.040626325338701
floor_both__stop_risk,ADE_vs_original,easy,eu-locality-048,1582,1.6406111621563406,1.6406111621563406,0.0,3.0750238570913164,3.380921428523672,3.0750238570913164
floor_both__stop_risk,ADE_vs_original,easy,eu-locality-067,1219,1.5936806705566084,1.5936806705566084,0.0,3.095280966786175,3.3448505278100407,3.095280966786175
floor_both__stop_risk,ADE_vs_original,easy,eu-locality-074,17048,1.9085907153796902,1.9085907153796902,0.0,3.2204358095098247,3.5209796996706744,3.2204358095098247
floor_both__stop_risk,ADE_vs_original,easy,eu-locality-082,513,1.5511901160775996,1.5511901160775996,0.0,2.982245275115995,3.3963414460134995,2.982245275115995
floor_both__stop_risk,ADE_vs_original,easy,eu-locality-112,571,1.9890147457814562,1.9890147457814562,0.0,3.169041555864979,3.336190259096328,3.169041555864979
floor_both__stop_risk,ADE_vs_original,easy,eu-locality-126,2160,1.3780487859369481,1.3780487859369481,0.0,2.9457781956993268,3.2806749386711767,2.9457781956993268
floor_both__stop_risk,ADE_vs_original,hard,eu-locality-008,28100,60.57089015172558,60.570922836533484,5.396121831591216e-05,138.37729324495885,231.14803055134072,138.37729324495885
floor_both__stop_risk,ADE_vs_original,hard,eu-locality-020,30,43.951869033620255,43.951869033620255,0.0,64.72063289570352,69.65016417684733,64.72063289570352
floor_both__stop_risk,ADE_vs_original,hard,eu-locality-048,2478,63.81578764250422,63.81578764250422,0.0,138.97729297348553,219.8528418739297,138.97729297348553
floor_both__stop_risk,ADE_vs_original,hard,eu-locality-067,2296,64.8614619075334,64.8614619075334,0.0,143.40335944857748,213.5382101003649,143.40335944857748
floor_both__stop_risk,ADE_vs_original,hard,eu-locality-074,19310,59.918264999028594,59.918264999028594,0.0,136.1240287777267,238.5338149034194,136.1240287777267
floor_both__stop_risk,ADE_vs_original,hard,eu-locality-082,184,55.60846369333075,55.60846369333075,0.0,116.0311931849977,199.45076524670506,116.0311931849977
floor_both__stop_risk,ADE_vs_original,hard,eu-locality-112,1153,69.7087177225217,69.7087177225217,0.0,173.29575179437632,312.16727648534334,173.29575179437632
floor_both__stop_risk,ADE_vs_original,hard,eu-locality-126,1110,73.83029068375596,73.83029068375596,0.0,160.69598223874476,237.31079754913677,160.69598223874476
floor_both__stop_risk,FDE_vs_floor,endpoint,eu-locality-008,121088,35.85569079921111,35.96957473477451,0.3166118487725744,136.95226757430473,281.94720140669045,136.94678016915063
floor_both__stop_risk,FDE_vs_floor,endpoint,eu-locality-020,622,14.481146958392756,14.67889508889477,1.3471595055653651,54.18434016797015,102.34943144507893,54.18434016797015
floor_both__stop_risk,FDE_vs_floor,endpoint,eu-locality-048,5582,58.82474014479435,58.86627761858265,0.07056242634779775,216.55248685578948,355.4563120785641,216.55248685578948
floor_both__stop_risk,FDE_vs_floor,endpoint,eu-locality-067,4600,64.05688672617028,64.14804098569955,0.14209983364822376,207.16877909819794,394.0447029702928,207.16877909819794
floor_both__stop_risk,FDE_vs_floor,endpoint,eu-locality-074,81289,40.89922179588618,41.035287783577374,0.3315828766909501,139.5610222687429,285.6624090885739,139.8898647808847
floor_both__stop_risk,FDE_vs_floor,endpoint,eu-locality-082,859,25.3301385475581,25.471426904331437,0.5546935289648447,115.16354557853296,234.31504208196256,115.16354557853296
floor_both__stop_risk,FDE_vs_floor,endpoint,eu-locality-112,3719,47.86453278303376,47.968287530342636,0.21629862696942448,180.87314969023402,421.63704764077704,180.87314969023402
floor_both__stop_risk,FDE_vs_floor,endpoint,eu-locality-126,4579,40.0857010148571,40.13090423960287,0.11263943736697923,186.14679086195613,367.4904107537943,186.14679086195613
floor_both__stop_risk,ADE_vs_CV,easy,eu-locality-008,39889,1.6530734425767994,1.791172498853141,7.709980829024799,3.054452595187942,3.3433970027016118,3.2504176960159774
floor_both__stop_risk,ADE_vs_CV,easy,eu-locality-020,593,1.2473886577744127,1.2706472215919324,1.830450137716455,3.040626325338701,3.3899938472394897,3.051349724629029
floor_both__stop_risk,ADE_vs_CV,easy,eu-locality-048,1582,1.6406111621563406,1.7551327263969017,6.524951789581257,3.0750238570913164,3.380921428523672,3.2298308573246963
floor_both__stop_risk,ADE_vs_CV,easy,eu-locality-067,1219,1.5936806705566084,1.6528940070695597,3.582403727020067,3.095280966786175,3.3448505278100407,3.222473275402277
floor_both__stop_risk,ADE_vs_CV,easy,eu-locality-074,17048,1.9085907153796902,2.0239574238081066,5.700056091661865,3.2204358095098247,3.5209796996706744,3.3016095862663026
floor_both__stop_risk,ADE_vs_CV,easy,eu-locality-082,513,1.5511901160775996,1.6221340438704122,4.37349355072657,2.982245275115995,3.3963414460134995,3.137173321764387
floor_both__stop_risk,ADE_vs_CV,easy,eu-locality-112,571,1.9890147457814562,2.110763890677913,5.768013439786235,3.169041555864979,3.336190259096328,3.3318797717711783
floor_both__stop_risk,ADE_vs_CV,easy,eu-locality-126,2160,1.3780487859369481,1.4931553251754432,7.7089461021056405,2.9457781956993268,3.2806749386711767,3.15811922069773
floor_both__stop_random,ADE_vs_floor,all,eu-locality-008,157961,18.00512704448594,18.041144590837536,0.19964113790147398,63.85471877568163,131.2383271533595,63.85471877568163
floor_both__stop_random,ADE_vs_floor,all,eu-locality-020,1225,6.465353258438382,6.514432089833121,0.7533861849804868,20.950455289077674,42.958840384020256,20.950455289077674
floor_both__stop_random,ADE_vs_floor,all,eu-locality-048,8058,26.556968655893808,26.568426516120656,0.043125851731928844,89.49939807482255,160.11545465691114,89.49939807482255
floor_both__stop_random,ADE_vs_floor,all,eu-locality-067,6903,28.833202794857574,28.87697837044287,0.15159333855409018,92.96468374261876,168.56927310186109,92.96468374261876
floor_both__stop_random,ADE_vs_floor,all,eu-locality-074,102348,19.490986227252886,19.540144919218633,0.2515779292782905,64.33083864564493,132.62232032113116,64.46142956732993
floor_both__stop_random,ADE_vs_floor,all,eu-locality-082,1368,13.538623494519399,13.564534585131002,0.19102085994167073,52.30649963956743,101.91283477915022,52.30649963956743
floor_both__stop_random,ADE_vs_floor,all,eu-locality-112,5004,24.33956317833267,24.377253499056568,0.1546126626830846,86.2710070848162,185.7800808901213,86.2710070848162
floor_both__stop_random,ADE_vs_floor,all,eu-locality-126,5790,19.63118326300335,19.645962498046178,0.07522784920461767,86.5533275336093,157.09863889864567,86.5533275336093
floor_both__stop_random,ADE_vs_floor,easy,eu-locality-008,39889,1.6530734425767994,1.7124634754637011,3.468105085909645,3.054452595187942,3.3433970027016118,3.0954122497682435
floor_both__stop_random,ADE_vs_floor,easy,eu-locality-020,593,1.2473886577744127,1.2667120183194382,1.5254738461124018,3.040626325338701,3.3899938472394897,3.0442506244225767
floor_both__stop_random,ADE_vs_floor,easy,eu-locality-048,1582,1.6406111621563406,1.6796162978639069,2.3222646599209584,3.0750238570913164,3.380921428523672,3.080321842954575
floor_both__stop_random,ADE_vs_floor,easy,eu-locality-067,1219,1.5936806705566084,1.6058934268181635,0.7604960614200129,3.095280966786175,3.3448505278100407,3.1204027321405072
floor_both__stop_random,ADE_vs_floor,easy,eu-locality-074,17048,1.9085907153796902,1.9698182133276747,3.108281644149846,3.2204358095098247,3.5209796996706744,3.248088316777988
floor_both__stop_random,ADE_vs_floor,easy,eu-locality-082,513,1.5511901160775996,1.5717224694033087,1.3063599792846436,2.982245275115995,3.3963414460134995,2.9910454520185303
floor_both__stop_random,ADE_vs_floor,easy,eu-locality-112,571,1.9890147457814562,2.011879820091856,1.136502989992516,3.169041555864979,3.336190259096328,3.1756828589252075
floor_both__stop_random,ADE_vs_floor,easy,eu-locality-126,2160,1.3780487859369481,1.4103792615006157,2.2923249402624135,2.9457781956993268,3.2806749386711767,2.9648916649582264
floor_both__stop_random,ADE_vs_floor,hard,eu-locality-008,28100,60.57089015172558,60.57267643715081,0.0029489953726646867,138.37729324495885,231.14803055134072,138.38282192988999
floor_both__stop_random,ADE_vs_floor,hard,eu-locality-020,30,43.951869033620255,43.951869033620255,0.0,64.72063289570352,69.65016417684733,64.72063289570352
floor_both__stop_random,ADE_vs_floor,hard,eu-locality-048,2478,63.81578764250422,63.81613301956246,0.0005412064973175923,138.97729297348553,219.8528418739297,138.97729297348553
floor_both__stop_random,ADE_vs_floor,hard,eu-locality-067,2296,64.8614619075334,64.95146996619232,0.13857740048959233,143.40335944857748,213.5382101003649,143.40335944857748
floor_both__stop_random,ADE_vs_floor,hard,eu-locality-074,19310,59.918264999028594,60.00555441541746,0.14546889407031083,136.1240287777267,238.5338149034194,136.34580362984687
floor_both__stop_random,ADE_vs_floor,hard,eu-locality-082,184,55.60846369333075,55.56439239170911,-0.07931572671748821,116.0311931849977,199.45076524670506,111.15642414153585
floor_both__stop_random,ADE_vs_floor,hard,eu-locality-112,1153,69.7087177225217,69.78349615436602,0.10715776073888517,173.29575179437632,312.16727648534334,174.675987810338
floor_both__stop_random,ADE_vs_floor,hard,eu-locality-126,1110,73.83029068375596,73.83050161725946,0.0002856996754396768,160.69598223874476,237.31079754913677,160.69598223874476
floor_both__stop_random,ADE_vs_floor,complete,eu-locality-008,97352,16.343295940988266,16.389412229840747,0.2813785400340052,59.0033895767466,120.24155132052708,59.01678952634717
floor_both__stop_random,ADE_vs_floor,complete,eu-locality-020,364,6.79175185244143,6.891806752673657,1.4517949185590684,22.682718227503177,49.70629992513765,22.682718227503177
floor_both__stop_random,ADE_vs_floor,complete,eu-locality-048,4716,26.54853482995225,26.563160393487802,0.055059576190863435,91.22372192206632,161.22338275660073,91.22372192206632
floor_both__stop_random,ADE_vs_floor,complete,eu-locality-067,3417,30.039208596781766,30.057452024112813,0.06069518905464921,92.43888499604662,166.36606324874677,92.43888499604662
floor_both__stop_random,ADE_vs_floor,complete,eu-locality-074,67309,19.23710212167518,19.28822811110901,0.26506317293285564,63.30668374276514,131.15505879358042,63.36155246962371
floor_both__stop_random,ADE_vs_floor,complete,eu-locality-082,582,10.342472554577952,10.401712665936916,0.5695226667139175,48.19172118275565,88.77064559267427,48.19172118275565
floor_both__stop_random,ADE_vs_floor,complete,eu-locality-112,2417,20.671000872395705,20.722018417039262,0.24619968777561674,70.00895081757096,166.89078526843704,70.00895081757096
floor_both__stop_random,ADE_vs_floor,complete,eu-locality-126,3637,19.317877755525448,19.334572553522406,0.08634686880583109,85.5211371225543,163.85887416785963,85.5211371225543
floor_both__stop_random,ADE_vs_original,all,eu-locality-008,157961,18.00512704448594,18.005129395020038,1.3054802594503201e-05,63.85471877568163,131.2383271533595,63.85471877568163
floor_both__stop_random,ADE_vs_original,all,eu-locality-020,1225,6.465353258438382,6.465353258438382,0.0,20.950455289077674,42.958840384020256,20.950455289077674
floor_both__stop_random,ADE_vs_original,all,eu-locality-048,8058,26.556968655893808,26.556968655893808,0.0,89.49939807482255,160.11545465691114,89.49939807482255
floor_both__stop_random,ADE_vs_original,all,eu-locality-067,6903,28.833202794857574,28.833202794857574,0.0,92.96468374261876,168.56927310186109,92.96468374261876
floor_both__stop_random,ADE_vs_original,all,eu-locality-074,102348,19.490986227252886,19.490986227252886,0.0,64.33083864564493,132.62232032113116,64.33083864564493
floor_both__stop_random,ADE_vs_original,all,eu-locality-082,1368,13.538623494519399,13.538623494519399,0.0,52.30649963956743,101.91283477915022,52.30649963956743
floor_both__stop_random,ADE_vs_original,all,eu-locality-112,5004,24.33956317833267,24.33956317833267,0.0,86.2710070848162,185.7800808901213,86.2710070848162
floor_both__stop_random,ADE_vs_original,all,eu-locality-126,5790,19.63118326300335,19.63118326300335,0.0,86.5533275336093,157.09863889864567,86.5533275336093
floor_both__stop_random,ADE_vs_original,easy,eu-locality-008,39889,1.6530734425767994,1.653080448437078,0.000423806372229496,3.054452595187942,3.3433970027016118,3.054452595187942
floor_both__stop_random,ADE_vs_original,easy,eu-locality-020,593,1.2473886577744127,1.2473886577744127,0.0,3.040626325338701,3.3899938472394897,3.040626325338701
floor_both__stop_random,ADE_vs_original,easy,eu-locality-048,1582,1.6406111621563406,1.6406111621563406,0.0,3.0750238570913164,3.380921428523672,3.0750238570913164
floor_both__stop_random,ADE_vs_original,easy,eu-locality-067,1219,1.5936806705566084,1.5936806705566084,0.0,3.095280966786175,3.3448505278100407,3.095280966786175
floor_both__stop_random,ADE_vs_original,easy,eu-locality-074,17048,1.9085907153796902,1.9085907153796902,0.0,3.2204358095098247,3.5209796996706744,3.2204358095098247
floor_both__stop_random,ADE_vs_original,easy,eu-locality-082,513,1.5511901160775996,1.5511901160775996,0.0,2.982245275115995,3.3963414460134995,2.982245275115995
floor_both__stop_random,ADE_vs_original,easy,eu-locality-112,571,1.9890147457814562,1.9890147457814562,0.0,3.169041555864979,3.336190259096328,3.169041555864979
floor_both__stop_random,ADE_vs_original,easy,eu-locality-126,2160,1.3780487859369481,1.3780487859369481,0.0,2.9457781956993268,3.2806749386711767,2.9457781956993268
floor_both__stop_random,ADE_vs_original,hard,eu-locality-008,28100,60.57089015172558,60.570922836533484,5.396121831591216e-05,138.37729324495885,231.14803055134072,138.37729324495885
floor_both__stop_random,ADE_vs_original,hard,eu-locality-020,30,43.951869033620255,43.951869033620255,0.0,64.72063289570352,69.65016417684733,64.72063289570352
floor_both__stop_random,ADE_vs_original,hard,eu-locality-048,2478,63.81578764250422,63.81578764250422,0.0,138.97729297348553,219.8528418739297,138.97729297348553
floor_both__stop_random,ADE_vs_original,hard,eu-locality-067,2296,64.8614619075334,64.8614619075334,0.0,143.40335944857748,213.5382101003649,143.40335944857748
floor_both__stop_random,ADE_vs_original,hard,eu-locality-074,19310,59.918264999028594,59.918264999028594,0.0,136.1240287777267,238.5338149034194,136.1240287777267
floor_both__stop_random,ADE_vs_original,hard,eu-locality-082,184,55.60846369333075,55.60846369333075,0.0,116.0311931849977,199.45076524670506,116.0311931849977
floor_both__stop_random,ADE_vs_original,hard,eu-locality-112,1153,69.7087177225217,69.7087177225217,0.0,173.29575179437632,312.16727648534334,173.29575179437632
floor_both__stop_random,ADE_vs_original,hard,eu-locality-126,1110,73.83029068375596,73.83029068375596,0.0,160.69598223874476,237.31079754913677,160.69598223874476
floor_both__stop_random,FDE_vs_floor,endpoint,eu-locality-008,121088,35.85569079921111,35.96957473477451,0.3166118487725744,136.95226757430473,281.94720140669045,136.94678016915063
floor_both__stop_random,FDE_vs_floor,endpoint,eu-locality-020,622,14.481146958392756,14.67889508889477,1.3471595055653651,54.18434016797015,102.34943144507893,54.18434016797015
floor_both__stop_random,FDE_vs_floor,endpoint,eu-locality-048,5582,58.82474014479435,58.86627761858265,0.07056242634779775,216.55248685578948,355.4563120785641,216.55248685578948
floor_both__stop_random,FDE_vs_floor,endpoint,eu-locality-067,4600,64.05688672617028,64.14804098569955,0.14209983364822376,207.16877909819794,394.0447029702928,207.16877909819794
floor_both__stop_random,FDE_vs_floor,endpoint,eu-locality-074,81289,40.89922179588618,41.035287783577374,0.3315828766909501,139.5610222687429,285.6624090885739,139.8898647808847
floor_both__stop_random,FDE_vs_floor,endpoint,eu-locality-082,859,25.3301385475581,25.471426904331437,0.5546935289648447,115.16354557853296,234.31504208196256,115.16354557853296
floor_both__stop_random,FDE_vs_floor,endpoint,eu-locality-112,3719,47.86453278303376,47.968287530342636,0.21629862696942448,180.87314969023402,421.63704764077704,180.87314969023402
floor_both__stop_random,FDE_vs_floor,endpoint,eu-locality-126,4579,40.0857010148571,40.13090423960287,0.11263943736697923,186.14679086195613,367.4904107537943,186.14679086195613
floor_both__stop_random,ADE_vs_CV,easy,eu-locality-008,39889,1.6530734425767994,1.791172498853141,7.709980829024799,3.054452595187942,3.3433970027016118,3.2504176960159774
floor_both__stop_random,ADE_vs_CV,easy,eu-locality-020,593,1.2473886577744127,1.2706472215919324,1.830450137716455,3.040626325338701,3.3899938472394897,3.051349724629029
floor_both__stop_random,ADE_vs_CV,easy,eu-locality-048,1582,1.6406111621563406,1.7551327263969017,6.524951789581257,3.0750238570913164,3.380921428523672,3.2298308573246963
floor_both__stop_random,ADE_vs_CV,easy,eu-locality-067,1219,1.5936806705566084,1.6528940070695597,3.582403727020067,3.095280966786175,3.3448505278100407,3.222473275402277
floor_both__stop_random,ADE_vs_CV,easy,eu-locality-074,17048,1.9085907153796902,2.0239574238081066,5.700056091661865,3.2204358095098247,3.5209796996706744,3.3016095862663026
floor_both__stop_random,ADE_vs_CV,easy,eu-locality-082,513,1.5511901160775996,1.6221340438704122,4.37349355072657,2.982245275115995,3.3963414460134995,3.137173321764387
floor_both__stop_random,ADE_vs_CV,easy,eu-locality-112,571,1.9890147457814562,2.110763890677913,5.768013439786235,3.169041555864979,3.336190259096328,3.3318797717711783
floor_both__stop_random,ADE_vs_CV,easy,eu-locality-126,2160,1.3780487859369481,1.4931553251754432,7.7089461021056405,2.9457781956993268,3.2806749386711767,3.15811922069773
floor_both__support,ADE_vs_floor,all,eu-locality-008,157961,18.005731023940257,18.041144590837536,0.19629334890018946,63.855680257712145,131.2383271533595,63.85471877568163
floor_both__support,ADE_vs_floor,all,eu-locality-020,1225,6.469203828234918,6.514432089833121,0.6942778890701606,20.950455289077674,42.958840384020256,20.950455289077674
floor_both__support,ADE_vs_floor,all,eu-locality-048,8058,26.557072468247195,26.568426516120656,0.042735115933834056,89.49939807482255,160.11545465691114,89.49939807482255
floor_both__support,ADE_vs_floor,all,eu-locality-067,6903,28.837737049002126,28.87697837044287,0.13589136971793314,92.96468374261876,168.56927310186109,92.96468374261876
floor_both__support,ADE_vs_floor,all,eu-locality-074,102348,19.498618211820567,19.540144919218633,0.21251995606861307,64.37454453254736,132.82571837209403,64.46142956732993
floor_both__support,ADE_vs_floor,all,eu-locality-082,1368,13.536983582447903,13.564534585131002,0.2031105638766184,52.30649963956743,101.91283477915022,52.30649963956743
floor_both__support,ADE_vs_floor,all,eu-locality-112,5004,24.342567580188106,24.377253499056568,0.14228805090698016,86.2710070848162,185.7800808901213,86.2710070848162
floor_both__support,ADE_vs_floor,all,eu-locality-126,5790,19.63133719521992,19.645962498046178,0.07444431815296637,86.5533275336093,157.09863889864567,86.5533275336093
floor_both__support,ADE_vs_floor,easy,eu-locality-008,39889,1.6538722445311445,1.7124634754637011,3.4214587214300374,3.0553883114975737,3.3433970027016118,3.0954122497682435
floor_both__support,ADE_vs_floor,easy,eu-locality-020,593,1.2482634915061743,1.2667120183194382,1.456410497923577,3.040626325338701,3.3899938472394897,3.0442506244225767
floor_both__support,ADE_vs_floor,easy,eu-locality-048,1582,1.6402464468649447,1.6796162978639069,2.3439788628528913,3.0750238570913164,3.380921428523672,3.080321842954575
floor_both__support,ADE_vs_floor,easy,eu-locality-067,1219,1.594017771596427,1.6058934268181635,0.7395045663314281,3.095280966786175,3.3448505278100407,3.1204027321405072
floor_both__support,ADE_vs_floor,easy,eu-locality-074,17048,1.9097200905100857,1.9698182133276747,3.0509476666917057,3.2204358095098247,3.514621280267517,3.248088316777988
floor_both__support,ADE_vs_floor,easy,eu-locality-082,513,1.5506039238873819,1.5717224694033087,1.3436561433103567,2.982245275115995,3.3963414460134995,2.9910454520185303
floor_both__support,ADE_vs_floor,easy,eu-locality-112,571,1.989227239176137,2.011879820091856,1.1259410571892392,3.169041555864979,3.336190259096328,3.1756828589252075
floor_both__support,ADE_vs_floor,easy,eu-locality-126,2160,1.3784004545905295,1.4103792615006157,2.2673906078327755,2.9457781956993268,3.2806749386711767,2.9648916649582264
floor_both__support,ADE_vs_floor,hard,eu-locality-008,28100,60.571258168760906,60.57267643715081,0.002341432595232007,138.37729324495885,231.14803055134072,138.38282192988999
floor_both__support,ADE_vs_floor,hard,eu-locality-020,30,43.951869033620255,43.951869033620255,0.0,64.72063289570352,69.65016417684733,64.72063289570352
floor_both__support,ADE_vs_floor,hard,eu-locality-048,2478,63.81578764250422,63.81613301956246,0.0005412064973175923,138.97729297348553,219.8528418739297,138.97729297348553
floor_both__support,ADE_vs_floor,hard,eu-locality-067,2296,64.87262345060319,64.95146996619232,0.12139296559442458,143.40335944857748,213.5382101003649,143.40335944857748
floor_both__support,ADE_vs_floor,hard,eu-locality-074,19310,59.95510183575593,60.00555441541746,0.08407984919569511,136.25958090894238,238.5338149034194,136.34580362984687
floor_both__support,ADE_vs_floor,hard,eu-locality-082,184,55.52355031258824,55.56439239170911,0.07350405063902832,111.15642414153585,199.45076524670506,111.15642414153585
floor_both__support,ADE_vs_floor,hard,eu-locality-112,1153,69.7087177225217,69.78349615436602,0.10715776073888517,173.29575179437632,312.16727648534334,174.675987810338
floor_both__support,ADE_vs_floor,hard,eu-locality-126,1110,73.83029068375596,73.83050161725946,0.0002856996754396768,160.69598223874476,237.31079754913677,160.69598223874476
floor_both__support,ADE_vs_floor,complete,eu-locality-008,97352,16.34385358636271,16.389412229840747,0.27797606673830577,59.0033895767466,120.24155132052708,59.01678952634717
floor_both__support,ADE_vs_floor,complete,eu-locality-020,364,6.79175185244143,6.891806752673657,1.4517949185590684,22.682718227503177,49.70629992513765,22.682718227503177
floor_both__support,ADE_vs_floor,complete,eu-locality-048,4716,26.54869957256466,26.563160393487802,0.05443938412796889,91.22372192206632,161.22338275660073,91.22372192206632
floor_both__support,ADE_vs_floor,complete,eu-locality-067,3417,30.039277187352987,30.057452024112813,0.06046699083224194,92.43888499604662,166.36606324874677,92.43888499604662
floor_both__support,ADE_vs_floor,complete,eu-locality-074,67309,19.243891930788397,19.28822811110901,0.22986134374405331,63.33816851832713,131.28734077286347,63.36155246962371
floor_both__support,ADE_vs_floor,complete,eu-locality-082,582,10.359567726530925,10.401712665936916,0.4051730783143581,48.19172118275565,88.77064559267427,48.19172118275565
floor_both__support,ADE_vs_floor,complete,eu-locality-112,2417,20.674106778747703,20.722018417039262,0.2312112523370935,70.00895081757096,166.89078526843704,70.00895081757096
floor_both__support,ADE_vs_floor,complete,eu-locality-126,3637,19.318079535367445,19.334572553522406,0.08530324686156776,85.5211371225543,163.85887416785963,85.5211371225543
floor_both__support,ADE_vs_original,all,eu-locality-008,157961,18.005731023940257,18.005129395020038,-0.003341430694669967,63.855680257712145,131.2383271533595,63.85471877568163
floor_both__support,ADE_vs_original,all,eu-locality-020,1225,6.469203828234918,6.465353258438382,-0.05955699004551729,20.950455289077674,42.958840384020256,20.950455289077674
floor_both__support,ADE_vs_original,all,eu-locality-048,8058,26.557072468247195,26.556968655893808,-0.0003909043789329658,89.49939807482255,160.11545465691114,89.49939807482255
floor_both__support,ADE_vs_original,all,eu-locality-067,6903,28.837737049002126,28.833202794857574,-0.015725808113686846,92.96468374261876,168.56927310186109,92.96468374261876
floor_both__support,ADE_vs_original,all,eu-locality-074,102348,19.498618211820567,19.490986227252886,-0.03915648227696966,64.37454453254736,132.82571837209403,64.33083864564493
floor_both__support,ADE_vs_original,all,eu-locality-082,1368,13.536983582447903,13.538623494519399,0.01211284198988638,52.30649963956743,101.91283477915022,52.30649963956743
floor_both__support,ADE_vs_original,all,eu-locality-112,5004,24.342567580188106,24.33956317833267,-0.012343696694228079,86.2710070848162,185.7800808901213,86.2710070848162
floor_both__support,ADE_vs_original,all,eu-locality-126,5790,19.63133719521992,19.63118326300335,-0.0007841209289649598,86.5533275336093,157.09863889864567,86.5533275336093
floor_both__support,ADE_vs_original,easy,eu-locality-008,39889,1.6538722445311445,1.653080448437078,-0.04789821903798952,3.0553883114975737,3.3433970027016118,3.054452595187942
floor_both__support,ADE_vs_original,easy,eu-locality-020,593,1.2482634915061743,1.2473886577744127,-0.07013321199524913,3.040626325338701,3.3899938472394897,3.040626325338701
floor_both__support,ADE_vs_original,easy,eu-locality-048,1582,1.6402464468649447,1.6406111621563406,0.022230452882965324,3.0750238570913164,3.380921428523672,3.0750238570913164
floor_both__support,ADE_vs_original,easy,eu-locality-067,1219,1.594017771596427,1.5936806705566084,-0.02115235793760384,3.095280966786175,3.3448505278100407,3.095280966786175
floor_both__support,ADE_vs_original,easy,eu-locality-074,17048,1.9097200905100857,1.9085907153796902,-0.05917324868527363,3.2204358095098247,3.514621280267517,3.2204358095098247
floor_both__support,ADE_vs_original,easy,eu-locality-082,513,1.5506039238873819,1.5511901160775996,0.037789835310453324,2.982245275115995,3.3963414460134995,2.982245275115995
floor_both__support,ADE_vs_original,easy,eu-locality-112,571,1.989227239176137,1.9890147457814562,-0.010683349388518337,3.169041555864979,3.336190259096328,3.169041555864979
floor_both__support,ADE_vs_original,easy,eu-locality-126,2160,1.3784004545905295,1.3780487859369481,-0.025519318123579104,2.9457781956993268,3.2806749386711767,2.9457781956993268
floor_both__support,ADE_vs_original,hard,eu-locality-008,28100,60.571258168760906,60.570922836533484,-0.0005536191487909292,138.37729324495885,231.14803055134072,138.37729324495885
floor_both__support,ADE_vs_original,hard,eu-locality-020,30,43.951869033620255,43.951869033620255,0.0,64.72063289570352,69.65016417684733,64.72063289570352
floor_both__support,ADE_vs_original,hard,eu-locality-048,2478,63.81578764250422,63.81578764250422,0.0,138.97729297348553,219.8528418739297,138.97729297348553
floor_both__support,ADE_vs_original,hard,eu-locality-067,2296,64.87262345060319,64.8614619075334,-0.017208281684588655,143.40335944857748,213.5382101003649,143.40335944857748
floor_both__support,ADE_vs_original,hard,eu-locality-074,19310,59.95510183575593,59.918264999028594,-0.06147847693509512,136.25958090894238,238.5338149034194,136.1240287777267
floor_both__support,ADE_vs_original,hard,eu-locality-082,184,55.52355031258824,55.60846369333075,0.15269866330201998,111.15642414153585,199.45076524670506,116.0311931849977
floor_both__support,ADE_vs_original,hard,eu-locality-112,1153,69.7087177225217,69.7087177225217,0.0,173.29575179437632,312.16727648534334,173.29575179437632
floor_both__support,ADE_vs_original,hard,eu-locality-126,1110,73.83029068375596,73.83029068375596,0.0,160.69598223874476,237.31079754913677,160.69598223874476
floor_both__support,FDE_vs_floor,endpoint,eu-locality-008,121088,35.85779640302709,35.96957473477451,0.31075800192700287,136.95226757430473,281.94720140669045,136.94678016915063
floor_both__support,FDE_vs_floor,endpoint,eu-locality-020,622,14.496083096865814,14.67889508889477,1.245407034533963,54.18434016797015,102.34943144507893,54.18434016797015
floor_both__support,FDE_vs_floor,endpoint,eu-locality-048,5582,58.82529193053262,58.86627761858265,0.06962507178658317,216.55248685578948,355.4563120785641,216.55248685578948
floor_both__support,FDE_vs_floor,endpoint,eu-locality-067,4600,64.07189534290278,64.14804098569955,0.11870299018756914,207.16877909819794,394.0447029702928,207.16877909819794
floor_both__support,FDE_vs_floor,endpoint,eu-locality-074,81289,40.91794699649536,41.035287783577374,0.2859509300894292,139.8122159242043,285.7408772946046,139.8898647808847
floor_both__support,FDE_vs_floor,endpoint,eu-locality-082,859,25.363326127108596,25.471426904331437,0.42440016269547076,115.16354557853296,234.31504208196256,115.16354557853296
floor_both__support,FDE_vs_floor,endpoint,eu-locality-112,3719,47.87061851887091,47.968287530342636,0.20361162864098725,180.87314969023402,421.63704764077704,180.87314969023402
floor_both__support,FDE_vs_floor,endpoint,eu-locality-126,4579,40.08621585971706,40.13090423960287,0.11135652368807758,186.14679086195613,367.4904107537943,186.14679086195613
floor_both__support,ADE_vs_CV,easy,eu-locality-008,39889,1.6538722445311445,1.791172498853141,7.665384233506689,3.0553883114975737,3.3433970027016118,3.2504176960159774
floor_both__support,ADE_vs_CV,easy,eu-locality-020,593,1.2482634915061743,1.2706472215919324,1.761600679196751,3.040626325338701,3.3899938472394897,3.051349724629029
floor_both__support,ADE_vs_CV,easy,eu-locality-048,1582,1.6402464468649447,1.7551327263969017,6.545731716131009,3.0750238570913164,3.380921428523672,3.2298308573246963
floor_both__support,ADE_vs_CV,easy,eu-locality-067,1219,1.594017771596427,1.6528940070695597,3.562009131941568,3.095280966786175,3.3448505278100407,3.222473275402277
floor_both__support,ADE_vs_CV,easy,eu-locality-074,17048,1.9097200905100857,2.0239574238081066,5.644255751342908,3.2204358095098247,3.514621280267517,3.3016095862663026
floor_both__support,ADE_vs_CV,easy,eu-locality-082,513,1.5506039238873819,1.6221340438704122,4.409630650026886,2.982245275115995,3.3963414460134995,3.137173321764387
floor_both__support,ADE_vs_CV,easy,eu-locality-112,571,1.989227239176137,2.110763890677913,5.757946307426276,3.169041555864979,3.336190259096328,3.3318797717711783
floor_both__support,ADE_vs_CV,easy,eu-locality-126,2160,1.3784004545905295,1.4931553251754432,7.685394054461836,2.9457781956993268,3.2806749386711767,3.15811922069773
floor_both__support,matched_risk,all,eu-locality-008,157961,18.005731023940257,18.00734905685508,0.008985403180195028,63.855680257712145,131.2383271533595,63.855680257712145
floor_both__support,matched_risk,all,eu-locality-020,1225,6.469203828234918,6.469203828234918,0.0,20.950455289077674,42.958840384020256,20.950455289077674
floor_both__support,matched_risk,all,eu-locality-048,8058,26.557072468247195,26.55718861831455,0.00043735829505786583,89.49939807482255,160.11545465691114,89.49939807482255
floor_both__support,matched_risk,all,eu-locality-067,6903,28.837737049002126,28.837702361054518,-0.00012028679390319041,92.96468374261876,168.56927310186109,92.96468374261876
floor_both__support,matched_risk,all,eu-locality-074,102348,19.498618211820567,19.496332977226245,-0.011721355995453209,64.37454453254736,132.82571837209403,64.35238081695006
floor_both__support,matched_risk,all,eu-locality-082,1368,13.536983582447903,13.536983582447903,0.0,52.30649963956743,101.91283477915022,52.30649963956743
floor_both__support,matched_risk,all,eu-locality-112,5004,24.342567580188106,24.342587311719676,8.105765963994926e-05,86.2710070848162,185.7800808901213,86.2710070848162
floor_both__support,matched_risk,all,eu-locality-126,5790,19.63133719521992,19.6313807063375,0.00022164063867569084,86.5533275336093,157.09863889864567,86.5533275336093
floor_both__support,matched_risk,easy,eu-locality-008,39889,1.6538722445311445,1.655222973180874,0.08160402988691695,3.0553883114975737,3.3433970027016118,3.0566874811057647
floor_both__support,matched_risk,easy,eu-locality-020,593,1.2482634915061743,1.2482634915061743,0.0,3.040626325338701,3.3899938472394897,3.040626325338701
floor_both__support,matched_risk,easy,eu-locality-048,1582,1.6402464468649447,1.6411471472235515,0.05488236445650996,3.0750238570913164,3.380921428523672,3.0750238570913164
floor_both__support,matched_risk,easy,eu-locality-067,1219,1.594017771596427,1.593997934862328,-0.001244464228289388,3.095280966786175,3.3448505278100407,3.095280966786175
floor_both__support,matched_risk,easy,eu-locality-074,17048,1.9097200905100857,1.9103883180453023,0.0349786233984295,3.2204358095098247,3.514621280267517,3.2207186069010376
floor_both__support,matched_risk,easy,eu-locality-082,513,1.5506039238873819,1.5506039238873819,0.0,2.982245275115995,3.3963414460134995,2.982245275115995
floor_both__support,matched_risk,easy,eu-locality-112,571,1.989227239176137,1.9894001578871012,0.00869200247515245,3.169041555864979,3.336190259096328,3.169041555864979
floor_both__support,matched_risk,easy,eu-locality-126,2160,1.3784004545905295,1.378663509243224,0.019080410189353803,2.9457781956993268,3.2806749386711767,2.9457781956993268
floor_both__support,matched_risk,hard,eu-locality-008,28100,60.571258168760906,60.57089897410699,-0.0005930152267907829,138.37729324495885,231.14803055134072,138.37729324495885
floor_both__support,matched_risk,hard,eu-locality-020,30,43.951869033620255,43.951869033620255,0.0,64.72063289570352,69.65016417684733,64.72063289570352
floor_both__support,matched_risk,hard,eu-locality-048,2478,63.81578764250422,63.81578764250422,0.0,138.97729297348553,219.8528418739297,138.97729297348553
floor_both__support,matched_risk,hard,eu-locality-067,2296,64.87262345060319,64.87262345060319,0.0,143.40335944857748,213.5382101003649,143.40335944857748
floor_both__support,matched_risk,hard,eu-locality-074,19310,59.95510183575593,59.93644172802104,-0.03113315905467484,136.25958090894238,238.5338149034194,136.16340090804525
floor_both__support,matched_risk,hard,eu-locality-082,184,55.52355031258824,55.52355031258824,0.0,111.15642414153585,199.45076524670506,111.15642414153585
floor_both__support,matched_risk,hard,eu-locality-112,1153,69.7087177225217,69.7087177225217,0.0,173.29575179437632,312.16727648534334,173.29575179437632
floor_both__support,matched_risk,hard,eu-locality-126,1110,73.83029068375596,73.83029068375596,0.0,160.69598223874476,237.31079754913677,160.69598223874476
floor_both__support,matched_risk,complete,eu-locality-008,97352,16.34385358636271,16.345944974006738,0.012794534958693315,59.0033895767466,120.24155132052708,59.0033895767466
floor_both__support,matched_risk,complete,eu-locality-020,364,6.79175185244143,6.79175185244143,0.0,22.682718227503177,49.70629992513765,22.682718227503177
floor_both__support,matched_risk,complete,eu-locality-048,4716,26.54869957256466,26.548673522042034,-9.81236317088019e-05,91.22372192206632,161.22338275660073,91.22372192206632
floor_both__support,matched_risk,complete,eu-locality-067,3417,30.039277187352987,30.039271659720658,-1.8401352708252716e-05,92.43888499604662,166.36606324874677,92.43888499604662
floor_both__support,matched_risk,complete,eu-locality-074,67309,19.243891930788397,19.24181736880075,-0.010781528313486,63.33816851832713,131.28734077286347,63.328289577825096
floor_both__support,matched_risk,complete,eu-locality-082,582,10.359567726530925,10.359567726530925,0.0,48.19172118275565,88.77064559267427,48.19172118275565
floor_both__support,matched_risk,complete,eu-locality-112,2417,20.674106778747703,20.674106778747703,0.0,70.00895081757096,166.89078526843704,70.00895081757096
floor_both__support,matched_risk,complete,eu-locality-126,3637,19.318079535367445,19.31819696717642,0.0006078818285848442,85.5211371225543,163.85887416785963,85.5211371225543
floor_both__support,matched_random,all,eu-locality-008,157961,18.005731023940257,18.006523038697008,0.004398488009316193,63.855680257712145,131.2383271533595,63.855680257712145
floor_both__support,matched_random,all,eu-locality-020,1225,6.469203828234918,6.469203828234918,0.0,20.950455289077674,42.958840384020256,20.950455289077674
floor_both__support,matched_random,all,eu-locality-048,8058,26.557072468247195,26.55715253107198,0.00030147367904298505,89.49939807482255,160.11545465691114,89.49939807482255
floor_both__support,matched_random,all,eu-locality-067,6903,28.837737049002126,28.83772428840214,-4.424967747773678e-05,92.96468374261876,168.56927310186109,92.96468374261876
floor_both__support,matched_random,all,eu-locality-074,102348,19.498618211820567,19.495902030125396,-0.013932064753774398,64.37454453254736,132.82571837209403,64.34869845614868
floor_both__support,matched_random,all,eu-locality-082,1368,13.536983582447903,13.537158365581833,0.0012911360657064108,52.30649963956743,101.91283477915022,52.30649963956743
floor_both__support,matched_random,all,eu-locality-112,5004,24.342567580188106,24.342587311719676,8.105765963994926e-05,86.2710070848162,185.7800808901213,86.2710070848162
floor_both__support,matched_random,all,eu-locality-126,5790,19.63133719521992,19.63131481941981,-0.00011398013997077072,86.5533275336093,157.09863889864567,86.5533275336093
floor_both__support,matched_random,easy,eu-locality-008,39889,1.6538722445311445,1.6551923352043105,0.07975451825682489,3.0553883114975737,3.3433970027016118,3.0566874811057647
floor_both__support,matched_random,easy,eu-locality-020,593,1.2482634915061743,1.2482634915061743,0.0,3.040626325338701,3.3899938472394897,3.040626325338701
floor_both__support,matched_random,easy,eu-locality-048,1582,1.6402464468649447,1.640694758938632,0.027324526469341137,3.0750238570913164,3.380921428523672,3.0750238570913164
floor_both__support,matched_random,easy,eu-locality-067,1219,1.594017771596427,1.5939793391338921,-0.0024111016743599833,3.095280966786175,3.3448505278100407,3.095280966786175
floor_both__support,matched_random,easy,eu-locality-074,17048,1.9097200905100857,1.9106967730460156,0.05111656384769736,3.2204358095098247,3.514621280267517,3.2204358095098247
floor_both__support,matched_random,easy,eu-locality-082,513,1.5506039238873819,1.5510700122445376,0.030049472523885346,2.982245275115995,3.3963414460134995,2.982245275115995
floor_both__support,matched_random,easy,eu-locality-112,571,1.989227239176137,1.9894001578871012,0.00869200247515245,3.169041555864979,3.336190259096328,3.169041555864979
floor_both__support,matched_random,easy,eu-locality-126,2160,1.3784004545905295,1.3784868956999694,0.006270724060530863,2.9457781956993268,3.2806749386711767,2.9457781956993268
floor_both__support,matched_random,hard,eu-locality-008,28100,60.571258168760906,60.57088371950588,-0.0006182000856336245,138.37729324495885,231.14803055134072,138.37729324495885
floor_both__support,matched_random,hard,eu-locality-020,30,43.951869033620255,43.951869033620255,0.0,64.72063289570352,69.65016417684733,64.72063289570352
floor_both__support,matched_random,hard,eu-locality-048,2478,63.81578764250422,63.81578764250422,0.0,138.97729297348553,219.8528418739297,138.97729297348553
floor_both__support,matched_random,hard,eu-locality-067,2296,64.87262345060319,64.87262345060319,0.0,143.40335944857748,213.5382101003649,143.40335944857748
floor_both__support,matched_random,hard,eu-locality-074,19310,59.95510183575593,59.9371011201481,-0.030032676374780465,136.25958090894238,238.5338149034194,136.16340090804525
floor_both__support,matched_random,hard,eu-locality-082,184,55.52355031258824,55.52355031258824,0.0,111.15642414153585,199.45076524670506,111.15642414153585
floor_both__support,matched_random,hard,eu-locality-112,1153,69.7087177225217,69.7087177225217,0.0,173.29575179437632,312.16727648534334,173.29575179437632
floor_both__support,matched_random,hard,eu-locality-126,1110,73.83029068375596,73.83029068375596,0.0,160.69598223874476,237.31079754913677,160.69598223874476
floor_both__support,matched_random,complete,eu-locality-008,97352,16.34385358636271,16.344826629949853,0.0059532206071910565,59.0033895767466,120.24155132052708,59.0033895767466
floor_both__support,matched_random,complete,eu-locality-020,364,6.79175185244143,6.79175185244143,0.0,22.682718227503177,49.70629992513765,22.682718227503177
floor_both__support,matched_random,complete,eu-locality-048,4716,26.54869957256466,26.54878317079125,0.00031488534163459647,91.22372192206632,161.22338275660073,91.22372192206632
floor_both__support,matched_random,complete,eu-locality-067,3417,30.039277187352987,30.039340407123504,0.00021045658680218793,92.43888499604662,166.36606324874677,92.43888499604662
floor_both__support,matched_random,complete,eu-locality-074,67309,19.243891930788397,19.242096320776756,-0.009331675622581415,63.33816851832713,131.28734077286347,63.32389069036956
floor_both__support,matched_random,complete,eu-locality-082,582,10.359567726530925,10.359978556990068,0.003965553180285131,48.19172118275565,88.77064559267427,48.19172118275565
floor_both__support,matched_random,complete,eu-locality-112,2417,20.674106778747703,20.674106778747703,0.0,70.00895081757096,166.89078526843704,70.00895081757096
floor_both__support,matched_random,complete,eu-locality-126,3637,19.318079535367445,19.318125595476104,0.00023842949167240945,85.5211371225543,163.85887416785963,85.5211371225543
floor_both__support_risk,ADE_vs_floor,all,eu-locality-008,157961,18.00734905685508,18.041144590837536,0.18732477760651234,63.855680257712145,131.2383271533595,63.85471877568163
floor_both__support_risk,ADE_vs_floor,all,eu-locality-020,1225,6.469203828234918,6.514432089833121,0.6942778890701606,20.950455289077674,42.958840384020256,20.950455289077674
floor_both__support_risk,ADE_vs_floor,all,eu-locality-048,8058,26.55718861831455,26.568426516120656,0.0422979426323411,89.49939807482255,160.11545465691114,89.49939807482255
floor_both__support_risk,ADE_vs_floor,all,eu-locality-067,6903,28.837702361054518,28.87697837044287,0.13601149290797254,92.96468374261876,168.56927310186109,92.96468374261876
floor_both__support_risk,ADE_vs_floor,all,eu-locality-074,102348,19.496332977226245,19.540144919218633,0.22421503102209028,64.35238081695006,132.73311771750846,64.46142956732993
floor_both__support_risk,ADE_vs_floor,all,eu-locality-082,1368,13.536983582447903,13.564534585131002,0.2031105638766184,52.30649963956743,101.91283477915022,52.30649963956743
floor_both__support_risk,ADE_vs_floor,all,eu-locality-112,5004,24.342587311719676,24.377253499056568,0.1422071085171006,86.2710070848162,185.7800808901213,86.2710070848162
floor_both__support_risk,ADE_vs_floor,all,eu-locality-126,5790,19.6313807063375,19.645962498046178,0.07422284202226459,86.5533275336093,157.09863889864567,86.5533275336093
floor_both__support_risk,ADE_vs_floor,easy,eu-locality-008,39889,1.655222973180874,1.7124634754637011,3.342582373462155,3.0566874811057647,3.3444974980749604,3.0954122497682435
floor_both__support_risk,ADE_vs_floor,easy,eu-locality-020,593,1.2482634915061743,1.2667120183194382,1.456410497923577,3.040626325338701,3.3899938472394897,3.0442506244225767
floor_both__support_risk,ADE_vs_floor,easy,eu-locality-048,1582,1.6411471472235515,1.6796162978639069,2.290353498550801,3.0750238570913164,3.380921428523672,3.080321842954575
floor_both__support_risk,ADE_vs_floor,easy,eu-locality-067,1219,1.593997934862328,1.6058934268181635,0.7407398123177145,3.095280966786175,3.3448505278100407,3.1204027321405072
floor_both__support_risk,ADE_vs_floor,easy,eu-locality-074,17048,1.9103883180453023,1.9698182133276747,3.017024356880915,3.2207186069010376,3.5193776574820075,3.248088316777988
floor_both__support_risk,ADE_vs_floor,easy,eu-locality-082,513,1.5506039238873819,1.5717224694033087,1.3436561433103567,2.982245275115995,3.3963414460134995,2.9910454520185303
floor_both__support_risk,ADE_vs_floor,easy,eu-locality-112,571,1.9894001578871012,2.011879820091856,1.1173461744712232,3.169041555864979,3.336190259096328,3.1756828589252075
floor_both__support_risk,ADE_vs_floor,easy,eu-locality-126,2160,1.378663509243224,1.4103792615006157,2.2487392663195216,2.9457781956993268,3.2806749386711767,2.9648916649582264
floor_both__support_risk,ADE_vs_floor,hard,eu-locality-008,28100,60.57089897410699,60.57267643715081,0.002934430420398204,138.37729324495885,231.14803055134072,138.38282192988999
floor_both__support_risk,ADE_vs_floor,hard,eu-locality-020,30,43.951869033620255,43.951869033620255,0.0,64.72063289570352,69.65016417684733,64.72063289570352
floor_both__support_risk,ADE_vs_floor,hard,eu-locality-048,2478,63.81578764250422,63.81613301956246,0.0005412064973175923,138.97729297348553,219.8528418739297,138.97729297348553
floor_both__support_risk,ADE_vs_floor,hard,eu-locality-067,2296,64.87262345060319,64.95146996619232,0.12139296559442458,143.40335944857748,213.5382101003649,143.40335944857748
floor_both__support_risk,ADE_vs_floor,hard,eu-locality-074,19310,59.93644172802104,60.00555441541746,0.11517714996507333,136.16340090804525,238.5338149034194,136.34580362984687
floor_both__support_risk,ADE_vs_floor,hard,eu-locality-082,184,55.52355031258824,55.56439239170911,0.07350405063902832,111.15642414153585,199.45076524670506,111.15642414153585
floor_both__support_risk,ADE_vs_floor,hard,eu-locality-112,1153,69.7087177225217,69.78349615436602,0.10715776073888517,173.29575179437632,312.16727648534334,174.675987810338
floor_both__support_risk,ADE_vs_floor,hard,eu-locality-126,1110,73.83029068375596,73.83050161725946,0.0002856996754396768,160.69598223874476,237.31079754913677,160.69598223874476
floor_both__support_risk,ADE_vs_floor,complete,eu-locality-008,97352,16.345944974006738,16.389412229840747,0.26521546486497627,59.0033895767466,120.24155132052708,59.01678952634717
floor_both__support_risk,ADE_vs_floor,complete,eu-locality-020,364,6.79175185244143,6.891806752673657,1.4517949185590684,22.682718227503177,49.70629992513765,22.682718227503177
floor_both__support_risk,ADE_vs_floor,complete,eu-locality-048,4716,26.548673522042034,26.563160393487802,0.05453745424554013,91.22372192206632,161.22338275660073,91.22372192206632
floor_both__support_risk,ADE_vs_floor,complete,eu-locality-067,3417,30.039271659720658,30.057452024112813,0.06048538105482004,92.43888499604662,166.36606324874677,92.43888499604662
floor_both__support_risk,ADE_vs_floor,complete,eu-locality-074,67309,19.24181736880075,19.28822811110901,0.24061692987512595,63.328289577825096,131.15505879358042,63.36155246962371
floor_both__support_risk,ADE_vs_floor,complete,eu-locality-082,582,10.359567726530925,10.401712665936916,0.4051730783143581,48.19172118275565,88.77064559267427,48.19172118275565
floor_both__support_risk,ADE_vs_floor,complete,eu-locality-112,2417,20.674106778747703,20.722018417039262,0.2312112523370935,70.00895081757096,166.89078526843704,70.00895081757096
floor_both__support_risk,ADE_vs_floor,complete,eu-locality-126,3637,19.31819696717642,19.334572553522406,0.08469587988384486,85.5211371225543,163.85887416785963,85.5211371225543
floor_both__support_risk,ADE_vs_original,all,eu-locality-008,157961,18.00734905685508,18.005129395020038,-0.012327941590117852,63.855680257712145,131.2383271533595,63.85471877568163
floor_both__support_risk,ADE_vs_original,all,eu-locality-020,1225,6.469203828234918,6.465353258438382,-0.05955699004551729,20.950455289077674,42.958840384020256,20.950455289077674
floor_both__support_risk,ADE_vs_original,all,eu-locality-048,8058,26.55718861831455,26.556968655893808,-0.0008282662964820275,89.49939807482255,160.11545465691114,89.49939807482255
floor_both__support_risk,ADE_vs_original,all,eu-locality-067,6903,28.837702361054518,28.833202794857574,-0.015605502548421413,92.96468374261876,168.56927310186109,92.96468374261876
floor_both__support_risk,ADE_vs_original,all,eu-locality-074,102348,19.496332977226245,19.490986227252886,-0.02743191088956376,64.35238081695006,132.73311771750846,64.33083864564493
floor_both__support_risk,ADE_vs_original,all,eu-locality-082,1368,13.536983582447903,13.538623494519399,0.01211284198988638,52.30649963956743,101.91283477915022,52.30649963956743
floor_both__support_risk,ADE_vs_original,all,eu-locality-112,5004,24.342587311719676,24.33956317833267,-0.012424764425089663,86.2710070848162,185.7800808901213,86.2710070848162
floor_both__support_risk,ADE_vs_original,all,eu-locality-126,5790,19.6313807063375,19.63118326300335,-0.001005763796824155,86.5533275336093,157.09863889864567,86.5533275336093
floor_both__support_risk,ADE_vs_original,easy,eu-locality-008,39889,1.655222973180874,1.653080448437078,-0.1296080142876077,3.0566874811057647,3.3444974980749604,3.054452595187942
floor_both__support_risk,ADE_vs_original,easy,eu-locality-020,593,1.2482634915061743,1.2473886577744127,-0.07013321199524913,3.040626325338701,3.3899938472394897,3.040626325338701
floor_both__support_risk,ADE_vs_original,easy,eu-locality-048,1582,1.6411471472235515,1.6406111621563406,-0.03266984155505526,3.0750238570913164,3.380921428523672,3.0750238570913164
floor_both__support_risk,ADE_vs_original,easy,eu-locality-067,1219,1.593997934862328,1.5936806705566084,-0.01990764596579986,3.095280966786175,3.3448505278100407,3.095280966786175
floor_both__support_risk,ADE_vs_original,easy,eu-locality-074,17048,1.9103883180453023,1.9085907153796902,-0.09418481663601153,3.2207186069010376,3.5193776574820075,3.2204358095098247
floor_both__support_risk,ADE_vs_original,easy,eu-locality-082,513,1.5506039238873819,1.5511901160775996,0.037789835310453324,2.982245275115995,3.3963414460134995,2.982245275115995
floor_both__support_risk,ADE_vs_original,easy,eu-locality-112,571,1.9894001578871012,1.9890147457814562,-0.019377036116119406,3.169041555864979,3.336190259096328,3.169041555864979
floor_both__support_risk,ADE_vs_original,easy,eu-locality-126,2160,1.378663509243224,1.3780487859369481,-0.04460823974805628,2.9457781956993268,3.2806749386711767,2.9457781956993268
floor_both__support_risk,ADE_vs_original,hard,eu-locality-008,28100,60.57089897410699,60.570922836533484,3.93958443756226e-05,138.37729324495885,231.14803055134072,138.37729324495885
floor_both__support_risk,ADE_vs_original,hard,eu-locality-020,30,43.951869033620255,43.951869033620255,0.0,64.72063289570352,69.65016417684733,64.72063289570352
floor_both__support_risk,ADE_vs_original,hard,eu-locality-048,2478,63.81578764250422,63.81578764250422,0.0,138.97729297348553,219.8528418739297,138.97729297348553
floor_both__support_risk,ADE_vs_original,hard,eu-locality-067,2296,64.87262345060319,64.8614619075334,-0.017208281684588655,143.40335944857748,213.5382101003649,143.40335944857748
floor_both__support_risk,ADE_vs_original,hard,eu-locality-074,19310,59.93644172802104,59.918264999028594,-0.030335873364717436,136.16340090804525,238.5338149034194,136.1240287777267
floor_both__support_risk,ADE_vs_original,hard,eu-locality-082,184,55.52355031258824,55.60846369333075,0.15269866330201998,111.15642414153585,199.45076524670506,116.0311931849977
floor_both__support_risk,ADE_vs_original,hard,eu-locality-112,1153,69.7087177225217,69.7087177225217,0.0,173.29575179437632,312.16727648534334,173.29575179437632
floor_both__support_risk,ADE_vs_original,hard,eu-locality-126,1110,73.83029068375596,73.83029068375596,0.0,160.69598223874476,237.31079754913677,160.69598223874476
floor_both__support_risk,FDE_vs_floor,endpoint,eu-locality-008,121088,35.86268352883115,35.96957473477451,0.29717116961081036,136.95226757430473,281.94720140669045,136.94678016915063
floor_both__support_risk,FDE_vs_floor,endpoint,eu-locality-020,622,14.496083096865814,14.67889508889477,1.245407034533963,54.18434016797015,102.34943144507893,54.18434016797015
floor_both__support_risk,FDE_vs_floor,endpoint,eu-locality-048,5582,58.82553546583687,58.86627761858265,0.06921136242002968,216.55248685578948,355.4563120785641,216.55248685578948
floor_both__support_risk,FDE_vs_floor,endpoint,eu-locality-067,4600,64.07174113280344,64.14804098569955,0.1189433873952983,207.16877909819794,394.0447029702928,207.16877909819794
floor_both__support_risk,FDE_vs_floor,endpoint,eu-locality-074,81289,40.91344807315956,41.035287783577374,0.2969144777548727,139.60258176736735,285.6624090885739,139.8898647808847
floor_both__support_risk,FDE_vs_floor,endpoint,eu-locality-082,859,25.363326127108596,25.471426904331437,0.42440016269547076,115.16354557853296,234.31504208196256,115.16354557853296
floor_both__support_risk,FDE_vs_floor,endpoint,eu-locality-112,3719,47.87061851887091,47.968287530342636,0.20361162864098725,180.87314969023402,421.63704764077704,180.87314969023402
floor_both__support_risk,FDE_vs_floor,endpoint,eu-locality-126,4579,40.086385515645425,40.13090423960287,0.11093376738198213,186.14679086195613,367.4904107537943,186.14679086195613
floor_both__support_risk,ADE_vs_CV,easy,eu-locality-008,39889,1.655222973180874,1.791172498853141,7.589973928212568,3.0566874811057647,3.3444974980749604,3.2504176960159774
floor_both__support_risk,ADE_vs_CV,easy,eu-locality-020,593,1.2482634915061743,1.2706472215919324,1.761600679196751,3.040626325338701,3.3899938472394897,3.051349724629029
floor_both__support_risk,ADE_vs_CV,easy,eu-locality-048,1582,1.6411471472235515,1.7551327263969017,6.494413639437413,3.0750238570913164,3.380921428523672,3.2298308573246963
floor_both__support_risk,ADE_vs_CV,easy,eu-locality-067,1219,1.593997934862328,1.6528940070695597,3.5632092533053217,3.095280966786175,3.3448505278100407,3.222473275402277
floor_both__support_risk,ADE_vs_CV,easy,eu-locality-074,17048,1.9103883180453023,2.0239574238081066,5.611239862403938,3.2207186069010376,3.5193776574820075,3.3016095862663026
floor_both__support_risk,ADE_vs_CV,easy,eu-locality-082,513,1.5506039238873819,1.6221340438704122,4.409630650026886,2.982245275115995,3.3963414460134995,3.137173321764387
floor_both__support_risk,ADE_vs_CV,easy,eu-locality-112,571,1.9894001578871012,2.110763890677913,5.7497540737175274,3.169041555864979,3.336190259096328,3.3318797717711783
floor_both__support_risk,ADE_vs_CV,easy,eu-locality-126,2160,1.378663509243224,1.4931553251754432,7.6677766875168585,2.9457781956993268,3.2806749386711767,3.15811922069773
floor_both__support_random,ADE_vs_floor,all,eu-locality-008,157961,18.006523038697008,18.041144590837536,0.19190330173458614,63.855680257712145,131.2383271533595,63.85471877568163
floor_both__support_random,ADE_vs_floor,all,eu-locality-020,1225,6.469203828234918,6.514432089833121,0.6942778890701606,20.950455289077674,42.958840384020256,20.950455289077674
floor_both__support_random,ADE_vs_floor,all,eu-locality-048,8058,26.55715253107198,26.568426516120656,0.042433770181438124,89.49939807482255,160.11545465691114,89.49939807482255
floor_both__support_random,ADE_vs_floor,all,eu-locality-067,6903,28.83772428840214,28.87697837044287,0.13593555924434897,92.96468374261876,168.56927310186109,92.96468374261876
floor_both__support_random,ADE_vs_floor,all,eu-locality-074,102348,19.495902030125396,19.540144919218633,0.22642047577509095,64.34869845614868,132.73311771750846,64.46142956732993
floor_both__support_random,ADE_vs_floor,all,eu-locality-082,1368,13.537158365581833,13.564534585131002,0.201822033607979,52.30649963956743,101.91283477915022,52.30649963956743
floor_both__support_random,ADE_vs_floor,all,eu-locality-112,5004,24.342587311719676,24.377253499056568,0.1422071085171006,86.2710070848162,185.7800808901213,86.2710070848162
floor_both__support_random,ADE_vs_floor,all,eu-locality-126,5790,19.63131481941981,19.645962498046178,0.07455821331138202,86.5533275336093,157.09863889864567,86.5533275336093
floor_both__support_random,ADE_vs_floor,easy,eu-locality-008,39889,1.6551923352043105,1.7124634754637011,3.344371490544218,3.0566874811057647,3.3443145232616813,3.0954122497682435
floor_both__support_random,ADE_vs_floor,easy,eu-locality-020,593,1.2482634915061743,1.2667120183194382,1.456410497923577,3.040626325338701,3.3899938472394897,3.0442506244225767
floor_both__support_random,ADE_vs_floor,easy,eu-locality-048,1582,1.640694758938632,1.6796162978639069,2.3172875242264745,3.0750238570913164,3.380921428523672,3.080321842954575
floor_both__support_random,ADE_vs_floor,easy,eu-locality-067,1219,1.5939793391338921,1.6058934268181635,0.7418977800959903,3.095280966786175,3.3448505278100407,3.1204027321405072
floor_both__support_random,ADE_vs_floor,easy,eu-locality-074,17048,1.9106967730460156,1.9698182133276747,3.0013652976526917,3.2204358095098247,3.5193776574820075,3.248088316777988
floor_both__support_random,ADE_vs_floor,easy,eu-locality-082,513,1.5510700122445376,1.5717224694033087,1.31400152131258,2.982245275115995,3.3963414460134995,2.9910454520185303
floor_both__support_random,ADE_vs_floor,easy,eu-locality-112,571,1.9894001578871012,2.011879820091856,1.1173461744712232,3.169041555864979,3.336190259096328,3.1756828589252075
floor_both__support_random,ADE_vs_floor,easy,eu-locality-126,2160,1.3784868956999694,1.4103792615006157,2.2612616812525577,2.9457781956993268,3.2806749386711767,2.9648916649582264
floor_both__support_random,ADE_vs_floor,hard,eu-locality-008,28100,60.57088371950588,60.57267643715081,0.0029596143845345146,138.37729324495885,231.14803055134072,138.38282192988999
floor_both__support_random,ADE_vs_floor,hard,eu-locality-020,30,43.951869033620255,43.951869033620255,0.0,64.72063289570352,69.65016417684733,64.72063289570352
floor_both__support_random,ADE_vs_floor,hard,eu-locality-048,2478,63.81578764250422,63.81613301956246,0.0005412064973175923,138.97729297348553,219.8528418739297,138.97729297348553
floor_both__support_random,ADE_vs_floor,hard,eu-locality-067,2296,64.87262345060319,64.95146996619232,0.12139296559442458,143.40335944857748,213.5382101003649,143.40335944857748
floor_both__support_random,ADE_vs_floor,hard,eu-locality-074,19310,59.9371011201481,60.00555441541746,0.11407826481437677,136.16340090804525,238.5338149034194,136.34580362984687
floor_both__support_random,ADE_vs_floor,hard,eu-locality-082,184,55.52355031258824,55.56439239170911,0.07350405063902832,111.15642414153585,199.45076524670506,111.15642414153585
floor_both__support_random,ADE_vs_floor,hard,eu-locality-112,1153,69.7087177225217,69.78349615436602,0.10715776073888517,173.29575179437632,312.16727648534334,174.675987810338
floor_both__support_random,ADE_vs_floor,hard,eu-locality-126,1110,73.83029068375596,73.83050161725946,0.0002856996754396768,160.69598223874476,237.31079754913677,160.69598223874476
floor_both__support_random,ADE_vs_floor,complete,eu-locality-008,97352,16.344826629949853,16.389412229840747,0.27203904121537725,59.0033895767466,120.24155132052708,59.01678952634717
floor_both__support_random,ADE_vs_floor,complete,eu-locality-020,364,6.79175185244143,6.891806752673657,1.4517949185590684,22.682718227503177,49.70629992513765,22.682718227503177
floor_both__support_random,ADE_vs_floor,complete,eu-locality-048,4716,26.54878317079125,26.563160393487802,0.05412466921698167,91.22372192206632,161.22338275660073,91.22372192206632
floor_both__support_random,ADE_vs_floor,complete,eu-locality-067,3417,30.039340407123504,30.057452024112813,0.06025666105955452,92.43888499604662,166.36606324874677,92.43888499604662
floor_both__support_random,ADE_vs_floor,complete,eu-locality-074,67309,19.242096320776756,19.28822811110901,0.23917070073266045,63.32389069036956,131.15505879358042,63.36155246962371
floor_both__support_random,ADE_vs_floor,complete,eu-locality-082,582,10.359978556990068,10.401712665936916,0.4012234358627964,48.19172118275565,88.77064559267427,48.19172118275565
floor_both__support_random,ADE_vs_floor,complete,eu-locality-112,2417,20.674106778747703,20.722018417039262,0.2312112523370935,70.00895081757096,166.89078526843704,70.00895081757096
floor_both__support_random,ADE_vs_floor,complete,eu-locality-126,3637,19.318125595476104,19.334572553522406,0.0850650201899894,85.5211371225543,163.85887416785963,85.5211371225543
floor_both__support_random,ADE_vs_original,all,eu-locality-008,157961,18.006523038697008,18.005129395020038,-0.0077402591583508595,63.855680257712145,131.2383271533595,63.85471877568163
floor_both__support_random,ADE_vs_original,all,eu-locality-020,1225,6.469203828234918,6.465353258438382,-0.05955699004551729,20.950455289077674,42.958840384020256,20.950455289077674
floor_both__support_random,ADE_vs_original,all,eu-locality-048,8058,26.55715253107198,26.556968655893808,-0.0006923801453284639,89.49939807482255,160.11545465691114,89.49939807482255
floor_both__support_random,ADE_vs_original,all,eu-locality-067,6903,28.83772428840214,28.833202794857574,-0.015681551497181978,92.96468374261876,168.56927310186109,92.96468374261876
floor_both__support_random,ADE_vs_original,all,eu-locality-074,102348,19.495902030125396,19.490986227252886,-0.02522090373056063,64.34869845614868,132.73311771750846,64.33083864564493
floor_both__support_random,ADE_vs_original,all,eu-locality-082,1368,13.537158365581833,13.538623494519399,0.010821845648922856,52.30649963956743,101.91283477915022,52.30649963956743
floor_both__support_random,ADE_vs_original,all,eu-locality-112,5004,24.342587311719676,24.33956317833267,-0.012424764425089663,86.2710070848162,185.7800808901213,86.2710070848162
floor_both__support_random,ADE_vs_original,all,eu-locality-126,5790,19.63131481941981,19.63118326300335,-0.0006701400251607481,86.5533275336093,157.09863889864567,86.5533275336093
floor_both__support_random,ADE_vs_original,easy,eu-locality-008,39889,1.6551923352043105,1.653080448437078,-0.12775462738241483,3.0566874811057647,3.3443145232616813,3.054452595187942
floor_both__support_random,ADE_vs_original,easy,eu-locality-020,593,1.2482634915061743,1.2473886577744127,-0.07013321199524913,3.040626325338701,3.3899938472394897,3.040626325338701
floor_both__support_random,ADE_vs_original,easy,eu-locality-048,1582,1.640694758938632,1.6406111621563406,-0.005095465898308227,3.0750238570913164,3.380921428523672,3.0750238570913164
floor_both__support_random,ADE_vs_original,easy,eu-locality-067,1219,1.5939793391338921,1.5936806705566084,-0.018740804403383216,3.095280966786175,3.3448505278100407,3.095280966786175
floor_both__support_random,ADE_vs_original,easy,eu-locality-074,17048,1.9106967730460156,1.9085907153796902,-0.11034621772780806,3.2204358095098247,3.5193776574820075,3.2204358095098247
floor_both__support_random,ADE_vs_original,easy,eu-locality-082,513,1.5510700122445376,1.5511901160775996,0.0077426894238952215,2.982245275115995,3.3963414460134995,2.982245275115995
floor_both__support_random,ADE_vs_original,easy,eu-locality-112,571,1.9894001578871012,1.9890147457814562,-0.019377036116119406,3.169041555864979,3.336190259096328,3.169041555864979
floor_both__support_random,ADE_vs_original,easy,eu-locality-126,2160,1.3784868956999694,1.3780487859369481,-0.031792035774946825,2.9457781956993268,3.2806749386711767,2.9457781956993268
floor_both__support_random,ADE_vs_original,hard,eu-locality-008,28100,60.57088371950588,60.570922836533484,6.458053761759786e-05,138.37729324495885,231.14803055134072,138.37729324495885
floor_both__support_random,ADE_vs_original,hard,eu-locality-020,30,43.951869033620255,43.951869033620255,0.0,64.72063289570352,69.65016417684733,64.72063289570352
floor_both__support_random,ADE_vs_original,hard,eu-locality-048,2478,63.81578764250422,63.81578764250422,0.0,138.97729297348553,219.8528418739297,138.97729297348553
floor_both__support_random,ADE_vs_original,hard,eu-locality-067,2296,64.87262345060319,64.8614619075334,-0.017208281684588655,143.40335944857748,213.5382101003649,143.40335944857748
floor_both__support_random,ADE_vs_original,hard,eu-locality-074,19310,59.9371011201481,59.918264999028594,-0.031436359380254686,136.16340090804525,238.5338149034194,136.1240287777267
floor_both__support_random,ADE_vs_original,hard,eu-locality-082,184,55.52355031258824,55.60846369333075,0.15269866330201998,111.15642414153585,199.45076524670506,116.0311931849977
floor_both__support_random,ADE_vs_original,hard,eu-locality-112,1153,69.7087177225217,69.7087177225217,0.0,173.29575179437632,312.16727648534334,173.29575179437632
floor_both__support_random,ADE_vs_original,hard,eu-locality-126,1110,73.83029068375596,73.83029068375596,0.0,160.69598223874476,237.31079754913677,160.69598223874476
floor_both__support_random,FDE_vs_floor,endpoint,eu-locality-008,121088,35.86011148000756,35.96957473477451,0.3043217929989184,136.95226757430473,281.94720140669045,136.94678016915063
floor_both__support_random,FDE_vs_floor,endpoint,eu-locality-020,622,14.496083096865814,14.67889508889477,1.245407034533963,54.18434016797015,102.34943144507893,54.18434016797015
floor_both__support_random,FDE_vs_floor,endpoint,eu-locality-048,5582,58.82558700669368,58.86627761858265,0.06912380659198636,216.55248685578948,355.4563120785641,216.55248685578948
floor_both__support_random,FDE_vs_floor,endpoint,eu-locality-067,4600,64.07189754906626,64.14804098569955,0.11869955101241336,207.16877909819794,394.0447029702928,207.16877909819794
floor_both__support_random,FDE_vs_floor,endpoint,eu-locality-074,81289,40.913013705154114,41.035287783577374,0.29797300086730205,139.5840952912819,285.6624090885739,139.8898647808847
floor_both__support_random,FDE_vs_floor,endpoint,eu-locality-082,859,25.36331440070985,25.471426904331437,0.42444620015851253,115.16354557853296,234.31504208196256,115.16354557853296
floor_both__support_random,FDE_vs_floor,endpoint,eu-locality-112,3719,47.87061851887091,47.968287530342636,0.20361162864098725,180.87314969023402,421.63704764077704,180.87314969023402
floor_both__support_random,FDE_vs_floor,endpoint,eu-locality-126,4579,40.086212695478324,40.13090423960287,0.11136440848108498,186.14679086195613,367.4904107537943,186.14679086195613
floor_both__support_random,ADE_vs_CV,easy,eu-locality-008,39889,1.6551923352043105,1.791172498853141,7.591684426591883,3.0566874811057647,3.3443145232616813,3.2504176960159774
floor_both__support_random,ADE_vs_CV,easy,eu-locality-020,593,1.2482634915061743,1.2706472215919324,1.761600679196751,3.040626325338701,3.3899938472394897,3.051349724629029
floor_both__support_random,ADE_vs_CV,easy,eu-locality-048,1582,1.640694758938632,1.7551327263969017,6.520188800376281,3.0750238570913164,3.380921428523672,3.2298308573246963
floor_both__support_random,ADE_vs_CV,easy,eu-locality-067,1219,1.5939793391338921,1.6528940070695597,3.564334293892102,3.095280966786175,3.3448505278100407,3.222473275402277
floor_both__support_random,ADE_vs_CV,easy,eu-locality-074,17048,1.9106967730460156,2.0239574238081066,5.595999670239571,3.2204358095098247,3.5193776574820075,3.3016095862663026
floor_both__support_random,ADE_vs_CV,easy,eu-locality-082,513,1.5510700122445376,1.6221340438704122,4.380897614127854,2.982245275115995,3.3963414460134995,3.137173321764387
floor_both__support_random,ADE_vs_CV,easy,eu-locality-112,571,1.9894001578871012,2.110763890677913,5.7497540737175274,3.169041555864979,3.336190259096328,3.3318797717711783
floor_both__support_random,ADE_vs_CV,easy,eu-locality-126,2160,1.3784868956999694,1.4931553251754432,7.67960489723335,2.9457781956993268,3.2806749386711767,3.15811922069773
floor_both__combined,ADE_vs_floor,all,eu-locality-008,157961,18.005731023940257,18.041144590837536,0.19629334890018946,63.855680257712145,131.2383271533595,63.85471877568163
floor_both__combined,ADE_vs_floor,all,eu-locality-020,1225,6.469203828234918,6.514432089833121,0.6942778890701606,20.950455289077674,42.958840384020256,20.950455289077674
floor_both__combined,ADE_vs_floor,all,eu-locality-048,8058,26.557072468247195,26.568426516120656,0.042735115933834056,89.49939807482255,160.11545465691114,89.49939807482255
floor_both__combined,ADE_vs_floor,all,eu-locality-067,6903,28.837737049002126,28.87697837044287,0.13589136971793314,92.96468374261876,168.56927310186109,92.96468374261876
floor_both__combined,ADE_vs_floor,all,eu-locality-074,102348,19.498618211820567,19.540144919218633,0.21251995606861307,64.37454453254736,132.82571837209403,64.46142956732993
floor_both__combined,ADE_vs_floor,all,eu-locality-082,1368,13.536983582447903,13.564534585131002,0.2031105638766184,52.30649963956743,101.91283477915022,52.30649963956743
floor_both__combined,ADE_vs_floor,all,eu-locality-112,5004,24.342567580188106,24.377253499056568,0.14228805090698016,86.2710070848162,185.7800808901213,86.2710070848162
floor_both__combined,ADE_vs_floor,all,eu-locality-126,5790,19.63133719521992,19.645962498046178,0.07444431815296637,86.5533275336093,157.09863889864567,86.5533275336093
floor_both__combined,ADE_vs_floor,easy,eu-locality-008,39889,1.6538722445311445,1.7124634754637011,3.4214587214300374,3.0553883114975737,3.3433970027016118,3.0954122497682435
floor_both__combined,ADE_vs_floor,easy,eu-locality-020,593,1.2482634915061743,1.2667120183194382,1.456410497923577,3.040626325338701,3.3899938472394897,3.0442506244225767
floor_both__combined,ADE_vs_floor,easy,eu-locality-048,1582,1.6402464468649447,1.6796162978639069,2.3439788628528913,3.0750238570913164,3.380921428523672,3.080321842954575
floor_both__combined,ADE_vs_floor,easy,eu-locality-067,1219,1.594017771596427,1.6058934268181635,0.7395045663314281,3.095280966786175,3.3448505278100407,3.1204027321405072
floor_both__combined,ADE_vs_floor,easy,eu-locality-074,17048,1.9097200905100857,1.9698182133276747,3.0509476666917057,3.2204358095098247,3.514621280267517,3.248088316777988
floor_both__combined,ADE_vs_floor,easy,eu-locality-082,513,1.5506039238873819,1.5717224694033087,1.3436561433103567,2.982245275115995,3.3963414460134995,2.9910454520185303
floor_both__combined,ADE_vs_floor,easy,eu-locality-112,571,1.989227239176137,2.011879820091856,1.1259410571892392,3.169041555864979,3.336190259096328,3.1756828589252075
floor_both__combined,ADE_vs_floor,easy,eu-locality-126,2160,1.3784004545905295,1.4103792615006157,2.2673906078327755,2.9457781956993268,3.2806749386711767,2.9648916649582264
floor_both__combined,ADE_vs_floor,hard,eu-locality-008,28100,60.571258168760906,60.57267643715081,0.002341432595232007,138.37729324495885,231.14803055134072,138.38282192988999
floor_both__combined,ADE_vs_floor,hard,eu-locality-020,30,43.951869033620255,43.951869033620255,0.0,64.72063289570352,69.65016417684733,64.72063289570352
floor_both__combined,ADE_vs_floor,hard,eu-locality-048,2478,63.81578764250422,63.81613301956246,0.0005412064973175923,138.97729297348553,219.8528418739297,138.97729297348553
floor_both__combined,ADE_vs_floor,hard,eu-locality-067,2296,64.87262345060319,64.95146996619232,0.12139296559442458,143.40335944857748,213.5382101003649,143.40335944857748
floor_both__combined,ADE_vs_floor,hard,eu-locality-074,19310,59.95510183575593,60.00555441541746,0.08407984919569511,136.25958090894238,238.5338149034194,136.34580362984687
floor_both__combined,ADE_vs_floor,hard,eu-locality-082,184,55.52355031258824,55.56439239170911,0.07350405063902832,111.15642414153585,199.45076524670506,111.15642414153585
floor_both__combined,ADE_vs_floor,hard,eu-locality-112,1153,69.7087177225217,69.78349615436602,0.10715776073888517,173.29575179437632,312.16727648534334,174.675987810338
floor_both__combined,ADE_vs_floor,hard,eu-locality-126,1110,73.83029068375596,73.83050161725946,0.0002856996754396768,160.69598223874476,237.31079754913677,160.69598223874476
floor_both__combined,ADE_vs_floor,complete,eu-locality-008,97352,16.34385358636271,16.389412229840747,0.27797606673830577,59.0033895767466,120.24155132052708,59.01678952634717
floor_both__combined,ADE_vs_floor,complete,eu-locality-020,364,6.79175185244143,6.891806752673657,1.4517949185590684,22.682718227503177,49.70629992513765,22.682718227503177
floor_both__combined,ADE_vs_floor,complete,eu-locality-048,4716,26.54869957256466,26.563160393487802,0.05443938412796889,91.22372192206632,161.22338275660073,91.22372192206632
floor_both__combined,ADE_vs_floor,complete,eu-locality-067,3417,30.039277187352987,30.057452024112813,0.06046699083224194,92.43888499604662,166.36606324874677,92.43888499604662
floor_both__combined,ADE_vs_floor,complete,eu-locality-074,67309,19.243891930788397,19.28822811110901,0.22986134374405331,63.33816851832713,131.28734077286347,63.36155246962371
floor_both__combined,ADE_vs_floor,complete,eu-locality-082,582,10.359567726530925,10.401712665936916,0.4051730783143581,48.19172118275565,88.77064559267427,48.19172118275565
floor_both__combined,ADE_vs_floor,complete,eu-locality-112,2417,20.674106778747703,20.722018417039262,0.2312112523370935,70.00895081757096,166.89078526843704,70.00895081757096
floor_both__combined,ADE_vs_floor,complete,eu-locality-126,3637,19.318079535367445,19.334572553522406,0.08530324686156776,85.5211371225543,163.85887416785963,85.5211371225543
floor_both__combined,ADE_vs_original,all,eu-locality-008,157961,18.005731023940257,18.005129395020038,-0.003341430694669967,63.855680257712145,131.2383271533595,63.85471877568163
floor_both__combined,ADE_vs_original,all,eu-locality-020,1225,6.469203828234918,6.465353258438382,-0.05955699004551729,20.950455289077674,42.958840384020256,20.950455289077674
floor_both__combined,ADE_vs_original,all,eu-locality-048,8058,26.557072468247195,26.556968655893808,-0.0003909043789329658,89.49939807482255,160.11545465691114,89.49939807482255
floor_both__combined,ADE_vs_original,all,eu-locality-067,6903,28.837737049002126,28.833202794857574,-0.015725808113686846,92.96468374261876,168.56927310186109,92.96468374261876
floor_both__combined,ADE_vs_original,all,eu-locality-074,102348,19.498618211820567,19.490986227252886,-0.03915648227696966,64.37454453254736,132.82571837209403,64.33083864564493
floor_both__combined,ADE_vs_original,all,eu-locality-082,1368,13.536983582447903,13.538623494519399,0.01211284198988638,52.30649963956743,101.91283477915022,52.30649963956743
floor_both__combined,ADE_vs_original,all,eu-locality-112,5004,24.342567580188106,24.33956317833267,-0.012343696694228079,86.2710070848162,185.7800808901213,86.2710070848162
floor_both__combined,ADE_vs_original,all,eu-locality-126,5790,19.63133719521992,19.63118326300335,-0.0007841209289649598,86.5533275336093,157.09863889864567,86.5533275336093
floor_both__combined,ADE_vs_original,easy,eu-locality-008,39889,1.6538722445311445,1.653080448437078,-0.04789821903798952,3.0553883114975737,3.3433970027016118,3.054452595187942
floor_both__combined,ADE_vs_original,easy,eu-locality-020,593,1.2482634915061743,1.2473886577744127,-0.07013321199524913,3.040626325338701,3.3899938472394897,3.040626325338701
floor_both__combined,ADE_vs_original,easy,eu-locality-048,1582,1.6402464468649447,1.6406111621563406,0.022230452882965324,3.0750238570913164,3.380921428523672,3.0750238570913164
floor_both__combined,ADE_vs_original,easy,eu-locality-067,1219,1.594017771596427,1.5936806705566084,-0.02115235793760384,3.095280966786175,3.3448505278100407,3.095280966786175
floor_both__combined,ADE_vs_original,easy,eu-locality-074,17048,1.9097200905100857,1.9085907153796902,-0.05917324868527363,3.2204358095098247,3.514621280267517,3.2204358095098247
floor_both__combined,ADE_vs_original,easy,eu-locality-082,513,1.5506039238873819,1.5511901160775996,0.037789835310453324,2.982245275115995,3.3963414460134995,2.982245275115995
floor_both__combined,ADE_vs_original,easy,eu-locality-112,571,1.989227239176137,1.9890147457814562,-0.010683349388518337,3.169041555864979,3.336190259096328,3.169041555864979
floor_both__combined,ADE_vs_original,easy,eu-locality-126,2160,1.3784004545905295,1.3780487859369481,-0.025519318123579104,2.9457781956993268,3.2806749386711767,2.9457781956993268
floor_both__combined,ADE_vs_original,hard,eu-locality-008,28100,60.571258168760906,60.570922836533484,-0.0005536191487909292,138.37729324495885,231.14803055134072,138.37729324495885
floor_both__combined,ADE_vs_original,hard,eu-locality-020,30,43.951869033620255,43.951869033620255,0.0,64.72063289570352,69.65016417684733,64.72063289570352
floor_both__combined,ADE_vs_original,hard,eu-locality-048,2478,63.81578764250422,63.81578764250422,0.0,138.97729297348553,219.8528418739297,138.97729297348553
floor_both__combined,ADE_vs_original,hard,eu-locality-067,2296,64.87262345060319,64.8614619075334,-0.017208281684588655,143.40335944857748,213.5382101003649,143.40335944857748
floor_both__combined,ADE_vs_original,hard,eu-locality-074,19310,59.95510183575593,59.918264999028594,-0.06147847693509512,136.25958090894238,238.5338149034194,136.1240287777267
floor_both__combined,ADE_vs_original,hard,eu-locality-082,184,55.52355031258824,55.60846369333075,0.15269866330201998,111.15642414153585,199.45076524670506,116.0311931849977
floor_both__combined,ADE_vs_original,hard,eu-locality-112,1153,69.7087177225217,69.7087177225217,0.0,173.29575179437632,312.16727648534334,173.29575179437632
floor_both__combined,ADE_vs_original,hard,eu-locality-126,1110,73.83029068375596,73.83029068375596,0.0,160.69598223874476,237.31079754913677,160.69598223874476
floor_both__combined,FDE_vs_floor,endpoint,eu-locality-008,121088,35.85779640302709,35.96957473477451,0.31075800192700287,136.95226757430473,281.94720140669045,136.94678016915063
floor_both__combined,FDE_vs_floor,endpoint,eu-locality-020,622,14.496083096865814,14.67889508889477,1.245407034533963,54.18434016797015,102.34943144507893,54.18434016797015
floor_both__combined,FDE_vs_floor,endpoint,eu-locality-048,5582,58.82529193053262,58.86627761858265,0.06962507178658317,216.55248685578948,355.4563120785641,216.55248685578948
floor_both__combined,FDE_vs_floor,endpoint,eu-locality-067,4600,64.07189534290278,64.14804098569955,0.11870299018756914,207.16877909819794,394.0447029702928,207.16877909819794
floor_both__combined,FDE_vs_floor,endpoint,eu-locality-074,81289,40.91794699649536,41.035287783577374,0.2859509300894292,139.8122159242043,285.7408772946046,139.8898647808847
floor_both__combined,FDE_vs_floor,endpoint,eu-locality-082,859,25.363326127108596,25.471426904331437,0.42440016269547076,115.16354557853296,234.31504208196256,115.16354557853296
floor_both__combined,FDE_vs_floor,endpoint,eu-locality-112,3719,47.87061851887091,47.968287530342636,0.20361162864098725,180.87314969023402,421.63704764077704,180.87314969023402
floor_both__combined,FDE_vs_floor,endpoint,eu-locality-126,4579,40.08621585971706,40.13090423960287,0.11135652368807758,186.14679086195613,367.4904107537943,186.14679086195613
floor_both__combined,ADE_vs_CV,easy,eu-locality-008,39889,1.6538722445311445,1.791172498853141,7.665384233506689,3.0553883114975737,3.3433970027016118,3.2504176960159774
floor_both__combined,ADE_vs_CV,easy,eu-locality-020,593,1.2482634915061743,1.2706472215919324,1.761600679196751,3.040626325338701,3.3899938472394897,3.051349724629029
floor_both__combined,ADE_vs_CV,easy,eu-locality-048,1582,1.6402464468649447,1.7551327263969017,6.545731716131009,3.0750238570913164,3.380921428523672,3.2298308573246963
floor_both__combined,ADE_vs_CV,easy,eu-locality-067,1219,1.594017771596427,1.6528940070695597,3.562009131941568,3.095280966786175,3.3448505278100407,3.222473275402277
floor_both__combined,ADE_vs_CV,easy,eu-locality-074,17048,1.9097200905100857,2.0239574238081066,5.644255751342908,3.2204358095098247,3.514621280267517,3.3016095862663026
floor_both__combined,ADE_vs_CV,easy,eu-locality-082,513,1.5506039238873819,1.6221340438704122,4.409630650026886,2.982245275115995,3.3963414460134995,3.137173321764387
floor_both__combined,ADE_vs_CV,easy,eu-locality-112,571,1.989227239176137,2.110763890677913,5.757946307426276,3.169041555864979,3.336190259096328,3.3318797717711783
floor_both__combined,ADE_vs_CV,easy,eu-locality-126,2160,1.3784004545905295,1.4931553251754432,7.685394054461836,2.9457781956993268,3.2806749386711767,3.15811922069773
floor_both__combined,matched_risk,all,eu-locality-008,157961,18.005731023940257,18.00734905685508,0.008985403180195028,63.855680257712145,131.2383271533595,63.855680257712145
floor_both__combined,matched_risk,all,eu-locality-020,1225,6.469203828234918,6.469203828234918,0.0,20.950455289077674,42.958840384020256,20.950455289077674
floor_both__combined,matched_risk,all,eu-locality-048,8058,26.557072468247195,26.55718861831455,0.00043735829505786583,89.49939807482255,160.11545465691114,89.49939807482255
floor_both__combined,matched_risk,all,eu-locality-067,6903,28.837737049002126,28.837702361054518,-0.00012028679390319041,92.96468374261876,168.56927310186109,92.96468374261876
floor_both__combined,matched_risk,all,eu-locality-074,102348,19.498618211820567,19.496332977226245,-0.011721355995453209,64.37454453254736,132.82571837209403,64.35238081695006
floor_both__combined,matched_risk,all,eu-locality-082,1368,13.536983582447903,13.536983582447903,0.0,52.30649963956743,101.91283477915022,52.30649963956743
floor_both__combined,matched_risk,all,eu-locality-112,5004,24.342567580188106,24.342587311719676,8.105765963994926e-05,86.2710070848162,185.7800808901213,86.2710070848162
floor_both__combined,matched_risk,all,eu-locality-126,5790,19.63133719521992,19.6313807063375,0.00022164063867569084,86.5533275336093,157.09863889864567,86.5533275336093
floor_both__combined,matched_risk,easy,eu-locality-008,39889,1.6538722445311445,1.655222973180874,0.08160402988691695,3.0553883114975737,3.3433970027016118,3.0566874811057647
floor_both__combined,matched_risk,easy,eu-locality-020,593,1.2482634915061743,1.2482634915061743,0.0,3.040626325338701,3.3899938472394897,3.040626325338701
floor_both__combined,matched_risk,easy,eu-locality-048,1582,1.6402464468649447,1.6411471472235515,0.05488236445650996,3.0750238570913164,3.380921428523672,3.0750238570913164
floor_both__combined,matched_risk,easy,eu-locality-067,1219,1.594017771596427,1.593997934862328,-0.001244464228289388,3.095280966786175,3.3448505278100407,3.095280966786175
floor_both__combined,matched_risk,easy,eu-locality-074,17048,1.9097200905100857,1.9103883180453023,0.0349786233984295,3.2204358095098247,3.514621280267517,3.2207186069010376
floor_both__combined,matched_risk,easy,eu-locality-082,513,1.5506039238873819,1.5506039238873819,0.0,2.982245275115995,3.3963414460134995,2.982245275115995
floor_both__combined,matched_risk,easy,eu-locality-112,571,1.989227239176137,1.9894001578871012,0.00869200247515245,3.169041555864979,3.336190259096328,3.169041555864979
floor_both__combined,matched_risk,easy,eu-locality-126,2160,1.3784004545905295,1.378663509243224,0.019080410189353803,2.9457781956993268,3.2806749386711767,2.9457781956993268
floor_both__combined,matched_risk,hard,eu-locality-008,28100,60.571258168760906,60.57089897410699,-0.0005930152267907829,138.37729324495885,231.14803055134072,138.37729324495885
floor_both__combined,matched_risk,hard,eu-locality-020,30,43.951869033620255,43.951869033620255,0.0,64.72063289570352,69.65016417684733,64.72063289570352
floor_both__combined,matched_risk,hard,eu-locality-048,2478,63.81578764250422,63.81578764250422,0.0,138.97729297348553,219.8528418739297,138.97729297348553
floor_both__combined,matched_risk,hard,eu-locality-067,2296,64.87262345060319,64.87262345060319,0.0,143.40335944857748,213.5382101003649,143.40335944857748
floor_both__combined,matched_risk,hard,eu-locality-074,19310,59.95510183575593,59.93644172802104,-0.03113315905467484,136.25958090894238,238.5338149034194,136.16340090804525
floor_both__combined,matched_risk,hard,eu-locality-082,184,55.52355031258824,55.52355031258824,0.0,111.15642414153585,199.45076524670506,111.15642414153585
floor_both__combined,matched_risk,hard,eu-locality-112,1153,69.7087177225217,69.7087177225217,0.0,173.29575179437632,312.16727648534334,173.29575179437632
floor_both__combined,matched_risk,hard,eu-locality-126,1110,73.83029068375596,73.83029068375596,0.0,160.69598223874476,237.31079754913677,160.69598223874476
floor_both__combined,matched_risk,complete,eu-locality-008,97352,16.34385358636271,16.345944974006738,0.012794534958693315,59.0033895767466,120.24155132052708,59.0033895767466
floor_both__combined,matched_risk,complete,eu-locality-020,364,6.79175185244143,6.79175185244143,0.0,22.682718227503177,49.70629992513765,22.682718227503177
floor_both__combined,matched_risk,complete,eu-locality-048,4716,26.54869957256466,26.548673522042034,-9.81236317088019e-05,91.22372192206632,161.22338275660073,91.22372192206632
floor_both__combined,matched_risk,complete,eu-locality-067,3417,30.039277187352987,30.039271659720658,-1.8401352708252716e-05,92.43888499604662,166.36606324874677,92.43888499604662
floor_both__combined,matched_risk,complete,eu-locality-074,67309,19.243891930788397,19.24181736880075,-0.010781528313486,63.33816851832713,131.28734077286347,63.328289577825096
floor_both__combined,matched_risk,complete,eu-locality-082,582,10.359567726530925,10.359567726530925,0.0,48.19172118275565,88.77064559267427,48.19172118275565
floor_both__combined,matched_risk,complete,eu-locality-112,2417,20.674106778747703,20.674106778747703,0.0,70.00895081757096,166.89078526843704,70.00895081757096
floor_both__combined,matched_risk,complete,eu-locality-126,3637,19.318079535367445,19.31819696717642,0.0006078818285848442,85.5211371225543,163.85887416785963,85.5211371225543
floor_both__combined,matched_random,all,eu-locality-008,157961,18.005731023940257,18.006523038697008,0.004398488009316193,63.855680257712145,131.2383271533595,63.855680257712145
floor_both__combined,matched_random,all,eu-locality-020,1225,6.469203828234918,6.469203828234918,0.0,20.950455289077674,42.958840384020256,20.950455289077674
floor_both__combined,matched_random,all,eu-locality-048,8058,26.557072468247195,26.55715253107198,0.00030147367904298505,89.49939807482255,160.11545465691114,89.49939807482255
floor_both__combined,matched_random,all,eu-locality-067,6903,28.837737049002126,28.83772428840214,-4.424967747773678e-05,92.96468374261876,168.56927310186109,92.96468374261876
floor_both__combined,matched_random,all,eu-locality-074,102348,19.498618211820567,19.495902030125396,-0.013932064753774398,64.37454453254736,132.82571837209403,64.34869845614868
floor_both__combined,matched_random,all,eu-locality-082,1368,13.536983582447903,13.537158365581833,0.0012911360657064108,52.30649963956743,101.91283477915022,52.30649963956743
floor_both__combined,matched_random,all,eu-locality-112,5004,24.342567580188106,24.342587311719676,8.105765963994926e-05,86.2710070848162,185.7800808901213,86.2710070848162
floor_both__combined,matched_random,all,eu-locality-126,5790,19.63133719521992,19.63131481941981,-0.00011398013997077072,86.5533275336093,157.09863889864567,86.5533275336093
floor_both__combined,matched_random,easy,eu-locality-008,39889,1.6538722445311445,1.6551923352043105,0.07975451825682489,3.0553883114975737,3.3433970027016118,3.0566874811057647
floor_both__combined,matched_random,easy,eu-locality-020,593,1.2482634915061743,1.2482634915061743,0.0,3.040626325338701,3.3899938472394897,3.040626325338701
floor_both__combined,matched_random,easy,eu-locality-048,1582,1.6402464468649447,1.640694758938632,0.027324526469341137,3.0750238570913164,3.380921428523672,3.0750238570913164
floor_both__combined,matched_random,easy,eu-locality-067,1219,1.594017771596427,1.5939793391338921,-0.0024111016743599833,3.095280966786175,3.3448505278100407,3.095280966786175
floor_both__combined,matched_random,easy,eu-locality-074,17048,1.9097200905100857,1.9106967730460156,0.05111656384769736,3.2204358095098247,3.514621280267517,3.2204358095098247
floor_both__combined,matched_random,easy,eu-locality-082,513,1.5506039238873819,1.5510700122445376,0.030049472523885346,2.982245275115995,3.3963414460134995,2.982245275115995
floor_both__combined,matched_random,easy,eu-locality-112,571,1.989227239176137,1.9894001578871012,0.00869200247515245,3.169041555864979,3.336190259096328,3.169041555864979
floor_both__combined,matched_random,easy,eu-locality-126,2160,1.3784004545905295,1.3784868956999694,0.006270724060530863,2.9457781956993268,3.2806749386711767,2.9457781956993268
floor_both__combined,matched_random,hard,eu-locality-008,28100,60.571258168760906,60.57088371950588,-0.0006182000856336245,138.37729324495885,231.14803055134072,138.37729324495885
floor_both__combined,matched_random,hard,eu-locality-020,30,43.951869033620255,43.951869033620255,0.0,64.72063289570352,69.65016417684733,64.72063289570352
floor_both__combined,matched_random,hard,eu-locality-048,2478,63.81578764250422,63.81578764250422,0.0,138.97729297348553,219.8528418739297,138.97729297348553
floor_both__combined,matched_random,hard,eu-locality-067,2296,64.87262345060319,64.87262345060319,0.0,143.40335944857748,213.5382101003649,143.40335944857748
floor_both__combined,matched_random,hard,eu-locality-074,19310,59.95510183575593,59.9371011201481,-0.030032676374780465,136.25958090894238,238.5338149034194,136.16340090804525
floor_both__combined,matched_random,hard,eu-locality-082,184,55.52355031258824,55.52355031258824,0.0,111.15642414153585,199.45076524670506,111.15642414153585
floor_both__combined,matched_random,hard,eu-locality-112,1153,69.7087177225217,69.7087177225217,0.0,173.29575179437632,312.16727648534334,173.29575179437632
floor_both__combined,matched_random,hard,eu-locality-126,1110,73.83029068375596,73.83029068375596,0.0,160.69598223874476,237.31079754913677,160.69598223874476
floor_both__combined,matched_random,complete,eu-locality-008,97352,16.34385358636271,16.344826629949853,0.0059532206071910565,59.0033895767466,120.24155132052708,59.0033895767466
floor_both__combined,matched_random,complete,eu-locality-020,364,6.79175185244143,6.79175185244143,0.0,22.682718227503177,49.70629992513765,22.682718227503177
floor_both__combined,matched_random,complete,eu-locality-048,4716,26.54869957256466,26.54878317079125,0.00031488534163459647,91.22372192206632,161.22338275660073,91.22372192206632
floor_both__combined,matched_random,complete,eu-locality-067,3417,30.039277187352987,30.039340407123504,0.00021045658680218793,92.43888499604662,166.36606324874677,92.43888499604662
floor_both__combined,matched_random,complete,eu-locality-074,67309,19.243891930788397,19.242096320776756,-0.009331675622581415,63.33816851832713,131.28734077286347,63.32389069036956
floor_both__combined,matched_random,complete,eu-locality-082,582,10.359567726530925,10.359978556990068,0.003965553180285131,48.19172118275565,88.77064559267427,48.19172118275565
floor_both__combined,matched_random,complete,eu-locality-112,2417,20.674106778747703,20.674106778747703,0.0,70.00895081757096,166.89078526843704,70.00895081757096
floor_both__combined,matched_random,complete,eu-locality-126,3637,19.318079535367445,19.318125595476104,0.00023842949167240945,85.5211371225543,163.85887416785963,85.5211371225543
floor_both__combined_risk,ADE_vs_floor,all,eu-locality-008,157961,18.00734905685508,18.041144590837536,0.18732477760651234,63.855680257712145,131.2383271533595,63.85471877568163
floor_both__combined_risk,ADE_vs_floor,all,eu-locality-020,1225,6.469203828234918,6.514432089833121,0.6942778890701606,20.950455289077674,42.958840384020256,20.950455289077674
floor_both__combined_risk,ADE_vs_floor,all,eu-locality-048,8058,26.55718861831455,26.568426516120656,0.0422979426323411,89.49939807482255,160.11545465691114,89.49939807482255
floor_both__combined_risk,ADE_vs_floor,all,eu-locality-067,6903,28.837702361054518,28.87697837044287,0.13601149290797254,92.96468374261876,168.56927310186109,92.96468374261876
floor_both__combined_risk,ADE_vs_floor,all,eu-locality-074,102348,19.496332977226245,19.540144919218633,0.22421503102209028,64.35238081695006,132.73311771750846,64.46142956732993
floor_both__combined_risk,ADE_vs_floor,all,eu-locality-082,1368,13.536983582447903,13.564534585131002,0.2031105638766184,52.30649963956743,101.91283477915022,52.30649963956743
floor_both__combined_risk,ADE_vs_floor,all,eu-locality-112,5004,24.342587311719676,24.377253499056568,0.1422071085171006,86.2710070848162,185.7800808901213,86.2710070848162
floor_both__combined_risk,ADE_vs_floor,all,eu-locality-126,5790,19.6313807063375,19.645962498046178,0.07422284202226459,86.5533275336093,157.09863889864567,86.5533275336093
floor_both__combined_risk,ADE_vs_floor,easy,eu-locality-008,39889,1.655222973180874,1.7124634754637011,3.342582373462155,3.0566874811057647,3.3444974980749604,3.0954122497682435
floor_both__combined_risk,ADE_vs_floor,easy,eu-locality-020,593,1.2482634915061743,1.2667120183194382,1.456410497923577,3.040626325338701,3.3899938472394897,3.0442506244225767
floor_both__combined_risk,ADE_vs_floor,easy,eu-locality-048,1582,1.6411471472235515,1.6796162978639069,2.290353498550801,3.0750238570913164,3.380921428523672,3.080321842954575
floor_both__combined_risk,ADE_vs_floor,easy,eu-locality-067,1219,1.593997934862328,1.6058934268181635,0.7407398123177145,3.095280966786175,3.3448505278100407,3.1204027321405072
floor_both__combined_risk,ADE_vs_floor,easy,eu-locality-074,17048,1.9103883180453023,1.9698182133276747,3.017024356880915,3.2207186069010376,3.5193776574820075,3.248088316777988
floor_both__combined_risk,ADE_vs_floor,easy,eu-locality-082,513,1.5506039238873819,1.5717224694033087,1.3436561433103567,2.982245275115995,3.3963414460134995,2.9910454520185303
floor_both__combined_risk,ADE_vs_floor,easy,eu-locality-112,571,1.9894001578871012,2.011879820091856,1.1173461744712232,3.169041555864979,3.336190259096328,3.1756828589252075
floor_both__combined_risk,ADE_vs_floor,easy,eu-locality-126,2160,1.378663509243224,1.4103792615006157,2.2487392663195216,2.9457781956993268,3.2806749386711767,2.9648916649582264
floor_both__combined_risk,ADE_vs_floor,hard,eu-locality-008,28100,60.57089897410699,60.57267643715081,0.002934430420398204,138.37729324495885,231.14803055134072,138.38282192988999
floor_both__combined_risk,ADE_vs_floor,hard,eu-locality-020,30,43.951869033620255,43.951869033620255,0.0,64.72063289570352,69.65016417684733,64.72063289570352
floor_both__combined_risk,ADE_vs_floor,hard,eu-locality-048,2478,63.81578764250422,63.81613301956246,0.0005412064973175923,138.97729297348553,219.8528418739297,138.97729297348553
floor_both__combined_risk,ADE_vs_floor,hard,eu-locality-067,2296,64.87262345060319,64.95146996619232,0.12139296559442458,143.40335944857748,213.5382101003649,143.40335944857748
floor_both__combined_risk,ADE_vs_floor,hard,eu-locality-074,19310,59.93644172802104,60.00555441541746,0.11517714996507333,136.16340090804525,238.5338149034194,136.34580362984687
floor_both__combined_risk,ADE_vs_floor,hard,eu-locality-082,184,55.52355031258824,55.56439239170911,0.07350405063902832,111.15642414153585,199.45076524670506,111.15642414153585
floor_both__combined_risk,ADE_vs_floor,hard,eu-locality-112,1153,69.7087177225217,69.78349615436602,0.10715776073888517,173.29575179437632,312.16727648534334,174.675987810338
floor_both__combined_risk,ADE_vs_floor,hard,eu-locality-126,1110,73.83029068375596,73.83050161725946,0.0002856996754396768,160.69598223874476,237.31079754913677,160.69598223874476
floor_both__combined_risk,ADE_vs_floor,complete,eu-locality-008,97352,16.345944974006738,16.389412229840747,0.26521546486497627,59.0033895767466,120.24155132052708,59.01678952634717
floor_both__combined_risk,ADE_vs_floor,complete,eu-locality-020,364,6.79175185244143,6.891806752673657,1.4517949185590684,22.682718227503177,49.70629992513765,22.682718227503177
floor_both__combined_risk,ADE_vs_floor,complete,eu-locality-048,4716,26.548673522042034,26.563160393487802,0.05453745424554013,91.22372192206632,161.22338275660073,91.22372192206632
floor_both__combined_risk,ADE_vs_floor,complete,eu-locality-067,3417,30.039271659720658,30.057452024112813,0.06048538105482004,92.43888499604662,166.36606324874677,92.43888499604662
floor_both__combined_risk,ADE_vs_floor,complete,eu-locality-074,67309,19.24181736880075,19.28822811110901,0.24061692987512595,63.328289577825096,131.15505879358042,63.36155246962371
floor_both__combined_risk,ADE_vs_floor,complete,eu-locality-082,582,10.359567726530925,10.401712665936916,0.4051730783143581,48.19172118275565,88.77064559267427,48.19172118275565
floor_both__combined_risk,ADE_vs_floor,complete,eu-locality-112,2417,20.674106778747703,20.722018417039262,0.2312112523370935,70.00895081757096,166.89078526843704,70.00895081757096
floor_both__combined_risk,ADE_vs_floor,complete,eu-locality-126,3637,19.31819696717642,19.334572553522406,0.08469587988384486,85.5211371225543,163.85887416785963,85.5211371225543
floor_both__combined_risk,ADE_vs_original,all,eu-locality-008,157961,18.00734905685508,18.005129395020038,-0.012327941590117852,63.855680257712145,131.2383271533595,63.85471877568163
floor_both__combined_risk,ADE_vs_original,all,eu-locality-020,1225,6.469203828234918,6.465353258438382,-0.05955699004551729,20.950455289077674,42.958840384020256,20.950455289077674
floor_both__combined_risk,ADE_vs_original,all,eu-locality-048,8058,26.55718861831455,26.556968655893808,-0.0008282662964820275,89.49939807482255,160.11545465691114,89.49939807482255
floor_both__combined_risk,ADE_vs_original,all,eu-locality-067,6903,28.837702361054518,28.833202794857574,-0.015605502548421413,92.96468374261876,168.56927310186109,92.96468374261876
floor_both__combined_risk,ADE_vs_original,all,eu-locality-074,102348,19.496332977226245,19.490986227252886,-0.02743191088956376,64.35238081695006,132.73311771750846,64.33083864564493
floor_both__combined_risk,ADE_vs_original,all,eu-locality-082,1368,13.536983582447903,13.538623494519399,0.01211284198988638,52.30649963956743,101.91283477915022,52.30649963956743
floor_both__combined_risk,ADE_vs_original,all,eu-locality-112,5004,24.342587311719676,24.33956317833267,-0.012424764425089663,86.2710070848162,185.7800808901213,86.2710070848162
floor_both__combined_risk,ADE_vs_original,all,eu-locality-126,5790,19.6313807063375,19.63118326300335,-0.001005763796824155,86.5533275336093,157.09863889864567,86.5533275336093
floor_both__combined_risk,ADE_vs_original,easy,eu-locality-008,39889,1.655222973180874,1.653080448437078,-0.1296080142876077,3.0566874811057647,3.3444974980749604,3.054452595187942
floor_both__combined_risk,ADE_vs_original,easy,eu-locality-020,593,1.2482634915061743,1.2473886577744127,-0.07013321199524913,3.040626325338701,3.3899938472394897,3.040626325338701
floor_both__combined_risk,ADE_vs_original,easy,eu-locality-048,1582,1.6411471472235515,1.6406111621563406,-0.03266984155505526,3.0750238570913164,3.380921428523672,3.0750238570913164
floor_both__combined_risk,ADE_vs_original,easy,eu-locality-067,1219,1.593997934862328,1.5936806705566084,-0.01990764596579986,3.095280966786175,3.3448505278100407,3.095280966786175
floor_both__combined_risk,ADE_vs_original,easy,eu-locality-074,17048,1.9103883180453023,1.9085907153796902,-0.09418481663601153,3.2207186069010376,3.5193776574820075,3.2204358095098247
floor_both__combined_risk,ADE_vs_original,easy,eu-locality-082,513,1.5506039238873819,1.5511901160775996,0.037789835310453324,2.982245275115995,3.3963414460134995,2.982245275115995
floor_both__combined_risk,ADE_vs_original,easy,eu-locality-112,571,1.9894001578871012,1.9890147457814562,-0.019377036116119406,3.169041555864979,3.336190259096328,3.169041555864979
floor_both__combined_risk,ADE_vs_original,easy,eu-locality-126,2160,1.378663509243224,1.3780487859369481,-0.04460823974805628,2.9457781956993268,3.2806749386711767,2.9457781956993268
floor_both__combined_risk,ADE_vs_original,hard,eu-locality-008,28100,60.57089897410699,60.570922836533484,3.93958443756226e-05,138.37729324495885,231.14803055134072,138.37729324495885
floor_both__combined_risk,ADE_vs_original,hard,eu-locality-020,30,43.951869033620255,43.951869033620255,0.0,64.72063289570352,69.65016417684733,64.72063289570352
floor_both__combined_risk,ADE_vs_original,hard,eu-locality-048,2478,63.81578764250422,63.81578764250422,0.0,138.97729297348553,219.8528418739297,138.97729297348553
floor_both__combined_risk,ADE_vs_original,hard,eu-locality-067,2296,64.87262345060319,64.8614619075334,-0.017208281684588655,143.40335944857748,213.5382101003649,143.40335944857748
floor_both__combined_risk,ADE_vs_original,hard,eu-locality-074,19310,59.93644172802104,59.918264999028594,-0.030335873364717436,136.16340090804525,238.5338149034194,136.1240287777267
floor_both__combined_risk,ADE_vs_original,hard,eu-locality-082,184,55.52355031258824,55.60846369333075,0.15269866330201998,111.15642414153585,199.45076524670506,116.0311931849977
floor_both__combined_risk,ADE_vs_original,hard,eu-locality-112,1153,69.7087177225217,69.7087177225217,0.0,173.29575179437632,312.16727648534334,173.29575179437632
floor_both__combined_risk,ADE_vs_original,hard,eu-locality-126,1110,73.83029068375596,73.83029068375596,0.0,160.69598223874476,237.31079754913677,160.69598223874476
floor_both__combined_risk,FDE_vs_floor,endpoint,eu-locality-008,121088,35.86268352883115,35.96957473477451,0.29717116961081036,136.95226757430473,281.94720140669045,136.94678016915063
floor_both__combined_risk,FDE_vs_floor,endpoint,eu-locality-020,622,14.496083096865814,14.67889508889477,1.245407034533963,54.18434016797015,102.34943144507893,54.18434016797015
floor_both__combined_risk,FDE_vs_floor,endpoint,eu-locality-048,5582,58.82553546583687,58.86627761858265,0.06921136242002968,216.55248685578948,355.4563120785641,216.55248685578948
floor_both__combined_risk,FDE_vs_floor,endpoint,eu-locality-067,4600,64.07174113280344,64.14804098569955,0.1189433873952983,207.16877909819794,394.0447029702928,207.16877909819794
floor_both__combined_risk,FDE_vs_floor,endpoint,eu-locality-074,81289,40.91344807315956,41.035287783577374,0.2969144777548727,139.60258176736735,285.6624090885739,139.8898647808847
floor_both__combined_risk,FDE_vs_floor,endpoint,eu-locality-082,859,25.363326127108596,25.471426904331437,0.42440016269547076,115.16354557853296,234.31504208196256,115.16354557853296
floor_both__combined_risk,FDE_vs_floor,endpoint,eu-locality-112,3719,47.87061851887091,47.968287530342636,0.20361162864098725,180.87314969023402,421.63704764077704,180.87314969023402
floor_both__combined_risk,FDE_vs_floor,endpoint,eu-locality-126,4579,40.086385515645425,40.13090423960287,0.11093376738198213,186.14679086195613,367.4904107537943,186.14679086195613
floor_both__combined_risk,ADE_vs_CV,easy,eu-locality-008,39889,1.655222973180874,1.791172498853141,7.589973928212568,3.0566874811057647,3.3444974980749604,3.2504176960159774
floor_both__combined_risk,ADE_vs_CV,easy,eu-locality-020,593,1.2482634915061743,1.2706472215919324,1.761600679196751,3.040626325338701,3.3899938472394897,3.051349724629029
floor_both__combined_risk,ADE_vs_CV,easy,eu-locality-048,1582,1.6411471472235515,1.7551327263969017,6.494413639437413,3.0750238570913164,3.380921428523672,3.2298308573246963
floor_both__combined_risk,ADE_vs_CV,easy,eu-locality-067,1219,1.593997934862328,1.6528940070695597,3.5632092533053217,3.095280966786175,3.3448505278100407,3.222473275402277
floor_both__combined_risk,ADE_vs_CV,easy,eu-locality-074,17048,1.9103883180453023,2.0239574238081066,5.611239862403938,3.2207186069010376,3.5193776574820075,3.3016095862663026
floor_both__combined_risk,ADE_vs_CV,easy,eu-locality-082,513,1.5506039238873819,1.6221340438704122,4.409630650026886,2.982245275115995,3.3963414460134995,3.137173321764387
floor_both__combined_risk,ADE_vs_CV,easy,eu-locality-112,571,1.9894001578871012,2.110763890677913,5.7497540737175274,3.169041555864979,3.336190259096328,3.3318797717711783
floor_both__combined_risk,ADE_vs_CV,easy,eu-locality-126,2160,1.378663509243224,1.4931553251754432,7.6677766875168585,2.9457781956993268,3.2806749386711767,3.15811922069773
floor_both__combined_random,ADE_vs_floor,all,eu-locality-008,157961,18.006523038697008,18.041144590837536,0.19190330173458614,63.855680257712145,131.2383271533595,63.85471877568163
floor_both__combined_random,ADE_vs_floor,all,eu-locality-020,1225,6.469203828234918,6.514432089833121,0.6942778890701606,20.950455289077674,42.958840384020256,20.950455289077674
floor_both__combined_random,ADE_vs_floor,all,eu-locality-048,8058,26.55715253107198,26.568426516120656,0.042433770181438124,89.49939807482255,160.11545465691114,89.49939807482255
floor_both__combined_random,ADE_vs_floor,all,eu-locality-067,6903,28.83772428840214,28.87697837044287,0.13593555924434897,92.96468374261876,168.56927310186109,92.96468374261876
floor_both__combined_random,ADE_vs_floor,all,eu-locality-074,102348,19.495902030125396,19.540144919218633,0.22642047577509095,64.34869845614868,132.73311771750846,64.46142956732993
floor_both__combined_random,ADE_vs_floor,all,eu-locality-082,1368,13.537158365581833,13.564534585131002,0.201822033607979,52.30649963956743,101.91283477915022,52.30649963956743
floor_both__combined_random,ADE_vs_floor,all,eu-locality-112,5004,24.342587311719676,24.377253499056568,0.1422071085171006,86.2710070848162,185.7800808901213,86.2710070848162
floor_both__combined_random,ADE_vs_floor,all,eu-locality-126,5790,19.63131481941981,19.645962498046178,0.07455821331138202,86.5533275336093,157.09863889864567,86.5533275336093
floor_both__combined_random,ADE_vs_floor,easy,eu-locality-008,39889,1.6551923352043105,1.7124634754637011,3.344371490544218,3.0566874811057647,3.3443145232616813,3.0954122497682435
floor_both__combined_random,ADE_vs_floor,easy,eu-locality-020,593,1.2482634915061743,1.2667120183194382,1.456410497923577,3.040626325338701,3.3899938472394897,3.0442506244225767
floor_both__combined_random,ADE_vs_floor,easy,eu-locality-048,1582,1.640694758938632,1.6796162978639069,2.3172875242264745,3.0750238570913164,3.380921428523672,3.080321842954575
floor_both__combined_random,ADE_vs_floor,easy,eu-locality-067,1219,1.5939793391338921,1.6058934268181635,0.7418977800959903,3.095280966786175,3.3448505278100407,3.1204027321405072
floor_both__combined_random,ADE_vs_floor,easy,eu-locality-074,17048,1.9106967730460156,1.9698182133276747,3.0013652976526917,3.2204358095098247,3.5193776574820075,3.248088316777988
floor_both__combined_random,ADE_vs_floor,easy,eu-locality-082,513,1.5510700122445376,1.5717224694033087,1.31400152131258,2.982245275115995,3.3963414460134995,2.9910454520185303
floor_both__combined_random,ADE_vs_floor,easy,eu-locality-112,571,1.9894001578871012,2.011879820091856,1.1173461744712232,3.169041555864979,3.336190259096328,3.1756828589252075
floor_both__combined_random,ADE_vs_floor,easy,eu-locality-126,2160,1.3784868956999694,1.4103792615006157,2.2612616812525577,2.9457781956993268,3.2806749386711767,2.9648916649582264
floor_both__combined_random,ADE_vs_floor,hard,eu-locality-008,28100,60.57088371950588,60.57267643715081,0.0029596143845345146,138.37729324495885,231.14803055134072,138.38282192988999
floor_both__combined_random,ADE_vs_floor,hard,eu-locality-020,30,43.951869033620255,43.951869033620255,0.0,64.72063289570352,69.65016417684733,64.72063289570352
floor_both__combined_random,ADE_vs_floor,hard,eu-locality-048,2478,63.81578764250422,63.81613301956246,0.0005412064973175923,138.97729297348553,219.8528418739297,138.97729297348553
floor_both__combined_random,ADE_vs_floor,hard,eu-locality-067,2296,64.87262345060319,64.95146996619232,0.12139296559442458,143.40335944857748,213.5382101003649,143.40335944857748
floor_both__combined_random,ADE_vs_floor,hard,eu-locality-074,19310,59.9371011201481,60.00555441541746,0.11407826481437677,136.16340090804525,238.5338149034194,136.34580362984687
floor_both__combined_random,ADE_vs_floor,hard,eu-locality-082,184,55.52355031258824,55.56439239170911,0.07350405063902832,111.15642414153585,199.45076524670506,111.15642414153585
floor_both__combined_random,ADE_vs_floor,hard,eu-locality-112,1153,69.7087177225217,69.78349615436602,0.10715776073888517,173.29575179437632,312.16727648534334,174.675987810338
floor_both__combined_random,ADE_vs_floor,hard,eu-locality-126,1110,73.83029068375596,73.83050161725946,0.0002856996754396768,160.69598223874476,237.31079754913677,160.69598223874476
floor_both__combined_random,ADE_vs_floor,complete,eu-locality-008,97352,16.344826629949853,16.389412229840747,0.27203904121537725,59.0033895767466,120.24155132052708,59.01678952634717
floor_both__combined_random,ADE_vs_floor,complete,eu-locality-020,364,6.79175185244143,6.891806752673657,1.4517949185590684,22.682718227503177,49.70629992513765,22.682718227503177
floor_both__combined_random,ADE_vs_floor,complete,eu-locality-048,4716,26.54878317079125,26.563160393487802,0.05412466921698167,91.22372192206632,161.22338275660073,91.22372192206632
floor_both__combined_random,ADE_vs_floor,complete,eu-locality-067,3417,30.039340407123504,30.057452024112813,0.06025666105955452,92.43888499604662,166.36606324874677,92.43888499604662
floor_both__combined_random,ADE_vs_floor,complete,eu-locality-074,67309,19.242096320776756,19.28822811110901,0.23917070073266045,63.32389069036956,131.15505879358042,63.36155246962371
floor_both__combined_random,ADE_vs_floor,complete,eu-locality-082,582,10.359978556990068,10.401712665936916,0.4012234358627964,48.19172118275565,88.77064559267427,48.19172118275565
floor_both__combined_random,ADE_vs_floor,complete,eu-locality-112,2417,20.674106778747703,20.722018417039262,0.2312112523370935,70.00895081757096,166.89078526843704,70.00895081757096
floor_both__combined_random,ADE_vs_floor,complete,eu-locality-126,3637,19.318125595476104,19.334572553522406,0.0850650201899894,85.5211371225543,163.85887416785963,85.5211371225543
floor_both__combined_random,ADE_vs_original,all,eu-locality-008,157961,18.006523038697008,18.005129395020038,-0.0077402591583508595,63.855680257712145,131.2383271533595,63.85471877568163
floor_both__combined_random,ADE_vs_original,all,eu-locality-020,1225,6.469203828234918,6.465353258438382,-0.05955699004551729,20.950455289077674,42.958840384020256,20.950455289077674
floor_both__combined_random,ADE_vs_original,all,eu-locality-048,8058,26.55715253107198,26.556968655893808,-0.0006923801453284639,89.49939807482255,160.11545465691114,89.49939807482255
floor_both__combined_random,ADE_vs_original,all,eu-locality-067,6903,28.83772428840214,28.833202794857574,-0.015681551497181978,92.96468374261876,168.56927310186109,92.96468374261876
floor_both__combined_random,ADE_vs_original,all,eu-locality-074,102348,19.495902030125396,19.490986227252886,-0.02522090373056063,64.34869845614868,132.73311771750846,64.33083864564493
floor_both__combined_random,ADE_vs_original,all,eu-locality-082,1368,13.537158365581833,13.538623494519399,0.010821845648922856,52.30649963956743,101.91283477915022,52.30649963956743
floor_both__combined_random,ADE_vs_original,all,eu-locality-112,5004,24.342587311719676,24.33956317833267,-0.012424764425089663,86.2710070848162,185.7800808901213,86.2710070848162
floor_both__combined_random,ADE_vs_original,all,eu-locality-126,5790,19.63131481941981,19.63118326300335,-0.0006701400251607481,86.5533275336093,157.09863889864567,86.5533275336093
floor_both__combined_random,ADE_vs_original,easy,eu-locality-008,39889,1.6551923352043105,1.653080448437078,-0.12775462738241483,3.0566874811057647,3.3443145232616813,3.054452595187942
floor_both__combined_random,ADE_vs_original,easy,eu-locality-020,593,1.2482634915061743,1.2473886577744127,-0.07013321199524913,3.040626325338701,3.3899938472394897,3.040626325338701
floor_both__combined_random,ADE_vs_original,easy,eu-locality-048,1582,1.640694758938632,1.6406111621563406,-0.005095465898308227,3.0750238570913164,3.380921428523672,3.0750238570913164
floor_both__combined_random,ADE_vs_original,easy,eu-locality-067,1219,1.5939793391338921,1.5936806705566084,-0.018740804403383216,3.095280966786175,3.3448505278100407,3.095280966786175
floor_both__combined_random,ADE_vs_original,easy,eu-locality-074,17048,1.9106967730460156,1.9085907153796902,-0.11034621772780806,3.2204358095098247,3.5193776574820075,3.2204358095098247
floor_both__combined_random,ADE_vs_original,easy,eu-locality-082,513,1.5510700122445376,1.5511901160775996,0.0077426894238952215,2.982245275115995,3.3963414460134995,2.982245275115995
floor_both__combined_random,ADE_vs_original,easy,eu-locality-112,571,1.9894001578871012,1.9890147457814562,-0.019377036116119406,3.169041555864979,3.336190259096328,3.169041555864979
floor_both__combined_random,ADE_vs_original,easy,eu-locality-126,2160,1.3784868956999694,1.3780487859369481,-0.031792035774946825,2.9457781956993268,3.2806749386711767,2.9457781956993268
floor_both__combined_random,ADE_vs_original,hard,eu-locality-008,28100,60.57088371950588,60.570922836533484,6.458053761759786e-05,138.37729324495885,231.14803055134072,138.37729324495885
floor_both__combined_random,ADE_vs_original,hard,eu-locality-020,30,43.951869033620255,43.951869033620255,0.0,64.72063289570352,69.65016417684733,64.72063289570352
floor_both__combined_random,ADE_vs_original,hard,eu-locality-048,2478,63.81578764250422,63.81578764250422,0.0,138.97729297348553,219.8528418739297,138.97729297348553
floor_both__combined_random,ADE_vs_original,hard,eu-locality-067,2296,64.87262345060319,64.8614619075334,-0.017208281684588655,143.40335944857748,213.5382101003649,143.40335944857748
floor_both__combined_random,ADE_vs_original,hard,eu-locality-074,19310,59.9371011201481,59.918264999028594,-0.031436359380254686,136.16340090804525,238.5338149034194,136.1240287777267
floor_both__combined_random,ADE_vs_original,hard,eu-locality-082,184,55.52355031258824,55.60846369333075,0.15269866330201998,111.15642414153585,199.45076524670506,116.0311931849977
floor_both__combined_random,ADE_vs_original,hard,eu-locality-112,1153,69.7087177225217,69.7087177225217,0.0,173.29575179437632,312.16727648534334,173.29575179437632
floor_both__combined_random,ADE_vs_original,hard,eu-locality-126,1110,73.83029068375596,73.83029068375596,0.0,160.69598223874476,237.31079754913677,160.69598223874476
floor_both__combined_random,FDE_vs_floor,endpoint,eu-locality-008,121088,35.86011148000756,35.96957473477451,0.3043217929989184,136.95226757430473,281.94720140669045,136.94678016915063
floor_both__combined_random,FDE_vs_floor,endpoint,eu-locality-020,622,14.496083096865814,14.67889508889477,1.245407034533963,54.18434016797015,102.34943144507893,54.18434016797015
floor_both__combined_random,FDE_vs_floor,endpoint,eu-locality-048,5582,58.82558700669368,58.86627761858265,0.06912380659198636,216.55248685578948,355.4563120785641,216.55248685578948
floor_both__combined_random,FDE_vs_floor,endpoint,eu-locality-067,4600,64.07189754906626,64.14804098569955,0.11869955101241336,207.16877909819794,394.0447029702928,207.16877909819794
floor_both__combined_random,FDE_vs_floor,endpoint,eu-locality-074,81289,40.913013705154114,41.035287783577374,0.29797300086730205,139.5840952912819,285.6624090885739,139.8898647808847
floor_both__combined_random,FDE_vs_floor,endpoint,eu-locality-082,859,25.36331440070985,25.471426904331437,0.42444620015851253,115.16354557853296,234.31504208196256,115.16354557853296
floor_both__combined_random,FDE_vs_floor,endpoint,eu-locality-112,3719,47.87061851887091,47.968287530342636,0.20361162864098725,180.87314969023402,421.63704764077704,180.87314969023402
floor_both__combined_random,FDE_vs_floor,endpoint,eu-locality-126,4579,40.086212695478324,40.13090423960287,0.11136440848108498,186.14679086195613,367.4904107537943,186.14679086195613
floor_both__combined_random,ADE_vs_CV,easy,eu-locality-008,39889,1.6551923352043105,1.791172498853141,7.591684426591883,3.0566874811057647,3.3443145232616813,3.2504176960159774
floor_both__combined_random,ADE_vs_CV,easy,eu-locality-020,593,1.2482634915061743,1.2706472215919324,1.761600679196751,3.040626325338701,3.3899938472394897,3.051349724629029
floor_both__combined_random,ADE_vs_CV,easy,eu-locality-048,1582,1.640694758938632,1.7551327263969017,6.520188800376281,3.0750238570913164,3.380921428523672,3.2298308573246963
floor_both__combined_random,ADE_vs_CV,easy,eu-locality-067,1219,1.5939793391338921,1.6528940070695597,3.564334293892102,3.095280966786175,3.3448505278100407,3.222473275402277
floor_both__combined_random,ADE_vs_CV,easy,eu-locality-074,17048,1.9106967730460156,2.0239574238081066,5.595999670239571,3.2204358095098247,3.5193776574820075,3.3016095862663026
floor_both__combined_random,ADE_vs_CV,easy,eu-locality-082,513,1.5510700122445376,1.6221340438704122,4.380897614127854,2.982245275115995,3.3963414460134995,3.137173321764387
floor_both__combined_random,ADE_vs_CV,easy,eu-locality-112,571,1.9894001578871012,2.110763890677913,5.7497540737175274,3.169041555864979,3.336190259096328,3.3318797717711783
floor_both__combined_random,ADE_vs_CV,easy,eu-locality-126,2160,1.3784868956999694,1.4931553251754432,7.67960489723335,2.9457781956993268,3.2806749386711767,3.15811922069773
