policy,comparison,subset,locality,rows,model_error,reference_error,gain_percent,model_p95,model_p99,reference_p95
cv_targets__original,ADE_vs_floor,all,eu-locality-007,5526,13.58138387764801,13.629076271288495,0.3499312256470044,45.89358032936613,80.71712323070768,46.020972312041664
cv_targets__original,ADE_vs_floor,all,eu-locality-008,157961,17.979500780857414,18.01315405032935,0.1868260793079779,63.85744502024743,131.32488108264758,63.87058491799408
cv_targets__original,ADE_vs_floor,all,eu-locality-020,1225,6.451501749691746,6.504686951425043,0.817644294498221,20.950455289077674,42.958840384020256,20.950455289077674
cv_targets__original,ADE_vs_floor,all,eu-locality-048,8058,26.54479600074948,26.562025009549206,0.06486331066074547,89.55098636922551,160.11545465691114,89.55098636922551
cv_targets__original,ADE_vs_floor,all,eu-locality-067,6903,28.87400983051412,28.911635854909164,0.1301414578679272,93.15038154789627,168.56927310186109,93.15038154789627
cv_targets__original,ADE_vs_floor,all,eu-locality-110,8550,30.301452307183897,30.350155339494975,0.1604704548174074,121.68449105426859,270.73137899676516,121.9052045177577
cv_targets__original,ADE_vs_floor,all,eu-locality-119,5639,28.8393452068058,28.854710298231737,0.05324985510902769,114.45336587739244,201.6878989025234,114.45336587739244
cv_targets__original,ADE_vs_floor,all,eu-locality-124,3550,42.325209476555514,42.371232813148524,0.10861930025960476,184.84746443874639,344.5055271166482,184.84746443874639
cv_targets__original,ADE_vs_floor,easy,eu-locality-007,2133,1.7700884413046079,1.812643710198616,2.347690759887122,4.22666893183369,4.726064642309346,4.2311151932019575
cv_targets__original,ADE_vs_floor,easy,eu-locality-008,52276,2.147165238721817,2.2199815226208206,3.280040088488645,4.230174129775651,4.630865122622785,4.2501952420739695
cv_targets__original,ADE_vs_floor,easy,eu-locality-020,695,1.6270632097388176,1.6710333648543638,2.631315211314067,4.2930456589077775,4.6911016198562985,4.2930456589077775
cv_targets__original,ADE_vs_floor,easy,eu-locality-048,2050,2.1274443062957866,2.185316691065704,2.648237896434824,4.2716107997962185,4.694243650671591,4.292759069005489
cv_targets__original,ADE_vs_floor,easy,eu-locality-067,1508,2.024509215500186,2.0627625869236583,1.8544728155324153,4.301592181108402,4.63896463857005,4.320390089274507
cv_targets__original,ADE_vs_floor,easy,eu-locality-110,2579,2.152579215736741,2.214188912316456,2.7824950363092404,4.182975819759988,4.544262585855243,4.203897765463916
cv_targets__original,ADE_vs_floor,easy,eu-locality-119,1658,2.1836204425282557,2.2336256287595,2.2387451857371454,4.2039199145607,4.645785961809294,4.225704184126738
cv_targets__original,ADE_vs_floor,easy,eu-locality-124,1006,2.3757924132142403,2.446429194793944,2.887342160975681,4.309958639134824,4.7184091336050855,4.3295911457613965
cv_targets__original,ADE_vs_floor,hard,eu-locality-007,1023,41.158870712791575,41.24804543394273,0.21619138607176236,81.67666598213943,114.47062363973248,81.24718975645555
cv_targets__original,ADE_vs_floor,hard,eu-locality-008,36762,52.50935801676085,52.514178761922025,0.009179892506805398,124.3548686676523,215.62617092739976,124.45172929758508
cv_targets__original,ADE_vs_floor,hard,eu-locality-020,47,37.64541412593011,37.64541412593011,0.0,59.47714101421315,69.16719818649797,59.47714101421315
cv_targets__original,ADE_vs_floor,hard,eu-locality-048,2992,57.37211322181131,57.37212367197517,1.821470635432476e-05,127.11608694673164,211.57685641932093,127.11608694673164
cv_targets__original,ADE_vs_floor,hard,eu-locality-067,2806,57.94747162700891,57.99443573685852,0.08098037208725817,132.24005022202874,207.56503644827586,132.24005022202874
cv_targets__original,ADE_vs_floor,hard,eu-locality-110,2743,79.31529359084551,79.37912488226243,0.08041319617921872,230.75512668230746,408.99645159228305,230.75512668230746
cv_targets__original,ADE_vs_floor,hard,eu-locality-119,1895,70.8350922679264,70.83510638183645,1.992502133285612e-05,177.35436104322963,275.16663244604706,177.35436104322963
cv_targets__original,ADE_vs_floor,hard,eu-locality-124,1362,98.5356294613005,98.55731402109613,0.022001979265573457,277.2026017292944,456.2515668720877,277.2026017292944
cv_targets__original,ADE_vs_floor,complete,eu-locality-007,2882,13.651325315682515,13.704383125145249,0.38715941446049174,47.6301953356149,79.58424742220402,47.83773492869996
cv_targets__original,ADE_vs_floor,complete,eu-locality-008,97352,16.30831133091513,16.35039221502977,0.25736926405934835,58.9579679092843,120.35291613315462,58.96240703597935
cv_targets__original,ADE_vs_floor,complete,eu-locality-020,364,6.791933517060104,6.904363427901251,1.6283892355203444,22.682718227503177,49.70629992513765,22.682718227503177
cv_targets__original,ADE_vs_floor,complete,eu-locality-048,4716,26.516111396782854,26.54036758823038,0.09139357760170608,91.38499461110202,161.22338275660073,91.38499461110202
cv_targets__original,ADE_vs_floor,complete,eu-locality-067,3417,30.05623916817873,30.08634235640339,0.10005599174554014,92.49833101194194,166.3766421726747,92.49833101194194
cv_targets__original,ADE_vs_floor,complete,eu-locality-110,5804,28.189997385343318,28.234393611986015,0.1572416509198482,118.18033866701663,272.8161773812056,118.307140243085
cv_targets__original,ADE_vs_floor,complete,eu-locality-119,3148,28.447488598559968,28.465399193885855,0.06292058370196418,112.70775480291367,205.2067029563877,112.70775480291367
cv_targets__original,ADE_vs_floor,complete,eu-locality-124,2077,38.264934876516314,38.32154681873666,0.14772875032451616,175.54008186626947,316.4037738037055,175.54008186626947
cv_targets__original,ADE_vs_original,all,eu-locality-007,5526,13.58138387764801,13.58138387764801,0.0,45.89358032936613,80.71712323070768,45.89358032936613
cv_targets__original,ADE_vs_original,all,eu-locality-008,157961,17.979500780857414,17.979500780857414,0.0,63.85744502024743,131.32488108264758,63.85744502024743
cv_targets__original,ADE_vs_original,all,eu-locality-020,1225,6.451501749691746,6.451501749691746,0.0,20.950455289077674,42.958840384020256,20.950455289077674
cv_targets__original,ADE_vs_original,all,eu-locality-048,8058,26.54479600074948,26.54479600074948,0.0,89.55098636922551,160.11545465691114,89.55098636922551
cv_targets__original,ADE_vs_original,all,eu-locality-067,6903,28.87400983051412,28.87400983051412,0.0,93.15038154789627,168.56927310186109,93.15038154789627
cv_targets__original,ADE_vs_original,all,eu-locality-110,8550,30.301452307183897,30.301452307183897,0.0,121.68449105426859,270.73137899676516,121.68449105426859
cv_targets__original,ADE_vs_original,all,eu-locality-119,5639,28.8393452068058,28.8393452068058,0.0,114.45336587739244,201.6878989025234,114.45336587739244
cv_targets__original,ADE_vs_original,all,eu-locality-124,3550,42.325209476555514,42.325209476555514,0.0,184.84746443874639,344.5055271166482,184.84746443874639
cv_targets__original,ADE_vs_original,easy,eu-locality-007,2133,1.7700884413046079,1.7700884413046079,0.0,4.22666893183369,4.726064642309346,4.22666893183369
cv_targets__original,ADE_vs_original,easy,eu-locality-008,52276,2.147165238721817,2.147165238721817,0.0,4.230174129775651,4.630865122622785,4.230174129775651
cv_targets__original,ADE_vs_original,easy,eu-locality-020,695,1.6270632097388176,1.6270632097388176,0.0,4.2930456589077775,4.6911016198562985,4.2930456589077775
cv_targets__original,ADE_vs_original,easy,eu-locality-048,2050,2.1274443062957866,2.1274443062957866,0.0,4.2716107997962185,4.694243650671591,4.2716107997962185
cv_targets__original,ADE_vs_original,easy,eu-locality-067,1508,2.024509215500186,2.024509215500186,0.0,4.301592181108402,4.63896463857005,4.301592181108402
cv_targets__original,ADE_vs_original,easy,eu-locality-110,2579,2.152579215736741,2.152579215736741,0.0,4.182975819759988,4.544262585855243,4.182975819759988
cv_targets__original,ADE_vs_original,easy,eu-locality-119,1658,2.1836204425282557,2.1836204425282557,0.0,4.2039199145607,4.645785961809294,4.2039199145607
cv_targets__original,ADE_vs_original,easy,eu-locality-124,1006,2.3757924132142403,2.3757924132142403,0.0,4.309958639134824,4.7184091336050855,4.309958639134824
cv_targets__original,ADE_vs_original,hard,eu-locality-007,1023,41.158870712791575,41.158870712791575,0.0,81.67666598213943,114.47062363973248,81.67666598213943
cv_targets__original,ADE_vs_original,hard,eu-locality-008,36762,52.50935801676085,52.50935801676085,0.0,124.3548686676523,215.62617092739976,124.3548686676523
cv_targets__original,ADE_vs_original,hard,eu-locality-020,47,37.64541412593011,37.64541412593011,0.0,59.47714101421315,69.16719818649797,59.47714101421315
cv_targets__original,ADE_vs_original,hard,eu-locality-048,2992,57.37211322181131,57.37211322181131,0.0,127.11608694673164,211.57685641932093,127.11608694673164
cv_targets__original,ADE_vs_original,hard,eu-locality-067,2806,57.94747162700891,57.94747162700891,0.0,132.24005022202874,207.56503644827586,132.24005022202874
cv_targets__original,ADE_vs_original,hard,eu-locality-110,2743,79.31529359084551,79.31529359084551,0.0,230.75512668230746,408.99645159228305,230.75512668230746
cv_targets__original,ADE_vs_original,hard,eu-locality-119,1895,70.8350922679264,70.8350922679264,0.0,177.35436104322963,275.16663244604706,177.35436104322963
cv_targets__original,ADE_vs_original,hard,eu-locality-124,1362,98.5356294613005,98.5356294613005,0.0,277.2026017292944,456.2515668720877,277.2026017292944
cv_targets__original,FDE_vs_floor,endpoint,eu-locality-007,3935,29.91066176099998,30.048944515842827,0.4601917207772144,102.52328340609101,180.22954667261536,102.52328340609101
cv_targets__original,FDE_vs_floor,endpoint,eu-locality-008,121088,35.76955460794406,35.87346697693251,0.2896635807608794,136.95226757430473,282.23893370979596,136.95807869338222
cv_targets__original,FDE_vs_floor,endpoint,eu-locality-020,622,14.437445876073546,14.662738031078371,1.53649444276579,54.18434016797015,99.18086841907973,54.18434016797015
cv_targets__original,FDE_vs_floor,endpoint,eu-locality-048,5582,58.75992222184233,58.81885940835995,0.1002011720568019,216.2196458274127,356.3667109960735,216.2196458274127
cv_targets__original,FDE_vs_floor,endpoint,eu-locality-067,4600,64.14549273203265,64.25140838386963,0.16484565008161312,207.16877909819794,394.0447029702928,207.16877909819794
cv_targets__original,FDE_vs_floor,endpoint,eu-locality-110,7204,57.641756914173236,57.74000757247072,0.17016045274009794,251.61890320290925,587.6090239057078,251.77304034955634
cv_targets__original,FDE_vs_floor,endpoint,eu-locality-119,4147,65.37454595414788,65.42156304582257,0.0718678819119023,270.5290560144782,484.5542592170748,270.5290560144782
cv_targets__original,FDE_vs_floor,endpoint,eu-locality-124,2645,83.42303962140376,83.57549258367453,0.18241347739367253,380.9415092093398,749.8979417287693,380.9415092093398
cv_targets__original,ADE_vs_CV,easy,eu-locality-007,2133,1.7700884413046079,1.8525004364762494,4.448689649347792,4.22666893183369,4.726064642309346,4.355450553983238
cv_targets__original,ADE_vs_CV,easy,eu-locality-008,52276,2.147165238721817,2.3343046202023725,8.016922035836572,4.230174129775651,4.630865122622785,4.477191635123733
cv_targets__original,ADE_vs_CV,easy,eu-locality-020,695,1.6270632097388176,1.6834998531827923,3.3523402652680168,4.2930456589077775,4.6911016198562985,4.294862621440125
cv_targets__original,ADE_vs_CV,easy,eu-locality-048,2050,2.1274443062957866,2.2919612794697164,7.177999674235047,4.2716107997962185,4.694243650671591,4.484449431559784
cv_targets__original,ADE_vs_CV,easy,eu-locality-067,1508,2.024509215500186,2.126958008841005,4.816681519568133,4.301592181108402,4.63896463857005,4.431771346846858
cv_targets__original,ADE_vs_CV,easy,eu-locality-110,2579,2.152579215736741,2.356118809479549,8.638766131991815,4.182975819759988,4.544262585855243,4.476255197977273
cv_targets__original,ADE_vs_CV,easy,eu-locality-119,1658,2.1836204425282557,2.3455260977767742,6.902743712891624,4.2039199145607,4.645785961809294,4.423775218674889
cv_targets__original,ADE_vs_CV,easy,eu-locality-124,1006,2.3757924132142403,2.5758364727079335,7.766178544843349,4.309958639134824,4.7184091336050855,4.529853536161329
cv_targets__stop,ADE_vs_floor,all,eu-locality-007,5526,13.58138387764801,13.629076271288495,0.3499312256470044,45.89358032936613,80.71712323070768,46.020972312041664
cv_targets__stop,ADE_vs_floor,all,eu-locality-008,157961,17.979503472805423,18.01315405032935,0.18681113496230584,63.85744502024743,131.32488108264758,63.87058491799408
cv_targets__stop,ADE_vs_floor,all,eu-locality-020,1225,6.451501749691746,6.504686951425043,0.817644294498221,20.950455289077674,42.958840384020256,20.950455289077674
cv_targets__stop,ADE_vs_floor,all,eu-locality-048,8058,26.54479600074948,26.562025009549206,0.06486331066074547,89.55098636922551,160.11545465691114,89.55098636922551
cv_targets__stop,ADE_vs_floor,all,eu-locality-067,6903,28.87400983051412,28.911635854909164,0.1301414578679272,93.15038154789627,168.56927310186109,93.15038154789627
cv_targets__stop,ADE_vs_floor,all,eu-locality-110,8550,30.301452307183897,30.350155339494975,0.1604704548174074,121.68449105426859,270.73137899676516,121.9052045177577
cv_targets__stop,ADE_vs_floor,all,eu-locality-119,5639,28.8393452068058,28.854710298231737,0.05324985510902769,114.45336587739244,201.6878989025234,114.45336587739244
cv_targets__stop,ADE_vs_floor,all,eu-locality-124,3550,42.325209476555514,42.371232813148524,0.10861930025960476,184.84746443874639,344.5055271166482,184.84746443874639
cv_targets__stop,ADE_vs_floor,easy,eu-locality-007,2133,1.7700884413046079,1.812643710198616,2.347690759887122,4.22666893183369,4.726064642309346,4.2311151932019575
cv_targets__stop,ADE_vs_floor,easy,eu-locality-008,52276,2.1471657512485356,2.2199815226208206,3.2800170015073626,4.230174129775651,4.630865122622785,4.2501952420739695
cv_targets__stop,ADE_vs_floor,easy,eu-locality-020,695,1.6270632097388176,1.6710333648543638,2.631315211314067,4.2930456589077775,4.6911016198562985,4.2930456589077775
cv_targets__stop,ADE_vs_floor,easy,eu-locality-048,2050,2.1274443062957866,2.185316691065704,2.648237896434824,4.2716107997962185,4.694243650671591,4.292759069005489
cv_targets__stop,ADE_vs_floor,easy,eu-locality-067,1508,2.024509215500186,2.0627625869236583,1.8544728155324153,4.301592181108402,4.63896463857005,4.320390089274507
cv_targets__stop,ADE_vs_floor,easy,eu-locality-110,2579,2.152579215736741,2.214188912316456,2.7824950363092404,4.182975819759988,4.544262585855243,4.203897765463916
cv_targets__stop,ADE_vs_floor,easy,eu-locality-119,1658,2.1836204425282557,2.2336256287595,2.2387451857371454,4.2039199145607,4.645785961809294,4.225704184126738
cv_targets__stop,ADE_vs_floor,easy,eu-locality-124,1006,2.3757924132142403,2.446429194793944,2.887342160975681,4.309958639134824,4.7184091336050855,4.3295911457613965
cv_targets__stop,ADE_vs_floor,hard,eu-locality-007,1023,41.158870712791575,41.24804543394273,0.21619138607176236,81.67666598213943,114.47062363973248,81.24718975645555
cv_targets__stop,ADE_vs_floor,hard,eu-locality-008,36762,52.50935739057284,52.514178761922025,0.00918108492383718,124.3548686676523,215.62617092739976,124.45172929758508
cv_targets__stop,ADE_vs_floor,hard,eu-locality-020,47,37.64541412593011,37.64541412593011,0.0,59.47714101421315,69.16719818649797,59.47714101421315
cv_targets__stop,ADE_vs_floor,hard,eu-locality-048,2992,57.37211322181131,57.37212367197517,1.821470635432476e-05,127.11608694673164,211.57685641932093,127.11608694673164
cv_targets__stop,ADE_vs_floor,hard,eu-locality-067,2806,57.94747162700891,57.99443573685852,0.08098037208725817,132.24005022202874,207.56503644827586,132.24005022202874
cv_targets__stop,ADE_vs_floor,hard,eu-locality-110,2743,79.31529359084551,79.37912488226243,0.08041319617921872,230.75512668230746,408.99645159228305,230.75512668230746
cv_targets__stop,ADE_vs_floor,hard,eu-locality-119,1895,70.8350922679264,70.83510638183645,1.992502133285612e-05,177.35436104322963,275.16663244604706,177.35436104322963
cv_targets__stop,ADE_vs_floor,hard,eu-locality-124,1362,98.5356294613005,98.55731402109613,0.022001979265573457,277.2026017292944,456.2515668720877,277.2026017292944
cv_targets__stop,ADE_vs_floor,complete,eu-locality-007,2882,13.651325315682515,13.704383125145249,0.38715941446049174,47.6301953356149,79.58424742220402,47.83773492869996
cv_targets__stop,ADE_vs_floor,complete,eu-locality-008,97352,16.308312891872465,16.35039221502977,0.25735971714871964,58.9579679092843,120.35291613315462,58.96240703597935
cv_targets__stop,ADE_vs_floor,complete,eu-locality-020,364,6.791933517060104,6.904363427901251,1.6283892355203444,22.682718227503177,49.70629992513765,22.682718227503177
cv_targets__stop,ADE_vs_floor,complete,eu-locality-048,4716,26.516111396782854,26.54036758823038,0.09139357760170608,91.38499461110202,161.22338275660073,91.38499461110202
cv_targets__stop,ADE_vs_floor,complete,eu-locality-067,3417,30.05623916817873,30.08634235640339,0.10005599174554014,92.49833101194194,166.3766421726747,92.49833101194194
cv_targets__stop,ADE_vs_floor,complete,eu-locality-110,5804,28.189997385343318,28.234393611986015,0.1572416509198482,118.18033866701663,272.8161773812056,118.307140243085
cv_targets__stop,ADE_vs_floor,complete,eu-locality-119,3148,28.447488598559968,28.465399193885855,0.06292058370196418,112.70775480291367,205.2067029563877,112.70775480291367
cv_targets__stop,ADE_vs_floor,complete,eu-locality-124,2077,38.264934876516314,38.32154681873666,0.14772875032451616,175.54008186626947,316.4037738037055,175.54008186626947
cv_targets__stop,ADE_vs_original,all,eu-locality-007,5526,13.58138387764801,13.58138387764801,0.0,45.89358032936613,80.71712323070768,45.89358032936613
cv_targets__stop,ADE_vs_original,all,eu-locality-008,157961,17.979503472805423,17.979500780857414,-1.4972317874395458e-05,63.85744502024743,131.32488108264758,63.85744502024743
cv_targets__stop,ADE_vs_original,all,eu-locality-020,1225,6.451501749691746,6.451501749691746,0.0,20.950455289077674,42.958840384020256,20.950455289077674
cv_targets__stop,ADE_vs_original,all,eu-locality-048,8058,26.54479600074948,26.54479600074948,0.0,89.55098636922551,160.11545465691114,89.55098636922551
cv_targets__stop,ADE_vs_original,all,eu-locality-067,6903,28.87400983051412,28.87400983051412,0.0,93.15038154789627,168.56927310186109,93.15038154789627
cv_targets__stop,ADE_vs_original,all,eu-locality-110,8550,30.301452307183897,30.301452307183897,0.0,121.68449105426859,270.73137899676516,121.68449105426859
cv_targets__stop,ADE_vs_original,all,eu-locality-119,5639,28.8393452068058,28.8393452068058,0.0,114.45336587739244,201.6878989025234,114.45336587739244
cv_targets__stop,ADE_vs_original,all,eu-locality-124,3550,42.325209476555514,42.325209476555514,0.0,184.84746443874639,344.5055271166482,184.84746443874639
cv_targets__stop,ADE_vs_original,easy,eu-locality-007,2133,1.7700884413046079,1.7700884413046079,0.0,4.22666893183369,4.726064642309346,4.22666893183369
cv_targets__stop,ADE_vs_original,easy,eu-locality-008,52276,2.1471657512485356,2.147165238721817,-2.3869924370423234e-05,4.230174129775651,4.630865122622785,4.230174129775651
cv_targets__stop,ADE_vs_original,easy,eu-locality-020,695,1.6270632097388176,1.6270632097388176,0.0,4.2930456589077775,4.6911016198562985,4.2930456589077775
cv_targets__stop,ADE_vs_original,easy,eu-locality-048,2050,2.1274443062957866,2.1274443062957866,0.0,4.2716107997962185,4.694243650671591,4.2716107997962185
cv_targets__stop,ADE_vs_original,easy,eu-locality-067,1508,2.024509215500186,2.024509215500186,0.0,4.301592181108402,4.63896463857005,4.301592181108402
cv_targets__stop,ADE_vs_original,easy,eu-locality-110,2579,2.152579215736741,2.152579215736741,0.0,4.182975819759988,4.544262585855243,4.182975819759988
cv_targets__stop,ADE_vs_original,easy,eu-locality-119,1658,2.1836204425282557,2.1836204425282557,0.0,4.2039199145607,4.645785961809294,4.2039199145607
cv_targets__stop,ADE_vs_original,easy,eu-locality-124,1006,2.3757924132142403,2.3757924132142403,0.0,4.309958639134824,4.7184091336050855,4.309958639134824
cv_targets__stop,ADE_vs_original,hard,eu-locality-007,1023,41.158870712791575,41.158870712791575,0.0,81.67666598213943,114.47062363973248,81.67666598213943
cv_targets__stop,ADE_vs_original,hard,eu-locality-008,36762,52.50935739057284,52.50935801676085,1.192526499771418e-06,124.3548686676523,215.62617092739976,124.3548686676523
cv_targets__stop,ADE_vs_original,hard,eu-locality-020,47,37.64541412593011,37.64541412593011,0.0,59.47714101421315,69.16719818649797,59.47714101421315
cv_targets__stop,ADE_vs_original,hard,eu-locality-048,2992,57.37211322181131,57.37211322181131,0.0,127.11608694673164,211.57685641932093,127.11608694673164
cv_targets__stop,ADE_vs_original,hard,eu-locality-067,2806,57.94747162700891,57.94747162700891,0.0,132.24005022202874,207.56503644827586,132.24005022202874
cv_targets__stop,ADE_vs_original,hard,eu-locality-110,2743,79.31529359084551,79.31529359084551,0.0,230.75512668230746,408.99645159228305,230.75512668230746
cv_targets__stop,ADE_vs_original,hard,eu-locality-119,1895,70.8350922679264,70.8350922679264,0.0,177.35436104322963,275.16663244604706,177.35436104322963
cv_targets__stop,ADE_vs_original,hard,eu-locality-124,1362,98.5356294613005,98.5356294613005,0.0,277.2026017292944,456.2515668720877,277.2026017292944
cv_targets__stop,FDE_vs_floor,endpoint,eu-locality-007,3935,29.91066176099998,30.048944515842827,0.4601917207772144,102.52328340609101,180.22954667261536,102.52328340609101
cv_targets__stop,FDE_vs_floor,endpoint,eu-locality-008,121088,35.7695560477433,35.87346697693251,0.2896595672116864,136.95226757430473,282.23893370979596,136.95807869338222
cv_targets__stop,FDE_vs_floor,endpoint,eu-locality-020,622,14.437445876073546,14.662738031078371,1.53649444276579,54.18434016797015,99.18086841907973,54.18434016797015
cv_targets__stop,FDE_vs_floor,endpoint,eu-locality-048,5582,58.75992222184233,58.81885940835995,0.1002011720568019,216.2196458274127,356.3667109960735,216.2196458274127
cv_targets__stop,FDE_vs_floor,endpoint,eu-locality-067,4600,64.14549273203265,64.25140838386963,0.16484565008161312,207.16877909819794,394.0447029702928,207.16877909819794
cv_targets__stop,FDE_vs_floor,endpoint,eu-locality-110,7204,57.641756914173236,57.74000757247072,0.17016045274009794,251.61890320290925,587.6090239057078,251.77304034955634
cv_targets__stop,FDE_vs_floor,endpoint,eu-locality-119,4147,65.37454595414788,65.42156304582257,0.0718678819119023,270.5290560144782,484.5542592170748,270.5290560144782
cv_targets__stop,FDE_vs_floor,endpoint,eu-locality-124,2645,83.42303962140376,83.57549258367453,0.18241347739367253,380.9415092093398,749.8979417287693,380.9415092093398
cv_targets__stop,ADE_vs_CV,easy,eu-locality-007,2133,1.7700884413046079,1.8525004364762494,4.448689649347792,4.22666893183369,4.726064642309346,4.355450553983238
cv_targets__stop,ADE_vs_CV,easy,eu-locality-008,52276,2.1471657512485356,2.3343046202023725,8.016900079545442,4.230174129775651,4.630865122622785,4.477191635123733
cv_targets__stop,ADE_vs_CV,easy,eu-locality-020,695,1.6270632097388176,1.6834998531827923,3.3523402652680168,4.2930456589077775,4.6911016198562985,4.294862621440125
cv_targets__stop,ADE_vs_CV,easy,eu-locality-048,2050,2.1274443062957866,2.2919612794697164,7.177999674235047,4.2716107997962185,4.694243650671591,4.484449431559784
cv_targets__stop,ADE_vs_CV,easy,eu-locality-067,1508,2.024509215500186,2.126958008841005,4.816681519568133,4.301592181108402,4.63896463857005,4.431771346846858
cv_targets__stop,ADE_vs_CV,easy,eu-locality-110,2579,2.152579215736741,2.356118809479549,8.638766131991815,4.182975819759988,4.544262585855243,4.476255197977273
cv_targets__stop,ADE_vs_CV,easy,eu-locality-119,1658,2.1836204425282557,2.3455260977767742,6.902743712891624,4.2039199145607,4.645785961809294,4.423775218674889
cv_targets__stop,ADE_vs_CV,easy,eu-locality-124,1006,2.3757924132142403,2.5758364727079335,7.766178544843349,4.309958639134824,4.7184091336050855,4.529853536161329
cv_targets__stop,matched_risk,all,eu-locality-007,5526,13.58138387764801,13.58138387764801,0.0,45.89358032936613,80.71712323070768,45.89358032936613
cv_targets__stop,matched_risk,all,eu-locality-008,157961,17.979503472805423,17.979503472805423,0.0,63.85744502024743,131.32488108264758,63.85744502024743
cv_targets__stop,matched_risk,all,eu-locality-020,1225,6.451501749691746,6.451501749691746,0.0,20.950455289077674,42.958840384020256,20.950455289077674
cv_targets__stop,matched_risk,all,eu-locality-048,8058,26.54479600074948,26.54479600074948,0.0,89.55098636922551,160.11545465691114,89.55098636922551
cv_targets__stop,matched_risk,all,eu-locality-067,6903,28.87400983051412,28.87400983051412,0.0,93.15038154789627,168.56927310186109,93.15038154789627
cv_targets__stop,matched_risk,all,eu-locality-110,8550,30.301452307183897,30.301452307183897,0.0,121.68449105426859,270.73137899676516,121.68449105426859
cv_targets__stop,matched_risk,all,eu-locality-119,5639,28.8393452068058,28.8393452068058,0.0,114.45336587739244,201.6878989025234,114.45336587739244
cv_targets__stop,matched_risk,all,eu-locality-124,3550,42.325209476555514,42.325209476555514,0.0,184.84746443874639,344.5055271166482,184.84746443874639
cv_targets__stop,matched_risk,easy,eu-locality-007,2133,1.7700884413046079,1.7700884413046079,0.0,4.22666893183369,4.726064642309346,4.22666893183369
cv_targets__stop,matched_risk,easy,eu-locality-008,52276,2.1471657512485356,2.1471657512485356,0.0,4.230174129775651,4.630865122622785,4.230174129775651
cv_targets__stop,matched_risk,easy,eu-locality-020,695,1.6270632097388176,1.6270632097388176,0.0,4.2930456589077775,4.6911016198562985,4.2930456589077775
cv_targets__stop,matched_risk,easy,eu-locality-048,2050,2.1274443062957866,2.1274443062957866,0.0,4.2716107997962185,4.694243650671591,4.2716107997962185
cv_targets__stop,matched_risk,easy,eu-locality-067,1508,2.024509215500186,2.024509215500186,0.0,4.301592181108402,4.63896463857005,4.301592181108402
cv_targets__stop,matched_risk,easy,eu-locality-110,2579,2.152579215736741,2.152579215736741,0.0,4.182975819759988,4.544262585855243,4.182975819759988
cv_targets__stop,matched_risk,easy,eu-locality-119,1658,2.1836204425282557,2.1836204425282557,0.0,4.2039199145607,4.645785961809294,4.2039199145607
cv_targets__stop,matched_risk,easy,eu-locality-124,1006,2.3757924132142403,2.3757924132142403,0.0,4.309958639134824,4.7184091336050855,4.309958639134824
cv_targets__stop,matched_risk,hard,eu-locality-007,1023,41.158870712791575,41.158870712791575,0.0,81.67666598213943,114.47062363973248,81.67666598213943
cv_targets__stop,matched_risk,hard,eu-locality-008,36762,52.50935739057284,52.50935739057284,0.0,124.3548686676523,215.62617092739976,124.3548686676523
cv_targets__stop,matched_risk,hard,eu-locality-020,47,37.64541412593011,37.64541412593011,0.0,59.47714101421315,69.16719818649797,59.47714101421315
cv_targets__stop,matched_risk,hard,eu-locality-048,2992,57.37211322181131,57.37211322181131,0.0,127.11608694673164,211.57685641932093,127.11608694673164
cv_targets__stop,matched_risk,hard,eu-locality-067,2806,57.94747162700891,57.94747162700891,0.0,132.24005022202874,207.56503644827586,132.24005022202874
cv_targets__stop,matched_risk,hard,eu-locality-110,2743,79.31529359084551,79.31529359084551,0.0,230.75512668230746,408.99645159228305,230.75512668230746
cv_targets__stop,matched_risk,hard,eu-locality-119,1895,70.8350922679264,70.8350922679264,0.0,177.35436104322963,275.16663244604706,177.35436104322963
cv_targets__stop,matched_risk,hard,eu-locality-124,1362,98.5356294613005,98.5356294613005,0.0,277.2026017292944,456.2515668720877,277.2026017292944
cv_targets__stop,matched_risk,complete,eu-locality-007,2882,13.651325315682515,13.651325315682515,0.0,47.6301953356149,79.58424742220402,47.6301953356149
cv_targets__stop,matched_risk,complete,eu-locality-008,97352,16.308312891872465,16.308312891872465,0.0,58.9579679092843,120.35291613315462,58.9579679092843
cv_targets__stop,matched_risk,complete,eu-locality-020,364,6.791933517060104,6.791933517060104,0.0,22.682718227503177,49.70629992513765,22.682718227503177
cv_targets__stop,matched_risk,complete,eu-locality-048,4716,26.516111396782854,26.516111396782854,0.0,91.38499461110202,161.22338275660073,91.38499461110202
cv_targets__stop,matched_risk,complete,eu-locality-067,3417,30.05623916817873,30.05623916817873,0.0,92.49833101194194,166.3766421726747,92.49833101194194
cv_targets__stop,matched_risk,complete,eu-locality-110,5804,28.189997385343318,28.189997385343318,0.0,118.18033866701663,272.8161773812056,118.18033866701663
cv_targets__stop,matched_risk,complete,eu-locality-119,3148,28.447488598559968,28.447488598559968,0.0,112.70775480291367,205.2067029563877,112.70775480291367
cv_targets__stop,matched_risk,complete,eu-locality-124,2077,38.264934876516314,38.264934876516314,0.0,175.54008186626947,316.4037738037055,175.54008186626947
cv_targets__stop,matched_random,all,eu-locality-007,5526,13.58138387764801,13.58138387764801,0.0,45.89358032936613,80.71712323070768,45.89358032936613
cv_targets__stop,matched_random,all,eu-locality-008,157961,17.979503472805423,17.979503472805423,0.0,63.85744502024743,131.32488108264758,63.85744502024743
cv_targets__stop,matched_random,all,eu-locality-020,1225,6.451501749691746,6.451501749691746,0.0,20.950455289077674,42.958840384020256,20.950455289077674
cv_targets__stop,matched_random,all,eu-locality-048,8058,26.54479600074948,26.54479600074948,0.0,89.55098636922551,160.11545465691114,89.55098636922551
cv_targets__stop,matched_random,all,eu-locality-067,6903,28.87400983051412,28.87400983051412,0.0,93.15038154789627,168.56927310186109,93.15038154789627
cv_targets__stop,matched_random,all,eu-locality-110,8550,30.301452307183897,30.301452307183897,0.0,121.68449105426859,270.73137899676516,121.68449105426859
cv_targets__stop,matched_random,all,eu-locality-119,5639,28.8393452068058,28.8393452068058,0.0,114.45336587739244,201.6878989025234,114.45336587739244
cv_targets__stop,matched_random,all,eu-locality-124,3550,42.325209476555514,42.325209476555514,0.0,184.84746443874639,344.5055271166482,184.84746443874639
cv_targets__stop,matched_random,easy,eu-locality-007,2133,1.7700884413046079,1.7700884413046079,0.0,4.22666893183369,4.726064642309346,4.22666893183369
cv_targets__stop,matched_random,easy,eu-locality-008,52276,2.1471657512485356,2.1471657512485356,0.0,4.230174129775651,4.630865122622785,4.230174129775651
cv_targets__stop,matched_random,easy,eu-locality-020,695,1.6270632097388176,1.6270632097388176,0.0,4.2930456589077775,4.6911016198562985,4.2930456589077775
cv_targets__stop,matched_random,easy,eu-locality-048,2050,2.1274443062957866,2.1274443062957866,0.0,4.2716107997962185,4.694243650671591,4.2716107997962185
cv_targets__stop,matched_random,easy,eu-locality-067,1508,2.024509215500186,2.024509215500186,0.0,4.301592181108402,4.63896463857005,4.301592181108402
cv_targets__stop,matched_random,easy,eu-locality-110,2579,2.152579215736741,2.152579215736741,0.0,4.182975819759988,4.544262585855243,4.182975819759988
cv_targets__stop,matched_random,easy,eu-locality-119,1658,2.1836204425282557,2.1836204425282557,0.0,4.2039199145607,4.645785961809294,4.2039199145607
cv_targets__stop,matched_random,easy,eu-locality-124,1006,2.3757924132142403,2.3757924132142403,0.0,4.309958639134824,4.7184091336050855,4.309958639134824
cv_targets__stop,matched_random,hard,eu-locality-007,1023,41.158870712791575,41.158870712791575,0.0,81.67666598213943,114.47062363973248,81.67666598213943
cv_targets__stop,matched_random,hard,eu-locality-008,36762,52.50935739057284,52.50935739057284,0.0,124.3548686676523,215.62617092739976,124.3548686676523
cv_targets__stop,matched_random,hard,eu-locality-020,47,37.64541412593011,37.64541412593011,0.0,59.47714101421315,69.16719818649797,59.47714101421315
cv_targets__stop,matched_random,hard,eu-locality-048,2992,57.37211322181131,57.37211322181131,0.0,127.11608694673164,211.57685641932093,127.11608694673164
cv_targets__stop,matched_random,hard,eu-locality-067,2806,57.94747162700891,57.94747162700891,0.0,132.24005022202874,207.56503644827586,132.24005022202874
cv_targets__stop,matched_random,hard,eu-locality-110,2743,79.31529359084551,79.31529359084551,0.0,230.75512668230746,408.99645159228305,230.75512668230746
cv_targets__stop,matched_random,hard,eu-locality-119,1895,70.8350922679264,70.8350922679264,0.0,177.35436104322963,275.16663244604706,177.35436104322963
cv_targets__stop,matched_random,hard,eu-locality-124,1362,98.5356294613005,98.5356294613005,0.0,277.2026017292944,456.2515668720877,277.2026017292944
cv_targets__stop,matched_random,complete,eu-locality-007,2882,13.651325315682515,13.651325315682515,0.0,47.6301953356149,79.58424742220402,47.6301953356149
cv_targets__stop,matched_random,complete,eu-locality-008,97352,16.308312891872465,16.308312891872465,0.0,58.9579679092843,120.35291613315462,58.9579679092843
cv_targets__stop,matched_random,complete,eu-locality-020,364,6.791933517060104,6.791933517060104,0.0,22.682718227503177,49.70629992513765,22.682718227503177
cv_targets__stop,matched_random,complete,eu-locality-048,4716,26.516111396782854,26.516111396782854,0.0,91.38499461110202,161.22338275660073,91.38499461110202
cv_targets__stop,matched_random,complete,eu-locality-067,3417,30.05623916817873,30.05623916817873,0.0,92.49833101194194,166.3766421726747,92.49833101194194
cv_targets__stop,matched_random,complete,eu-locality-110,5804,28.189997385343318,28.189997385343318,0.0,118.18033866701663,272.8161773812056,118.18033866701663
cv_targets__stop,matched_random,complete,eu-locality-119,3148,28.447488598559968,28.447488598559968,0.0,112.70775480291367,205.2067029563877,112.70775480291367
cv_targets__stop,matched_random,complete,eu-locality-124,2077,38.264934876516314,38.264934876516314,0.0,175.54008186626947,316.4037738037055,175.54008186626947
cv_targets__stop_risk,ADE_vs_floor,all,eu-locality-007,5526,13.58138387764801,13.629076271288495,0.3499312256470044,45.89358032936613,80.71712323070768,46.020972312041664
cv_targets__stop_risk,ADE_vs_floor,all,eu-locality-008,157961,17.979503472805423,18.01315405032935,0.18681113496230584,63.85744502024743,131.32488108264758,63.87058491799408
cv_targets__stop_risk,ADE_vs_floor,all,eu-locality-020,1225,6.451501749691746,6.504686951425043,0.817644294498221,20.950455289077674,42.958840384020256,20.950455289077674
cv_targets__stop_risk,ADE_vs_floor,all,eu-locality-048,8058,26.54479600074948,26.562025009549206,0.06486331066074547,89.55098636922551,160.11545465691114,89.55098636922551
cv_targets__stop_risk,ADE_vs_floor,all,eu-locality-067,6903,28.87400983051412,28.911635854909164,0.1301414578679272,93.15038154789627,168.56927310186109,93.15038154789627
cv_targets__stop_risk,ADE_vs_floor,all,eu-locality-110,8550,30.301452307183897,30.350155339494975,0.1604704548174074,121.68449105426859,270.73137899676516,121.9052045177577
cv_targets__stop_risk,ADE_vs_floor,all,eu-locality-119,5639,28.8393452068058,28.854710298231737,0.05324985510902769,114.45336587739244,201.6878989025234,114.45336587739244
cv_targets__stop_risk,ADE_vs_floor,all,eu-locality-124,3550,42.325209476555514,42.371232813148524,0.10861930025960476,184.84746443874639,344.5055271166482,184.84746443874639
cv_targets__stop_risk,ADE_vs_floor,easy,eu-locality-007,2133,1.7700884413046079,1.812643710198616,2.347690759887122,4.22666893183369,4.726064642309346,4.2311151932019575
cv_targets__stop_risk,ADE_vs_floor,easy,eu-locality-008,52276,2.1471657512485356,2.2199815226208206,3.2800170015073626,4.230174129775651,4.630865122622785,4.2501952420739695
cv_targets__stop_risk,ADE_vs_floor,easy,eu-locality-020,695,1.6270632097388176,1.6710333648543638,2.631315211314067,4.2930456589077775,4.6911016198562985,4.2930456589077775
cv_targets__stop_risk,ADE_vs_floor,easy,eu-locality-048,2050,2.1274443062957866,2.185316691065704,2.648237896434824,4.2716107997962185,4.694243650671591,4.292759069005489
cv_targets__stop_risk,ADE_vs_floor,easy,eu-locality-067,1508,2.024509215500186,2.0627625869236583,1.8544728155324153,4.301592181108402,4.63896463857005,4.320390089274507
cv_targets__stop_risk,ADE_vs_floor,easy,eu-locality-110,2579,2.152579215736741,2.214188912316456,2.7824950363092404,4.182975819759988,4.544262585855243,4.203897765463916
cv_targets__stop_risk,ADE_vs_floor,easy,eu-locality-119,1658,2.1836204425282557,2.2336256287595,2.2387451857371454,4.2039199145607,4.645785961809294,4.225704184126738
cv_targets__stop_risk,ADE_vs_floor,easy,eu-locality-124,1006,2.3757924132142403,2.446429194793944,2.887342160975681,4.309958639134824,4.7184091336050855,4.3295911457613965
cv_targets__stop_risk,ADE_vs_floor,hard,eu-locality-007,1023,41.158870712791575,41.24804543394273,0.21619138607176236,81.67666598213943,114.47062363973248,81.24718975645555
cv_targets__stop_risk,ADE_vs_floor,hard,eu-locality-008,36762,52.50935739057284,52.514178761922025,0.00918108492383718,124.3548686676523,215.62617092739976,124.45172929758508
cv_targets__stop_risk,ADE_vs_floor,hard,eu-locality-020,47,37.64541412593011,37.64541412593011,0.0,59.47714101421315,69.16719818649797,59.47714101421315
cv_targets__stop_risk,ADE_vs_floor,hard,eu-locality-048,2992,57.37211322181131,57.37212367197517,1.821470635432476e-05,127.11608694673164,211.57685641932093,127.11608694673164
cv_targets__stop_risk,ADE_vs_floor,hard,eu-locality-067,2806,57.94747162700891,57.99443573685852,0.08098037208725817,132.24005022202874,207.56503644827586,132.24005022202874
cv_targets__stop_risk,ADE_vs_floor,hard,eu-locality-110,2743,79.31529359084551,79.37912488226243,0.08041319617921872,230.75512668230746,408.99645159228305,230.75512668230746
cv_targets__stop_risk,ADE_vs_floor,hard,eu-locality-119,1895,70.8350922679264,70.83510638183645,1.992502133285612e-05,177.35436104322963,275.16663244604706,177.35436104322963
cv_targets__stop_risk,ADE_vs_floor,hard,eu-locality-124,1362,98.5356294613005,98.55731402109613,0.022001979265573457,277.2026017292944,456.2515668720877,277.2026017292944
cv_targets__stop_risk,ADE_vs_floor,complete,eu-locality-007,2882,13.651325315682515,13.704383125145249,0.38715941446049174,47.6301953356149,79.58424742220402,47.83773492869996
cv_targets__stop_risk,ADE_vs_floor,complete,eu-locality-008,97352,16.308312891872465,16.35039221502977,0.25735971714871964,58.9579679092843,120.35291613315462,58.96240703597935
cv_targets__stop_risk,ADE_vs_floor,complete,eu-locality-020,364,6.791933517060104,6.904363427901251,1.6283892355203444,22.682718227503177,49.70629992513765,22.682718227503177
cv_targets__stop_risk,ADE_vs_floor,complete,eu-locality-048,4716,26.516111396782854,26.54036758823038,0.09139357760170608,91.38499461110202,161.22338275660073,91.38499461110202
cv_targets__stop_risk,ADE_vs_floor,complete,eu-locality-067,3417,30.05623916817873,30.08634235640339,0.10005599174554014,92.49833101194194,166.3766421726747,92.49833101194194
cv_targets__stop_risk,ADE_vs_floor,complete,eu-locality-110,5804,28.189997385343318,28.234393611986015,0.1572416509198482,118.18033866701663,272.8161773812056,118.307140243085
cv_targets__stop_risk,ADE_vs_floor,complete,eu-locality-119,3148,28.447488598559968,28.465399193885855,0.06292058370196418,112.70775480291367,205.2067029563877,112.70775480291367
cv_targets__stop_risk,ADE_vs_floor,complete,eu-locality-124,2077,38.264934876516314,38.32154681873666,0.14772875032451616,175.54008186626947,316.4037738037055,175.54008186626947
cv_targets__stop_risk,ADE_vs_original,all,eu-locality-007,5526,13.58138387764801,13.58138387764801,0.0,45.89358032936613,80.71712323070768,45.89358032936613
cv_targets__stop_risk,ADE_vs_original,all,eu-locality-008,157961,17.979503472805423,17.979500780857414,-1.4972317874395458e-05,63.85744502024743,131.32488108264758,63.85744502024743
cv_targets__stop_risk,ADE_vs_original,all,eu-locality-020,1225,6.451501749691746,6.451501749691746,0.0,20.950455289077674,42.958840384020256,20.950455289077674
cv_targets__stop_risk,ADE_vs_original,all,eu-locality-048,8058,26.54479600074948,26.54479600074948,0.0,89.55098636922551,160.11545465691114,89.55098636922551
cv_targets__stop_risk,ADE_vs_original,all,eu-locality-067,6903,28.87400983051412,28.87400983051412,0.0,93.15038154789627,168.56927310186109,93.15038154789627
cv_targets__stop_risk,ADE_vs_original,all,eu-locality-110,8550,30.301452307183897,30.301452307183897,0.0,121.68449105426859,270.73137899676516,121.68449105426859
cv_targets__stop_risk,ADE_vs_original,all,eu-locality-119,5639,28.8393452068058,28.8393452068058,0.0,114.45336587739244,201.6878989025234,114.45336587739244
cv_targets__stop_risk,ADE_vs_original,all,eu-locality-124,3550,42.325209476555514,42.325209476555514,0.0,184.84746443874639,344.5055271166482,184.84746443874639
cv_targets__stop_risk,ADE_vs_original,easy,eu-locality-007,2133,1.7700884413046079,1.7700884413046079,0.0,4.22666893183369,4.726064642309346,4.22666893183369
cv_targets__stop_risk,ADE_vs_original,easy,eu-locality-008,52276,2.1471657512485356,2.147165238721817,-2.3869924370423234e-05,4.230174129775651,4.630865122622785,4.230174129775651
cv_targets__stop_risk,ADE_vs_original,easy,eu-locality-020,695,1.6270632097388176,1.6270632097388176,0.0,4.2930456589077775,4.6911016198562985,4.2930456589077775
cv_targets__stop_risk,ADE_vs_original,easy,eu-locality-048,2050,2.1274443062957866,2.1274443062957866,0.0,4.2716107997962185,4.694243650671591,4.2716107997962185
cv_targets__stop_risk,ADE_vs_original,easy,eu-locality-067,1508,2.024509215500186,2.024509215500186,0.0,4.301592181108402,4.63896463857005,4.301592181108402
cv_targets__stop_risk,ADE_vs_original,easy,eu-locality-110,2579,2.152579215736741,2.152579215736741,0.0,4.182975819759988,4.544262585855243,4.182975819759988
cv_targets__stop_risk,ADE_vs_original,easy,eu-locality-119,1658,2.1836204425282557,2.1836204425282557,0.0,4.2039199145607,4.645785961809294,4.2039199145607
cv_targets__stop_risk,ADE_vs_original,easy,eu-locality-124,1006,2.3757924132142403,2.3757924132142403,0.0,4.309958639134824,4.7184091336050855,4.309958639134824
cv_targets__stop_risk,ADE_vs_original,hard,eu-locality-007,1023,41.158870712791575,41.158870712791575,0.0,81.67666598213943,114.47062363973248,81.67666598213943
cv_targets__stop_risk,ADE_vs_original,hard,eu-locality-008,36762,52.50935739057284,52.50935801676085,1.192526499771418e-06,124.3548686676523,215.62617092739976,124.3548686676523
cv_targets__stop_risk,ADE_vs_original,hard,eu-locality-020,47,37.64541412593011,37.64541412593011,0.0,59.47714101421315,69.16719818649797,59.47714101421315
cv_targets__stop_risk,ADE_vs_original,hard,eu-locality-048,2992,57.37211322181131,57.37211322181131,0.0,127.11608694673164,211.57685641932093,127.11608694673164
cv_targets__stop_risk,ADE_vs_original,hard,eu-locality-067,2806,57.94747162700891,57.94747162700891,0.0,132.24005022202874,207.56503644827586,132.24005022202874
cv_targets__stop_risk,ADE_vs_original,hard,eu-locality-110,2743,79.31529359084551,79.31529359084551,0.0,230.75512668230746,408.99645159228305,230.75512668230746
cv_targets__stop_risk,ADE_vs_original,hard,eu-locality-119,1895,70.8350922679264,70.8350922679264,0.0,177.35436104322963,275.16663244604706,177.35436104322963
cv_targets__stop_risk,ADE_vs_original,hard,eu-locality-124,1362,98.5356294613005,98.5356294613005,0.0,277.2026017292944,456.2515668720877,277.2026017292944
cv_targets__stop_risk,FDE_vs_floor,endpoint,eu-locality-007,3935,29.91066176099998,30.048944515842827,0.4601917207772144,102.52328340609101,180.22954667261536,102.52328340609101
cv_targets__stop_risk,FDE_vs_floor,endpoint,eu-locality-008,121088,35.7695560477433,35.87346697693251,0.2896595672116864,136.95226757430473,282.23893370979596,136.95807869338222
cv_targets__stop_risk,FDE_vs_floor,endpoint,eu-locality-020,622,14.437445876073546,14.662738031078371,1.53649444276579,54.18434016797015,99.18086841907973,54.18434016797015
cv_targets__stop_risk,FDE_vs_floor,endpoint,eu-locality-048,5582,58.75992222184233,58.81885940835995,0.1002011720568019,216.2196458274127,356.3667109960735,216.2196458274127
cv_targets__stop_risk,FDE_vs_floor,endpoint,eu-locality-067,4600,64.14549273203265,64.25140838386963,0.16484565008161312,207.16877909819794,394.0447029702928,207.16877909819794
cv_targets__stop_risk,FDE_vs_floor,endpoint,eu-locality-110,7204,57.641756914173236,57.74000757247072,0.17016045274009794,251.61890320290925,587.6090239057078,251.77304034955634
cv_targets__stop_risk,FDE_vs_floor,endpoint,eu-locality-119,4147,65.37454595414788,65.42156304582257,0.0718678819119023,270.5290560144782,484.5542592170748,270.5290560144782
cv_targets__stop_risk,FDE_vs_floor,endpoint,eu-locality-124,2645,83.42303962140376,83.57549258367453,0.18241347739367253,380.9415092093398,749.8979417287693,380.9415092093398
cv_targets__stop_risk,ADE_vs_CV,easy,eu-locality-007,2133,1.7700884413046079,1.8525004364762494,4.448689649347792,4.22666893183369,4.726064642309346,4.355450553983238
cv_targets__stop_risk,ADE_vs_CV,easy,eu-locality-008,52276,2.1471657512485356,2.3343046202023725,8.016900079545442,4.230174129775651,4.630865122622785,4.477191635123733
cv_targets__stop_risk,ADE_vs_CV,easy,eu-locality-020,695,1.6270632097388176,1.6834998531827923,3.3523402652680168,4.2930456589077775,4.6911016198562985,4.294862621440125
cv_targets__stop_risk,ADE_vs_CV,easy,eu-locality-048,2050,2.1274443062957866,2.2919612794697164,7.177999674235047,4.2716107997962185,4.694243650671591,4.484449431559784
cv_targets__stop_risk,ADE_vs_CV,easy,eu-locality-067,1508,2.024509215500186,2.126958008841005,4.816681519568133,4.301592181108402,4.63896463857005,4.431771346846858
cv_targets__stop_risk,ADE_vs_CV,easy,eu-locality-110,2579,2.152579215736741,2.356118809479549,8.638766131991815,4.182975819759988,4.544262585855243,4.476255197977273
cv_targets__stop_risk,ADE_vs_CV,easy,eu-locality-119,1658,2.1836204425282557,2.3455260977767742,6.902743712891624,4.2039199145607,4.645785961809294,4.423775218674889
cv_targets__stop_risk,ADE_vs_CV,easy,eu-locality-124,1006,2.3757924132142403,2.5758364727079335,7.766178544843349,4.309958639134824,4.7184091336050855,4.529853536161329
cv_targets__stop_random,ADE_vs_floor,all,eu-locality-007,5526,13.58138387764801,13.629076271288495,0.3499312256470044,45.89358032936613,80.71712323070768,46.020972312041664
cv_targets__stop_random,ADE_vs_floor,all,eu-locality-008,157961,17.979503472805423,18.01315405032935,0.18681113496230584,63.85744502024743,131.32488108264758,63.87058491799408
cv_targets__stop_random,ADE_vs_floor,all,eu-locality-020,1225,6.451501749691746,6.504686951425043,0.817644294498221,20.950455289077674,42.958840384020256,20.950455289077674
cv_targets__stop_random,ADE_vs_floor,all,eu-locality-048,8058,26.54479600074948,26.562025009549206,0.06486331066074547,89.55098636922551,160.11545465691114,89.55098636922551
cv_targets__stop_random,ADE_vs_floor,all,eu-locality-067,6903,28.87400983051412,28.911635854909164,0.1301414578679272,93.15038154789627,168.56927310186109,93.15038154789627
cv_targets__stop_random,ADE_vs_floor,all,eu-locality-110,8550,30.301452307183897,30.350155339494975,0.1604704548174074,121.68449105426859,270.73137899676516,121.9052045177577
cv_targets__stop_random,ADE_vs_floor,all,eu-locality-119,5639,28.8393452068058,28.854710298231737,0.05324985510902769,114.45336587739244,201.6878989025234,114.45336587739244
cv_targets__stop_random,ADE_vs_floor,all,eu-locality-124,3550,42.325209476555514,42.371232813148524,0.10861930025960476,184.84746443874639,344.5055271166482,184.84746443874639
cv_targets__stop_random,ADE_vs_floor,easy,eu-locality-007,2133,1.7700884413046079,1.812643710198616,2.347690759887122,4.22666893183369,4.726064642309346,4.2311151932019575
cv_targets__stop_random,ADE_vs_floor,easy,eu-locality-008,52276,2.1471657512485356,2.2199815226208206,3.2800170015073626,4.230174129775651,4.630865122622785,4.2501952420739695
cv_targets__stop_random,ADE_vs_floor,easy,eu-locality-020,695,1.6270632097388176,1.6710333648543638,2.631315211314067,4.2930456589077775,4.6911016198562985,4.2930456589077775
cv_targets__stop_random,ADE_vs_floor,easy,eu-locality-048,2050,2.1274443062957866,2.185316691065704,2.648237896434824,4.2716107997962185,4.694243650671591,4.292759069005489
cv_targets__stop_random,ADE_vs_floor,easy,eu-locality-067,1508,2.024509215500186,2.0627625869236583,1.8544728155324153,4.301592181108402,4.63896463857005,4.320390089274507
cv_targets__stop_random,ADE_vs_floor,easy,eu-locality-110,2579,2.152579215736741,2.214188912316456,2.7824950363092404,4.182975819759988,4.544262585855243,4.203897765463916
cv_targets__stop_random,ADE_vs_floor,easy,eu-locality-119,1658,2.1836204425282557,2.2336256287595,2.2387451857371454,4.2039199145607,4.645785961809294,4.225704184126738
cv_targets__stop_random,ADE_vs_floor,easy,eu-locality-124,1006,2.3757924132142403,2.446429194793944,2.887342160975681,4.309958639134824,4.7184091336050855,4.3295911457613965
cv_targets__stop_random,ADE_vs_floor,hard,eu-locality-007,1023,41.158870712791575,41.24804543394273,0.21619138607176236,81.67666598213943,114.47062363973248,81.24718975645555
cv_targets__stop_random,ADE_vs_floor,hard,eu-locality-008,36762,52.50935739057284,52.514178761922025,0.00918108492383718,124.3548686676523,215.62617092739976,124.45172929758508
cv_targets__stop_random,ADE_vs_floor,hard,eu-locality-020,47,37.64541412593011,37.64541412593011,0.0,59.47714101421315,69.16719818649797,59.47714101421315
cv_targets__stop_random,ADE_vs_floor,hard,eu-locality-048,2992,57.37211322181131,57.37212367197517,1.821470635432476e-05,127.11608694673164,211.57685641932093,127.11608694673164
cv_targets__stop_random,ADE_vs_floor,hard,eu-locality-067,2806,57.94747162700891,57.99443573685852,0.08098037208725817,132.24005022202874,207.56503644827586,132.24005022202874
cv_targets__stop_random,ADE_vs_floor,hard,eu-locality-110,2743,79.31529359084551,79.37912488226243,0.08041319617921872,230.75512668230746,408.99645159228305,230.75512668230746
cv_targets__stop_random,ADE_vs_floor,hard,eu-locality-119,1895,70.8350922679264,70.83510638183645,1.992502133285612e-05,177.35436104322963,275.16663244604706,177.35436104322963
cv_targets__stop_random,ADE_vs_floor,hard,eu-locality-124,1362,98.5356294613005,98.55731402109613,0.022001979265573457,277.2026017292944,456.2515668720877,277.2026017292944
cv_targets__stop_random,ADE_vs_floor,complete,eu-locality-007,2882,13.651325315682515,13.704383125145249,0.38715941446049174,47.6301953356149,79.58424742220402,47.83773492869996
cv_targets__stop_random,ADE_vs_floor,complete,eu-locality-008,97352,16.308312891872465,16.35039221502977,0.25735971714871964,58.9579679092843,120.35291613315462,58.96240703597935
cv_targets__stop_random,ADE_vs_floor,complete,eu-locality-020,364,6.791933517060104,6.904363427901251,1.6283892355203444,22.682718227503177,49.70629992513765,22.682718227503177
cv_targets__stop_random,ADE_vs_floor,complete,eu-locality-048,4716,26.516111396782854,26.54036758823038,0.09139357760170608,91.38499461110202,161.22338275660073,91.38499461110202
cv_targets__stop_random,ADE_vs_floor,complete,eu-locality-067,3417,30.05623916817873,30.08634235640339,0.10005599174554014,92.49833101194194,166.3766421726747,92.49833101194194
cv_targets__stop_random,ADE_vs_floor,complete,eu-locality-110,5804,28.189997385343318,28.234393611986015,0.1572416509198482,118.18033866701663,272.8161773812056,118.307140243085
cv_targets__stop_random,ADE_vs_floor,complete,eu-locality-119,3148,28.447488598559968,28.465399193885855,0.06292058370196418,112.70775480291367,205.2067029563877,112.70775480291367
cv_targets__stop_random,ADE_vs_floor,complete,eu-locality-124,2077,38.264934876516314,38.32154681873666,0.14772875032451616,175.54008186626947,316.4037738037055,175.54008186626947
cv_targets__stop_random,ADE_vs_original,all,eu-locality-007,5526,13.58138387764801,13.58138387764801,0.0,45.89358032936613,80.71712323070768,45.89358032936613
cv_targets__stop_random,ADE_vs_original,all,eu-locality-008,157961,17.979503472805423,17.979500780857414,-1.4972317874395458e-05,63.85744502024743,131.32488108264758,63.85744502024743
cv_targets__stop_random,ADE_vs_original,all,eu-locality-020,1225,6.451501749691746,6.451501749691746,0.0,20.950455289077674,42.958840384020256,20.950455289077674
cv_targets__stop_random,ADE_vs_original,all,eu-locality-048,8058,26.54479600074948,26.54479600074948,0.0,89.55098636922551,160.11545465691114,89.55098636922551
cv_targets__stop_random,ADE_vs_original,all,eu-locality-067,6903,28.87400983051412,28.87400983051412,0.0,93.15038154789627,168.56927310186109,93.15038154789627
cv_targets__stop_random,ADE_vs_original,all,eu-locality-110,8550,30.301452307183897,30.301452307183897,0.0,121.68449105426859,270.73137899676516,121.68449105426859
cv_targets__stop_random,ADE_vs_original,all,eu-locality-119,5639,28.8393452068058,28.8393452068058,0.0,114.45336587739244,201.6878989025234,114.45336587739244
cv_targets__stop_random,ADE_vs_original,all,eu-locality-124,3550,42.325209476555514,42.325209476555514,0.0,184.84746443874639,344.5055271166482,184.84746443874639
cv_targets__stop_random,ADE_vs_original,easy,eu-locality-007,2133,1.7700884413046079,1.7700884413046079,0.0,4.22666893183369,4.726064642309346,4.22666893183369
cv_targets__stop_random,ADE_vs_original,easy,eu-locality-008,52276,2.1471657512485356,2.147165238721817,-2.3869924370423234e-05,4.230174129775651,4.630865122622785,4.230174129775651
cv_targets__stop_random,ADE_vs_original,easy,eu-locality-020,695,1.6270632097388176,1.6270632097388176,0.0,4.2930456589077775,4.6911016198562985,4.2930456589077775
cv_targets__stop_random,ADE_vs_original,easy,eu-locality-048,2050,2.1274443062957866,2.1274443062957866,0.0,4.2716107997962185,4.694243650671591,4.2716107997962185
cv_targets__stop_random,ADE_vs_original,easy,eu-locality-067,1508,2.024509215500186,2.024509215500186,0.0,4.301592181108402,4.63896463857005,4.301592181108402
cv_targets__stop_random,ADE_vs_original,easy,eu-locality-110,2579,2.152579215736741,2.152579215736741,0.0,4.182975819759988,4.544262585855243,4.182975819759988
cv_targets__stop_random,ADE_vs_original,easy,eu-locality-119,1658,2.1836204425282557,2.1836204425282557,0.0,4.2039199145607,4.645785961809294,4.2039199145607
cv_targets__stop_random,ADE_vs_original,easy,eu-locality-124,1006,2.3757924132142403,2.3757924132142403,0.0,4.309958639134824,4.7184091336050855,4.309958639134824
cv_targets__stop_random,ADE_vs_original,hard,eu-locality-007,1023,41.158870712791575,41.158870712791575,0.0,81.67666598213943,114.47062363973248,81.67666598213943
cv_targets__stop_random,ADE_vs_original,hard,eu-locality-008,36762,52.50935739057284,52.50935801676085,1.192526499771418e-06,124.3548686676523,215.62617092739976,124.3548686676523
cv_targets__stop_random,ADE_vs_original,hard,eu-locality-020,47,37.64541412593011,37.64541412593011,0.0,59.47714101421315,69.16719818649797,59.47714101421315
cv_targets__stop_random,ADE_vs_original,hard,eu-locality-048,2992,57.37211322181131,57.37211322181131,0.0,127.11608694673164,211.57685641932093,127.11608694673164
cv_targets__stop_random,ADE_vs_original,hard,eu-locality-067,2806,57.94747162700891,57.94747162700891,0.0,132.24005022202874,207.56503644827586,132.24005022202874
cv_targets__stop_random,ADE_vs_original,hard,eu-locality-110,2743,79.31529359084551,79.31529359084551,0.0,230.75512668230746,408.99645159228305,230.75512668230746
cv_targets__stop_random,ADE_vs_original,hard,eu-locality-119,1895,70.8350922679264,70.8350922679264,0.0,177.35436104322963,275.16663244604706,177.35436104322963
cv_targets__stop_random,ADE_vs_original,hard,eu-locality-124,1362,98.5356294613005,98.5356294613005,0.0,277.2026017292944,456.2515668720877,277.2026017292944
cv_targets__stop_random,FDE_vs_floor,endpoint,eu-locality-007,3935,29.91066176099998,30.048944515842827,0.4601917207772144,102.52328340609101,180.22954667261536,102.52328340609101
cv_targets__stop_random,FDE_vs_floor,endpoint,eu-locality-008,121088,35.7695560477433,35.87346697693251,0.2896595672116864,136.95226757430473,282.23893370979596,136.95807869338222
cv_targets__stop_random,FDE_vs_floor,endpoint,eu-locality-020,622,14.437445876073546,14.662738031078371,1.53649444276579,54.18434016797015,99.18086841907973,54.18434016797015
cv_targets__stop_random,FDE_vs_floor,endpoint,eu-locality-048,5582,58.75992222184233,58.81885940835995,0.1002011720568019,216.2196458274127,356.3667109960735,216.2196458274127
cv_targets__stop_random,FDE_vs_floor,endpoint,eu-locality-067,4600,64.14549273203265,64.25140838386963,0.16484565008161312,207.16877909819794,394.0447029702928,207.16877909819794
cv_targets__stop_random,FDE_vs_floor,endpoint,eu-locality-110,7204,57.641756914173236,57.74000757247072,0.17016045274009794,251.61890320290925,587.6090239057078,251.77304034955634
cv_targets__stop_random,FDE_vs_floor,endpoint,eu-locality-119,4147,65.37454595414788,65.42156304582257,0.0718678819119023,270.5290560144782,484.5542592170748,270.5290560144782
cv_targets__stop_random,FDE_vs_floor,endpoint,eu-locality-124,2645,83.42303962140376,83.57549258367453,0.18241347739367253,380.9415092093398,749.8979417287693,380.9415092093398
cv_targets__stop_random,ADE_vs_CV,easy,eu-locality-007,2133,1.7700884413046079,1.8525004364762494,4.448689649347792,4.22666893183369,4.726064642309346,4.355450553983238
cv_targets__stop_random,ADE_vs_CV,easy,eu-locality-008,52276,2.1471657512485356,2.3343046202023725,8.016900079545442,4.230174129775651,4.630865122622785,4.477191635123733
cv_targets__stop_random,ADE_vs_CV,easy,eu-locality-020,695,1.6270632097388176,1.6834998531827923,3.3523402652680168,4.2930456589077775,4.6911016198562985,4.294862621440125
cv_targets__stop_random,ADE_vs_CV,easy,eu-locality-048,2050,2.1274443062957866,2.2919612794697164,7.177999674235047,4.2716107997962185,4.694243650671591,4.484449431559784
cv_targets__stop_random,ADE_vs_CV,easy,eu-locality-067,1508,2.024509215500186,2.126958008841005,4.816681519568133,4.301592181108402,4.63896463857005,4.431771346846858
cv_targets__stop_random,ADE_vs_CV,easy,eu-locality-110,2579,2.152579215736741,2.356118809479549,8.638766131991815,4.182975819759988,4.544262585855243,4.476255197977273
cv_targets__stop_random,ADE_vs_CV,easy,eu-locality-119,1658,2.1836204425282557,2.3455260977767742,6.902743712891624,4.2039199145607,4.645785961809294,4.423775218674889
cv_targets__stop_random,ADE_vs_CV,easy,eu-locality-124,1006,2.3757924132142403,2.5758364727079335,7.766178544843349,4.309958639134824,4.7184091336050855,4.529853536161329
cv_targets__support,ADE_vs_floor,all,eu-locality-007,5526,13.579525551219565,13.629076271288495,0.36356623943264443,45.89358032936613,80.71712323070768,46.020972312041664
cv_targets__support,ADE_vs_floor,all,eu-locality-008,157961,17.980449786583073,18.01315405032935,0.18155767532382905,63.85744502024743,131.32488108264758,63.87058491799408
cv_targets__support,ADE_vs_floor,all,eu-locality-020,1225,6.455917500642971,6.504686951425043,0.7497586147691249,20.950455289077674,42.958840384020256,20.950455289077674
cv_targets__support,ADE_vs_floor,all,eu-locality-048,8058,26.54501404476858,26.562025009549206,0.06404242438033947,89.55098636922551,160.11545465691114,89.55098636922551
cv_targets__support,ADE_vs_floor,all,eu-locality-067,6903,28.880397269102502,28.911635854909164,0.10804848941592393,93.15038154789627,168.56927310186109,93.15038154789627
cv_targets__support,ADE_vs_floor,all,eu-locality-110,8550,30.31670199826752,30.350155339494975,0.11022461286688268,121.68449105426859,270.73137899676516,121.9052045177577
cv_targets__support,ADE_vs_floor,all,eu-locality-119,5639,28.839726943412025,28.854710298231737,0.05192689396237293,114.45336587739244,201.6878989025234,114.45336587739244
cv_targets__support,ADE_vs_floor,all,eu-locality-124,3550,42.329624728229305,42.371232813148524,0.09819890089746153,184.84746443874639,344.5055271166482,184.84746443874639
cv_targets__support,ADE_vs_floor,easy,eu-locality-007,2133,1.7695394904852666,1.812643710198616,2.3779753004315562,4.229504104221903,4.726064642309346,4.2311151932019575
cv_targets__support,ADE_vs_floor,easy,eu-locality-008,52276,2.14904689724021,2.2199815226208206,3.1952799902977613,4.230769601991636,4.631414192980385,4.2501952420739695
cv_targets__support,ADE_vs_floor,easy,eu-locality-020,695,1.6289352445725418,1.6710333648543638,2.5192866382707457,4.2930456589077775,4.6911016198562985,4.2930456589077775
cv_targets__support,ADE_vs_floor,easy,eu-locality-048,2050,2.1278275403733393,2.185316691065704,2.6307011211418208,4.2716107997962185,4.694243650671591,4.292759069005489
cv_targets__support,ADE_vs_floor,easy,eu-locality-067,1508,2.0251502760363738,2.0627625869236583,1.823395049227572,4.301592181108402,4.63896463857005,4.320390089274507
cv_targets__support,ADE_vs_floor,easy,eu-locality-110,2579,2.1532341104553714,2.214188912316456,2.7529178527641807,4.182975819759988,4.544262585855243,4.203897765463916
cv_targets__support,ADE_vs_floor,easy,eu-locality-119,1658,2.185288560667705,2.2336256287595,2.164063103029501,4.206477004282438,4.645785961809294,4.225704184126738
cv_targets__support,ADE_vs_floor,easy,eu-locality-124,1006,2.378045533854835,2.446429194793944,2.7952438224916,4.309958639134824,4.7184091336050855,4.3295911457613965
cv_targets__support,ADE_vs_floor,hard,eu-locality-007,1023,41.1544009474344,41.24804543394273,0.22702769433838865,81.67666598213943,114.47062363973248,81.24718975645555
cv_targets__support,ADE_vs_floor,hard,eu-locality-008,36762,52.51004742857508,52.514178761922025,0.007867081699353129,124.3548686676523,215.62617092739976,124.45172929758508
cv_targets__support,ADE_vs_floor,hard,eu-locality-020,47,37.64541412593011,37.64541412593011,0.0,59.47714101421315,69.16719818649797,59.47714101421315
cv_targets__support,ADE_vs_floor,hard,eu-locality-048,2992,57.372121797544956,57.37212367197517,3.267144543794842e-06,127.11608694673164,211.57685641932093,127.11608694673164
cv_targets__support,ADE_vs_floor,hard,eu-locality-067,2806,57.96084160263144,57.99443573685852,0.05792647829097053,132.24005022202874,207.56503644827586,132.24005022202874
cv_targets__support,ADE_vs_floor,hard,eu-locality-110,2743,79.359986057992,79.37912488226243,0.02411065163393511,230.75512668230746,408.99645159228305,230.75512668230746
cv_targets__support,ADE_vs_floor,hard,eu-locality-119,1895,70.8348058646186,70.83510638183645,0.00042424898217818807,177.35436104322963,275.16663244604706,177.35436104322963
cv_targets__support,ADE_vs_floor,hard,eu-locality-124,1362,98.53987587562138,98.55731402109613,0.017693405758834047,277.2026017292944,456.2515668720877,277.2026017292944
cv_targets__support,ADE_vs_floor,complete,eu-locality-007,2882,13.65060322632887,13.704383125145249,0.3924284539134182,47.6301953356149,79.58424742220402,47.83773492869996
cv_targets__support,ADE_vs_floor,complete,eu-locality-008,97352,16.30944835809249,16.35039221502977,0.25041513621700817,58.9579679092843,120.35291613315462,58.96240703597935
cv_targets__support,ADE_vs_floor,complete,eu-locality-020,364,6.7940738135380645,6.904363427901251,1.5973900492765924,22.682718227503177,49.70629992513765,22.682718227503177
cv_targets__support,ADE_vs_floor,complete,eu-locality-048,4716,26.516401658178104,26.54036758823038,0.09029991755994393,91.38499461110202,161.22338275660073,91.38499461110202
cv_targets__support,ADE_vs_floor,complete,eu-locality-067,3417,30.056416393504424,30.08634235640339,0.09946693600857426,92.49833101194194,166.3766421726747,92.49833101194194
cv_targets__support,ADE_vs_floor,complete,eu-locality-110,5804,28.190986154358043,28.234393611986015,0.1537396489703413,118.18033866701663,272.8161773812056,118.307140243085
cv_targets__support,ADE_vs_floor,complete,eu-locality-119,3148,28.447982436396728,28.465399193885855,0.06118571311962695,112.70775480291367,205.2067029563877,112.70775480291367
cv_targets__support,ADE_vs_floor,complete,eu-locality-124,2077,38.27201770994914,38.32154681873666,0.12924611060662894,175.54008186626947,316.4037738037055,175.54008186626947
cv_targets__support,ADE_vs_original,all,eu-locality-007,5526,13.579525551219565,13.58138387764801,0.013682894506084065,45.89358032936613,80.71712323070768,45.89358032936613
cv_targets__support,ADE_vs_original,all,eu-locality-008,157961,17.980449786583073,17.979500780857414,-0.005278265160013618,63.85744502024743,131.32488108264758,63.85744502024743
cv_targets__support,ADE_vs_original,all,eu-locality-020,1225,6.455917500642971,6.451501749691746,-0.06844531897454154,20.950455289077674,42.958840384020256,20.950455289077674
cv_targets__support,ADE_vs_original,all,eu-locality-048,8058,26.54501404476858,26.54479600074948,-0.0008214190799993304,89.55098636922551,160.11545465691114,89.55098636922551
cv_targets__support,ADE_vs_original,all,eu-locality-067,6903,28.880397269102502,28.87400983051412,-0.022121758030402283,93.15038154789627,168.56927310186109,93.15038154789627
cv_targets__support,ADE_vs_original,all,eu-locality-110,8550,30.31670199826752,30.301452307183897,-0.050326601276484695,121.68449105426859,270.73137899676516,121.68449105426859
cv_targets__support,ADE_vs_original,all,eu-locality-119,5639,28.839726943412025,28.8393452068058,-0.0013236659968773878,114.45336587739244,201.6878989025234,114.45336587739244
cv_targets__support,ADE_vs_original,all,eu-locality-124,3550,42.329624728229305,42.325209476555514,-0.010431730234516934,184.84746443874639,344.5055271166482,184.84746443874639
cv_targets__support,ADE_vs_original,easy,eu-locality-007,2133,1.7695394904852666,1.7700884413046079,0.03101262098161861,4.229504104221903,4.726064642309346,4.22666893183369
cv_targets__support,ADE_vs_original,easy,eu-locality-008,52276,2.14904689724021,2.147165238721817,-0.08763454644566959,4.230769601991636,4.631414192980385,4.230174129775651
cv_targets__support,ADE_vs_original,easy,eu-locality-020,695,1.6289352445725418,1.6270632097388176,-0.11505606066926077,4.2930456589077775,4.6911016198562985,4.2930456589077775
cv_targets__support,ADE_vs_original,easy,eu-locality-048,2050,2.1278275403733393,2.1274443062957866,-0.01801382421240394,4.2716107997962185,4.694243650671591,4.2716107997962185
cv_targets__support,ADE_vs_original,easy,eu-locality-067,1508,2.0251502760363738,2.024509215500186,-0.03166498484075131,4.301592181108402,4.63896463857005,4.301592181108402
cv_targets__support,ADE_vs_original,easy,eu-locality-110,2579,2.1532341104553714,2.152579215736741,-0.030423722102423945,4.182975819759988,4.544262585855243,4.182975819759988
cv_targets__support,ADE_vs_original,easy,eu-locality-119,1658,2.185288560667705,2.1836204425282557,-0.07639231191287621,4.206477004282438,4.645785961809294,4.2039199145607
cv_targets__support,ADE_vs_original,easy,eu-locality-124,1006,2.378045533854835,2.3757924132142403,-0.09483659548970014,4.309958639134824,4.7184091336050855,4.309958639134824
cv_targets__support,ADE_vs_original,hard,eu-locality-007,1023,41.1544009474344,41.158870712791575,0.01085978618891037,81.67666598213943,114.47062363973248,81.67666598213943
cv_targets__support,ADE_vs_original,hard,eu-locality-008,36762,52.51004742857508,52.50935801676085,-0.001312931333141698,124.3548686676523,215.62617092739976,124.3548686676523
cv_targets__support,ADE_vs_original,hard,eu-locality-020,47,37.64541412593011,37.64541412593011,0.0,59.47714101421315,69.16719818649797,59.47714101421315
cv_targets__support,ADE_vs_original,hard,eu-locality-048,2992,57.372121797544956,57.37211322181131,-1.4947564519474099e-05,127.11608694673164,211.57685641932093,127.11608694673164
cv_targets__support,ADE_vs_original,hard,eu-locality-067,2806,57.96084160263144,57.94747162700891,-0.02307257805584939,132.24005022202874,207.56503644827586,132.24005022202874
cv_targets__support,ADE_vs_original,hard,eu-locality-110,2743,79.359986057992,79.31529359084551,-0.056347855657001844,230.75512668230746,408.99645159228305,230.75512668230746
cv_targets__support,ADE_vs_original,hard,eu-locality-119,1895,70.8348058646186,70.8350922679264,0.00040432404141421685,177.35436104322963,275.16663244604706,177.35436104322963
cv_targets__support,ADE_vs_original,hard,eu-locality-124,1362,98.53987587562138,98.5356294613005,-0.004309521686818307,277.2026017292944,456.2515668720877,277.2026017292944
cv_targets__support,FDE_vs_floor,endpoint,eu-locality-007,3935,29.905692171719554,30.048944515842827,0.4767300363836213,102.52328340609101,180.22954667261536,102.52328340609101
cv_targets__support,FDE_vs_floor,endpoint,eu-locality-008,121088,35.77248474708018,35.87346697693251,0.28149559650108014,136.95226757430473,282.23893370979596,136.95807869338222
cv_targets__support,FDE_vs_floor,endpoint,eu-locality-020,622,14.455107471838264,14.662738031078371,1.416042207124102,54.18434016797015,99.18086841907973,54.18434016797015
cv_targets__support,FDE_vs_floor,endpoint,eu-locality-048,5582,58.76089310371738,58.81885940835995,0.09855054182559275,216.2196458274127,356.3667109960735,216.2196458274127
cv_targets__support,FDE_vs_floor,endpoint,eu-locality-067,4600,64.15595378660595,64.25140838386963,0.14856420997558795,207.16877909819794,394.0447029702928,207.16877909819794
cv_targets__support,FDE_vs_floor,endpoint,eu-locality-110,7204,57.6445016376403,57.74000757247072,0.16540686232252577,251.61890320290925,587.6090239057078,251.77304034955634
cv_targets__support,FDE_vs_floor,endpoint,eu-locality-119,4147,65.37590113645682,65.42156304582257,0.0697964206904822,270.5290560144782,484.5542592170748,270.5290560144782
cv_targets__support,FDE_vs_floor,endpoint,eu-locality-124,2645,83.43795461491844,83.57549258367453,0.16456734445016163,380.9415092093398,749.8979417287693,380.9415092093398
cv_targets__support,ADE_vs_CV,easy,eu-locality-007,2133,1.7695394904852666,1.8525004364762494,4.478322615069807,4.229504104221903,4.726064642309346,4.355450553983238
cv_targets__support,ADE_vs_CV,easy,eu-locality-008,52276,2.14904689724021,2.3343046202023725,7.936313082655921,4.230769601991636,4.631414192980385,4.477191635123733
cv_targets__support,ADE_vs_CV,easy,eu-locality-020,695,1.6289352445725418,1.6834998531827923,3.241141275248205,4.2930456589077775,4.6911016198562985,4.294862621440125
cv_targets__support,ADE_vs_CV,easy,eu-locality-048,2050,2.1278275403733393,2.2919612794697164,7.161278882265942,4.2716107997962185,4.694243650671591,4.484449431559784
cv_targets__support,ADE_vs_CV,easy,eu-locality-067,1508,2.0251502760363738,2.126958008841005,4.786541736200379,4.301592181108402,4.63896463857005,4.431771346846858
cv_targets__support,ADE_vs_CV,easy,eu-locality-110,2579,2.1532341104553714,2.356118809479549,8.610970644090465,4.182975819759988,4.544262585855243,4.476255197977273
cv_targets__support,ADE_vs_CV,easy,eu-locality-119,1658,2.185288560667705,2.3455260977767742,6.8316245664864494,4.206477004282438,4.645785961809294,4.423775218674889
cv_targets__support,ADE_vs_CV,easy,eu-locality-124,1006,2.378045533854835,2.5758364727079335,7.678707128685236,4.309958639134824,4.7184091336050855,4.529853536161329
cv_targets__support,matched_risk,all,eu-locality-007,5526,13.579525551219565,13.581314021608886,0.013168610831593153,45.89358032936613,80.71712323070768,45.980618780176684
cv_targets__support,matched_risk,all,eu-locality-008,157961,17.980449786583073,17.982182417231446,0.009635263441176711,63.85744502024743,131.32488108264758,63.85744502024743
cv_targets__support,matched_risk,all,eu-locality-020,1225,6.455917500642971,6.455917500642971,0.0,20.950455289077674,42.958840384020256,20.950455289077674
cv_targets__support,matched_risk,all,eu-locality-048,8058,26.54501404476858,26.545410873994804,0.0014949070787029228,89.55098636922551,160.11545465691114,89.55098636922551
cv_targets__support,matched_risk,all,eu-locality-067,6903,28.880397269102502,28.880755405263887,0.001240051225670502,93.15038154789627,168.56927310186109,93.15038154789627
cv_targets__support,matched_risk,all,eu-locality-110,8550,30.31670199826752,30.31800749769337,0.00430601986608492,121.68449105426859,270.73137899676516,121.68449105426859
cv_targets__support,matched_risk,all,eu-locality-119,5639,28.839726943412025,28.840399331335863,0.0023314098952398332,114.45336587739244,201.6878989025234,114.45336587739244
cv_targets__support,matched_risk,all,eu-locality-124,3550,42.329624728229305,42.33073659150613,0.002626609802602875,184.84746443874639,344.5055271166482,184.84746443874639
cv_targets__support,matched_risk,easy,eu-locality-007,2133,1.7695394904852666,1.7725823170131314,0.1716606613221816,4.229504104221903,4.726064642309346,4.229504104221903
cv_targets__support,matched_risk,easy,eu-locality-008,52276,2.14904689724021,2.152853718886579,0.17682676779070539,4.230769601991636,4.631414192980385,4.2320220902570265
cv_targets__support,matched_risk,easy,eu-locality-020,695,1.6289352445725418,1.6289352445725418,0.0,4.2930456589077775,4.6911016198562985,4.2930456589077775
cv_targets__support,matched_risk,easy,eu-locality-048,2050,2.1278275403733393,2.1289010611141186,0.05042605128006139,4.2716107997962185,4.694243650671591,4.279426052271072
cv_targets__support,matched_risk,easy,eu-locality-067,1508,2.0251502760363738,2.026457004614294,0.06448340995860447,4.301592181108402,4.63896463857005,4.301592181108402
cv_targets__support,matched_risk,easy,eu-locality-110,2579,2.1532341104553714,2.157609087389081,0.20276967497406817,4.182975819759988,4.544262585855243,4.184527341580496
cv_targets__support,matched_risk,easy,eu-locality-119,1658,2.185288560667705,2.1867400034753555,0.06637473157959928,4.206477004282438,4.645785961809294,4.2039199145607
cv_targets__support,matched_risk,easy,eu-locality-124,1006,2.378045533854835,2.3818643772626715,0.16033001057034202,4.309958639134824,4.7184091336050855,4.309958639134824
cv_targets__support,matched_risk,hard,eu-locality-007,1023,41.1544009474344,41.15536409924571,0.0023402825667817595,81.67666598213943,114.47062363973248,81.67666598213943
cv_targets__support,matched_risk,hard,eu-locality-008,36762,52.51004742857508,52.50983153878647,-0.00041114165152400517,124.3548686676523,215.62617092739976,124.3548686676523
cv_targets__support,matched_risk,hard,eu-locality-020,47,37.64541412593011,37.64541412593011,0.0,59.47714101421315,69.16719818649797,59.47714101421315
cv_targets__support,matched_risk,hard,eu-locality-048,2992,57.372121797544956,57.37210799088148,-2.4065114501148344e-05,127.11608694673164,211.57685641932093,127.11608694673164
cv_targets__support,matched_risk,hard,eu-locality-067,2806,57.96084160263144,57.96084636029918,8.20841661308691e-06,132.24005022202874,207.56503644827586,132.24005022202874
cv_targets__support,matched_risk,hard,eu-locality-110,2743,79.359986057992,79.35981515287493,-0.000215354731802897,230.75512668230746,408.99645159228305,230.75512668230746
cv_targets__support,matched_risk,hard,eu-locality-119,1895,70.8348058646186,70.83457499195248,-0.00032593216823251225,177.35436104322963,275.16663244604706,177.35436104322963
cv_targets__support,matched_risk,hard,eu-locality-124,1362,98.53987587562138,98.53984898844227,-2.7285589920822417e-05,277.2026017292944,456.2515668720877,277.2026017292944
cv_targets__support,matched_risk,complete,eu-locality-007,2882,13.65060322632887,13.653240190410576,0.01931383352911098,47.6301953356149,79.58424742220402,47.6301953356149
cv_targets__support,matched_risk,complete,eu-locality-008,97352,16.30944835809249,16.311576294398982,0.013045558982693883,58.9579679092843,120.35291613315462,58.9579679092843
cv_targets__support,matched_risk,complete,eu-locality-020,364,6.7940738135380645,6.7940738135380645,0.0,22.682718227503177,49.70629992513765,22.682718227503177
cv_targets__support,matched_risk,complete,eu-locality-048,4716,26.516401658178104,26.517153522560704,0.002835388730393351,91.38499461110202,161.22338275660073,91.38499461110202
cv_targets__support,matched_risk,complete,eu-locality-067,3417,30.056416393504424,30.056611438221825,0.0006489245063523441,92.49833101194194,166.3766421726747,92.49833101194194
cv_targets__support,matched_risk,complete,eu-locality-110,5804,28.190986154358043,28.192581763289024,0.005659676521918566,118.18033866701663,272.8161773812056,118.18033866701663
cv_targets__support,matched_risk,complete,eu-locality-119,3148,28.447982436396728,28.44879231240569,0.00284678519941739,112.70775480291367,205.2067029563877,112.70775480291367
cv_targets__support,matched_risk,complete,eu-locality-124,2077,38.27201770994914,38.27362888114186,0.0042096117870760175,175.54008186626947,316.4037738037055,175.54008186626947
cv_targets__support,matched_random,all,eu-locality-007,5526,13.579525551219565,13.580609424334014,0.007981034433601764,45.89358032936613,80.71712323070768,45.980618780176684
cv_targets__support,matched_random,all,eu-locality-008,157961,17.980449786583073,17.981144874968592,0.0038656514385060348,63.85744502024743,131.32488108264758,63.85744502024743
cv_targets__support,matched_random,all,eu-locality-020,1225,6.455917500642971,6.455917500642971,0.0,20.950455289077674,42.958840384020256,20.950455289077674
cv_targets__support,matched_random,all,eu-locality-048,8058,26.54501404476858,26.545161869102415,0.000556878630331159,89.55098636922551,160.11545465691114,89.55098636922551
cv_targets__support,matched_random,all,eu-locality-067,6903,28.880397269102502,28.88041341293964,5.5898912887375474e-05,93.15038154789627,168.56927310186109,93.15038154789627
cv_targets__support,matched_random,all,eu-locality-110,8550,30.31670199826752,30.31740554828791,0.002320614207140803,121.68449105426859,270.73137899676516,121.68449105426859
cv_targets__support,matched_random,all,eu-locality-119,5639,28.839726943412025,28.839948679040816,0.0007688489021218103,114.45336587739244,201.6878989025234,114.45336587739244
cv_targets__support,matched_random,all,eu-locality-124,3550,42.329624728229305,42.33000956189039,0.0009091272718086962,184.84746443874639,344.5055271166482,184.84746443874639
cv_targets__support,matched_random,easy,eu-locality-007,2133,1.7695394904852666,1.7711094408448393,0.08864219925471817,4.229504104221903,4.726064642309346,4.229504104221903
cv_targets__support,matched_random,easy,eu-locality-008,52276,2.14904689724021,2.1507761908819467,0.08040323530955629,4.230769601991636,4.631414192980385,4.230837660141813
cv_targets__support,matched_random,easy,eu-locality-020,695,1.6289352445725418,1.6289352445725418,0.0,4.2930456589077775,4.6911016198562985,4.2930456589077775
cv_targets__support,matched_random,easy,eu-locality-048,2050,2.1278275403733393,2.1284600175211503,0.02971524682655602,4.2716107997962185,4.694243650671591,4.2716107997962185
cv_targets__support,matched_random,easy,eu-locality-067,1508,2.0251502760363738,2.0255492533892623,0.019697242721739006,4.301592181108402,4.63896463857005,4.301592181108402
cv_targets__support,matched_random,easy,eu-locality-110,2579,2.1532341104553714,2.15574460601774,0.11645607533288249,4.182975819759988,4.544262585855243,4.184527341580496
cv_targets__support,matched_random,easy,eu-locality-119,1658,2.185288560667705,2.185563562615005,0.012582656116888469,4.206477004282438,4.645785961809294,4.206477004282438
cv_targets__support,matched_random,easy,eu-locality-124,1006,2.378045533854835,2.379520171640906,0.0619720649417177,4.309958639134824,4.7184091336050855,4.309958639134824
cv_targets__support,matched_random,hard,eu-locality-007,1023,41.1544009474344,41.155067696636834,0.0016200901608365292,81.67666598213943,114.47062363973248,81.67666598213943
cv_targets__support,matched_random,hard,eu-locality-008,36762,52.51004742857508,52.51004513277068,-4.372124218221529e-06,124.3548686676523,215.62617092739976,124.3548686676523
cv_targets__support,matched_random,hard,eu-locality-020,47,37.64541412593011,37.64541412593011,0.0,59.47714101421315,69.16719818649797,59.47714101421315
cv_targets__support,matched_random,hard,eu-locality-048,2992,57.372121797544956,57.372121797544956,0.0,127.11608694673164,211.57685641932093,127.11608694673164
cv_targets__support,matched_random,hard,eu-locality-067,2806,57.96084160263144,57.96061671868609,-0.0003879943970330757,132.24005022202874,207.56503644827586,132.24005022202874
cv_targets__support,matched_random,hard,eu-locality-110,2743,79.359986057992,79.35988614530552,-0.00012589822306896536,230.75512668230746,408.99645159228305,230.75512668230746
cv_targets__support,matched_random,hard,eu-locality-119,1895,70.8348058646186,70.8348058646186,0.0,177.35436104322963,275.16663244604706,177.35436104322963
cv_targets__support,matched_random,hard,eu-locality-124,1362,98.53987587562138,98.53996167860868,8.707430553256401e-05,277.2026017292944,456.2515668720877,277.2026017292944
cv_targets__support,matched_random,complete,eu-locality-007,2882,13.65060322632887,13.651788158881,0.008679687513013512,47.6301953356149,79.58424742220402,47.6301953356149
cv_targets__support,matched_random,complete,eu-locality-008,97352,16.30944835809249,16.310336341396148,0.005444297929069197,58.9579679092843,120.35291613315462,58.9579679092843
cv_targets__support,matched_random,complete,eu-locality-020,364,6.7940738135380645,6.7940738135380645,0.0,22.682718227503177,49.70629992513765,22.682718227503177
cv_targets__support,matched_random,complete,eu-locality-048,4716,26.516401658178104,26.516681591719955,0.0010556884385448662,91.38499461110202,161.22338275660073,91.38499461110202
cv_targets__support,matched_random,complete,eu-locality-067,3417,30.056416393504424,30.05628545329104,-0.0004356500193258839,92.49833101194194,166.3766421726747,92.49833101194194
cv_targets__support,matched_random,complete,eu-locality-110,5804,28.190986154358043,28.191782584143393,0.0028250423078857168,118.18033866701663,272.8161773812056,118.18033866701663
cv_targets__support,matched_random,complete,eu-locality-119,3148,28.447982436396728,28.448231853388698,0.0008767398735232135,112.70775480291367,205.2067029563877,112.70775480291367
cv_targets__support,matched_random,complete,eu-locality-124,2077,38.27201770994914,38.27253584368542,0.001353800381542758,175.54008186626947,316.4037738037055,175.54008186626947
cv_targets__support_risk,ADE_vs_floor,all,eu-locality-007,5526,13.581314021608886,13.629076271288495,0.35044377717825537,45.980618780176684,80.71712323070768,46.020972312041664
cv_targets__support_risk,ADE_vs_floor,all,eu-locality-008,157961,17.982182417231446,18.01315405032935,0.17193897865620533,63.85744502024743,131.32488108264758,63.87058491799408
cv_targets__support_risk,ADE_vs_floor,all,eu-locality-020,1225,6.455917500642971,6.504686951425043,0.7497586147691249,20.950455289077674,42.958840384020256,20.950455289077674
cv_targets__support_risk,ADE_vs_floor,all,eu-locality-048,8058,26.545410873994804,26.562025009549206,0.06254845234288098,89.55098636922551,160.11545465691114,89.55098636922551
cv_targets__support_risk,ADE_vs_floor,all,eu-locality-067,6903,28.880755405263887,28.911635854909164,0.10680976268603315,93.15038154789627,168.56927310186109,93.15038154789627
cv_targets__support_risk,ADE_vs_floor,all,eu-locality-110,8550,30.31800749769337,30.350155339494975,0.10592315407286224,121.68449105426859,270.73137899676516,121.9052045177577
cv_targets__support_risk,ADE_vs_floor,all,eu-locality-119,5639,28.840399331335863,28.854710298231737,0.04959664036811029,114.45336587739244,201.6878989025234,114.45336587739244
cv_targets__support_risk,ADE_vs_floor,all,eu-locality-124,3550,42.33073659150613,42.371232813148524,0.09557480147196484,184.84746443874639,344.5055271166482,184.84746443874639
cv_targets__support_risk,ADE_vs_floor,easy,eu-locality-007,2133,1.7725823170131314,1.812643710198616,2.2101085260210818,4.229504104221903,4.726064642309346,4.2311151932019575
cv_targets__support_risk,ADE_vs_floor,easy,eu-locality-008,52276,2.152853718886579,2.2199815226208206,3.0238001105069134,4.2320220902570265,4.630865122622785,4.2501952420739695
cv_targets__support_risk,ADE_vs_floor,easy,eu-locality-020,695,1.6289352445725418,1.6710333648543638,2.5192866382707457,4.2930456589077775,4.6911016198562985,4.2930456589077775
cv_targets__support_risk,ADE_vs_floor,easy,eu-locality-048,2050,2.1289010611141186,2.185316691065704,2.5815768571315623,4.279426052271072,4.694243650671591,4.292759069005489
cv_targets__support_risk,ADE_vs_floor,easy,eu-locality-067,1508,2.026457004614294,2.0627625869236583,1.7600465773188856,4.301592181108402,4.63896463857005,4.320390089274507
cv_targets__support_risk,ADE_vs_floor,easy,eu-locality-110,2579,2.157609087389081,2.214188912316456,2.5553296113375423,4.184527341580496,4.545078441077308,4.203897765463916
cv_targets__support_risk,ADE_vs_floor,easy,eu-locality-119,1658,2.1867400034753555,2.2336256287595,2.0990816312482785,4.2039199145607,4.645785961809294,4.225704184126738
cv_targets__support_risk,ADE_vs_floor,easy,eu-locality-124,1006,2.3818643772626715,2.446429194793944,2.639145153625033,4.309958639134824,4.7184091336050855,4.3295911457613965
cv_targets__support_risk,ADE_vs_floor,hard,eu-locality-007,1023,41.15536409924571,41.24804543394273,0.22469267021498762,81.67666598213943,114.47062363973248,81.24718975645555
cv_targets__support_risk,ADE_vs_floor,hard,eu-locality-008,36762,52.50983153878647,52.514178761922025,0.008278189315802376,124.3548686676523,215.62617092739976,124.45172929758508
cv_targets__support_risk,ADE_vs_floor,hard,eu-locality-020,47,37.64541412593011,37.64541412593011,0.0,59.47714101421315,69.16719818649797,59.47714101421315
cv_targets__support_risk,ADE_vs_floor,hard,eu-locality-048,2992,57.37210799088148,57.37212367197517,2.733225246132065e-05,127.11608694673164,211.57685641932093,127.11608694673164
cv_targets__support_risk,ADE_vs_floor,hard,eu-locality-067,2806,57.96084636029918,57.99443573685852,0.057918274628532274,132.24005022202874,207.56503644827586,132.24005022202874
cv_targets__support_risk,ADE_vs_floor,hard,eu-locality-110,2743,79.35981515287493,79.37912488226243,0.024325953978632242,230.75512668230746,408.99645159228305,230.75512668230746
cv_targets__support_risk,ADE_vs_floor,hard,eu-locality-119,1895,70.83457499195248,70.83510638183645,0.0007501787053332265,177.35436104322963,275.16663244604706,177.35436104322963
cv_targets__support_risk,ADE_vs_floor,hard,eu-locality-124,1362,98.53984898844227,98.55731402109613,0.01772068651355596,277.2026017292944,456.2515668720877,277.2026017292944
cv_targets__support_risk,ADE_vs_floor,complete,eu-locality-007,2882,13.653240190410576,13.704383125145249,0.37318669704171636,47.6301953356149,79.58424742220402,47.83773492869996
cv_targets__support_risk,ADE_vs_floor,complete,eu-locality-008,97352,16.311576294398982,16.35039221502977,0.23740054746276273,58.9579679092843,120.35291613315462,58.96240703597935
cv_targets__support_risk,ADE_vs_floor,complete,eu-locality-020,364,6.7940738135380645,6.904363427901251,1.5973900492765924,22.682718227503177,49.70629992513765,22.682718227503177
cv_targets__support_risk,ADE_vs_floor,complete,eu-locality-048,4716,26.517153522560704,26.54036758823038,0.0874670088592544,91.38499461110202,161.22338275660073,91.38499461110202
cv_targets__support_risk,ADE_vs_floor,complete,eu-locality-067,3417,30.056611438221825,30.08634235640339,0.09881865276067936,92.49833101194194,166.3766421726747,92.49833101194194
cv_targets__support_risk,ADE_vs_floor,complete,eu-locality-110,5804,28.192581763289024,28.234393611986015,0.1480883537702038,118.18033866701663,272.8161773812056,118.307140243085
cv_targets__support_risk,ADE_vs_floor,complete,eu-locality-119,3148,28.44879231240569,28.465399193885855,0.058340588751459865,112.70775480291367,205.2067029563877,112.70775480291367
cv_targets__support_risk,ADE_vs_floor,complete,eu-locality-124,2077,38.27362888114186,38.32154681873666,0.12504176259233724,175.54008186626947,316.4037738037055,175.54008186626947
cv_targets__support_risk,ADE_vs_original,all,eu-locality-007,5526,13.581314021608886,13.58138387764801,0.0005143514074323896,45.980618780176684,80.71712323070768,45.89358032936613
cv_targets__support_risk,ADE_vs_original,all,eu-locality-008,157961,17.982182417231446,17.979500780857414,-0.014914965697410132,63.85744502024743,131.32488108264758,63.85744502024743
cv_targets__support_risk,ADE_vs_original,all,eu-locality-020,1225,6.455917500642971,6.451501749691746,-0.06844531897454154,20.950455289077674,42.958840384020256,20.950455289077674
cv_targets__support_risk,ADE_vs_original,all,eu-locality-048,8058,26.545410873994804,26.54479600074948,-0.002316360786158711,89.55098636922551,160.11545465691114,89.55098636922551
cv_targets__support_risk,ADE_vs_original,all,eu-locality-067,6903,28.880755405263887,28.87400983051412,-0.023362098958079613,93.15038154789627,168.56927310186109,93.15038154789627
cv_targets__support_risk,ADE_vs_original,all,eu-locality-110,8550,30.31800749769337,30.301452307183897,-0.05463497373539017,121.68449105426859,270.73137899676516,121.68449105426859
cv_targets__support_risk,ADE_vs_original,all,eu-locality-119,5639,28.840399331335863,28.8393452068058,-0.003655161108917504,114.45336587739244,201.6878989025234,114.45336587739244
cv_targets__support_risk,ADE_vs_original,all,eu-locality-124,3550,42.33073659150613,42.325209476555514,-0.013058683037781016,184.84746443874639,344.5055271166482,184.84746443874639
cv_targets__support_risk,ADE_vs_original,easy,eu-locality-007,2133,1.7725823170131314,1.7700884413046079,-0.14088989286238363,4.229504104221903,4.726064642309346,4.22666893183369
cv_targets__support_risk,ADE_vs_original,easy,eu-locality-008,52276,2.152853718886579,2.147165238721817,-0.26492978100502995,4.2320220902570265,4.630865122622785,4.230174129775651
cv_targets__support_risk,ADE_vs_original,easy,eu-locality-020,695,1.6289352445725418,1.6270632097388176,-0.11505606066926077,4.2930456589077775,4.6911016198562985,4.2930456589077775
cv_targets__support_risk,ADE_vs_original,easy,eu-locality-048,2050,2.1289010611141186,2.1274443062957866,-0.0684744044307406,4.279426052271072,4.694243650671591,4.2716107997962185
cv_targets__support_risk,ADE_vs_original,easy,eu-locality-067,1508,2.026457004614294,2.024509215500186,-0.09621043456831124,4.301592181108402,4.63896463857005,4.301592181108402
cv_targets__support_risk,ADE_vs_original,easy,eu-locality-110,2579,2.157609087389081,2.152579215736741,-0.23366720330515456,4.184527341580496,4.545078441077308,4.182975819759988
cv_targets__support_risk,ADE_vs_original,easy,eu-locality-119,1658,2.1867400034753555,2.1836204425282557,-0.14286186767367148,4.2039199145607,4.645785961809294,4.2039199145607
cv_targets__support_risk,ADE_vs_original,easy,eu-locality-124,1006,2.3818643772626715,2.3757924132142403,-0.25557637168376335,4.309958639134824,4.7184091336050855,4.309958639134824
cv_targets__support_risk,ADE_vs_original,hard,eu-locality-007,1023,41.15536409924571,41.158870712791575,0.008519703007248136,81.67666598213943,114.47062363973248,81.67666598213943
cv_targets__support_risk,ADE_vs_original,hard,eu-locality-008,36762,52.50983153878647,52.50935801676085,-0.0009017859739834932,124.3548686676523,215.62617092739976,124.3548686676523
cv_targets__support_risk,ADE_vs_original,hard,eu-locality-020,47,37.64541412593011,37.64541412593011,0.0,59.47714101421315,69.16719818649797,59.47714101421315
cv_targets__support_risk,ADE_vs_original,hard,eu-locality-048,2992,57.37210799088148,57.37211322181131,9.117547772330425e-06,127.11608694673164,211.57685641932093,127.11608694673164
cv_targets__support_risk,ADE_vs_original,hard,eu-locality-067,2806,57.96084636029918,57.94747162700891,-0.02308078836701366,132.24005022202874,207.56503644827586,132.24005022202874
cv_targets__support_risk,ADE_vs_original,hard,eu-locality-110,2743,79.35981515287493,79.31529359084551,-0.056132380041473695,230.75512668230746,408.99645159228305,230.75512668230746
cv_targets__support_risk,ADE_vs_original,hard,eu-locality-119,1895,70.83457499195248,70.8350922679264,0.0007302538295062,177.35436104322963,275.16663244604706,177.35436104322963
cv_targets__support_risk,ADE_vs_original,hard,eu-locality-124,1362,98.53984898844227,98.5356294613005,-0.004282234928454365,277.2026017292944,456.2515668720877,277.2026017292944
cv_targets__support_risk,FDE_vs_floor,endpoint,eu-locality-007,3935,29.911780820831993,30.048944515842827,0.45646759718470653,102.52328340609101,180.22954667261536,102.52328340609101
cv_targets__support_risk,FDE_vs_floor,endpoint,eu-locality-008,121088,35.777669114518474,35.87346697693251,0.26704378050673716,136.95226757430473,282.23893370979596,136.95807869338222
cv_targets__support_risk,FDE_vs_floor,endpoint,eu-locality-020,622,14.455107471838264,14.662738031078371,1.416042207124102,54.18434016797015,99.18086841907973,54.18434016797015
cv_targets__support_risk,FDE_vs_floor,endpoint,eu-locality-048,5582,58.76229963546904,58.81885940835995,0.09615924800280284,216.2196458274127,356.3667109960735,216.2196458274127
cv_targets__support_risk,FDE_vs_floor,endpoint,eu-locality-067,4600,64.15672672002006,64.25140838386963,0.14736122714057442,207.16877909819794,394.0447029702928,207.16877909819794
cv_targets__support_risk,FDE_vs_floor,endpoint,eu-locality-110,7204,57.64850536876922,57.74000757247072,0.1584727947717135,251.61890320290925,587.6090239057078,251.77304034955634
cv_targets__support_risk,FDE_vs_floor,endpoint,eu-locality-119,4147,65.37809944554795,65.42156304582257,0.06643619970403414,270.5290560144782,484.5542592170748,270.5290560144782
cv_targets__support_risk,FDE_vs_floor,endpoint,eu-locality-124,2645,83.44171031782638,83.57549258367453,0.16007355949977375,380.9415092093398,749.8979417287693,380.9415092093398
cv_targets__support_risk,ADE_vs_CV,easy,eu-locality-007,2133,1.7725823170131314,1.8525004364762494,4.314067510566155,4.229504104221903,4.726064642309346,4.355450553983238
cv_targets__support_risk,ADE_vs_CV,easy,eu-locality-008,52276,2.152853718886579,2.3343046202023725,7.773231468824426,4.2320220902570265,4.630865122622785,4.477191635123733
cv_targets__support_risk,ADE_vs_CV,easy,eu-locality-020,695,1.6289352445725418,1.6834998531827923,3.241141275248205,4.2930456589077775,4.6911016198562985,4.294862621440125
cv_targets__support_risk,ADE_vs_CV,easy,eu-locality-048,2050,2.1289010611141186,2.2919612794697164,7.114440362331276,4.279426052271072,4.694243650671591,4.484449431559784
cv_targets__support_risk,ADE_vs_CV,easy,eu-locality-067,1508,2.026457004614294,2.126958008841005,4.725105235221571,4.301592181108402,4.63896463857005,4.431771346846858
cv_targets__support_risk,ADE_vs_CV,easy,eu-locality-110,2579,2.157609087389081,2.356118809479549,8.425284891907358,4.184527341580496,4.545078441077308,4.476255197977273
cv_targets__support_risk,ADE_vs_CV,easy,eu-locality-119,1658,2.1867400034753555,2.3455260977767742,6.769743233806924,4.2039199145607,4.645785961809294,4.423775218674889
cv_targets__support_risk,ADE_vs_CV,easy,eu-locality-124,1006,2.3818643772626715,2.5758364727079335,7.530450690502965,4.309958639134824,4.7184091336050855,4.529853536161329
cv_targets__support_random,ADE_vs_floor,all,eu-locality-007,5526,13.580609424334014,13.629076271288495,0.3556135866418453,45.980618780176684,80.71712323070768,46.020972312041664
cv_targets__support_random,ADE_vs_floor,all,eu-locality-008,157961,17.981144874968592,18.01315405032935,0.1776988931051382,63.85744502024743,131.32488108264758,63.87058491799408
cv_targets__support_random,ADE_vs_floor,all,eu-locality-020,1225,6.455917500642971,6.504686951425043,0.7497586147691249,20.950455289077674,42.958840384020256,20.950455289077674
cv_targets__support_random,ADE_vs_floor,all,eu-locality-048,8058,26.545161869102415,26.562025009549206,0.06348589928941717,89.55098636922551,160.11545465691114,89.55098636922551
cv_targets__support_random,ADE_vs_floor,all,eu-locality-067,6903,28.88041341293964,28.911635854909164,0.10799265086974819,93.15038154789627,168.56927310186109,93.15038154789627
cv_targets__support_random,ADE_vs_floor,all,eu-locality-110,8550,30.31740554828791,30.350155339494975,0.10790650275337432,121.68449105426859,270.73137899676516,121.9052045177577
cv_targets__support_random,ADE_vs_floor,all,eu-locality-119,5639,28.839948679040816,28.854710298231737,0.05115843839134104,114.45336587739244,201.6878989025234,114.45336587739244
cv_targets__support_random,ADE_vs_floor,all,eu-locality-124,3550,42.33000956189039,42.371232813148524,0.09729065812156268,184.84746443874639,344.5055271166482,184.84746443874639
cv_targets__support_random,ADE_vs_floor,easy,eu-locality-007,2133,1.7711094408448393,1.812643710198616,2.2913642168115644,4.229504104221903,4.726064642309346,4.2311151932019575
cv_targets__support_random,ADE_vs_floor,easy,eu-locality-008,52276,2.1507761908819467,2.2199815226208206,3.1173832319636996,4.230837660141813,4.630865122622785,4.2501952420739695
cv_targets__support_random,ADE_vs_floor,easy,eu-locality-020,695,1.6289352445725418,1.6710333648543638,2.5192866382707457,4.2930456589077775,4.6911016198562985,4.2930456589077775
cv_targets__support_random,ADE_vs_floor,easy,eu-locality-048,2050,2.1284600175211503,2.185316691065704,2.6017589934219876,4.2716107997962185,4.694243650671591,4.292759069005489
cv_targets__support_random,ADE_vs_floor,easy,eu-locality-067,1508,2.0255492533892623,2.0627625869236583,1.8040531552346417,4.301592181108402,4.63896463857005,4.320390089274507
cv_targets__support_random,ADE_vs_floor,easy,eu-locality-110,2579,2.15574460601774,2.214188912316456,2.6395356770878564,4.184527341580496,4.545078441077308,4.203897765463916
cv_targets__support_random,ADE_vs_floor,easy,eu-locality-119,1658,2.185563562615005,2.2336256287595,2.1517511943658807,4.206477004282438,4.645785961809294,4.225704184126738
cv_targets__support_random,ADE_vs_floor,easy,eu-locality-124,1006,2.379520171640906,2.446429194793944,2.7349666728725297,4.309958639134824,4.7184091336050855,4.3295911457613965
cv_targets__support_random,ADE_vs_floor,hard,eu-locality-007,1023,41.155067696636834,41.24804543394273,0.22541125604313983,81.67666598213943,114.47062363973248,81.24718975645555
cv_targets__support_random,ADE_vs_floor,hard,eu-locality-008,36762,52.51004513277068,52.514178761922025,0.007871453479424417,124.3548686676523,215.62617092739976,124.45172929758508
cv_targets__support_random,ADE_vs_floor,hard,eu-locality-020,47,37.64541412593011,37.64541412593011,0.0,59.47714101421315,69.16719818649797,59.47714101421315
cv_targets__support_random,ADE_vs_floor,hard,eu-locality-048,2992,57.372121797544956,57.37212367197517,3.267144543794842e-06,127.11608694673164,211.57685641932093,127.11608694673164
cv_targets__support_random,ADE_vs_floor,hard,eu-locality-067,2806,57.96061671868609,57.99443573685852,0.05831424643197858,132.24005022202874,207.56503644827586,132.24005022202874
cv_targets__support_random,ADE_vs_floor,hard,eu-locality-110,2743,79.35988614530552,79.37912488226243,0.02423651934364557,230.75512668230746,408.99645159228305,230.75512668230746
cv_targets__support_random,ADE_vs_floor,hard,eu-locality-119,1895,70.8348058646186,70.83510638183645,0.00042424898217818807,177.35436104322963,275.16663244604706,177.35436104322963
cv_targets__support_random,ADE_vs_floor,hard,eu-locality-124,1362,98.53996167860868,98.55731402109613,0.017606346783904936,277.2026017292944,456.2515668720877,277.2026017292944
cv_targets__support_random,ADE_vs_floor,complete,eu-locality-007,2882,13.651788158881,13.704383125145249,0.38378207748545057,47.6301953356149,79.58424742220402,47.83773492869996
cv_targets__support_random,ADE_vs_floor,complete,eu-locality-008,97352,16.310336341396148,16.35039221502977,0.24498417595635313,58.9579679092843,120.35291613315462,58.96240703597935
cv_targets__support_random,ADE_vs_floor,complete,eu-locality-020,364,6.7940738135380645,6.904363427901251,1.5973900492765924,22.682718227503177,49.70629992513765,22.682718227503177
cv_targets__support_random,ADE_vs_floor,complete,eu-locality-048,4716,26.516681591719955,26.54036758823038,0.08924517127234521,91.38499461110202,161.22338275660073,91.38499461110202
cv_targets__support_random,ADE_vs_floor,complete,eu-locality-067,3417,30.05628545329104,30.08634235640339,0.09990215080415421,92.49833101194194,166.3766421726747,92.49833101194194
cv_targets__support_random,ADE_vs_floor,complete,eu-locality-110,5804,28.191782584143393,28.234393611986015,0.15091887018438,118.18033866701663,272.8161773812056,118.307140243085
cv_targets__support_random,ADE_vs_floor,complete,eu-locality-119,3148,28.448231853388698,28.465399193885855,0.06030950200355267,112.70775480291367,205.2067029563877,112.70775480291367
cv_targets__support_random,ADE_vs_floor,complete,eu-locality-124,2077,38.27253584368542,38.32154681873666,0.12789404165511886,175.54008186626947,316.4037738037055,175.54008186626947
cv_targets__support_random,ADE_vs_original,all,eu-locality-007,5526,13.580609424334014,13.58138387764801,0.005702315176225881,45.980618780176684,80.71712323070768,45.89358032936613
cv_targets__support_random,ADE_vs_original,all,eu-locality-008,157961,17.981144874968592,17.979500780857414,-0.009144270084116002,63.85744502024743,131.32488108264758,63.85744502024743
cv_targets__support_random,ADE_vs_original,all,eu-locality-020,1225,6.455917500642971,6.451501749691746,-0.06844531897454154,20.950455289077674,42.958840384020256,20.950455289077674
cv_targets__support_random,ADE_vs_original,all,eu-locality-048,8058,26.545161869102415,26.54479600074948,-0.0013783053858240635,89.55098636922551,160.11545465691114,89.55098636922551
cv_targets__support_random,ADE_vs_original,all,eu-locality-067,6903,28.88041341293964,28.87400983051412,-0.02217766934038412,93.15038154789627,168.56927310186109,93.15038154789627
cv_targets__support_random,ADE_vs_original,all,eu-locality-110,8550,30.31740554828791,30.301452307183897,-0.052648437250746305,121.68449105426859,270.73137899676516,121.68449105426859
cv_targets__support_random,ADE_vs_original,all,eu-locality-119,5639,28.839948679040816,28.8393452068058,-0.0020925309873964792,114.45336587739244,201.6878989025234,114.45336587739244
cv_targets__support_random,ADE_vs_original,all,eu-locality-124,3550,42.33000956189039,42.325209476555514,-0.011340960610106698,184.84746443874639,344.5055271166482,184.84746443874639
cv_targets__support_random,ADE_vs_original,easy,eu-locality-007,2133,1.7711094408448393,1.7700884413046079,-0.05768070772096401,4.229504104221903,4.726064642309346,4.22666893183369
cv_targets__support_random,ADE_vs_original,easy,eu-locality-008,52276,2.1507761908819467,2.147165238721817,-0.16817299828675303,4.230837660141813,4.630865122622785,4.230174129775651
cv_targets__support_random,ADE_vs_original,easy,eu-locality-020,695,1.6289352445725418,1.6270632097388176,-0.11505606066926077,4.2930456589077775,4.6911016198562985,4.2930456589077775
cv_targets__support_random,ADE_vs_original,easy,eu-locality-048,2050,2.1284600175211503,2.1274443062957866,-0.04774325806593538,4.2716107997962185,4.694243650671591,4.2716107997962185
cv_targets__support_random,ADE_vs_original,easy,eu-locality-067,1508,2.0255492533892623,2.024509215500186,-0.0513723464982796,4.301592181108402,4.63896463857005,4.301592181108402
cv_targets__support_random,ADE_vs_original,easy,eu-locality-110,2579,2.15574460601774,2.152579215736741,-0.14705104731373986,4.184527341580496,4.545078441077308,4.182975819759988
cv_targets__support_random,ADE_vs_original,easy,eu-locality-119,1658,2.185563562615005,2.1836204425282557,-0.0889861648528667,4.206477004282438,4.645785961809294,4.2039199145607
cv_targets__support_random,ADE_vs_original,easy,eu-locality-124,1006,2.379520171640906,2.3757924132142403,-0.1569058982565874,4.309958639134824,4.7184091336050855,4.309958639134824
cv_targets__support_random,ADE_vs_original,hard,eu-locality-007,1023,41.155067696636834,41.158870712791575,0.009239845721908946,81.67666598213943,114.47062363973248,81.67666598213943
cv_targets__support_random,ADE_vs_original,hard,eu-locality-008,36762,52.51004513277068,52.50935801676085,-0.0013085591517025819,124.3548686676523,215.62617092739976,124.3548686676523
cv_targets__support_random,ADE_vs_original,hard,eu-locality-020,47,37.64541412593011,37.64541412593011,0.0,59.47714101421315,69.16719818649797,59.47714101421315
cv_targets__support_random,ADE_vs_original,hard,eu-locality-048,2992,57.372121797544956,57.37211322181131,-1.4947564519474099e-05,127.11608694673164,211.57685641932093,127.11608694673164
cv_targets__support_random,ADE_vs_original,hard,eu-locality-067,2806,57.96061671868609,57.94747162700891,-0.022684495644242908,132.24005022202874,207.56503644827586,132.24005022202874
cv_targets__support_random,ADE_vs_original,hard,eu-locality-110,2743,79.35988614530552,79.31529359084551,-0.056221886651575126,230.75512668230746,408.99645159228305,230.75512668230746
cv_targets__support_random,ADE_vs_original,hard,eu-locality-119,1895,70.8348058646186,70.8350922679264,0.00040432404141421685,177.35436104322963,275.16663244604706,177.35436104322963
cv_targets__support_random,ADE_vs_original,hard,eu-locality-124,1362,98.53996167860868,98.5356294613005,-0.0043965998206552115,277.2026017292944,456.2515668720877,277.2026017292944
cv_targets__support_random,FDE_vs_floor,endpoint,eu-locality-007,3935,29.909213956018526,30.048944515842827,0.46500987663853355,102.52328340609101,180.22954667261536,102.52328340609101
cv_targets__support_random,FDE_vs_floor,endpoint,eu-locality-008,121088,35.77469206451758,35.87346697693251,0.27534253234694495,136.95226757430473,282.23893370979596,136.95807869338222
cv_targets__support_random,FDE_vs_floor,endpoint,eu-locality-020,622,14.455107471838264,14.662738031078371,1.416042207124102,54.18434016797015,99.18086841907973,54.18434016797015
cv_targets__support_random,FDE_vs_floor,endpoint,eu-locality-048,5582,58.76146193602237,58.81885940835995,0.09758345012963465,216.2196458274127,356.3667109960735,216.2196458274127
cv_targets__support_random,FDE_vs_floor,endpoint,eu-locality-067,4600,64.15582306679293,64.25140838386963,0.14876766047776657,207.16877909819794,394.0447029702928,207.16877909819794
cv_targets__support_random,FDE_vs_floor,endpoint,eu-locality-110,7204,57.64653379140161,57.74000757247072,0.16188737237657902,251.61890320290925,587.6090239057078,251.77304034955634
cv_targets__support_random,FDE_vs_floor,endpoint,eu-locality-119,4147,65.37663919145753,65.42156304582257,0.06866826818792138,270.5290560144782,484.5542592170748,270.5290560144782
cv_targets__support_random,FDE_vs_floor,endpoint,eu-locality-124,2645,83.43938477561923,83.57549258367453,0.16285612426277796,380.9415092093398,749.8979417287693,380.9415092093398
cv_targets__support_random,ADE_vs_CV,easy,eu-locality-007,2133,1.7711094408448393,1.8525004364762494,4.393574977300874,4.229504104221903,4.726064642309346,4.355450553983238
cv_targets__support_random,ADE_vs_CV,easy,eu-locality-008,52276,2.1507761908819467,2.3343046202023725,7.862231335707792,4.230837660141813,4.630865122622785,4.477191635123733
cv_targets__support_random,ADE_vs_CV,easy,eu-locality-020,695,1.6289352445725418,1.6834998531827923,3.241141275248205,4.2930456589077775,4.6911016198562985,4.294862621440125
cv_targets__support_random,ADE_vs_CV,easy,eu-locality-048,2050,2.1284600175211503,2.2919612794697164,7.133683427077564,4.2716107997962185,4.694243650671591,4.484449431559784
cv_targets__support_random,ADE_vs_CV,easy,eu-locality-067,1508,2.0255492533892623,2.126958008841005,4.767783615389809,4.301592181108402,4.63896463857005,4.431771346846858
cv_targets__support_random,ADE_vs_CV,easy,eu-locality-110,2579,2.15574460601774,2.356118809479549,8.504418480750154,4.184527341580496,4.545078441077308,4.476255197977273
cv_targets__support_random,ADE_vs_CV,easy,eu-locality-119,1658,2.185563562615005,2.3455260977767742,6.819900034938476,4.206477004282438,4.645785961809294,4.423775218674889
cv_targets__support_random,ADE_vs_CV,easy,eu-locality-124,1006,2.379520171640906,2.5758364727079335,7.6214582387927665,4.309958639134824,4.7184091336050855,4.529853536161329
cv_targets__combined,ADE_vs_floor,all,eu-locality-007,5526,13.579525551219565,13.629076271288495,0.36356623943264443,45.89358032936613,80.71712323070768,46.020972312041664
cv_targets__combined,ADE_vs_floor,all,eu-locality-008,157961,17.980449786583073,18.01315405032935,0.18155767532382905,63.85744502024743,131.32488108264758,63.87058491799408
cv_targets__combined,ADE_vs_floor,all,eu-locality-020,1225,6.455917500642971,6.504686951425043,0.7497586147691249,20.950455289077674,42.958840384020256,20.950455289077674
cv_targets__combined,ADE_vs_floor,all,eu-locality-048,8058,26.54501404476858,26.562025009549206,0.06404242438033947,89.55098636922551,160.11545465691114,89.55098636922551
cv_targets__combined,ADE_vs_floor,all,eu-locality-067,6903,28.880397269102502,28.911635854909164,0.10804848941592393,93.15038154789627,168.56927310186109,93.15038154789627
cv_targets__combined,ADE_vs_floor,all,eu-locality-110,8550,30.31670199826752,30.350155339494975,0.11022461286688268,121.68449105426859,270.73137899676516,121.9052045177577
cv_targets__combined,ADE_vs_floor,all,eu-locality-119,5639,28.839726943412025,28.854710298231737,0.05192689396237293,114.45336587739244,201.6878989025234,114.45336587739244
cv_targets__combined,ADE_vs_floor,all,eu-locality-124,3550,42.329624728229305,42.371232813148524,0.09819890089746153,184.84746443874639,344.5055271166482,184.84746443874639
cv_targets__combined,ADE_vs_floor,easy,eu-locality-007,2133,1.7695394904852666,1.812643710198616,2.3779753004315562,4.229504104221903,4.726064642309346,4.2311151932019575
cv_targets__combined,ADE_vs_floor,easy,eu-locality-008,52276,2.14904689724021,2.2199815226208206,3.1952799902977613,4.230769601991636,4.631414192980385,4.2501952420739695
cv_targets__combined,ADE_vs_floor,easy,eu-locality-020,695,1.6289352445725418,1.6710333648543638,2.5192866382707457,4.2930456589077775,4.6911016198562985,4.2930456589077775
cv_targets__combined,ADE_vs_floor,easy,eu-locality-048,2050,2.1278275403733393,2.185316691065704,2.6307011211418208,4.2716107997962185,4.694243650671591,4.292759069005489
cv_targets__combined,ADE_vs_floor,easy,eu-locality-067,1508,2.0251502760363738,2.0627625869236583,1.823395049227572,4.301592181108402,4.63896463857005,4.320390089274507
cv_targets__combined,ADE_vs_floor,easy,eu-locality-110,2579,2.1532341104553714,2.214188912316456,2.7529178527641807,4.182975819759988,4.544262585855243,4.203897765463916
cv_targets__combined,ADE_vs_floor,easy,eu-locality-119,1658,2.185288560667705,2.2336256287595,2.164063103029501,4.206477004282438,4.645785961809294,4.225704184126738
cv_targets__combined,ADE_vs_floor,easy,eu-locality-124,1006,2.378045533854835,2.446429194793944,2.7952438224916,4.309958639134824,4.7184091336050855,4.3295911457613965
cv_targets__combined,ADE_vs_floor,hard,eu-locality-007,1023,41.1544009474344,41.24804543394273,0.22702769433838865,81.67666598213943,114.47062363973248,81.24718975645555
cv_targets__combined,ADE_vs_floor,hard,eu-locality-008,36762,52.51004742857508,52.514178761922025,0.007867081699353129,124.3548686676523,215.62617092739976,124.45172929758508
cv_targets__combined,ADE_vs_floor,hard,eu-locality-020,47,37.64541412593011,37.64541412593011,0.0,59.47714101421315,69.16719818649797,59.47714101421315
cv_targets__combined,ADE_vs_floor,hard,eu-locality-048,2992,57.372121797544956,57.37212367197517,3.267144543794842e-06,127.11608694673164,211.57685641932093,127.11608694673164
cv_targets__combined,ADE_vs_floor,hard,eu-locality-067,2806,57.96084160263144,57.99443573685852,0.05792647829097053,132.24005022202874,207.56503644827586,132.24005022202874
cv_targets__combined,ADE_vs_floor,hard,eu-locality-110,2743,79.359986057992,79.37912488226243,0.02411065163393511,230.75512668230746,408.99645159228305,230.75512668230746
cv_targets__combined,ADE_vs_floor,hard,eu-locality-119,1895,70.8348058646186,70.83510638183645,0.00042424898217818807,177.35436104322963,275.16663244604706,177.35436104322963
cv_targets__combined,ADE_vs_floor,hard,eu-locality-124,1362,98.53987587562138,98.55731402109613,0.017693405758834047,277.2026017292944,456.2515668720877,277.2026017292944
cv_targets__combined,ADE_vs_floor,complete,eu-locality-007,2882,13.65060322632887,13.704383125145249,0.3924284539134182,47.6301953356149,79.58424742220402,47.83773492869996
cv_targets__combined,ADE_vs_floor,complete,eu-locality-008,97352,16.30944835809249,16.35039221502977,0.25041513621700817,58.9579679092843,120.35291613315462,58.96240703597935
cv_targets__combined,ADE_vs_floor,complete,eu-locality-020,364,6.7940738135380645,6.904363427901251,1.5973900492765924,22.682718227503177,49.70629992513765,22.682718227503177
cv_targets__combined,ADE_vs_floor,complete,eu-locality-048,4716,26.516401658178104,26.54036758823038,0.09029991755994393,91.38499461110202,161.22338275660073,91.38499461110202
cv_targets__combined,ADE_vs_floor,complete,eu-locality-067,3417,30.056416393504424,30.08634235640339,0.09946693600857426,92.49833101194194,166.3766421726747,92.49833101194194
cv_targets__combined,ADE_vs_floor,complete,eu-locality-110,5804,28.190986154358043,28.234393611986015,0.1537396489703413,118.18033866701663,272.8161773812056,118.307140243085
cv_targets__combined,ADE_vs_floor,complete,eu-locality-119,3148,28.447982436396728,28.465399193885855,0.06118571311962695,112.70775480291367,205.2067029563877,112.70775480291367
cv_targets__combined,ADE_vs_floor,complete,eu-locality-124,2077,38.27201770994914,38.32154681873666,0.12924611060662894,175.54008186626947,316.4037738037055,175.54008186626947
cv_targets__combined,ADE_vs_original,all,eu-locality-007,5526,13.579525551219565,13.58138387764801,0.013682894506084065,45.89358032936613,80.71712323070768,45.89358032936613
cv_targets__combined,ADE_vs_original,all,eu-locality-008,157961,17.980449786583073,17.979500780857414,-0.005278265160013618,63.85744502024743,131.32488108264758,63.85744502024743
cv_targets__combined,ADE_vs_original,all,eu-locality-020,1225,6.455917500642971,6.451501749691746,-0.06844531897454154,20.950455289077674,42.958840384020256,20.950455289077674
cv_targets__combined,ADE_vs_original,all,eu-locality-048,8058,26.54501404476858,26.54479600074948,-0.0008214190799993304,89.55098636922551,160.11545465691114,89.55098636922551
cv_targets__combined,ADE_vs_original,all,eu-locality-067,6903,28.880397269102502,28.87400983051412,-0.022121758030402283,93.15038154789627,168.56927310186109,93.15038154789627
cv_targets__combined,ADE_vs_original,all,eu-locality-110,8550,30.31670199826752,30.301452307183897,-0.050326601276484695,121.68449105426859,270.73137899676516,121.68449105426859
cv_targets__combined,ADE_vs_original,all,eu-locality-119,5639,28.839726943412025,28.8393452068058,-0.0013236659968773878,114.45336587739244,201.6878989025234,114.45336587739244
cv_targets__combined,ADE_vs_original,all,eu-locality-124,3550,42.329624728229305,42.325209476555514,-0.010431730234516934,184.84746443874639,344.5055271166482,184.84746443874639
cv_targets__combined,ADE_vs_original,easy,eu-locality-007,2133,1.7695394904852666,1.7700884413046079,0.03101262098161861,4.229504104221903,4.726064642309346,4.22666893183369
cv_targets__combined,ADE_vs_original,easy,eu-locality-008,52276,2.14904689724021,2.147165238721817,-0.08763454644566959,4.230769601991636,4.631414192980385,4.230174129775651
cv_targets__combined,ADE_vs_original,easy,eu-locality-020,695,1.6289352445725418,1.6270632097388176,-0.11505606066926077,4.2930456589077775,4.6911016198562985,4.2930456589077775
cv_targets__combined,ADE_vs_original,easy,eu-locality-048,2050,2.1278275403733393,2.1274443062957866,-0.01801382421240394,4.2716107997962185,4.694243650671591,4.2716107997962185
cv_targets__combined,ADE_vs_original,easy,eu-locality-067,1508,2.0251502760363738,2.024509215500186,-0.03166498484075131,4.301592181108402,4.63896463857005,4.301592181108402
cv_targets__combined,ADE_vs_original,easy,eu-locality-110,2579,2.1532341104553714,2.152579215736741,-0.030423722102423945,4.182975819759988,4.544262585855243,4.182975819759988
cv_targets__combined,ADE_vs_original,easy,eu-locality-119,1658,2.185288560667705,2.1836204425282557,-0.07639231191287621,4.206477004282438,4.645785961809294,4.2039199145607
cv_targets__combined,ADE_vs_original,easy,eu-locality-124,1006,2.378045533854835,2.3757924132142403,-0.09483659548970014,4.309958639134824,4.7184091336050855,4.309958639134824
cv_targets__combined,ADE_vs_original,hard,eu-locality-007,1023,41.1544009474344,41.158870712791575,0.01085978618891037,81.67666598213943,114.47062363973248,81.67666598213943
cv_targets__combined,ADE_vs_original,hard,eu-locality-008,36762,52.51004742857508,52.50935801676085,-0.001312931333141698,124.3548686676523,215.62617092739976,124.3548686676523
cv_targets__combined,ADE_vs_original,hard,eu-locality-020,47,37.64541412593011,37.64541412593011,0.0,59.47714101421315,69.16719818649797,59.47714101421315
cv_targets__combined,ADE_vs_original,hard,eu-locality-048,2992,57.372121797544956,57.37211322181131,-1.4947564519474099e-05,127.11608694673164,211.57685641932093,127.11608694673164
cv_targets__combined,ADE_vs_original,hard,eu-locality-067,2806,57.96084160263144,57.94747162700891,-0.02307257805584939,132.24005022202874,207.56503644827586,132.24005022202874
cv_targets__combined,ADE_vs_original,hard,eu-locality-110,2743,79.359986057992,79.31529359084551,-0.056347855657001844,230.75512668230746,408.99645159228305,230.75512668230746
cv_targets__combined,ADE_vs_original,hard,eu-locality-119,1895,70.8348058646186,70.8350922679264,0.00040432404141421685,177.35436104322963,275.16663244604706,177.35436104322963
cv_targets__combined,ADE_vs_original,hard,eu-locality-124,1362,98.53987587562138,98.5356294613005,-0.004309521686818307,277.2026017292944,456.2515668720877,277.2026017292944
cv_targets__combined,FDE_vs_floor,endpoint,eu-locality-007,3935,29.905692171719554,30.048944515842827,0.4767300363836213,102.52328340609101,180.22954667261536,102.52328340609101
cv_targets__combined,FDE_vs_floor,endpoint,eu-locality-008,121088,35.77248474708018,35.87346697693251,0.28149559650108014,136.95226757430473,282.23893370979596,136.95807869338222
cv_targets__combined,FDE_vs_floor,endpoint,eu-locality-020,622,14.455107471838264,14.662738031078371,1.416042207124102,54.18434016797015,99.18086841907973,54.18434016797015
cv_targets__combined,FDE_vs_floor,endpoint,eu-locality-048,5582,58.76089310371738,58.81885940835995,0.09855054182559275,216.2196458274127,356.3667109960735,216.2196458274127
cv_targets__combined,FDE_vs_floor,endpoint,eu-locality-067,4600,64.15595378660595,64.25140838386963,0.14856420997558795,207.16877909819794,394.0447029702928,207.16877909819794
cv_targets__combined,FDE_vs_floor,endpoint,eu-locality-110,7204,57.6445016376403,57.74000757247072,0.16540686232252577,251.61890320290925,587.6090239057078,251.77304034955634
cv_targets__combined,FDE_vs_floor,endpoint,eu-locality-119,4147,65.37590113645682,65.42156304582257,0.0697964206904822,270.5290560144782,484.5542592170748,270.5290560144782
cv_targets__combined,FDE_vs_floor,endpoint,eu-locality-124,2645,83.43795461491844,83.57549258367453,0.16456734445016163,380.9415092093398,749.8979417287693,380.9415092093398
cv_targets__combined,ADE_vs_CV,easy,eu-locality-007,2133,1.7695394904852666,1.8525004364762494,4.478322615069807,4.229504104221903,4.726064642309346,4.355450553983238
cv_targets__combined,ADE_vs_CV,easy,eu-locality-008,52276,2.14904689724021,2.3343046202023725,7.936313082655921,4.230769601991636,4.631414192980385,4.477191635123733
cv_targets__combined,ADE_vs_CV,easy,eu-locality-020,695,1.6289352445725418,1.6834998531827923,3.241141275248205,4.2930456589077775,4.6911016198562985,4.294862621440125
cv_targets__combined,ADE_vs_CV,easy,eu-locality-048,2050,2.1278275403733393,2.2919612794697164,7.161278882265942,4.2716107997962185,4.694243650671591,4.484449431559784
cv_targets__combined,ADE_vs_CV,easy,eu-locality-067,1508,2.0251502760363738,2.126958008841005,4.786541736200379,4.301592181108402,4.63896463857005,4.431771346846858
cv_targets__combined,ADE_vs_CV,easy,eu-locality-110,2579,2.1532341104553714,2.356118809479549,8.610970644090465,4.182975819759988,4.544262585855243,4.476255197977273
cv_targets__combined,ADE_vs_CV,easy,eu-locality-119,1658,2.185288560667705,2.3455260977767742,6.8316245664864494,4.206477004282438,4.645785961809294,4.423775218674889
cv_targets__combined,ADE_vs_CV,easy,eu-locality-124,1006,2.378045533854835,2.5758364727079335,7.678707128685236,4.309958639134824,4.7184091336050855,4.529853536161329
cv_targets__combined,matched_risk,all,eu-locality-007,5526,13.579525551219565,13.581314021608886,0.013168610831593153,45.89358032936613,80.71712323070768,45.980618780176684
cv_targets__combined,matched_risk,all,eu-locality-008,157961,17.980449786583073,17.982182417231446,0.009635263441176711,63.85744502024743,131.32488108264758,63.85744502024743
cv_targets__combined,matched_risk,all,eu-locality-020,1225,6.455917500642971,6.455917500642971,0.0,20.950455289077674,42.958840384020256,20.950455289077674
cv_targets__combined,matched_risk,all,eu-locality-048,8058,26.54501404476858,26.545410873994804,0.0014949070787029228,89.55098636922551,160.11545465691114,89.55098636922551
cv_targets__combined,matched_risk,all,eu-locality-067,6903,28.880397269102502,28.880755405263887,0.001240051225670502,93.15038154789627,168.56927310186109,93.15038154789627
cv_targets__combined,matched_risk,all,eu-locality-110,8550,30.31670199826752,30.31800749769337,0.00430601986608492,121.68449105426859,270.73137899676516,121.68449105426859
cv_targets__combined,matched_risk,all,eu-locality-119,5639,28.839726943412025,28.840399331335863,0.0023314098952398332,114.45336587739244,201.6878989025234,114.45336587739244
cv_targets__combined,matched_risk,all,eu-locality-124,3550,42.329624728229305,42.33073659150613,0.002626609802602875,184.84746443874639,344.5055271166482,184.84746443874639
cv_targets__combined,matched_risk,easy,eu-locality-007,2133,1.7695394904852666,1.7725823170131314,0.1716606613221816,4.229504104221903,4.726064642309346,4.229504104221903
cv_targets__combined,matched_risk,easy,eu-locality-008,52276,2.14904689724021,2.152853718886579,0.17682676779070539,4.230769601991636,4.631414192980385,4.2320220902570265
cv_targets__combined,matched_risk,easy,eu-locality-020,695,1.6289352445725418,1.6289352445725418,0.0,4.2930456589077775,4.6911016198562985,4.2930456589077775
cv_targets__combined,matched_risk,easy,eu-locality-048,2050,2.1278275403733393,2.1289010611141186,0.05042605128006139,4.2716107997962185,4.694243650671591,4.279426052271072
cv_targets__combined,matched_risk,easy,eu-locality-067,1508,2.0251502760363738,2.026457004614294,0.06448340995860447,4.301592181108402,4.63896463857005,4.301592181108402
cv_targets__combined,matched_risk,easy,eu-locality-110,2579,2.1532341104553714,2.157609087389081,0.20276967497406817,4.182975819759988,4.544262585855243,4.184527341580496
cv_targets__combined,matched_risk,easy,eu-locality-119,1658,2.185288560667705,2.1867400034753555,0.06637473157959928,4.206477004282438,4.645785961809294,4.2039199145607
cv_targets__combined,matched_risk,easy,eu-locality-124,1006,2.378045533854835,2.3818643772626715,0.16033001057034202,4.309958639134824,4.7184091336050855,4.309958639134824
cv_targets__combined,matched_risk,hard,eu-locality-007,1023,41.1544009474344,41.15536409924571,0.0023402825667817595,81.67666598213943,114.47062363973248,81.67666598213943
cv_targets__combined,matched_risk,hard,eu-locality-008,36762,52.51004742857508,52.50983153878647,-0.00041114165152400517,124.3548686676523,215.62617092739976,124.3548686676523
cv_targets__combined,matched_risk,hard,eu-locality-020,47,37.64541412593011,37.64541412593011,0.0,59.47714101421315,69.16719818649797,59.47714101421315
cv_targets__combined,matched_risk,hard,eu-locality-048,2992,57.372121797544956,57.37210799088148,-2.4065114501148344e-05,127.11608694673164,211.57685641932093,127.11608694673164
cv_targets__combined,matched_risk,hard,eu-locality-067,2806,57.96084160263144,57.96084636029918,8.20841661308691e-06,132.24005022202874,207.56503644827586,132.24005022202874
cv_targets__combined,matched_risk,hard,eu-locality-110,2743,79.359986057992,79.35981515287493,-0.000215354731802897,230.75512668230746,408.99645159228305,230.75512668230746
cv_targets__combined,matched_risk,hard,eu-locality-119,1895,70.8348058646186,70.83457499195248,-0.00032593216823251225,177.35436104322963,275.16663244604706,177.35436104322963
cv_targets__combined,matched_risk,hard,eu-locality-124,1362,98.53987587562138,98.53984898844227,-2.7285589920822417e-05,277.2026017292944,456.2515668720877,277.2026017292944
cv_targets__combined,matched_risk,complete,eu-locality-007,2882,13.65060322632887,13.653240190410576,0.01931383352911098,47.6301953356149,79.58424742220402,47.6301953356149
cv_targets__combined,matched_risk,complete,eu-locality-008,97352,16.30944835809249,16.311576294398982,0.013045558982693883,58.9579679092843,120.35291613315462,58.9579679092843
cv_targets__combined,matched_risk,complete,eu-locality-020,364,6.7940738135380645,6.7940738135380645,0.0,22.682718227503177,49.70629992513765,22.682718227503177
cv_targets__combined,matched_risk,complete,eu-locality-048,4716,26.516401658178104,26.517153522560704,0.002835388730393351,91.38499461110202,161.22338275660073,91.38499461110202
cv_targets__combined,matched_risk,complete,eu-locality-067,3417,30.056416393504424,30.056611438221825,0.0006489245063523441,92.49833101194194,166.3766421726747,92.49833101194194
cv_targets__combined,matched_risk,complete,eu-locality-110,5804,28.190986154358043,28.192581763289024,0.005659676521918566,118.18033866701663,272.8161773812056,118.18033866701663
cv_targets__combined,matched_risk,complete,eu-locality-119,3148,28.447982436396728,28.44879231240569,0.00284678519941739,112.70775480291367,205.2067029563877,112.70775480291367
cv_targets__combined,matched_risk,complete,eu-locality-124,2077,38.27201770994914,38.27362888114186,0.0042096117870760175,175.54008186626947,316.4037738037055,175.54008186626947
cv_targets__combined,matched_random,all,eu-locality-007,5526,13.579525551219565,13.580609424334014,0.007981034433601764,45.89358032936613,80.71712323070768,45.980618780176684
cv_targets__combined,matched_random,all,eu-locality-008,157961,17.980449786583073,17.981144874968592,0.0038656514385060348,63.85744502024743,131.32488108264758,63.85744502024743
cv_targets__combined,matched_random,all,eu-locality-020,1225,6.455917500642971,6.455917500642971,0.0,20.950455289077674,42.958840384020256,20.950455289077674
cv_targets__combined,matched_random,all,eu-locality-048,8058,26.54501404476858,26.545161869102415,0.000556878630331159,89.55098636922551,160.11545465691114,89.55098636922551
cv_targets__combined,matched_random,all,eu-locality-067,6903,28.880397269102502,28.88041341293964,5.5898912887375474e-05,93.15038154789627,168.56927310186109,93.15038154789627
cv_targets__combined,matched_random,all,eu-locality-110,8550,30.31670199826752,30.31740554828791,0.002320614207140803,121.68449105426859,270.73137899676516,121.68449105426859
cv_targets__combined,matched_random,all,eu-locality-119,5639,28.839726943412025,28.839948679040816,0.0007688489021218103,114.45336587739244,201.6878989025234,114.45336587739244
cv_targets__combined,matched_random,all,eu-locality-124,3550,42.329624728229305,42.33000956189039,0.0009091272718086962,184.84746443874639,344.5055271166482,184.84746443874639
cv_targets__combined,matched_random,easy,eu-locality-007,2133,1.7695394904852666,1.7711094408448393,0.08864219925471817,4.229504104221903,4.726064642309346,4.229504104221903
cv_targets__combined,matched_random,easy,eu-locality-008,52276,2.14904689724021,2.1507761908819467,0.08040323530955629,4.230769601991636,4.631414192980385,4.230837660141813
cv_targets__combined,matched_random,easy,eu-locality-020,695,1.6289352445725418,1.6289352445725418,0.0,4.2930456589077775,4.6911016198562985,4.2930456589077775
cv_targets__combined,matched_random,easy,eu-locality-048,2050,2.1278275403733393,2.1284600175211503,0.02971524682655602,4.2716107997962185,4.694243650671591,4.2716107997962185
cv_targets__combined,matched_random,easy,eu-locality-067,1508,2.0251502760363738,2.0255492533892623,0.019697242721739006,4.301592181108402,4.63896463857005,4.301592181108402
cv_targets__combined,matched_random,easy,eu-locality-110,2579,2.1532341104553714,2.15574460601774,0.11645607533288249,4.182975819759988,4.544262585855243,4.184527341580496
cv_targets__combined,matched_random,easy,eu-locality-119,1658,2.185288560667705,2.185563562615005,0.012582656116888469,4.206477004282438,4.645785961809294,4.206477004282438
cv_targets__combined,matched_random,easy,eu-locality-124,1006,2.378045533854835,2.379520171640906,0.0619720649417177,4.309958639134824,4.7184091336050855,4.309958639134824
cv_targets__combined,matched_random,hard,eu-locality-007,1023,41.1544009474344,41.155067696636834,0.0016200901608365292,81.67666598213943,114.47062363973248,81.67666598213943
cv_targets__combined,matched_random,hard,eu-locality-008,36762,52.51004742857508,52.51004513277068,-4.372124218221529e-06,124.3548686676523,215.62617092739976,124.3548686676523
cv_targets__combined,matched_random,hard,eu-locality-020,47,37.64541412593011,37.64541412593011,0.0,59.47714101421315,69.16719818649797,59.47714101421315
cv_targets__combined,matched_random,hard,eu-locality-048,2992,57.372121797544956,57.372121797544956,0.0,127.11608694673164,211.57685641932093,127.11608694673164
cv_targets__combined,matched_random,hard,eu-locality-067,2806,57.96084160263144,57.96061671868609,-0.0003879943970330757,132.24005022202874,207.56503644827586,132.24005022202874
cv_targets__combined,matched_random,hard,eu-locality-110,2743,79.359986057992,79.35988614530552,-0.00012589822306896536,230.75512668230746,408.99645159228305,230.75512668230746
cv_targets__combined,matched_random,hard,eu-locality-119,1895,70.8348058646186,70.8348058646186,0.0,177.35436104322963,275.16663244604706,177.35436104322963
cv_targets__combined,matched_random,hard,eu-locality-124,1362,98.53987587562138,98.53996167860868,8.707430553256401e-05,277.2026017292944,456.2515668720877,277.2026017292944
cv_targets__combined,matched_random,complete,eu-locality-007,2882,13.65060322632887,13.651788158881,0.008679687513013512,47.6301953356149,79.58424742220402,47.6301953356149
cv_targets__combined,matched_random,complete,eu-locality-008,97352,16.30944835809249,16.310336341396148,0.005444297929069197,58.9579679092843,120.35291613315462,58.9579679092843
cv_targets__combined,matched_random,complete,eu-locality-020,364,6.7940738135380645,6.7940738135380645,0.0,22.682718227503177,49.70629992513765,22.682718227503177
cv_targets__combined,matched_random,complete,eu-locality-048,4716,26.516401658178104,26.516681591719955,0.0010556884385448662,91.38499461110202,161.22338275660073,91.38499461110202
cv_targets__combined,matched_random,complete,eu-locality-067,3417,30.056416393504424,30.05628545329104,-0.0004356500193258839,92.49833101194194,166.3766421726747,92.49833101194194
cv_targets__combined,matched_random,complete,eu-locality-110,5804,28.190986154358043,28.191782584143393,0.0028250423078857168,118.18033866701663,272.8161773812056,118.18033866701663
cv_targets__combined,matched_random,complete,eu-locality-119,3148,28.447982436396728,28.448231853388698,0.0008767398735232135,112.70775480291367,205.2067029563877,112.70775480291367
cv_targets__combined,matched_random,complete,eu-locality-124,2077,38.27201770994914,38.27253584368542,0.001353800381542758,175.54008186626947,316.4037738037055,175.54008186626947
cv_targets__combined_risk,ADE_vs_floor,all,eu-locality-007,5526,13.581314021608886,13.629076271288495,0.35044377717825537,45.980618780176684,80.71712323070768,46.020972312041664
cv_targets__combined_risk,ADE_vs_floor,all,eu-locality-008,157961,17.982182417231446,18.01315405032935,0.17193897865620533,63.85744502024743,131.32488108264758,63.87058491799408
cv_targets__combined_risk,ADE_vs_floor,all,eu-locality-020,1225,6.455917500642971,6.504686951425043,0.7497586147691249,20.950455289077674,42.958840384020256,20.950455289077674
cv_targets__combined_risk,ADE_vs_floor,all,eu-locality-048,8058,26.545410873994804,26.562025009549206,0.06254845234288098,89.55098636922551,160.11545465691114,89.55098636922551
cv_targets__combined_risk,ADE_vs_floor,all,eu-locality-067,6903,28.880755405263887,28.911635854909164,0.10680976268603315,93.15038154789627,168.56927310186109,93.15038154789627
cv_targets__combined_risk,ADE_vs_floor,all,eu-locality-110,8550,30.31800749769337,30.350155339494975,0.10592315407286224,121.68449105426859,270.73137899676516,121.9052045177577
cv_targets__combined_risk,ADE_vs_floor,all,eu-locality-119,5639,28.840399331335863,28.854710298231737,0.04959664036811029,114.45336587739244,201.6878989025234,114.45336587739244
cv_targets__combined_risk,ADE_vs_floor,all,eu-locality-124,3550,42.33073659150613,42.371232813148524,0.09557480147196484,184.84746443874639,344.5055271166482,184.84746443874639
cv_targets__combined_risk,ADE_vs_floor,easy,eu-locality-007,2133,1.7725823170131314,1.812643710198616,2.2101085260210818,4.229504104221903,4.726064642309346,4.2311151932019575
cv_targets__combined_risk,ADE_vs_floor,easy,eu-locality-008,52276,2.152853718886579,2.2199815226208206,3.0238001105069134,4.2320220902570265,4.630865122622785,4.2501952420739695
cv_targets__combined_risk,ADE_vs_floor,easy,eu-locality-020,695,1.6289352445725418,1.6710333648543638,2.5192866382707457,4.2930456589077775,4.6911016198562985,4.2930456589077775
cv_targets__combined_risk,ADE_vs_floor,easy,eu-locality-048,2050,2.1289010611141186,2.185316691065704,2.5815768571315623,4.279426052271072,4.694243650671591,4.292759069005489
cv_targets__combined_risk,ADE_vs_floor,easy,eu-locality-067,1508,2.026457004614294,2.0627625869236583,1.7600465773188856,4.301592181108402,4.63896463857005,4.320390089274507
cv_targets__combined_risk,ADE_vs_floor,easy,eu-locality-110,2579,2.157609087389081,2.214188912316456,2.5553296113375423,4.184527341580496,4.545078441077308,4.203897765463916
cv_targets__combined_risk,ADE_vs_floor,easy,eu-locality-119,1658,2.1867400034753555,2.2336256287595,2.0990816312482785,4.2039199145607,4.645785961809294,4.225704184126738
cv_targets__combined_risk,ADE_vs_floor,easy,eu-locality-124,1006,2.3818643772626715,2.446429194793944,2.639145153625033,4.309958639134824,4.7184091336050855,4.3295911457613965
cv_targets__combined_risk,ADE_vs_floor,hard,eu-locality-007,1023,41.15536409924571,41.24804543394273,0.22469267021498762,81.67666598213943,114.47062363973248,81.24718975645555
cv_targets__combined_risk,ADE_vs_floor,hard,eu-locality-008,36762,52.50983153878647,52.514178761922025,0.008278189315802376,124.3548686676523,215.62617092739976,124.45172929758508
cv_targets__combined_risk,ADE_vs_floor,hard,eu-locality-020,47,37.64541412593011,37.64541412593011,0.0,59.47714101421315,69.16719818649797,59.47714101421315
cv_targets__combined_risk,ADE_vs_floor,hard,eu-locality-048,2992,57.37210799088148,57.37212367197517,2.733225246132065e-05,127.11608694673164,211.57685641932093,127.11608694673164
cv_targets__combined_risk,ADE_vs_floor,hard,eu-locality-067,2806,57.96084636029918,57.99443573685852,0.057918274628532274,132.24005022202874,207.56503644827586,132.24005022202874
cv_targets__combined_risk,ADE_vs_floor,hard,eu-locality-110,2743,79.35981515287493,79.37912488226243,0.024325953978632242,230.75512668230746,408.99645159228305,230.75512668230746
cv_targets__combined_risk,ADE_vs_floor,hard,eu-locality-119,1895,70.83457499195248,70.83510638183645,0.0007501787053332265,177.35436104322963,275.16663244604706,177.35436104322963
cv_targets__combined_risk,ADE_vs_floor,hard,eu-locality-124,1362,98.53984898844227,98.55731402109613,0.01772068651355596,277.2026017292944,456.2515668720877,277.2026017292944
cv_targets__combined_risk,ADE_vs_floor,complete,eu-locality-007,2882,13.653240190410576,13.704383125145249,0.37318669704171636,47.6301953356149,79.58424742220402,47.83773492869996
cv_targets__combined_risk,ADE_vs_floor,complete,eu-locality-008,97352,16.311576294398982,16.35039221502977,0.23740054746276273,58.9579679092843,120.35291613315462,58.96240703597935
cv_targets__combined_risk,ADE_vs_floor,complete,eu-locality-020,364,6.7940738135380645,6.904363427901251,1.5973900492765924,22.682718227503177,49.70629992513765,22.682718227503177
cv_targets__combined_risk,ADE_vs_floor,complete,eu-locality-048,4716,26.517153522560704,26.54036758823038,0.0874670088592544,91.38499461110202,161.22338275660073,91.38499461110202
cv_targets__combined_risk,ADE_vs_floor,complete,eu-locality-067,3417,30.056611438221825,30.08634235640339,0.09881865276067936,92.49833101194194,166.3766421726747,92.49833101194194
cv_targets__combined_risk,ADE_vs_floor,complete,eu-locality-110,5804,28.192581763289024,28.234393611986015,0.1480883537702038,118.18033866701663,272.8161773812056,118.307140243085
cv_targets__combined_risk,ADE_vs_floor,complete,eu-locality-119,3148,28.44879231240569,28.465399193885855,0.058340588751459865,112.70775480291367,205.2067029563877,112.70775480291367
cv_targets__combined_risk,ADE_vs_floor,complete,eu-locality-124,2077,38.27362888114186,38.32154681873666,0.12504176259233724,175.54008186626947,316.4037738037055,175.54008186626947
cv_targets__combined_risk,ADE_vs_original,all,eu-locality-007,5526,13.581314021608886,13.58138387764801,0.0005143514074323896,45.980618780176684,80.71712323070768,45.89358032936613
cv_targets__combined_risk,ADE_vs_original,all,eu-locality-008,157961,17.982182417231446,17.979500780857414,-0.014914965697410132,63.85744502024743,131.32488108264758,63.85744502024743
cv_targets__combined_risk,ADE_vs_original,all,eu-locality-020,1225,6.455917500642971,6.451501749691746,-0.06844531897454154,20.950455289077674,42.958840384020256,20.950455289077674
cv_targets__combined_risk,ADE_vs_original,all,eu-locality-048,8058,26.545410873994804,26.54479600074948,-0.002316360786158711,89.55098636922551,160.11545465691114,89.55098636922551
cv_targets__combined_risk,ADE_vs_original,all,eu-locality-067,6903,28.880755405263887,28.87400983051412,-0.023362098958079613,93.15038154789627,168.56927310186109,93.15038154789627
cv_targets__combined_risk,ADE_vs_original,all,eu-locality-110,8550,30.31800749769337,30.301452307183897,-0.05463497373539017,121.68449105426859,270.73137899676516,121.68449105426859
cv_targets__combined_risk,ADE_vs_original,all,eu-locality-119,5639,28.840399331335863,28.8393452068058,-0.003655161108917504,114.45336587739244,201.6878989025234,114.45336587739244
cv_targets__combined_risk,ADE_vs_original,all,eu-locality-124,3550,42.33073659150613,42.325209476555514,-0.013058683037781016,184.84746443874639,344.5055271166482,184.84746443874639
cv_targets__combined_risk,ADE_vs_original,easy,eu-locality-007,2133,1.7725823170131314,1.7700884413046079,-0.14088989286238363,4.229504104221903,4.726064642309346,4.22666893183369
cv_targets__combined_risk,ADE_vs_original,easy,eu-locality-008,52276,2.152853718886579,2.147165238721817,-0.26492978100502995,4.2320220902570265,4.630865122622785,4.230174129775651
cv_targets__combined_risk,ADE_vs_original,easy,eu-locality-020,695,1.6289352445725418,1.6270632097388176,-0.11505606066926077,4.2930456589077775,4.6911016198562985,4.2930456589077775
cv_targets__combined_risk,ADE_vs_original,easy,eu-locality-048,2050,2.1289010611141186,2.1274443062957866,-0.0684744044307406,4.279426052271072,4.694243650671591,4.2716107997962185
cv_targets__combined_risk,ADE_vs_original,easy,eu-locality-067,1508,2.026457004614294,2.024509215500186,-0.09621043456831124,4.301592181108402,4.63896463857005,4.301592181108402
cv_targets__combined_risk,ADE_vs_original,easy,eu-locality-110,2579,2.157609087389081,2.152579215736741,-0.23366720330515456,4.184527341580496,4.545078441077308,4.182975819759988
cv_targets__combined_risk,ADE_vs_original,easy,eu-locality-119,1658,2.1867400034753555,2.1836204425282557,-0.14286186767367148,4.2039199145607,4.645785961809294,4.2039199145607
cv_targets__combined_risk,ADE_vs_original,easy,eu-locality-124,1006,2.3818643772626715,2.3757924132142403,-0.25557637168376335,4.309958639134824,4.7184091336050855,4.309958639134824
cv_targets__combined_risk,ADE_vs_original,hard,eu-locality-007,1023,41.15536409924571,41.158870712791575,0.008519703007248136,81.67666598213943,114.47062363973248,81.67666598213943
cv_targets__combined_risk,ADE_vs_original,hard,eu-locality-008,36762,52.50983153878647,52.50935801676085,-0.0009017859739834932,124.3548686676523,215.62617092739976,124.3548686676523
cv_targets__combined_risk,ADE_vs_original,hard,eu-locality-020,47,37.64541412593011,37.64541412593011,0.0,59.47714101421315,69.16719818649797,59.47714101421315
cv_targets__combined_risk,ADE_vs_original,hard,eu-locality-048,2992,57.37210799088148,57.37211322181131,9.117547772330425e-06,127.11608694673164,211.57685641932093,127.11608694673164
cv_targets__combined_risk,ADE_vs_original,hard,eu-locality-067,2806,57.96084636029918,57.94747162700891,-0.02308078836701366,132.24005022202874,207.56503644827586,132.24005022202874
cv_targets__combined_risk,ADE_vs_original,hard,eu-locality-110,2743,79.35981515287493,79.31529359084551,-0.056132380041473695,230.75512668230746,408.99645159228305,230.75512668230746
cv_targets__combined_risk,ADE_vs_original,hard,eu-locality-119,1895,70.83457499195248,70.8350922679264,0.0007302538295062,177.35436104322963,275.16663244604706,177.35436104322963
cv_targets__combined_risk,ADE_vs_original,hard,eu-locality-124,1362,98.53984898844227,98.5356294613005,-0.004282234928454365,277.2026017292944,456.2515668720877,277.2026017292944
cv_targets__combined_risk,FDE_vs_floor,endpoint,eu-locality-007,3935,29.911780820831993,30.048944515842827,0.45646759718470653,102.52328340609101,180.22954667261536,102.52328340609101
cv_targets__combined_risk,FDE_vs_floor,endpoint,eu-locality-008,121088,35.777669114518474,35.87346697693251,0.26704378050673716,136.95226757430473,282.23893370979596,136.95807869338222
cv_targets__combined_risk,FDE_vs_floor,endpoint,eu-locality-020,622,14.455107471838264,14.662738031078371,1.416042207124102,54.18434016797015,99.18086841907973,54.18434016797015
cv_targets__combined_risk,FDE_vs_floor,endpoint,eu-locality-048,5582,58.76229963546904,58.81885940835995,0.09615924800280284,216.2196458274127,356.3667109960735,216.2196458274127
cv_targets__combined_risk,FDE_vs_floor,endpoint,eu-locality-067,4600,64.15672672002006,64.25140838386963,0.14736122714057442,207.16877909819794,394.0447029702928,207.16877909819794
cv_targets__combined_risk,FDE_vs_floor,endpoint,eu-locality-110,7204,57.64850536876922,57.74000757247072,0.1584727947717135,251.61890320290925,587.6090239057078,251.77304034955634
cv_targets__combined_risk,FDE_vs_floor,endpoint,eu-locality-119,4147,65.37809944554795,65.42156304582257,0.06643619970403414,270.5290560144782,484.5542592170748,270.5290560144782
cv_targets__combined_risk,FDE_vs_floor,endpoint,eu-locality-124,2645,83.44171031782638,83.57549258367453,0.16007355949977375,380.9415092093398,749.8979417287693,380.9415092093398
cv_targets__combined_risk,ADE_vs_CV,easy,eu-locality-007,2133,1.7725823170131314,1.8525004364762494,4.314067510566155,4.229504104221903,4.726064642309346,4.355450553983238
cv_targets__combined_risk,ADE_vs_CV,easy,eu-locality-008,52276,2.152853718886579,2.3343046202023725,7.773231468824426,4.2320220902570265,4.630865122622785,4.477191635123733
cv_targets__combined_risk,ADE_vs_CV,easy,eu-locality-020,695,1.6289352445725418,1.6834998531827923,3.241141275248205,4.2930456589077775,4.6911016198562985,4.294862621440125
cv_targets__combined_risk,ADE_vs_CV,easy,eu-locality-048,2050,2.1289010611141186,2.2919612794697164,7.114440362331276,4.279426052271072,4.694243650671591,4.484449431559784
cv_targets__combined_risk,ADE_vs_CV,easy,eu-locality-067,1508,2.026457004614294,2.126958008841005,4.725105235221571,4.301592181108402,4.63896463857005,4.431771346846858
cv_targets__combined_risk,ADE_vs_CV,easy,eu-locality-110,2579,2.157609087389081,2.356118809479549,8.425284891907358,4.184527341580496,4.545078441077308,4.476255197977273
cv_targets__combined_risk,ADE_vs_CV,easy,eu-locality-119,1658,2.1867400034753555,2.3455260977767742,6.769743233806924,4.2039199145607,4.645785961809294,4.423775218674889
cv_targets__combined_risk,ADE_vs_CV,easy,eu-locality-124,1006,2.3818643772626715,2.5758364727079335,7.530450690502965,4.309958639134824,4.7184091336050855,4.529853536161329
cv_targets__combined_random,ADE_vs_floor,all,eu-locality-007,5526,13.580609424334014,13.629076271288495,0.3556135866418453,45.980618780176684,80.71712323070768,46.020972312041664
cv_targets__combined_random,ADE_vs_floor,all,eu-locality-008,157961,17.981144874968592,18.01315405032935,0.1776988931051382,63.85744502024743,131.32488108264758,63.87058491799408
cv_targets__combined_random,ADE_vs_floor,all,eu-locality-020,1225,6.455917500642971,6.504686951425043,0.7497586147691249,20.950455289077674,42.958840384020256,20.950455289077674
cv_targets__combined_random,ADE_vs_floor,all,eu-locality-048,8058,26.545161869102415,26.562025009549206,0.06348589928941717,89.55098636922551,160.11545465691114,89.55098636922551
cv_targets__combined_random,ADE_vs_floor,all,eu-locality-067,6903,28.88041341293964,28.911635854909164,0.10799265086974819,93.15038154789627,168.56927310186109,93.15038154789627
cv_targets__combined_random,ADE_vs_floor,all,eu-locality-110,8550,30.31740554828791,30.350155339494975,0.10790650275337432,121.68449105426859,270.73137899676516,121.9052045177577
cv_targets__combined_random,ADE_vs_floor,all,eu-locality-119,5639,28.839948679040816,28.854710298231737,0.05115843839134104,114.45336587739244,201.6878989025234,114.45336587739244
cv_targets__combined_random,ADE_vs_floor,all,eu-locality-124,3550,42.33000956189039,42.371232813148524,0.09729065812156268,184.84746443874639,344.5055271166482,184.84746443874639
cv_targets__combined_random,ADE_vs_floor,easy,eu-locality-007,2133,1.7711094408448393,1.812643710198616,2.2913642168115644,4.229504104221903,4.726064642309346,4.2311151932019575
cv_targets__combined_random,ADE_vs_floor,easy,eu-locality-008,52276,2.1507761908819467,2.2199815226208206,3.1173832319636996,4.230837660141813,4.630865122622785,4.2501952420739695
cv_targets__combined_random,ADE_vs_floor,easy,eu-locality-020,695,1.6289352445725418,1.6710333648543638,2.5192866382707457,4.2930456589077775,4.6911016198562985,4.2930456589077775
cv_targets__combined_random,ADE_vs_floor,easy,eu-locality-048,2050,2.1284600175211503,2.185316691065704,2.6017589934219876,4.2716107997962185,4.694243650671591,4.292759069005489
cv_targets__combined_random,ADE_vs_floor,easy,eu-locality-067,1508,2.0255492533892623,2.0627625869236583,1.8040531552346417,4.301592181108402,4.63896463857005,4.320390089274507
cv_targets__combined_random,ADE_vs_floor,easy,eu-locality-110,2579,2.15574460601774,2.214188912316456,2.6395356770878564,4.184527341580496,4.545078441077308,4.203897765463916
cv_targets__combined_random,ADE_vs_floor,easy,eu-locality-119,1658,2.185563562615005,2.2336256287595,2.1517511943658807,4.206477004282438,4.645785961809294,4.225704184126738
cv_targets__combined_random,ADE_vs_floor,easy,eu-locality-124,1006,2.379520171640906,2.446429194793944,2.7349666728725297,4.309958639134824,4.7184091336050855,4.3295911457613965
cv_targets__combined_random,ADE_vs_floor,hard,eu-locality-007,1023,41.155067696636834,41.24804543394273,0.22541125604313983,81.67666598213943,114.47062363973248,81.24718975645555
cv_targets__combined_random,ADE_vs_floor,hard,eu-locality-008,36762,52.51004513277068,52.514178761922025,0.007871453479424417,124.3548686676523,215.62617092739976,124.45172929758508
cv_targets__combined_random,ADE_vs_floor,hard,eu-locality-020,47,37.64541412593011,37.64541412593011,0.0,59.47714101421315,69.16719818649797,59.47714101421315
cv_targets__combined_random,ADE_vs_floor,hard,eu-locality-048,2992,57.372121797544956,57.37212367197517,3.267144543794842e-06,127.11608694673164,211.57685641932093,127.11608694673164
cv_targets__combined_random,ADE_vs_floor,hard,eu-locality-067,2806,57.96061671868609,57.99443573685852,0.05831424643197858,132.24005022202874,207.56503644827586,132.24005022202874
cv_targets__combined_random,ADE_vs_floor,hard,eu-locality-110,2743,79.35988614530552,79.37912488226243,0.02423651934364557,230.75512668230746,408.99645159228305,230.75512668230746
cv_targets__combined_random,ADE_vs_floor,hard,eu-locality-119,1895,70.8348058646186,70.83510638183645,0.00042424898217818807,177.35436104322963,275.16663244604706,177.35436104322963
cv_targets__combined_random,ADE_vs_floor,hard,eu-locality-124,1362,98.53996167860868,98.55731402109613,0.017606346783904936,277.2026017292944,456.2515668720877,277.2026017292944
cv_targets__combined_random,ADE_vs_floor,complete,eu-locality-007,2882,13.651788158881,13.704383125145249,0.38378207748545057,47.6301953356149,79.58424742220402,47.83773492869996
cv_targets__combined_random,ADE_vs_floor,complete,eu-locality-008,97352,16.310336341396148,16.35039221502977,0.24498417595635313,58.9579679092843,120.35291613315462,58.96240703597935
cv_targets__combined_random,ADE_vs_floor,complete,eu-locality-020,364,6.7940738135380645,6.904363427901251,1.5973900492765924,22.682718227503177,49.70629992513765,22.682718227503177
cv_targets__combined_random,ADE_vs_floor,complete,eu-locality-048,4716,26.516681591719955,26.54036758823038,0.08924517127234521,91.38499461110202,161.22338275660073,91.38499461110202
cv_targets__combined_random,ADE_vs_floor,complete,eu-locality-067,3417,30.05628545329104,30.08634235640339,0.09990215080415421,92.49833101194194,166.3766421726747,92.49833101194194
cv_targets__combined_random,ADE_vs_floor,complete,eu-locality-110,5804,28.191782584143393,28.234393611986015,0.15091887018438,118.18033866701663,272.8161773812056,118.307140243085
cv_targets__combined_random,ADE_vs_floor,complete,eu-locality-119,3148,28.448231853388698,28.465399193885855,0.06030950200355267,112.70775480291367,205.2067029563877,112.70775480291367
cv_targets__combined_random,ADE_vs_floor,complete,eu-locality-124,2077,38.27253584368542,38.32154681873666,0.12789404165511886,175.54008186626947,316.4037738037055,175.54008186626947
cv_targets__combined_random,ADE_vs_original,all,eu-locality-007,5526,13.580609424334014,13.58138387764801,0.005702315176225881,45.980618780176684,80.71712323070768,45.89358032936613
cv_targets__combined_random,ADE_vs_original,all,eu-locality-008,157961,17.981144874968592,17.979500780857414,-0.009144270084116002,63.85744502024743,131.32488108264758,63.85744502024743
cv_targets__combined_random,ADE_vs_original,all,eu-locality-020,1225,6.455917500642971,6.451501749691746,-0.06844531897454154,20.950455289077674,42.958840384020256,20.950455289077674
cv_targets__combined_random,ADE_vs_original,all,eu-locality-048,8058,26.545161869102415,26.54479600074948,-0.0013783053858240635,89.55098636922551,160.11545465691114,89.55098636922551
cv_targets__combined_random,ADE_vs_original,all,eu-locality-067,6903,28.88041341293964,28.87400983051412,-0.02217766934038412,93.15038154789627,168.56927310186109,93.15038154789627
cv_targets__combined_random,ADE_vs_original,all,eu-locality-110,8550,30.31740554828791,30.301452307183897,-0.052648437250746305,121.68449105426859,270.73137899676516,121.68449105426859
cv_targets__combined_random,ADE_vs_original,all,eu-locality-119,5639,28.839948679040816,28.8393452068058,-0.0020925309873964792,114.45336587739244,201.6878989025234,114.45336587739244
cv_targets__combined_random,ADE_vs_original,all,eu-locality-124,3550,42.33000956189039,42.325209476555514,-0.011340960610106698,184.84746443874639,344.5055271166482,184.84746443874639
cv_targets__combined_random,ADE_vs_original,easy,eu-locality-007,2133,1.7711094408448393,1.7700884413046079,-0.05768070772096401,4.229504104221903,4.726064642309346,4.22666893183369
cv_targets__combined_random,ADE_vs_original,easy,eu-locality-008,52276,2.1507761908819467,2.147165238721817,-0.16817299828675303,4.230837660141813,4.630865122622785,4.230174129775651
cv_targets__combined_random,ADE_vs_original,easy,eu-locality-020,695,1.6289352445725418,1.6270632097388176,-0.11505606066926077,4.2930456589077775,4.6911016198562985,4.2930456589077775
cv_targets__combined_random,ADE_vs_original,easy,eu-locality-048,2050,2.1284600175211503,2.1274443062957866,-0.04774325806593538,4.2716107997962185,4.694243650671591,4.2716107997962185
cv_targets__combined_random,ADE_vs_original,easy,eu-locality-067,1508,2.0255492533892623,2.024509215500186,-0.0513723464982796,4.301592181108402,4.63896463857005,4.301592181108402
cv_targets__combined_random,ADE_vs_original,easy,eu-locality-110,2579,2.15574460601774,2.152579215736741,-0.14705104731373986,4.184527341580496,4.545078441077308,4.182975819759988
cv_targets__combined_random,ADE_vs_original,easy,eu-locality-119,1658,2.185563562615005,2.1836204425282557,-0.0889861648528667,4.206477004282438,4.645785961809294,4.2039199145607
cv_targets__combined_random,ADE_vs_original,easy,eu-locality-124,1006,2.379520171640906,2.3757924132142403,-0.1569058982565874,4.309958639134824,4.7184091336050855,4.309958639134824
cv_targets__combined_random,ADE_vs_original,hard,eu-locality-007,1023,41.155067696636834,41.158870712791575,0.009239845721908946,81.67666598213943,114.47062363973248,81.67666598213943
cv_targets__combined_random,ADE_vs_original,hard,eu-locality-008,36762,52.51004513277068,52.50935801676085,-0.0013085591517025819,124.3548686676523,215.62617092739976,124.3548686676523
cv_targets__combined_random,ADE_vs_original,hard,eu-locality-020,47,37.64541412593011,37.64541412593011,0.0,59.47714101421315,69.16719818649797,59.47714101421315
cv_targets__combined_random,ADE_vs_original,hard,eu-locality-048,2992,57.372121797544956,57.37211322181131,-1.4947564519474099e-05,127.11608694673164,211.57685641932093,127.11608694673164
cv_targets__combined_random,ADE_vs_original,hard,eu-locality-067,2806,57.96061671868609,57.94747162700891,-0.022684495644242908,132.24005022202874,207.56503644827586,132.24005022202874
cv_targets__combined_random,ADE_vs_original,hard,eu-locality-110,2743,79.35988614530552,79.31529359084551,-0.056221886651575126,230.75512668230746,408.99645159228305,230.75512668230746
cv_targets__combined_random,ADE_vs_original,hard,eu-locality-119,1895,70.8348058646186,70.8350922679264,0.00040432404141421685,177.35436104322963,275.16663244604706,177.35436104322963
cv_targets__combined_random,ADE_vs_original,hard,eu-locality-124,1362,98.53996167860868,98.5356294613005,-0.0043965998206552115,277.2026017292944,456.2515668720877,277.2026017292944
cv_targets__combined_random,FDE_vs_floor,endpoint,eu-locality-007,3935,29.909213956018526,30.048944515842827,0.46500987663853355,102.52328340609101,180.22954667261536,102.52328340609101
cv_targets__combined_random,FDE_vs_floor,endpoint,eu-locality-008,121088,35.77469206451758,35.87346697693251,0.27534253234694495,136.95226757430473,282.23893370979596,136.95807869338222
cv_targets__combined_random,FDE_vs_floor,endpoint,eu-locality-020,622,14.455107471838264,14.662738031078371,1.416042207124102,54.18434016797015,99.18086841907973,54.18434016797015
cv_targets__combined_random,FDE_vs_floor,endpoint,eu-locality-048,5582,58.76146193602237,58.81885940835995,0.09758345012963465,216.2196458274127,356.3667109960735,216.2196458274127
cv_targets__combined_random,FDE_vs_floor,endpoint,eu-locality-067,4600,64.15582306679293,64.25140838386963,0.14876766047776657,207.16877909819794,394.0447029702928,207.16877909819794
cv_targets__combined_random,FDE_vs_floor,endpoint,eu-locality-110,7204,57.64653379140161,57.74000757247072,0.16188737237657902,251.61890320290925,587.6090239057078,251.77304034955634
cv_targets__combined_random,FDE_vs_floor,endpoint,eu-locality-119,4147,65.37663919145753,65.42156304582257,0.06866826818792138,270.5290560144782,484.5542592170748,270.5290560144782
cv_targets__combined_random,FDE_vs_floor,endpoint,eu-locality-124,2645,83.43938477561923,83.57549258367453,0.16285612426277796,380.9415092093398,749.8979417287693,380.9415092093398
cv_targets__combined_random,ADE_vs_CV,easy,eu-locality-007,2133,1.7711094408448393,1.8525004364762494,4.393574977300874,4.229504104221903,4.726064642309346,4.355450553983238
cv_targets__combined_random,ADE_vs_CV,easy,eu-locality-008,52276,2.1507761908819467,2.3343046202023725,7.862231335707792,4.230837660141813,4.630865122622785,4.477191635123733
cv_targets__combined_random,ADE_vs_CV,easy,eu-locality-020,695,1.6289352445725418,1.6834998531827923,3.241141275248205,4.2930456589077775,4.6911016198562985,4.294862621440125
cv_targets__combined_random,ADE_vs_CV,easy,eu-locality-048,2050,2.1284600175211503,2.2919612794697164,7.133683427077564,4.2716107997962185,4.694243650671591,4.484449431559784
cv_targets__combined_random,ADE_vs_CV,easy,eu-locality-067,1508,2.0255492533892623,2.126958008841005,4.767783615389809,4.301592181108402,4.63896463857005,4.431771346846858
cv_targets__combined_random,ADE_vs_CV,easy,eu-locality-110,2579,2.15574460601774,2.356118809479549,8.504418480750154,4.184527341580496,4.545078441077308,4.476255197977273
cv_targets__combined_random,ADE_vs_CV,easy,eu-locality-119,1658,2.185563562615005,2.3455260977767742,6.819900034938476,4.206477004282438,4.645785961809294,4.423775218674889
cv_targets__combined_random,ADE_vs_CV,easy,eu-locality-124,1006,2.379520171640906,2.5758364727079335,7.6214582387927665,4.309958639134824,4.7184091336050855,4.529853536161329
floor_both__original,ADE_vs_floor,all,eu-locality-007,5526,13.575855955922089,13.629076271288495,0.39049099371849527,45.89358032936613,80.71712323070768,46.020972312041664
floor_both__original,ADE_vs_floor,all,eu-locality-008,157961,17.98776192754669,18.01315405032935,0.14096433479509063,63.855680257712145,131.32488108264758,63.87058491799408
floor_both__original,ADE_vs_floor,all,eu-locality-020,1225,6.451271115269764,6.504686951425043,0.8211899597040162,20.950455289077674,42.958840384020256,20.950455289077674
floor_both__original,ADE_vs_floor,all,eu-locality-048,8058,26.551726156801994,26.562025009549206,0.03877284485467314,89.55098636922551,160.11545465691114,89.55098636922551
floor_both__original,ADE_vs_floor,all,eu-locality-067,6903,28.880839338782394,28.911635854909164,0.10651945217254877,93.15038154789627,168.56927310186109,93.15038154789627
floor_both__original,ADE_vs_floor,all,eu-locality-110,8550,30.309015310240287,30.350155339494975,0.1355512971663475,121.68449105426859,270.73137899676516,121.9052045177577
floor_both__original,ADE_vs_floor,all,eu-locality-119,5639,28.845344418514365,28.854710298231737,0.032458754985131844,114.45336587739244,201.6878989025234,114.45336587739244
floor_both__original,ADE_vs_floor,all,eu-locality-124,3550,42.333263522647485,42.371232813148524,0.0896110119535054,184.84746443874639,344.5055271166482,184.84746443874639
floor_both__original,ADE_vs_floor,easy,eu-locality-007,2133,1.789108508469018,1.812643710198616,1.2983909412081385,4.226908462018055,4.729903821914545,4.2311151932019575
floor_both__original,ADE_vs_floor,easy,eu-locality-008,52276,2.172784987846882,2.2199815226208206,2.1259877297636343,4.237231589231824,4.6321750419853895,4.2501952420739695
floor_both__original,ADE_vs_floor,easy,eu-locality-020,695,1.6264981251586532,1.6710333648543638,2.665131686319855,4.2930456589077775,4.6911016198562985,4.2930456589077775
floor_both__original,ADE_vs_floor,easy,eu-locality-048,2050,2.154528290493703,2.185316691065704,1.4088759170638454,4.28679715747378,4.701565882548871,4.292759069005489
floor_both__original,ADE_vs_floor,easy,eu-locality-067,1508,2.040992005398212,2.0627625869236583,1.0554089774293618,4.304575216906681,4.624703372571766,4.320390089274507
floor_both__original,ADE_vs_floor,easy,eu-locality-110,2579,2.177296505727919,2.214188912316456,1.66618152513196,4.193743509056073,4.545078441077308,4.203897765463916
floor_both__original,ADE_vs_floor,easy,eu-locality-119,1658,2.2054699661601456,2.2336256287595,1.2605363332525599,4.2039199145607,4.653243010692641,4.225704184126738
floor_both__original,ADE_vs_floor,easy,eu-locality-124,1006,2.404053105180604,2.446429194793944,1.7321608858951287,4.309958639134824,4.7184091336050855,4.3295911457613965
floor_both__original,ADE_vs_floor,hard,eu-locality-007,1023,41.12543051330047,41.24804543394273,0.2972623777740435,81.67666598213943,114.47062363973248,81.24718975645555
floor_both__original,ADE_vs_floor,hard,eu-locality-008,36762,52.50745154949026,52.514178761922025,0.012810278272201714,124.3548686676523,215.62617092739976,124.45172929758508
floor_both__original,ADE_vs_floor,hard,eu-locality-020,47,37.64541412593011,37.64541412593011,0.0,59.47714101421315,69.16719818649797,59.47714101421315
floor_both__original,ADE_vs_floor,hard,eu-locality-048,2992,57.372171450398724,57.37212367197517,-8.327811573671795e-05,127.11608694673164,211.57685641932093,127.11608694673164
floor_both__original,ADE_vs_floor,hard,eu-locality-067,2806,57.950776081690634,57.99443573685852,0.0752824897995108,132.24005022202874,207.56503644827586,132.24005022202874
floor_both__original,ADE_vs_floor,hard,eu-locality-110,2743,79.31453102492753,79.37912488226243,0.08137385922395435,230.75512668230746,408.99645159228305,230.75512668230746
floor_both__original,ADE_vs_floor,hard,eu-locality-119,1895,70.83516153664661,70.83510638183645,-7.78636653153697e-05,177.35436104322963,275.16663244604706,177.35436104322963
floor_both__original,ADE_vs_floor,hard,eu-locality-124,1362,98.53575227941441,98.55731402109613,0.021877363335109923,277.2026017292944,456.2515668720877,277.2026017292944
floor_both__original,ADE_vs_floor,complete,eu-locality-007,2882,13.63954775396467,13.704383125145249,0.47309952289363855,47.6301953356149,79.58424742220402,47.83773492869996
floor_both__original,ADE_vs_floor,complete,eu-locality-008,97352,16.31851160523761,16.35039221502977,0.19498376169139187,58.94996675292322,120.3012545117399,58.96240703597935
floor_both__original,ADE_vs_floor,complete,eu-locality-020,364,6.791571786413532,6.904363427901251,1.633628395514597,22.682718227503177,49.70629992513765,22.682718227503177
floor_both__original,ADE_vs_floor,complete,eu-locality-048,4716,26.526332245432904,26.54036758823038,0.05288300077539443,91.38499461110202,161.22338275660073,91.38499461110202
floor_both__original,ADE_vs_floor,complete,eu-locality-067,3417,30.061899053413665,30.08634235640339,0.0812438504493751,92.49833101194194,166.3766421726747,92.49833101194194
floor_both__original,ADE_vs_floor,complete,eu-locality-110,5804,28.199972511892437,28.234393611986015,0.12191195095815344,118.18033866701663,272.8161773812056,118.307140243085
floor_both__original,ADE_vs_floor,complete,eu-locality-119,3148,28.455043241561565,28.465399193885855,0.03638084347158399,112.70775480291367,205.2067029563877,112.70775480291367
floor_both__original,ADE_vs_floor,complete,eu-locality-124,2077,38.27626266565883,38.32154681873666,0.1181689071477865,175.54008186626947,316.4037738037055,175.54008186626947
floor_both__original,ADE_vs_original,all,eu-locality-007,5526,13.575855955922089,13.575855955922089,0.0,45.89358032936613,80.71712323070768,45.89358032936613
floor_both__original,ADE_vs_original,all,eu-locality-008,157961,17.98776192754669,17.98776192754669,0.0,63.855680257712145,131.32488108264758,63.855680257712145
floor_both__original,ADE_vs_original,all,eu-locality-020,1225,6.451271115269764,6.451271115269764,0.0,20.950455289077674,42.958840384020256,20.950455289077674
floor_both__original,ADE_vs_original,all,eu-locality-048,8058,26.551726156801994,26.551726156801994,0.0,89.55098636922551,160.11545465691114,89.55098636922551
floor_both__original,ADE_vs_original,all,eu-locality-067,6903,28.880839338782394,28.880839338782394,0.0,93.15038154789627,168.56927310186109,93.15038154789627
floor_both__original,ADE_vs_original,all,eu-locality-110,8550,30.309015310240287,30.309015310240287,0.0,121.68449105426859,270.73137899676516,121.68449105426859
floor_both__original,ADE_vs_original,all,eu-locality-119,5639,28.845344418514365,28.845344418514365,0.0,114.45336587739244,201.6878989025234,114.45336587739244
floor_both__original,ADE_vs_original,all,eu-locality-124,3550,42.333263522647485,42.333263522647485,0.0,184.84746443874639,344.5055271166482,184.84746443874639
floor_both__original,ADE_vs_original,easy,eu-locality-007,2133,1.789108508469018,1.789108508469018,0.0,4.226908462018055,4.729903821914545,4.226908462018055
floor_both__original,ADE_vs_original,easy,eu-locality-008,52276,2.172784987846882,2.172784987846882,0.0,4.237231589231824,4.6321750419853895,4.237231589231824
floor_both__original,ADE_vs_original,easy,eu-locality-020,695,1.6264981251586532,1.6264981251586532,0.0,4.2930456589077775,4.6911016198562985,4.2930456589077775
floor_both__original,ADE_vs_original,easy,eu-locality-048,2050,2.154528290493703,2.154528290493703,0.0,4.28679715747378,4.701565882548871,4.28679715747378
floor_both__original,ADE_vs_original,easy,eu-locality-067,1508,2.040992005398212,2.040992005398212,0.0,4.304575216906681,4.624703372571766,4.304575216906681
floor_both__original,ADE_vs_original,easy,eu-locality-110,2579,2.177296505727919,2.177296505727919,0.0,4.193743509056073,4.545078441077308,4.193743509056073
floor_both__original,ADE_vs_original,easy,eu-locality-119,1658,2.2054699661601456,2.2054699661601456,0.0,4.2039199145607,4.653243010692641,4.2039199145607
floor_both__original,ADE_vs_original,easy,eu-locality-124,1006,2.404053105180604,2.404053105180604,0.0,4.309958639134824,4.7184091336050855,4.309958639134824
floor_both__original,ADE_vs_original,hard,eu-locality-007,1023,41.12543051330047,41.12543051330047,0.0,81.67666598213943,114.47062363973248,81.67666598213943
floor_both__original,ADE_vs_original,hard,eu-locality-008,36762,52.50745154949026,52.50745154949026,0.0,124.3548686676523,215.62617092739976,124.3548686676523
floor_both__original,ADE_vs_original,hard,eu-locality-020,47,37.64541412593011,37.64541412593011,0.0,59.47714101421315,69.16719818649797,59.47714101421315
floor_both__original,ADE_vs_original,hard,eu-locality-048,2992,57.372171450398724,57.372171450398724,0.0,127.11608694673164,211.57685641932093,127.11608694673164
floor_both__original,ADE_vs_original,hard,eu-locality-067,2806,57.950776081690634,57.950776081690634,0.0,132.24005022202874,207.56503644827586,132.24005022202874
floor_both__original,ADE_vs_original,hard,eu-locality-110,2743,79.31453102492753,79.31453102492753,0.0,230.75512668230746,408.99645159228305,230.75512668230746
floor_both__original,ADE_vs_original,hard,eu-locality-119,1895,70.83516153664661,70.83516153664661,0.0,177.35436104322963,275.16663244604706,177.35436104322963
floor_both__original,ADE_vs_original,hard,eu-locality-124,1362,98.53575227941441,98.53575227941441,0.0,277.2026017292944,456.2515668720877,277.2026017292944
floor_both__original,FDE_vs_floor,endpoint,eu-locality-007,3935,29.887872707445307,30.048944515842827,0.5360315012482242,102.52328340609101,180.22954667261536,102.52328340609101
floor_both__original,FDE_vs_floor,endpoint,eu-locality-008,121088,35.79481634694095,35.87346697693251,0.21924457438735612,136.94747770195588,282.23893370979596,136.95807869338222
floor_both__original,FDE_vs_floor,endpoint,eu-locality-020,622,14.435358925451986,14.662738031078371,1.5507274640278235,54.18434016797015,99.18086841907973,54.18434016797015
floor_both__original,FDE_vs_floor,endpoint,eu-locality-048,5582,58.785291661178405,58.81885940835995,0.05706970097548725,216.2196458274127,356.3667109960735,216.2196458274127
floor_both__original,FDE_vs_floor,endpoint,eu-locality-067,4600,64.15937171866348,64.25140838386963,0.1432445879727351,207.16877909819794,394.0447029702928,207.16877909819794
floor_both__original,FDE_vs_floor,endpoint,eu-locality-110,7204,57.6640602900174,57.74000757247072,0.1315332048718365,251.61890320290925,587.6090239057078,251.77304034955634
floor_both__original,FDE_vs_floor,endpoint,eu-locality-119,4147,65.39213144263839,65.42156304582257,0.044987618476133306,270.5290560144782,484.5542592170748,270.5290560144782
floor_both__original,FDE_vs_floor,endpoint,eu-locality-124,2645,83.45123791175473,83.57549258367453,0.1486735741286771,380.9415092093398,749.8979417287693,380.9415092093398
floor_both__original,ADE_vs_CV,easy,eu-locality-007,2133,1.789108508469018,1.8525004364762494,3.42196561787661,4.226908462018055,4.729903821914545,4.355450553983238
floor_both__original,ADE_vs_CV,easy,eu-locality-008,52276,2.172784987846882,2.3343046202023725,6.919389652816066,4.237231589231824,4.6321750419853895,4.477191635123733
floor_both__original,ADE_vs_CV,easy,eu-locality-020,695,1.6264981251586532,1.6834998531827923,3.385906325823118,4.2930456589077775,4.6911016198562985,4.294862621440125
floor_both__original,ADE_vs_CV,easy,eu-locality-048,2050,2.154528290493703,2.2919612794697164,5.99630500772731,4.28679715747378,4.701565882548871,4.484449431559784
floor_both__original,ADE_vs_CV,easy,eu-locality-067,1508,2.040992005398212,2.126958008841005,4.041734866671709,4.304575216906681,4.624703372571766,4.431771346846858
floor_both__original,ADE_vs_CV,easy,eu-locality-110,2579,2.177296505727919,2.356118809479549,7.589698067523621,4.193743509056073,4.545078441077308,4.476255197977273
floor_both__original,ADE_vs_CV,easy,eu-locality-119,1658,2.2054699661601456,2.3455260977767742,5.971203294194083,4.2039199145607,4.653243010692641,4.423775218674889
floor_both__original,ADE_vs_CV,easy,eu-locality-124,1006,2.404053105180604,2.5758364727079335,6.66903234531564,4.309958639134824,4.7184091336050855,4.529853536161329
floor_both__stop,ADE_vs_floor,all,eu-locality-007,5526,13.575855955922089,13.629076271288495,0.39049099371849527,45.89358032936613,80.71712323070768,46.020972312041664
floor_both__stop,ADE_vs_floor,all,eu-locality-008,157961,17.987760286035144,18.01315405032935,0.14097344764418818,63.855680257712145,131.32488108264758,63.87058491799408
floor_both__stop,ADE_vs_floor,all,eu-locality-020,1225,6.451271115269764,6.504686951425043,0.8211899597040162,20.950455289077674,42.958840384020256,20.950455289077674
floor_both__stop,ADE_vs_floor,all,eu-locality-048,8058,26.551726156801994,26.562025009549206,0.03877284485467314,89.55098636922551,160.11545465691114,89.55098636922551
floor_both__stop,ADE_vs_floor,all,eu-locality-067,6903,28.880839338782394,28.911635854909164,0.10651945217254877,93.15038154789627,168.56927310186109,93.15038154789627
floor_both__stop,ADE_vs_floor,all,eu-locality-110,8550,30.309015310240287,30.350155339494975,0.1355512971663475,121.68449105426859,270.73137899676516,121.9052045177577
floor_both__stop,ADE_vs_floor,all,eu-locality-119,5639,28.845344418514365,28.854710298231737,0.032458754985131844,114.45336587739244,201.6878989025234,114.45336587739244
floor_both__stop,ADE_vs_floor,all,eu-locality-124,3550,42.333263522647485,42.371232813148524,0.0896110119535054,184.84746443874639,344.5055271166482,184.84746443874639
floor_both__stop,ADE_vs_floor,easy,eu-locality-007,2133,1.789108508469018,1.812643710198616,1.2983909412081385,4.226908462018055,4.729903821914545,4.2311151932019575
floor_both__stop,ADE_vs_floor,easy,eu-locality-008,52276,2.172781307140284,2.2199815226208206,2.1261535287381172,4.237231589231824,4.6321750419853895,4.2501952420739695
floor_both__stop,ADE_vs_floor,easy,eu-locality-020,695,1.6264981251586532,1.6710333648543638,2.665131686319855,4.2930456589077775,4.6911016198562985,4.2930456589077775
floor_both__stop,ADE_vs_floor,easy,eu-locality-048,2050,2.154528290493703,2.185316691065704,1.4088759170638454,4.28679715747378,4.701565882548871,4.292759069005489
floor_both__stop,ADE_vs_floor,easy,eu-locality-067,1508,2.040992005398212,2.0627625869236583,1.0554089774293618,4.304575216906681,4.624703372571766,4.320390089274507
floor_both__stop,ADE_vs_floor,easy,eu-locality-110,2579,2.177296505727919,2.214188912316456,1.66618152513196,4.193743509056073,4.545078441077308,4.203897765463916
floor_both__stop,ADE_vs_floor,easy,eu-locality-119,1658,2.2054699661601456,2.2336256287595,1.2605363332525599,4.2039199145607,4.653243010692641,4.225704184126738
floor_both__stop,ADE_vs_floor,easy,eu-locality-124,1006,2.404053105180604,2.446429194793944,1.7321608858951287,4.309958639134824,4.7184091336050855,4.3295911457613965
floor_both__stop,ADE_vs_floor,hard,eu-locality-007,1023,41.12543051330047,41.24804543394273,0.2972623777740435,81.67666598213943,114.47062363973248,81.24718975645555
floor_both__stop,ADE_vs_floor,hard,eu-locality-008,36762,52.50743826991565,52.514178761922025,0.01283556587056145,124.3548686676523,215.62617092739976,124.45172929758508
floor_both__stop,ADE_vs_floor,hard,eu-locality-020,47,37.64541412593011,37.64541412593011,0.0,59.47714101421315,69.16719818649797,59.47714101421315
floor_both__stop,ADE_vs_floor,hard,eu-locality-048,2992,57.372171450398724,57.37212367197517,-8.327811573671795e-05,127.11608694673164,211.57685641932093,127.11608694673164
floor_both__stop,ADE_vs_floor,hard,eu-locality-067,2806,57.950776081690634,57.99443573685852,0.0752824897995108,132.24005022202874,207.56503644827586,132.24005022202874
floor_both__stop,ADE_vs_floor,hard,eu-locality-110,2743,79.31453102492753,79.37912488226243,0.08137385922395435,230.75512668230746,408.99645159228305,230.75512668230746
floor_both__stop,ADE_vs_floor,hard,eu-locality-119,1895,70.83516153664661,70.83510638183645,-7.78636653153697e-05,177.35436104322963,275.16663244604706,177.35436104322963
floor_both__stop,ADE_vs_floor,hard,eu-locality-124,1362,98.53575227941441,98.55731402109613,0.021877363335109923,277.2026017292944,456.2515668720877,277.2026017292944
floor_both__stop,ADE_vs_floor,complete,eu-locality-007,2882,13.63954775396467,13.704383125145249,0.47309952289363855,47.6301953356149,79.58424742220402,47.83773492869996
floor_both__stop,ADE_vs_floor,complete,eu-locality-008,97352,16.31851062407521,16.35039221502977,0.19498976254070932,58.94996675292322,120.3012545117399,58.96240703597935
floor_both__stop,ADE_vs_floor,complete,eu-locality-020,364,6.791571786413532,6.904363427901251,1.633628395514597,22.682718227503177,49.70629992513765,22.682718227503177
floor_both__stop,ADE_vs_floor,complete,eu-locality-048,4716,26.526332245432904,26.54036758823038,0.05288300077539443,91.38499461110202,161.22338275660073,91.38499461110202
floor_both__stop,ADE_vs_floor,complete,eu-locality-067,3417,30.061899053413665,30.08634235640339,0.0812438504493751,92.49833101194194,166.3766421726747,92.49833101194194
floor_both__stop,ADE_vs_floor,complete,eu-locality-110,5804,28.199972511892437,28.234393611986015,0.12191195095815344,118.18033866701663,272.8161773812056,118.307140243085
floor_both__stop,ADE_vs_floor,complete,eu-locality-119,3148,28.455043241561565,28.465399193885855,0.03638084347158399,112.70775480291367,205.2067029563877,112.70775480291367
floor_both__stop,ADE_vs_floor,complete,eu-locality-124,2077,38.27626266565883,38.32154681873666,0.1181689071477865,175.54008186626947,316.4037738037055,175.54008186626947
floor_both__stop,ADE_vs_original,all,eu-locality-007,5526,13.575855955922089,13.575855955922089,0.0,45.89358032936613,80.71712323070768,45.89358032936613
floor_both__stop,ADE_vs_original,all,eu-locality-008,157961,17.987760286035144,17.98776192754669,9.125713096302945e-06,63.855680257712145,131.32488108264758,63.855680257712145
floor_both__stop,ADE_vs_original,all,eu-locality-020,1225,6.451271115269764,6.451271115269764,0.0,20.950455289077674,42.958840384020256,20.950455289077674
floor_both__stop,ADE_vs_original,all,eu-locality-048,8058,26.551726156801994,26.551726156801994,0.0,89.55098636922551,160.11545465691114,89.55098636922551
floor_both__stop,ADE_vs_original,all,eu-locality-067,6903,28.880839338782394,28.880839338782394,0.0,93.15038154789627,168.56927310186109,93.15038154789627
floor_both__stop,ADE_vs_original,all,eu-locality-110,8550,30.309015310240287,30.309015310240287,0.0,121.68449105426859,270.73137899676516,121.68449105426859
floor_both__stop,ADE_vs_original,all,eu-locality-119,5639,28.845344418514365,28.845344418514365,0.0,114.45336587739244,201.6878989025234,114.45336587739244
floor_both__stop,ADE_vs_original,all,eu-locality-124,3550,42.333263522647485,42.333263522647485,0.0,184.84746443874639,344.5055271166482,184.84746443874639
floor_both__stop,ADE_vs_original,easy,eu-locality-007,2133,1.789108508469018,1.789108508469018,0.0,4.226908462018055,4.729903821914545,4.226908462018055
floor_both__stop,ADE_vs_original,easy,eu-locality-008,52276,2.172781307140284,2.172784987846882,0.00016940040633572906,4.237231589231824,4.6321750419853895,4.237231589231824
floor_both__stop,ADE_vs_original,easy,eu-locality-020,695,1.6264981251586532,1.6264981251586532,0.0,4.2930456589077775,4.6911016198562985,4.2930456589077775
floor_both__stop,ADE_vs_original,easy,eu-locality-048,2050,2.154528290493703,2.154528290493703,0.0,4.28679715747378,4.701565882548871,4.28679715747378
floor_both__stop,ADE_vs_original,easy,eu-locality-067,1508,2.040992005398212,2.040992005398212,0.0,4.304575216906681,4.624703372571766,4.304575216906681
floor_both__stop,ADE_vs_original,easy,eu-locality-110,2579,2.177296505727919,2.177296505727919,0.0,4.193743509056073,4.545078441077308,4.193743509056073
floor_both__stop,ADE_vs_original,easy,eu-locality-119,1658,2.2054699661601456,2.2054699661601456,0.0,4.2039199145607,4.653243010692641,4.2039199145607
floor_both__stop,ADE_vs_original,easy,eu-locality-124,1006,2.404053105180604,2.404053105180604,0.0,4.309958639134824,4.7184091336050855,4.309958639134824
floor_both__stop,ADE_vs_original,hard,eu-locality-007,1023,41.12543051330047,41.12543051330047,0.0,81.67666598213943,114.47062363973248,81.67666598213943
floor_both__stop,ADE_vs_original,hard,eu-locality-008,36762,52.50743826991565,52.50745154949026,2.5290838190361598e-05,124.3548686676523,215.62617092739976,124.3548686676523
floor_both__stop,ADE_vs_original,hard,eu-locality-020,47,37.64541412593011,37.64541412593011,0.0,59.47714101421315,69.16719818649797,59.47714101421315
floor_both__stop,ADE_vs_original,hard,eu-locality-048,2992,57.372171450398724,57.372171450398724,0.0,127.11608694673164,211.57685641932093,127.11608694673164
floor_both__stop,ADE_vs_original,hard,eu-locality-067,2806,57.950776081690634,57.950776081690634,0.0,132.24005022202874,207.56503644827586,132.24005022202874
floor_both__stop,ADE_vs_original,hard,eu-locality-110,2743,79.31453102492753,79.31453102492753,0.0,230.75512668230746,408.99645159228305,230.75512668230746
floor_both__stop,ADE_vs_original,hard,eu-locality-119,1895,70.83516153664661,70.83516153664661,0.0,177.35436104322963,275.16663244604706,177.35436104322963
floor_both__stop,ADE_vs_original,hard,eu-locality-124,1362,98.53575227941441,98.53575227941441,0.0,277.2026017292944,456.2515668720877,277.2026017292944
floor_both__stop,FDE_vs_floor,endpoint,eu-locality-007,3935,29.887872707445307,30.048944515842827,0.5360315012482242,102.52328340609101,180.22954667261536,102.52328340609101
floor_both__stop,FDE_vs_floor,endpoint,eu-locality-008,121088,35.79481030317725,35.87346697693251,0.21926142183535946,136.94747770195588,282.23893370979596,136.95807869338222
floor_both__stop,FDE_vs_floor,endpoint,eu-locality-020,622,14.435358925451986,14.662738031078371,1.5507274640278235,54.18434016797015,99.18086841907973,54.18434016797015
floor_both__stop,FDE_vs_floor,endpoint,eu-locality-048,5582,58.785291661178405,58.81885940835995,0.05706970097548725,216.2196458274127,356.3667109960735,216.2196458274127
floor_both__stop,FDE_vs_floor,endpoint,eu-locality-067,4600,64.15937171866348,64.25140838386963,0.1432445879727351,207.16877909819794,394.0447029702928,207.16877909819794
floor_both__stop,FDE_vs_floor,endpoint,eu-locality-110,7204,57.6640602900174,57.74000757247072,0.1315332048718365,251.61890320290925,587.6090239057078,251.77304034955634
floor_both__stop,FDE_vs_floor,endpoint,eu-locality-119,4147,65.39213144263839,65.42156304582257,0.044987618476133306,270.5290560144782,484.5542592170748,270.5290560144782
floor_both__stop,FDE_vs_floor,endpoint,eu-locality-124,2645,83.45123791175473,83.57549258367453,0.1486735741286771,380.9415092093398,749.8979417287693,380.9415092093398
floor_both__stop,ADE_vs_CV,easy,eu-locality-007,2133,1.789108508469018,1.8525004364762494,3.42196561787661,4.226908462018055,4.729903821914545,4.355450553983238
floor_both__stop,ADE_vs_CV,easy,eu-locality-008,52276,2.172781307140284,2.3343046202023725,6.919547331748211,4.237231589231824,4.6321750419853895,4.477191635123733
floor_both__stop,ADE_vs_CV,easy,eu-locality-020,695,1.6264981251586532,1.6834998531827923,3.385906325823118,4.2930456589077775,4.6911016198562985,4.294862621440125
floor_both__stop,ADE_vs_CV,easy,eu-locality-048,2050,2.154528290493703,2.2919612794697164,5.99630500772731,4.28679715747378,4.701565882548871,4.484449431559784
floor_both__stop,ADE_vs_CV,easy,eu-locality-067,1508,2.040992005398212,2.126958008841005,4.041734866671709,4.304575216906681,4.624703372571766,4.431771346846858
floor_both__stop,ADE_vs_CV,easy,eu-locality-110,2579,2.177296505727919,2.356118809479549,7.589698067523621,4.193743509056073,4.545078441077308,4.476255197977273
floor_both__stop,ADE_vs_CV,easy,eu-locality-119,1658,2.2054699661601456,2.3455260977767742,5.971203294194083,4.2039199145607,4.653243010692641,4.423775218674889
floor_both__stop,ADE_vs_CV,easy,eu-locality-124,1006,2.404053105180604,2.5758364727079335,6.66903234531564,4.309958639134824,4.7184091336050855,4.529853536161329
floor_both__stop,matched_risk,all,eu-locality-007,5526,13.575855955922089,13.575855955922089,0.0,45.89358032936613,80.71712323070768,45.89358032936613
floor_both__stop,matched_risk,all,eu-locality-008,157961,17.987760286035144,17.987760286035144,0.0,63.855680257712145,131.32488108264758,63.855680257712145
floor_both__stop,matched_risk,all,eu-locality-020,1225,6.451271115269764,6.451271115269764,0.0,20.950455289077674,42.958840384020256,20.950455289077674
floor_both__stop,matched_risk,all,eu-locality-048,8058,26.551726156801994,26.551726156801994,0.0,89.55098636922551,160.11545465691114,89.55098636922551
floor_both__stop,matched_risk,all,eu-locality-067,6903,28.880839338782394,28.880839338782394,0.0,93.15038154789627,168.56927310186109,93.15038154789627
floor_both__stop,matched_risk,all,eu-locality-110,8550,30.309015310240287,30.309015310240287,0.0,121.68449105426859,270.73137899676516,121.68449105426859
floor_both__stop,matched_risk,all,eu-locality-119,5639,28.845344418514365,28.845344418514365,0.0,114.45336587739244,201.6878989025234,114.45336587739244
floor_both__stop,matched_risk,all,eu-locality-124,3550,42.333263522647485,42.333263522647485,0.0,184.84746443874639,344.5055271166482,184.84746443874639
floor_both__stop,matched_risk,easy,eu-locality-007,2133,1.789108508469018,1.789108508469018,0.0,4.226908462018055,4.729903821914545,4.226908462018055
floor_both__stop,matched_risk,easy,eu-locality-008,52276,2.172781307140284,2.172781307140284,0.0,4.237231589231824,4.6321750419853895,4.237231589231824
floor_both__stop,matched_risk,easy,eu-locality-020,695,1.6264981251586532,1.6264981251586532,0.0,4.2930456589077775,4.6911016198562985,4.2930456589077775
floor_both__stop,matched_risk,easy,eu-locality-048,2050,2.154528290493703,2.154528290493703,0.0,4.28679715747378,4.701565882548871,4.28679715747378
floor_both__stop,matched_risk,easy,eu-locality-067,1508,2.040992005398212,2.040992005398212,0.0,4.304575216906681,4.624703372571766,4.304575216906681
floor_both__stop,matched_risk,easy,eu-locality-110,2579,2.177296505727919,2.177296505727919,0.0,4.193743509056073,4.545078441077308,4.193743509056073
floor_both__stop,matched_risk,easy,eu-locality-119,1658,2.2054699661601456,2.2054699661601456,0.0,4.2039199145607,4.653243010692641,4.2039199145607
floor_both__stop,matched_risk,easy,eu-locality-124,1006,2.404053105180604,2.404053105180604,0.0,4.309958639134824,4.7184091336050855,4.309958639134824
floor_both__stop,matched_risk,hard,eu-locality-007,1023,41.12543051330047,41.12543051330047,0.0,81.67666598213943,114.47062363973248,81.67666598213943
floor_both__stop,matched_risk,hard,eu-locality-008,36762,52.50743826991565,52.50743826991565,0.0,124.3548686676523,215.62617092739976,124.3548686676523
floor_both__stop,matched_risk,hard,eu-locality-020,47,37.64541412593011,37.64541412593011,0.0,59.47714101421315,69.16719818649797,59.47714101421315
floor_both__stop,matched_risk,hard,eu-locality-048,2992,57.372171450398724,57.372171450398724,0.0,127.11608694673164,211.57685641932093,127.11608694673164
floor_both__stop,matched_risk,hard,eu-locality-067,2806,57.950776081690634,57.950776081690634,0.0,132.24005022202874,207.56503644827586,132.24005022202874
floor_both__stop,matched_risk,hard,eu-locality-110,2743,79.31453102492753,79.31453102492753,0.0,230.75512668230746,408.99645159228305,230.75512668230746
floor_both__stop,matched_risk,hard,eu-locality-119,1895,70.83516153664661,70.83516153664661,0.0,177.35436104322963,275.16663244604706,177.35436104322963
floor_both__stop,matched_risk,hard,eu-locality-124,1362,98.53575227941441,98.53575227941441,0.0,277.2026017292944,456.2515668720877,277.2026017292944
floor_both__stop,matched_risk,complete,eu-locality-007,2882,13.63954775396467,13.63954775396467,0.0,47.6301953356149,79.58424742220402,47.6301953356149
floor_both__stop,matched_risk,complete,eu-locality-008,97352,16.31851062407521,16.31851062407521,0.0,58.94996675292322,120.3012545117399,58.94996675292322
floor_both__stop,matched_risk,complete,eu-locality-020,364,6.791571786413532,6.791571786413532,0.0,22.682718227503177,49.70629992513765,22.682718227503177
floor_both__stop,matched_risk,complete,eu-locality-048,4716,26.526332245432904,26.526332245432904,0.0,91.38499461110202,161.22338275660073,91.38499461110202
floor_both__stop,matched_risk,complete,eu-locality-067,3417,30.061899053413665,30.061899053413665,0.0,92.49833101194194,166.3766421726747,92.49833101194194
floor_both__stop,matched_risk,complete,eu-locality-110,5804,28.199972511892437,28.199972511892437,0.0,118.18033866701663,272.8161773812056,118.18033866701663
floor_both__stop,matched_risk,complete,eu-locality-119,3148,28.455043241561565,28.455043241561565,0.0,112.70775480291367,205.2067029563877,112.70775480291367
floor_both__stop,matched_risk,complete,eu-locality-124,2077,38.27626266565883,38.27626266565883,0.0,175.54008186626947,316.4037738037055,175.54008186626947
floor_both__stop,matched_random,all,eu-locality-007,5526,13.575855955922089,13.575855955922089,0.0,45.89358032936613,80.71712323070768,45.89358032936613
floor_both__stop,matched_random,all,eu-locality-008,157961,17.987760286035144,17.987760286035144,0.0,63.855680257712145,131.32488108264758,63.855680257712145
floor_both__stop,matched_random,all,eu-locality-020,1225,6.451271115269764,6.451271115269764,0.0,20.950455289077674,42.958840384020256,20.950455289077674
floor_both__stop,matched_random,all,eu-locality-048,8058,26.551726156801994,26.551726156801994,0.0,89.55098636922551,160.11545465691114,89.55098636922551
floor_both__stop,matched_random,all,eu-locality-067,6903,28.880839338782394,28.880839338782394,0.0,93.15038154789627,168.56927310186109,93.15038154789627
floor_both__stop,matched_random,all,eu-locality-110,8550,30.309015310240287,30.309015310240287,0.0,121.68449105426859,270.73137899676516,121.68449105426859
floor_both__stop,matched_random,all,eu-locality-119,5639,28.845344418514365,28.845344418514365,0.0,114.45336587739244,201.6878989025234,114.45336587739244
floor_both__stop,matched_random,all,eu-locality-124,3550,42.333263522647485,42.333263522647485,0.0,184.84746443874639,344.5055271166482,184.84746443874639
floor_both__stop,matched_random,easy,eu-locality-007,2133,1.789108508469018,1.789108508469018,0.0,4.226908462018055,4.729903821914545,4.226908462018055
floor_both__stop,matched_random,easy,eu-locality-008,52276,2.172781307140284,2.172781307140284,0.0,4.237231589231824,4.6321750419853895,4.237231589231824
floor_both__stop,matched_random,easy,eu-locality-020,695,1.6264981251586532,1.6264981251586532,0.0,4.2930456589077775,4.6911016198562985,4.2930456589077775
floor_both__stop,matched_random,easy,eu-locality-048,2050,2.154528290493703,2.154528290493703,0.0,4.28679715747378,4.701565882548871,4.28679715747378
floor_both__stop,matched_random,easy,eu-locality-067,1508,2.040992005398212,2.040992005398212,0.0,4.304575216906681,4.624703372571766,4.304575216906681
floor_both__stop,matched_random,easy,eu-locality-110,2579,2.177296505727919,2.177296505727919,0.0,4.193743509056073,4.545078441077308,4.193743509056073
floor_both__stop,matched_random,easy,eu-locality-119,1658,2.2054699661601456,2.2054699661601456,0.0,4.2039199145607,4.653243010692641,4.2039199145607
floor_both__stop,matched_random,easy,eu-locality-124,1006,2.404053105180604,2.404053105180604,0.0,4.309958639134824,4.7184091336050855,4.309958639134824
floor_both__stop,matched_random,hard,eu-locality-007,1023,41.12543051330047,41.12543051330047,0.0,81.67666598213943,114.47062363973248,81.67666598213943
floor_both__stop,matched_random,hard,eu-locality-008,36762,52.50743826991565,52.50743826991565,0.0,124.3548686676523,215.62617092739976,124.3548686676523
floor_both__stop,matched_random,hard,eu-locality-020,47,37.64541412593011,37.64541412593011,0.0,59.47714101421315,69.16719818649797,59.47714101421315
floor_both__stop,matched_random,hard,eu-locality-048,2992,57.372171450398724,57.372171450398724,0.0,127.11608694673164,211.57685641932093,127.11608694673164
floor_both__stop,matched_random,hard,eu-locality-067,2806,57.950776081690634,57.950776081690634,0.0,132.24005022202874,207.56503644827586,132.24005022202874
floor_both__stop,matched_random,hard,eu-locality-110,2743,79.31453102492753,79.31453102492753,0.0,230.75512668230746,408.99645159228305,230.75512668230746
floor_both__stop,matched_random,hard,eu-locality-119,1895,70.83516153664661,70.83516153664661,0.0,177.35436104322963,275.16663244604706,177.35436104322963
floor_both__stop,matched_random,hard,eu-locality-124,1362,98.53575227941441,98.53575227941441,0.0,277.2026017292944,456.2515668720877,277.2026017292944
floor_both__stop,matched_random,complete,eu-locality-007,2882,13.63954775396467,13.63954775396467,0.0,47.6301953356149,79.58424742220402,47.6301953356149
floor_both__stop,matched_random,complete,eu-locality-008,97352,16.31851062407521,16.31851062407521,0.0,58.94996675292322,120.3012545117399,58.94996675292322
floor_both__stop,matched_random,complete,eu-locality-020,364,6.791571786413532,6.791571786413532,0.0,22.682718227503177,49.70629992513765,22.682718227503177
floor_both__stop,matched_random,complete,eu-locality-048,4716,26.526332245432904,26.526332245432904,0.0,91.38499461110202,161.22338275660073,91.38499461110202
floor_both__stop,matched_random,complete,eu-locality-067,3417,30.061899053413665,30.061899053413665,0.0,92.49833101194194,166.3766421726747,92.49833101194194
floor_both__stop,matched_random,complete,eu-locality-110,5804,28.199972511892437,28.199972511892437,0.0,118.18033866701663,272.8161773812056,118.18033866701663
floor_both__stop,matched_random,complete,eu-locality-119,3148,28.455043241561565,28.455043241561565,0.0,112.70775480291367,205.2067029563877,112.70775480291367
floor_both__stop,matched_random,complete,eu-locality-124,2077,38.27626266565883,38.27626266565883,0.0,175.54008186626947,316.4037738037055,175.54008186626947
floor_both__stop_risk,ADE_vs_floor,all,eu-locality-007,5526,13.575855955922089,13.629076271288495,0.39049099371849527,45.89358032936613,80.71712323070768,46.020972312041664
floor_both__stop_risk,ADE_vs_floor,all,eu-locality-008,157961,17.987760286035144,18.01315405032935,0.14097344764418818,63.855680257712145,131.32488108264758,63.87058491799408
floor_both__stop_risk,ADE_vs_floor,all,eu-locality-020,1225,6.451271115269764,6.504686951425043,0.8211899597040162,20.950455289077674,42.958840384020256,20.950455289077674
floor_both__stop_risk,ADE_vs_floor,all,eu-locality-048,8058,26.551726156801994,26.562025009549206,0.03877284485467314,89.55098636922551,160.11545465691114,89.55098636922551
floor_both__stop_risk,ADE_vs_floor,all,eu-locality-067,6903,28.880839338782394,28.911635854909164,0.10651945217254877,93.15038154789627,168.56927310186109,93.15038154789627
floor_both__stop_risk,ADE_vs_floor,all,eu-locality-110,8550,30.309015310240287,30.350155339494975,0.1355512971663475,121.68449105426859,270.73137899676516,121.9052045177577
floor_both__stop_risk,ADE_vs_floor,all,eu-locality-119,5639,28.845344418514365,28.854710298231737,0.032458754985131844,114.45336587739244,201.6878989025234,114.45336587739244
floor_both__stop_risk,ADE_vs_floor,all,eu-locality-124,3550,42.333263522647485,42.371232813148524,0.0896110119535054,184.84746443874639,344.5055271166482,184.84746443874639
floor_both__stop_risk,ADE_vs_floor,easy,eu-locality-007,2133,1.789108508469018,1.812643710198616,1.2983909412081385,4.226908462018055,4.729903821914545,4.2311151932019575
floor_both__stop_risk,ADE_vs_floor,easy,eu-locality-008,52276,2.172781307140284,2.2199815226208206,2.1261535287381172,4.237231589231824,4.6321750419853895,4.2501952420739695
floor_both__stop_risk,ADE_vs_floor,easy,eu-locality-020,695,1.6264981251586532,1.6710333648543638,2.665131686319855,4.2930456589077775,4.6911016198562985,4.2930456589077775
floor_both__stop_risk,ADE_vs_floor,easy,eu-locality-048,2050,2.154528290493703,2.185316691065704,1.4088759170638454,4.28679715747378,4.701565882548871,4.292759069005489
floor_both__stop_risk,ADE_vs_floor,easy,eu-locality-067,1508,2.040992005398212,2.0627625869236583,1.0554089774293618,4.304575216906681,4.624703372571766,4.320390089274507
floor_both__stop_risk,ADE_vs_floor,easy,eu-locality-110,2579,2.177296505727919,2.214188912316456,1.66618152513196,4.193743509056073,4.545078441077308,4.203897765463916
floor_both__stop_risk,ADE_vs_floor,easy,eu-locality-119,1658,2.2054699661601456,2.2336256287595,1.2605363332525599,4.2039199145607,4.653243010692641,4.225704184126738
floor_both__stop_risk,ADE_vs_floor,easy,eu-locality-124,1006,2.404053105180604,2.446429194793944,1.7321608858951287,4.309958639134824,4.7184091336050855,4.3295911457613965
floor_both__stop_risk,ADE_vs_floor,hard,eu-locality-007,1023,41.12543051330047,41.24804543394273,0.2972623777740435,81.67666598213943,114.47062363973248,81.24718975645555
floor_both__stop_risk,ADE_vs_floor,hard,eu-locality-008,36762,52.50743826991565,52.514178761922025,0.01283556587056145,124.3548686676523,215.62617092739976,124.45172929758508
floor_both__stop_risk,ADE_vs_floor,hard,eu-locality-020,47,37.64541412593011,37.64541412593011,0.0,59.47714101421315,69.16719818649797,59.47714101421315
floor_both__stop_risk,ADE_vs_floor,hard,eu-locality-048,2992,57.372171450398724,57.37212367197517,-8.327811573671795e-05,127.11608694673164,211.57685641932093,127.11608694673164
floor_both__stop_risk,ADE_vs_floor,hard,eu-locality-067,2806,57.950776081690634,57.99443573685852,0.0752824897995108,132.24005022202874,207.56503644827586,132.24005022202874
floor_both__stop_risk,ADE_vs_floor,hard,eu-locality-110,2743,79.31453102492753,79.37912488226243,0.08137385922395435,230.75512668230746,408.99645159228305,230.75512668230746
floor_both__stop_risk,ADE_vs_floor,hard,eu-locality-119,1895,70.83516153664661,70.83510638183645,-7.78636653153697e-05,177.35436104322963,275.16663244604706,177.35436104322963
floor_both__stop_risk,ADE_vs_floor,hard,eu-locality-124,1362,98.53575227941441,98.55731402109613,0.021877363335109923,277.2026017292944,456.2515668720877,277.2026017292944
floor_both__stop_risk,ADE_vs_floor,complete,eu-locality-007,2882,13.63954775396467,13.704383125145249,0.47309952289363855,47.6301953356149,79.58424742220402,47.83773492869996
floor_both__stop_risk,ADE_vs_floor,complete,eu-locality-008,97352,16.31851062407521,16.35039221502977,0.19498976254070932,58.94996675292322,120.3012545117399,58.96240703597935
floor_both__stop_risk,ADE_vs_floor,complete,eu-locality-020,364,6.791571786413532,6.904363427901251,1.633628395514597,22.682718227503177,49.70629992513765,22.682718227503177
floor_both__stop_risk,ADE_vs_floor,complete,eu-locality-048,4716,26.526332245432904,26.54036758823038,0.05288300077539443,91.38499461110202,161.22338275660073,91.38499461110202
floor_both__stop_risk,ADE_vs_floor,complete,eu-locality-067,3417,30.061899053413665,30.08634235640339,0.0812438504493751,92.49833101194194,166.3766421726747,92.49833101194194
floor_both__stop_risk,ADE_vs_floor,complete,eu-locality-110,5804,28.199972511892437,28.234393611986015,0.12191195095815344,118.18033866701663,272.8161773812056,118.307140243085
floor_both__stop_risk,ADE_vs_floor,complete,eu-locality-119,3148,28.455043241561565,28.465399193885855,0.03638084347158399,112.70775480291367,205.2067029563877,112.70775480291367
floor_both__stop_risk,ADE_vs_floor,complete,eu-locality-124,2077,38.27626266565883,38.32154681873666,0.1181689071477865,175.54008186626947,316.4037738037055,175.54008186626947
floor_both__stop_risk,ADE_vs_original,all,eu-locality-007,5526,13.575855955922089,13.575855955922089,0.0,45.89358032936613,80.71712323070768,45.89358032936613
floor_both__stop_risk,ADE_vs_original,all,eu-locality-008,157961,17.987760286035144,17.98776192754669,9.125713096302945e-06,63.855680257712145,131.32488108264758,63.855680257712145
floor_both__stop_risk,ADE_vs_original,all,eu-locality-020,1225,6.451271115269764,6.451271115269764,0.0,20.950455289077674,42.958840384020256,20.950455289077674
floor_both__stop_risk,ADE_vs_original,all,eu-locality-048,8058,26.551726156801994,26.551726156801994,0.0,89.55098636922551,160.11545465691114,89.55098636922551
floor_both__stop_risk,ADE_vs_original,all,eu-locality-067,6903,28.880839338782394,28.880839338782394,0.0,93.15038154789627,168.56927310186109,93.15038154789627
floor_both__stop_risk,ADE_vs_original,all,eu-locality-110,8550,30.309015310240287,30.309015310240287,0.0,121.68449105426859,270.73137899676516,121.68449105426859
floor_both__stop_risk,ADE_vs_original,all,eu-locality-119,5639,28.845344418514365,28.845344418514365,0.0,114.45336587739244,201.6878989025234,114.45336587739244
floor_both__stop_risk,ADE_vs_original,all,eu-locality-124,3550,42.333263522647485,42.333263522647485,0.0,184.84746443874639,344.5055271166482,184.84746443874639
floor_both__stop_risk,ADE_vs_original,easy,eu-locality-007,2133,1.789108508469018,1.789108508469018,0.0,4.226908462018055,4.729903821914545,4.226908462018055
floor_both__stop_risk,ADE_vs_original,easy,eu-locality-008,52276,2.172781307140284,2.172784987846882,0.00016940040633572906,4.237231589231824,4.6321750419853895,4.237231589231824
floor_both__stop_risk,ADE_vs_original,easy,eu-locality-020,695,1.6264981251586532,1.6264981251586532,0.0,4.2930456589077775,4.6911016198562985,4.2930456589077775
floor_both__stop_risk,ADE_vs_original,easy,eu-locality-048,2050,2.154528290493703,2.154528290493703,0.0,4.28679715747378,4.701565882548871,4.28679715747378
floor_both__stop_risk,ADE_vs_original,easy,eu-locality-067,1508,2.040992005398212,2.040992005398212,0.0,4.304575216906681,4.624703372571766,4.304575216906681
floor_both__stop_risk,ADE_vs_original,easy,eu-locality-110,2579,2.177296505727919,2.177296505727919,0.0,4.193743509056073,4.545078441077308,4.193743509056073
floor_both__stop_risk,ADE_vs_original,easy,eu-locality-119,1658,2.2054699661601456,2.2054699661601456,0.0,4.2039199145607,4.653243010692641,4.2039199145607
floor_both__stop_risk,ADE_vs_original,easy,eu-locality-124,1006,2.404053105180604,2.404053105180604,0.0,4.309958639134824,4.7184091336050855,4.309958639134824
floor_both__stop_risk,ADE_vs_original,hard,eu-locality-007,1023,41.12543051330047,41.12543051330047,0.0,81.67666598213943,114.47062363973248,81.67666598213943
floor_both__stop_risk,ADE_vs_original,hard,eu-locality-008,36762,52.50743826991565,52.50745154949026,2.5290838190361598e-05,124.3548686676523,215.62617092739976,124.3548686676523
floor_both__stop_risk,ADE_vs_original,hard,eu-locality-020,47,37.64541412593011,37.64541412593011,0.0,59.47714101421315,69.16719818649797,59.47714101421315
floor_both__stop_risk,ADE_vs_original,hard,eu-locality-048,2992,57.372171450398724,57.372171450398724,0.0,127.11608694673164,211.57685641932093,127.11608694673164
floor_both__stop_risk,ADE_vs_original,hard,eu-locality-067,2806,57.950776081690634,57.950776081690634,0.0,132.24005022202874,207.56503644827586,132.24005022202874
floor_both__stop_risk,ADE_vs_original,hard,eu-locality-110,2743,79.31453102492753,79.31453102492753,0.0,230.75512668230746,408.99645159228305,230.75512668230746
floor_both__stop_risk,ADE_vs_original,hard,eu-locality-119,1895,70.83516153664661,70.83516153664661,0.0,177.35436104322963,275.16663244604706,177.35436104322963
floor_both__stop_risk,ADE_vs_original,hard,eu-locality-124,1362,98.53575227941441,98.53575227941441,0.0,277.2026017292944,456.2515668720877,277.2026017292944
floor_both__stop_risk,FDE_vs_floor,endpoint,eu-locality-007,3935,29.887872707445307,30.048944515842827,0.5360315012482242,102.52328340609101,180.22954667261536,102.52328340609101
floor_both__stop_risk,FDE_vs_floor,endpoint,eu-locality-008,121088,35.79481030317725,35.87346697693251,0.21926142183535946,136.94747770195588,282.23893370979596,136.95807869338222
floor_both__stop_risk,FDE_vs_floor,endpoint,eu-locality-020,622,14.435358925451986,14.662738031078371,1.5507274640278235,54.18434016797015,99.18086841907973,54.18434016797015
floor_both__stop_risk,FDE_vs_floor,endpoint,eu-locality-048,5582,58.785291661178405,58.81885940835995,0.05706970097548725,216.2196458274127,356.3667109960735,216.2196458274127
floor_both__stop_risk,FDE_vs_floor,endpoint,eu-locality-067,4600,64.15937171866348,64.25140838386963,0.1432445879727351,207.16877909819794,394.0447029702928,207.16877909819794
floor_both__stop_risk,FDE_vs_floor,endpoint,eu-locality-110,7204,57.6640602900174,57.74000757247072,0.1315332048718365,251.61890320290925,587.6090239057078,251.77304034955634
floor_both__stop_risk,FDE_vs_floor,endpoint,eu-locality-119,4147,65.39213144263839,65.42156304582257,0.044987618476133306,270.5290560144782,484.5542592170748,270.5290560144782
floor_both__stop_risk,FDE_vs_floor,endpoint,eu-locality-124,2645,83.45123791175473,83.57549258367453,0.1486735741286771,380.9415092093398,749.8979417287693,380.9415092093398
floor_both__stop_risk,ADE_vs_CV,easy,eu-locality-007,2133,1.789108508469018,1.8525004364762494,3.42196561787661,4.226908462018055,4.729903821914545,4.355450553983238
floor_both__stop_risk,ADE_vs_CV,easy,eu-locality-008,52276,2.172781307140284,2.3343046202023725,6.919547331748211,4.237231589231824,4.6321750419853895,4.477191635123733
floor_both__stop_risk,ADE_vs_CV,easy,eu-locality-020,695,1.6264981251586532,1.6834998531827923,3.385906325823118,4.2930456589077775,4.6911016198562985,4.294862621440125
floor_both__stop_risk,ADE_vs_CV,easy,eu-locality-048,2050,2.154528290493703,2.2919612794697164,5.99630500772731,4.28679715747378,4.701565882548871,4.484449431559784
floor_both__stop_risk,ADE_vs_CV,easy,eu-locality-067,1508,2.040992005398212,2.126958008841005,4.041734866671709,4.304575216906681,4.624703372571766,4.431771346846858
floor_both__stop_risk,ADE_vs_CV,easy,eu-locality-110,2579,2.177296505727919,2.356118809479549,7.589698067523621,4.193743509056073,4.545078441077308,4.476255197977273
floor_both__stop_risk,ADE_vs_CV,easy,eu-locality-119,1658,2.2054699661601456,2.3455260977767742,5.971203294194083,4.2039199145607,4.653243010692641,4.423775218674889
floor_both__stop_risk,ADE_vs_CV,easy,eu-locality-124,1006,2.404053105180604,2.5758364727079335,6.66903234531564,4.309958639134824,4.7184091336050855,4.529853536161329
floor_both__stop_random,ADE_vs_floor,all,eu-locality-007,5526,13.575855955922089,13.629076271288495,0.39049099371849527,45.89358032936613,80.71712323070768,46.020972312041664
floor_both__stop_random,ADE_vs_floor,all,eu-locality-008,157961,17.987760286035144,18.01315405032935,0.14097344764418818,63.855680257712145,131.32488108264758,63.87058491799408
floor_both__stop_random,ADE_vs_floor,all,eu-locality-020,1225,6.451271115269764,6.504686951425043,0.8211899597040162,20.950455289077674,42.958840384020256,20.950455289077674
floor_both__stop_random,ADE_vs_floor,all,eu-locality-048,8058,26.551726156801994,26.562025009549206,0.03877284485467314,89.55098636922551,160.11545465691114,89.55098636922551
floor_both__stop_random,ADE_vs_floor,all,eu-locality-067,6903,28.880839338782394,28.911635854909164,0.10651945217254877,93.15038154789627,168.56927310186109,93.15038154789627
floor_both__stop_random,ADE_vs_floor,all,eu-locality-110,8550,30.309015310240287,30.350155339494975,0.1355512971663475,121.68449105426859,270.73137899676516,121.9052045177577
floor_both__stop_random,ADE_vs_floor,all,eu-locality-119,5639,28.845344418514365,28.854710298231737,0.032458754985131844,114.45336587739244,201.6878989025234,114.45336587739244
floor_both__stop_random,ADE_vs_floor,all,eu-locality-124,3550,42.333263522647485,42.371232813148524,0.0896110119535054,184.84746443874639,344.5055271166482,184.84746443874639
floor_both__stop_random,ADE_vs_floor,easy,eu-locality-007,2133,1.789108508469018,1.812643710198616,1.2983909412081385,4.226908462018055,4.729903821914545,4.2311151932019575
floor_both__stop_random,ADE_vs_floor,easy,eu-locality-008,52276,2.172781307140284,2.2199815226208206,2.1261535287381172,4.237231589231824,4.6321750419853895,4.2501952420739695
floor_both__stop_random,ADE_vs_floor,easy,eu-locality-020,695,1.6264981251586532,1.6710333648543638,2.665131686319855,4.2930456589077775,4.6911016198562985,4.2930456589077775
floor_both__stop_random,ADE_vs_floor,easy,eu-locality-048,2050,2.154528290493703,2.185316691065704,1.4088759170638454,4.28679715747378,4.701565882548871,4.292759069005489
floor_both__stop_random,ADE_vs_floor,easy,eu-locality-067,1508,2.040992005398212,2.0627625869236583,1.0554089774293618,4.304575216906681,4.624703372571766,4.320390089274507
floor_both__stop_random,ADE_vs_floor,easy,eu-locality-110,2579,2.177296505727919,2.214188912316456,1.66618152513196,4.193743509056073,4.545078441077308,4.203897765463916
floor_both__stop_random,ADE_vs_floor,easy,eu-locality-119,1658,2.2054699661601456,2.2336256287595,1.2605363332525599,4.2039199145607,4.653243010692641,4.225704184126738
floor_both__stop_random,ADE_vs_floor,easy,eu-locality-124,1006,2.404053105180604,2.446429194793944,1.7321608858951287,4.309958639134824,4.7184091336050855,4.3295911457613965
floor_both__stop_random,ADE_vs_floor,hard,eu-locality-007,1023,41.12543051330047,41.24804543394273,0.2972623777740435,81.67666598213943,114.47062363973248,81.24718975645555
floor_both__stop_random,ADE_vs_floor,hard,eu-locality-008,36762,52.50743826991565,52.514178761922025,0.01283556587056145,124.3548686676523,215.62617092739976,124.45172929758508
floor_both__stop_random,ADE_vs_floor,hard,eu-locality-020,47,37.64541412593011,37.64541412593011,0.0,59.47714101421315,69.16719818649797,59.47714101421315
floor_both__stop_random,ADE_vs_floor,hard,eu-locality-048,2992,57.372171450398724,57.37212367197517,-8.327811573671795e-05,127.11608694673164,211.57685641932093,127.11608694673164
floor_both__stop_random,ADE_vs_floor,hard,eu-locality-067,2806,57.950776081690634,57.99443573685852,0.0752824897995108,132.24005022202874,207.56503644827586,132.24005022202874
floor_both__stop_random,ADE_vs_floor,hard,eu-locality-110,2743,79.31453102492753,79.37912488226243,0.08137385922395435,230.75512668230746,408.99645159228305,230.75512668230746
floor_both__stop_random,ADE_vs_floor,hard,eu-locality-119,1895,70.83516153664661,70.83510638183645,-7.78636653153697e-05,177.35436104322963,275.16663244604706,177.35436104322963
floor_both__stop_random,ADE_vs_floor,hard,eu-locality-124,1362,98.53575227941441,98.55731402109613,0.021877363335109923,277.2026017292944,456.2515668720877,277.2026017292944
floor_both__stop_random,ADE_vs_floor,complete,eu-locality-007,2882,13.63954775396467,13.704383125145249,0.47309952289363855,47.6301953356149,79.58424742220402,47.83773492869996
floor_both__stop_random,ADE_vs_floor,complete,eu-locality-008,97352,16.31851062407521,16.35039221502977,0.19498976254070932,58.94996675292322,120.3012545117399,58.96240703597935
floor_both__stop_random,ADE_vs_floor,complete,eu-locality-020,364,6.791571786413532,6.904363427901251,1.633628395514597,22.682718227503177,49.70629992513765,22.682718227503177
floor_both__stop_random,ADE_vs_floor,complete,eu-locality-048,4716,26.526332245432904,26.54036758823038,0.05288300077539443,91.38499461110202,161.22338275660073,91.38499461110202
floor_both__stop_random,ADE_vs_floor,complete,eu-locality-067,3417,30.061899053413665,30.08634235640339,0.0812438504493751,92.49833101194194,166.3766421726747,92.49833101194194
floor_both__stop_random,ADE_vs_floor,complete,eu-locality-110,5804,28.199972511892437,28.234393611986015,0.12191195095815344,118.18033866701663,272.8161773812056,118.307140243085
floor_both__stop_random,ADE_vs_floor,complete,eu-locality-119,3148,28.455043241561565,28.465399193885855,0.03638084347158399,112.70775480291367,205.2067029563877,112.70775480291367
floor_both__stop_random,ADE_vs_floor,complete,eu-locality-124,2077,38.27626266565883,38.32154681873666,0.1181689071477865,175.54008186626947,316.4037738037055,175.54008186626947
floor_both__stop_random,ADE_vs_original,all,eu-locality-007,5526,13.575855955922089,13.575855955922089,0.0,45.89358032936613,80.71712323070768,45.89358032936613
floor_both__stop_random,ADE_vs_original,all,eu-locality-008,157961,17.987760286035144,17.98776192754669,9.125713096302945e-06,63.855680257712145,131.32488108264758,63.855680257712145
floor_both__stop_random,ADE_vs_original,all,eu-locality-020,1225,6.451271115269764,6.451271115269764,0.0,20.950455289077674,42.958840384020256,20.950455289077674
floor_both__stop_random,ADE_vs_original,all,eu-locality-048,8058,26.551726156801994,26.551726156801994,0.0,89.55098636922551,160.11545465691114,89.55098636922551
floor_both__stop_random,ADE_vs_original,all,eu-locality-067,6903,28.880839338782394,28.880839338782394,0.0,93.15038154789627,168.56927310186109,93.15038154789627
floor_both__stop_random,ADE_vs_original,all,eu-locality-110,8550,30.309015310240287,30.309015310240287,0.0,121.68449105426859,270.73137899676516,121.68449105426859
floor_both__stop_random,ADE_vs_original,all,eu-locality-119,5639,28.845344418514365,28.845344418514365,0.0,114.45336587739244,201.6878989025234,114.45336587739244
floor_both__stop_random,ADE_vs_original,all,eu-locality-124,3550,42.333263522647485,42.333263522647485,0.0,184.84746443874639,344.5055271166482,184.84746443874639
floor_both__stop_random,ADE_vs_original,easy,eu-locality-007,2133,1.789108508469018,1.789108508469018,0.0,4.226908462018055,4.729903821914545,4.226908462018055
floor_both__stop_random,ADE_vs_original,easy,eu-locality-008,52276,2.172781307140284,2.172784987846882,0.00016940040633572906,4.237231589231824,4.6321750419853895,4.237231589231824
floor_both__stop_random,ADE_vs_original,easy,eu-locality-020,695,1.6264981251586532,1.6264981251586532,0.0,4.2930456589077775,4.6911016198562985,4.2930456589077775
floor_both__stop_random,ADE_vs_original,easy,eu-locality-048,2050,2.154528290493703,2.154528290493703,0.0,4.28679715747378,4.701565882548871,4.28679715747378
floor_both__stop_random,ADE_vs_original,easy,eu-locality-067,1508,2.040992005398212,2.040992005398212,0.0,4.304575216906681,4.624703372571766,4.304575216906681
floor_both__stop_random,ADE_vs_original,easy,eu-locality-110,2579,2.177296505727919,2.177296505727919,0.0,4.193743509056073,4.545078441077308,4.193743509056073
floor_both__stop_random,ADE_vs_original,easy,eu-locality-119,1658,2.2054699661601456,2.2054699661601456,0.0,4.2039199145607,4.653243010692641,4.2039199145607
floor_both__stop_random,ADE_vs_original,easy,eu-locality-124,1006,2.404053105180604,2.404053105180604,0.0,4.309958639134824,4.7184091336050855,4.309958639134824
floor_both__stop_random,ADE_vs_original,hard,eu-locality-007,1023,41.12543051330047,41.12543051330047,0.0,81.67666598213943,114.47062363973248,81.67666598213943
floor_both__stop_random,ADE_vs_original,hard,eu-locality-008,36762,52.50743826991565,52.50745154949026,2.5290838190361598e-05,124.3548686676523,215.62617092739976,124.3548686676523
floor_both__stop_random,ADE_vs_original,hard,eu-locality-020,47,37.64541412593011,37.64541412593011,0.0,59.47714101421315,69.16719818649797,59.47714101421315
floor_both__stop_random,ADE_vs_original,hard,eu-locality-048,2992,57.372171450398724,57.372171450398724,0.0,127.11608694673164,211.57685641932093,127.11608694673164
floor_both__stop_random,ADE_vs_original,hard,eu-locality-067,2806,57.950776081690634,57.950776081690634,0.0,132.24005022202874,207.56503644827586,132.24005022202874
floor_both__stop_random,ADE_vs_original,hard,eu-locality-110,2743,79.31453102492753,79.31453102492753,0.0,230.75512668230746,408.99645159228305,230.75512668230746
floor_both__stop_random,ADE_vs_original,hard,eu-locality-119,1895,70.83516153664661,70.83516153664661,0.0,177.35436104322963,275.16663244604706,177.35436104322963
floor_both__stop_random,ADE_vs_original,hard,eu-locality-124,1362,98.53575227941441,98.53575227941441,0.0,277.2026017292944,456.2515668720877,277.2026017292944
floor_both__stop_random,FDE_vs_floor,endpoint,eu-locality-007,3935,29.887872707445307,30.048944515842827,0.5360315012482242,102.52328340609101,180.22954667261536,102.52328340609101
floor_both__stop_random,FDE_vs_floor,endpoint,eu-locality-008,121088,35.79481030317725,35.87346697693251,0.21926142183535946,136.94747770195588,282.23893370979596,136.95807869338222
floor_both__stop_random,FDE_vs_floor,endpoint,eu-locality-020,622,14.435358925451986,14.662738031078371,1.5507274640278235,54.18434016797015,99.18086841907973,54.18434016797015
floor_both__stop_random,FDE_vs_floor,endpoint,eu-locality-048,5582,58.785291661178405,58.81885940835995,0.05706970097548725,216.2196458274127,356.3667109960735,216.2196458274127
floor_both__stop_random,FDE_vs_floor,endpoint,eu-locality-067,4600,64.15937171866348,64.25140838386963,0.1432445879727351,207.16877909819794,394.0447029702928,207.16877909819794
floor_both__stop_random,FDE_vs_floor,endpoint,eu-locality-110,7204,57.6640602900174,57.74000757247072,0.1315332048718365,251.61890320290925,587.6090239057078,251.77304034955634
floor_both__stop_random,FDE_vs_floor,endpoint,eu-locality-119,4147,65.39213144263839,65.42156304582257,0.044987618476133306,270.5290560144782,484.5542592170748,270.5290560144782
floor_both__stop_random,FDE_vs_floor,endpoint,eu-locality-124,2645,83.45123791175473,83.57549258367453,0.1486735741286771,380.9415092093398,749.8979417287693,380.9415092093398
floor_both__stop_random,ADE_vs_CV,easy,eu-locality-007,2133,1.789108508469018,1.8525004364762494,3.42196561787661,4.226908462018055,4.729903821914545,4.355450553983238
floor_both__stop_random,ADE_vs_CV,easy,eu-locality-008,52276,2.172781307140284,2.3343046202023725,6.919547331748211,4.237231589231824,4.6321750419853895,4.477191635123733
floor_both__stop_random,ADE_vs_CV,easy,eu-locality-020,695,1.6264981251586532,1.6834998531827923,3.385906325823118,4.2930456589077775,4.6911016198562985,4.294862621440125
floor_both__stop_random,ADE_vs_CV,easy,eu-locality-048,2050,2.154528290493703,2.2919612794697164,5.99630500772731,4.28679715747378,4.701565882548871,4.484449431559784
floor_both__stop_random,ADE_vs_CV,easy,eu-locality-067,1508,2.040992005398212,2.126958008841005,4.041734866671709,4.304575216906681,4.624703372571766,4.431771346846858
floor_both__stop_random,ADE_vs_CV,easy,eu-locality-110,2579,2.177296505727919,2.356118809479549,7.589698067523621,4.193743509056073,4.545078441077308,4.476255197977273
floor_both__stop_random,ADE_vs_CV,easy,eu-locality-119,1658,2.2054699661601456,2.3455260977767742,5.971203294194083,4.2039199145607,4.653243010692641,4.423775218674889
floor_both__stop_random,ADE_vs_CV,easy,eu-locality-124,1006,2.404053105180604,2.5758364727079335,6.66903234531564,4.309958639134824,4.7184091336050855,4.529853536161329
floor_both__support,ADE_vs_floor,all,eu-locality-007,5526,13.573946937475348,13.629076271288495,0.40449794773901315,45.89358032936613,80.71712323070768,46.020972312041664
floor_both__support,ADE_vs_floor,all,eu-locality-008,157961,17.988579231099887,18.01315405032935,0.13642707524068598,63.855680257712145,131.32488108264758,63.87058491799408
floor_both__support,ADE_vs_floor,all,eu-locality-020,1225,6.455686866220988,6.504686951425043,0.7533042799749201,20.950455289077674,42.958840384020256,20.950455289077674
floor_both__support,ADE_vs_floor,all,eu-locality-048,8058,26.55192136009754,26.562025009549206,0.03803794871826138,89.55098636922551,160.11545465691114,89.55098636922551
floor_both__support,ADE_vs_floor,all,eu-locality-067,6903,28.884928204876648,28.911635854909164,0.09237682076015385,93.15038154789627,168.56927310186109,93.15038154789627
floor_both__support,ADE_vs_floor,all,eu-locality-110,8550,30.323909933613944,30.350155339494975,0.08647535931020078,121.68449105426859,270.73137899676516,121.9052045177577
floor_both__support,ADE_vs_floor,all,eu-locality-119,5639,28.845743733029128,28.854710298231737,0.031074875158798587,114.45336587739244,201.6878989025234,114.45336587739244
floor_both__support,ADE_vs_floor,all,eu-locality-124,3550,42.337269531219135,42.371232813148524,0.08015646388945807,184.84746443874639,344.5055271166482,184.84746443874639
floor_both__support,ADE_vs_floor,easy,eu-locality-007,2133,1.7886452877248216,1.812643710198616,1.3239459215713567,4.226908462018055,4.729903821914545,4.2311151932019575
floor_both__support,ADE_vs_floor,easy,eu-locality-008,52276,2.1741012314264774,2.2199815226208206,2.0666969849451156,4.237560788006768,4.632340338917156,4.2501952420739695
floor_both__support,ADE_vs_floor,easy,eu-locality-020,695,1.6283701599923779,1.6710333648543638,2.5531031132765114,4.2930456589077775,4.6911016198562985,4.2930456589077775
floor_both__support,ADE_vs_floor,easy,eu-locality-048,2050,2.1551095189597356,2.185316691065704,1.382278926869751,4.28679715747378,4.701565882548871,4.292759069005489
floor_both__support,ADE_vs_floor,easy,eu-locality-067,1508,2.041870591870825,2.0627625869236583,1.0128162681092068,4.304575216906681,4.624703372571766,4.320390089274507
floor_both__support,ADE_vs_floor,easy,eu-locality-110,2579,2.17763791246536,2.214188912316456,1.6507624822697298,4.193743509056073,4.545078441077308,4.203897765463916
floor_both__support,ADE_vs_floor,easy,eu-locality-119,1658,2.2060127113794827,2.2336256287595,1.2362374887036398,4.206477004282438,4.653243010692641,4.225704184126738
floor_both__support,ADE_vs_floor,easy,eu-locality-124,1006,2.405111555152762,2.446429194793944,1.6888957885683564,4.309958639134824,4.7184091336050855,4.3295911457613965
floor_both__support,ADE_vs_floor,hard,eu-locality-007,1023,41.12096074794331,41.24804543394273,0.3080986860406365,81.67666598213943,114.47062363973248,81.24718975645555
floor_both__support,ADE_vs_floor,hard,eu-locality-008,36762,52.50814000433845,52.514178761922025,0.011499289765060094,124.3548686676523,215.62617092739976,124.45172929758508
floor_both__support,ADE_vs_floor,hard,eu-locality-020,47,37.64541412593011,37.64541412593011,0.0,59.47714101421315,69.16719818649797,59.47714101421315
floor_both__support,ADE_vs_floor,hard,eu-locality-048,2992,57.372185257062206,57.37212367197517,-0.00010734322366534599,127.11608694673164,211.57685641932093,127.11608694673164
floor_both__support,ADE_vs_floor,hard,eu-locality-067,2806,57.9583039632685,57.99443573685852,0.062302138353353964,132.24005022202874,207.56503644827586,132.24005022202874
floor_both__support,ADE_vs_floor,hard,eu-locality-110,2743,79.35906375663498,79.37912488226243,0.025272545719301487,230.75512668230746,408.99645159228305,230.75512668230746
floor_both__support,ADE_vs_floor,hard,eu-locality-119,1895,70.83487513333883,70.83510638183645,0.00032646029551886,177.35436104322963,275.16663244604706,177.35436104322963
floor_both__support,ADE_vs_floor,hard,eu-locality-124,1362,98.53999869373528,98.55731402109613,0.01756878982835941,277.2026017292944,456.2515668720877,277.2026017292944
floor_both__support,ADE_vs_floor,complete,eu-locality-007,2882,13.638797959312498,13.704383125145249,0.47857072612347284,47.6301953356149,79.58424742220402,47.83773492869996
floor_both__support,ADE_vs_floor,complete,eu-locality-008,97352,16.319528364338826,16.35039221502977,0.18876520076731573,58.94996675292322,120.3012545117399,58.96240703597935
floor_both__support,ADE_vs_floor,complete,eu-locality-020,364,6.793712082891491,6.904363427901251,1.602629209270856,22.682718227503177,49.70629992513765,22.682718227503177
floor_both__support,ADE_vs_floor,complete,eu-locality-048,4716,26.526520225190794,26.54036758823038,0.052174722123021766,91.38499461110202,161.22338275660073,91.38499461110202
floor_both__support,ADE_vs_floor,complete,eu-locality-067,3417,30.062141094604698,30.08634235640339,0.08043936186061806,92.49833101194194,166.3766421726747,92.49833101194194
floor_both__support,ADE_vs_floor,complete,eu-locality-110,5804,28.20074866651791,28.234393611986015,0.11916298232033107,118.18033866701663,272.8161773812056,118.307140243085
floor_both__support,ADE_vs_floor,complete,eu-locality-119,3148,28.455042414977576,28.465399193885855,0.036383747291701685,112.70775480291367,205.2067029563877,112.70775480291367
floor_both__support,ADE_vs_floor,complete,eu-locality-124,2077,38.28290660644684,38.32154681873666,0.10083155691127388,175.54008186626947,316.4037738037055,175.54008186626947
floor_both__support,ADE_vs_original,all,eu-locality-007,5526,13.573946937475348,13.575855955922089,0.014061864334291574,45.89358032936613,80.71712323070768,45.89358032936613
floor_both__support,ADE_vs_original,all,eu-locality-008,157961,17.988579231099887,17.98776192754669,-0.004543664500844535,63.855680257712145,131.32488108264758,63.855680257712145
floor_both__support,ADE_vs_original,all,eu-locality-020,1225,6.455686866220988,6.451271115269764,-0.06844776591039547,20.950455289077674,42.958840384020256,20.950455289077674
floor_both__support,ADE_vs_original,all,eu-locality-048,8058,26.55192136009754,26.551726156801994,-0.0007351811870615066,89.55098636922551,160.11545465691114,89.55098636922551
floor_both__support,ADE_vs_original,all,eu-locality-067,6903,28.884928204876648,28.880839338782394,-0.014157712129803102,93.15038154789627,168.56927310186109,93.15038154789627
floor_both__support,ADE_vs_original,all,eu-locality-110,8550,30.323909933613944,30.309015310240287,-0.04914255122179245,121.68449105426859,270.73137899676516,121.68449105426859
floor_both__support,ADE_vs_original,all,eu-locality-119,5639,28.845743733029128,28.845344418514365,-0.0013843291623460985,114.45336587739244,201.6878989025234,114.45336587739244
floor_both__support,ADE_vs_original,all,eu-locality-124,3550,42.337269531219135,42.333263522647485,-0.009463027979195182,184.84746443874639,344.5055271166482,184.84746443874639
floor_both__support,ADE_vs_original,easy,eu-locality-007,2133,1.7886452877248216,1.789108508469018,0.025891148692414045,4.226908462018055,4.729903821914545,4.226908462018055
floor_both__support,ADE_vs_original,easy,eu-locality-008,52276,2.1741012314264774,2.172784987846882,-0.0605786392559482,4.237560788006768,4.632340338917156,4.237231589231824
floor_both__support,ADE_vs_original,easy,eu-locality-020,695,1.6283701599923779,1.6264981251586532,-0.11509603391286483,4.2930456589077775,4.6911016198562985,4.2930456589077775
floor_both__support,ADE_vs_original,easy,eu-locality-048,2050,2.1551095189597356,2.154528290493703,-0.0269770635455302,4.28679715747378,4.701565882548871,4.28679715747378
floor_both__support,ADE_vs_original,easy,eu-locality-067,1508,2.041870591870825,2.040992005398212,-0.04304703155570966,4.304575216906681,4.624703372571766,4.304575216906681
floor_both__support,ADE_vs_original,easy,eu-locality-110,2579,2.17763791246536,2.177296505727919,-0.01568030521073016,4.193743509056073,4.545078441077308,4.193743509056073
floor_both__support,ADE_vs_original,easy,eu-locality-119,1658,2.2060127113794827,2.2054699661601456,-0.024609050572665936,4.206477004282438,4.653243010692641,4.2039199145607
floor_both__support,ADE_vs_original,easy,eu-locality-124,1006,2.405111555152762,2.404053105180604,-0.0440277284173618,4.309958639134824,4.7184091336050855,4.309958639134824
floor_both__support,ADE_vs_original,hard,eu-locality-007,1023,41.12096074794331,41.12543051330047,0.010868616574644108,81.67666598213943,114.47062363973248,81.67666598213943
floor_both__support,ADE_vs_original,hard,eu-locality-008,36762,52.50814000433845,52.50745154949026,-0.0013111564699297418,124.3548686676523,215.62617092739976,124.3548686676523
floor_both__support,ADE_vs_original,hard,eu-locality-020,47,37.64541412593011,37.64541412593011,0.0,59.47714101421315,69.16719818649797,59.47714101421315
floor_both__support,ADE_vs_original,hard,eu-locality-048,2992,57.372185257062206,57.372171450398724,-2.4065087878000213e-05,127.11608694673164,211.57685641932093,127.11608694673164
floor_both__support,ADE_vs_original,hard,eu-locality-067,2806,57.9583039632685,57.950776081690634,-0.01299013074000932,132.24005022202874,207.56503644827586,132.24005022202874
floor_both__support,ADE_vs_original,hard,eu-locality-110,2743,79.35906375663498,79.31453102492753,-0.056147002487416664,230.75512668230746,408.99645159228305,230.75512668230746
floor_both__support,ADE_vs_original,hard,eu-locality-119,1895,70.83487513333883,70.83516153664661,0.00040432364600828663,177.35436104322963,275.16663244604706,177.35436104322963
floor_both__support,ADE_vs_original,hard,eu-locality-124,1362,98.53999869373528,98.53575227941441,-0.004309516315292861,277.2026017292944,456.2515668720877,277.2026017292944
floor_both__support,FDE_vs_floor,endpoint,eu-locality-007,3935,29.883169075321923,30.048944515842827,0.5516847369913425,102.52328340609101,180.22954667261536,102.52328340609101
floor_both__support,FDE_vs_floor,endpoint,eu-locality-008,121088,35.79736572498501,35.87346697693251,0.21213799044411674,136.94747770195588,282.23893370979596,136.95807869338222
floor_both__support,FDE_vs_floor,endpoint,eu-locality-020,622,14.453020521216708,14.662738031078371,1.430275228386113,54.18434016797015,99.18086841907973,54.18434016797015
floor_both__support,FDE_vs_floor,endpoint,eu-locality-048,5582,58.78601082163117,58.81885940835995,0.05584703113795664,216.2196458274127,356.3667109960735,216.2196458274127
floor_both__support,FDE_vs_floor,endpoint,eu-locality-067,4600,64.17028669274518,64.25140838386963,0.1262566738456372,207.16877909819794,394.0447029702928,207.16877909819794
floor_both__support,FDE_vs_floor,endpoint,eu-locality-110,7204,57.66581721876236,57.74000757247072,0.12849037751724302,251.61890320290925,587.6090239057078,251.77304034955634
floor_both__support,FDE_vs_floor,endpoint,eu-locality-119,4147,65.39342210232488,65.42156304582257,0.04301478318086138,270.5290560144782,484.5542592170748,270.5290560144782
floor_both__support,FDE_vs_floor,endpoint,eu-locality-124,2645,83.46468215541316,83.57549258367453,0.13258722723104022,380.9415092093398,749.8979417287693,380.9415092093398
floor_both__support,ADE_vs_CV,easy,eu-locality-007,2133,1.7886452877248216,1.8525004364762494,3.4469707803627014,4.226908462018055,4.729903821914545,4.355450553983238
floor_both__support,ADE_vs_CV,easy,eu-locality-008,52276,2.1741012314264774,2.3343046202023725,6.863002685656605,4.237560788006768,4.632340338917156,4.477191635123733
floor_both__support,ADE_vs_CV,easy,eu-locality-020,695,1.6283701599923779,1.6834998531827923,3.274707335803284,4.2930456589077775,4.6911016198562985,4.294862621440125
floor_both__support,ADE_vs_CV,easy,eu-locality-048,2050,2.1551095189597356,2.2919612794697164,5.970945571194108,4.28679715747378,4.701565882548871,4.484449431559784
floor_both__support,ADE_vs_CV,easy,eu-locality-067,1508,2.041870591870825,2.126958008841005,4.000427681999453,4.304575216906681,4.624703372571766,4.431771346846858
floor_both__support,ADE_vs_CV,easy,eu-locality-110,2579,2.17763791246536,2.356118809479549,7.575207850134447,4.193743509056073,4.545078441077308,4.476255197977273
floor_both__support,ADE_vs_CV,easy,eu-locality-119,1658,2.2060127113794827,2.3455260977767742,5.948063700059891,4.206477004282438,4.653243010692641,4.423775218674889
floor_both__support,ADE_vs_CV,easy,eu-locality-124,1006,2.405111555152762,2.5758364727079335,6.627940840347335,4.309958639134824,4.7184091336050855,4.529853536161329
floor_both__support,matched_risk,all,eu-locality-007,5526,13.573946937475348,13.576032842022489,0.015364610349821728,45.89358032936613,80.71712323070768,45.980618780176684
floor_both__support,matched_risk,all,eu-locality-008,157961,17.988579231099887,17.98952563731198,0.0052608736393344735,63.855680257712145,131.32488108264758,63.855680257712145
floor_both__support,matched_risk,all,eu-locality-020,1225,6.455686866220988,6.455686866220988,0.0,20.950455289077674,42.958840384020256,20.950455289077674
floor_both__support,matched_risk,all,eu-locality-048,8058,26.55192136009754,26.552181164750888,0.0009784682159841296,89.55098636922551,160.11545465691114,89.55098636922551
floor_both__support,matched_risk,all,eu-locality-067,6903,28.884928204876648,28.88506082304544,0.00045912373044521004,93.15038154789627,168.56927310186109,93.15038154789627
floor_both__support,matched_risk,all,eu-locality-110,8550,30.323909933613944,30.32461563715735,0.0023271640170130503,121.68449105426859,270.73137899676516,121.68449105426859
floor_both__support,matched_risk,all,eu-locality-119,5639,28.845743733029128,28.845691393669536,-0.00018144602214054117,114.45336587739244,201.6878989025234,114.45336587739244
floor_both__support,matched_risk,all,eu-locality-124,3550,42.337269531219135,42.33768097575927,0.0009718164307837007,184.84746443874639,344.5055271166482,184.84746443874639
floor_both__support,matched_risk,easy,eu-locality-007,2133,1.7886452877248216,1.7907086734594542,0.1152273267681414,4.226908462018055,4.729903821914545,4.226908462018055
floor_both__support,matched_risk,easy,eu-locality-008,52276,2.1741012314264774,2.1761534106590763,0.09430305889956969,4.237560788006768,4.632340338917156,4.238705852934047
floor_both__support,matched_risk,easy,eu-locality-020,695,1.6283701599923779,1.6283701599923779,0.0,4.2930456589077775,4.6911016198562985,4.2930456589077775
floor_both__support,matched_risk,easy,eu-locality-048,2050,2.1551095189597356,2.155647800778916,0.024970768368848262,4.28679715747378,4.701565882548871,4.28679715747378
floor_both__support,matched_risk,easy,eu-locality-067,1508,2.041870591870825,2.0422017804938486,0.016217233095516814,4.304575216906681,4.624703372571766,4.304575216906681
floor_both__support,matched_risk,easy,eu-locality-110,2579,2.17763791246536,2.179733623701697,0.09614529103689762,4.193743509056073,4.545078441077308,4.195000446068202
floor_both__support,matched_risk,easy,eu-locality-119,1658,2.2060127113794827,2.2060985751030096,0.0038921072927466938,4.206477004282438,4.653243010692641,4.206477004282438
floor_both__support,matched_risk,easy,eu-locality-124,1006,2.405111555152762,2.4065247474914684,0.058723366139457056,4.309958639134824,4.7184091336050855,4.309958639134824
floor_both__support,matched_risk,hard,eu-locality-007,1023,41.12096074794331,41.121923899754606,0.0023421856760519333,81.67666598213943,114.47062363973248,81.67666598213943
floor_both__support,matched_risk,hard,eu-locality-008,36762,52.50814000433845,52.50734656240319,-0.0015111065159612025,124.3548686676523,215.62617092739976,124.3548686676523
floor_both__support,matched_risk,hard,eu-locality-020,47,37.64541412593011,37.64541412593011,0.0,59.47714101421315,69.16719818649797,59.47714101421315
floor_both__support,matched_risk,hard,eu-locality-048,2992,57.372185257062206,57.372185257062206,0.0,127.11608694673164,211.57685641932093,127.11608694673164
floor_both__support,matched_risk,hard,eu-locality-067,2806,57.9583039632685,57.95830872093623,8.208775992279982e-06,132.24005022202874,207.56503644827586,132.24005022202874
floor_both__support,matched_risk,hard,eu-locality-110,2743,79.35906375663498,79.35913587584957,9.087701597909614e-05,230.75512668230746,408.99645159228305,230.75512668230746
floor_both__support,matched_risk,hard,eu-locality-119,1895,70.83487513333883,70.83464426067268,-0.0003259318495318908,177.35436104322963,275.16663244604706,177.35436104322963
floor_both__support,matched_risk,hard,eu-locality-124,1362,98.53999869373528,98.53999869373528,0.0,277.2026017292944,456.2515668720877,277.2026017292944
floor_both__support,matched_risk,complete,eu-locality-007,2882,13.638797959312498,13.642292048377469,0.025612184906909086,47.6301953356149,79.58424742220402,47.6301953356149
floor_both__support,matched_risk,complete,eu-locality-008,97352,16.319528364338826,16.320678443127306,0.0070467584573075115,58.94996675292322,120.3012545117399,58.94996675292322
floor_both__support,matched_risk,complete,eu-locality-020,364,6.793712082891491,6.793712082891491,0.0,22.682718227503177,49.70629992513765,22.682718227503177
floor_both__support,matched_risk,complete,eu-locality-048,4716,26.526520225190794,26.5269590955212,0.0016544313610422634,91.38499461110202,161.22338275660073,91.38499461110202
floor_both__support,matched_risk,complete,eu-locality-067,3417,30.062141094604698,30.062292271684818,0.0005028794170303108,92.49833101194194,166.3766421726747,92.49833101194194
floor_both__support,matched_risk,complete,eu-locality-110,5804,28.20074866651791,28.201567689483976,0.002904175310691759,118.18033866701663,272.8161773812056,118.18033866701663
floor_both__support,matched_risk,complete,eu-locality-119,3148,28.455042414977576,28.454948659688906,-0.00032948676096378193,112.70775480291367,205.2067029563877,112.70775480291367
floor_both__support,matched_risk,complete,eu-locality-124,2077,38.28290660644684,38.28351610047182,0.0015920534137459086,175.54008186626947,316.4037738037055,175.54008186626947
floor_both__support,matched_random,all,eu-locality-007,5526,13.573946937475348,13.57452576558813,0.004264076128890348,45.89358032936613,80.71712323070768,45.980618780176684
floor_both__support,matched_random,all,eu-locality-008,157961,17.988579231099887,17.98902617541708,0.0024845387006200426,63.855680257712145,131.32488108264758,63.855680257712145
floor_both__support,matched_random,all,eu-locality-020,1225,6.455686866220988,6.455686866220988,0.0,20.950455289077674,42.958840384020256,20.950455289077674
floor_both__support,matched_random,all,eu-locality-048,8058,26.55192136009754,26.552041828644665,0.0004537072813448617,89.55098636922551,160.11545465691114,89.55098636922551
floor_both__support,matched_random,all,eu-locality-067,6903,28.884928204876648,28.88494183321679,4.718146991988803e-05,93.15038154789627,168.56927310186109,93.15038154789627
floor_both__support,matched_random,all,eu-locality-110,8550,30.323909933613944,30.324507895720394,0.0019718773623833563,121.68449105426859,270.73137899676516,121.68449105426859
floor_both__support,matched_random,all,eu-locality-119,5639,28.845743733029128,28.845892262709427,0.0005149075610000331,114.45336587739244,201.6878989025234,114.45336587739244
floor_both__support,matched_random,all,eu-locality-124,3550,42.337269531219135,42.337684505171175,0.0009801526864028354,184.84746443874639,344.5055271166482,184.84746443874639
floor_both__support,matched_random,easy,eu-locality-007,2133,1.7886452877248216,1.789605906550902,0.053677674093721706,4.226908462018055,4.729903821914545,4.226908462018055
floor_both__support,matched_random,easy,eu-locality-008,52276,2.1741012314264774,2.1751103265414407,0.04639282443055226,4.237560788006768,4.632340338917156,4.238232068144383
floor_both__support,matched_random,easy,eu-locality-020,695,1.6283701599923779,1.6283701599923779,0.0,4.2930456589077775,4.6911016198562985,4.2930456589077775
floor_both__support,matched_random,easy,eu-locality-048,2050,2.1551095189597356,2.1556312445478536,0.02420291454939827,4.28679715747378,4.701565882548871,4.28679715747378
floor_both__support,matched_random,easy,eu-locality-067,1508,2.041870591870825,2.041872267111018,8.20443188276343e-05,4.304575216906681,4.624703372571766,4.304575216906681
floor_both__support,matched_random,easy,eu-locality-110,2579,2.17763791246536,2.179503070508227,0.0855772156554857,4.193743509056073,4.545078441077308,4.195000446068202
floor_both__support,matched_random,easy,eu-locality-119,1658,2.2060127113794827,2.206517873543072,0.02289408890117084,4.206477004282438,4.653243010692641,4.206477004282438
floor_both__support,matched_random,easy,eu-locality-124,1006,2.405111555152762,2.406595643952097,0.06166755944498892,4.309958639134824,4.7184091336050855,4.309958639134824
floor_both__support,matched_random,hard,eu-locality-007,1023,41.12096074794331,41.12162749714573,0.0016214076217435647,81.67666598213943,114.47062363973248,81.67666598213943
floor_both__support,matched_random,hard,eu-locality-008,36762,52.50814000433845,52.50817801224971,7.238474595272493e-05,124.3548686676523,215.62617092739976,124.3548686676523
floor_both__support,matched_random,hard,eu-locality-020,47,37.64541412593011,37.64541412593011,0.0,59.47714101421315,69.16719818649797,59.47714101421315
floor_both__support,matched_random,hard,eu-locality-048,2992,57.372185257062206,57.372185257062206,0.0,127.11608694673164,211.57685641932093,127.11608694673164
floor_both__support,matched_random,hard,eu-locality-067,2806,57.9583039632685,57.958193082801564,-0.00019131111761439001,132.24005022202874,207.56503644827586,132.24005022202874
floor_both__support,matched_random,hard,eu-locality-110,2743,79.35906375663498,79.35906375663498,0.0,230.75512668230746,408.99645159228305,230.75512668230746
floor_both__support,matched_random,hard,eu-locality-119,1895,70.83487513333883,70.83487513333883,0.0,177.35436104322963,275.16663244604706,177.35436104322963
floor_both__support,matched_random,hard,eu-locality-124,1362,98.53999869373528,98.53997180655615,-2.7285555947997864e-05,277.2026017292944,456.2515668720877,277.2026017292944
floor_both__support,matched_random,complete,eu-locality-007,2882,13.638797959312498,13.639587812127811,0.005790884784728778,47.6301953356149,79.58424742220402,47.6301953356149
floor_both__support,matched_random,complete,eu-locality-008,97352,16.319528364338826,16.320102669681148,0.0035190056946743375,58.94996675292322,120.3012545117399,58.94996675292322
floor_both__support,matched_random,complete,eu-locality-020,364,6.793712082891491,6.793712082891491,0.0,22.682718227503177,49.70629992513765,22.682718227503177
floor_both__support,matched_random,complete,eu-locality-048,4716,26.526520225190794,26.52675201609113,0.0008738005323638554,91.38499461110202,161.22338275660073,91.38499461110202
floor_both__support,matched_random,complete,eu-locality-067,3417,30.062141094604698,30.062052037737057,-0.00029624347508416804,92.49833101194194,166.3766421726747,92.49833101194194
floor_both__support,matched_random,complete,eu-locality-110,5804,28.20074866651791,28.20149202159867,0.0026358714645069448,118.18033866701663,272.8161773812056,118.18033866701663
floor_both__support,matched_random,complete,eu-locality-119,3148,28.455042414977576,28.45517992749802,0.00048326006298893276,112.70775480291367,205.2067029563877,112.70775480291367
floor_both__support,matched_random,complete,eu-locality-124,2077,38.28290660644684,38.28344071319272,0.0013951377826115774,175.54008186626947,316.4037738037055,175.54008186626947
floor_both__support_risk,ADE_vs_floor,all,eu-locality-007,5526,13.576032842022489,13.629076271288495,0.3891931353979583,45.980618780176684,80.71712323070768,46.020972312041664
floor_both__support_risk,ADE_vs_floor,all,eu-locality-008,157961,17.98952563731198,18.01315405032935,0.1311731024525309,63.855680257712145,131.32488108264758,63.87058491799408
floor_both__support_risk,ADE_vs_floor,all,eu-locality-020,1225,6.455686866220988,6.504686951425043,0.7533042799749201,20.950455289077674,42.958840384020256,20.950455289077674
floor_both__support_risk,ADE_vs_floor,all,eu-locality-048,8058,26.552181164750888,26.562025009549206,0.037059843121067804,89.55098636922551,160.11545465691114,89.55098636922551
floor_both__support_risk,ADE_vs_floor,all,eu-locality-067,6903,28.88506082304544,28.911635854909164,0.09191811904760705,93.15038154789627,168.56927310186109,93.15038154789627
floor_both__support_risk,ADE_vs_floor,all,eu-locality-110,8550,30.32461563715735,30.350155339494975,0.084150153605278,121.68449105426859,270.73137899676516,121.9052045177577
floor_both__support_risk,ADE_vs_floor,all,eu-locality-119,5639,28.845691393669536,28.854710298231737,0.031256264467682815,114.45336587739244,201.6878989025234,114.45336587739244
floor_both__support_risk,ADE_vs_floor,all,eu-locality-124,3550,42.33768097575927,42.371232813148524,0.07918541699556414,184.84746443874639,344.5055271166482,184.84746443874639
floor_both__support_risk,ADE_vs_floor,easy,eu-locality-007,2133,1.7907086734594542,1.812643710198616,1.210112975635913,4.226908462018055,4.729903821914545,4.2311151932019575
floor_both__support_risk,ADE_vs_floor,easy,eu-locality-008,52276,2.1761534106590763,2.2199815226208206,1.9742557095701718,4.238705852934047,4.632340338917156,4.2501952420739695
floor_both__support_risk,ADE_vs_floor,easy,eu-locality-020,695,1.6283701599923779,1.6710333648543638,2.5531031132765114,4.2930456589077775,4.6911016198562985,4.2930456589077775
floor_both__support_risk,ADE_vs_floor,easy,eu-locality-048,2050,2.155647800778916,2.185316691065704,1.3576471734318418,4.28679715747378,4.701565882548871,4.292759069005489
floor_both__support_risk,ADE_vs_floor,easy,eu-locality-067,1508,2.0422017804938486,2.0627625869236583,0.9967606820169062,4.304575216906681,4.624703372571766,4.320390089274507
floor_both__support_risk,ADE_vs_floor,easy,eu-locality-110,2579,2.179733623701697,2.214188912316456,1.5561133209140876,4.195000446068202,4.547204862580245,4.203897765463916
floor_both__support_risk,ADE_vs_floor,easy,eu-locality-119,1658,2.2060985751030096,2.2336256287595,1.2323933474822413,4.206477004282438,4.653243010692641,4.225704184126738
floor_both__support_risk,ADE_vs_floor,easy,eu-locality-124,1006,2.4065247474914684,2.446429194793944,1.6311302770336877,4.309958639134824,4.7184091336050855,4.3295911457613965
floor_both__support_risk,ADE_vs_floor,hard,eu-locality-007,1023,41.121923899754606,41.24804543394273,0.3057636619172688,81.67666598213943,114.47062363973248,81.24718975645555
floor_both__support_risk,ADE_vs_floor,hard,eu-locality-008,36762,52.50734656240319,52.514178761922025,0.013010199683038959,124.3548686676523,215.62617092739976,124.45172929758508
floor_both__support_risk,ADE_vs_floor,hard,eu-locality-020,47,37.64541412593011,37.64541412593011,0.0,59.47714101421315,69.16719818649797,59.47714101421315
floor_both__support_risk,ADE_vs_floor,hard,eu-locality-048,2992,57.372185257062206,57.37212367197517,-0.00010734322366534599,127.11608694673164,211.57685641932093,127.11608694673164
floor_both__support_risk,ADE_vs_floor,hard,eu-locality-067,2806,57.95830872093623,57.99443573685852,0.06229393469092681,132.24005022202874,207.56503644827586,132.24005022202874
floor_both__support_risk,ADE_vs_floor,hard,eu-locality-110,2743,79.35913587584957,79.37912488226243,0.025181691587683463,230.75512668230746,408.99645159228305,230.75512668230746
floor_both__support_risk,ADE_vs_floor,hard,eu-locality-119,1895,70.83464426067268,70.83510638183645,0.0006523900187072051,177.35436104322963,275.16663244604706,177.35436104322963
floor_both__support_risk,ADE_vs_floor,hard,eu-locality-124,1362,98.53999869373528,98.55731402109613,0.01756878982835941,277.2026017292944,456.2515668720877,277.2026017292944
floor_both__support_risk,ADE_vs_floor,complete,eu-locality-007,2882,13.642292048377469,13.704383125145249,0.4530745835166661,47.6301953356149,79.58424742220402,47.83773492869996
floor_both__support_risk,ADE_vs_floor,complete,eu-locality-008,97352,16.320678443127306,16.35039221502977,0.18173124847213895,58.94996675292322,120.3012545117399,58.96240703597935
floor_both__support_risk,ADE_vs_floor,complete,eu-locality-020,364,6.793712082891491,6.904363427901251,1.602629209270856,22.682718227503177,49.70629992513765,22.682718227503177
floor_both__support_risk,ADE_vs_floor,complete,eu-locality-048,4716,26.5269590955212,26.54036758823038,0.05052112659934549,91.38499461110202,161.22338275660073,91.38499461110202
floor_both__support_risk,ADE_vs_floor,complete,eu-locality-067,3417,30.062292271684818,30.08634235640339,0.07993688442973212,92.49833101194194,166.3766421726747,92.49833101194194
floor_both__support_risk,ADE_vs_floor,complete,eu-locality-110,5804,28.201567689483976,28.234393611986015,0.11626218346727502,118.18033866701663,272.8161773812056,118.307140243085
floor_both__support_risk,ADE_vs_floor,complete,eu-locality-119,3148,28.454948659688906,28.465399193885855,0.03671311308781622,112.70775480291367,205.2067029563877,112.70775480291367
floor_both__support_risk,ADE_vs_floor,complete,eu-locality-124,2077,38.28351610047182,38.32154681873666,0.09924108346858196,175.54008186626947,316.4037738037055,175.54008186626947
floor_both__support_risk,ADE_vs_original,all,eu-locality-007,5526,13.576032842022489,13.575855955922089,-0.0013029462081481924,45.980618780176684,80.71712323070768,45.89358032936613
floor_both__support_risk,ADE_vs_original,all,eu-locality-008,157961,17.98952563731198,17.98776192754669,-0.009805053971678745,63.855680257712145,131.32488108264758,63.855680257712145
floor_both__support_risk,ADE_vs_original,all,eu-locality-020,1225,6.455686866220988,6.451271115269764,-0.06844776591039547,20.950455289077674,42.958840384020256,20.950455289077674
floor_both__support_risk,ADE_vs_original,all,eu-locality-048,8058,26.552181164750888,26.551726156801994,-0.0017136661707217726,89.55098636922551,160.11545465691114,89.55098636922551
floor_both__support_risk,ADE_vs_original,all,eu-locality-067,6903,28.88506082304544,28.880839338782394,-0.014616902969910583,93.15038154789627,168.56927310186109,93.15038154789627
floor_both__support_risk,ADE_vs_original,all,eu-locality-110,8550,30.32461563715735,30.309015310240287,-0.051470913051376854,121.68449105426859,270.73137899676516,121.68449105426859
floor_both__support_risk,ADE_vs_original,all,eu-locality-119,5639,28.845691393669536,28.845344418514365,-0.0012028809576181132,114.45336587739244,201.6878989025234,114.45336587739244
floor_both__support_risk,ADE_vs_original,all,eu-locality-124,3550,42.33768097575927,42.333263522647485,-0.010434945818493802,184.84746443874639,344.5055271166482,184.84746443874639
floor_both__support_risk,ADE_vs_original,easy,eu-locality-007,2133,1.7907086734594542,1.789108508469018,-0.08943923651705266,4.226908462018055,4.729903821914545,4.226908462018055
floor_both__support_risk,ADE_vs_original,easy,eu-locality-008,52276,2.1761534106590763,2.172784987846882,-0.1550278942018979,4.238705852934047,4.632340338917156,4.237231589231824
floor_both__support_risk,ADE_vs_original,easy,eu-locality-020,695,1.6283701599923779,1.6264981251586532,-0.11509603391286483,4.2930456589077775,4.6911016198562985,4.2930456589077775
floor_both__support_risk,ADE_vs_original,easy,eu-locality-048,2050,2.155647800778916,2.154528290493703,-0.05196080692710936,4.28679715747378,4.701565882548871,4.28679715747378
floor_both__support_risk,ADE_vs_original,easy,eu-locality-067,1508,2.0422017804938486,2.040992005398212,-0.059273877234056194,4.304575216906681,4.624703372571766,4.304575216906681
floor_both__support_risk,ADE_vs_original,easy,eu-locality-110,2579,2.179733623701697,2.177296505727919,-0.11193321476272722,4.195000446068202,4.547204862580245,4.193743509056073
floor_both__support_risk,ADE_vs_original,easy,eu-locality-119,1658,2.2060985751030096,2.2054699661601456,-0.028502267204233434,4.206477004282438,4.653243010692641,4.2039199145607
floor_both__support_risk,ADE_vs_original,easy,eu-locality-124,1006,2.4065247474914684,2.404053105180604,-0.1028114689121562,4.309958639134824,4.7184091336050855,4.309958639134824
floor_both__support_risk,ADE_vs_original,hard,eu-locality-007,1023,41.121923899754606,41.12543051330047,0.008526630608118868,81.67666598213943,114.47062363973248,81.67666598213943
floor_both__support_risk,ADE_vs_original,hard,eu-locality-008,36762,52.50734656240319,52.50745154949026,0.00019994702460390812,124.3548686676523,215.62617092739976,124.3548686676523
floor_both__support_risk,ADE_vs_original,hard,eu-locality-020,47,37.64541412593011,37.64541412593011,0.0,59.47714101421315,69.16719818649797,59.47714101421315
floor_both__support_risk,ADE_vs_original,hard,eu-locality-048,2992,57.372185257062206,57.372171450398724,-2.4065087878000213e-05,127.11608694673164,211.57685641932093,127.11608694673164
floor_both__support_risk,ADE_vs_original,hard,eu-locality-067,2806,57.95830872093623,57.950776081690634,-0.012998340583014745,132.24005022202874,207.56503644827586,132.24005022202874
floor_both__support_risk,ADE_vs_original,hard,eu-locality-110,2743,79.35913587584957,79.31453102492753,-0.056237930610758546,230.75512668230746,408.99645159228305,230.75512668230746
floor_both__support_risk,ADE_vs_original,hard,eu-locality-119,1895,70.83464426067268,70.83516153664661,0.0007302531154218528,177.35436104322963,275.16663244604706,177.35436104322963
floor_both__support_risk,ADE_vs_original,hard,eu-locality-124,1362,98.53999869373528,98.53575227941441,-0.004309516315292861,277.2026017292944,456.2515668720877,277.2026017292944
floor_both__support_risk,FDE_vs_floor,endpoint,eu-locality-007,3935,29.890475530744624,30.048944515842827,0.5273695554086855,102.52328340609101,180.22954667261536,102.52328340609101
floor_both__support_risk,FDE_vs_floor,endpoint,eu-locality-008,121088,35.80007062245077,35.87346697693251,0.2045978843609908,136.94747770195588,282.23893370979596,136.95807869338222
floor_both__support_risk,FDE_vs_floor,endpoint,eu-locality-020,622,14.453020521216708,14.662738031078371,1.430275228386113,54.18434016797015,99.18086841907973,54.18434016797015
floor_both__support_risk,FDE_vs_floor,endpoint,eu-locality-048,5582,58.7867513115278,58.81885940835995,0.05458809836693668,216.2196458274127,356.3667109960735,216.2196458274127
floor_both__support_risk,FDE_vs_floor,endpoint,eu-locality-067,4600,64.17047063855138,64.25140838386963,0.1259703831466119,207.16877909819794,394.0447029702928,207.16877909819794
floor_both__support_risk,FDE_vs_floor,endpoint,eu-locality-110,7204,57.66821493873482,57.74000757247072,0.12433776293809817,251.61890320290925,587.6090239057078,251.77304034955634
floor_both__support_risk,FDE_vs_floor,endpoint,eu-locality-119,4147,65.39332726352603,65.42156304582257,0.04315974883809526,270.5290560144782,484.5542592170748,270.5290560144782
floor_both__support_risk,FDE_vs_floor,endpoint,eu-locality-124,2645,83.46639360520516,83.57549258367453,0.13053943817339375,380.9415092093398,749.8979417287693,380.9415092093398
floor_both__support_risk,ADE_vs_CV,easy,eu-locality-007,2133,1.7907086734594542,1.8525004364762494,3.3355869612820666,4.226908462018055,4.729903821914545,4.355450553983238
floor_both__support_risk,ADE_vs_CV,easy,eu-locality-008,52276,2.1761534106590763,2.3343046202023725,6.775088742684543,4.238705852934047,4.632340338917156,4.477191635123733
floor_both__support_risk,ADE_vs_CV,easy,eu-locality-020,695,1.6283701599923779,1.6834998531827923,3.274707335803284,4.2930456589077775,4.6911016198562985,4.294862621440125
floor_both__support_risk,ADE_vs_CV,easy,eu-locality-048,2050,2.155647800778916,2.2919612794697164,5.947459929268028,4.28679715747378,4.701565882548871,4.484449431559784
floor_both__support_risk,ADE_vs_CV,easy,eu-locality-067,1508,2.0422017804938486,2.126958008841005,3.9848566824006393,4.304575216906681,4.624703372571766,4.431771346846858
floor_both__support_risk,ADE_vs_CV,easy,eu-locality-110,2579,2.179733623701697,2.356118809479549,7.486260245798649,4.195000446068202,4.547204862580245,4.476255197977273
floor_both__support_risk,ADE_vs_CV,easy,eu-locality-119,1658,2.2060985751030096,2.3455260977767742,5.94440295530807,4.206477004282438,4.653243010692641,4.423775218674889
floor_both__support_risk,ADE_vs_CV,easy,eu-locality-124,1006,2.4065247474914684,2.5758364727079335,6.573077406519934,4.309958639134824,4.7184091336050855,4.529853536161329
floor_both__support_random,ADE_vs_floor,all,eu-locality-007,5526,13.57452576558813,13.629076271288495,0.4002509386148545,45.980618780176684,80.71712323070768,46.020972312041664
floor_both__support_random,ADE_vs_floor,all,eu-locality-008,157961,17.98902617541708,18.01315405032935,0.13394586447690315,63.855680257712145,131.32488108264758,63.87058491799408
floor_both__support_random,ADE_vs_floor,all,eu-locality-020,1225,6.455686866220988,6.504686951425043,0.7533042799749201,20.950455289077674,42.958840384020256,20.950455289077674
floor_both__support_random,ADE_vs_floor,all,eu-locality-048,8058,26.552041828644665,26.562025009549206,0.03758441196012319,89.55098636922551,160.11545465691114,89.55098636922551
floor_both__support_random,ADE_vs_floor,all,eu-locality-067,6903,28.88494183321679,28.911635854909164,0.09232968285273202,93.15038154789627,168.56927310186109,93.15038154789627
floor_both__support_random,ADE_vs_floor,all,eu-locality-110,8550,30.324507895720394,30.350155339494975,0.08450514828569622,121.68449105426859,270.73137899676516,121.9052045177577
floor_both__support_random,ADE_vs_floor,all,eu-locality-119,5639,28.845892262709427,28.854710298231737,0.030560124954193135,114.45336587739244,201.6878989025234,114.45336587739244
floor_both__support_random,ADE_vs_floor,all,eu-locality-124,3550,42.337684505171175,42.371232813148524,0.07917708725939665,184.84746443874639,344.5055271166482,184.84746443874639
floor_both__support_random,ADE_vs_floor,easy,eu-locality-007,2133,1.789605906550902,1.812643710198616,1.2709504641256641,4.226908462018055,4.729903821914545,4.2311151932019575
floor_both__support_random,ADE_vs_floor,easy,eu-locality-008,52276,2.1751103265414407,2.2199815226208206,2.0212418717074243,4.238232068144383,4.6321750419853895,4.2501952420739695
floor_both__support_random,ADE_vs_floor,easy,eu-locality-020,695,1.6283701599923779,1.6710333648543638,2.5531031132765114,4.2930456589077775,4.6911016198562985,4.2930456589077775
floor_both__support_random,ADE_vs_floor,easy,eu-locality-048,2050,2.1556312445478536,2.185316691065704,1.3584047858699044,4.28679715747378,4.701565882548871,4.292759069005489
floor_both__support_random,ADE_vs_floor,easy,eu-locality-067,1508,2.041872267111018,2.0627625869236583,1.012735054681968,4.304575216906681,4.624703372571766,4.320390089274507
floor_both__support_random,ADE_vs_floor,easy,eu-locality-110,2579,2.179503070508227,2.214188912316456,1.5665258558241746,4.195000446068202,4.547204862580245,4.203897765463916
floor_both__support_random,ADE_vs_floor,easy,eu-locality-119,1658,2.206517873543072,2.2336256287595,1.2136212473297547,4.206477004282438,4.653243010692641,4.225704184126738
floor_both__support_random,ADE_vs_floor,easy,eu-locality-124,1006,2.406595643952097,2.446429194793944,1.6282323202573612,4.309958639134824,4.7184091336050855,4.3295911457613965
floor_both__support_random,ADE_vs_floor,hard,eu-locality-007,1023,41.12162749714573,41.24804543394273,0.3064822477454099,81.67666598213943,114.47062363973248,81.24718975645555
floor_both__support_random,ADE_vs_floor,hard,eu-locality-008,36762,52.50817801224971,52.514178761922025,0.011426913290446539,124.3548686676523,215.62617092739976,124.45172929758508
floor_both__support_random,ADE_vs_floor,hard,eu-locality-020,47,37.64541412593011,37.64541412593011,0.0,59.47714101421315,69.16719818649797,59.47714101421315
floor_both__support_random,ADE_vs_floor,hard,eu-locality-048,2992,57.372185257062206,57.37212367197517,-0.00010734322366534599,127.11608694673164,211.57685641932093,127.11608694673164
floor_both__support_random,ADE_vs_floor,hard,eu-locality-067,2806,57.958193082801564,57.99443573685852,0.06249332991427048,132.24005022202874,207.56503644827586,132.24005022202874
floor_both__support_random,ADE_vs_floor,hard,eu-locality-110,2743,79.35906375663498,79.37912488226243,0.025272545719301487,230.75512668230746,408.99645159228305,230.75512668230746
floor_both__support_random,ADE_vs_floor,hard,eu-locality-119,1895,70.83487513333883,70.83510638183645,0.00032646029551886,177.35436104322963,275.16663244604706,177.35436104322963
floor_both__support_random,ADE_vs_floor,hard,eu-locality-124,1362,98.53997180655615,98.55731402109613,0.017596070583125734,277.2026017292944,456.2515668720877,277.2026017292944
floor_both__support_random,ADE_vs_floor,complete,eu-locality-007,2882,13.639587812127811,13.704383125145249,0.4728072210601675,47.6301953356149,79.58424742220402,47.83773492869996
floor_both__support_random,ADE_vs_floor,complete,eu-locality-008,97352,16.320102669681148,16.35039221502977,0.18525271412620503,58.94996675292322,120.3012545117399,58.96240703597935
floor_both__support_random,ADE_vs_floor,complete,eu-locality-020,364,6.793712082891491,6.904363427901251,1.602629209270856,22.682718227503177,49.70629992513765,22.682718227503177
floor_both__support_random,ADE_vs_floor,complete,eu-locality-048,4716,26.52675201609113,26.54036758823038,0.05130136986229994,91.38499461110202,161.22338275660073,91.38499461110202
floor_both__support_random,ADE_vs_floor,complete,eu-locality-067,3417,30.062052037737057,30.08634235640339,0.08073536616245436,92.49833101194194,166.3766421726747,92.49833101194194
floor_both__support_random,ADE_vs_floor,complete,eu-locality-110,5804,28.20149202159867,28.234393611986015,0.11653018244165425,118.18033866701663,272.8161773812056,118.307140243085
floor_both__support_random,ADE_vs_floor,complete,eu-locality-119,3148,28.45517992749802,28.465399193885855,0.03590066072226561,112.70775480291367,205.2067029563877,112.70775480291367
floor_both__support_random,ADE_vs_floor,complete,eu-locality-124,2077,38.28344071319272,38.32154681873666,0.09943780642306388,175.54008186626947,316.4037738037055,175.54008186626947
floor_both__support_random,ADE_vs_original,all,eu-locality-007,5526,13.57452576558813,13.575855955922089,0.009798206008360122,45.980618780176684,80.71712323070768,45.89358032936613
floor_both__support_random,ADE_vs_original,all,eu-locality-008,157961,17.98902617541708,17.98776192754669,-0.007028377824225274,63.855680257712145,131.32488108264758,63.855680257712145
floor_both__support_random,ADE_vs_original,all,eu-locality-020,1225,6.455686866220988,6.451271115269764,-0.06844776591039547,20.950455289077674,42.958840384020256,20.950455289077674
floor_both__support_random,ADE_vs_original,all,eu-locality-048,8058,26.552041828644665,26.551726156801994,-0.0011888938625137513,89.55098636922551,160.11545465691114,89.55098636922551
floor_both__support_random,ADE_vs_original,all,eu-locality-067,6903,28.88494183321679,28.880839338782394,-0.01420490030179522,93.15038154789627,168.56927310186109,93.15038154789627
floor_both__support_random,ADE_vs_original,all,eu-locality-110,8550,30.324507895720394,30.309015310240287,-0.05111543651790118,121.68449105426859,270.73137899676516,121.68449105426859
floor_both__support_random,ADE_vs_original,all,eu-locality-119,5639,28.845892262709427,28.845344418514365,-0.0018992465027123373,114.45336587739244,201.6878989025234,114.45336587739244
floor_both__support_random,ADE_vs_original,all,eu-locality-124,3550,42.337684505171175,42.333263522647485,-0.010443283025707295,184.84746443874639,344.5055271166482,184.84746443874639
floor_both__support_random,ADE_vs_original,easy,eu-locality-007,2133,1.789605906550902,1.789108508469018,-0.02780144857226219,4.226908462018055,4.729903821914545,4.226908462018055
floor_both__support_random,ADE_vs_original,easy,eu-locality-008,52276,2.1751103265414407,2.172784987846882,-0.10702111380394008,4.238232068144383,4.6321750419853895,4.237231589231824
floor_both__support_random,ADE_vs_original,easy,eu-locality-020,695,1.6283701599923779,1.6264981251586532,-0.11509603391286483,4.2930456589077775,4.6911016198562985,4.2930456589077775
floor_both__support_random,ADE_vs_original,easy,eu-locality-048,2050,2.1556312445478536,2.154528290493703,-0.05119236814004058,4.28679715747378,4.701565882548871,4.28679715747378
floor_both__support_random,ADE_vs_original,easy,eu-locality-067,1508,2.041872267111018,2.040992005398212,-0.043129111259521125,4.304575216906681,4.624703372571766,4.304575216906681
floor_both__support_random,ADE_vs_original,easy,eu-locality-110,2579,2.179503070508227,2.177296505727919,-0.10134424845227308,4.195000446068202,4.547204862580245,4.193743509056073
floor_both__support_random,ADE_vs_original,easy,eu-locality-119,1658,2.206517873543072,2.2054699661601456,-0.04751401737521643,4.206477004282438,4.653243010692641,4.2039199145607
floor_both__support_random,ADE_vs_original,easy,eu-locality-124,1006,2.406595643952097,2.404053105180604,-0.1057605077863677,4.309958639134824,4.7184091336050855,4.309958639134824
floor_both__support_random,ADE_vs_original,hard,eu-locality-007,1023,41.12162749714573,41.12543051330047,0.009247358890285273,81.67666598213943,114.47062363973248,81.67666598213943
floor_both__support_random,ADE_vs_original,hard,eu-locality-008,36762,52.50817801224971,52.50745154949026,-0.0013835422173480438,124.3548686676523,215.62617092739976,124.3548686676523
floor_both__support_random,ADE_vs_original,hard,eu-locality-020,47,37.64541412593011,37.64541412593011,0.0,59.47714101421315,69.16719818649797,59.47714101421315
floor_both__support_random,ADE_vs_original,hard,eu-locality-048,2992,57.372185257062206,57.372171450398724,-2.4065087878000213e-05,127.11608694673164,211.57685641932093,127.11608694673164
floor_both__support_random,ADE_vs_original,hard,eu-locality-067,2806,57.958193082801564,57.950776081690634,-0.012798795136892416,132.24005022202874,207.56503644827586,132.24005022202874
floor_both__support_random,ADE_vs_original,hard,eu-locality-110,2743,79.35906375663498,79.31453102492753,-0.056147002487416664,230.75512668230746,408.99645159228305,230.75512668230746
floor_both__support_random,ADE_vs_original,hard,eu-locality-119,1895,70.83487513333883,70.83516153664661,0.00040432364600828663,177.35436104322963,275.16663244604706,177.35436104322963
floor_both__support_random,ADE_vs_original,hard,eu-locality-124,1362,98.53997180655615,98.53575227941441,-0.004282229590923947,277.2026017292944,456.2515668720877,277.2026017292944
floor_both__support_random,FDE_vs_floor,endpoint,eu-locality-007,3935,29.885145895270487,30.048944515842827,0.5451060701515797,102.52328340609101,180.22954667261536,102.52328340609101
floor_both__support_random,FDE_vs_floor,endpoint,eu-locality-008,121088,35.79874561200532,35.87346697693251,0.20829145110295988,136.94747770195588,282.23893370979596,136.95807869338222
floor_both__support_random,FDE_vs_floor,endpoint,eu-locality-020,622,14.453020521216708,14.662738031078371,1.430275228386113,54.18434016797015,99.18086841907973,54.18434016797015
floor_both__support_random,FDE_vs_floor,endpoint,eu-locality-048,5582,58.78629974513924,58.81885940835995,0.055355822177127756,216.2196458274127,356.3667109960735,216.2196458274127
floor_both__support_random,FDE_vs_floor,endpoint,eu-locality-067,4600,64.17021029462057,64.25140838386963,0.12637557882613226,207.16877909819794,394.0447029702928,207.16877909819794
floor_both__support_random,FDE_vs_floor,endpoint,eu-locality-110,7204,57.66765932569053,57.74000757247072,0.12530002994783906,251.61890320290925,587.6090239057078,251.77304034955634
floor_both__support_random,FDE_vs_floor,endpoint,eu-locality-119,4147,65.3939720925799,65.42156304582257,0.042174096671065975,270.5290560144782,484.5542592170748,270.5290560144782
floor_both__support_random,FDE_vs_floor,endpoint,eu-locality-124,2645,83.46648374718303,83.57549258367453,0.1304315812226453,380.9415092093398,749.8979417287693,380.9415092093398
floor_both__support_random,ADE_vs_CV,easy,eu-locality-007,2133,1.789605906550902,1.8525004364762494,3.3951155253157617,4.226908462018055,4.729903821914545,4.355450553983238
floor_both__support_random,ADE_vs_CV,easy,eu-locality-008,52276,2.1751103265414407,2.3343046202023725,6.819773746887003,4.238232068144383,4.6321750419853895,4.477191635123733
floor_both__support_random,ADE_vs_CV,easy,eu-locality-020,695,1.6283701599923779,1.6834998531827923,3.274707335803284,4.2930456589077775,4.6911016198562985,4.294862621440125
floor_both__support_random,ADE_vs_CV,easy,eu-locality-048,2050,2.1556312445478536,2.2919612794697164,5.948182290121629,4.28679715747378,4.701565882548871,4.484449431559784
floor_both__support_random,ADE_vs_CV,easy,eu-locality-067,1508,2.041872267111018,2.126958008841005,4.000348919739649,4.304575216906681,4.624703372571766,4.431771346846858
floor_both__support_random,ADE_vs_CV,easy,eu-locality-110,2579,2.179503070508227,2.356118809479549,7.496045541537677,4.195000446068202,4.547204862580245,4.476255197977273
floor_both__support_random,ADE_vs_CV,easy,eu-locality-119,1658,2.206517873543072,2.3455260977767742,5.92652643538959,4.206477004282438,4.653243010692641,4.423775218674889
floor_both__support_random,ADE_vs_CV,easy,eu-locality-124,1006,2.406595643952097,2.5758364727079335,6.570325040002123,4.309958639134824,4.7184091336050855,4.529853536161329
floor_both__combined,ADE_vs_floor,all,eu-locality-007,5526,13.573946937475348,13.629076271288495,0.40449794773901315,45.89358032936613,80.71712323070768,46.020972312041664
floor_both__combined,ADE_vs_floor,all,eu-locality-008,157961,17.988579231099887,18.01315405032935,0.13642707524068598,63.855680257712145,131.32488108264758,63.87058491799408
floor_both__combined,ADE_vs_floor,all,eu-locality-020,1225,6.455686866220988,6.504686951425043,0.7533042799749201,20.950455289077674,42.958840384020256,20.950455289077674
floor_both__combined,ADE_vs_floor,all,eu-locality-048,8058,26.55192136009754,26.562025009549206,0.03803794871826138,89.55098636922551,160.11545465691114,89.55098636922551
floor_both__combined,ADE_vs_floor,all,eu-locality-067,6903,28.884928204876648,28.911635854909164,0.09237682076015385,93.15038154789627,168.56927310186109,93.15038154789627
floor_both__combined,ADE_vs_floor,all,eu-locality-110,8550,30.323909933613944,30.350155339494975,0.08647535931020078,121.68449105426859,270.73137899676516,121.9052045177577
floor_both__combined,ADE_vs_floor,all,eu-locality-119,5639,28.845743733029128,28.854710298231737,0.031074875158798587,114.45336587739244,201.6878989025234,114.45336587739244
floor_both__combined,ADE_vs_floor,all,eu-locality-124,3550,42.337269531219135,42.371232813148524,0.08015646388945807,184.84746443874639,344.5055271166482,184.84746443874639
floor_both__combined,ADE_vs_floor,easy,eu-locality-007,2133,1.7886452877248216,1.812643710198616,1.3239459215713567,4.226908462018055,4.729903821914545,4.2311151932019575
floor_both__combined,ADE_vs_floor,easy,eu-locality-008,52276,2.1741012314264774,2.2199815226208206,2.0666969849451156,4.237560788006768,4.632340338917156,4.2501952420739695
floor_both__combined,ADE_vs_floor,easy,eu-locality-020,695,1.6283701599923779,1.6710333648543638,2.5531031132765114,4.2930456589077775,4.6911016198562985,4.2930456589077775
floor_both__combined,ADE_vs_floor,easy,eu-locality-048,2050,2.1551095189597356,2.185316691065704,1.382278926869751,4.28679715747378,4.701565882548871,4.292759069005489
floor_both__combined,ADE_vs_floor,easy,eu-locality-067,1508,2.041870591870825,2.0627625869236583,1.0128162681092068,4.304575216906681,4.624703372571766,4.320390089274507
floor_both__combined,ADE_vs_floor,easy,eu-locality-110,2579,2.17763791246536,2.214188912316456,1.6507624822697298,4.193743509056073,4.545078441077308,4.203897765463916
floor_both__combined,ADE_vs_floor,easy,eu-locality-119,1658,2.2060127113794827,2.2336256287595,1.2362374887036398,4.206477004282438,4.653243010692641,4.225704184126738
floor_both__combined,ADE_vs_floor,easy,eu-locality-124,1006,2.405111555152762,2.446429194793944,1.6888957885683564,4.309958639134824,4.7184091336050855,4.3295911457613965
floor_both__combined,ADE_vs_floor,hard,eu-locality-007,1023,41.12096074794331,41.24804543394273,0.3080986860406365,81.67666598213943,114.47062363973248,81.24718975645555
floor_both__combined,ADE_vs_floor,hard,eu-locality-008,36762,52.50814000433845,52.514178761922025,0.011499289765060094,124.3548686676523,215.62617092739976,124.45172929758508
floor_both__combined,ADE_vs_floor,hard,eu-locality-020,47,37.64541412593011,37.64541412593011,0.0,59.47714101421315,69.16719818649797,59.47714101421315
floor_both__combined,ADE_vs_floor,hard,eu-locality-048,2992,57.372185257062206,57.37212367197517,-0.00010734322366534599,127.11608694673164,211.57685641932093,127.11608694673164
floor_both__combined,ADE_vs_floor,hard,eu-locality-067,2806,57.9583039632685,57.99443573685852,0.062302138353353964,132.24005022202874,207.56503644827586,132.24005022202874
floor_both__combined,ADE_vs_floor,hard,eu-locality-110,2743,79.35906375663498,79.37912488226243,0.025272545719301487,230.75512668230746,408.99645159228305,230.75512668230746
floor_both__combined,ADE_vs_floor,hard,eu-locality-119,1895,70.83487513333883,70.83510638183645,0.00032646029551886,177.35436104322963,275.16663244604706,177.35436104322963
floor_both__combined,ADE_vs_floor,hard,eu-locality-124,1362,98.53999869373528,98.55731402109613,0.01756878982835941,277.2026017292944,456.2515668720877,277.2026017292944
floor_both__combined,ADE_vs_floor,complete,eu-locality-007,2882,13.638797959312498,13.704383125145249,0.47857072612347284,47.6301953356149,79.58424742220402,47.83773492869996
floor_both__combined,ADE_vs_floor,complete,eu-locality-008,97352,16.319528364338826,16.35039221502977,0.18876520076731573,58.94996675292322,120.3012545117399,58.96240703597935
floor_both__combined,ADE_vs_floor,complete,eu-locality-020,364,6.793712082891491,6.904363427901251,1.602629209270856,22.682718227503177,49.70629992513765,22.682718227503177
floor_both__combined,ADE_vs_floor,complete,eu-locality-048,4716,26.526520225190794,26.54036758823038,0.052174722123021766,91.38499461110202,161.22338275660073,91.38499461110202
floor_both__combined,ADE_vs_floor,complete,eu-locality-067,3417,30.062141094604698,30.08634235640339,0.08043936186061806,92.49833101194194,166.3766421726747,92.49833101194194
floor_both__combined,ADE_vs_floor,complete,eu-locality-110,5804,28.20074866651791,28.234393611986015,0.11916298232033107,118.18033866701663,272.8161773812056,118.307140243085
floor_both__combined,ADE_vs_floor,complete,eu-locality-119,3148,28.455042414977576,28.465399193885855,0.036383747291701685,112.70775480291367,205.2067029563877,112.70775480291367
floor_both__combined,ADE_vs_floor,complete,eu-locality-124,2077,38.28290660644684,38.32154681873666,0.10083155691127388,175.54008186626947,316.4037738037055,175.54008186626947
floor_both__combined,ADE_vs_original,all,eu-locality-007,5526,13.573946937475348,13.575855955922089,0.014061864334291574,45.89358032936613,80.71712323070768,45.89358032936613
floor_both__combined,ADE_vs_original,all,eu-locality-008,157961,17.988579231099887,17.98776192754669,-0.004543664500844535,63.855680257712145,131.32488108264758,63.855680257712145
floor_both__combined,ADE_vs_original,all,eu-locality-020,1225,6.455686866220988,6.451271115269764,-0.06844776591039547,20.950455289077674,42.958840384020256,20.950455289077674
floor_both__combined,ADE_vs_original,all,eu-locality-048,8058,26.55192136009754,26.551726156801994,-0.0007351811870615066,89.55098636922551,160.11545465691114,89.55098636922551
floor_both__combined,ADE_vs_original,all,eu-locality-067,6903,28.884928204876648,28.880839338782394,-0.014157712129803102,93.15038154789627,168.56927310186109,93.15038154789627
floor_both__combined,ADE_vs_original,all,eu-locality-110,8550,30.323909933613944,30.309015310240287,-0.04914255122179245,121.68449105426859,270.73137899676516,121.68449105426859
floor_both__combined,ADE_vs_original,all,eu-locality-119,5639,28.845743733029128,28.845344418514365,-0.0013843291623460985,114.45336587739244,201.6878989025234,114.45336587739244
floor_both__combined,ADE_vs_original,all,eu-locality-124,3550,42.337269531219135,42.333263522647485,-0.009463027979195182,184.84746443874639,344.5055271166482,184.84746443874639
floor_both__combined,ADE_vs_original,easy,eu-locality-007,2133,1.7886452877248216,1.789108508469018,0.025891148692414045,4.226908462018055,4.729903821914545,4.226908462018055
floor_both__combined,ADE_vs_original,easy,eu-locality-008,52276,2.1741012314264774,2.172784987846882,-0.0605786392559482,4.237560788006768,4.632340338917156,4.237231589231824
floor_both__combined,ADE_vs_original,easy,eu-locality-020,695,1.6283701599923779,1.6264981251586532,-0.11509603391286483,4.2930456589077775,4.6911016198562985,4.2930456589077775
floor_both__combined,ADE_vs_original,easy,eu-locality-048,2050,2.1551095189597356,2.154528290493703,-0.0269770635455302,4.28679715747378,4.701565882548871,4.28679715747378
floor_both__combined,ADE_vs_original,easy,eu-locality-067,1508,2.041870591870825,2.040992005398212,-0.04304703155570966,4.304575216906681,4.624703372571766,4.304575216906681
floor_both__combined,ADE_vs_original,easy,eu-locality-110,2579,2.17763791246536,2.177296505727919,-0.01568030521073016,4.193743509056073,4.545078441077308,4.193743509056073
floor_both__combined,ADE_vs_original,easy,eu-locality-119,1658,2.2060127113794827,2.2054699661601456,-0.024609050572665936,4.206477004282438,4.653243010692641,4.2039199145607
floor_both__combined,ADE_vs_original,easy,eu-locality-124,1006,2.405111555152762,2.404053105180604,-0.0440277284173618,4.309958639134824,4.7184091336050855,4.309958639134824
floor_both__combined,ADE_vs_original,hard,eu-locality-007,1023,41.12096074794331,41.12543051330047,0.010868616574644108,81.67666598213943,114.47062363973248,81.67666598213943
floor_both__combined,ADE_vs_original,hard,eu-locality-008,36762,52.50814000433845,52.50745154949026,-0.0013111564699297418,124.3548686676523,215.62617092739976,124.3548686676523
floor_both__combined,ADE_vs_original,hard,eu-locality-020,47,37.64541412593011,37.64541412593011,0.0,59.47714101421315,69.16719818649797,59.47714101421315
floor_both__combined,ADE_vs_original,hard,eu-locality-048,2992,57.372185257062206,57.372171450398724,-2.4065087878000213e-05,127.11608694673164,211.57685641932093,127.11608694673164
floor_both__combined,ADE_vs_original,hard,eu-locality-067,2806,57.9583039632685,57.950776081690634,-0.01299013074000932,132.24005022202874,207.56503644827586,132.24005022202874
floor_both__combined,ADE_vs_original,hard,eu-locality-110,2743,79.35906375663498,79.31453102492753,-0.056147002487416664,230.75512668230746,408.99645159228305,230.75512668230746
floor_both__combined,ADE_vs_original,hard,eu-locality-119,1895,70.83487513333883,70.83516153664661,0.00040432364600828663,177.35436104322963,275.16663244604706,177.35436104322963
floor_both__combined,ADE_vs_original,hard,eu-locality-124,1362,98.53999869373528,98.53575227941441,-0.004309516315292861,277.2026017292944,456.2515668720877,277.2026017292944
floor_both__combined,FDE_vs_floor,endpoint,eu-locality-007,3935,29.883169075321923,30.048944515842827,0.5516847369913425,102.52328340609101,180.22954667261536,102.52328340609101
floor_both__combined,FDE_vs_floor,endpoint,eu-locality-008,121088,35.79736572498501,35.87346697693251,0.21213799044411674,136.94747770195588,282.23893370979596,136.95807869338222
floor_both__combined,FDE_vs_floor,endpoint,eu-locality-020,622,14.453020521216708,14.662738031078371,1.430275228386113,54.18434016797015,99.18086841907973,54.18434016797015
floor_both__combined,FDE_vs_floor,endpoint,eu-locality-048,5582,58.78601082163117,58.81885940835995,0.05584703113795664,216.2196458274127,356.3667109960735,216.2196458274127
floor_both__combined,FDE_vs_floor,endpoint,eu-locality-067,4600,64.17028669274518,64.25140838386963,0.1262566738456372,207.16877909819794,394.0447029702928,207.16877909819794
floor_both__combined,FDE_vs_floor,endpoint,eu-locality-110,7204,57.66581721876236,57.74000757247072,0.12849037751724302,251.61890320290925,587.6090239057078,251.77304034955634
floor_both__combined,FDE_vs_floor,endpoint,eu-locality-119,4147,65.39342210232488,65.42156304582257,0.04301478318086138,270.5290560144782,484.5542592170748,270.5290560144782
floor_both__combined,FDE_vs_floor,endpoint,eu-locality-124,2645,83.46468215541316,83.57549258367453,0.13258722723104022,380.9415092093398,749.8979417287693,380.9415092093398
floor_both__combined,ADE_vs_CV,easy,eu-locality-007,2133,1.7886452877248216,1.8525004364762494,3.4469707803627014,4.226908462018055,4.729903821914545,4.355450553983238
floor_both__combined,ADE_vs_CV,easy,eu-locality-008,52276,2.1741012314264774,2.3343046202023725,6.863002685656605,4.237560788006768,4.632340338917156,4.477191635123733
floor_both__combined,ADE_vs_CV,easy,eu-locality-020,695,1.6283701599923779,1.6834998531827923,3.274707335803284,4.2930456589077775,4.6911016198562985,4.294862621440125
floor_both__combined,ADE_vs_CV,easy,eu-locality-048,2050,2.1551095189597356,2.2919612794697164,5.970945571194108,4.28679715747378,4.701565882548871,4.484449431559784
floor_both__combined,ADE_vs_CV,easy,eu-locality-067,1508,2.041870591870825,2.126958008841005,4.000427681999453,4.304575216906681,4.624703372571766,4.431771346846858
floor_both__combined,ADE_vs_CV,easy,eu-locality-110,2579,2.17763791246536,2.356118809479549,7.575207850134447,4.193743509056073,4.545078441077308,4.476255197977273
floor_both__combined,ADE_vs_CV,easy,eu-locality-119,1658,2.2060127113794827,2.3455260977767742,5.948063700059891,4.206477004282438,4.653243010692641,4.423775218674889
floor_both__combined,ADE_vs_CV,easy,eu-locality-124,1006,2.405111555152762,2.5758364727079335,6.627940840347335,4.309958639134824,4.7184091336050855,4.529853536161329
floor_both__combined,matched_risk,all,eu-locality-007,5526,13.573946937475348,13.576032842022489,0.015364610349821728,45.89358032936613,80.71712323070768,45.980618780176684
floor_both__combined,matched_risk,all,eu-locality-008,157961,17.988579231099887,17.98952563731198,0.0052608736393344735,63.855680257712145,131.32488108264758,63.855680257712145
floor_both__combined,matched_risk,all,eu-locality-020,1225,6.455686866220988,6.455686866220988,0.0,20.950455289077674,42.958840384020256,20.950455289077674
floor_both__combined,matched_risk,all,eu-locality-048,8058,26.55192136009754,26.552181164750888,0.0009784682159841296,89.55098636922551,160.11545465691114,89.55098636922551
floor_both__combined,matched_risk,all,eu-locality-067,6903,28.884928204876648,28.88506082304544,0.00045912373044521004,93.15038154789627,168.56927310186109,93.15038154789627
floor_both__combined,matched_risk,all,eu-locality-110,8550,30.323909933613944,30.32461563715735,0.0023271640170130503,121.68449105426859,270.73137899676516,121.68449105426859
floor_both__combined,matched_risk,all,eu-locality-119,5639,28.845743733029128,28.845691393669536,-0.00018144602214054117,114.45336587739244,201.6878989025234,114.45336587739244
floor_both__combined,matched_risk,all,eu-locality-124,3550,42.337269531219135,42.33768097575927,0.0009718164307837007,184.84746443874639,344.5055271166482,184.84746443874639
floor_both__combined,matched_risk,easy,eu-locality-007,2133,1.7886452877248216,1.7907086734594542,0.1152273267681414,4.226908462018055,4.729903821914545,4.226908462018055
floor_both__combined,matched_risk,easy,eu-locality-008,52276,2.1741012314264774,2.1761534106590763,0.09430305889956969,4.237560788006768,4.632340338917156,4.238705852934047
floor_both__combined,matched_risk,easy,eu-locality-020,695,1.6283701599923779,1.6283701599923779,0.0,4.2930456589077775,4.6911016198562985,4.2930456589077775
floor_both__combined,matched_risk,easy,eu-locality-048,2050,2.1551095189597356,2.155647800778916,0.024970768368848262,4.28679715747378,4.701565882548871,4.28679715747378
floor_both__combined,matched_risk,easy,eu-locality-067,1508,2.041870591870825,2.0422017804938486,0.016217233095516814,4.304575216906681,4.624703372571766,4.304575216906681
floor_both__combined,matched_risk,easy,eu-locality-110,2579,2.17763791246536,2.179733623701697,0.09614529103689762,4.193743509056073,4.545078441077308,4.195000446068202
floor_both__combined,matched_risk,easy,eu-locality-119,1658,2.2060127113794827,2.2060985751030096,0.0038921072927466938,4.206477004282438,4.653243010692641,4.206477004282438
floor_both__combined,matched_risk,easy,eu-locality-124,1006,2.405111555152762,2.4065247474914684,0.058723366139457056,4.309958639134824,4.7184091336050855,4.309958639134824
floor_both__combined,matched_risk,hard,eu-locality-007,1023,41.12096074794331,41.121923899754606,0.0023421856760519333,81.67666598213943,114.47062363973248,81.67666598213943
floor_both__combined,matched_risk,hard,eu-locality-008,36762,52.50814000433845,52.50734656240319,-0.0015111065159612025,124.3548686676523,215.62617092739976,124.3548686676523
floor_both__combined,matched_risk,hard,eu-locality-020,47,37.64541412593011,37.64541412593011,0.0,59.47714101421315,69.16719818649797,59.47714101421315
floor_both__combined,matched_risk,hard,eu-locality-048,2992,57.372185257062206,57.372185257062206,0.0,127.11608694673164,211.57685641932093,127.11608694673164
floor_both__combined,matched_risk,hard,eu-locality-067,2806,57.9583039632685,57.95830872093623,8.208775992279982e-06,132.24005022202874,207.56503644827586,132.24005022202874
floor_both__combined,matched_risk,hard,eu-locality-110,2743,79.35906375663498,79.35913587584957,9.087701597909614e-05,230.75512668230746,408.99645159228305,230.75512668230746
floor_both__combined,matched_risk,hard,eu-locality-119,1895,70.83487513333883,70.83464426067268,-0.0003259318495318908,177.35436104322963,275.16663244604706,177.35436104322963
floor_both__combined,matched_risk,hard,eu-locality-124,1362,98.53999869373528,98.53999869373528,0.0,277.2026017292944,456.2515668720877,277.2026017292944
floor_both__combined,matched_risk,complete,eu-locality-007,2882,13.638797959312498,13.642292048377469,0.025612184906909086,47.6301953356149,79.58424742220402,47.6301953356149
floor_both__combined,matched_risk,complete,eu-locality-008,97352,16.319528364338826,16.320678443127306,0.0070467584573075115,58.94996675292322,120.3012545117399,58.94996675292322
floor_both__combined,matched_risk,complete,eu-locality-020,364,6.793712082891491,6.793712082891491,0.0,22.682718227503177,49.70629992513765,22.682718227503177
floor_both__combined,matched_risk,complete,eu-locality-048,4716,26.526520225190794,26.5269590955212,0.0016544313610422634,91.38499461110202,161.22338275660073,91.38499461110202
floor_both__combined,matched_risk,complete,eu-locality-067,3417,30.062141094604698,30.062292271684818,0.0005028794170303108,92.49833101194194,166.3766421726747,92.49833101194194
floor_both__combined,matched_risk,complete,eu-locality-110,5804,28.20074866651791,28.201567689483976,0.002904175310691759,118.18033866701663,272.8161773812056,118.18033866701663
floor_both__combined,matched_risk,complete,eu-locality-119,3148,28.455042414977576,28.454948659688906,-0.00032948676096378193,112.70775480291367,205.2067029563877,112.70775480291367
floor_both__combined,matched_risk,complete,eu-locality-124,2077,38.28290660644684,38.28351610047182,0.0015920534137459086,175.54008186626947,316.4037738037055,175.54008186626947
floor_both__combined,matched_random,all,eu-locality-007,5526,13.573946937475348,13.57452576558813,0.004264076128890348,45.89358032936613,80.71712323070768,45.980618780176684
floor_both__combined,matched_random,all,eu-locality-008,157961,17.988579231099887,17.98902617541708,0.0024845387006200426,63.855680257712145,131.32488108264758,63.855680257712145
floor_both__combined,matched_random,all,eu-locality-020,1225,6.455686866220988,6.455686866220988,0.0,20.950455289077674,42.958840384020256,20.950455289077674
floor_both__combined,matched_random,all,eu-locality-048,8058,26.55192136009754,26.552041828644665,0.0004537072813448617,89.55098636922551,160.11545465691114,89.55098636922551
floor_both__combined,matched_random,all,eu-locality-067,6903,28.884928204876648,28.88494183321679,4.718146991988803e-05,93.15038154789627,168.56927310186109,93.15038154789627
floor_both__combined,matched_random,all,eu-locality-110,8550,30.323909933613944,30.324507895720394,0.0019718773623833563,121.68449105426859,270.73137899676516,121.68449105426859
floor_both__combined,matched_random,all,eu-locality-119,5639,28.845743733029128,28.845892262709427,0.0005149075610000331,114.45336587739244,201.6878989025234,114.45336587739244
floor_both__combined,matched_random,all,eu-locality-124,3550,42.337269531219135,42.337684505171175,0.0009801526864028354,184.84746443874639,344.5055271166482,184.84746443874639
floor_both__combined,matched_random,easy,eu-locality-007,2133,1.7886452877248216,1.789605906550902,0.053677674093721706,4.226908462018055,4.729903821914545,4.226908462018055
floor_both__combined,matched_random,easy,eu-locality-008,52276,2.1741012314264774,2.1751103265414407,0.04639282443055226,4.237560788006768,4.632340338917156,4.238232068144383
floor_both__combined,matched_random,easy,eu-locality-020,695,1.6283701599923779,1.6283701599923779,0.0,4.2930456589077775,4.6911016198562985,4.2930456589077775
floor_both__combined,matched_random,easy,eu-locality-048,2050,2.1551095189597356,2.1556312445478536,0.02420291454939827,4.28679715747378,4.701565882548871,4.28679715747378
floor_both__combined,matched_random,easy,eu-locality-067,1508,2.041870591870825,2.041872267111018,8.20443188276343e-05,4.304575216906681,4.624703372571766,4.304575216906681
floor_both__combined,matched_random,easy,eu-locality-110,2579,2.17763791246536,2.179503070508227,0.0855772156554857,4.193743509056073,4.545078441077308,4.195000446068202
floor_both__combined,matched_random,easy,eu-locality-119,1658,2.2060127113794827,2.206517873543072,0.02289408890117084,4.206477004282438,4.653243010692641,4.206477004282438
floor_both__combined,matched_random,easy,eu-locality-124,1006,2.405111555152762,2.406595643952097,0.06166755944498892,4.309958639134824,4.7184091336050855,4.309958639134824
floor_both__combined,matched_random,hard,eu-locality-007,1023,41.12096074794331,41.12162749714573,0.0016214076217435647,81.67666598213943,114.47062363973248,81.67666598213943
floor_both__combined,matched_random,hard,eu-locality-008,36762,52.50814000433845,52.50817801224971,7.238474595272493e-05,124.3548686676523,215.62617092739976,124.3548686676523
floor_both__combined,matched_random,hard,eu-locality-020,47,37.64541412593011,37.64541412593011,0.0,59.47714101421315,69.16719818649797,59.47714101421315
floor_both__combined,matched_random,hard,eu-locality-048,2992,57.372185257062206,57.372185257062206,0.0,127.11608694673164,211.57685641932093,127.11608694673164
floor_both__combined,matched_random,hard,eu-locality-067,2806,57.9583039632685,57.958193082801564,-0.00019131111761439001,132.24005022202874,207.56503644827586,132.24005022202874
floor_both__combined,matched_random,hard,eu-locality-110,2743,79.35906375663498,79.35906375663498,0.0,230.75512668230746,408.99645159228305,230.75512668230746
floor_both__combined,matched_random,hard,eu-locality-119,1895,70.83487513333883,70.83487513333883,0.0,177.35436104322963,275.16663244604706,177.35436104322963
floor_both__combined,matched_random,hard,eu-locality-124,1362,98.53999869373528,98.53997180655615,-2.7285555947997864e-05,277.2026017292944,456.2515668720877,277.2026017292944
floor_both__combined,matched_random,complete,eu-locality-007,2882,13.638797959312498,13.639587812127811,0.005790884784728778,47.6301953356149,79.58424742220402,47.6301953356149
floor_both__combined,matched_random,complete,eu-locality-008,97352,16.319528364338826,16.320102669681148,0.0035190056946743375,58.94996675292322,120.3012545117399,58.94996675292322
floor_both__combined,matched_random,complete,eu-locality-020,364,6.793712082891491,6.793712082891491,0.0,22.682718227503177,49.70629992513765,22.682718227503177
floor_both__combined,matched_random,complete,eu-locality-048,4716,26.526520225190794,26.52675201609113,0.0008738005323638554,91.38499461110202,161.22338275660073,91.38499461110202
floor_both__combined,matched_random,complete,eu-locality-067,3417,30.062141094604698,30.062052037737057,-0.00029624347508416804,92.49833101194194,166.3766421726747,92.49833101194194
floor_both__combined,matched_random,complete,eu-locality-110,5804,28.20074866651791,28.20149202159867,0.0026358714645069448,118.18033866701663,272.8161773812056,118.18033866701663
floor_both__combined,matched_random,complete,eu-locality-119,3148,28.455042414977576,28.45517992749802,0.00048326006298893276,112.70775480291367,205.2067029563877,112.70775480291367
floor_both__combined,matched_random,complete,eu-locality-124,2077,38.28290660644684,38.28344071319272,0.0013951377826115774,175.54008186626947,316.4037738037055,175.54008186626947
floor_both__combined_risk,ADE_vs_floor,all,eu-locality-007,5526,13.576032842022489,13.629076271288495,0.3891931353979583,45.980618780176684,80.71712323070768,46.020972312041664
floor_both__combined_risk,ADE_vs_floor,all,eu-locality-008,157961,17.98952563731198,18.01315405032935,0.1311731024525309,63.855680257712145,131.32488108264758,63.87058491799408
floor_both__combined_risk,ADE_vs_floor,all,eu-locality-020,1225,6.455686866220988,6.504686951425043,0.7533042799749201,20.950455289077674,42.958840384020256,20.950455289077674
floor_both__combined_risk,ADE_vs_floor,all,eu-locality-048,8058,26.552181164750888,26.562025009549206,0.037059843121067804,89.55098636922551,160.11545465691114,89.55098636922551
floor_both__combined_risk,ADE_vs_floor,all,eu-locality-067,6903,28.88506082304544,28.911635854909164,0.09191811904760705,93.15038154789627,168.56927310186109,93.15038154789627
floor_both__combined_risk,ADE_vs_floor,all,eu-locality-110,8550,30.32461563715735,30.350155339494975,0.084150153605278,121.68449105426859,270.73137899676516,121.9052045177577
floor_both__combined_risk,ADE_vs_floor,all,eu-locality-119,5639,28.845691393669536,28.854710298231737,0.031256264467682815,114.45336587739244,201.6878989025234,114.45336587739244
floor_both__combined_risk,ADE_vs_floor,all,eu-locality-124,3550,42.33768097575927,42.371232813148524,0.07918541699556414,184.84746443874639,344.5055271166482,184.84746443874639
floor_both__combined_risk,ADE_vs_floor,easy,eu-locality-007,2133,1.7907086734594542,1.812643710198616,1.210112975635913,4.226908462018055,4.729903821914545,4.2311151932019575
floor_both__combined_risk,ADE_vs_floor,easy,eu-locality-008,52276,2.1761534106590763,2.2199815226208206,1.9742557095701718,4.238705852934047,4.632340338917156,4.2501952420739695
floor_both__combined_risk,ADE_vs_floor,easy,eu-locality-020,695,1.6283701599923779,1.6710333648543638,2.5531031132765114,4.2930456589077775,4.6911016198562985,4.2930456589077775
floor_both__combined_risk,ADE_vs_floor,easy,eu-locality-048,2050,2.155647800778916,2.185316691065704,1.3576471734318418,4.28679715747378,4.701565882548871,4.292759069005489
floor_both__combined_risk,ADE_vs_floor,easy,eu-locality-067,1508,2.0422017804938486,2.0627625869236583,0.9967606820169062,4.304575216906681,4.624703372571766,4.320390089274507
floor_both__combined_risk,ADE_vs_floor,easy,eu-locality-110,2579,2.179733623701697,2.214188912316456,1.5561133209140876,4.195000446068202,4.547204862580245,4.203897765463916
floor_both__combined_risk,ADE_vs_floor,easy,eu-locality-119,1658,2.2060985751030096,2.2336256287595,1.2323933474822413,4.206477004282438,4.653243010692641,4.225704184126738
floor_both__combined_risk,ADE_vs_floor,easy,eu-locality-124,1006,2.4065247474914684,2.446429194793944,1.6311302770336877,4.309958639134824,4.7184091336050855,4.3295911457613965
floor_both__combined_risk,ADE_vs_floor,hard,eu-locality-007,1023,41.121923899754606,41.24804543394273,0.3057636619172688,81.67666598213943,114.47062363973248,81.24718975645555
floor_both__combined_risk,ADE_vs_floor,hard,eu-locality-008,36762,52.50734656240319,52.514178761922025,0.013010199683038959,124.3548686676523,215.62617092739976,124.45172929758508
floor_both__combined_risk,ADE_vs_floor,hard,eu-locality-020,47,37.64541412593011,37.64541412593011,0.0,59.47714101421315,69.16719818649797,59.47714101421315
floor_both__combined_risk,ADE_vs_floor,hard,eu-locality-048,2992,57.372185257062206,57.37212367197517,-0.00010734322366534599,127.11608694673164,211.57685641932093,127.11608694673164
floor_both__combined_risk,ADE_vs_floor,hard,eu-locality-067,2806,57.95830872093623,57.99443573685852,0.06229393469092681,132.24005022202874,207.56503644827586,132.24005022202874
floor_both__combined_risk,ADE_vs_floor,hard,eu-locality-110,2743,79.35913587584957,79.37912488226243,0.025181691587683463,230.75512668230746,408.99645159228305,230.75512668230746
floor_both__combined_risk,ADE_vs_floor,hard,eu-locality-119,1895,70.83464426067268,70.83510638183645,0.0006523900187072051,177.35436104322963,275.16663244604706,177.35436104322963
floor_both__combined_risk,ADE_vs_floor,hard,eu-locality-124,1362,98.53999869373528,98.55731402109613,0.01756878982835941,277.2026017292944,456.2515668720877,277.2026017292944
floor_both__combined_risk,ADE_vs_floor,complete,eu-locality-007,2882,13.642292048377469,13.704383125145249,0.4530745835166661,47.6301953356149,79.58424742220402,47.83773492869996
floor_both__combined_risk,ADE_vs_floor,complete,eu-locality-008,97352,16.320678443127306,16.35039221502977,0.18173124847213895,58.94996675292322,120.3012545117399,58.96240703597935
floor_both__combined_risk,ADE_vs_floor,complete,eu-locality-020,364,6.793712082891491,6.904363427901251,1.602629209270856,22.682718227503177,49.70629992513765,22.682718227503177
floor_both__combined_risk,ADE_vs_floor,complete,eu-locality-048,4716,26.5269590955212,26.54036758823038,0.05052112659934549,91.38499461110202,161.22338275660073,91.38499461110202
floor_both__combined_risk,ADE_vs_floor,complete,eu-locality-067,3417,30.062292271684818,30.08634235640339,0.07993688442973212,92.49833101194194,166.3766421726747,92.49833101194194
floor_both__combined_risk,ADE_vs_floor,complete,eu-locality-110,5804,28.201567689483976,28.234393611986015,0.11626218346727502,118.18033866701663,272.8161773812056,118.307140243085
floor_both__combined_risk,ADE_vs_floor,complete,eu-locality-119,3148,28.454948659688906,28.465399193885855,0.03671311308781622,112.70775480291367,205.2067029563877,112.70775480291367
floor_both__combined_risk,ADE_vs_floor,complete,eu-locality-124,2077,38.28351610047182,38.32154681873666,0.09924108346858196,175.54008186626947,316.4037738037055,175.54008186626947
floor_both__combined_risk,ADE_vs_original,all,eu-locality-007,5526,13.576032842022489,13.575855955922089,-0.0013029462081481924,45.980618780176684,80.71712323070768,45.89358032936613
floor_both__combined_risk,ADE_vs_original,all,eu-locality-008,157961,17.98952563731198,17.98776192754669,-0.009805053971678745,63.855680257712145,131.32488108264758,63.855680257712145
floor_both__combined_risk,ADE_vs_original,all,eu-locality-020,1225,6.455686866220988,6.451271115269764,-0.06844776591039547,20.950455289077674,42.958840384020256,20.950455289077674
floor_both__combined_risk,ADE_vs_original,all,eu-locality-048,8058,26.552181164750888,26.551726156801994,-0.0017136661707217726,89.55098636922551,160.11545465691114,89.55098636922551
floor_both__combined_risk,ADE_vs_original,all,eu-locality-067,6903,28.88506082304544,28.880839338782394,-0.014616902969910583,93.15038154789627,168.56927310186109,93.15038154789627
floor_both__combined_risk,ADE_vs_original,all,eu-locality-110,8550,30.32461563715735,30.309015310240287,-0.051470913051376854,121.68449105426859,270.73137899676516,121.68449105426859
floor_both__combined_risk,ADE_vs_original,all,eu-locality-119,5639,28.845691393669536,28.845344418514365,-0.0012028809576181132,114.45336587739244,201.6878989025234,114.45336587739244
floor_both__combined_risk,ADE_vs_original,all,eu-locality-124,3550,42.33768097575927,42.333263522647485,-0.010434945818493802,184.84746443874639,344.5055271166482,184.84746443874639
floor_both__combined_risk,ADE_vs_original,easy,eu-locality-007,2133,1.7907086734594542,1.789108508469018,-0.08943923651705266,4.226908462018055,4.729903821914545,4.226908462018055
floor_both__combined_risk,ADE_vs_original,easy,eu-locality-008,52276,2.1761534106590763,2.172784987846882,-0.1550278942018979,4.238705852934047,4.632340338917156,4.237231589231824
floor_both__combined_risk,ADE_vs_original,easy,eu-locality-020,695,1.6283701599923779,1.6264981251586532,-0.11509603391286483,4.2930456589077775,4.6911016198562985,4.2930456589077775
floor_both__combined_risk,ADE_vs_original,easy,eu-locality-048,2050,2.155647800778916,2.154528290493703,-0.05196080692710936,4.28679715747378,4.701565882548871,4.28679715747378
floor_both__combined_risk,ADE_vs_original,easy,eu-locality-067,1508,2.0422017804938486,2.040992005398212,-0.059273877234056194,4.304575216906681,4.624703372571766,4.304575216906681
floor_both__combined_risk,ADE_vs_original,easy,eu-locality-110,2579,2.179733623701697,2.177296505727919,-0.11193321476272722,4.195000446068202,4.547204862580245,4.193743509056073
floor_both__combined_risk,ADE_vs_original,easy,eu-locality-119,1658,2.2060985751030096,2.2054699661601456,-0.028502267204233434,4.206477004282438,4.653243010692641,4.2039199145607
floor_both__combined_risk,ADE_vs_original,easy,eu-locality-124,1006,2.4065247474914684,2.404053105180604,-0.1028114689121562,4.309958639134824,4.7184091336050855,4.309958639134824
floor_both__combined_risk,ADE_vs_original,hard,eu-locality-007,1023,41.121923899754606,41.12543051330047,0.008526630608118868,81.67666598213943,114.47062363973248,81.67666598213943
floor_both__combined_risk,ADE_vs_original,hard,eu-locality-008,36762,52.50734656240319,52.50745154949026,0.00019994702460390812,124.3548686676523,215.62617092739976,124.3548686676523
floor_both__combined_risk,ADE_vs_original,hard,eu-locality-020,47,37.64541412593011,37.64541412593011,0.0,59.47714101421315,69.16719818649797,59.47714101421315
floor_both__combined_risk,ADE_vs_original,hard,eu-locality-048,2992,57.372185257062206,57.372171450398724,-2.4065087878000213e-05,127.11608694673164,211.57685641932093,127.11608694673164
floor_both__combined_risk,ADE_vs_original,hard,eu-locality-067,2806,57.95830872093623,57.950776081690634,-0.012998340583014745,132.24005022202874,207.56503644827586,132.24005022202874
floor_both__combined_risk,ADE_vs_original,hard,eu-locality-110,2743,79.35913587584957,79.31453102492753,-0.056237930610758546,230.75512668230746,408.99645159228305,230.75512668230746
floor_both__combined_risk,ADE_vs_original,hard,eu-locality-119,1895,70.83464426067268,70.83516153664661,0.0007302531154218528,177.35436104322963,275.16663244604706,177.35436104322963
floor_both__combined_risk,ADE_vs_original,hard,eu-locality-124,1362,98.53999869373528,98.53575227941441,-0.004309516315292861,277.2026017292944,456.2515668720877,277.2026017292944
floor_both__combined_risk,FDE_vs_floor,endpoint,eu-locality-007,3935,29.890475530744624,30.048944515842827,0.5273695554086855,102.52328340609101,180.22954667261536,102.52328340609101
floor_both__combined_risk,FDE_vs_floor,endpoint,eu-locality-008,121088,35.80007062245077,35.87346697693251,0.2045978843609908,136.94747770195588,282.23893370979596,136.95807869338222
floor_both__combined_risk,FDE_vs_floor,endpoint,eu-locality-020,622,14.453020521216708,14.662738031078371,1.430275228386113,54.18434016797015,99.18086841907973,54.18434016797015
floor_both__combined_risk,FDE_vs_floor,endpoint,eu-locality-048,5582,58.7867513115278,58.81885940835995,0.05458809836693668,216.2196458274127,356.3667109960735,216.2196458274127
floor_both__combined_risk,FDE_vs_floor,endpoint,eu-locality-067,4600,64.17047063855138,64.25140838386963,0.1259703831466119,207.16877909819794,394.0447029702928,207.16877909819794
floor_both__combined_risk,FDE_vs_floor,endpoint,eu-locality-110,7204,57.66821493873482,57.74000757247072,0.12433776293809817,251.61890320290925,587.6090239057078,251.77304034955634
floor_both__combined_risk,FDE_vs_floor,endpoint,eu-locality-119,4147,65.39332726352603,65.42156304582257,0.04315974883809526,270.5290560144782,484.5542592170748,270.5290560144782
floor_both__combined_risk,FDE_vs_floor,endpoint,eu-locality-124,2645,83.46639360520516,83.57549258367453,0.13053943817339375,380.9415092093398,749.8979417287693,380.9415092093398
floor_both__combined_risk,ADE_vs_CV,easy,eu-locality-007,2133,1.7907086734594542,1.8525004364762494,3.3355869612820666,4.226908462018055,4.729903821914545,4.355450553983238
floor_both__combined_risk,ADE_vs_CV,easy,eu-locality-008,52276,2.1761534106590763,2.3343046202023725,6.775088742684543,4.238705852934047,4.632340338917156,4.477191635123733
floor_both__combined_risk,ADE_vs_CV,easy,eu-locality-020,695,1.6283701599923779,1.6834998531827923,3.274707335803284,4.2930456589077775,4.6911016198562985,4.294862621440125
floor_both__combined_risk,ADE_vs_CV,easy,eu-locality-048,2050,2.155647800778916,2.2919612794697164,5.947459929268028,4.28679715747378,4.701565882548871,4.484449431559784
floor_both__combined_risk,ADE_vs_CV,easy,eu-locality-067,1508,2.0422017804938486,2.126958008841005,3.9848566824006393,4.304575216906681,4.624703372571766,4.431771346846858
floor_both__combined_risk,ADE_vs_CV,easy,eu-locality-110,2579,2.179733623701697,2.356118809479549,7.486260245798649,4.195000446068202,4.547204862580245,4.476255197977273
floor_both__combined_risk,ADE_vs_CV,easy,eu-locality-119,1658,2.2060985751030096,2.3455260977767742,5.94440295530807,4.206477004282438,4.653243010692641,4.423775218674889
floor_both__combined_risk,ADE_vs_CV,easy,eu-locality-124,1006,2.4065247474914684,2.5758364727079335,6.573077406519934,4.309958639134824,4.7184091336050855,4.529853536161329
floor_both__combined_random,ADE_vs_floor,all,eu-locality-007,5526,13.57452576558813,13.629076271288495,0.4002509386148545,45.980618780176684,80.71712323070768,46.020972312041664
floor_both__combined_random,ADE_vs_floor,all,eu-locality-008,157961,17.98902617541708,18.01315405032935,0.13394586447690315,63.855680257712145,131.32488108264758,63.87058491799408
floor_both__combined_random,ADE_vs_floor,all,eu-locality-020,1225,6.455686866220988,6.504686951425043,0.7533042799749201,20.950455289077674,42.958840384020256,20.950455289077674
floor_both__combined_random,ADE_vs_floor,all,eu-locality-048,8058,26.552041828644665,26.562025009549206,0.03758441196012319,89.55098636922551,160.11545465691114,89.55098636922551
floor_both__combined_random,ADE_vs_floor,all,eu-locality-067,6903,28.88494183321679,28.911635854909164,0.09232968285273202,93.15038154789627,168.56927310186109,93.15038154789627
floor_both__combined_random,ADE_vs_floor,all,eu-locality-110,8550,30.324507895720394,30.350155339494975,0.08450514828569622,121.68449105426859,270.73137899676516,121.9052045177577
floor_both__combined_random,ADE_vs_floor,all,eu-locality-119,5639,28.845892262709427,28.854710298231737,0.030560124954193135,114.45336587739244,201.6878989025234,114.45336587739244
floor_both__combined_random,ADE_vs_floor,all,eu-locality-124,3550,42.337684505171175,42.371232813148524,0.07917708725939665,184.84746443874639,344.5055271166482,184.84746443874639
floor_both__combined_random,ADE_vs_floor,easy,eu-locality-007,2133,1.789605906550902,1.812643710198616,1.2709504641256641,4.226908462018055,4.729903821914545,4.2311151932019575
floor_both__combined_random,ADE_vs_floor,easy,eu-locality-008,52276,2.1751103265414407,2.2199815226208206,2.0212418717074243,4.238232068144383,4.6321750419853895,4.2501952420739695
floor_both__combined_random,ADE_vs_floor,easy,eu-locality-020,695,1.6283701599923779,1.6710333648543638,2.5531031132765114,4.2930456589077775,4.6911016198562985,4.2930456589077775
floor_both__combined_random,ADE_vs_floor,easy,eu-locality-048,2050,2.1556312445478536,2.185316691065704,1.3584047858699044,4.28679715747378,4.701565882548871,4.292759069005489
floor_both__combined_random,ADE_vs_floor,easy,eu-locality-067,1508,2.041872267111018,2.0627625869236583,1.012735054681968,4.304575216906681,4.624703372571766,4.320390089274507
floor_both__combined_random,ADE_vs_floor,easy,eu-locality-110,2579,2.179503070508227,2.214188912316456,1.5665258558241746,4.195000446068202,4.547204862580245,4.203897765463916
floor_both__combined_random,ADE_vs_floor,easy,eu-locality-119,1658,2.206517873543072,2.2336256287595,1.2136212473297547,4.206477004282438,4.653243010692641,4.225704184126738
floor_both__combined_random,ADE_vs_floor,easy,eu-locality-124,1006,2.406595643952097,2.446429194793944,1.6282323202573612,4.309958639134824,4.7184091336050855,4.3295911457613965
floor_both__combined_random,ADE_vs_floor,hard,eu-locality-007,1023,41.12162749714573,41.24804543394273,0.3064822477454099,81.67666598213943,114.47062363973248,81.24718975645555
floor_both__combined_random,ADE_vs_floor,hard,eu-locality-008,36762,52.50817801224971,52.514178761922025,0.011426913290446539,124.3548686676523,215.62617092739976,124.45172929758508
floor_both__combined_random,ADE_vs_floor,hard,eu-locality-020,47,37.64541412593011,37.64541412593011,0.0,59.47714101421315,69.16719818649797,59.47714101421315
floor_both__combined_random,ADE_vs_floor,hard,eu-locality-048,2992,57.372185257062206,57.37212367197517,-0.00010734322366534599,127.11608694673164,211.57685641932093,127.11608694673164
floor_both__combined_random,ADE_vs_floor,hard,eu-locality-067,2806,57.958193082801564,57.99443573685852,0.06249332991427048,132.24005022202874,207.56503644827586,132.24005022202874
floor_both__combined_random,ADE_vs_floor,hard,eu-locality-110,2743,79.35906375663498,79.37912488226243,0.025272545719301487,230.75512668230746,408.99645159228305,230.75512668230746
floor_both__combined_random,ADE_vs_floor,hard,eu-locality-119,1895,70.83487513333883,70.83510638183645,0.00032646029551886,177.35436104322963,275.16663244604706,177.35436104322963
floor_both__combined_random,ADE_vs_floor,hard,eu-locality-124,1362,98.53997180655615,98.55731402109613,0.017596070583125734,277.2026017292944,456.2515668720877,277.2026017292944
floor_both__combined_random,ADE_vs_floor,complete,eu-locality-007,2882,13.639587812127811,13.704383125145249,0.4728072210601675,47.6301953356149,79.58424742220402,47.83773492869996
floor_both__combined_random,ADE_vs_floor,complete,eu-locality-008,97352,16.320102669681148,16.35039221502977,0.18525271412620503,58.94996675292322,120.3012545117399,58.96240703597935
floor_both__combined_random,ADE_vs_floor,complete,eu-locality-020,364,6.793712082891491,6.904363427901251,1.602629209270856,22.682718227503177,49.70629992513765,22.682718227503177
floor_both__combined_random,ADE_vs_floor,complete,eu-locality-048,4716,26.52675201609113,26.54036758823038,0.05130136986229994,91.38499461110202,161.22338275660073,91.38499461110202
floor_both__combined_random,ADE_vs_floor,complete,eu-locality-067,3417,30.062052037737057,30.08634235640339,0.08073536616245436,92.49833101194194,166.3766421726747,92.49833101194194
floor_both__combined_random,ADE_vs_floor,complete,eu-locality-110,5804,28.20149202159867,28.234393611986015,0.11653018244165425,118.18033866701663,272.8161773812056,118.307140243085
floor_both__combined_random,ADE_vs_floor,complete,eu-locality-119,3148,28.45517992749802,28.465399193885855,0.03590066072226561,112.70775480291367,205.2067029563877,112.70775480291367
floor_both__combined_random,ADE_vs_floor,complete,eu-locality-124,2077,38.28344071319272,38.32154681873666,0.09943780642306388,175.54008186626947,316.4037738037055,175.54008186626947
floor_both__combined_random,ADE_vs_original,all,eu-locality-007,5526,13.57452576558813,13.575855955922089,0.009798206008360122,45.980618780176684,80.71712323070768,45.89358032936613
floor_both__combined_random,ADE_vs_original,all,eu-locality-008,157961,17.98902617541708,17.98776192754669,-0.007028377824225274,63.855680257712145,131.32488108264758,63.855680257712145
floor_both__combined_random,ADE_vs_original,all,eu-locality-020,1225,6.455686866220988,6.451271115269764,-0.06844776591039547,20.950455289077674,42.958840384020256,20.950455289077674
floor_both__combined_random,ADE_vs_original,all,eu-locality-048,8058,26.552041828644665,26.551726156801994,-0.0011888938625137513,89.55098636922551,160.11545465691114,89.55098636922551
floor_both__combined_random,ADE_vs_original,all,eu-locality-067,6903,28.88494183321679,28.880839338782394,-0.01420490030179522,93.15038154789627,168.56927310186109,93.15038154789627
floor_both__combined_random,ADE_vs_original,all,eu-locality-110,8550,30.324507895720394,30.309015310240287,-0.05111543651790118,121.68449105426859,270.73137899676516,121.68449105426859
floor_both__combined_random,ADE_vs_original,all,eu-locality-119,5639,28.845892262709427,28.845344418514365,-0.0018992465027123373,114.45336587739244,201.6878989025234,114.45336587739244
floor_both__combined_random,ADE_vs_original,all,eu-locality-124,3550,42.337684505171175,42.333263522647485,-0.010443283025707295,184.84746443874639,344.5055271166482,184.84746443874639
floor_both__combined_random,ADE_vs_original,easy,eu-locality-007,2133,1.789605906550902,1.789108508469018,-0.02780144857226219,4.226908462018055,4.729903821914545,4.226908462018055
floor_both__combined_random,ADE_vs_original,easy,eu-locality-008,52276,2.1751103265414407,2.172784987846882,-0.10702111380394008,4.238232068144383,4.6321750419853895,4.237231589231824
floor_both__combined_random,ADE_vs_original,easy,eu-locality-020,695,1.6283701599923779,1.6264981251586532,-0.11509603391286483,4.2930456589077775,4.6911016198562985,4.2930456589077775
floor_both__combined_random,ADE_vs_original,easy,eu-locality-048,2050,2.1556312445478536,2.154528290493703,-0.05119236814004058,4.28679715747378,4.701565882548871,4.28679715747378
floor_both__combined_random,ADE_vs_original,easy,eu-locality-067,1508,2.041872267111018,2.040992005398212,-0.043129111259521125,4.304575216906681,4.624703372571766,4.304575216906681
floor_both__combined_random,ADE_vs_original,easy,eu-locality-110,2579,2.179503070508227,2.177296505727919,-0.10134424845227308,4.195000446068202,4.547204862580245,4.193743509056073
floor_both__combined_random,ADE_vs_original,easy,eu-locality-119,1658,2.206517873543072,2.2054699661601456,-0.04751401737521643,4.206477004282438,4.653243010692641,4.2039199145607
floor_both__combined_random,ADE_vs_original,easy,eu-locality-124,1006,2.406595643952097,2.404053105180604,-0.1057605077863677,4.309958639134824,4.7184091336050855,4.309958639134824
floor_both__combined_random,ADE_vs_original,hard,eu-locality-007,1023,41.12162749714573,41.12543051330047,0.009247358890285273,81.67666598213943,114.47062363973248,81.67666598213943
floor_both__combined_random,ADE_vs_original,hard,eu-locality-008,36762,52.50817801224971,52.50745154949026,-0.0013835422173480438,124.3548686676523,215.62617092739976,124.3548686676523
floor_both__combined_random,ADE_vs_original,hard,eu-locality-020,47,37.64541412593011,37.64541412593011,0.0,59.47714101421315,69.16719818649797,59.47714101421315
floor_both__combined_random,ADE_vs_original,hard,eu-locality-048,2992,57.372185257062206,57.372171450398724,-2.4065087878000213e-05,127.11608694673164,211.57685641932093,127.11608694673164
floor_both__combined_random,ADE_vs_original,hard,eu-locality-067,2806,57.958193082801564,57.950776081690634,-0.012798795136892416,132.24005022202874,207.56503644827586,132.24005022202874
floor_both__combined_random,ADE_vs_original,hard,eu-locality-110,2743,79.35906375663498,79.31453102492753,-0.056147002487416664,230.75512668230746,408.99645159228305,230.75512668230746
floor_both__combined_random,ADE_vs_original,hard,eu-locality-119,1895,70.83487513333883,70.83516153664661,0.00040432364600828663,177.35436104322963,275.16663244604706,177.35436104322963
floor_both__combined_random,ADE_vs_original,hard,eu-locality-124,1362,98.53997180655615,98.53575227941441,-0.004282229590923947,277.2026017292944,456.2515668720877,277.2026017292944
floor_both__combined_random,FDE_vs_floor,endpoint,eu-locality-007,3935,29.885145895270487,30.048944515842827,0.5451060701515797,102.52328340609101,180.22954667261536,102.52328340609101
floor_both__combined_random,FDE_vs_floor,endpoint,eu-locality-008,121088,35.79874561200532,35.87346697693251,0.20829145110295988,136.94747770195588,282.23893370979596,136.95807869338222
floor_both__combined_random,FDE_vs_floor,endpoint,eu-locality-020,622,14.453020521216708,14.662738031078371,1.430275228386113,54.18434016797015,99.18086841907973,54.18434016797015
floor_both__combined_random,FDE_vs_floor,endpoint,eu-locality-048,5582,58.78629974513924,58.81885940835995,0.055355822177127756,216.2196458274127,356.3667109960735,216.2196458274127
floor_both__combined_random,FDE_vs_floor,endpoint,eu-locality-067,4600,64.17021029462057,64.25140838386963,0.12637557882613226,207.16877909819794,394.0447029702928,207.16877909819794
floor_both__combined_random,FDE_vs_floor,endpoint,eu-locality-110,7204,57.66765932569053,57.74000757247072,0.12530002994783906,251.61890320290925,587.6090239057078,251.77304034955634
floor_both__combined_random,FDE_vs_floor,endpoint,eu-locality-119,4147,65.3939720925799,65.42156304582257,0.042174096671065975,270.5290560144782,484.5542592170748,270.5290560144782
floor_both__combined_random,FDE_vs_floor,endpoint,eu-locality-124,2645,83.46648374718303,83.57549258367453,0.1304315812226453,380.9415092093398,749.8979417287693,380.9415092093398
floor_both__combined_random,ADE_vs_CV,easy,eu-locality-007,2133,1.789605906550902,1.8525004364762494,3.3951155253157617,4.226908462018055,4.729903821914545,4.355450553983238
floor_both__combined_random,ADE_vs_CV,easy,eu-locality-008,52276,2.1751103265414407,2.3343046202023725,6.819773746887003,4.238232068144383,4.6321750419853895,4.477191635123733
floor_both__combined_random,ADE_vs_CV,easy,eu-locality-020,695,1.6283701599923779,1.6834998531827923,3.274707335803284,4.2930456589077775,4.6911016198562985,4.294862621440125
floor_both__combined_random,ADE_vs_CV,easy,eu-locality-048,2050,2.1556312445478536,2.2919612794697164,5.948182290121629,4.28679715747378,4.701565882548871,4.484449431559784
floor_both__combined_random,ADE_vs_CV,easy,eu-locality-067,1508,2.041872267111018,2.126958008841005,4.000348919739649,4.304575216906681,4.624703372571766,4.431771346846858
floor_both__combined_random,ADE_vs_CV,easy,eu-locality-110,2579,2.179503070508227,2.356118809479549,7.496045541537677,4.195000446068202,4.547204862580245,4.476255197977273
floor_both__combined_random,ADE_vs_CV,easy,eu-locality-119,1658,2.206517873543072,2.3455260977767742,5.92652643538959,4.206477004282438,4.653243010692641,4.423775218674889
floor_both__combined_random,ADE_vs_CV,easy,eu-locality-124,1006,2.406595643952097,2.5758364727079335,6.570325040002123,4.309958639134824,4.7184091336050855,4.529853536161329
