{
  "source": "fresh_stage43_g_source_level_protected_latent",
  "result_source": "fresh_run",
  "generated_at_utc": "2026-05-29T09:44:42.223645+00:00",
  "mode": "full",
  "checkpoint": "outputs/stage43_latent_state/checkpoints/stage43_source_level_latent_full.pt",
  "checkpoint_committed": false,
  "runtime": {
    "python": "3.11.1",
    "machine": "arm64",
    "torch_version": "2.12.0",
    "torch_threads": 4,
    "torch_interop_threads": 1,
    "device": "cpu",
    "num_workers": 0
  },
  "data_rows": {
    "train": 146809,
    "val": 101446,
    "test": 89736
  },
  "training_history": [
    {
      "epoch": 1,
      "train_loss": 0.5166527848002802,
      "latent_variance": 0.24553913090910232,
      "val_objective_proxy": 1.7280797039584814,
      "val_policy": {
        "policy": {
          "gain_threshold": 0.0,
          "harm_threshold": 1.0,
          "failure_threshold": 0.0
        },
        "metrics": {
          "rows": 101446,
          "all_improvement_vs_floor": 0.8810755226618204,
          "t50_improvement_vs_floor": 0.8470041812966611,
          "t100_raw_frame_diagnostic_vs_floor": 0.7950394138400007,
          "hard_failure_improvement_vs_floor": 0.8861583699600182,
          "easy_degradation_vs_floor": 0.0,
          "switch_rate": 1.0,
          "harm_over_floor": -0.8501899838447571,
          "mean_floor_err": 0.9649456143379211,
          "mean_selected_err": 0.11475565284490585
        },
        "objective": 2.810508490574827
      }
    },
    {
      "epoch": 2,
      "train_loss": 0.3709394993059311,
      "latent_variance": 0.18370547854318853,
      "val_objective_proxy": 1.7436254799977569,
      "val_policy": {
        "policy": {
          "gain_threshold": 0.0,
          "harm_threshold": 1.0,
          "failure_threshold": 0.0
        },
        "metrics": {
          "rows": 101446,
          "all_improvement_vs_floor": 0.8855262176077597,
          "t50_improvement_vs_floor": 0.858099262389997,
          "t100_raw_frame_diagnostic_vs_floor": 0.7991802731139165,
          "hard_failure_improvement_vs_floor": 0.8909707596534707,
          "easy_degradation_vs_floor": 0.0,
          "switch_rate": 1.0,
          "harm_over_floor": -0.8544846773147583,
          "mean_floor_err": 0.9649456143379211,
          "mean_selected_err": 0.11046097427606583
        },
        "objective": 2.8354517189155324
      }
    },
    {
      "epoch": 3,
      "train_loss": 0.35019045362073786,
      "latent_variance": 0.17478569345191797,
      "val_objective_proxy": 1.7361071260166105,
      "val_policy": {
        "policy": {
          "gain_threshold": 0.0,
          "harm_threshold": 1.0,
          "failure_threshold": 0.0
        },
        "metrics": {
          "rows": 101446,
          "all_improvement_vs_floor": 0.8811887933122413,
          "t50_improvement_vs_floor": 0.8549183327043691,
          "t100_raw_frame_diagnostic_vs_floor": 0.8016958057947495,
          "hard_failure_improvement_vs_floor": 0.8868146906867413,
          "easy_degradation_vs_floor": 0.0,
          "switch_rate": 1.0,
          "harm_over_floor": -0.8502992987632751,
          "mean_floor_err": 0.9649456143379211,
          "mean_selected_err": 0.11464635282754898
        },
        "objective": 2.8230180449181885
      }
    },
    {
      "epoch": 4,
      "train_loss": 0.3386839280352775,
      "latent_variance": 0.1743906082695785,
      "val_objective_proxy": 1.7524036022522127,
      "val_policy": {
        "policy": {
          "gain_threshold": 0.0,
          "harm_threshold": 1.0,
          "failure_threshold": 0.0
        },
        "metrics": {
          "rows": 101446,
          "all_improvement_vs_floor": 0.891996465708627,
          "t50_improvement_vs_floor": 0.8604071365435858,
          "t100_raw_frame_diagnostic_vs_floor": 0.8067280051243806,
          "hard_failure_improvement_vs_floor": 0.8962884140774676,
          "easy_degradation_vs_floor": 0.0,
          "switch_rate": 1.0,
          "harm_over_floor": -0.8607281446456909,
          "mean_floor_err": 0.9649456143379211,
          "mean_selected_err": 0.1042175367474556
        },
        "objective": 2.8496379017859796
      }
    },
    {
      "epoch": 5,
      "train_loss": 0.3315075793748118,
      "latent_variance": 0.17350725642687767,
      "val_objective_proxy": 1.7257457956497095,
      "val_policy": {
        "policy": {
          "gain_threshold": 0.0,
          "harm_threshold": 1.0,
          "failure_threshold": 0.0
        },
        "metrics": {
          "rows": 101446,
          "all_improvement_vs_floor": 0.8751887766961242,
          "t50_improvement_vs_floor": 0.8505570189535854,
          "t100_raw_frame_diagnostic_vs_floor": 0.8024716460588263,
          "hard_failure_improvement_vs_floor": 0.8884873179134214,
          "easy_degradation_vs_floor": 0.0,
          "switch_rate": 1.0,
          "harm_over_floor": -0.8445096611976624,
          "mean_floor_err": 0.9649456143379211,
          "mean_selected_err": 0.12043604254722595
        },
        "objective": 2.8118141594572394
      }
    }
  ],
  "source_level_split": {
    "report": "outputs/stage43_latent_state/stage43_source_level_heldout_split.json",
    "verdict": "stage43_f_source_level_split_ready",
    "gate": "11 / 11",
    "row_hash": "9c8b4d51e0f7a1618dce410c7dd23fbf7f21da5de587d4ae021257775164c3c5",
    "split_summary": {
      "train": {
        "rows": 146809,
        "domains": [
          "ETH_UCY",
          "TrajNet",
          "UCY"
        ],
        "domain_counts": {
          "ETH_UCY": 63602,
          "TrajNet": 73667,
          "UCY": 9540
        },
        "scene_count": 5,
        "source_count": 10,
        "source_ids": [
          "0707bfbb8ee14ad9",
          "c91ec4d4c2c05a29",
          "7f003983eabd111b",
          "66f867bd19e9794b",
          "f39e86fd7efe1907",
          "92012cfde1f19158",
          "9d741345f4a44fd1",
          "7ab91f9389661560",
          "483b8f0476235d5a",
          "e869f8a217f3b3bd"
        ],
        "horizon_counts": {
          "10": 46716,
          "25": 41248,
          "50": 35467,
          "100": 23378
        },
        "hard_rows": 112218,
        "failure_rows": 57390,
        "easy_rows": 37837
      },
      "val": {
        "rows": 101446,
        "domains": [
          "ETH_UCY",
          "TrajNet",
          "UCY"
        ],
        "domain_counts": {
          "ETH_UCY": 16611,
          "TrajNet": 37612,
          "UCY": 47223
        },
        "scene_count": 4,
        "source_count": 4,
        "source_ids": [
          "12b324ed892df46b",
          "d2c1bb36b138e813",
          "bcca94a8f7fc4be3",
          "e39391d53f68771a"
        ],
        "horizon_counts": {
          "10": 32706,
          "25": 28703,
          "50": 24741,
          "100": 15296
        },
        "hard_rows": 73296,
        "failure_rows": 35300,
        "easy_rows": 31737
      },
      "test": {
        "rows": 89736,
        "domains": [
          "ETH_UCY",
          "TrajNet",
          "UCY"
        ],
        "domain_counts": {
          "ETH_UCY": 70585,
          "TrajNet": 9611,
          "UCY": 9540
        },
        "scene_count": 4,
        "source_count": 4,
        "source_ids": [
          "603561046c16aa3a",
          "7c5c7053cb97abc4",
          "83b0417df499ccae",
          "d9c8e12e56a017c8"
        ],
        "horizon_counts": {
          "10": 26132,
          "25": 23780,
          "50": 21754,
          "100": 18070
        },
        "hard_rows": 70119,
        "failure_rows": 33797,
        "easy_rows": 26927
      }
    }
  }
}