policy,comparison,subset,locality,rows,model_error,reference_error,gain_percent,model_p95,model_p99,reference_p95
cv_targets__original,ADE_vs_floor,all,eu-locality-007,5526,12.78889741546403,12.974876186915042,1.433376078290205,43.91374371204497,76.74547333801287,44.53593329502612
cv_targets__original,ADE_vs_floor,all,eu-locality-008,157961,17.08391806684599,17.310360041620548,1.3081297802593816,60.62374404800723,126.23005617866085,60.77363039735514
cv_targets__original,ADE_vs_floor,all,eu-locality-020,1225,6.397734560197722,6.453703918433902,0.8672439725087688,20.63072736269522,41.37090371937323,20.63072736269522
cv_targets__original,ADE_vs_floor,all,eu-locality-048,8058,24.77687499998227,25.04006397712567,1.051071504385237,84.32822437168585,148.5004334407513,84.77644777499424
cv_targets__original,ADE_vs_floor,all,eu-locality-067,6903,26.950412405321092,27.316252363581988,1.339275803252693,88.67424623165155,154.83471062234412,88.78448286947457
cv_targets__original,ADE_vs_floor,all,eu-locality-110,8550,28.588490599011664,29.06948335408015,1.654631247517424,115.95375139943114,259.95968966626083,116.85239857000487
cv_targets__original,ADE_vs_floor,all,eu-locality-119,5639,27.306355886203043,27.551822688667723,0.8909276356719675,108.26550475649688,192.3509497540389,108.43799131047149
cv_targets__original,ADE_vs_floor,all,eu-locality-124,3550,40.68602503184979,41.20235833047124,1.253164429278797,178.19707673030945,334.55067044545154,182.70620705979104
cv_targets__original,ADE_vs_floor,easy,eu-locality-007,2133,1.7337962857003137,1.8219289613908256,4.837327775021105,4.151748787205072,4.920901803275682,4.230345133365256
cv_targets__original,ADE_vs_floor,easy,eu-locality-008,52276,2.0912125522481326,2.24421211344112,6.817517839630072,4.148556582945595,4.765391972631553,4.260181371097664
cv_targets__original,ADE_vs_floor,easy,eu-locality-020,695,1.6797249097888851,1.714816508799578,2.0463763225173293,4.357367994839923,6.369592718595578,4.367811127405618
cv_targets__original,ADE_vs_floor,easy,eu-locality-048,2050,2.0607233670843588,2.1864603155211566,5.7507080071026895,4.23299982099332,4.775417317219665,4.279426052271072
cv_targets__original,ADE_vs_floor,easy,eu-locality-067,1508,2.0138383296413838,2.0817024330364133,3.260029018462629,4.328563905319695,5.433795102648117,4.369122159901785
cv_targets__original,ADE_vs_floor,easy,eu-locality-110,2579,2.035507843841304,2.2142889877207317,8.073975206978535,3.995321033441541,4.588903473001199,4.204662309065635
cv_targets__original,ADE_vs_floor,easy,eu-locality-119,1658,2.14447443806715,2.274132807520816,5.701442282740521,4.209513972076153,5.970655941092775,4.268800105084812
cv_targets__original,ADE_vs_floor,easy,eu-locality-124,1006,2.252998926212277,2.445226719804127,7.861348480898666,4.180078323556514,4.735168905573619,4.331802122080924
cv_targets__original,ADE_vs_floor,hard,eu-locality-007,1023,38.49109264182182,39.11681576409787,1.5996269380657235,77.7601210112468,106.93881724198937,79.09141428093004
cv_targets__original,ADE_vs_floor,hard,eu-locality-008,36762,49.27204821916093,49.60410727101644,0.6694184617440535,118.79267977674958,203.24472994223123,119.58938343541159
cv_targets__original,ADE_vs_floor,hard,eu-locality-020,47,36.92354931828993,36.92354931828993,0.0,60.52355224102176,69.16719818649797,60.52355224102176
cv_targets__original,ADE_vs_floor,hard,eu-locality-048,2992,53.22121488279945,53.71464249619353,0.9186091361011006,122.35551401388845,200.41270813697986,122.60258245083135
cv_targets__original,ADE_vs_floor,hard,eu-locality-067,2806,53.790613386767276,54.56748907946629,1.4236969774578667,126.76220620158645,198.92434816893777,126.52131502707327
cv_targets__original,ADE_vs_floor,hard,eu-locality-110,2743,74.91660793077055,75.71983632200313,1.0607899201165782,214.44871024777535,380.35594110435846,216.0693714569461
cv_targets__original,ADE_vs_floor,hard,eu-locality-119,1895,66.91884494070099,67.30155948865561,0.5686562850287791,171.85187026049437,271.3240241994853,171.85187026049437
cv_targets__original,ADE_vs_floor,hard,eu-locality-124,1362,94.74100371809904,95.6305131283049,0.9301522925140304,269.89921469355284,421.2415359066349,274.4684238324386
cv_targets__original,ADE_vs_floor,complete,eu-locality-007,2882,12.64362337688022,12.92000036038779,2.1391406795539414,44.91845305630337,76.86890219592341,45.982202665686515
cv_targets__original,ADE_vs_floor,complete,eu-locality-008,97352,15.33737156204711,15.602690137792878,1.7004668643845755,55.879673738646304,114.02385448093194,55.93037708188954
cv_targets__original,ADE_vs_floor,complete,eu-locality-020,364,6.820847701992948,6.9019825286040675,1.1755292957475683,22.682718227503177,49.70629992513765,22.682718227503177
cv_targets__original,ADE_vs_floor,complete,eu-locality-048,4716,24.36859171213214,24.689171595597593,1.2984635074698714,86.55480133029045,149.36088985685478,87.5871702676999
cv_targets__original,ADE_vs_floor,complete,eu-locality-067,3417,27.54941426702566,28.011435479709043,1.6494021272778436,87.49455596529795,150.0665999659543,87.49455596529795
cv_targets__original,ADE_vs_floor,complete,eu-locality-110,5804,26.372956733643036,26.93425359592777,2.0839517987221945,108.80979533687542,260.2202513909598,109.83042543804812
cv_targets__original,ADE_vs_floor,complete,eu-locality-119,3148,26.39396248702504,26.737944969333405,1.2864955878355344,102.43155573476253,188.83867927511324,102.43155573476253
cv_targets__original,ADE_vs_floor,complete,eu-locality-124,2077,36.65817890064794,37.245512817043696,1.5769253044812137,165.80020306100556,315.79700044017295,171.59254389597885
cv_targets__original,ADE_vs_original,all,eu-locality-007,5526,12.78889741546403,12.78889741546403,0.0,43.91374371204497,76.74547333801287,43.91374371204497
cv_targets__original,ADE_vs_original,all,eu-locality-008,157961,17.08391806684599,17.08391806684599,0.0,60.62374404800723,126.23005617866085,60.62374404800723
cv_targets__original,ADE_vs_original,all,eu-locality-020,1225,6.397734560197722,6.397734560197722,0.0,20.63072736269522,41.37090371937323,20.63072736269522
cv_targets__original,ADE_vs_original,all,eu-locality-048,8058,24.77687499998227,24.77687499998227,0.0,84.32822437168585,148.5004334407513,84.32822437168585
cv_targets__original,ADE_vs_original,all,eu-locality-067,6903,26.950412405321092,26.950412405321092,0.0,88.67424623165155,154.83471062234412,88.67424623165155
cv_targets__original,ADE_vs_original,all,eu-locality-110,8550,28.588490599011664,28.588490599011664,0.0,115.95375139943114,259.95968966626083,115.95375139943114
cv_targets__original,ADE_vs_original,all,eu-locality-119,5639,27.306355886203043,27.306355886203043,0.0,108.26550475649688,192.3509497540389,108.26550475649688
cv_targets__original,ADE_vs_original,all,eu-locality-124,3550,40.68602503184979,40.68602503184979,0.0,178.19707673030945,334.55067044545154,178.19707673030945
cv_targets__original,ADE_vs_original,easy,eu-locality-007,2133,1.7337962857003137,1.7337962857003137,0.0,4.151748787205072,4.920901803275682,4.151748787205072
cv_targets__original,ADE_vs_original,easy,eu-locality-008,52276,2.0912125522481326,2.0912125522481326,0.0,4.148556582945595,4.765391972631553,4.148556582945595
cv_targets__original,ADE_vs_original,easy,eu-locality-020,695,1.6797249097888851,1.6797249097888851,0.0,4.357367994839923,6.369592718595578,4.357367994839923
cv_targets__original,ADE_vs_original,easy,eu-locality-048,2050,2.0607233670843588,2.0607233670843588,0.0,4.23299982099332,4.775417317219665,4.23299982099332
cv_targets__original,ADE_vs_original,easy,eu-locality-067,1508,2.0138383296413838,2.0138383296413838,0.0,4.328563905319695,5.433795102648117,4.328563905319695
cv_targets__original,ADE_vs_original,easy,eu-locality-110,2579,2.035507843841304,2.035507843841304,0.0,3.995321033441541,4.588903473001199,3.995321033441541
cv_targets__original,ADE_vs_original,easy,eu-locality-119,1658,2.14447443806715,2.14447443806715,0.0,4.209513972076153,5.970655941092775,4.209513972076153
cv_targets__original,ADE_vs_original,easy,eu-locality-124,1006,2.252998926212277,2.252998926212277,0.0,4.180078323556514,4.735168905573619,4.180078323556514
cv_targets__original,ADE_vs_original,hard,eu-locality-007,1023,38.49109264182182,38.49109264182182,0.0,77.7601210112468,106.93881724198937,77.7601210112468
cv_targets__original,ADE_vs_original,hard,eu-locality-008,36762,49.27204821916093,49.27204821916093,0.0,118.79267977674958,203.24472994223123,118.79267977674958
cv_targets__original,ADE_vs_original,hard,eu-locality-020,47,36.92354931828993,36.92354931828993,0.0,60.52355224102176,69.16719818649797,60.52355224102176
cv_targets__original,ADE_vs_original,hard,eu-locality-048,2992,53.22121488279945,53.22121488279945,0.0,122.35551401388845,200.41270813697986,122.35551401388845
cv_targets__original,ADE_vs_original,hard,eu-locality-067,2806,53.790613386767276,53.790613386767276,0.0,126.76220620158645,198.92434816893777,126.76220620158645
cv_targets__original,ADE_vs_original,hard,eu-locality-110,2743,74.91660793077055,74.91660793077055,0.0,214.44871024777535,380.35594110435846,214.44871024777535
cv_targets__original,ADE_vs_original,hard,eu-locality-119,1895,66.91884494070099,66.91884494070099,0.0,171.85187026049437,271.3240241994853,171.85187026049437
cv_targets__original,ADE_vs_original,hard,eu-locality-124,1362,94.74100371809904,94.74100371809904,0.0,269.89921469355284,421.2415359066349,269.89921469355284
cv_targets__original,FDE_vs_floor,endpoint,eu-locality-007,3935,27.225065642396977,27.826462654682768,2.1612413325722724,98.6908636089139,169.502019332493,99.63433701413419
cv_targets__original,FDE_vs_floor,endpoint,eu-locality-008,121088,32.96810228040796,33.63538951388651,1.9838843644223392,128.22411577330965,267.00968045606515,128.6535092840875
cv_targets__original,FDE_vs_floor,endpoint,eu-locality-020,622,14.322011970558963,14.545932745053438,1.539404714837711,52.375808020598235,102.34943144507893,52.375808020598235
cv_targets__original,FDE_vs_floor,endpoint,eu-locality-048,5582,52.963824985656885,53.67641471244728,1.3275658044745509,198.76292666489786,334.951402299056,200.37762711537502
cv_targets__original,FDE_vs_floor,endpoint,eu-locality-067,4600,57.34359539710653,58.38959403975901,1.7914127677274627,194.77286749387213,349.7936281446101,195.19184470752597
cv_targets__original,FDE_vs_floor,endpoint,eu-locality-110,7204,52.66705988903443,53.94011966164402,2.360135239957295,234.02905619099437,538.0295217792822,236.80639466943666
cv_targets__original,FDE_vs_floor,endpoint,eu-locality-119,4147,60.16255110239909,60.9041125887216,1.2175885253105756,243.87068521041832,445.5820913837266,244.0711469012536
cv_targets__original,FDE_vs_floor,endpoint,eu-locality-124,2645,78.00686129693685,79.6655359585729,2.0820479542101977,355.838487144209,706.5616591782045,363.62977622543167
cv_targets__original,ADE_vs_CV,easy,eu-locality-007,2133,1.7337962857003137,1.8525004364762494,6.407779908636879,4.151748787205072,4.920901803275682,4.355450553983238
cv_targets__original,ADE_vs_CV,easy,eu-locality-008,52276,2.0912125522481326,2.3343046202023725,10.413896534770384,4.148556582945595,4.765391972631553,4.477191635123733
cv_targets__original,ADE_vs_CV,easy,eu-locality-020,695,1.6797249097888851,1.6834998531827923,0.2242318813850952,4.357367994839923,6.369592718595578,4.294862621440125
cv_targets__original,ADE_vs_CV,easy,eu-locality-048,2050,2.0607233670843588,2.2919612794697164,10.089084595655052,4.23299982099332,4.775417317219665,4.484449431559784
cv_targets__original,ADE_vs_CV,easy,eu-locality-067,1508,2.0138383296413838,2.126958008841005,5.318378582436656,4.328563905319695,5.433795102648117,4.431771346846858
cv_targets__original,ADE_vs_CV,easy,eu-locality-110,2579,2.035507843841304,2.356118809479549,13.607589071837422,3.995321033441541,4.588903473001199,4.476255197977273
cv_targets__original,ADE_vs_CV,easy,eu-locality-119,1658,2.14447443806715,2.3455260977767742,8.57170849218829,4.209513972076153,5.970655941092775,4.423775218674889
cv_targets__original,ADE_vs_CV,easy,eu-locality-124,1006,2.252998926212277,2.5758364727079335,12.533309079060551,4.180078323556514,4.735168905573619,4.529853536161329
cv_targets__stop,ADE_vs_floor,all,eu-locality-007,5526,12.78889741546403,12.974876186915042,1.433376078290205,43.91374371204497,76.74547333801287,44.53593329502612
cv_targets__stop,ADE_vs_floor,all,eu-locality-008,157961,17.083859827978994,17.310360041620548,1.308466219633575,60.62374404800723,126.23005617866085,60.77363039735514
cv_targets__stop,ADE_vs_floor,all,eu-locality-020,1225,6.397734560197722,6.453703918433902,0.8672439725087688,20.63072736269522,41.37090371937323,20.63072736269522
cv_targets__stop,ADE_vs_floor,all,eu-locality-048,8058,24.77687499998227,25.04006397712567,1.051071504385237,84.32822437168585,148.5004334407513,84.77644777499424
cv_targets__stop,ADE_vs_floor,all,eu-locality-067,6903,26.950412405321092,27.316252363581988,1.339275803252693,88.67424623165155,154.83471062234412,88.78448286947457
cv_targets__stop,ADE_vs_floor,all,eu-locality-110,8550,28.588490599011664,29.06948335408015,1.654631247517424,115.95375139943114,259.95968966626083,116.85239857000487
cv_targets__stop,ADE_vs_floor,all,eu-locality-119,5639,27.306355886203043,27.551822688667723,0.8909276356719675,108.26550475649688,192.3509497540389,108.43799131047149
cv_targets__stop,ADE_vs_floor,all,eu-locality-124,3550,40.68602503184979,41.20235833047124,1.253164429278797,178.19707673030945,334.55067044545154,182.70620705979104
cv_targets__stop,ADE_vs_floor,easy,eu-locality-007,2133,1.7337962857003137,1.8219289613908256,4.837327775021105,4.151748787205072,4.920901803275682,4.230345133365256
cv_targets__stop,ADE_vs_floor,easy,eu-locality-008,52276,2.0911953733669533,2.24421211344112,6.818283314563411,4.148556582945595,4.765391972631553,4.260181371097664
cv_targets__stop,ADE_vs_floor,easy,eu-locality-020,695,1.6797249097888851,1.714816508799578,2.0463763225173293,4.357367994839923,6.369592718595578,4.367811127405618
cv_targets__stop,ADE_vs_floor,easy,eu-locality-048,2050,2.0607233670843588,2.1864603155211566,5.7507080071026895,4.23299982099332,4.775417317219665,4.279426052271072
cv_targets__stop,ADE_vs_floor,easy,eu-locality-067,1508,2.0138383296413838,2.0817024330364133,3.260029018462629,4.328563905319695,5.433795102648117,4.369122159901785
cv_targets__stop,ADE_vs_floor,easy,eu-locality-110,2579,2.035507843841304,2.2142889877207317,8.073975206978535,3.995321033441541,4.588903473001199,4.204662309065635
cv_targets__stop,ADE_vs_floor,easy,eu-locality-119,1658,2.14447443806715,2.274132807520816,5.701442282740521,4.209513972076153,5.970655941092775,4.268800105084812
cv_targets__stop,ADE_vs_floor,easy,eu-locality-124,1006,2.252998926212277,2.445226719804127,7.861348480898666,4.180078323556514,4.735168905573619,4.331802122080924
cv_targets__stop,ADE_vs_floor,hard,eu-locality-007,1023,38.49109264182182,39.11681576409787,1.5996269380657235,77.7601210112468,106.93881724198937,79.09141428093004
cv_targets__stop,ADE_vs_floor,hard,eu-locality-008,36762,49.27185501077751,49.60410727101644,0.6698079625214182,118.79267977674958,203.24472994223123,119.58938343541159
cv_targets__stop,ADE_vs_floor,hard,eu-locality-020,47,36.92354931828993,36.92354931828993,0.0,60.52355224102176,69.16719818649797,60.52355224102176
cv_targets__stop,ADE_vs_floor,hard,eu-locality-048,2992,53.22121488279945,53.71464249619353,0.9186091361011006,122.35551401388845,200.41270813697986,122.60258245083135
cv_targets__stop,ADE_vs_floor,hard,eu-locality-067,2806,53.790613386767276,54.56748907946629,1.4236969774578667,126.76220620158645,198.92434816893777,126.52131502707327
cv_targets__stop,ADE_vs_floor,hard,eu-locality-110,2743,74.91660793077055,75.71983632200313,1.0607899201165782,214.44871024777535,380.35594110435846,216.0693714569461
cv_targets__stop,ADE_vs_floor,hard,eu-locality-119,1895,66.91884494070099,67.30155948865561,0.5686562850287791,171.85187026049437,271.3240241994853,171.85187026049437
cv_targets__stop,ADE_vs_floor,hard,eu-locality-124,1362,94.74100371809904,95.6305131283049,0.9301522925140304,269.89921469355284,421.2415359066349,274.4684238324386
cv_targets__stop,ADE_vs_floor,complete,eu-locality-007,2882,12.64362337688022,12.92000036038779,2.1391406795539414,44.91845305630337,76.86890219592341,45.982202665686515
cv_targets__stop,ADE_vs_floor,complete,eu-locality-008,97352,15.337354829122484,15.602690137792878,1.7005741082282921,55.879673738646304,114.02385448093194,55.93037708188954
cv_targets__stop,ADE_vs_floor,complete,eu-locality-020,364,6.820847701992948,6.9019825286040675,1.1755292957475683,22.682718227503177,49.70629992513765,22.682718227503177
cv_targets__stop,ADE_vs_floor,complete,eu-locality-048,4716,24.36859171213214,24.689171595597593,1.2984635074698714,86.55480133029045,149.36088985685478,87.5871702676999
cv_targets__stop,ADE_vs_floor,complete,eu-locality-067,3417,27.54941426702566,28.011435479709043,1.6494021272778436,87.49455596529795,150.0665999659543,87.49455596529795
cv_targets__stop,ADE_vs_floor,complete,eu-locality-110,5804,26.372956733643036,26.93425359592777,2.0839517987221945,108.80979533687542,260.2202513909598,109.83042543804812
cv_targets__stop,ADE_vs_floor,complete,eu-locality-119,3148,26.39396248702504,26.737944969333405,1.2864955878355344,102.43155573476253,188.83867927511324,102.43155573476253
cv_targets__stop,ADE_vs_floor,complete,eu-locality-124,2077,36.65817890064794,37.245512817043696,1.5769253044812137,165.80020306100556,315.79700044017295,171.59254389597885
cv_targets__stop,ADE_vs_original,all,eu-locality-007,5526,12.78889741546403,12.78889741546403,0.0,43.91374371204497,76.74547333801287,43.91374371204497
cv_targets__stop,ADE_vs_original,all,eu-locality-008,157961,17.083859827978994,17.08391806684599,0.00034089877255505385,60.62374404800723,126.23005617866085,60.62374404800723
cv_targets__stop,ADE_vs_original,all,eu-locality-020,1225,6.397734560197722,6.397734560197722,0.0,20.63072736269522,41.37090371937323,20.63072736269522
cv_targets__stop,ADE_vs_original,all,eu-locality-048,8058,24.77687499998227,24.77687499998227,0.0,84.32822437168585,148.5004334407513,84.32822437168585
cv_targets__stop,ADE_vs_original,all,eu-locality-067,6903,26.950412405321092,26.950412405321092,0.0,88.67424623165155,154.83471062234412,88.67424623165155
cv_targets__stop,ADE_vs_original,all,eu-locality-110,8550,28.588490599011664,28.588490599011664,0.0,115.95375139943114,259.95968966626083,115.95375139943114
cv_targets__stop,ADE_vs_original,all,eu-locality-119,5639,27.306355886203043,27.306355886203043,0.0,108.26550475649688,192.3509497540389,108.26550475649688
cv_targets__stop,ADE_vs_original,all,eu-locality-124,3550,40.68602503184979,40.68602503184979,0.0,178.19707673030945,334.55067044545154,178.19707673030945
cv_targets__stop,ADE_vs_original,easy,eu-locality-007,2133,1.7337962857003137,1.7337962857003137,0.0,4.151748787205072,4.920901803275682,4.151748787205072
cv_targets__stop,ADE_vs_original,easy,eu-locality-008,52276,2.0911953733669533,2.0912125522481326,0.0008214794407601644,4.148556582945595,4.765391972631553,4.148556582945595
cv_targets__stop,ADE_vs_original,easy,eu-locality-020,695,1.6797249097888851,1.6797249097888851,0.0,4.357367994839923,6.369592718595578,4.357367994839923
cv_targets__stop,ADE_vs_original,easy,eu-locality-048,2050,2.0607233670843588,2.0607233670843588,0.0,4.23299982099332,4.775417317219665,4.23299982099332
cv_targets__stop,ADE_vs_original,easy,eu-locality-067,1508,2.0138383296413838,2.0138383296413838,0.0,4.328563905319695,5.433795102648117,4.328563905319695
cv_targets__stop,ADE_vs_original,easy,eu-locality-110,2579,2.035507843841304,2.035507843841304,0.0,3.995321033441541,4.588903473001199,3.995321033441541
cv_targets__stop,ADE_vs_original,easy,eu-locality-119,1658,2.14447443806715,2.14447443806715,0.0,4.209513972076153,5.970655941092775,4.209513972076153
cv_targets__stop,ADE_vs_original,easy,eu-locality-124,1006,2.252998926212277,2.252998926212277,0.0,4.180078323556514,4.735168905573619,4.180078323556514
cv_targets__stop,ADE_vs_original,hard,eu-locality-007,1023,38.49109264182182,38.49109264182182,0.0,77.7601210112468,106.93881724198937,77.7601210112468
cv_targets__stop,ADE_vs_original,hard,eu-locality-008,36762,49.27185501077751,49.27204821916093,0.0003921257394456923,118.79267977674958,203.24472994223123,118.79267977674958
cv_targets__stop,ADE_vs_original,hard,eu-locality-020,47,36.92354931828993,36.92354931828993,0.0,60.52355224102176,69.16719818649797,60.52355224102176
cv_targets__stop,ADE_vs_original,hard,eu-locality-048,2992,53.22121488279945,53.22121488279945,0.0,122.35551401388845,200.41270813697986,122.35551401388845
cv_targets__stop,ADE_vs_original,hard,eu-locality-067,2806,53.790613386767276,53.790613386767276,0.0,126.76220620158645,198.92434816893777,126.76220620158645
cv_targets__stop,ADE_vs_original,hard,eu-locality-110,2743,74.91660793077055,74.91660793077055,0.0,214.44871024777535,380.35594110435846,214.44871024777535
cv_targets__stop,ADE_vs_original,hard,eu-locality-119,1895,66.91884494070099,66.91884494070099,0.0,171.85187026049437,271.3240241994853,171.85187026049437
cv_targets__stop,ADE_vs_original,hard,eu-locality-124,1362,94.74100371809904,94.74100371809904,0.0,269.89921469355284,421.2415359066349,269.89921469355284
cv_targets__stop,FDE_vs_floor,endpoint,eu-locality-007,3935,27.225065642396977,27.826462654682768,2.1612413325722724,98.6908636089139,169.502019332493,99.63433701413419
cv_targets__stop,FDE_vs_floor,endpoint,eu-locality-008,121088,32.96806715918471,33.63538951388651,1.9839887818938085,128.22411577330965,267.00968045606515,128.6535092840875
cv_targets__stop,FDE_vs_floor,endpoint,eu-locality-020,622,14.322011970558963,14.545932745053438,1.539404714837711,52.375808020598235,102.34943144507893,52.375808020598235
cv_targets__stop,FDE_vs_floor,endpoint,eu-locality-048,5582,52.963824985656885,53.67641471244728,1.3275658044745509,198.76292666489786,334.951402299056,200.37762711537502
cv_targets__stop,FDE_vs_floor,endpoint,eu-locality-067,4600,57.34359539710653,58.38959403975901,1.7914127677274627,194.77286749387213,349.7936281446101,195.19184470752597
cv_targets__stop,FDE_vs_floor,endpoint,eu-locality-110,7204,52.66705988903443,53.94011966164402,2.360135239957295,234.02905619099437,538.0295217792822,236.80639466943666
cv_targets__stop,FDE_vs_floor,endpoint,eu-locality-119,4147,60.16255110239909,60.9041125887216,1.2175885253105756,243.87068521041832,445.5820913837266,244.0711469012536
cv_targets__stop,FDE_vs_floor,endpoint,eu-locality-124,2645,78.00686129693685,79.6655359585729,2.0820479542101977,355.838487144209,706.5616591782045,363.62977622543167
cv_targets__stop,ADE_vs_CV,easy,eu-locality-007,2133,1.7337962857003137,1.8525004364762494,6.407779908636879,4.151748787205072,4.920901803275682,4.355450553983238
cv_targets__stop,ADE_vs_CV,easy,eu-locality-008,52276,2.0911953733669533,2.3343046202023725,10.414632466192131,4.148556582945595,4.765391972631553,4.477191635123733
cv_targets__stop,ADE_vs_CV,easy,eu-locality-020,695,1.6797249097888851,1.6834998531827923,0.2242318813850952,4.357367994839923,6.369592718595578,4.294862621440125
cv_targets__stop,ADE_vs_CV,easy,eu-locality-048,2050,2.0607233670843588,2.2919612794697164,10.089084595655052,4.23299982099332,4.775417317219665,4.484449431559784
cv_targets__stop,ADE_vs_CV,easy,eu-locality-067,1508,2.0138383296413838,2.126958008841005,5.318378582436656,4.328563905319695,5.433795102648117,4.431771346846858
cv_targets__stop,ADE_vs_CV,easy,eu-locality-110,2579,2.035507843841304,2.356118809479549,13.607589071837422,3.995321033441541,4.588903473001199,4.476255197977273
cv_targets__stop,ADE_vs_CV,easy,eu-locality-119,1658,2.14447443806715,2.3455260977767742,8.57170849218829,4.209513972076153,5.970655941092775,4.423775218674889
cv_targets__stop,ADE_vs_CV,easy,eu-locality-124,1006,2.252998926212277,2.5758364727079335,12.533309079060551,4.180078323556514,4.735168905573619,4.529853536161329
cv_targets__stop,matched_risk,all,eu-locality-007,5526,12.78889741546403,12.78889741546403,0.0,43.91374371204497,76.74547333801287,43.91374371204497
cv_targets__stop,matched_risk,all,eu-locality-008,157961,17.083859827978994,17.083859827978994,0.0,60.62374404800723,126.23005617866085,60.62374404800723
cv_targets__stop,matched_risk,all,eu-locality-020,1225,6.397734560197722,6.397734560197722,0.0,20.63072736269522,41.37090371937323,20.63072736269522
cv_targets__stop,matched_risk,all,eu-locality-048,8058,24.77687499998227,24.77687499998227,0.0,84.32822437168585,148.5004334407513,84.32822437168585
cv_targets__stop,matched_risk,all,eu-locality-067,6903,26.950412405321092,26.950412405321092,0.0,88.67424623165155,154.83471062234412,88.67424623165155
cv_targets__stop,matched_risk,all,eu-locality-110,8550,28.588490599011664,28.588490599011664,0.0,115.95375139943114,259.95968966626083,115.95375139943114
cv_targets__stop,matched_risk,all,eu-locality-119,5639,27.306355886203043,27.306355886203043,0.0,108.26550475649688,192.3509497540389,108.26550475649688
cv_targets__stop,matched_risk,all,eu-locality-124,3550,40.68602503184979,40.68602503184979,0.0,178.19707673030945,334.55067044545154,178.19707673030945
cv_targets__stop,matched_risk,easy,eu-locality-007,2133,1.7337962857003137,1.7337962857003137,0.0,4.151748787205072,4.920901803275682,4.151748787205072
cv_targets__stop,matched_risk,easy,eu-locality-008,52276,2.0911953733669533,2.0911953733669533,0.0,4.148556582945595,4.765391972631553,4.148556582945595
cv_targets__stop,matched_risk,easy,eu-locality-020,695,1.6797249097888851,1.6797249097888851,0.0,4.357367994839923,6.369592718595578,4.357367994839923
cv_targets__stop,matched_risk,easy,eu-locality-048,2050,2.0607233670843588,2.0607233670843588,0.0,4.23299982099332,4.775417317219665,4.23299982099332
cv_targets__stop,matched_risk,easy,eu-locality-067,1508,2.0138383296413838,2.0138383296413838,0.0,4.328563905319695,5.433795102648117,4.328563905319695
cv_targets__stop,matched_risk,easy,eu-locality-110,2579,2.035507843841304,2.035507843841304,0.0,3.995321033441541,4.588903473001199,3.995321033441541
cv_targets__stop,matched_risk,easy,eu-locality-119,1658,2.14447443806715,2.14447443806715,0.0,4.209513972076153,5.970655941092775,4.209513972076153
cv_targets__stop,matched_risk,easy,eu-locality-124,1006,2.252998926212277,2.252998926212277,0.0,4.180078323556514,4.735168905573619,4.180078323556514
cv_targets__stop,matched_risk,hard,eu-locality-007,1023,38.49109264182182,38.49109264182182,0.0,77.7601210112468,106.93881724198937,77.7601210112468
cv_targets__stop,matched_risk,hard,eu-locality-008,36762,49.27185501077751,49.27185501077751,0.0,118.79267977674958,203.24472994223123,118.79267977674958
cv_targets__stop,matched_risk,hard,eu-locality-020,47,36.92354931828993,36.92354931828993,0.0,60.52355224102176,69.16719818649797,60.52355224102176
cv_targets__stop,matched_risk,hard,eu-locality-048,2992,53.22121488279945,53.22121488279945,0.0,122.35551401388845,200.41270813697986,122.35551401388845
cv_targets__stop,matched_risk,hard,eu-locality-067,2806,53.790613386767276,53.790613386767276,0.0,126.76220620158645,198.92434816893777,126.76220620158645
cv_targets__stop,matched_risk,hard,eu-locality-110,2743,74.91660793077055,74.91660793077055,0.0,214.44871024777535,380.35594110435846,214.44871024777535
cv_targets__stop,matched_risk,hard,eu-locality-119,1895,66.91884494070099,66.91884494070099,0.0,171.85187026049437,271.3240241994853,171.85187026049437
cv_targets__stop,matched_risk,hard,eu-locality-124,1362,94.74100371809904,94.74100371809904,0.0,269.89921469355284,421.2415359066349,269.89921469355284
cv_targets__stop,matched_risk,complete,eu-locality-007,2882,12.64362337688022,12.64362337688022,0.0,44.91845305630337,76.86890219592341,44.91845305630337
cv_targets__stop,matched_risk,complete,eu-locality-008,97352,15.337354829122484,15.337354829122484,0.0,55.879673738646304,114.02385448093194,55.879673738646304
cv_targets__stop,matched_risk,complete,eu-locality-020,364,6.820847701992948,6.820847701992948,0.0,22.682718227503177,49.70629992513765,22.682718227503177
cv_targets__stop,matched_risk,complete,eu-locality-048,4716,24.36859171213214,24.36859171213214,0.0,86.55480133029045,149.36088985685478,86.55480133029045
cv_targets__stop,matched_risk,complete,eu-locality-067,3417,27.54941426702566,27.54941426702566,0.0,87.49455596529795,150.0665999659543,87.49455596529795
cv_targets__stop,matched_risk,complete,eu-locality-110,5804,26.372956733643036,26.372956733643036,0.0,108.80979533687542,260.2202513909598,108.80979533687542
cv_targets__stop,matched_risk,complete,eu-locality-119,3148,26.39396248702504,26.39396248702504,0.0,102.43155573476253,188.83867927511324,102.43155573476253
cv_targets__stop,matched_risk,complete,eu-locality-124,2077,36.65817890064794,36.65817890064794,0.0,165.80020306100556,315.79700044017295,165.80020306100556
cv_targets__stop,matched_random,all,eu-locality-007,5526,12.78889741546403,12.78889741546403,0.0,43.91374371204497,76.74547333801287,43.91374371204497
cv_targets__stop,matched_random,all,eu-locality-008,157961,17.083859827978994,17.083859827978994,0.0,60.62374404800723,126.23005617866085,60.62374404800723
cv_targets__stop,matched_random,all,eu-locality-020,1225,6.397734560197722,6.397734560197722,0.0,20.63072736269522,41.37090371937323,20.63072736269522
cv_targets__stop,matched_random,all,eu-locality-048,8058,24.77687499998227,24.77687499998227,0.0,84.32822437168585,148.5004334407513,84.32822437168585
cv_targets__stop,matched_random,all,eu-locality-067,6903,26.950412405321092,26.950412405321092,0.0,88.67424623165155,154.83471062234412,88.67424623165155
cv_targets__stop,matched_random,all,eu-locality-110,8550,28.588490599011664,28.588490599011664,0.0,115.95375139943114,259.95968966626083,115.95375139943114
cv_targets__stop,matched_random,all,eu-locality-119,5639,27.306355886203043,27.306355886203043,0.0,108.26550475649688,192.3509497540389,108.26550475649688
cv_targets__stop,matched_random,all,eu-locality-124,3550,40.68602503184979,40.68602503184979,0.0,178.19707673030945,334.55067044545154,178.19707673030945
cv_targets__stop,matched_random,easy,eu-locality-007,2133,1.7337962857003137,1.7337962857003137,0.0,4.151748787205072,4.920901803275682,4.151748787205072
cv_targets__stop,matched_random,easy,eu-locality-008,52276,2.0911953733669533,2.0911953733669533,0.0,4.148556582945595,4.765391972631553,4.148556582945595
cv_targets__stop,matched_random,easy,eu-locality-020,695,1.6797249097888851,1.6797249097888851,0.0,4.357367994839923,6.369592718595578,4.357367994839923
cv_targets__stop,matched_random,easy,eu-locality-048,2050,2.0607233670843588,2.0607233670843588,0.0,4.23299982099332,4.775417317219665,4.23299982099332
cv_targets__stop,matched_random,easy,eu-locality-067,1508,2.0138383296413838,2.0138383296413838,0.0,4.328563905319695,5.433795102648117,4.328563905319695
cv_targets__stop,matched_random,easy,eu-locality-110,2579,2.035507843841304,2.035507843841304,0.0,3.995321033441541,4.588903473001199,3.995321033441541
cv_targets__stop,matched_random,easy,eu-locality-119,1658,2.14447443806715,2.14447443806715,0.0,4.209513972076153,5.970655941092775,4.209513972076153
cv_targets__stop,matched_random,easy,eu-locality-124,1006,2.252998926212277,2.252998926212277,0.0,4.180078323556514,4.735168905573619,4.180078323556514
cv_targets__stop,matched_random,hard,eu-locality-007,1023,38.49109264182182,38.49109264182182,0.0,77.7601210112468,106.93881724198937,77.7601210112468
cv_targets__stop,matched_random,hard,eu-locality-008,36762,49.27185501077751,49.27185501077751,0.0,118.79267977674958,203.24472994223123,118.79267977674958
cv_targets__stop,matched_random,hard,eu-locality-020,47,36.92354931828993,36.92354931828993,0.0,60.52355224102176,69.16719818649797,60.52355224102176
cv_targets__stop,matched_random,hard,eu-locality-048,2992,53.22121488279945,53.22121488279945,0.0,122.35551401388845,200.41270813697986,122.35551401388845
cv_targets__stop,matched_random,hard,eu-locality-067,2806,53.790613386767276,53.790613386767276,0.0,126.76220620158645,198.92434816893777,126.76220620158645
cv_targets__stop,matched_random,hard,eu-locality-110,2743,74.91660793077055,74.91660793077055,0.0,214.44871024777535,380.35594110435846,214.44871024777535
cv_targets__stop,matched_random,hard,eu-locality-119,1895,66.91884494070099,66.91884494070099,0.0,171.85187026049437,271.3240241994853,171.85187026049437
cv_targets__stop,matched_random,hard,eu-locality-124,1362,94.74100371809904,94.74100371809904,0.0,269.89921469355284,421.2415359066349,269.89921469355284
cv_targets__stop,matched_random,complete,eu-locality-007,2882,12.64362337688022,12.64362337688022,0.0,44.91845305630337,76.86890219592341,44.91845305630337
cv_targets__stop,matched_random,complete,eu-locality-008,97352,15.337354829122484,15.337354829122484,0.0,55.879673738646304,114.02385448093194,55.879673738646304
cv_targets__stop,matched_random,complete,eu-locality-020,364,6.820847701992948,6.820847701992948,0.0,22.682718227503177,49.70629992513765,22.682718227503177
cv_targets__stop,matched_random,complete,eu-locality-048,4716,24.36859171213214,24.36859171213214,0.0,86.55480133029045,149.36088985685478,86.55480133029045
cv_targets__stop,matched_random,complete,eu-locality-067,3417,27.54941426702566,27.54941426702566,0.0,87.49455596529795,150.0665999659543,87.49455596529795
cv_targets__stop,matched_random,complete,eu-locality-110,5804,26.372956733643036,26.372956733643036,0.0,108.80979533687542,260.2202513909598,108.80979533687542
cv_targets__stop,matched_random,complete,eu-locality-119,3148,26.39396248702504,26.39396248702504,0.0,102.43155573476253,188.83867927511324,102.43155573476253
cv_targets__stop,matched_random,complete,eu-locality-124,2077,36.65817890064794,36.65817890064794,0.0,165.80020306100556,315.79700044017295,165.80020306100556
cv_targets__stop_risk,ADE_vs_floor,all,eu-locality-007,5526,12.78889741546403,12.974876186915042,1.433376078290205,43.91374371204497,76.74547333801287,44.53593329502612
cv_targets__stop_risk,ADE_vs_floor,all,eu-locality-008,157961,17.083859827978994,17.310360041620548,1.308466219633575,60.62374404800723,126.23005617866085,60.77363039735514
cv_targets__stop_risk,ADE_vs_floor,all,eu-locality-020,1225,6.397734560197722,6.453703918433902,0.8672439725087688,20.63072736269522,41.37090371937323,20.63072736269522
cv_targets__stop_risk,ADE_vs_floor,all,eu-locality-048,8058,24.77687499998227,25.04006397712567,1.051071504385237,84.32822437168585,148.5004334407513,84.77644777499424
cv_targets__stop_risk,ADE_vs_floor,all,eu-locality-067,6903,26.950412405321092,27.316252363581988,1.339275803252693,88.67424623165155,154.83471062234412,88.78448286947457
cv_targets__stop_risk,ADE_vs_floor,all,eu-locality-110,8550,28.588490599011664,29.06948335408015,1.654631247517424,115.95375139943114,259.95968966626083,116.85239857000487
cv_targets__stop_risk,ADE_vs_floor,all,eu-locality-119,5639,27.306355886203043,27.551822688667723,0.8909276356719675,108.26550475649688,192.3509497540389,108.43799131047149
cv_targets__stop_risk,ADE_vs_floor,all,eu-locality-124,3550,40.68602503184979,41.20235833047124,1.253164429278797,178.19707673030945,334.55067044545154,182.70620705979104
cv_targets__stop_risk,ADE_vs_floor,easy,eu-locality-007,2133,1.7337962857003137,1.8219289613908256,4.837327775021105,4.151748787205072,4.920901803275682,4.230345133365256
cv_targets__stop_risk,ADE_vs_floor,easy,eu-locality-008,52276,2.0911953733669533,2.24421211344112,6.818283314563411,4.148556582945595,4.765391972631553,4.260181371097664
cv_targets__stop_risk,ADE_vs_floor,easy,eu-locality-020,695,1.6797249097888851,1.714816508799578,2.0463763225173293,4.357367994839923,6.369592718595578,4.367811127405618
cv_targets__stop_risk,ADE_vs_floor,easy,eu-locality-048,2050,2.0607233670843588,2.1864603155211566,5.7507080071026895,4.23299982099332,4.775417317219665,4.279426052271072
cv_targets__stop_risk,ADE_vs_floor,easy,eu-locality-067,1508,2.0138383296413838,2.0817024330364133,3.260029018462629,4.328563905319695,5.433795102648117,4.369122159901785
cv_targets__stop_risk,ADE_vs_floor,easy,eu-locality-110,2579,2.035507843841304,2.2142889877207317,8.073975206978535,3.995321033441541,4.588903473001199,4.204662309065635
cv_targets__stop_risk,ADE_vs_floor,easy,eu-locality-119,1658,2.14447443806715,2.274132807520816,5.701442282740521,4.209513972076153,5.970655941092775,4.268800105084812
cv_targets__stop_risk,ADE_vs_floor,easy,eu-locality-124,1006,2.252998926212277,2.445226719804127,7.861348480898666,4.180078323556514,4.735168905573619,4.331802122080924
cv_targets__stop_risk,ADE_vs_floor,hard,eu-locality-007,1023,38.49109264182182,39.11681576409787,1.5996269380657235,77.7601210112468,106.93881724198937,79.09141428093004
cv_targets__stop_risk,ADE_vs_floor,hard,eu-locality-008,36762,49.27185501077751,49.60410727101644,0.6698079625214182,118.79267977674958,203.24472994223123,119.58938343541159
cv_targets__stop_risk,ADE_vs_floor,hard,eu-locality-020,47,36.92354931828993,36.92354931828993,0.0,60.52355224102176,69.16719818649797,60.52355224102176
cv_targets__stop_risk,ADE_vs_floor,hard,eu-locality-048,2992,53.22121488279945,53.71464249619353,0.9186091361011006,122.35551401388845,200.41270813697986,122.60258245083135
cv_targets__stop_risk,ADE_vs_floor,hard,eu-locality-067,2806,53.790613386767276,54.56748907946629,1.4236969774578667,126.76220620158645,198.92434816893777,126.52131502707327
cv_targets__stop_risk,ADE_vs_floor,hard,eu-locality-110,2743,74.91660793077055,75.71983632200313,1.0607899201165782,214.44871024777535,380.35594110435846,216.0693714569461
cv_targets__stop_risk,ADE_vs_floor,hard,eu-locality-119,1895,66.91884494070099,67.30155948865561,0.5686562850287791,171.85187026049437,271.3240241994853,171.85187026049437
cv_targets__stop_risk,ADE_vs_floor,hard,eu-locality-124,1362,94.74100371809904,95.6305131283049,0.9301522925140304,269.89921469355284,421.2415359066349,274.4684238324386
cv_targets__stop_risk,ADE_vs_floor,complete,eu-locality-007,2882,12.64362337688022,12.92000036038779,2.1391406795539414,44.91845305630337,76.86890219592341,45.982202665686515
cv_targets__stop_risk,ADE_vs_floor,complete,eu-locality-008,97352,15.337354829122484,15.602690137792878,1.7005741082282921,55.879673738646304,114.02385448093194,55.93037708188954
cv_targets__stop_risk,ADE_vs_floor,complete,eu-locality-020,364,6.820847701992948,6.9019825286040675,1.1755292957475683,22.682718227503177,49.70629992513765,22.682718227503177
cv_targets__stop_risk,ADE_vs_floor,complete,eu-locality-048,4716,24.36859171213214,24.689171595597593,1.2984635074698714,86.55480133029045,149.36088985685478,87.5871702676999
cv_targets__stop_risk,ADE_vs_floor,complete,eu-locality-067,3417,27.54941426702566,28.011435479709043,1.6494021272778436,87.49455596529795,150.0665999659543,87.49455596529795
cv_targets__stop_risk,ADE_vs_floor,complete,eu-locality-110,5804,26.372956733643036,26.93425359592777,2.0839517987221945,108.80979533687542,260.2202513909598,109.83042543804812
cv_targets__stop_risk,ADE_vs_floor,complete,eu-locality-119,3148,26.39396248702504,26.737944969333405,1.2864955878355344,102.43155573476253,188.83867927511324,102.43155573476253
cv_targets__stop_risk,ADE_vs_floor,complete,eu-locality-124,2077,36.65817890064794,37.245512817043696,1.5769253044812137,165.80020306100556,315.79700044017295,171.59254389597885
cv_targets__stop_risk,ADE_vs_original,all,eu-locality-007,5526,12.78889741546403,12.78889741546403,0.0,43.91374371204497,76.74547333801287,43.91374371204497
cv_targets__stop_risk,ADE_vs_original,all,eu-locality-008,157961,17.083859827978994,17.08391806684599,0.00034089877255505385,60.62374404800723,126.23005617866085,60.62374404800723
cv_targets__stop_risk,ADE_vs_original,all,eu-locality-020,1225,6.397734560197722,6.397734560197722,0.0,20.63072736269522,41.37090371937323,20.63072736269522
cv_targets__stop_risk,ADE_vs_original,all,eu-locality-048,8058,24.77687499998227,24.77687499998227,0.0,84.32822437168585,148.5004334407513,84.32822437168585
cv_targets__stop_risk,ADE_vs_original,all,eu-locality-067,6903,26.950412405321092,26.950412405321092,0.0,88.67424623165155,154.83471062234412,88.67424623165155
cv_targets__stop_risk,ADE_vs_original,all,eu-locality-110,8550,28.588490599011664,28.588490599011664,0.0,115.95375139943114,259.95968966626083,115.95375139943114
cv_targets__stop_risk,ADE_vs_original,all,eu-locality-119,5639,27.306355886203043,27.306355886203043,0.0,108.26550475649688,192.3509497540389,108.26550475649688
cv_targets__stop_risk,ADE_vs_original,all,eu-locality-124,3550,40.68602503184979,40.68602503184979,0.0,178.19707673030945,334.55067044545154,178.19707673030945
cv_targets__stop_risk,ADE_vs_original,easy,eu-locality-007,2133,1.7337962857003137,1.7337962857003137,0.0,4.151748787205072,4.920901803275682,4.151748787205072
cv_targets__stop_risk,ADE_vs_original,easy,eu-locality-008,52276,2.0911953733669533,2.0912125522481326,0.0008214794407601644,4.148556582945595,4.765391972631553,4.148556582945595
cv_targets__stop_risk,ADE_vs_original,easy,eu-locality-020,695,1.6797249097888851,1.6797249097888851,0.0,4.357367994839923,6.369592718595578,4.357367994839923
cv_targets__stop_risk,ADE_vs_original,easy,eu-locality-048,2050,2.0607233670843588,2.0607233670843588,0.0,4.23299982099332,4.775417317219665,4.23299982099332
cv_targets__stop_risk,ADE_vs_original,easy,eu-locality-067,1508,2.0138383296413838,2.0138383296413838,0.0,4.328563905319695,5.433795102648117,4.328563905319695
cv_targets__stop_risk,ADE_vs_original,easy,eu-locality-110,2579,2.035507843841304,2.035507843841304,0.0,3.995321033441541,4.588903473001199,3.995321033441541
cv_targets__stop_risk,ADE_vs_original,easy,eu-locality-119,1658,2.14447443806715,2.14447443806715,0.0,4.209513972076153,5.970655941092775,4.209513972076153
cv_targets__stop_risk,ADE_vs_original,easy,eu-locality-124,1006,2.252998926212277,2.252998926212277,0.0,4.180078323556514,4.735168905573619,4.180078323556514
cv_targets__stop_risk,ADE_vs_original,hard,eu-locality-007,1023,38.49109264182182,38.49109264182182,0.0,77.7601210112468,106.93881724198937,77.7601210112468
cv_targets__stop_risk,ADE_vs_original,hard,eu-locality-008,36762,49.27185501077751,49.27204821916093,0.0003921257394456923,118.79267977674958,203.24472994223123,118.79267977674958
cv_targets__stop_risk,ADE_vs_original,hard,eu-locality-020,47,36.92354931828993,36.92354931828993,0.0,60.52355224102176,69.16719818649797,60.52355224102176
cv_targets__stop_risk,ADE_vs_original,hard,eu-locality-048,2992,53.22121488279945,53.22121488279945,0.0,122.35551401388845,200.41270813697986,122.35551401388845
cv_targets__stop_risk,ADE_vs_original,hard,eu-locality-067,2806,53.790613386767276,53.790613386767276,0.0,126.76220620158645,198.92434816893777,126.76220620158645
cv_targets__stop_risk,ADE_vs_original,hard,eu-locality-110,2743,74.91660793077055,74.91660793077055,0.0,214.44871024777535,380.35594110435846,214.44871024777535
cv_targets__stop_risk,ADE_vs_original,hard,eu-locality-119,1895,66.91884494070099,66.91884494070099,0.0,171.85187026049437,271.3240241994853,171.85187026049437
cv_targets__stop_risk,ADE_vs_original,hard,eu-locality-124,1362,94.74100371809904,94.74100371809904,0.0,269.89921469355284,421.2415359066349,269.89921469355284
cv_targets__stop_risk,FDE_vs_floor,endpoint,eu-locality-007,3935,27.225065642396977,27.826462654682768,2.1612413325722724,98.6908636089139,169.502019332493,99.63433701413419
cv_targets__stop_risk,FDE_vs_floor,endpoint,eu-locality-008,121088,32.96806715918471,33.63538951388651,1.9839887818938085,128.22411577330965,267.00968045606515,128.6535092840875
cv_targets__stop_risk,FDE_vs_floor,endpoint,eu-locality-020,622,14.322011970558963,14.545932745053438,1.539404714837711,52.375808020598235,102.34943144507893,52.375808020598235
cv_targets__stop_risk,FDE_vs_floor,endpoint,eu-locality-048,5582,52.963824985656885,53.67641471244728,1.3275658044745509,198.76292666489786,334.951402299056,200.37762711537502
cv_targets__stop_risk,FDE_vs_floor,endpoint,eu-locality-067,4600,57.34359539710653,58.38959403975901,1.7914127677274627,194.77286749387213,349.7936281446101,195.19184470752597
cv_targets__stop_risk,FDE_vs_floor,endpoint,eu-locality-110,7204,52.66705988903443,53.94011966164402,2.360135239957295,234.02905619099437,538.0295217792822,236.80639466943666
cv_targets__stop_risk,FDE_vs_floor,endpoint,eu-locality-119,4147,60.16255110239909,60.9041125887216,1.2175885253105756,243.87068521041832,445.5820913837266,244.0711469012536
cv_targets__stop_risk,FDE_vs_floor,endpoint,eu-locality-124,2645,78.00686129693685,79.6655359585729,2.0820479542101977,355.838487144209,706.5616591782045,363.62977622543167
cv_targets__stop_risk,ADE_vs_CV,easy,eu-locality-007,2133,1.7337962857003137,1.8525004364762494,6.407779908636879,4.151748787205072,4.920901803275682,4.355450553983238
cv_targets__stop_risk,ADE_vs_CV,easy,eu-locality-008,52276,2.0911953733669533,2.3343046202023725,10.414632466192131,4.148556582945595,4.765391972631553,4.477191635123733
cv_targets__stop_risk,ADE_vs_CV,easy,eu-locality-020,695,1.6797249097888851,1.6834998531827923,0.2242318813850952,4.357367994839923,6.369592718595578,4.294862621440125
cv_targets__stop_risk,ADE_vs_CV,easy,eu-locality-048,2050,2.0607233670843588,2.2919612794697164,10.089084595655052,4.23299982099332,4.775417317219665,4.484449431559784
cv_targets__stop_risk,ADE_vs_CV,easy,eu-locality-067,1508,2.0138383296413838,2.126958008841005,5.318378582436656,4.328563905319695,5.433795102648117,4.431771346846858
cv_targets__stop_risk,ADE_vs_CV,easy,eu-locality-110,2579,2.035507843841304,2.356118809479549,13.607589071837422,3.995321033441541,4.588903473001199,4.476255197977273
cv_targets__stop_risk,ADE_vs_CV,easy,eu-locality-119,1658,2.14447443806715,2.3455260977767742,8.57170849218829,4.209513972076153,5.970655941092775,4.423775218674889
cv_targets__stop_risk,ADE_vs_CV,easy,eu-locality-124,1006,2.252998926212277,2.5758364727079335,12.533309079060551,4.180078323556514,4.735168905573619,4.529853536161329
cv_targets__stop_random,ADE_vs_floor,all,eu-locality-007,5526,12.78889741546403,12.974876186915042,1.433376078290205,43.91374371204497,76.74547333801287,44.53593329502612
cv_targets__stop_random,ADE_vs_floor,all,eu-locality-008,157961,17.083859827978994,17.310360041620548,1.308466219633575,60.62374404800723,126.23005617866085,60.77363039735514
cv_targets__stop_random,ADE_vs_floor,all,eu-locality-020,1225,6.397734560197722,6.453703918433902,0.8672439725087688,20.63072736269522,41.37090371937323,20.63072736269522
cv_targets__stop_random,ADE_vs_floor,all,eu-locality-048,8058,24.77687499998227,25.04006397712567,1.051071504385237,84.32822437168585,148.5004334407513,84.77644777499424
cv_targets__stop_random,ADE_vs_floor,all,eu-locality-067,6903,26.950412405321092,27.316252363581988,1.339275803252693,88.67424623165155,154.83471062234412,88.78448286947457
cv_targets__stop_random,ADE_vs_floor,all,eu-locality-110,8550,28.588490599011664,29.06948335408015,1.654631247517424,115.95375139943114,259.95968966626083,116.85239857000487
cv_targets__stop_random,ADE_vs_floor,all,eu-locality-119,5639,27.306355886203043,27.551822688667723,0.8909276356719675,108.26550475649688,192.3509497540389,108.43799131047149
cv_targets__stop_random,ADE_vs_floor,all,eu-locality-124,3550,40.68602503184979,41.20235833047124,1.253164429278797,178.19707673030945,334.55067044545154,182.70620705979104
cv_targets__stop_random,ADE_vs_floor,easy,eu-locality-007,2133,1.7337962857003137,1.8219289613908256,4.837327775021105,4.151748787205072,4.920901803275682,4.230345133365256
cv_targets__stop_random,ADE_vs_floor,easy,eu-locality-008,52276,2.0911953733669533,2.24421211344112,6.818283314563411,4.148556582945595,4.765391972631553,4.260181371097664
cv_targets__stop_random,ADE_vs_floor,easy,eu-locality-020,695,1.6797249097888851,1.714816508799578,2.0463763225173293,4.357367994839923,6.369592718595578,4.367811127405618
cv_targets__stop_random,ADE_vs_floor,easy,eu-locality-048,2050,2.0607233670843588,2.1864603155211566,5.7507080071026895,4.23299982099332,4.775417317219665,4.279426052271072
cv_targets__stop_random,ADE_vs_floor,easy,eu-locality-067,1508,2.0138383296413838,2.0817024330364133,3.260029018462629,4.328563905319695,5.433795102648117,4.369122159901785
cv_targets__stop_random,ADE_vs_floor,easy,eu-locality-110,2579,2.035507843841304,2.2142889877207317,8.073975206978535,3.995321033441541,4.588903473001199,4.204662309065635
cv_targets__stop_random,ADE_vs_floor,easy,eu-locality-119,1658,2.14447443806715,2.274132807520816,5.701442282740521,4.209513972076153,5.970655941092775,4.268800105084812
cv_targets__stop_random,ADE_vs_floor,easy,eu-locality-124,1006,2.252998926212277,2.445226719804127,7.861348480898666,4.180078323556514,4.735168905573619,4.331802122080924
cv_targets__stop_random,ADE_vs_floor,hard,eu-locality-007,1023,38.49109264182182,39.11681576409787,1.5996269380657235,77.7601210112468,106.93881724198937,79.09141428093004
cv_targets__stop_random,ADE_vs_floor,hard,eu-locality-008,36762,49.27185501077751,49.60410727101644,0.6698079625214182,118.79267977674958,203.24472994223123,119.58938343541159
cv_targets__stop_random,ADE_vs_floor,hard,eu-locality-020,47,36.92354931828993,36.92354931828993,0.0,60.52355224102176,69.16719818649797,60.52355224102176
cv_targets__stop_random,ADE_vs_floor,hard,eu-locality-048,2992,53.22121488279945,53.71464249619353,0.9186091361011006,122.35551401388845,200.41270813697986,122.60258245083135
cv_targets__stop_random,ADE_vs_floor,hard,eu-locality-067,2806,53.790613386767276,54.56748907946629,1.4236969774578667,126.76220620158645,198.92434816893777,126.52131502707327
cv_targets__stop_random,ADE_vs_floor,hard,eu-locality-110,2743,74.91660793077055,75.71983632200313,1.0607899201165782,214.44871024777535,380.35594110435846,216.0693714569461
cv_targets__stop_random,ADE_vs_floor,hard,eu-locality-119,1895,66.91884494070099,67.30155948865561,0.5686562850287791,171.85187026049437,271.3240241994853,171.85187026049437
cv_targets__stop_random,ADE_vs_floor,hard,eu-locality-124,1362,94.74100371809904,95.6305131283049,0.9301522925140304,269.89921469355284,421.2415359066349,274.4684238324386
cv_targets__stop_random,ADE_vs_floor,complete,eu-locality-007,2882,12.64362337688022,12.92000036038779,2.1391406795539414,44.91845305630337,76.86890219592341,45.982202665686515
cv_targets__stop_random,ADE_vs_floor,complete,eu-locality-008,97352,15.337354829122484,15.602690137792878,1.7005741082282921,55.879673738646304,114.02385448093194,55.93037708188954
cv_targets__stop_random,ADE_vs_floor,complete,eu-locality-020,364,6.820847701992948,6.9019825286040675,1.1755292957475683,22.682718227503177,49.70629992513765,22.682718227503177
cv_targets__stop_random,ADE_vs_floor,complete,eu-locality-048,4716,24.36859171213214,24.689171595597593,1.2984635074698714,86.55480133029045,149.36088985685478,87.5871702676999
cv_targets__stop_random,ADE_vs_floor,complete,eu-locality-067,3417,27.54941426702566,28.011435479709043,1.6494021272778436,87.49455596529795,150.0665999659543,87.49455596529795
cv_targets__stop_random,ADE_vs_floor,complete,eu-locality-110,5804,26.372956733643036,26.93425359592777,2.0839517987221945,108.80979533687542,260.2202513909598,109.83042543804812
cv_targets__stop_random,ADE_vs_floor,complete,eu-locality-119,3148,26.39396248702504,26.737944969333405,1.2864955878355344,102.43155573476253,188.83867927511324,102.43155573476253
cv_targets__stop_random,ADE_vs_floor,complete,eu-locality-124,2077,36.65817890064794,37.245512817043696,1.5769253044812137,165.80020306100556,315.79700044017295,171.59254389597885
cv_targets__stop_random,ADE_vs_original,all,eu-locality-007,5526,12.78889741546403,12.78889741546403,0.0,43.91374371204497,76.74547333801287,43.91374371204497
cv_targets__stop_random,ADE_vs_original,all,eu-locality-008,157961,17.083859827978994,17.08391806684599,0.00034089877255505385,60.62374404800723,126.23005617866085,60.62374404800723
cv_targets__stop_random,ADE_vs_original,all,eu-locality-020,1225,6.397734560197722,6.397734560197722,0.0,20.63072736269522,41.37090371937323,20.63072736269522
cv_targets__stop_random,ADE_vs_original,all,eu-locality-048,8058,24.77687499998227,24.77687499998227,0.0,84.32822437168585,148.5004334407513,84.32822437168585
cv_targets__stop_random,ADE_vs_original,all,eu-locality-067,6903,26.950412405321092,26.950412405321092,0.0,88.67424623165155,154.83471062234412,88.67424623165155
cv_targets__stop_random,ADE_vs_original,all,eu-locality-110,8550,28.588490599011664,28.588490599011664,0.0,115.95375139943114,259.95968966626083,115.95375139943114
cv_targets__stop_random,ADE_vs_original,all,eu-locality-119,5639,27.306355886203043,27.306355886203043,0.0,108.26550475649688,192.3509497540389,108.26550475649688
cv_targets__stop_random,ADE_vs_original,all,eu-locality-124,3550,40.68602503184979,40.68602503184979,0.0,178.19707673030945,334.55067044545154,178.19707673030945
cv_targets__stop_random,ADE_vs_original,easy,eu-locality-007,2133,1.7337962857003137,1.7337962857003137,0.0,4.151748787205072,4.920901803275682,4.151748787205072
cv_targets__stop_random,ADE_vs_original,easy,eu-locality-008,52276,2.0911953733669533,2.0912125522481326,0.0008214794407601644,4.148556582945595,4.765391972631553,4.148556582945595
cv_targets__stop_random,ADE_vs_original,easy,eu-locality-020,695,1.6797249097888851,1.6797249097888851,0.0,4.357367994839923,6.369592718595578,4.357367994839923
cv_targets__stop_random,ADE_vs_original,easy,eu-locality-048,2050,2.0607233670843588,2.0607233670843588,0.0,4.23299982099332,4.775417317219665,4.23299982099332
cv_targets__stop_random,ADE_vs_original,easy,eu-locality-067,1508,2.0138383296413838,2.0138383296413838,0.0,4.328563905319695,5.433795102648117,4.328563905319695
cv_targets__stop_random,ADE_vs_original,easy,eu-locality-110,2579,2.035507843841304,2.035507843841304,0.0,3.995321033441541,4.588903473001199,3.995321033441541
cv_targets__stop_random,ADE_vs_original,easy,eu-locality-119,1658,2.14447443806715,2.14447443806715,0.0,4.209513972076153,5.970655941092775,4.209513972076153
cv_targets__stop_random,ADE_vs_original,easy,eu-locality-124,1006,2.252998926212277,2.252998926212277,0.0,4.180078323556514,4.735168905573619,4.180078323556514
cv_targets__stop_random,ADE_vs_original,hard,eu-locality-007,1023,38.49109264182182,38.49109264182182,0.0,77.7601210112468,106.93881724198937,77.7601210112468
cv_targets__stop_random,ADE_vs_original,hard,eu-locality-008,36762,49.27185501077751,49.27204821916093,0.0003921257394456923,118.79267977674958,203.24472994223123,118.79267977674958
cv_targets__stop_random,ADE_vs_original,hard,eu-locality-020,47,36.92354931828993,36.92354931828993,0.0,60.52355224102176,69.16719818649797,60.52355224102176
cv_targets__stop_random,ADE_vs_original,hard,eu-locality-048,2992,53.22121488279945,53.22121488279945,0.0,122.35551401388845,200.41270813697986,122.35551401388845
cv_targets__stop_random,ADE_vs_original,hard,eu-locality-067,2806,53.790613386767276,53.790613386767276,0.0,126.76220620158645,198.92434816893777,126.76220620158645
cv_targets__stop_random,ADE_vs_original,hard,eu-locality-110,2743,74.91660793077055,74.91660793077055,0.0,214.44871024777535,380.35594110435846,214.44871024777535
cv_targets__stop_random,ADE_vs_original,hard,eu-locality-119,1895,66.91884494070099,66.91884494070099,0.0,171.85187026049437,271.3240241994853,171.85187026049437
cv_targets__stop_random,ADE_vs_original,hard,eu-locality-124,1362,94.74100371809904,94.74100371809904,0.0,269.89921469355284,421.2415359066349,269.89921469355284
cv_targets__stop_random,FDE_vs_floor,endpoint,eu-locality-007,3935,27.225065642396977,27.826462654682768,2.1612413325722724,98.6908636089139,169.502019332493,99.63433701413419
cv_targets__stop_random,FDE_vs_floor,endpoint,eu-locality-008,121088,32.96806715918471,33.63538951388651,1.9839887818938085,128.22411577330965,267.00968045606515,128.6535092840875
cv_targets__stop_random,FDE_vs_floor,endpoint,eu-locality-020,622,14.322011970558963,14.545932745053438,1.539404714837711,52.375808020598235,102.34943144507893,52.375808020598235
cv_targets__stop_random,FDE_vs_floor,endpoint,eu-locality-048,5582,52.963824985656885,53.67641471244728,1.3275658044745509,198.76292666489786,334.951402299056,200.37762711537502
cv_targets__stop_random,FDE_vs_floor,endpoint,eu-locality-067,4600,57.34359539710653,58.38959403975901,1.7914127677274627,194.77286749387213,349.7936281446101,195.19184470752597
cv_targets__stop_random,FDE_vs_floor,endpoint,eu-locality-110,7204,52.66705988903443,53.94011966164402,2.360135239957295,234.02905619099437,538.0295217792822,236.80639466943666
cv_targets__stop_random,FDE_vs_floor,endpoint,eu-locality-119,4147,60.16255110239909,60.9041125887216,1.2175885253105756,243.87068521041832,445.5820913837266,244.0711469012536
cv_targets__stop_random,FDE_vs_floor,endpoint,eu-locality-124,2645,78.00686129693685,79.6655359585729,2.0820479542101977,355.838487144209,706.5616591782045,363.62977622543167
cv_targets__stop_random,ADE_vs_CV,easy,eu-locality-007,2133,1.7337962857003137,1.8525004364762494,6.407779908636879,4.151748787205072,4.920901803275682,4.355450553983238
cv_targets__stop_random,ADE_vs_CV,easy,eu-locality-008,52276,2.0911953733669533,2.3343046202023725,10.414632466192131,4.148556582945595,4.765391972631553,4.477191635123733
cv_targets__stop_random,ADE_vs_CV,easy,eu-locality-020,695,1.6797249097888851,1.6834998531827923,0.2242318813850952,4.357367994839923,6.369592718595578,4.294862621440125
cv_targets__stop_random,ADE_vs_CV,easy,eu-locality-048,2050,2.0607233670843588,2.2919612794697164,10.089084595655052,4.23299982099332,4.775417317219665,4.484449431559784
cv_targets__stop_random,ADE_vs_CV,easy,eu-locality-067,1508,2.0138383296413838,2.126958008841005,5.318378582436656,4.328563905319695,5.433795102648117,4.431771346846858
cv_targets__stop_random,ADE_vs_CV,easy,eu-locality-110,2579,2.035507843841304,2.356118809479549,13.607589071837422,3.995321033441541,4.588903473001199,4.476255197977273
cv_targets__stop_random,ADE_vs_CV,easy,eu-locality-119,1658,2.14447443806715,2.3455260977767742,8.57170849218829,4.209513972076153,5.970655941092775,4.423775218674889
cv_targets__stop_random,ADE_vs_CV,easy,eu-locality-124,1006,2.252998926212277,2.5758364727079335,12.533309079060551,4.180078323556514,4.735168905573619,4.529853536161329
cv_targets__support,ADE_vs_floor,all,eu-locality-007,5526,12.79111402885515,12.974876186915042,1.4162921897105551,43.91374371204497,76.74547333801287,44.53593329502612
cv_targets__support,ADE_vs_floor,all,eu-locality-008,157961,17.100490712222644,17.310360041620548,1.21239147477753,60.67489940529242,126.25490197889216,60.77363039735514
cv_targets__support,ADE_vs_floor,all,eu-locality-020,1225,6.4017269076789125,6.453703918433902,0.8053826362645178,20.63072736269522,41.37090371937323,20.63072736269522
cv_targets__support,ADE_vs_floor,all,eu-locality-048,8058,24.780003353049793,25.04006397712567,1.0385781135121896,84.32822437168585,148.5004334407513,84.77644777499424
cv_targets__support,ADE_vs_floor,all,eu-locality-067,6903,26.95498296161414,27.316252363581988,1.322543799783804,88.7408126959883,154.83471062234412,88.78448286947457
cv_targets__support,ADE_vs_floor,all,eu-locality-110,8550,28.70948391384509,29.06948335408015,1.2384101769202238,115.95375139943114,261.4152450345212,116.85239857000487
cv_targets__support,ADE_vs_floor,all,eu-locality-119,5639,27.311593157996885,27.551822688667723,0.8719188323233706,108.26550475649688,192.3509497540389,108.43799131047149
cv_targets__support,ADE_vs_floor,all,eu-locality-124,3550,40.69865584458945,41.20235833047124,1.2225088715596022,178.19707673030945,334.55067044545154,182.70620705979104
cv_targets__support,ADE_vs_floor,easy,eu-locality-007,2133,1.7352698638470794,1.8219289613908256,4.756447665094054,4.154837263210417,4.920901803275682,4.230345133365256
cv_targets__support,ADE_vs_floor,easy,eu-locality-008,52276,2.093572824276576,2.24421211344112,6.712346317994178,4.152641600852407,4.759370668703735,4.260181371097664
cv_targets__support,ADE_vs_floor,easy,eu-locality-020,695,1.681888740500014,1.714816508799578,1.9201919348568852,4.357367994839923,6.369592718595578,4.367811127405618
cv_targets__support,ADE_vs_floor,easy,eu-locality-048,2050,2.055162535555844,2.1864603155211566,6.005038327623025,4.23299982099332,4.757161930665785,4.279426052271072
cv_targets__support,ADE_vs_floor,easy,eu-locality-067,1508,2.009450879629676,2.0817024330364133,3.4707916107562853,4.325988505867179,5.433795102648117,4.369122159901785
cv_targets__support,ADE_vs_floor,easy,eu-locality-110,2579,2.035408710383851,2.2142889877207317,8.078452195212794,3.995321033441541,4.566010666212732,4.204662309065635
cv_targets__support,ADE_vs_floor,easy,eu-locality-119,1658,2.1481854609060154,2.274132807520816,5.538258196631185,4.209513972076153,5.970655941092775,4.268800105084812
cv_targets__support,ADE_vs_floor,easy,eu-locality-124,1006,2.255487292647219,2.445226719804127,7.759584238966067,4.176798267874475,4.723377029153014,4.331802122080924
cv_targets__support,ADE_vs_floor,hard,eu-locality-007,1023,38.47933689499897,39.11681576409787,1.6296798618357644,77.7601210112468,106.93881724198937,79.09141428093004
cv_targets__support,ADE_vs_floor,hard,eu-locality-008,36762,49.31740328412465,49.60410727101644,0.5779843699743492,118.79267977674958,203.90224026305646,119.58938343541159
cv_targets__support,ADE_vs_floor,hard,eu-locality-020,47,36.92354931828993,36.92354931828993,0.0,60.52355224102176,69.16719818649797,60.52355224102176
cv_targets__support,ADE_vs_floor,hard,eu-locality-048,2992,53.226231292295076,53.71464249619353,0.90927013790153,122.35551401388845,200.41270813697986,122.60258245083135
cv_targets__support,ADE_vs_floor,hard,eu-locality-067,2806,53.79960662629415,54.56748907946629,1.4072160294087865,126.76220620158645,198.92434816893777,126.52131502707327
cv_targets__support,ADE_vs_floor,hard,eu-locality-110,2743,75.27896591506271,75.71983632200313,0.5822389856544263,216.0693714569461,390.73231584687846,216.0693714569461
cv_targets__support,ADE_vs_floor,hard,eu-locality-119,1895,66.91843279928204,67.30155948865561,0.5692686652203793,171.85187026049437,271.3240241994853,171.85187026049437
cv_targets__support,ADE_vs_floor,hard,eu-locality-124,1362,94.76266526484667,95.6305131283049,0.9075010005372031,269.89921469355284,421.2415359066349,274.4684238324386
cv_targets__support,ADE_vs_floor,complete,eu-locality-007,2882,12.647333623764121,12.92000036038779,2.1104235992102205,44.91845305630337,76.86890219592341,45.982202665686515
cv_targets__support,ADE_vs_floor,complete,eu-locality-008,97352,15.353277574579362,15.602690137792878,1.5985228253004191,55.91907196958185,114.02385448093194,55.93037708188954
cv_targets__support,ADE_vs_floor,complete,eu-locality-020,364,6.821300255822046,6.9019825286040675,1.1689724285398828,22.682718227503177,49.70629992513765,22.682718227503177
cv_targets__support,ADE_vs_floor,complete,eu-locality-048,4716,24.37580443885941,24.689171595597593,1.2692493773021507,86.55480133029045,149.36088985685478,87.5871702676999
cv_targets__support,ADE_vs_floor,complete,eu-locality-067,3417,27.550891719767403,28.011435479709043,1.64412766448635,87.49455596529795,150.0665999659543,87.49455596529795
cv_targets__support,ADE_vs_floor,complete,eu-locality-110,5804,26.518549984115747,26.93425359592777,1.543401269062361,108.80979533687542,261.5364238541321,109.83042543804812
cv_targets__support,ADE_vs_floor,complete,eu-locality-119,3148,26.402778384240477,26.737944969333405,1.2535241039554168,102.43155573476253,188.83867927511324,102.43155573476253
cv_targets__support,ADE_vs_floor,complete,eu-locality-124,2077,36.67014986571033,37.245512817043696,1.5447846138128107,165.80020306100556,315.79700044017295,171.59254389597885
cv_targets__support,ADE_vs_original,all,eu-locality-007,5526,12.79111402885515,12.78889741546403,-0.017332325994257047,43.91374371204497,76.74547333801287,43.91374371204497
cv_targets__support,ADE_vs_original,all,eu-locality-008,157961,17.100490712222644,17.08391806684599,-0.09700728668804448,60.67489940529242,126.25490197889216,60.62374404800723
cv_targets__support,ADE_vs_original,all,eu-locality-020,1225,6.4017269076789125,6.397734560197722,-0.0624025183231014,20.63072736269522,41.37090371937323,20.63072736269522
cv_targets__support,ADE_vs_original,all,eu-locality-048,8058,24.780003353049793,24.77687499998227,-0.012626100214530034,84.32822437168585,148.5004334407513,84.32822437168585
cv_targets__support,ADE_vs_original,all,eu-locality-067,6903,26.95498296161414,26.950412405321092,-0.016959133034055718,88.7408126959883,154.83471062234412,88.67424623165155
cv_targets__support,ADE_vs_original,all,eu-locality-110,8550,28.70948391384509,28.588490599011664,-0.4232238649130027,115.95375139943114,261.4152450345212,115.95375139943114
cv_targets__support,ADE_vs_original,all,eu-locality-119,5639,27.311593157996885,27.306355886203043,-0.019179680421910206,108.26550475649688,192.3509497540389,108.26550475649688
cv_targets__support,ADE_vs_original,all,eu-locality-124,3550,40.69865584458945,40.68602503184979,-0.031044597573193222,178.19707673030945,334.55067044545154,178.19707673030945
cv_targets__support,ADE_vs_original,easy,eu-locality-007,2133,1.7352698638470794,1.7337962857003137,-0.08499142367064394,4.154837263210417,4.920901803275682,4.151748787205072
cv_targets__support,ADE_vs_original,easy,eu-locality-008,52276,2.093572824276576,2.0912125522481326,-0.11286619458676928,4.152641600852407,4.759370668703735,4.148556582945595
cv_targets__support,ADE_vs_original,easy,eu-locality-020,695,1.681888740500014,1.6797249097888851,-0.12882054070395554,4.357367994839923,6.369592718595578,4.357367994839923
cv_targets__support,ADE_vs_original,easy,eu-locality-048,2050,2.055162535555844,2.0607233670843588,0.2698485210260282,4.23299982099332,4.757161930665785,4.23299982099332
cv_targets__support,ADE_vs_original,easy,eu-locality-067,1508,2.009450879629676,2.0138383296413838,0.21786505635181808,4.325988505867179,5.433795102648117,4.328563905319695
cv_targets__support,ADE_vs_original,easy,eu-locality-110,2579,2.035408710383851,2.035507843841304,0.004870207587392983,3.995321033441541,4.566010666212732,3.995321033441541
cv_targets__support,ADE_vs_original,easy,eu-locality-119,1658,2.1481854609060154,2.14447443806715,-0.17305045809781205,4.209513972076153,5.970655941092775,4.209513972076153
cv_targets__support,ADE_vs_original,easy,eu-locality-124,1006,2.255487292647219,2.252998926212277,-0.11044685401273568,4.176798267874475,4.723377029153014,4.180078323556514
cv_targets__support,ADE_vs_original,hard,eu-locality-007,1023,38.47933689499897,38.49109264182182,0.030541473405920616,77.7601210112468,106.93881724198937,77.7601210112468
cv_targets__support,ADE_vs_original,hard,eu-locality-008,36762,49.31740328412465,49.27204821916093,-0.0920502934280032,118.79267977674958,203.90224026305646,118.79267977674958
cv_targets__support,ADE_vs_original,hard,eu-locality-020,47,36.92354931828993,36.92354931828993,0.0,60.52355224102176,69.16719818649797,60.52355224102176
cv_targets__support,ADE_vs_original,hard,eu-locality-048,2992,53.226231292295076,53.22121488279945,-0.009425582461197735,122.35551401388845,200.41270813697986,122.35551401388845
cv_targets__support,ADE_vs_original,hard,eu-locality-067,2806,53.79960662629415,53.790613386767276,-0.016718975599339103,126.76220620158645,198.92434816893777,126.76220620158645
cv_targets__support,ADE_vs_original,hard,eu-locality-110,2743,75.27896591506271,74.91660793077055,-0.4836817820516037,216.0693714569461,390.73231584687846,214.44871024777535
cv_targets__support,ADE_vs_original,hard,eu-locality-119,1895,66.91843279928204,66.91884494070099,0.0006158824458424306,171.85187026049437,271.3240241994853,171.85187026049437
cv_targets__support,ADE_vs_original,hard,eu-locality-124,1362,94.76266526484667,94.74100371809904,-0.022863961640195996,269.89921469355284,421.2415359066349,269.89921469355284
cv_targets__support,FDE_vs_floor,endpoint,eu-locality-007,3935,27.238108153118056,27.826462654682768,2.1143704425028664,98.6908636089139,169.502019332493,99.63433701413419
cv_targets__support,FDE_vs_floor,endpoint,eu-locality-008,121088,33.01597362074976,33.63538951388651,1.841560041637158,128.2719563623789,267.49019275236185,128.6535092840875
cv_targets__support,FDE_vs_floor,endpoint,eu-locality-020,622,14.336840942430813,14.545932745053438,1.4374588848125258,52.375808020598235,102.34943144507893,52.375808020598235
cv_targets__support,FDE_vs_floor,endpoint,eu-locality-048,5582,52.98139681424163,53.67641471244728,1.2948292130332661,198.76292666489786,334.951402299056,200.37762711537502
cv_targets__support,FDE_vs_floor,endpoint,eu-locality-067,4600,57.357492417090704,58.38959403975901,1.767612259755602,194.77286749387213,349.7936281446101,195.19184470752597
cv_targets__support,FDE_vs_floor,endpoint,eu-locality-110,7204,52.95666043850828,53.94011966164402,1.8232425684347575,234.45378179997974,539.3425618903042,236.80639466943666
cv_targets__support,FDE_vs_floor,endpoint,eu-locality-119,4147,60.183475820531584,60.9041125887216,1.1832317023587446,243.87068521041832,445.5820913837266,244.0711469012536
cv_targets__support,FDE_vs_floor,endpoint,eu-locality-124,2645,78.05060616616481,79.6655359585729,2.027137297171855,355.838487144209,706.960243386379,363.62977622543167
cv_targets__support,ADE_vs_CV,easy,eu-locality-007,2133,1.7352698638470794,1.8525004364762494,6.3282345483362645,4.154837263210417,4.920901803275682,4.355450553983238
cv_targets__support,ADE_vs_CV,easy,eu-locality-008,52276,2.093572824276576,2.3343046202023725,10.312784108910622,4.152641600852407,4.759370668703735,4.477191635123733
cv_targets__support,ADE_vs_CV,easy,eu-locality-020,695,1.681888740500014,1.6834998531827923,0.09570019740318125,4.357367994839923,6.369592718595578,4.294862621440125
cv_targets__support,ADE_vs_CV,easy,eu-locality-048,2050,2.055162535555844,2.2919612794697164,10.331707871114649,4.23299982099332,4.757161930665785,4.484449431559784
cv_targets__support,ADE_vs_CV,easy,eu-locality-067,1508,2.009450879629676,2.126958008841005,5.524656750292856,4.325988505867179,5.433795102648117,4.431771346846858
cv_targets__support,ADE_vs_CV,easy,eu-locality-110,2579,2.035408710383851,2.356118809479549,13.611796561589385,3.995321033441541,4.566010666212732,4.476255197977273
cv_targets__support,ADE_vs_CV,easy,eu-locality-119,1658,2.1481854609060154,2.3455260977767742,8.41349141490303,4.209513972076153,5.970655941092775,4.423775218674889
cv_targets__support,ADE_vs_CV,easy,eu-locality-124,1006,2.255487292647219,2.5758364727079335,12.436704870629345,4.176798267874475,4.723377029153014,4.529853536161329
cv_targets__support,matched_risk,all,eu-locality-007,5526,12.79111402885515,12.796715940176533,0.04377616372490678,43.91374371204497,76.74547333801287,43.91374371204497
cv_targets__support,matched_risk,all,eu-locality-008,157961,17.100490712222644,17.104541357275895,0.02368169346749216,60.67489940529242,126.25490197889216,60.65609227542981
cv_targets__support,matched_risk,all,eu-locality-020,1225,6.4017269076789125,6.4017269076789125,0.0,20.63072736269522,41.37090371937323,20.63072736269522
cv_targets__support,matched_risk,all,eu-locality-048,8058,24.780003353049793,24.784923384580672,0.01985090473969331,84.32822437168585,148.5004334407513,84.32822437168585
cv_targets__support,matched_risk,all,eu-locality-067,6903,26.95498296161414,26.96878175362773,0.05116579658529519,88.7408126959883,154.83471062234412,88.7408126959883
cv_targets__support,matched_risk,all,eu-locality-110,8550,28.70948391384509,28.63617295288937,-0.25600823502611725,115.95375139943114,261.4152450345212,115.95375139943114
cv_targets__support,matched_risk,all,eu-locality-119,5639,27.311593157996885,27.32214309924799,0.03861315421994638,108.26550475649688,192.3509497540389,108.26550475649688
cv_targets__support,matched_risk,all,eu-locality-124,3550,40.69865584458945,40.73210516137882,0.08212027504309605,178.19707673030945,334.55067044545154,178.19707673030945
cv_targets__support,matched_risk,easy,eu-locality-007,2133,1.7352698638470794,1.7408682983953494,0.32158863214583056,4.154837263210417,4.920901803275682,4.164400154143503
cv_targets__support,matched_risk,easy,eu-locality-008,52276,2.093572824276576,2.096242923151659,0.12737545088851165,4.152641600852407,4.759370668703735,4.1582935379224
cv_targets__support,matched_risk,easy,eu-locality-020,695,1.681888740500014,1.681888740500014,0.0,4.357367994839923,6.369592718595578,4.357367994839923
cv_targets__support,matched_risk,easy,eu-locality-048,2050,2.055162535555844,2.059333156039439,0.20252286383889428,4.23299982099332,4.757161930665785,4.23299982099332
cv_targets__support,matched_risk,easy,eu-locality-067,1508,2.009450879629676,2.0108486722027226,0.06951256911418291,4.325988505867179,5.433795102648117,4.325988505867179
cv_targets__support,matched_risk,easy,eu-locality-110,2579,2.035408710383851,2.041352950469816,0.2911911967304226,3.995321033441541,4.566010666212732,4.004682582334329
cv_targets__support,matched_risk,easy,eu-locality-119,1658,2.1481854609060154,2.148152772164371,-0.0015217140078460645,4.209513972076153,5.970655941092775,4.21730293245971
cv_targets__support,matched_risk,easy,eu-locality-124,1006,2.255487292647219,2.2541686748306144,-0.05849685657191017,4.176798267874475,4.723377029153014,4.176798267874475
cv_targets__support,matched_risk,hard,eu-locality-007,1023,38.47933689499897,38.518942610596646,0.10282139880646302,77.7601210112468,106.93881724198937,77.7601210112468
cv_targets__support,matched_risk,hard,eu-locality-008,36762,49.31740328412465,49.32178065854473,0.008875134599017898,118.79267977674958,203.90224026305646,118.95388343713701
cv_targets__support,matched_risk,hard,eu-locality-020,47,36.92354931828993,36.92354931828993,0.0,60.52355224102176,69.16719818649797,60.52355224102176
cv_targets__support,matched_risk,hard,eu-locality-048,2992,53.226231292295076,53.24529645734912,0.035806289611550746,122.35551401388845,200.41270813697986,122.40902882819118
cv_targets__support,matched_risk,hard,eu-locality-067,2806,53.79960662629415,53.82842426234314,0.053536094440631565,126.76220620158645,198.92434816893777,126.52131502707327
cv_targets__support,matched_risk,hard,eu-locality-110,2743,75.27896591506271,74.99811901608516,-0.374471923645614,216.0693714569461,390.73231584687846,214.44871024777535
cv_targets__support,matched_risk,hard,eu-locality-119,1895,66.91843279928204,66.93668027679911,0.027260804452222676,171.85187026049437,271.3240241994853,171.85187026049437
cv_targets__support,matched_risk,hard,eu-locality-124,1362,94.76266526484667,94.82534040011046,0.06609534434501851,269.89921469355284,421.2415359066349,271.3821345043969
cv_targets__support,matched_risk,complete,eu-locality-007,2882,12.647333623764121,12.663238679302816,0.12560021919740816,44.91845305630337,76.86890219592341,44.91845305630337
cv_targets__support,matched_risk,complete,eu-locality-008,97352,15.353277574579362,15.360855420961123,0.04933218999912947,55.91907196958185,114.02385448093194,55.91315250456289
cv_targets__support,matched_risk,complete,eu-locality-020,364,6.821300255822046,6.821300255822046,0.0,22.682718227503177,49.70629992513765,22.682718227503177
cv_targets__support,matched_risk,complete,eu-locality-048,4716,24.37580443885941,24.3762748978905,0.0019299873875722184,86.55480133029045,149.36088985685478,86.55480133029045
cv_targets__support,matched_risk,complete,eu-locality-067,3417,27.550891719767403,27.570963961051586,0.07280210192337488,87.49455596529795,150.0665999659543,87.49455596529795
cv_targets__support,matched_risk,complete,eu-locality-110,5804,26.518549984115747,26.41594566825815,-0.3884181060414882,108.80979533687542,261.5364238541321,108.80979533687542
cv_targets__support,matched_risk,complete,eu-locality-119,3148,26.402778384240477,26.42220541280505,0.07352538617066973,102.43155573476253,188.83867927511324,102.43155573476253
cv_targets__support,matched_risk,complete,eu-locality-124,2077,36.67014986571033,36.70201819712576,0.08682991557649178,165.80020306100556,315.79700044017295,165.80020306100556
cv_targets__support,matched_random,all,eu-locality-007,5526,12.79111402885515,12.79930776832178,0.06401705166360072,43.91374371204497,76.74547333801287,44.01737296753018
cv_targets__support,matched_random,all,eu-locality-008,157961,17.100490712222644,17.097569739547367,-0.01708413955767707,60.67489940529242,126.25490197889216,60.61325607257187
cv_targets__support,matched_random,all,eu-locality-020,1225,6.4017269076789125,6.4017269076789125,0.0,20.63072736269522,41.37090371937323,20.63072736269522
cv_targets__support,matched_random,all,eu-locality-048,8058,24.780003353049793,24.787692464425817,0.031019875638116368,84.32822437168585,148.5004334407513,84.32822437168585
cv_targets__support,matched_random,all,eu-locality-067,6903,26.95498296161414,26.96380964398024,0.032735294020569405,88.7408126959883,154.83471062234412,88.7408126959883
cv_targets__support,matched_random,all,eu-locality-110,8550,28.70948391384509,28.623367463306973,-0.3008606539692149,115.95375139943114,261.4152450345212,115.95375139943114
cv_targets__support,matched_random,all,eu-locality-119,5639,27.311593157996885,27.308267495908883,-0.012178224372894064,108.26550475649688,192.3509497540389,108.26550475649688
cv_targets__support,matched_random,all,eu-locality-124,3550,40.69865584458945,40.7264046805441,0.0681347547673461,178.19707673030945,334.55067044545154,178.19707673030945
cv_targets__support,matched_random,easy,eu-locality-007,2133,1.7352698638470794,1.7384252056747065,0.1815057568957945,4.154837263210417,4.920901803275682,4.158966596089879
cv_targets__support,matched_random,easy,eu-locality-008,52276,2.093572824276576,2.097764453500445,0.19981410290724755,4.152641600852407,4.759370668703735,4.155217060772909
cv_targets__support,matched_random,easy,eu-locality-020,695,1.681888740500014,1.681888740500014,0.0,4.357367994839923,6.369592718595578,4.357367994839923
cv_targets__support,matched_random,easy,eu-locality-048,2050,2.055162535555844,2.0662034311742756,0.5343566587805437,4.23299982099332,4.757161930665785,4.24615044373225
cv_targets__support,matched_random,easy,eu-locality-067,1508,2.009450879629676,2.0146705962946787,0.25908536485332867,4.325988505867179,5.433795102648117,4.327806847863975
cv_targets__support,matched_random,easy,eu-locality-110,2579,2.035408710383851,2.0461536999821597,0.5251311081079679,3.995321033441541,4.566010666212732,4.006042427405214
cv_targets__support,matched_random,easy,eu-locality-119,1658,2.1481854609060154,2.148353466469153,0.00782020118009763,4.209513972076153,5.970655941092775,4.209513972076153
cv_targets__support,matched_random,easy,eu-locality-124,1006,2.255487292647219,2.2567568929683075,0.05625773538321388,4.176798267874475,4.723377029153014,4.183351542830911
cv_targets__support,matched_random,hard,eu-locality-007,1023,38.47933689499897,38.51713301442224,0.09812807045923577,77.7601210112468,106.93881724198937,77.7601210112468
cv_targets__support,matched_random,hard,eu-locality-008,36762,49.31740328412465,49.29614767904085,-0.0431181868859154,118.79267977674958,203.90224026305646,118.79344628414066
cv_targets__support,matched_random,hard,eu-locality-020,47,36.92354931828993,36.92354931828993,0.0,60.52355224102176,69.16719818649797,60.52355224102176
cv_targets__support,matched_random,hard,eu-locality-048,2992,53.226231292295076,53.23896120503433,0.023910896176637664,122.35551401388845,200.41270813697986,122.40902882819118
cv_targets__support,matched_random,hard,eu-locality-067,2806,53.79960662629415,53.81720917353623,0.03270802687912466,126.76220620158645,198.92434816893777,126.52131502707327
cv_targets__support,matched_random,hard,eu-locality-110,2743,75.27896591506271,74.99906553670273,-0.3732051544335757,216.0693714569461,390.73231584687846,214.44871024777535
cv_targets__support,matched_random,hard,eu-locality-119,1895,66.91843279928204,66.91109748939098,-0.01096277025232073,171.85187026049437,271.3240241994853,171.85187026049437
cv_targets__support,matched_random,hard,eu-locality-124,1362,94.76266526484667,94.82701062933671,0.06785552350854207,269.89921469355284,421.2415359066349,271.3821345043969
cv_targets__support,matched_random,complete,eu-locality-007,2882,12.647333623764121,12.656044194811283,0.06882538424394236,44.91845305630337,76.86890219592341,44.91845305630337
cv_targets__support,matched_random,complete,eu-locality-008,97352,15.353277574579362,15.350365376260102,-0.018971524441790955,55.91907196958185,114.02385448093194,55.88054162051029
cv_targets__support,matched_random,complete,eu-locality-020,364,6.821300255822046,6.821300255822046,0.0,22.682718227503177,49.70629992513765,22.682718227503177
cv_targets__support,matched_random,complete,eu-locality-048,4716,24.37580443885941,24.385405977722733,0.03937411938965685,86.55480133029045,149.36088985685478,86.55480133029045
cv_targets__support,matched_random,complete,eu-locality-067,3417,27.550891719767403,27.569434829675068,0.06725966644663961,87.49455596529795,150.0665999659543,87.49455596529795
cv_targets__support,matched_random,complete,eu-locality-110,5804,26.518549984115747,26.40224708004843,-0.4405038090686153,108.80979533687542,261.5364238541321,108.80979533687542
cv_targets__support,matched_random,complete,eu-locality-119,3148,26.402778384240477,26.3978463420033,-0.018683502333027846,102.43155573476253,188.83867927511324,102.43155573476253
cv_targets__support,matched_random,complete,eu-locality-124,2077,36.67014986571033,36.68209022396553,0.03255092112336433,165.80020306100556,315.79700044017295,165.80020306100556
cv_targets__support_risk,ADE_vs_floor,all,eu-locality-007,5526,12.796715940176533,12.974876186915042,1.3731171239859785,43.91374371204497,76.74547333801287,44.53593329502612
cv_targets__support_risk,ADE_vs_floor,all,eu-locality-008,157961,17.104541357275895,17.310360041620548,1.1889913545979902,60.65609227542981,126.32064890832685,60.77363039735514
cv_targets__support_risk,ADE_vs_floor,all,eu-locality-020,1225,6.4017269076789125,6.453703918433902,0.8053826362645178,20.63072736269522,41.37090371937323,20.63072736269522
cv_targets__support_risk,ADE_vs_floor,all,eu-locality-048,8058,24.784923384580672,25.04006397712567,1.0189294754920364,84.32822437168585,149.41133462060048,84.77644777499424
cv_targets__support_risk,ADE_vs_floor,all,eu-locality-067,6903,26.96878175362773,27.316252363581988,1.2720288468908159,88.7408126959883,154.83471062234412,88.78448286947457
cv_targets__support_risk,ADE_vs_floor,all,eu-locality-110,8550,28.63617295288937,29.06948335408015,1.490602347186054,115.95375139943114,259.95968966626083,116.85239857000487
cv_targets__support_risk,ADE_vs_floor,all,eu-locality-119,5639,27.32214309924799,27.551822688667723,0.8336275680018823,108.26550475649688,192.3509497540389,108.43799131047149
cv_targets__support_risk,ADE_vs_floor,all,eu-locality-124,3550,40.73210516137882,41.20235833047124,1.1413258564489714,178.19707673030945,334.55067044545154,182.70620705979104
cv_targets__support_risk,ADE_vs_floor,easy,eu-locality-007,2133,1.7408682983953494,1.8219289613908256,4.449167048401059,4.164400154143503,4.920901803275682,4.230345133365256
cv_targets__support_risk,ADE_vs_floor,easy,eu-locality-008,52276,2.096242923151659,2.24421211344112,6.593369200853994,4.1582935379224,4.7609532183208065,4.260181371097664
cv_targets__support_risk,ADE_vs_floor,easy,eu-locality-020,695,1.681888740500014,1.714816508799578,1.9201919348568852,4.357367994839923,6.369592718595578,4.367811127405618
cv_targets__support_risk,ADE_vs_floor,easy,eu-locality-048,2050,2.059333156039439,2.1864603155211566,5.814290731886262,4.23299982099332,4.763849096600914,4.279426052271072
cv_targets__support_risk,ADE_vs_floor,easy,eu-locality-067,1508,2.0108486722027226,2.0817024330364133,3.4036450027270293,4.325988505867179,5.433795102648117,4.369122159901785
cv_targets__support_risk,ADE_vs_floor,easy,eu-locality-110,2579,2.041352950469816,2.2142889877207317,7.810003039798641,4.004682582334329,4.597273361867809,4.204662309065635
cv_targets__support_risk,ADE_vs_floor,easy,eu-locality-119,1658,2.148152772164371,2.274132807520816,5.539695612314921,4.21730293245971,5.970655941092775,4.268800105084812
cv_targets__support_risk,ADE_vs_floor,easy,eu-locality-124,1006,2.2541686748306144,2.445226719804127,7.813510437544091,4.176798267874475,4.723377029153014,4.331802122080924
cv_targets__support_risk,ADE_vs_floor,hard,eu-locality-007,1023,38.518942610596646,39.11681576409787,1.5284300161516828,77.7601210112468,106.93881724198937,79.09141428093004
cv_targets__support_risk,ADE_vs_floor,hard,eu-locality-008,36762,49.32178065854473,49.60410727101644,0.569159749069148,118.95388343713701,203.90224026305646,119.58938343541159
cv_targets__support_risk,ADE_vs_floor,hard,eu-locality-020,47,36.92354931828993,36.92354931828993,0.0,60.52355224102176,69.16719818649797,60.52355224102176
cv_targets__support_risk,ADE_vs_floor,hard,eu-locality-048,2992,53.24529645734912,53.71464249619353,0.8737767153112252,122.40902882819118,200.41270813697986,122.60258245083135
cv_targets__support_risk,ADE_vs_floor,hard,eu-locality-067,2806,53.82842426234314,54.56748907946629,1.3544050305244082,126.52131502707327,198.92434816893777,126.52131502707327
cv_targets__support_risk,ADE_vs_floor,hard,eu-locality-110,2743,74.99811901608516,75.71983632200313,0.9531416613855703,214.44871024777535,381.65406303141214,216.0693714569461
cv_targets__support_risk,ADE_vs_floor,hard,eu-locality-119,1895,66.93668027679911,67.30155948865561,0.5421556567615782,171.85187026049437,271.3240241994853,171.85187026049437
cv_targets__support_risk,ADE_vs_floor,hard,eu-locality-124,1362,94.82534040011046,95.6305131283049,0.8419621539771049,271.3821345043969,421.2415359066349,274.4684238324386
cv_targets__support_risk,ADE_vs_floor,complete,eu-locality-007,2882,12.663238679302816,12.92000036038779,1.9873194576077169,44.91845305630337,76.86890219592341,45.982202665686515
cv_targets__support_risk,ADE_vs_floor,complete,eu-locality-008,97352,15.360855420961123,15.602690137792878,1.549955262176117,55.91315250456289,114.12116024383316,55.93037708188954
cv_targets__support_risk,ADE_vs_floor,complete,eu-locality-020,364,6.821300255822046,6.9019825286040675,1.1689724285398828,22.682718227503177,49.70629992513765,22.682718227503177
cv_targets__support_risk,ADE_vs_floor,complete,eu-locality-048,4716,24.3762748978905,24.689171595597593,1.2673438494910316,86.55480133029045,149.62179045139328,87.5871702676999
cv_targets__support_risk,ADE_vs_floor,complete,eu-locality-067,3417,27.570963961051586,28.011435479709043,1.5724703540328289,87.49455596529795,150.0665999659543,87.49455596529795
cv_targets__support_risk,ADE_vs_floor,complete,eu-locality-110,5804,26.41594566825815,26.93425359592777,1.9243448712014222,108.80979533687542,260.2202513909598,109.83042543804812
cv_targets__support_risk,ADE_vs_floor,complete,eu-locality-119,3148,26.42220541280505,26.737944969333405,1.1808669547734074,102.43155573476253,188.83867927511324,102.43155573476253
cv_targets__support_risk,ADE_vs_floor,complete,eu-locality-124,2077,36.70201819712576,37.245512817043696,1.4592217392405793,165.80020306100556,315.79700044017295,171.59254389597885
cv_targets__support_risk,ADE_vs_original,all,eu-locality-007,5526,12.796715940176533,12.78889741546403,-0.06113525238735651,43.91374371204497,76.74547333801287,43.91374371204497
cv_targets__support_risk,ADE_vs_original,all,eu-locality-008,157961,17.104541357275895,17.08391806684599,-0.1207175681199768,60.65609227542981,126.32064890832685,60.62374404800723
cv_targets__support_risk,ADE_vs_original,all,eu-locality-020,1225,6.4017269076789125,6.397734560197722,-0.0624025183231014,20.63072736269522,41.37090371937323,20.63072736269522
cv_targets__support_risk,ADE_vs_original,all,eu-locality-048,8058,24.784923384580672,24.77687499998227,-0.03248345321356094,84.32822437168585,149.41133462060048,84.32822437168585
cv_targets__support_risk,ADE_vs_original,all,eu-locality-067,6903,26.96878175362773,26.950412405321092,-0.06815980412608891,88.7408126959883,154.83471062234412,88.67424623165155
cv_targets__support_risk,ADE_vs_original,all,eu-locality-110,8550,28.63617295288937,28.588490599011664,-0.166788637240467,115.95375139943114,259.95968966626083,115.95375139943114
cv_targets__support_risk,ADE_vs_original,all,eu-locality-119,5639,27.32214309924799,27.306355886203043,-0.057815158898311125,108.26550475649688,192.3509497540389,108.26550475649688
cv_targets__support_risk,ADE_vs_original,all,eu-locality-124,3550,40.73210516137882,40.68602503184979,-0.11325788029910022,178.19707673030945,334.55067044545154,178.19707673030945
cv_targets__support_risk,ADE_vs_original,easy,eu-locality-007,2133,1.7408682983953494,1.7337962857003137,-0.4078917894427825,4.164400154143503,4.920901803275682,4.151748787205072
cv_targets__support_risk,ADE_vs_original,easy,eu-locality-008,52276,2.096242923151659,2.0912125522481326,-0.24054804463173873,4.1582935379224,4.7609532183208065,4.148556582945595
cv_targets__support_risk,ADE_vs_original,easy,eu-locality-020,695,1.681888740500014,1.6797249097888851,-0.12882054070395554,4.357367994839923,6.369592718595578,4.357367994839923
cv_targets__support_risk,ADE_vs_original,easy,eu-locality-048,2050,2.059333156039439,2.0607233670843588,0.06746228373616381,4.23299982099332,4.763849096600914,4.23299982099332
cv_targets__support_risk,ADE_vs_original,easy,eu-locality-067,1508,2.0108486722027226,2.0138383296413838,0.14845568259660435,4.325988505867179,5.433795102648117,4.328563905319695
cv_targets__support_risk,ADE_vs_original,easy,eu-locality-110,2579,2.041352950469816,2.035507843841304,-0.28715716552982773,4.004682582334329,4.597273361867809,3.995321033441541
cv_targets__support_risk,ADE_vs_original,easy,eu-locality-119,1658,2.148152772164371,2.14447443806715,-0.17152613395274852,4.21730293245971,5.970655941092775,4.209513972076153
cv_targets__support_risk,ADE_vs_original,easy,eu-locality-124,1006,2.2541686748306144,2.252998926212277,-0.05191962609161216,4.176798267874475,4.723377029153014,4.180078323556514
cv_targets__support_risk,ADE_vs_original,hard,eu-locality-007,1023,38.518942610596646,38.49109264182182,-0.07235432112562279,77.7601210112468,106.93881724198937,77.7601210112468
cv_targets__support_risk,ADE_vs_original,hard,eu-locality-008,36762,49.32178065854473,49.27204821916093,-0.10093438608964611,118.95388343713701,203.90224026305646,118.79267977674958
cv_targets__support_risk,ADE_vs_original,hard,eu-locality-020,47,36.92354931828993,36.92354931828993,0.0,60.52355224102176,69.16719818649797,60.52355224102176
cv_targets__support_risk,ADE_vs_original,hard,eu-locality-048,2992,53.24529645734912,53.22121488279945,-0.04524807372905393,122.40902882819118,200.41270813697986,122.35551401388845
cv_targets__support_risk,ADE_vs_original,hard,eu-locality-067,2806,53.82842426234314,53.790613386767276,-0.07029270200731297,126.52131502707327,198.92434816893777,126.76220620158645
cv_targets__support_risk,ADE_vs_original,hard,eu-locality-110,2743,74.99811901608516,74.91660793077055,-0.10880242387631966,214.44871024777535,381.65406303141214,214.44871024777535
cv_targets__support_risk,ADE_vs_original,hard,eu-locality-119,1895,66.93668027679911,66.91884494070099,-0.026652187607134614,171.85187026049437,271.3240241994853,171.85187026049437
cv_targets__support_risk,ADE_vs_original,hard,eu-locality-124,1362,94.82534040011046,94.74100371809904,-0.0890181428332415,271.3821345043969,421.2415359066349,269.89921469355284
cv_targets__support_risk,FDE_vs_floor,endpoint,eu-locality-007,3935,27.252247950116192,27.826462654682768,2.0635562331166257,98.6908636089139,169.502019332493,99.63433701413419
cv_targets__support_risk,FDE_vs_floor,endpoint,eu-locality-008,121088,33.02838384660822,33.63538951388651,1.8046637070389226,128.22411577330965,267.69518293292555,128.6535092840875
cv_targets__support_risk,FDE_vs_floor,endpoint,eu-locality-020,622,14.336840942430813,14.545932745053438,1.4374588848125258,52.375808020598235,102.34943144507893,52.375808020598235
cv_targets__support_risk,FDE_vs_floor,endpoint,eu-locality-048,5582,52.98159292565284,53.67641471244728,1.2944638544073905,199.32370824113897,334.951402299056,200.37762711537502
cv_targets__support_risk,FDE_vs_floor,endpoint,eu-locality-067,4600,57.40292765061815,58.38959403975901,1.6897983371300884,194.77286749387213,349.7936281446101,195.19184470752597
cv_targets__support_risk,FDE_vs_floor,endpoint,eu-locality-110,7204,52.76148526130134,53.94011966164402,2.185079320802452,234.21645926775452,538.0295217792822,236.80639466943666
cv_targets__support_risk,FDE_vs_floor,endpoint,eu-locality-119,4147,60.220898722233414,60.9041125887216,1.1217860953033676,243.87068521041832,445.5820913837266,244.0711469012536
cv_targets__support_risk,FDE_vs_floor,endpoint,eu-locality-124,2645,78.15149606836566,79.6655359585729,1.9004954551420594,355.838487144209,706.960243386379,363.62977622543167
cv_targets__support_risk,ADE_vs_CV,easy,eu-locality-007,2133,1.7408682983953494,1.8525004364762494,6.02602492732699,4.164400154143503,4.920901803275682,4.355450553983238
cv_targets__support_risk,ADE_vs_CV,easy,eu-locality-008,52276,2.096242923151659,2.3343046202023725,10.19839891462302,4.1582935379224,4.7609532183208065,4.477191635123733
cv_targets__support_risk,ADE_vs_CV,easy,eu-locality-020,695,1.681888740500014,1.6834998531827923,0.09570019740318125,4.357367994839923,6.369592718595578,4.294862621440125
cv_targets__support_risk,ADE_vs_CV,easy,eu-locality-048,2050,2.059333156039439,2.2919612794697164,10.149740552514919,4.23299982099332,4.763849096600914,4.484449431559784
cv_targets__support_risk,ADE_vs_CV,easy,eu-locality-067,1508,2.0108486722027226,2.126958008841005,5.458938829805637,4.325988505867179,5.433795102648117,4.431771346846858
cv_targets__support_risk,ADE_vs_CV,easy,eu-locality-110,2579,2.041352950469816,2.356118809479549,13.359507073383226,4.004682582334329,4.597273361867809,4.476255197977273
cv_targets__support_risk,ADE_vs_CV,easy,eu-locality-119,1658,2.148152772164371,2.3455260977767742,8.414885078425904,4.21730293245971,5.970655941092775,4.423775218674889
cv_targets__support_risk,ADE_vs_CV,easy,eu-locality-124,1006,2.2541686748306144,2.5758364727079335,12.48789670017969,4.176798267874475,4.723377029153014,4.529853536161329
cv_targets__support_random,ADE_vs_floor,all,eu-locality-007,5526,12.79930776832178,12.974876186915042,1.35314137926279,44.01737296753018,76.74547333801287,44.53593329502612
cv_targets__support_random,ADE_vs_floor,all,eu-locality-008,157961,17.097569739547367,17.310360041620548,1.2292656048837447,60.61325607257187,126.24179377108385,60.77363039735514
cv_targets__support_random,ADE_vs_floor,all,eu-locality-020,1225,6.4017269076789125,6.453703918433902,0.8053826362645178,20.63072736269522,41.37090371937323,20.63072736269522
cv_targets__support_random,ADE_vs_floor,all,eu-locality-048,8058,24.787692464425817,25.04006397712567,1.007870878167072,84.32822437168585,148.5004334407513,84.77644777499424
cv_targets__support_random,ADE_vs_floor,all,eu-locality-067,6903,26.96380964398024,27.316252363581988,1.2902308666309703,88.7408126959883,154.83471062234412,88.78448286947457
cv_targets__support_random,ADE_vs_floor,all,eu-locality-110,8550,28.623367463306973,29.06948335408015,1.5346536618462414,115.95375139943114,259.95968966626083,116.85239857000487
cv_targets__support_random,ADE_vs_floor,all,eu-locality-119,5639,27.308267495908883,27.551822688667723,0.8839894024833983,108.26550475649688,192.3509497540389,108.43799131047149
cv_targets__support_random,ADE_vs_floor,all,eu-locality-124,3550,40.7264046805441,41.20235833047124,1.1551611830314834,178.19707673030945,334.55067044545154,182.70620705979104
cv_targets__support_random,ADE_vs_floor,easy,eu-locality-007,2133,1.7384252056747065,1.8219289613908256,4.5832607903863565,4.158966596089879,4.920901803275682,4.230345133365256
cv_targets__support_random,ADE_vs_floor,easy,eu-locality-008,52276,2.097764453500445,2.24421211344112,6.525571226693117,4.155217060772909,4.761759082348317,4.260181371097664
cv_targets__support_random,ADE_vs_floor,easy,eu-locality-020,695,1.681888740500014,1.714816508799578,1.9201919348568852,4.357367994839923,6.369592718595578,4.367811127405618
cv_targets__support_random,ADE_vs_floor,easy,eu-locality-048,2050,2.0662034311742756,2.1864603155211566,5.500071668038342,4.24615044373225,4.776703476646713,4.279426052271072
cv_targets__support_random,ADE_vs_floor,easy,eu-locality-067,1508,2.0146705962946787,2.0817024330364133,3.220048921399421,4.327806847863975,5.433795102648117,4.369122159901785
cv_targets__support_random,ADE_vs_floor,easy,eu-locality-110,2579,2.0461536999821597,2.2142889877207317,7.59319531781808,4.006042427405214,4.585244630226117,4.204662309065635
cv_targets__support_random,ADE_vs_floor,easy,eu-locality-119,1658,2.148353466469153,2.274132807520816,5.530870520652808,4.209513972076153,5.970655941092775,4.268800105084812
cv_targets__support_random,ADE_vs_floor,easy,eu-locality-124,1006,2.2567568929683075,2.445226719804127,7.707662660046366,4.183351542830911,4.723377029153014,4.331802122080924
cv_targets__support_random,ADE_vs_floor,hard,eu-locality-007,1023,38.51713301442224,39.11681576409787,1.5330561497953754,77.7601210112468,106.93881724198937,79.09141428093004
cv_targets__support_random,ADE_vs_floor,hard,eu-locality-008,36762,49.29614767904085,49.60410727101644,0.6208348641232986,118.79344628414066,203.90224026305646,119.58938343541159
cv_targets__support_random,ADE_vs_floor,hard,eu-locality-020,47,36.92354931828993,36.92354931828993,0.0,60.52355224102176,69.16719818649797,60.52355224102176
cv_targets__support_random,ADE_vs_floor,hard,eu-locality-048,2992,53.23896120503433,53.71464249619353,0.8855709896848141,122.40902882819118,200.41270813697986,122.60258245083135
cv_targets__support_random,ADE_vs_floor,hard,eu-locality-067,2806,53.81720917353623,54.56748907946629,1.3749577240716238,126.52131502707327,198.92434816893777,126.52131502707327
cv_targets__support_random,ADE_vs_floor,hard,eu-locality-110,2743,74.99906553670273,75.71983632200313,0.9518916314547821,214.44871024777535,381.65406303141214,216.0693714569461
cv_targets__support_random,ADE_vs_floor,hard,eu-locality-119,1895,66.91109748939098,67.30155948865561,0.5801678330060733,171.85187026049437,271.3240241994853,171.85187026049437
cv_targets__support_random,ADE_vs_floor,hard,eu-locality-124,1362,94.82701062933671,95.6305131283049,0.8402156097292335,271.3821345043969,421.2415359066349,274.4684238324386
cv_targets__support_random,ADE_vs_floor,complete,eu-locality-007,2882,12.656044194811283,12.92000036038779,2.0430043205400095,44.91845305630337,76.86890219592341,45.982202665686515
cv_targets__support_random,ADE_vs_floor,complete,eu-locality-008,97352,15.350365376260102,15.602690137792878,1.6171875446118977,55.88054162051029,114.02385448093194,55.93037708188954
cv_targets__support_random,ADE_vs_floor,complete,eu-locality-020,364,6.821300255822046,6.9019825286040675,1.1689724285398828,22.682718227503177,49.70629992513765,22.682718227503177
cv_targets__support_random,ADE_vs_floor,complete,eu-locality-048,4716,24.385405977722733,24.689171595597593,1.2303597012101597,86.55480133029045,149.36088985685478,87.5871702676999
cv_targets__support_random,ADE_vs_floor,complete,eu-locality-067,3417,27.569434829675068,28.011435479709043,1.5779293080290469,87.49455596529795,150.0665999659543,87.49455596529795
cv_targets__support_random,ADE_vs_floor,complete,eu-locality-110,5804,26.40224708004843,26.93425359592777,1.9752042282685567,108.80979533687542,260.2202513909598,109.83042543804812
cv_targets__support_random,ADE_vs_floor,complete,eu-locality-119,3148,26.3978463420033,26.737944969333405,1.2719699577517063,102.43155573476253,188.83867927511324,102.43155573476253
cv_targets__support_random,ADE_vs_floor,complete,eu-locality-124,2077,36.68209022396553,37.245512817043696,1.5127260989687308,165.80020306100556,315.79700044017295,171.59254389597885
cv_targets__support_random,ADE_vs_original,all,eu-locality-007,5526,12.79930776832178,12.78889741546403,-0.08140148849080653,44.01737296753018,76.74547333801287,43.91374371204497
cv_targets__support_random,ADE_vs_original,all,eu-locality-008,157961,17.097569739547367,17.08391806684599,-0.07990949528067226,60.61325607257187,126.24179377108385,60.62374404800723
cv_targets__support_random,ADE_vs_original,all,eu-locality-020,1225,6.4017269076789125,6.397734560197722,-0.0624025183231014,20.63072736269522,41.37090371937323,20.63072736269522
cv_targets__support_random,ADE_vs_original,all,eu-locality-048,8058,24.787692464425817,24.77687499998227,-0.04365951898113174,84.32822437168585,148.5004334407513,84.32822437168585
cv_targets__support_random,ADE_vs_original,all,eu-locality-067,6903,26.96380964398024,26.950412405321092,-0.0497106999984398,88.7408126959883,154.83471062234412,88.67424623165155
cv_targets__support_random,ADE_vs_original,all,eu-locality-110,8550,28.623367463306973,28.588490599011664,-0.12199617246149153,115.95375139943114,259.95968966626083,115.95375139943114
cv_targets__support_random,ADE_vs_original,all,eu-locality-119,5639,27.308267495908883,27.306355886203043,-0.007000603499807134,108.26550475649688,192.3509497540389,108.26550475649688
cv_targets__support_random,ADE_vs_original,all,eu-locality-124,3550,40.7264046805441,40.68602503184979,-0.09924697402290406,178.19707673030945,334.55067044545154,178.19707673030945
cv_targets__support_random,ADE_vs_original,easy,eu-locality-007,2133,1.7384252056747065,1.7337962857003137,-0.26698176784494265,4.158966596089879,4.920901803275682,4.151748787205072
cv_targets__support_random,ADE_vs_original,easy,eu-locality-008,52276,2.097764453500445,2.0912125522481326,-0.3133063277221071,4.155217060772909,4.761759082348317,4.148556582945595
cv_targets__support_random,ADE_vs_original,easy,eu-locality-020,695,1.681888740500014,1.6797249097888851,-0.12882054070395554,4.357367994839923,6.369592718595578,4.357367994839923
cv_targets__support_random,ADE_vs_original,easy,eu-locality-048,2050,2.0662034311742756,2.0607233670843588,-0.26592914786376376,4.24615044373225,4.776703476646713,4.23299982099332
cv_targets__support_random,ADE_vs_original,easy,eu-locality-067,1508,2.0146705962946787,2.0138383296413838,-0.04132738169915218,4.327806847863975,5.433795102648117,4.328563905319695
cv_targets__support_random,ADE_vs_original,easy,eu-locality-110,2579,2.0461536999821597,2.035507843841304,-0.5230073749441067,4.006042427405214,4.585244630226117,3.995321033441541
cv_targets__support_random,ADE_vs_original,easy,eu-locality-119,1658,2.148353466469153,2.14447443806715,-0.18088480483353653,4.209513972076153,5.970655941092775,4.209513972076153
cv_targets__support_random,ADE_vs_original,easy,eu-locality-124,1006,2.2567568929683075,2.252998926212277,-0.1667984264132949,4.183351542830911,4.723377029153014,4.180078323556514
cv_targets__support_random,ADE_vs_original,hard,eu-locality-007,1023,38.51713301442224,38.49109264182182,-0.06765298362074734,77.7601210112468,106.93881724198937,77.7601210112468
cv_targets__support_random,ADE_vs_original,hard,eu-locality-008,36762,49.29614767904085,49.27204821916093,-0.04891101699837641,118.79344628414066,203.90224026305646,118.79267977674958
cv_targets__support_random,ADE_vs_original,hard,eu-locality-020,47,36.92354931828993,36.92354931828993,0.0,60.52355224102176,69.16719818649797,60.52355224102176
cv_targets__support_random,ADE_vs_original,hard,eu-locality-048,2992,53.23896120503433,53.22121488279945,-0.033344451595018754,122.40902882819118,200.41270813697986,122.35551401388845
cv_targets__support_random,ADE_vs_original,hard,eu-locality-067,2806,53.81720917353623,53.790613386767276,-0.04944317436523793,126.52131502707327,198.92434816893777,126.76220620158645
cv_targets__support_random,ADE_vs_original,hard,eu-locality-110,2743,74.99906553670273,74.91660793077055,-0.1100658561695278,214.44871024777535,381.65406303141214,214.44871024777535
cv_targets__support_random,ADE_vs_original,hard,eu-locality-119,1895,66.91109748939098,66.91884494070099,0.011577383496197413,171.85187026049437,271.3240241994853,171.85187026049437
cv_targets__support_random,ADE_vs_original,hard,eu-locality-124,1362,94.82701062933671,94.74100371809904,-0.09078108512929894,271.3821345043969,421.2415359066349,269.89921469355284
cv_targets__support_random,FDE_vs_floor,endpoint,eu-locality-007,3935,27.250949253221876,27.826462654682768,2.0682233620666235,98.6908636089139,169.502019332493,99.63433701413419
cv_targets__support_random,FDE_vs_floor,endpoint,eu-locality-008,121088,33.00836979530556,33.63538951388651,1.8641666638707366,128.22411577330965,267.16787014653056,128.6535092840875
cv_targets__support_random,FDE_vs_floor,endpoint,eu-locality-020,622,14.336840942430813,14.545932745053438,1.4374588848125258,52.375808020598235,102.34943144507893,52.375808020598235
cv_targets__support_random,FDE_vs_floor,endpoint,eu-locality-048,5582,52.99762823532161,53.67641471244728,1.2645898217346185,199.32370824113897,334.951402299056,200.37762711537502
cv_targets__support_random,FDE_vs_floor,endpoint,eu-locality-067,4600,57.39121953319391,58.38959403975901,1.709850056305029,194.77286749387213,349.7936281446101,195.19184470752597
cv_targets__support_random,FDE_vs_floor,endpoint,eu-locality-110,7204,52.72580072924404,53.94011966164402,2.2512351474508474,234.21645926775452,538.0295217792822,236.80639466943666
cv_targets__support_random,FDE_vs_floor,endpoint,eu-locality-119,4147,60.17517245850511,60.9041125887216,1.1968652020906023,243.87068521041832,445.5820913837266,244.0711469012536
cv_targets__support_random,FDE_vs_floor,endpoint,eu-locality-124,2645,78.14294900017643,79.6655359585729,1.9112241448902556,355.838487144209,706.960243386379,363.62977622543167
cv_targets__support_random,ADE_vs_CV,easy,eu-locality-007,2133,1.7384252056747065,1.8525004364762494,6.157905744871628,4.158966596089879,4.920901803275682,4.355450553983238
cv_targets__support_random,ADE_vs_CV,easy,eu-locality-008,52276,2.097764453500445,2.3343046202023725,10.133217603854149,4.155217060772909,4.761759082348317,4.477191635123733
cv_targets__support_random,ADE_vs_CV,easy,eu-locality-020,695,1.681888740500014,1.6834998531827923,0.09570019740318125,4.357367994839923,6.369592718595578,4.294862621440125
cv_targets__support_random,ADE_vs_CV,easy,eu-locality-048,2050,2.0662034311742756,2.2919612794697164,9.849985264483774,4.24615044373225,4.776703476646713,4.484449431559784
cv_targets__support_random,ADE_vs_CV,easy,eu-locality-067,1508,2.0146705962946787,2.126958008841005,5.279249147354459,4.327806847863975,5.433795102648117,4.431771346846858
cv_targets__support_random,ADE_vs_CV,easy,eu-locality-110,2579,2.0461536999821597,2.356118809479549,13.155750391291122,4.006042427405214,4.585244630226117,4.476255197977273
cv_targets__support_random,ADE_vs_CV,easy,eu-locality-119,1658,2.148353466469153,2.3455260977767742,8.406328605531744,4.209513972076153,5.970655941092775,4.423775218674889
cv_targets__support_random,ADE_vs_CV,easy,eu-locality-124,1006,2.2567568929683075,2.5758364727079335,12.387416014968643,4.183351542830911,4.723377029153014,4.529853536161329
cv_targets__combined,ADE_vs_floor,all,eu-locality-007,5526,12.79111402885515,12.974876186915042,1.4162921897105551,43.91374371204497,76.74547333801287,44.53593329502612
cv_targets__combined,ADE_vs_floor,all,eu-locality-008,157961,17.100490712222644,17.310360041620548,1.21239147477753,60.67489940529242,126.25490197889216,60.77363039735514
cv_targets__combined,ADE_vs_floor,all,eu-locality-020,1225,6.4017269076789125,6.453703918433902,0.8053826362645178,20.63072736269522,41.37090371937323,20.63072736269522
cv_targets__combined,ADE_vs_floor,all,eu-locality-048,8058,24.780003353049793,25.04006397712567,1.0385781135121896,84.32822437168585,148.5004334407513,84.77644777499424
cv_targets__combined,ADE_vs_floor,all,eu-locality-067,6903,26.95498296161414,27.316252363581988,1.322543799783804,88.7408126959883,154.83471062234412,88.78448286947457
cv_targets__combined,ADE_vs_floor,all,eu-locality-110,8550,28.70948391384509,29.06948335408015,1.2384101769202238,115.95375139943114,261.4152450345212,116.85239857000487
cv_targets__combined,ADE_vs_floor,all,eu-locality-119,5639,27.311593157996885,27.551822688667723,0.8719188323233706,108.26550475649688,192.3509497540389,108.43799131047149
cv_targets__combined,ADE_vs_floor,all,eu-locality-124,3550,40.69865584458945,41.20235833047124,1.2225088715596022,178.19707673030945,334.55067044545154,182.70620705979104
cv_targets__combined,ADE_vs_floor,easy,eu-locality-007,2133,1.7352698638470794,1.8219289613908256,4.756447665094054,4.154837263210417,4.920901803275682,4.230345133365256
cv_targets__combined,ADE_vs_floor,easy,eu-locality-008,52276,2.093572824276576,2.24421211344112,6.712346317994178,4.152641600852407,4.759370668703735,4.260181371097664
cv_targets__combined,ADE_vs_floor,easy,eu-locality-020,695,1.681888740500014,1.714816508799578,1.9201919348568852,4.357367994839923,6.369592718595578,4.367811127405618
cv_targets__combined,ADE_vs_floor,easy,eu-locality-048,2050,2.055162535555844,2.1864603155211566,6.005038327623025,4.23299982099332,4.757161930665785,4.279426052271072
cv_targets__combined,ADE_vs_floor,easy,eu-locality-067,1508,2.009450879629676,2.0817024330364133,3.4707916107562853,4.325988505867179,5.433795102648117,4.369122159901785
cv_targets__combined,ADE_vs_floor,easy,eu-locality-110,2579,2.035408710383851,2.2142889877207317,8.078452195212794,3.995321033441541,4.566010666212732,4.204662309065635
cv_targets__combined,ADE_vs_floor,easy,eu-locality-119,1658,2.1481854609060154,2.274132807520816,5.538258196631185,4.209513972076153,5.970655941092775,4.268800105084812
cv_targets__combined,ADE_vs_floor,easy,eu-locality-124,1006,2.255487292647219,2.445226719804127,7.759584238966067,4.176798267874475,4.723377029153014,4.331802122080924
cv_targets__combined,ADE_vs_floor,hard,eu-locality-007,1023,38.47933689499897,39.11681576409787,1.6296798618357644,77.7601210112468,106.93881724198937,79.09141428093004
cv_targets__combined,ADE_vs_floor,hard,eu-locality-008,36762,49.31740328412465,49.60410727101644,0.5779843699743492,118.79267977674958,203.90224026305646,119.58938343541159
cv_targets__combined,ADE_vs_floor,hard,eu-locality-020,47,36.92354931828993,36.92354931828993,0.0,60.52355224102176,69.16719818649797,60.52355224102176
cv_targets__combined,ADE_vs_floor,hard,eu-locality-048,2992,53.226231292295076,53.71464249619353,0.90927013790153,122.35551401388845,200.41270813697986,122.60258245083135
cv_targets__combined,ADE_vs_floor,hard,eu-locality-067,2806,53.79960662629415,54.56748907946629,1.4072160294087865,126.76220620158645,198.92434816893777,126.52131502707327
cv_targets__combined,ADE_vs_floor,hard,eu-locality-110,2743,75.27896591506271,75.71983632200313,0.5822389856544263,216.0693714569461,390.73231584687846,216.0693714569461
cv_targets__combined,ADE_vs_floor,hard,eu-locality-119,1895,66.91843279928204,67.30155948865561,0.5692686652203793,171.85187026049437,271.3240241994853,171.85187026049437
cv_targets__combined,ADE_vs_floor,hard,eu-locality-124,1362,94.76266526484667,95.6305131283049,0.9075010005372031,269.89921469355284,421.2415359066349,274.4684238324386
cv_targets__combined,ADE_vs_floor,complete,eu-locality-007,2882,12.647333623764121,12.92000036038779,2.1104235992102205,44.91845305630337,76.86890219592341,45.982202665686515
cv_targets__combined,ADE_vs_floor,complete,eu-locality-008,97352,15.353277574579362,15.602690137792878,1.5985228253004191,55.91907196958185,114.02385448093194,55.93037708188954
cv_targets__combined,ADE_vs_floor,complete,eu-locality-020,364,6.821300255822046,6.9019825286040675,1.1689724285398828,22.682718227503177,49.70629992513765,22.682718227503177
cv_targets__combined,ADE_vs_floor,complete,eu-locality-048,4716,24.37580443885941,24.689171595597593,1.2692493773021507,86.55480133029045,149.36088985685478,87.5871702676999
cv_targets__combined,ADE_vs_floor,complete,eu-locality-067,3417,27.550891719767403,28.011435479709043,1.64412766448635,87.49455596529795,150.0665999659543,87.49455596529795
cv_targets__combined,ADE_vs_floor,complete,eu-locality-110,5804,26.518549984115747,26.93425359592777,1.543401269062361,108.80979533687542,261.5364238541321,109.83042543804812
cv_targets__combined,ADE_vs_floor,complete,eu-locality-119,3148,26.402778384240477,26.737944969333405,1.2535241039554168,102.43155573476253,188.83867927511324,102.43155573476253
cv_targets__combined,ADE_vs_floor,complete,eu-locality-124,2077,36.67014986571033,37.245512817043696,1.5447846138128107,165.80020306100556,315.79700044017295,171.59254389597885
cv_targets__combined,ADE_vs_original,all,eu-locality-007,5526,12.79111402885515,12.78889741546403,-0.017332325994257047,43.91374371204497,76.74547333801287,43.91374371204497
cv_targets__combined,ADE_vs_original,all,eu-locality-008,157961,17.100490712222644,17.08391806684599,-0.09700728668804448,60.67489940529242,126.25490197889216,60.62374404800723
cv_targets__combined,ADE_vs_original,all,eu-locality-020,1225,6.4017269076789125,6.397734560197722,-0.0624025183231014,20.63072736269522,41.37090371937323,20.63072736269522
cv_targets__combined,ADE_vs_original,all,eu-locality-048,8058,24.780003353049793,24.77687499998227,-0.012626100214530034,84.32822437168585,148.5004334407513,84.32822437168585
cv_targets__combined,ADE_vs_original,all,eu-locality-067,6903,26.95498296161414,26.950412405321092,-0.016959133034055718,88.7408126959883,154.83471062234412,88.67424623165155
cv_targets__combined,ADE_vs_original,all,eu-locality-110,8550,28.70948391384509,28.588490599011664,-0.4232238649130027,115.95375139943114,261.4152450345212,115.95375139943114
cv_targets__combined,ADE_vs_original,all,eu-locality-119,5639,27.311593157996885,27.306355886203043,-0.019179680421910206,108.26550475649688,192.3509497540389,108.26550475649688
cv_targets__combined,ADE_vs_original,all,eu-locality-124,3550,40.69865584458945,40.68602503184979,-0.031044597573193222,178.19707673030945,334.55067044545154,178.19707673030945
cv_targets__combined,ADE_vs_original,easy,eu-locality-007,2133,1.7352698638470794,1.7337962857003137,-0.08499142367064394,4.154837263210417,4.920901803275682,4.151748787205072
cv_targets__combined,ADE_vs_original,easy,eu-locality-008,52276,2.093572824276576,2.0912125522481326,-0.11286619458676928,4.152641600852407,4.759370668703735,4.148556582945595
cv_targets__combined,ADE_vs_original,easy,eu-locality-020,695,1.681888740500014,1.6797249097888851,-0.12882054070395554,4.357367994839923,6.369592718595578,4.357367994839923
cv_targets__combined,ADE_vs_original,easy,eu-locality-048,2050,2.055162535555844,2.0607233670843588,0.2698485210260282,4.23299982099332,4.757161930665785,4.23299982099332
cv_targets__combined,ADE_vs_original,easy,eu-locality-067,1508,2.009450879629676,2.0138383296413838,0.21786505635181808,4.325988505867179,5.433795102648117,4.328563905319695
cv_targets__combined,ADE_vs_original,easy,eu-locality-110,2579,2.035408710383851,2.035507843841304,0.004870207587392983,3.995321033441541,4.566010666212732,3.995321033441541
cv_targets__combined,ADE_vs_original,easy,eu-locality-119,1658,2.1481854609060154,2.14447443806715,-0.17305045809781205,4.209513972076153,5.970655941092775,4.209513972076153
cv_targets__combined,ADE_vs_original,easy,eu-locality-124,1006,2.255487292647219,2.252998926212277,-0.11044685401273568,4.176798267874475,4.723377029153014,4.180078323556514
cv_targets__combined,ADE_vs_original,hard,eu-locality-007,1023,38.47933689499897,38.49109264182182,0.030541473405920616,77.7601210112468,106.93881724198937,77.7601210112468
cv_targets__combined,ADE_vs_original,hard,eu-locality-008,36762,49.31740328412465,49.27204821916093,-0.0920502934280032,118.79267977674958,203.90224026305646,118.79267977674958
cv_targets__combined,ADE_vs_original,hard,eu-locality-020,47,36.92354931828993,36.92354931828993,0.0,60.52355224102176,69.16719818649797,60.52355224102176
cv_targets__combined,ADE_vs_original,hard,eu-locality-048,2992,53.226231292295076,53.22121488279945,-0.009425582461197735,122.35551401388845,200.41270813697986,122.35551401388845
cv_targets__combined,ADE_vs_original,hard,eu-locality-067,2806,53.79960662629415,53.790613386767276,-0.016718975599339103,126.76220620158645,198.92434816893777,126.76220620158645
cv_targets__combined,ADE_vs_original,hard,eu-locality-110,2743,75.27896591506271,74.91660793077055,-0.4836817820516037,216.0693714569461,390.73231584687846,214.44871024777535
cv_targets__combined,ADE_vs_original,hard,eu-locality-119,1895,66.91843279928204,66.91884494070099,0.0006158824458424306,171.85187026049437,271.3240241994853,171.85187026049437
cv_targets__combined,ADE_vs_original,hard,eu-locality-124,1362,94.76266526484667,94.74100371809904,-0.022863961640195996,269.89921469355284,421.2415359066349,269.89921469355284
cv_targets__combined,FDE_vs_floor,endpoint,eu-locality-007,3935,27.238108153118056,27.826462654682768,2.1143704425028664,98.6908636089139,169.502019332493,99.63433701413419
cv_targets__combined,FDE_vs_floor,endpoint,eu-locality-008,121088,33.01597362074976,33.63538951388651,1.841560041637158,128.2719563623789,267.49019275236185,128.6535092840875
cv_targets__combined,FDE_vs_floor,endpoint,eu-locality-020,622,14.336840942430813,14.545932745053438,1.4374588848125258,52.375808020598235,102.34943144507893,52.375808020598235
cv_targets__combined,FDE_vs_floor,endpoint,eu-locality-048,5582,52.98139681424163,53.67641471244728,1.2948292130332661,198.76292666489786,334.951402299056,200.37762711537502
cv_targets__combined,FDE_vs_floor,endpoint,eu-locality-067,4600,57.357492417090704,58.38959403975901,1.767612259755602,194.77286749387213,349.7936281446101,195.19184470752597
cv_targets__combined,FDE_vs_floor,endpoint,eu-locality-110,7204,52.95666043850828,53.94011966164402,1.8232425684347575,234.45378179997974,539.3425618903042,236.80639466943666
cv_targets__combined,FDE_vs_floor,endpoint,eu-locality-119,4147,60.183475820531584,60.9041125887216,1.1832317023587446,243.87068521041832,445.5820913837266,244.0711469012536
cv_targets__combined,FDE_vs_floor,endpoint,eu-locality-124,2645,78.05060616616481,79.6655359585729,2.027137297171855,355.838487144209,706.960243386379,363.62977622543167
cv_targets__combined,ADE_vs_CV,easy,eu-locality-007,2133,1.7352698638470794,1.8525004364762494,6.3282345483362645,4.154837263210417,4.920901803275682,4.355450553983238
cv_targets__combined,ADE_vs_CV,easy,eu-locality-008,52276,2.093572824276576,2.3343046202023725,10.312784108910622,4.152641600852407,4.759370668703735,4.477191635123733
cv_targets__combined,ADE_vs_CV,easy,eu-locality-020,695,1.681888740500014,1.6834998531827923,0.09570019740318125,4.357367994839923,6.369592718595578,4.294862621440125
cv_targets__combined,ADE_vs_CV,easy,eu-locality-048,2050,2.055162535555844,2.2919612794697164,10.331707871114649,4.23299982099332,4.757161930665785,4.484449431559784
cv_targets__combined,ADE_vs_CV,easy,eu-locality-067,1508,2.009450879629676,2.126958008841005,5.524656750292856,4.325988505867179,5.433795102648117,4.431771346846858
cv_targets__combined,ADE_vs_CV,easy,eu-locality-110,2579,2.035408710383851,2.356118809479549,13.611796561589385,3.995321033441541,4.566010666212732,4.476255197977273
cv_targets__combined,ADE_vs_CV,easy,eu-locality-119,1658,2.1481854609060154,2.3455260977767742,8.41349141490303,4.209513972076153,5.970655941092775,4.423775218674889
cv_targets__combined,ADE_vs_CV,easy,eu-locality-124,1006,2.255487292647219,2.5758364727079335,12.436704870629345,4.176798267874475,4.723377029153014,4.529853536161329
cv_targets__combined,matched_risk,all,eu-locality-007,5526,12.79111402885515,12.796715940176533,0.04377616372490678,43.91374371204497,76.74547333801287,43.91374371204497
cv_targets__combined,matched_risk,all,eu-locality-008,157961,17.100490712222644,17.104541357275895,0.02368169346749216,60.67489940529242,126.25490197889216,60.65609227542981
cv_targets__combined,matched_risk,all,eu-locality-020,1225,6.4017269076789125,6.4017269076789125,0.0,20.63072736269522,41.37090371937323,20.63072736269522
cv_targets__combined,matched_risk,all,eu-locality-048,8058,24.780003353049793,24.784923384580672,0.01985090473969331,84.32822437168585,148.5004334407513,84.32822437168585
cv_targets__combined,matched_risk,all,eu-locality-067,6903,26.95498296161414,26.96878175362773,0.05116579658529519,88.7408126959883,154.83471062234412,88.7408126959883
cv_targets__combined,matched_risk,all,eu-locality-110,8550,28.70948391384509,28.63617295288937,-0.25600823502611725,115.95375139943114,261.4152450345212,115.95375139943114
cv_targets__combined,matched_risk,all,eu-locality-119,5639,27.311593157996885,27.32214309924799,0.03861315421994638,108.26550475649688,192.3509497540389,108.26550475649688
cv_targets__combined,matched_risk,all,eu-locality-124,3550,40.69865584458945,40.73210516137882,0.08212027504309605,178.19707673030945,334.55067044545154,178.19707673030945
cv_targets__combined,matched_risk,easy,eu-locality-007,2133,1.7352698638470794,1.7408682983953494,0.32158863214583056,4.154837263210417,4.920901803275682,4.164400154143503
cv_targets__combined,matched_risk,easy,eu-locality-008,52276,2.093572824276576,2.096242923151659,0.12737545088851165,4.152641600852407,4.759370668703735,4.1582935379224
cv_targets__combined,matched_risk,easy,eu-locality-020,695,1.681888740500014,1.681888740500014,0.0,4.357367994839923,6.369592718595578,4.357367994839923
cv_targets__combined,matched_risk,easy,eu-locality-048,2050,2.055162535555844,2.059333156039439,0.20252286383889428,4.23299982099332,4.757161930665785,4.23299982099332
cv_targets__combined,matched_risk,easy,eu-locality-067,1508,2.009450879629676,2.0108486722027226,0.06951256911418291,4.325988505867179,5.433795102648117,4.325988505867179
cv_targets__combined,matched_risk,easy,eu-locality-110,2579,2.035408710383851,2.041352950469816,0.2911911967304226,3.995321033441541,4.566010666212732,4.004682582334329
cv_targets__combined,matched_risk,easy,eu-locality-119,1658,2.1481854609060154,2.148152772164371,-0.0015217140078460645,4.209513972076153,5.970655941092775,4.21730293245971
cv_targets__combined,matched_risk,easy,eu-locality-124,1006,2.255487292647219,2.2541686748306144,-0.05849685657191017,4.176798267874475,4.723377029153014,4.176798267874475
cv_targets__combined,matched_risk,hard,eu-locality-007,1023,38.47933689499897,38.518942610596646,0.10282139880646302,77.7601210112468,106.93881724198937,77.7601210112468
cv_targets__combined,matched_risk,hard,eu-locality-008,36762,49.31740328412465,49.32178065854473,0.008875134599017898,118.79267977674958,203.90224026305646,118.95388343713701
cv_targets__combined,matched_risk,hard,eu-locality-020,47,36.92354931828993,36.92354931828993,0.0,60.52355224102176,69.16719818649797,60.52355224102176
cv_targets__combined,matched_risk,hard,eu-locality-048,2992,53.226231292295076,53.24529645734912,0.035806289611550746,122.35551401388845,200.41270813697986,122.40902882819118
cv_targets__combined,matched_risk,hard,eu-locality-067,2806,53.79960662629415,53.82842426234314,0.053536094440631565,126.76220620158645,198.92434816893777,126.52131502707327
cv_targets__combined,matched_risk,hard,eu-locality-110,2743,75.27896591506271,74.99811901608516,-0.374471923645614,216.0693714569461,390.73231584687846,214.44871024777535
cv_targets__combined,matched_risk,hard,eu-locality-119,1895,66.91843279928204,66.93668027679911,0.027260804452222676,171.85187026049437,271.3240241994853,171.85187026049437
cv_targets__combined,matched_risk,hard,eu-locality-124,1362,94.76266526484667,94.82534040011046,0.06609534434501851,269.89921469355284,421.2415359066349,271.3821345043969
cv_targets__combined,matched_risk,complete,eu-locality-007,2882,12.647333623764121,12.663238679302816,0.12560021919740816,44.91845305630337,76.86890219592341,44.91845305630337
cv_targets__combined,matched_risk,complete,eu-locality-008,97352,15.353277574579362,15.360855420961123,0.04933218999912947,55.91907196958185,114.02385448093194,55.91315250456289
cv_targets__combined,matched_risk,complete,eu-locality-020,364,6.821300255822046,6.821300255822046,0.0,22.682718227503177,49.70629992513765,22.682718227503177
cv_targets__combined,matched_risk,complete,eu-locality-048,4716,24.37580443885941,24.3762748978905,0.0019299873875722184,86.55480133029045,149.36088985685478,86.55480133029045
cv_targets__combined,matched_risk,complete,eu-locality-067,3417,27.550891719767403,27.570963961051586,0.07280210192337488,87.49455596529795,150.0665999659543,87.49455596529795
cv_targets__combined,matched_risk,complete,eu-locality-110,5804,26.518549984115747,26.41594566825815,-0.3884181060414882,108.80979533687542,261.5364238541321,108.80979533687542
cv_targets__combined,matched_risk,complete,eu-locality-119,3148,26.402778384240477,26.42220541280505,0.07352538617066973,102.43155573476253,188.83867927511324,102.43155573476253
cv_targets__combined,matched_risk,complete,eu-locality-124,2077,36.67014986571033,36.70201819712576,0.08682991557649178,165.80020306100556,315.79700044017295,165.80020306100556
cv_targets__combined,matched_random,all,eu-locality-007,5526,12.79111402885515,12.79930776832178,0.06401705166360072,43.91374371204497,76.74547333801287,44.01737296753018
cv_targets__combined,matched_random,all,eu-locality-008,157961,17.100490712222644,17.097569739547367,-0.01708413955767707,60.67489940529242,126.25490197889216,60.61325607257187
cv_targets__combined,matched_random,all,eu-locality-020,1225,6.4017269076789125,6.4017269076789125,0.0,20.63072736269522,41.37090371937323,20.63072736269522
cv_targets__combined,matched_random,all,eu-locality-048,8058,24.780003353049793,24.787692464425817,0.031019875638116368,84.32822437168585,148.5004334407513,84.32822437168585
cv_targets__combined,matched_random,all,eu-locality-067,6903,26.95498296161414,26.96380964398024,0.032735294020569405,88.7408126959883,154.83471062234412,88.7408126959883
cv_targets__combined,matched_random,all,eu-locality-110,8550,28.70948391384509,28.623367463306973,-0.3008606539692149,115.95375139943114,261.4152450345212,115.95375139943114
cv_targets__combined,matched_random,all,eu-locality-119,5639,27.311593157996885,27.308267495908883,-0.012178224372894064,108.26550475649688,192.3509497540389,108.26550475649688
cv_targets__combined,matched_random,all,eu-locality-124,3550,40.69865584458945,40.7264046805441,0.0681347547673461,178.19707673030945,334.55067044545154,178.19707673030945
cv_targets__combined,matched_random,easy,eu-locality-007,2133,1.7352698638470794,1.7384252056747065,0.1815057568957945,4.154837263210417,4.920901803275682,4.158966596089879
cv_targets__combined,matched_random,easy,eu-locality-008,52276,2.093572824276576,2.097764453500445,0.19981410290724755,4.152641600852407,4.759370668703735,4.155217060772909
cv_targets__combined,matched_random,easy,eu-locality-020,695,1.681888740500014,1.681888740500014,0.0,4.357367994839923,6.369592718595578,4.357367994839923
cv_targets__combined,matched_random,easy,eu-locality-048,2050,2.055162535555844,2.0662034311742756,0.5343566587805437,4.23299982099332,4.757161930665785,4.24615044373225
cv_targets__combined,matched_random,easy,eu-locality-067,1508,2.009450879629676,2.0146705962946787,0.25908536485332867,4.325988505867179,5.433795102648117,4.327806847863975
cv_targets__combined,matched_random,easy,eu-locality-110,2579,2.035408710383851,2.0461536999821597,0.5251311081079679,3.995321033441541,4.566010666212732,4.006042427405214
cv_targets__combined,matched_random,easy,eu-locality-119,1658,2.1481854609060154,2.148353466469153,0.00782020118009763,4.209513972076153,5.970655941092775,4.209513972076153
cv_targets__combined,matched_random,easy,eu-locality-124,1006,2.255487292647219,2.2567568929683075,0.05625773538321388,4.176798267874475,4.723377029153014,4.183351542830911
cv_targets__combined,matched_random,hard,eu-locality-007,1023,38.47933689499897,38.51713301442224,0.09812807045923577,77.7601210112468,106.93881724198937,77.7601210112468
cv_targets__combined,matched_random,hard,eu-locality-008,36762,49.31740328412465,49.29614767904085,-0.0431181868859154,118.79267977674958,203.90224026305646,118.79344628414066
cv_targets__combined,matched_random,hard,eu-locality-020,47,36.92354931828993,36.92354931828993,0.0,60.52355224102176,69.16719818649797,60.52355224102176
cv_targets__combined,matched_random,hard,eu-locality-048,2992,53.226231292295076,53.23896120503433,0.023910896176637664,122.35551401388845,200.41270813697986,122.40902882819118
cv_targets__combined,matched_random,hard,eu-locality-067,2806,53.79960662629415,53.81720917353623,0.03270802687912466,126.76220620158645,198.92434816893777,126.52131502707327
cv_targets__combined,matched_random,hard,eu-locality-110,2743,75.27896591506271,74.99906553670273,-0.3732051544335757,216.0693714569461,390.73231584687846,214.44871024777535
cv_targets__combined,matched_random,hard,eu-locality-119,1895,66.91843279928204,66.91109748939098,-0.01096277025232073,171.85187026049437,271.3240241994853,171.85187026049437
cv_targets__combined,matched_random,hard,eu-locality-124,1362,94.76266526484667,94.82701062933671,0.06785552350854207,269.89921469355284,421.2415359066349,271.3821345043969
cv_targets__combined,matched_random,complete,eu-locality-007,2882,12.647333623764121,12.656044194811283,0.06882538424394236,44.91845305630337,76.86890219592341,44.91845305630337
cv_targets__combined,matched_random,complete,eu-locality-008,97352,15.353277574579362,15.350365376260102,-0.018971524441790955,55.91907196958185,114.02385448093194,55.88054162051029
cv_targets__combined,matched_random,complete,eu-locality-020,364,6.821300255822046,6.821300255822046,0.0,22.682718227503177,49.70629992513765,22.682718227503177
cv_targets__combined,matched_random,complete,eu-locality-048,4716,24.37580443885941,24.385405977722733,0.03937411938965685,86.55480133029045,149.36088985685478,86.55480133029045
cv_targets__combined,matched_random,complete,eu-locality-067,3417,27.550891719767403,27.569434829675068,0.06725966644663961,87.49455596529795,150.0665999659543,87.49455596529795
cv_targets__combined,matched_random,complete,eu-locality-110,5804,26.518549984115747,26.40224708004843,-0.4405038090686153,108.80979533687542,261.5364238541321,108.80979533687542
cv_targets__combined,matched_random,complete,eu-locality-119,3148,26.402778384240477,26.3978463420033,-0.018683502333027846,102.43155573476253,188.83867927511324,102.43155573476253
cv_targets__combined,matched_random,complete,eu-locality-124,2077,36.67014986571033,36.68209022396553,0.03255092112336433,165.80020306100556,315.79700044017295,165.80020306100556
cv_targets__combined_risk,ADE_vs_floor,all,eu-locality-007,5526,12.796715940176533,12.974876186915042,1.3731171239859785,43.91374371204497,76.74547333801287,44.53593329502612
cv_targets__combined_risk,ADE_vs_floor,all,eu-locality-008,157961,17.104541357275895,17.310360041620548,1.1889913545979902,60.65609227542981,126.32064890832685,60.77363039735514
cv_targets__combined_risk,ADE_vs_floor,all,eu-locality-020,1225,6.4017269076789125,6.453703918433902,0.8053826362645178,20.63072736269522,41.37090371937323,20.63072736269522
cv_targets__combined_risk,ADE_vs_floor,all,eu-locality-048,8058,24.784923384580672,25.04006397712567,1.0189294754920364,84.32822437168585,149.41133462060048,84.77644777499424
cv_targets__combined_risk,ADE_vs_floor,all,eu-locality-067,6903,26.96878175362773,27.316252363581988,1.2720288468908159,88.7408126959883,154.83471062234412,88.78448286947457
cv_targets__combined_risk,ADE_vs_floor,all,eu-locality-110,8550,28.63617295288937,29.06948335408015,1.490602347186054,115.95375139943114,259.95968966626083,116.85239857000487
cv_targets__combined_risk,ADE_vs_floor,all,eu-locality-119,5639,27.32214309924799,27.551822688667723,0.8336275680018823,108.26550475649688,192.3509497540389,108.43799131047149
cv_targets__combined_risk,ADE_vs_floor,all,eu-locality-124,3550,40.73210516137882,41.20235833047124,1.1413258564489714,178.19707673030945,334.55067044545154,182.70620705979104
cv_targets__combined_risk,ADE_vs_floor,easy,eu-locality-007,2133,1.7408682983953494,1.8219289613908256,4.449167048401059,4.164400154143503,4.920901803275682,4.230345133365256
cv_targets__combined_risk,ADE_vs_floor,easy,eu-locality-008,52276,2.096242923151659,2.24421211344112,6.593369200853994,4.1582935379224,4.7609532183208065,4.260181371097664
cv_targets__combined_risk,ADE_vs_floor,easy,eu-locality-020,695,1.681888740500014,1.714816508799578,1.9201919348568852,4.357367994839923,6.369592718595578,4.367811127405618
cv_targets__combined_risk,ADE_vs_floor,easy,eu-locality-048,2050,2.059333156039439,2.1864603155211566,5.814290731886262,4.23299982099332,4.763849096600914,4.279426052271072
cv_targets__combined_risk,ADE_vs_floor,easy,eu-locality-067,1508,2.0108486722027226,2.0817024330364133,3.4036450027270293,4.325988505867179,5.433795102648117,4.369122159901785
cv_targets__combined_risk,ADE_vs_floor,easy,eu-locality-110,2579,2.041352950469816,2.2142889877207317,7.810003039798641,4.004682582334329,4.597273361867809,4.204662309065635
cv_targets__combined_risk,ADE_vs_floor,easy,eu-locality-119,1658,2.148152772164371,2.274132807520816,5.539695612314921,4.21730293245971,5.970655941092775,4.268800105084812
cv_targets__combined_risk,ADE_vs_floor,easy,eu-locality-124,1006,2.2541686748306144,2.445226719804127,7.813510437544091,4.176798267874475,4.723377029153014,4.331802122080924
cv_targets__combined_risk,ADE_vs_floor,hard,eu-locality-007,1023,38.518942610596646,39.11681576409787,1.5284300161516828,77.7601210112468,106.93881724198937,79.09141428093004
cv_targets__combined_risk,ADE_vs_floor,hard,eu-locality-008,36762,49.32178065854473,49.60410727101644,0.569159749069148,118.95388343713701,203.90224026305646,119.58938343541159
cv_targets__combined_risk,ADE_vs_floor,hard,eu-locality-020,47,36.92354931828993,36.92354931828993,0.0,60.52355224102176,69.16719818649797,60.52355224102176
cv_targets__combined_risk,ADE_vs_floor,hard,eu-locality-048,2992,53.24529645734912,53.71464249619353,0.8737767153112252,122.40902882819118,200.41270813697986,122.60258245083135
cv_targets__combined_risk,ADE_vs_floor,hard,eu-locality-067,2806,53.82842426234314,54.56748907946629,1.3544050305244082,126.52131502707327,198.92434816893777,126.52131502707327
cv_targets__combined_risk,ADE_vs_floor,hard,eu-locality-110,2743,74.99811901608516,75.71983632200313,0.9531416613855703,214.44871024777535,381.65406303141214,216.0693714569461
cv_targets__combined_risk,ADE_vs_floor,hard,eu-locality-119,1895,66.93668027679911,67.30155948865561,0.5421556567615782,171.85187026049437,271.3240241994853,171.85187026049437
cv_targets__combined_risk,ADE_vs_floor,hard,eu-locality-124,1362,94.82534040011046,95.6305131283049,0.8419621539771049,271.3821345043969,421.2415359066349,274.4684238324386
cv_targets__combined_risk,ADE_vs_floor,complete,eu-locality-007,2882,12.663238679302816,12.92000036038779,1.9873194576077169,44.91845305630337,76.86890219592341,45.982202665686515
cv_targets__combined_risk,ADE_vs_floor,complete,eu-locality-008,97352,15.360855420961123,15.602690137792878,1.549955262176117,55.91315250456289,114.12116024383316,55.93037708188954
cv_targets__combined_risk,ADE_vs_floor,complete,eu-locality-020,364,6.821300255822046,6.9019825286040675,1.1689724285398828,22.682718227503177,49.70629992513765,22.682718227503177
cv_targets__combined_risk,ADE_vs_floor,complete,eu-locality-048,4716,24.3762748978905,24.689171595597593,1.2673438494910316,86.55480133029045,149.62179045139328,87.5871702676999
cv_targets__combined_risk,ADE_vs_floor,complete,eu-locality-067,3417,27.570963961051586,28.011435479709043,1.5724703540328289,87.49455596529795,150.0665999659543,87.49455596529795
cv_targets__combined_risk,ADE_vs_floor,complete,eu-locality-110,5804,26.41594566825815,26.93425359592777,1.9243448712014222,108.80979533687542,260.2202513909598,109.83042543804812
cv_targets__combined_risk,ADE_vs_floor,complete,eu-locality-119,3148,26.42220541280505,26.737944969333405,1.1808669547734074,102.43155573476253,188.83867927511324,102.43155573476253
cv_targets__combined_risk,ADE_vs_floor,complete,eu-locality-124,2077,36.70201819712576,37.245512817043696,1.4592217392405793,165.80020306100556,315.79700044017295,171.59254389597885
cv_targets__combined_risk,ADE_vs_original,all,eu-locality-007,5526,12.796715940176533,12.78889741546403,-0.06113525238735651,43.91374371204497,76.74547333801287,43.91374371204497
cv_targets__combined_risk,ADE_vs_original,all,eu-locality-008,157961,17.104541357275895,17.08391806684599,-0.1207175681199768,60.65609227542981,126.32064890832685,60.62374404800723
cv_targets__combined_risk,ADE_vs_original,all,eu-locality-020,1225,6.4017269076789125,6.397734560197722,-0.0624025183231014,20.63072736269522,41.37090371937323,20.63072736269522
cv_targets__combined_risk,ADE_vs_original,all,eu-locality-048,8058,24.784923384580672,24.77687499998227,-0.03248345321356094,84.32822437168585,149.41133462060048,84.32822437168585
cv_targets__combined_risk,ADE_vs_original,all,eu-locality-067,6903,26.96878175362773,26.950412405321092,-0.06815980412608891,88.7408126959883,154.83471062234412,88.67424623165155
cv_targets__combined_risk,ADE_vs_original,all,eu-locality-110,8550,28.63617295288937,28.588490599011664,-0.166788637240467,115.95375139943114,259.95968966626083,115.95375139943114
cv_targets__combined_risk,ADE_vs_original,all,eu-locality-119,5639,27.32214309924799,27.306355886203043,-0.057815158898311125,108.26550475649688,192.3509497540389,108.26550475649688
cv_targets__combined_risk,ADE_vs_original,all,eu-locality-124,3550,40.73210516137882,40.68602503184979,-0.11325788029910022,178.19707673030945,334.55067044545154,178.19707673030945
cv_targets__combined_risk,ADE_vs_original,easy,eu-locality-007,2133,1.7408682983953494,1.7337962857003137,-0.4078917894427825,4.164400154143503,4.920901803275682,4.151748787205072
cv_targets__combined_risk,ADE_vs_original,easy,eu-locality-008,52276,2.096242923151659,2.0912125522481326,-0.24054804463173873,4.1582935379224,4.7609532183208065,4.148556582945595
cv_targets__combined_risk,ADE_vs_original,easy,eu-locality-020,695,1.681888740500014,1.6797249097888851,-0.12882054070395554,4.357367994839923,6.369592718595578,4.357367994839923
cv_targets__combined_risk,ADE_vs_original,easy,eu-locality-048,2050,2.059333156039439,2.0607233670843588,0.06746228373616381,4.23299982099332,4.763849096600914,4.23299982099332
cv_targets__combined_risk,ADE_vs_original,easy,eu-locality-067,1508,2.0108486722027226,2.0138383296413838,0.14845568259660435,4.325988505867179,5.433795102648117,4.328563905319695
cv_targets__combined_risk,ADE_vs_original,easy,eu-locality-110,2579,2.041352950469816,2.035507843841304,-0.28715716552982773,4.004682582334329,4.597273361867809,3.995321033441541
cv_targets__combined_risk,ADE_vs_original,easy,eu-locality-119,1658,2.148152772164371,2.14447443806715,-0.17152613395274852,4.21730293245971,5.970655941092775,4.209513972076153
cv_targets__combined_risk,ADE_vs_original,easy,eu-locality-124,1006,2.2541686748306144,2.252998926212277,-0.05191962609161216,4.176798267874475,4.723377029153014,4.180078323556514
cv_targets__combined_risk,ADE_vs_original,hard,eu-locality-007,1023,38.518942610596646,38.49109264182182,-0.07235432112562279,77.7601210112468,106.93881724198937,77.7601210112468
cv_targets__combined_risk,ADE_vs_original,hard,eu-locality-008,36762,49.32178065854473,49.27204821916093,-0.10093438608964611,118.95388343713701,203.90224026305646,118.79267977674958
cv_targets__combined_risk,ADE_vs_original,hard,eu-locality-020,47,36.92354931828993,36.92354931828993,0.0,60.52355224102176,69.16719818649797,60.52355224102176
cv_targets__combined_risk,ADE_vs_original,hard,eu-locality-048,2992,53.24529645734912,53.22121488279945,-0.04524807372905393,122.40902882819118,200.41270813697986,122.35551401388845
cv_targets__combined_risk,ADE_vs_original,hard,eu-locality-067,2806,53.82842426234314,53.790613386767276,-0.07029270200731297,126.52131502707327,198.92434816893777,126.76220620158645
cv_targets__combined_risk,ADE_vs_original,hard,eu-locality-110,2743,74.99811901608516,74.91660793077055,-0.10880242387631966,214.44871024777535,381.65406303141214,214.44871024777535
cv_targets__combined_risk,ADE_vs_original,hard,eu-locality-119,1895,66.93668027679911,66.91884494070099,-0.026652187607134614,171.85187026049437,271.3240241994853,171.85187026049437
cv_targets__combined_risk,ADE_vs_original,hard,eu-locality-124,1362,94.82534040011046,94.74100371809904,-0.0890181428332415,271.3821345043969,421.2415359066349,269.89921469355284
cv_targets__combined_risk,FDE_vs_floor,endpoint,eu-locality-007,3935,27.252247950116192,27.826462654682768,2.0635562331166257,98.6908636089139,169.502019332493,99.63433701413419
cv_targets__combined_risk,FDE_vs_floor,endpoint,eu-locality-008,121088,33.02838384660822,33.63538951388651,1.8046637070389226,128.22411577330965,267.69518293292555,128.6535092840875
cv_targets__combined_risk,FDE_vs_floor,endpoint,eu-locality-020,622,14.336840942430813,14.545932745053438,1.4374588848125258,52.375808020598235,102.34943144507893,52.375808020598235
cv_targets__combined_risk,FDE_vs_floor,endpoint,eu-locality-048,5582,52.98159292565284,53.67641471244728,1.2944638544073905,199.32370824113897,334.951402299056,200.37762711537502
cv_targets__combined_risk,FDE_vs_floor,endpoint,eu-locality-067,4600,57.40292765061815,58.38959403975901,1.6897983371300884,194.77286749387213,349.7936281446101,195.19184470752597
cv_targets__combined_risk,FDE_vs_floor,endpoint,eu-locality-110,7204,52.76148526130134,53.94011966164402,2.185079320802452,234.21645926775452,538.0295217792822,236.80639466943666
cv_targets__combined_risk,FDE_vs_floor,endpoint,eu-locality-119,4147,60.220898722233414,60.9041125887216,1.1217860953033676,243.87068521041832,445.5820913837266,244.0711469012536
cv_targets__combined_risk,FDE_vs_floor,endpoint,eu-locality-124,2645,78.15149606836566,79.6655359585729,1.9004954551420594,355.838487144209,706.960243386379,363.62977622543167
cv_targets__combined_risk,ADE_vs_CV,easy,eu-locality-007,2133,1.7408682983953494,1.8525004364762494,6.02602492732699,4.164400154143503,4.920901803275682,4.355450553983238
cv_targets__combined_risk,ADE_vs_CV,easy,eu-locality-008,52276,2.096242923151659,2.3343046202023725,10.19839891462302,4.1582935379224,4.7609532183208065,4.477191635123733
cv_targets__combined_risk,ADE_vs_CV,easy,eu-locality-020,695,1.681888740500014,1.6834998531827923,0.09570019740318125,4.357367994839923,6.369592718595578,4.294862621440125
cv_targets__combined_risk,ADE_vs_CV,easy,eu-locality-048,2050,2.059333156039439,2.2919612794697164,10.149740552514919,4.23299982099332,4.763849096600914,4.484449431559784
cv_targets__combined_risk,ADE_vs_CV,easy,eu-locality-067,1508,2.0108486722027226,2.126958008841005,5.458938829805637,4.325988505867179,5.433795102648117,4.431771346846858
cv_targets__combined_risk,ADE_vs_CV,easy,eu-locality-110,2579,2.041352950469816,2.356118809479549,13.359507073383226,4.004682582334329,4.597273361867809,4.476255197977273
cv_targets__combined_risk,ADE_vs_CV,easy,eu-locality-119,1658,2.148152772164371,2.3455260977767742,8.414885078425904,4.21730293245971,5.970655941092775,4.423775218674889
cv_targets__combined_risk,ADE_vs_CV,easy,eu-locality-124,1006,2.2541686748306144,2.5758364727079335,12.48789670017969,4.176798267874475,4.723377029153014,4.529853536161329
cv_targets__combined_random,ADE_vs_floor,all,eu-locality-007,5526,12.79930776832178,12.974876186915042,1.35314137926279,44.01737296753018,76.74547333801287,44.53593329502612
cv_targets__combined_random,ADE_vs_floor,all,eu-locality-008,157961,17.097569739547367,17.310360041620548,1.2292656048837447,60.61325607257187,126.24179377108385,60.77363039735514
cv_targets__combined_random,ADE_vs_floor,all,eu-locality-020,1225,6.4017269076789125,6.453703918433902,0.8053826362645178,20.63072736269522,41.37090371937323,20.63072736269522
cv_targets__combined_random,ADE_vs_floor,all,eu-locality-048,8058,24.787692464425817,25.04006397712567,1.007870878167072,84.32822437168585,148.5004334407513,84.77644777499424
cv_targets__combined_random,ADE_vs_floor,all,eu-locality-067,6903,26.96380964398024,27.316252363581988,1.2902308666309703,88.7408126959883,154.83471062234412,88.78448286947457
cv_targets__combined_random,ADE_vs_floor,all,eu-locality-110,8550,28.623367463306973,29.06948335408015,1.5346536618462414,115.95375139943114,259.95968966626083,116.85239857000487
cv_targets__combined_random,ADE_vs_floor,all,eu-locality-119,5639,27.308267495908883,27.551822688667723,0.8839894024833983,108.26550475649688,192.3509497540389,108.43799131047149
cv_targets__combined_random,ADE_vs_floor,all,eu-locality-124,3550,40.7264046805441,41.20235833047124,1.1551611830314834,178.19707673030945,334.55067044545154,182.70620705979104
cv_targets__combined_random,ADE_vs_floor,easy,eu-locality-007,2133,1.7384252056747065,1.8219289613908256,4.5832607903863565,4.158966596089879,4.920901803275682,4.230345133365256
cv_targets__combined_random,ADE_vs_floor,easy,eu-locality-008,52276,2.097764453500445,2.24421211344112,6.525571226693117,4.155217060772909,4.761759082348317,4.260181371097664
cv_targets__combined_random,ADE_vs_floor,easy,eu-locality-020,695,1.681888740500014,1.714816508799578,1.9201919348568852,4.357367994839923,6.369592718595578,4.367811127405618
cv_targets__combined_random,ADE_vs_floor,easy,eu-locality-048,2050,2.0662034311742756,2.1864603155211566,5.500071668038342,4.24615044373225,4.776703476646713,4.279426052271072
cv_targets__combined_random,ADE_vs_floor,easy,eu-locality-067,1508,2.0146705962946787,2.0817024330364133,3.220048921399421,4.327806847863975,5.433795102648117,4.369122159901785
cv_targets__combined_random,ADE_vs_floor,easy,eu-locality-110,2579,2.0461536999821597,2.2142889877207317,7.59319531781808,4.006042427405214,4.585244630226117,4.204662309065635
cv_targets__combined_random,ADE_vs_floor,easy,eu-locality-119,1658,2.148353466469153,2.274132807520816,5.530870520652808,4.209513972076153,5.970655941092775,4.268800105084812
cv_targets__combined_random,ADE_vs_floor,easy,eu-locality-124,1006,2.2567568929683075,2.445226719804127,7.707662660046366,4.183351542830911,4.723377029153014,4.331802122080924
cv_targets__combined_random,ADE_vs_floor,hard,eu-locality-007,1023,38.51713301442224,39.11681576409787,1.5330561497953754,77.7601210112468,106.93881724198937,79.09141428093004
cv_targets__combined_random,ADE_vs_floor,hard,eu-locality-008,36762,49.29614767904085,49.60410727101644,0.6208348641232986,118.79344628414066,203.90224026305646,119.58938343541159
cv_targets__combined_random,ADE_vs_floor,hard,eu-locality-020,47,36.92354931828993,36.92354931828993,0.0,60.52355224102176,69.16719818649797,60.52355224102176
cv_targets__combined_random,ADE_vs_floor,hard,eu-locality-048,2992,53.23896120503433,53.71464249619353,0.8855709896848141,122.40902882819118,200.41270813697986,122.60258245083135
cv_targets__combined_random,ADE_vs_floor,hard,eu-locality-067,2806,53.81720917353623,54.56748907946629,1.3749577240716238,126.52131502707327,198.92434816893777,126.52131502707327
cv_targets__combined_random,ADE_vs_floor,hard,eu-locality-110,2743,74.99906553670273,75.71983632200313,0.9518916314547821,214.44871024777535,381.65406303141214,216.0693714569461
cv_targets__combined_random,ADE_vs_floor,hard,eu-locality-119,1895,66.91109748939098,67.30155948865561,0.5801678330060733,171.85187026049437,271.3240241994853,171.85187026049437
cv_targets__combined_random,ADE_vs_floor,hard,eu-locality-124,1362,94.82701062933671,95.6305131283049,0.8402156097292335,271.3821345043969,421.2415359066349,274.4684238324386
cv_targets__combined_random,ADE_vs_floor,complete,eu-locality-007,2882,12.656044194811283,12.92000036038779,2.0430043205400095,44.91845305630337,76.86890219592341,45.982202665686515
cv_targets__combined_random,ADE_vs_floor,complete,eu-locality-008,97352,15.350365376260102,15.602690137792878,1.6171875446118977,55.88054162051029,114.02385448093194,55.93037708188954
cv_targets__combined_random,ADE_vs_floor,complete,eu-locality-020,364,6.821300255822046,6.9019825286040675,1.1689724285398828,22.682718227503177,49.70629992513765,22.682718227503177
cv_targets__combined_random,ADE_vs_floor,complete,eu-locality-048,4716,24.385405977722733,24.689171595597593,1.2303597012101597,86.55480133029045,149.36088985685478,87.5871702676999
cv_targets__combined_random,ADE_vs_floor,complete,eu-locality-067,3417,27.569434829675068,28.011435479709043,1.5779293080290469,87.49455596529795,150.0665999659543,87.49455596529795
cv_targets__combined_random,ADE_vs_floor,complete,eu-locality-110,5804,26.40224708004843,26.93425359592777,1.9752042282685567,108.80979533687542,260.2202513909598,109.83042543804812
cv_targets__combined_random,ADE_vs_floor,complete,eu-locality-119,3148,26.3978463420033,26.737944969333405,1.2719699577517063,102.43155573476253,188.83867927511324,102.43155573476253
cv_targets__combined_random,ADE_vs_floor,complete,eu-locality-124,2077,36.68209022396553,37.245512817043696,1.5127260989687308,165.80020306100556,315.79700044017295,171.59254389597885
cv_targets__combined_random,ADE_vs_original,all,eu-locality-007,5526,12.79930776832178,12.78889741546403,-0.08140148849080653,44.01737296753018,76.74547333801287,43.91374371204497
cv_targets__combined_random,ADE_vs_original,all,eu-locality-008,157961,17.097569739547367,17.08391806684599,-0.07990949528067226,60.61325607257187,126.24179377108385,60.62374404800723
cv_targets__combined_random,ADE_vs_original,all,eu-locality-020,1225,6.4017269076789125,6.397734560197722,-0.0624025183231014,20.63072736269522,41.37090371937323,20.63072736269522
cv_targets__combined_random,ADE_vs_original,all,eu-locality-048,8058,24.787692464425817,24.77687499998227,-0.04365951898113174,84.32822437168585,148.5004334407513,84.32822437168585
cv_targets__combined_random,ADE_vs_original,all,eu-locality-067,6903,26.96380964398024,26.950412405321092,-0.0497106999984398,88.7408126959883,154.83471062234412,88.67424623165155
cv_targets__combined_random,ADE_vs_original,all,eu-locality-110,8550,28.623367463306973,28.588490599011664,-0.12199617246149153,115.95375139943114,259.95968966626083,115.95375139943114
cv_targets__combined_random,ADE_vs_original,all,eu-locality-119,5639,27.308267495908883,27.306355886203043,-0.007000603499807134,108.26550475649688,192.3509497540389,108.26550475649688
cv_targets__combined_random,ADE_vs_original,all,eu-locality-124,3550,40.7264046805441,40.68602503184979,-0.09924697402290406,178.19707673030945,334.55067044545154,178.19707673030945
cv_targets__combined_random,ADE_vs_original,easy,eu-locality-007,2133,1.7384252056747065,1.7337962857003137,-0.26698176784494265,4.158966596089879,4.920901803275682,4.151748787205072
cv_targets__combined_random,ADE_vs_original,easy,eu-locality-008,52276,2.097764453500445,2.0912125522481326,-0.3133063277221071,4.155217060772909,4.761759082348317,4.148556582945595
cv_targets__combined_random,ADE_vs_original,easy,eu-locality-020,695,1.681888740500014,1.6797249097888851,-0.12882054070395554,4.357367994839923,6.369592718595578,4.357367994839923
cv_targets__combined_random,ADE_vs_original,easy,eu-locality-048,2050,2.0662034311742756,2.0607233670843588,-0.26592914786376376,4.24615044373225,4.776703476646713,4.23299982099332
cv_targets__combined_random,ADE_vs_original,easy,eu-locality-067,1508,2.0146705962946787,2.0138383296413838,-0.04132738169915218,4.327806847863975,5.433795102648117,4.328563905319695
cv_targets__combined_random,ADE_vs_original,easy,eu-locality-110,2579,2.0461536999821597,2.035507843841304,-0.5230073749441067,4.006042427405214,4.585244630226117,3.995321033441541
cv_targets__combined_random,ADE_vs_original,easy,eu-locality-119,1658,2.148353466469153,2.14447443806715,-0.18088480483353653,4.209513972076153,5.970655941092775,4.209513972076153
cv_targets__combined_random,ADE_vs_original,easy,eu-locality-124,1006,2.2567568929683075,2.252998926212277,-0.1667984264132949,4.183351542830911,4.723377029153014,4.180078323556514
cv_targets__combined_random,ADE_vs_original,hard,eu-locality-007,1023,38.51713301442224,38.49109264182182,-0.06765298362074734,77.7601210112468,106.93881724198937,77.7601210112468
cv_targets__combined_random,ADE_vs_original,hard,eu-locality-008,36762,49.29614767904085,49.27204821916093,-0.04891101699837641,118.79344628414066,203.90224026305646,118.79267977674958
cv_targets__combined_random,ADE_vs_original,hard,eu-locality-020,47,36.92354931828993,36.92354931828993,0.0,60.52355224102176,69.16719818649797,60.52355224102176
cv_targets__combined_random,ADE_vs_original,hard,eu-locality-048,2992,53.23896120503433,53.22121488279945,-0.033344451595018754,122.40902882819118,200.41270813697986,122.35551401388845
cv_targets__combined_random,ADE_vs_original,hard,eu-locality-067,2806,53.81720917353623,53.790613386767276,-0.04944317436523793,126.52131502707327,198.92434816893777,126.76220620158645
cv_targets__combined_random,ADE_vs_original,hard,eu-locality-110,2743,74.99906553670273,74.91660793077055,-0.1100658561695278,214.44871024777535,381.65406303141214,214.44871024777535
cv_targets__combined_random,ADE_vs_original,hard,eu-locality-119,1895,66.91109748939098,66.91884494070099,0.011577383496197413,171.85187026049437,271.3240241994853,171.85187026049437
cv_targets__combined_random,ADE_vs_original,hard,eu-locality-124,1362,94.82701062933671,94.74100371809904,-0.09078108512929894,271.3821345043969,421.2415359066349,269.89921469355284
cv_targets__combined_random,FDE_vs_floor,endpoint,eu-locality-007,3935,27.250949253221876,27.826462654682768,2.0682233620666235,98.6908636089139,169.502019332493,99.63433701413419
cv_targets__combined_random,FDE_vs_floor,endpoint,eu-locality-008,121088,33.00836979530556,33.63538951388651,1.8641666638707366,128.22411577330965,267.16787014653056,128.6535092840875
cv_targets__combined_random,FDE_vs_floor,endpoint,eu-locality-020,622,14.336840942430813,14.545932745053438,1.4374588848125258,52.375808020598235,102.34943144507893,52.375808020598235
cv_targets__combined_random,FDE_vs_floor,endpoint,eu-locality-048,5582,52.99762823532161,53.67641471244728,1.2645898217346185,199.32370824113897,334.951402299056,200.37762711537502
cv_targets__combined_random,FDE_vs_floor,endpoint,eu-locality-067,4600,57.39121953319391,58.38959403975901,1.709850056305029,194.77286749387213,349.7936281446101,195.19184470752597
cv_targets__combined_random,FDE_vs_floor,endpoint,eu-locality-110,7204,52.72580072924404,53.94011966164402,2.2512351474508474,234.21645926775452,538.0295217792822,236.80639466943666
cv_targets__combined_random,FDE_vs_floor,endpoint,eu-locality-119,4147,60.17517245850511,60.9041125887216,1.1968652020906023,243.87068521041832,445.5820913837266,244.0711469012536
cv_targets__combined_random,FDE_vs_floor,endpoint,eu-locality-124,2645,78.14294900017643,79.6655359585729,1.9112241448902556,355.838487144209,706.960243386379,363.62977622543167
cv_targets__combined_random,ADE_vs_CV,easy,eu-locality-007,2133,1.7384252056747065,1.8525004364762494,6.157905744871628,4.158966596089879,4.920901803275682,4.355450553983238
cv_targets__combined_random,ADE_vs_CV,easy,eu-locality-008,52276,2.097764453500445,2.3343046202023725,10.133217603854149,4.155217060772909,4.761759082348317,4.477191635123733
cv_targets__combined_random,ADE_vs_CV,easy,eu-locality-020,695,1.681888740500014,1.6834998531827923,0.09570019740318125,4.357367994839923,6.369592718595578,4.294862621440125
cv_targets__combined_random,ADE_vs_CV,easy,eu-locality-048,2050,2.0662034311742756,2.2919612794697164,9.849985264483774,4.24615044373225,4.776703476646713,4.484449431559784
cv_targets__combined_random,ADE_vs_CV,easy,eu-locality-067,1508,2.0146705962946787,2.126958008841005,5.279249147354459,4.327806847863975,5.433795102648117,4.431771346846858
cv_targets__combined_random,ADE_vs_CV,easy,eu-locality-110,2579,2.0461536999821597,2.356118809479549,13.155750391291122,4.006042427405214,4.585244630226117,4.476255197977273
cv_targets__combined_random,ADE_vs_CV,easy,eu-locality-119,1658,2.148353466469153,2.3455260977767742,8.406328605531744,4.209513972076153,5.970655941092775,4.423775218674889
cv_targets__combined_random,ADE_vs_CV,easy,eu-locality-124,1006,2.2567568929683075,2.5758364727079335,12.387416014968643,4.183351542830911,4.723377029153014,4.529853536161329
floor_both__original,ADE_vs_floor,all,eu-locality-007,5526,12.830405295542219,12.974876186915042,1.1134664353754653,43.95122125345763,76.74547333801287,44.53593329502612
floor_both__original,ADE_vs_floor,all,eu-locality-008,157961,17.105959128030076,17.310360041620548,1.180801052658731,60.6622325166656,126.64306501449734,60.77363039735514
floor_both__original,ADE_vs_floor,all,eu-locality-020,1225,6.385625488362933,6.453703918433902,1.0548737737489655,20.415899425216296,41.37090371937323,20.63072736269522
floor_both__original,ADE_vs_floor,all,eu-locality-048,8058,24.89599297528568,25.04006397712567,0.5753619558304668,84.52294488626343,149.41133462060048,84.77644777499424
floor_both__original,ADE_vs_floor,all,eu-locality-067,6903,27.166922356249554,27.316252363581988,0.5466709171698891,88.67424623165155,154.83471062234412,88.78448286947457
floor_both__original,ADE_vs_floor,all,eu-locality-110,8550,28.726231184733486,29.06948335408015,1.1807990020520465,116.37314369518258,260.7935481375995,116.85239857000487
floor_both__original,ADE_vs_floor,all,eu-locality-119,5639,27.425998654727092,27.551822688667723,0.4566813432360872,108.72170492261496,192.3509497540389,108.43799131047149
floor_both__original,ADE_vs_floor,all,eu-locality-124,3550,40.91551558051743,41.20235833047124,0.6961804167934682,181.36489392676197,339.41051696932067,182.70620705979104
floor_both__original,ADE_vs_floor,easy,eu-locality-007,2133,1.7264599581973528,1.8219289613908256,5.239995917326745,4.1484000214020815,4.782653000105138,4.230345133365256
floor_both__original,ADE_vs_floor,easy,eu-locality-008,52276,2.095886249820984,2.24421211344112,6.609262232022417,4.154001151843065,4.754833259364243,4.260181371097664
floor_both__original,ADE_vs_floor,easy,eu-locality-020,695,1.6821918728002214,1.714816508799578,1.9025146907522328,4.357367994839923,6.369592718595578,4.367811127405618
floor_both__original,ADE_vs_floor,easy,eu-locality-048,2050,2.07542005162572,2.1864603155211566,5.078540100050688,4.2183701518348595,4.763849096600914,4.279426052271072
floor_both__original,ADE_vs_floor,easy,eu-locality-067,1508,2.021297381693298,2.0817024330364133,2.90171401947239,4.327806847863975,5.2542707053857525,4.369122159901785
floor_both__original,ADE_vs_floor,easy,eu-locality-110,2579,2.052509607075725,2.2142889877207317,7.306154776641582,4.052195209360398,4.576187673425571,4.204662309065635
floor_both__original,ADE_vs_floor,easy,eu-locality-119,1658,2.156597376282057,2.274132807520816,5.168362676535676,4.215074487101957,5.970655941092775,4.268800105084812
floor_both__original,ADE_vs_floor,easy,eu-locality-124,1006,2.26988287659572,2.445226719804127,7.170862390316623,4.180078323556514,4.707063460299762,4.331802122080924
floor_both__original,ADE_vs_floor,hard,eu-locality-007,1023,38.787166282594896,39.11681576409787,0.8427308692276925,77.7601210112468,106.93881724198937,79.09141428093004
floor_both__original,ADE_vs_floor,hard,eu-locality-008,36762,49.41280908444666,49.60410727101644,0.38564989291028917,119.06453672655374,205.05084419817962,119.58938343541159
floor_both__original,ADE_vs_floor,hard,eu-locality-020,47,36.92354931828993,36.92354931828993,0.0,60.52355224102176,69.16719818649797,60.52355224102176
floor_both__original,ADE_vs_floor,hard,eu-locality-048,2992,53.5458075716249,53.71464249619353,0.314318250522827,122.60258245083135,202.79147183299347,122.60258245083135
floor_both__original,ADE_vs_floor,hard,eu-locality-067,2806,54.31341120932669,54.56748907946629,0.4656213331890591,126.52131502707327,198.92434816893777,126.52131502707327
floor_both__original,ADE_vs_floor,hard,eu-locality-110,2743,75.2093787203259,75.71983632200313,0.6741398640991214,214.44871024777535,381.65406303141214,216.0693714569461
floor_both__original,ADE_vs_floor,hard,eu-locality-119,1895,67.21567713441654,67.30155948865561,0.12760826776020417,171.85187026049437,271.3240241994853,171.85187026049437
floor_both__original,ADE_vs_floor,hard,eu-locality-124,1362,95.24519134666512,95.6305131283049,0.40292765251902507,271.68500787615915,429.3751411458838,274.4684238324386
floor_both__original,ADE_vs_floor,complete,eu-locality-007,2882,12.716220134377469,12.92000036038779,1.5772462873538617,44.99232573946964,76.86890219592341,45.982202665686515
floor_both__original,ADE_vs_floor,complete,eu-locality-008,97352,15.35562405025203,15.602690137792878,1.5834839079602259,55.854218739214524,114.13358102156222,55.93037708188954
floor_both__original,ADE_vs_floor,complete,eu-locality-020,364,6.764442813923846,6.9019825286040675,1.992756633477577,22.67431095406674,49.70629992513765,22.682718227503177
floor_both__original,ADE_vs_floor,complete,eu-locality-048,4716,24.504534330607694,24.689171595597593,0.747847145356717,87.41625372660116,149.62179045139328,87.5871702676999
floor_both__original,ADE_vs_floor,complete,eu-locality-067,3417,27.845523352543573,28.011435479709043,0.592301409492757,87.55740326540852,150.0665999659543,87.49455596529795
floor_both__original,ADE_vs_floor,complete,eu-locality-110,5804,26.541038664013833,26.93425359592777,1.459906548044787,109.5124075796902,261.2510570653189,109.83042543804812
floor_both__original,ADE_vs_floor,complete,eu-locality-119,3148,26.592362446344968,26.737944969333405,0.5444791032198304,102.65266336742316,188.83867927511324,102.43155573476253
floor_both__original,ADE_vs_floor,complete,eu-locality-124,2077,36.92020375689615,37.245512817043696,0.873418126219716,167.2667834166025,316.4037738037055,171.59254389597885
floor_both__original,ADE_vs_original,all,eu-locality-007,5526,12.830405295542219,12.830405295542219,0.0,43.95122125345763,76.74547333801287,43.95122125345763
floor_both__original,ADE_vs_original,all,eu-locality-008,157961,17.105959128030076,17.105959128030076,0.0,60.6622325166656,126.64306501449734,60.6622325166656
floor_both__original,ADE_vs_original,all,eu-locality-020,1225,6.385625488362933,6.385625488362933,0.0,20.415899425216296,41.37090371937323,20.415899425216296
floor_both__original,ADE_vs_original,all,eu-locality-048,8058,24.89599297528568,24.89599297528568,0.0,84.52294488626343,149.41133462060048,84.52294488626343
floor_both__original,ADE_vs_original,all,eu-locality-067,6903,27.166922356249554,27.166922356249554,0.0,88.67424623165155,154.83471062234412,88.67424623165155
floor_both__original,ADE_vs_original,all,eu-locality-110,8550,28.726231184733486,28.726231184733486,0.0,116.37314369518258,260.7935481375995,116.37314369518258
floor_both__original,ADE_vs_original,all,eu-locality-119,5639,27.425998654727092,27.425998654727092,0.0,108.72170492261496,192.3509497540389,108.72170492261496
floor_both__original,ADE_vs_original,all,eu-locality-124,3550,40.91551558051743,40.91551558051743,0.0,181.36489392676197,339.41051696932067,181.36489392676197
floor_both__original,ADE_vs_original,easy,eu-locality-007,2133,1.7264599581973528,1.7264599581973528,0.0,4.1484000214020815,4.782653000105138,4.1484000214020815
floor_both__original,ADE_vs_original,easy,eu-locality-008,52276,2.095886249820984,2.095886249820984,0.0,4.154001151843065,4.754833259364243,4.154001151843065
floor_both__original,ADE_vs_original,easy,eu-locality-020,695,1.6821918728002214,1.6821918728002214,0.0,4.357367994839923,6.369592718595578,4.357367994839923
floor_both__original,ADE_vs_original,easy,eu-locality-048,2050,2.07542005162572,2.07542005162572,0.0,4.2183701518348595,4.763849096600914,4.2183701518348595
floor_both__original,ADE_vs_original,easy,eu-locality-067,1508,2.021297381693298,2.021297381693298,0.0,4.327806847863975,5.2542707053857525,4.327806847863975
floor_both__original,ADE_vs_original,easy,eu-locality-110,2579,2.052509607075725,2.052509607075725,0.0,4.052195209360398,4.576187673425571,4.052195209360398
floor_both__original,ADE_vs_original,easy,eu-locality-119,1658,2.156597376282057,2.156597376282057,0.0,4.215074487101957,5.970655941092775,4.215074487101957
floor_both__original,ADE_vs_original,easy,eu-locality-124,1006,2.26988287659572,2.26988287659572,0.0,4.180078323556514,4.707063460299762,4.180078323556514
floor_both__original,ADE_vs_original,hard,eu-locality-007,1023,38.787166282594896,38.787166282594896,0.0,77.7601210112468,106.93881724198937,77.7601210112468
floor_both__original,ADE_vs_original,hard,eu-locality-008,36762,49.41280908444666,49.41280908444666,0.0,119.06453672655374,205.05084419817962,119.06453672655374
floor_both__original,ADE_vs_original,hard,eu-locality-020,47,36.92354931828993,36.92354931828993,0.0,60.52355224102176,69.16719818649797,60.52355224102176
floor_both__original,ADE_vs_original,hard,eu-locality-048,2992,53.5458075716249,53.5458075716249,0.0,122.60258245083135,202.79147183299347,122.60258245083135
floor_both__original,ADE_vs_original,hard,eu-locality-067,2806,54.31341120932669,54.31341120932669,0.0,126.52131502707327,198.92434816893777,126.52131502707327
floor_both__original,ADE_vs_original,hard,eu-locality-110,2743,75.2093787203259,75.2093787203259,0.0,214.44871024777535,381.65406303141214,214.44871024777535
floor_both__original,ADE_vs_original,hard,eu-locality-119,1895,67.21567713441654,67.21567713441654,0.0,171.85187026049437,271.3240241994853,171.85187026049437
floor_both__original,ADE_vs_original,hard,eu-locality-124,1362,95.24519134666512,95.24519134666512,0.0,271.68500787615915,429.3751411458838,271.68500787615915
floor_both__original,FDE_vs_floor,endpoint,eu-locality-007,3935,27.334631701872492,27.826462654682768,1.7674936225769544,98.61609610878091,170.8952492395845,99.63433701413419
floor_both__original,FDE_vs_floor,endpoint,eu-locality-008,121088,33.01916358609986,33.63538951388651,1.8320760862074792,128.22411577330965,267.53662734168876,128.6535092840875
floor_both__original,FDE_vs_floor,endpoint,eu-locality-020,622,14.250434699345554,14.545932745053438,2.031482276778518,52.375808020598235,102.34943144507893,52.375808020598235
floor_both__original,FDE_vs_floor,endpoint,eu-locality-048,5582,53.23022141810852,53.67641471244728,0.8312650849150227,200.28790019669847,335.7568772699859,200.37762711537502
floor_both__original,FDE_vs_floor,endpoint,eu-locality-067,4600,57.92360131198609,58.38959403975901,0.7980749574241108,194.8922003644103,349.7936281446101,195.19184470752597
floor_both__original,FDE_vs_floor,endpoint,eu-locality-110,7204,53.04925090472993,53.94011966164402,1.6515883956178423,234.45378179997974,538.0295217792822,236.80639466943666
floor_both__original,FDE_vs_floor,endpoint,eu-locality-119,4147,60.53541871030429,60.9041125887216,0.605367786748745,245.40689248947538,445.5820913837266,244.0711469012536
floor_both__original,FDE_vs_floor,endpoint,eu-locality-124,2645,78.79963562692818,79.6655359585729,1.086919608618464,361.7232001427956,706.960243386379,363.62977622543167
floor_both__original,ADE_vs_CV,easy,eu-locality-007,2133,1.7264599581973528,1.8525004364762494,6.8038028924109595,4.1484000214020815,4.782653000105138,4.355450553983238
floor_both__original,ADE_vs_CV,easy,eu-locality-008,52276,2.095886249820984,2.3343046202023725,10.213678554117699,4.154001151843065,4.754833259364243,4.477191635123733
floor_both__original,ADE_vs_CV,easy,eu-locality-020,695,1.6821918728002214,1.6834998531827923,0.07769411919448244,4.357367994839923,6.369592718595578,4.294862621440125
floor_both__original,ADE_vs_CV,easy,eu-locality-048,2050,2.07542005162572,2.2919612794697164,9.44785715987736,4.2183701518348595,4.763849096600914,4.484449431559784
floor_both__original,ADE_vs_CV,easy,eu-locality-067,1508,2.021297381693298,2.126958008841005,4.967687500576579,4.327806847863975,5.2542707053857525,4.431771346846858
floor_both__original,ADE_vs_CV,easy,eu-locality-110,2579,2.052509607075725,2.356118809479549,12.885988651433477,4.052195209360398,4.576187673425571,4.476255197977273
floor_both__original,ADE_vs_CV,easy,eu-locality-119,1658,2.156597376282057,2.3455260977767742,8.054854800967448,4.215074487101957,5.970655941092775,4.423775218674889
floor_both__original,ADE_vs_CV,easy,eu-locality-124,1006,2.26988287659572,2.5758364727079335,11.877834612325744,4.180078323556514,4.707063460299762,4.529853536161329
floor_both__stop,ADE_vs_floor,all,eu-locality-007,5526,12.830405295542219,12.974876186915042,1.1134664353754653,43.95122125345763,76.74547333801287,44.53593329502612
floor_both__stop,ADE_vs_floor,all,eu-locality-008,157961,17.10591314197376,17.310360041620548,1.181066708925893,60.6622325166656,126.64306501449734,60.77363039735514
floor_both__stop,ADE_vs_floor,all,eu-locality-020,1225,6.385625488362933,6.453703918433902,1.0548737737489655,20.415899425216296,41.37090371937323,20.63072736269522
floor_both__stop,ADE_vs_floor,all,eu-locality-048,8058,24.89599297528568,25.04006397712567,0.5753619558304668,84.52294488626343,149.41133462060048,84.77644777499424
floor_both__stop,ADE_vs_floor,all,eu-locality-067,6903,27.166922356249554,27.316252363581988,0.5466709171698891,88.67424623165155,154.83471062234412,88.78448286947457
floor_both__stop,ADE_vs_floor,all,eu-locality-110,8550,28.726231184733486,29.06948335408015,1.1807990020520465,116.37314369518258,260.7935481375995,116.85239857000487
floor_both__stop,ADE_vs_floor,all,eu-locality-119,5639,27.425998654727092,27.551822688667723,0.4566813432360872,108.72170492261496,192.3509497540389,108.43799131047149
floor_both__stop,ADE_vs_floor,all,eu-locality-124,3550,40.91551558051743,41.20235833047124,0.6961804167934682,181.36489392676197,339.41051696932067,182.70620705979104
floor_both__stop,ADE_vs_floor,easy,eu-locality-007,2133,1.7264599581973528,1.8219289613908256,5.239995917326745,4.1484000214020815,4.782653000105138,4.230345133365256
floor_both__stop,ADE_vs_floor,easy,eu-locality-008,52276,2.0958666839986124,2.24421211344112,6.610134066830476,4.154001151843065,4.754833259364243,4.260181371097664
floor_both__stop,ADE_vs_floor,easy,eu-locality-020,695,1.6821918728002214,1.714816508799578,1.9025146907522328,4.357367994839923,6.369592718595578,4.367811127405618
floor_both__stop,ADE_vs_floor,easy,eu-locality-048,2050,2.07542005162572,2.1864603155211566,5.078540100050688,4.2183701518348595,4.763849096600914,4.279426052271072
floor_both__stop,ADE_vs_floor,easy,eu-locality-067,1508,2.021297381693298,2.0817024330364133,2.90171401947239,4.327806847863975,5.2542707053857525,4.369122159901785
floor_both__stop,ADE_vs_floor,easy,eu-locality-110,2579,2.052509607075725,2.2142889877207317,7.306154776641582,4.052195209360398,4.576187673425571,4.204662309065635
floor_both__stop,ADE_vs_floor,easy,eu-locality-119,1658,2.156597376282057,2.274132807520816,5.168362676535676,4.215074487101957,5.970655941092775,4.268800105084812
floor_both__stop,ADE_vs_floor,easy,eu-locality-124,1006,2.26988287659572,2.445226719804127,7.170862390316623,4.180078323556514,4.707063460299762,4.331802122080924
floor_both__stop,ADE_vs_floor,hard,eu-locality-007,1023,38.787166282594896,39.11681576409787,0.8427308692276925,77.7601210112468,106.93881724198937,79.09141428093004
floor_both__stop,ADE_vs_floor,hard,eu-locality-008,36762,49.41268249364209,49.60410727101644,0.3859050951738441,119.06453672655374,205.05084419817962,119.58938343541159
floor_both__stop,ADE_vs_floor,hard,eu-locality-020,47,36.92354931828993,36.92354931828993,0.0,60.52355224102176,69.16719818649797,60.52355224102176
floor_both__stop,ADE_vs_floor,hard,eu-locality-048,2992,53.5458075716249,53.71464249619353,0.314318250522827,122.60258245083135,202.79147183299347,122.60258245083135
floor_both__stop,ADE_vs_floor,hard,eu-locality-067,2806,54.31341120932669,54.56748907946629,0.4656213331890591,126.52131502707327,198.92434816893777,126.52131502707327
floor_both__stop,ADE_vs_floor,hard,eu-locality-110,2743,75.2093787203259,75.71983632200313,0.6741398640991214,214.44871024777535,381.65406303141214,216.0693714569461
floor_both__stop,ADE_vs_floor,hard,eu-locality-119,1895,67.21567713441654,67.30155948865561,0.12760826776020417,171.85187026049437,271.3240241994853,171.85187026049437
floor_both__stop,ADE_vs_floor,hard,eu-locality-124,1362,95.24519134666512,95.6305131283049,0.40292765251902507,271.68500787615915,429.3751411458838,274.4684238324386
floor_both__stop,ADE_vs_floor,complete,eu-locality-007,2882,12.716220134377469,12.92000036038779,1.5772462873538617,44.99232573946964,76.86890219592341,45.982202665686515
floor_both__stop,ADE_vs_floor,complete,eu-locality-008,97352,15.355583019029464,15.602690137792878,1.5837468832689994,55.854218739214524,114.13358102156222,55.93037708188954
floor_both__stop,ADE_vs_floor,complete,eu-locality-020,364,6.764442813923846,6.9019825286040675,1.992756633477577,22.67431095406674,49.70629992513765,22.682718227503177
floor_both__stop,ADE_vs_floor,complete,eu-locality-048,4716,24.504534330607694,24.689171595597593,0.747847145356717,87.41625372660116,149.62179045139328,87.5871702676999
floor_both__stop,ADE_vs_floor,complete,eu-locality-067,3417,27.845523352543573,28.011435479709043,0.592301409492757,87.55740326540852,150.0665999659543,87.49455596529795
floor_both__stop,ADE_vs_floor,complete,eu-locality-110,5804,26.541038664013833,26.93425359592777,1.459906548044787,109.5124075796902,261.2510570653189,109.83042543804812
floor_both__stop,ADE_vs_floor,complete,eu-locality-119,3148,26.592362446344968,26.737944969333405,0.5444791032198304,102.65266336742316,188.83867927511324,102.43155573476253
floor_both__stop,ADE_vs_floor,complete,eu-locality-124,2077,36.92020375689615,37.245512817043696,0.873418126219716,167.2667834166025,316.4037738037055,171.59254389597885
floor_both__stop,ADE_vs_original,all,eu-locality-007,5526,12.830405295542219,12.830405295542219,0.0,43.95122125345763,76.74547333801287,43.95122125345763
floor_both__stop,ADE_vs_original,all,eu-locality-008,157961,17.10591314197376,17.105959128030076,0.0002688306219633674,60.6622325166656,126.64306501449734,60.6622325166656
floor_both__stop,ADE_vs_original,all,eu-locality-020,1225,6.385625488362933,6.385625488362933,0.0,20.415899425216296,41.37090371937323,20.415899425216296
floor_both__stop,ADE_vs_original,all,eu-locality-048,8058,24.89599297528568,24.89599297528568,0.0,84.52294488626343,149.41133462060048,84.52294488626343
floor_both__stop,ADE_vs_original,all,eu-locality-067,6903,27.166922356249554,27.166922356249554,0.0,88.67424623165155,154.83471062234412,88.67424623165155
floor_both__stop,ADE_vs_original,all,eu-locality-110,8550,28.726231184733486,28.726231184733486,0.0,116.37314369518258,260.7935481375995,116.37314369518258
floor_both__stop,ADE_vs_original,all,eu-locality-119,5639,27.425998654727092,27.425998654727092,0.0,108.72170492261496,192.3509497540389,108.72170492261496
floor_both__stop,ADE_vs_original,all,eu-locality-124,3550,40.91551558051743,40.91551558051743,0.0,181.36489392676197,339.41051696932067,181.36489392676197
floor_both__stop,ADE_vs_original,easy,eu-locality-007,2133,1.7264599581973528,1.7264599581973528,0.0,4.1484000214020815,4.782653000105138,4.1484000214020815
floor_both__stop,ADE_vs_original,easy,eu-locality-008,52276,2.0958666839986124,2.095886249820984,0.0009335345548144858,4.154001151843065,4.754833259364243,4.154001151843065
floor_both__stop,ADE_vs_original,easy,eu-locality-020,695,1.6821918728002214,1.6821918728002214,0.0,4.357367994839923,6.369592718595578,4.357367994839923
floor_both__stop,ADE_vs_original,easy,eu-locality-048,2050,2.07542005162572,2.07542005162572,0.0,4.2183701518348595,4.763849096600914,4.2183701518348595
floor_both__stop,ADE_vs_original,easy,eu-locality-067,1508,2.021297381693298,2.021297381693298,0.0,4.327806847863975,5.2542707053857525,4.327806847863975
floor_both__stop,ADE_vs_original,easy,eu-locality-110,2579,2.052509607075725,2.052509607075725,0.0,4.052195209360398,4.576187673425571,4.052195209360398
floor_both__stop,ADE_vs_original,easy,eu-locality-119,1658,2.156597376282057,2.156597376282057,0.0,4.215074487101957,5.970655941092775,4.215074487101957
floor_both__stop,ADE_vs_original,easy,eu-locality-124,1006,2.26988287659572,2.26988287659572,0.0,4.180078323556514,4.707063460299762,4.180078323556514
floor_both__stop,ADE_vs_original,hard,eu-locality-007,1023,38.787166282594896,38.787166282594896,0.0,77.7601210112468,106.93881724198937,77.7601210112468
floor_both__stop,ADE_vs_original,hard,eu-locality-008,36762,49.41268249364209,49.41280908444666,0.0002561902610165312,119.06453672655374,205.05084419817962,119.06453672655374
floor_both__stop,ADE_vs_original,hard,eu-locality-020,47,36.92354931828993,36.92354931828993,0.0,60.52355224102176,69.16719818649797,60.52355224102176
floor_both__stop,ADE_vs_original,hard,eu-locality-048,2992,53.5458075716249,53.5458075716249,0.0,122.60258245083135,202.79147183299347,122.60258245083135
floor_both__stop,ADE_vs_original,hard,eu-locality-067,2806,54.31341120932669,54.31341120932669,0.0,126.52131502707327,198.92434816893777,126.52131502707327
floor_both__stop,ADE_vs_original,hard,eu-locality-110,2743,75.2093787203259,75.2093787203259,0.0,214.44871024777535,381.65406303141214,214.44871024777535
floor_both__stop,ADE_vs_original,hard,eu-locality-119,1895,67.21567713441654,67.21567713441654,0.0,171.85187026049437,271.3240241994853,171.85187026049437
floor_both__stop,ADE_vs_original,hard,eu-locality-124,1362,95.24519134666512,95.24519134666512,0.0,271.68500787615915,429.3751411458838,271.68500787615915
floor_both__stop,FDE_vs_floor,endpoint,eu-locality-007,3935,27.334631701872492,27.826462654682768,1.7674936225769544,98.61609610878091,170.8952492395845,99.63433701413419
floor_both__stop,FDE_vs_floor,endpoint,eu-locality-008,121088,33.01907958316626,33.63538951388651,1.832325831891446,128.22411577330965,267.53662734168876,128.6535092840875
floor_both__stop,FDE_vs_floor,endpoint,eu-locality-020,622,14.250434699345554,14.545932745053438,2.031482276778518,52.375808020598235,102.34943144507893,52.375808020598235
floor_both__stop,FDE_vs_floor,endpoint,eu-locality-048,5582,53.23022141810852,53.67641471244728,0.8312650849150227,200.28790019669847,335.7568772699859,200.37762711537502
floor_both__stop,FDE_vs_floor,endpoint,eu-locality-067,4600,57.92360131198609,58.38959403975901,0.7980749574241108,194.8922003644103,349.7936281446101,195.19184470752597
floor_both__stop,FDE_vs_floor,endpoint,eu-locality-110,7204,53.04925090472993,53.94011966164402,1.6515883956178423,234.45378179997974,538.0295217792822,236.80639466943666
floor_both__stop,FDE_vs_floor,endpoint,eu-locality-119,4147,60.53541871030429,60.9041125887216,0.605367786748745,245.40689248947538,445.5820913837266,244.0711469012536
floor_both__stop,FDE_vs_floor,endpoint,eu-locality-124,2645,78.79963562692818,79.6655359585729,1.086919608618464,361.7232001427956,706.960243386379,363.62977622543167
floor_both__stop,ADE_vs_CV,easy,eu-locality-007,2133,1.7264599581973528,1.8525004364762494,6.8038028924109595,4.1484000214020815,4.782653000105138,4.355450553983238
floor_both__stop,ADE_vs_CV,easy,eu-locality-008,52276,2.0958666839986124,2.3343046202023725,10.214516740453893,4.154001151843065,4.754833259364243,4.477191635123733
floor_both__stop,ADE_vs_CV,easy,eu-locality-020,695,1.6821918728002214,1.6834998531827923,0.07769411919448244,4.357367994839923,6.369592718595578,4.294862621440125
floor_both__stop,ADE_vs_CV,easy,eu-locality-048,2050,2.07542005162572,2.2919612794697164,9.44785715987736,4.2183701518348595,4.763849096600914,4.484449431559784
floor_both__stop,ADE_vs_CV,easy,eu-locality-067,1508,2.021297381693298,2.126958008841005,4.967687500576579,4.327806847863975,5.2542707053857525,4.431771346846858
floor_both__stop,ADE_vs_CV,easy,eu-locality-110,2579,2.052509607075725,2.356118809479549,12.885988651433477,4.052195209360398,4.576187673425571,4.476255197977273
floor_both__stop,ADE_vs_CV,easy,eu-locality-119,1658,2.156597376282057,2.3455260977767742,8.054854800967448,4.215074487101957,5.970655941092775,4.423775218674889
floor_both__stop,ADE_vs_CV,easy,eu-locality-124,1006,2.26988287659572,2.5758364727079335,11.877834612325744,4.180078323556514,4.707063460299762,4.529853536161329
floor_both__stop,matched_risk,all,eu-locality-007,5526,12.830405295542219,12.830405295542219,0.0,43.95122125345763,76.74547333801287,43.95122125345763
floor_both__stop,matched_risk,all,eu-locality-008,157961,17.10591314197376,17.10591314197376,0.0,60.6622325166656,126.64306501449734,60.6622325166656
floor_both__stop,matched_risk,all,eu-locality-020,1225,6.385625488362933,6.385625488362933,0.0,20.415899425216296,41.37090371937323,20.415899425216296
floor_both__stop,matched_risk,all,eu-locality-048,8058,24.89599297528568,24.89599297528568,0.0,84.52294488626343,149.41133462060048,84.52294488626343
floor_both__stop,matched_risk,all,eu-locality-067,6903,27.166922356249554,27.166922356249554,0.0,88.67424623165155,154.83471062234412,88.67424623165155
floor_both__stop,matched_risk,all,eu-locality-110,8550,28.726231184733486,28.726231184733486,0.0,116.37314369518258,260.7935481375995,116.37314369518258
floor_both__stop,matched_risk,all,eu-locality-119,5639,27.425998654727092,27.425998654727092,0.0,108.72170492261496,192.3509497540389,108.72170492261496
floor_both__stop,matched_risk,all,eu-locality-124,3550,40.91551558051743,40.91551558051743,0.0,181.36489392676197,339.41051696932067,181.36489392676197
floor_both__stop,matched_risk,easy,eu-locality-007,2133,1.7264599581973528,1.7264599581973528,0.0,4.1484000214020815,4.782653000105138,4.1484000214020815
floor_both__stop,matched_risk,easy,eu-locality-008,52276,2.0958666839986124,2.0958666839986124,0.0,4.154001151843065,4.754833259364243,4.154001151843065
floor_both__stop,matched_risk,easy,eu-locality-020,695,1.6821918728002214,1.6821918728002214,0.0,4.357367994839923,6.369592718595578,4.357367994839923
floor_both__stop,matched_risk,easy,eu-locality-048,2050,2.07542005162572,2.07542005162572,0.0,4.2183701518348595,4.763849096600914,4.2183701518348595
floor_both__stop,matched_risk,easy,eu-locality-067,1508,2.021297381693298,2.021297381693298,0.0,4.327806847863975,5.2542707053857525,4.327806847863975
floor_both__stop,matched_risk,easy,eu-locality-110,2579,2.052509607075725,2.052509607075725,0.0,4.052195209360398,4.576187673425571,4.052195209360398
floor_both__stop,matched_risk,easy,eu-locality-119,1658,2.156597376282057,2.156597376282057,0.0,4.215074487101957,5.970655941092775,4.215074487101957
floor_both__stop,matched_risk,easy,eu-locality-124,1006,2.26988287659572,2.26988287659572,0.0,4.180078323556514,4.707063460299762,4.180078323556514
floor_both__stop,matched_risk,hard,eu-locality-007,1023,38.787166282594896,38.787166282594896,0.0,77.7601210112468,106.93881724198937,77.7601210112468
floor_both__stop,matched_risk,hard,eu-locality-008,36762,49.41268249364209,49.41268249364209,0.0,119.06453672655374,205.05084419817962,119.06453672655374
floor_both__stop,matched_risk,hard,eu-locality-020,47,36.92354931828993,36.92354931828993,0.0,60.52355224102176,69.16719818649797,60.52355224102176
floor_both__stop,matched_risk,hard,eu-locality-048,2992,53.5458075716249,53.5458075716249,0.0,122.60258245083135,202.79147183299347,122.60258245083135
floor_both__stop,matched_risk,hard,eu-locality-067,2806,54.31341120932669,54.31341120932669,0.0,126.52131502707327,198.92434816893777,126.52131502707327
floor_both__stop,matched_risk,hard,eu-locality-110,2743,75.2093787203259,75.2093787203259,0.0,214.44871024777535,381.65406303141214,214.44871024777535
floor_both__stop,matched_risk,hard,eu-locality-119,1895,67.21567713441654,67.21567713441654,0.0,171.85187026049437,271.3240241994853,171.85187026049437
floor_both__stop,matched_risk,hard,eu-locality-124,1362,95.24519134666512,95.24519134666512,0.0,271.68500787615915,429.3751411458838,271.68500787615915
floor_both__stop,matched_risk,complete,eu-locality-007,2882,12.716220134377469,12.716220134377469,0.0,44.99232573946964,76.86890219592341,44.99232573946964
floor_both__stop,matched_risk,complete,eu-locality-008,97352,15.355583019029464,15.355583019029464,0.0,55.854218739214524,114.13358102156222,55.854218739214524
floor_both__stop,matched_risk,complete,eu-locality-020,364,6.764442813923846,6.764442813923846,0.0,22.67431095406674,49.70629992513765,22.67431095406674
floor_both__stop,matched_risk,complete,eu-locality-048,4716,24.504534330607694,24.504534330607694,0.0,87.41625372660116,149.62179045139328,87.41625372660116
floor_both__stop,matched_risk,complete,eu-locality-067,3417,27.845523352543573,27.845523352543573,0.0,87.55740326540852,150.0665999659543,87.55740326540852
floor_both__stop,matched_risk,complete,eu-locality-110,5804,26.541038664013833,26.541038664013833,0.0,109.5124075796902,261.2510570653189,109.5124075796902
floor_both__stop,matched_risk,complete,eu-locality-119,3148,26.592362446344968,26.592362446344968,0.0,102.65266336742316,188.83867927511324,102.65266336742316
floor_both__stop,matched_risk,complete,eu-locality-124,2077,36.92020375689615,36.92020375689615,0.0,167.2667834166025,316.4037738037055,167.2667834166025
floor_both__stop,matched_random,all,eu-locality-007,5526,12.830405295542219,12.830405295542219,0.0,43.95122125345763,76.74547333801287,43.95122125345763
floor_both__stop,matched_random,all,eu-locality-008,157961,17.10591314197376,17.10591314197376,0.0,60.6622325166656,126.64306501449734,60.6622325166656
floor_both__stop,matched_random,all,eu-locality-020,1225,6.385625488362933,6.385625488362933,0.0,20.415899425216296,41.37090371937323,20.415899425216296
floor_both__stop,matched_random,all,eu-locality-048,8058,24.89599297528568,24.89599297528568,0.0,84.52294488626343,149.41133462060048,84.52294488626343
floor_both__stop,matched_random,all,eu-locality-067,6903,27.166922356249554,27.166922356249554,0.0,88.67424623165155,154.83471062234412,88.67424623165155
floor_both__stop,matched_random,all,eu-locality-110,8550,28.726231184733486,28.726231184733486,0.0,116.37314369518258,260.7935481375995,116.37314369518258
floor_both__stop,matched_random,all,eu-locality-119,5639,27.425998654727092,27.425998654727092,0.0,108.72170492261496,192.3509497540389,108.72170492261496
floor_both__stop,matched_random,all,eu-locality-124,3550,40.91551558051743,40.91551558051743,0.0,181.36489392676197,339.41051696932067,181.36489392676197
floor_both__stop,matched_random,easy,eu-locality-007,2133,1.7264599581973528,1.7264599581973528,0.0,4.1484000214020815,4.782653000105138,4.1484000214020815
floor_both__stop,matched_random,easy,eu-locality-008,52276,2.0958666839986124,2.0958666839986124,0.0,4.154001151843065,4.754833259364243,4.154001151843065
floor_both__stop,matched_random,easy,eu-locality-020,695,1.6821918728002214,1.6821918728002214,0.0,4.357367994839923,6.369592718595578,4.357367994839923
floor_both__stop,matched_random,easy,eu-locality-048,2050,2.07542005162572,2.07542005162572,0.0,4.2183701518348595,4.763849096600914,4.2183701518348595
floor_both__stop,matched_random,easy,eu-locality-067,1508,2.021297381693298,2.021297381693298,0.0,4.327806847863975,5.2542707053857525,4.327806847863975
floor_both__stop,matched_random,easy,eu-locality-110,2579,2.052509607075725,2.052509607075725,0.0,4.052195209360398,4.576187673425571,4.052195209360398
floor_both__stop,matched_random,easy,eu-locality-119,1658,2.156597376282057,2.156597376282057,0.0,4.215074487101957,5.970655941092775,4.215074487101957
floor_both__stop,matched_random,easy,eu-locality-124,1006,2.26988287659572,2.26988287659572,0.0,4.180078323556514,4.707063460299762,4.180078323556514
floor_both__stop,matched_random,hard,eu-locality-007,1023,38.787166282594896,38.787166282594896,0.0,77.7601210112468,106.93881724198937,77.7601210112468
floor_both__stop,matched_random,hard,eu-locality-008,36762,49.41268249364209,49.41268249364209,0.0,119.06453672655374,205.05084419817962,119.06453672655374
floor_both__stop,matched_random,hard,eu-locality-020,47,36.92354931828993,36.92354931828993,0.0,60.52355224102176,69.16719818649797,60.52355224102176
floor_both__stop,matched_random,hard,eu-locality-048,2992,53.5458075716249,53.5458075716249,0.0,122.60258245083135,202.79147183299347,122.60258245083135
floor_both__stop,matched_random,hard,eu-locality-067,2806,54.31341120932669,54.31341120932669,0.0,126.52131502707327,198.92434816893777,126.52131502707327
floor_both__stop,matched_random,hard,eu-locality-110,2743,75.2093787203259,75.2093787203259,0.0,214.44871024777535,381.65406303141214,214.44871024777535
floor_both__stop,matched_random,hard,eu-locality-119,1895,67.21567713441654,67.21567713441654,0.0,171.85187026049437,271.3240241994853,171.85187026049437
floor_both__stop,matched_random,hard,eu-locality-124,1362,95.24519134666512,95.24519134666512,0.0,271.68500787615915,429.3751411458838,271.68500787615915
floor_both__stop,matched_random,complete,eu-locality-007,2882,12.716220134377469,12.716220134377469,0.0,44.99232573946964,76.86890219592341,44.99232573946964
floor_both__stop,matched_random,complete,eu-locality-008,97352,15.355583019029464,15.355583019029464,0.0,55.854218739214524,114.13358102156222,55.854218739214524
floor_both__stop,matched_random,complete,eu-locality-020,364,6.764442813923846,6.764442813923846,0.0,22.67431095406674,49.70629992513765,22.67431095406674
floor_both__stop,matched_random,complete,eu-locality-048,4716,24.504534330607694,24.504534330607694,0.0,87.41625372660116,149.62179045139328,87.41625372660116
floor_both__stop,matched_random,complete,eu-locality-067,3417,27.845523352543573,27.845523352543573,0.0,87.55740326540852,150.0665999659543,87.55740326540852
floor_both__stop,matched_random,complete,eu-locality-110,5804,26.541038664013833,26.541038664013833,0.0,109.5124075796902,261.2510570653189,109.5124075796902
floor_both__stop,matched_random,complete,eu-locality-119,3148,26.592362446344968,26.592362446344968,0.0,102.65266336742316,188.83867927511324,102.65266336742316
floor_both__stop,matched_random,complete,eu-locality-124,2077,36.92020375689615,36.92020375689615,0.0,167.2667834166025,316.4037738037055,167.2667834166025
floor_both__stop_risk,ADE_vs_floor,all,eu-locality-007,5526,12.830405295542219,12.974876186915042,1.1134664353754653,43.95122125345763,76.74547333801287,44.53593329502612
floor_both__stop_risk,ADE_vs_floor,all,eu-locality-008,157961,17.10591314197376,17.310360041620548,1.181066708925893,60.6622325166656,126.64306501449734,60.77363039735514
floor_both__stop_risk,ADE_vs_floor,all,eu-locality-020,1225,6.385625488362933,6.453703918433902,1.0548737737489655,20.415899425216296,41.37090371937323,20.63072736269522
floor_both__stop_risk,ADE_vs_floor,all,eu-locality-048,8058,24.89599297528568,25.04006397712567,0.5753619558304668,84.52294488626343,149.41133462060048,84.77644777499424
floor_both__stop_risk,ADE_vs_floor,all,eu-locality-067,6903,27.166922356249554,27.316252363581988,0.5466709171698891,88.67424623165155,154.83471062234412,88.78448286947457
floor_both__stop_risk,ADE_vs_floor,all,eu-locality-110,8550,28.726231184733486,29.06948335408015,1.1807990020520465,116.37314369518258,260.7935481375995,116.85239857000487
floor_both__stop_risk,ADE_vs_floor,all,eu-locality-119,5639,27.425998654727092,27.551822688667723,0.4566813432360872,108.72170492261496,192.3509497540389,108.43799131047149
floor_both__stop_risk,ADE_vs_floor,all,eu-locality-124,3550,40.91551558051743,41.20235833047124,0.6961804167934682,181.36489392676197,339.41051696932067,182.70620705979104
floor_both__stop_risk,ADE_vs_floor,easy,eu-locality-007,2133,1.7264599581973528,1.8219289613908256,5.239995917326745,4.1484000214020815,4.782653000105138,4.230345133365256
floor_both__stop_risk,ADE_vs_floor,easy,eu-locality-008,52276,2.0958666839986124,2.24421211344112,6.610134066830476,4.154001151843065,4.754833259364243,4.260181371097664
floor_both__stop_risk,ADE_vs_floor,easy,eu-locality-020,695,1.6821918728002214,1.714816508799578,1.9025146907522328,4.357367994839923,6.369592718595578,4.367811127405618
floor_both__stop_risk,ADE_vs_floor,easy,eu-locality-048,2050,2.07542005162572,2.1864603155211566,5.078540100050688,4.2183701518348595,4.763849096600914,4.279426052271072
floor_both__stop_risk,ADE_vs_floor,easy,eu-locality-067,1508,2.021297381693298,2.0817024330364133,2.90171401947239,4.327806847863975,5.2542707053857525,4.369122159901785
floor_both__stop_risk,ADE_vs_floor,easy,eu-locality-110,2579,2.052509607075725,2.2142889877207317,7.306154776641582,4.052195209360398,4.576187673425571,4.204662309065635
floor_both__stop_risk,ADE_vs_floor,easy,eu-locality-119,1658,2.156597376282057,2.274132807520816,5.168362676535676,4.215074487101957,5.970655941092775,4.268800105084812
floor_both__stop_risk,ADE_vs_floor,easy,eu-locality-124,1006,2.26988287659572,2.445226719804127,7.170862390316623,4.180078323556514,4.707063460299762,4.331802122080924
floor_both__stop_risk,ADE_vs_floor,hard,eu-locality-007,1023,38.787166282594896,39.11681576409787,0.8427308692276925,77.7601210112468,106.93881724198937,79.09141428093004
floor_both__stop_risk,ADE_vs_floor,hard,eu-locality-008,36762,49.41268249364209,49.60410727101644,0.3859050951738441,119.06453672655374,205.05084419817962,119.58938343541159
floor_both__stop_risk,ADE_vs_floor,hard,eu-locality-020,47,36.92354931828993,36.92354931828993,0.0,60.52355224102176,69.16719818649797,60.52355224102176
floor_both__stop_risk,ADE_vs_floor,hard,eu-locality-048,2992,53.5458075716249,53.71464249619353,0.314318250522827,122.60258245083135,202.79147183299347,122.60258245083135
floor_both__stop_risk,ADE_vs_floor,hard,eu-locality-067,2806,54.31341120932669,54.56748907946629,0.4656213331890591,126.52131502707327,198.92434816893777,126.52131502707327
floor_both__stop_risk,ADE_vs_floor,hard,eu-locality-110,2743,75.2093787203259,75.71983632200313,0.6741398640991214,214.44871024777535,381.65406303141214,216.0693714569461
floor_both__stop_risk,ADE_vs_floor,hard,eu-locality-119,1895,67.21567713441654,67.30155948865561,0.12760826776020417,171.85187026049437,271.3240241994853,171.85187026049437
floor_both__stop_risk,ADE_vs_floor,hard,eu-locality-124,1362,95.24519134666512,95.6305131283049,0.40292765251902507,271.68500787615915,429.3751411458838,274.4684238324386
floor_both__stop_risk,ADE_vs_floor,complete,eu-locality-007,2882,12.716220134377469,12.92000036038779,1.5772462873538617,44.99232573946964,76.86890219592341,45.982202665686515
floor_both__stop_risk,ADE_vs_floor,complete,eu-locality-008,97352,15.355583019029464,15.602690137792878,1.5837468832689994,55.854218739214524,114.13358102156222,55.93037708188954
floor_both__stop_risk,ADE_vs_floor,complete,eu-locality-020,364,6.764442813923846,6.9019825286040675,1.992756633477577,22.67431095406674,49.70629992513765,22.682718227503177
floor_both__stop_risk,ADE_vs_floor,complete,eu-locality-048,4716,24.504534330607694,24.689171595597593,0.747847145356717,87.41625372660116,149.62179045139328,87.5871702676999
floor_both__stop_risk,ADE_vs_floor,complete,eu-locality-067,3417,27.845523352543573,28.011435479709043,0.592301409492757,87.55740326540852,150.0665999659543,87.49455596529795
floor_both__stop_risk,ADE_vs_floor,complete,eu-locality-110,5804,26.541038664013833,26.93425359592777,1.459906548044787,109.5124075796902,261.2510570653189,109.83042543804812
floor_both__stop_risk,ADE_vs_floor,complete,eu-locality-119,3148,26.592362446344968,26.737944969333405,0.5444791032198304,102.65266336742316,188.83867927511324,102.43155573476253
floor_both__stop_risk,ADE_vs_floor,complete,eu-locality-124,2077,36.92020375689615,37.245512817043696,0.873418126219716,167.2667834166025,316.4037738037055,171.59254389597885
floor_both__stop_risk,ADE_vs_original,all,eu-locality-007,5526,12.830405295542219,12.830405295542219,0.0,43.95122125345763,76.74547333801287,43.95122125345763
floor_both__stop_risk,ADE_vs_original,all,eu-locality-008,157961,17.10591314197376,17.105959128030076,0.0002688306219633674,60.6622325166656,126.64306501449734,60.6622325166656
floor_both__stop_risk,ADE_vs_original,all,eu-locality-020,1225,6.385625488362933,6.385625488362933,0.0,20.415899425216296,41.37090371937323,20.415899425216296
floor_both__stop_risk,ADE_vs_original,all,eu-locality-048,8058,24.89599297528568,24.89599297528568,0.0,84.52294488626343,149.41133462060048,84.52294488626343
floor_both__stop_risk,ADE_vs_original,all,eu-locality-067,6903,27.166922356249554,27.166922356249554,0.0,88.67424623165155,154.83471062234412,88.67424623165155
floor_both__stop_risk,ADE_vs_original,all,eu-locality-110,8550,28.726231184733486,28.726231184733486,0.0,116.37314369518258,260.7935481375995,116.37314369518258
floor_both__stop_risk,ADE_vs_original,all,eu-locality-119,5639,27.425998654727092,27.425998654727092,0.0,108.72170492261496,192.3509497540389,108.72170492261496
floor_both__stop_risk,ADE_vs_original,all,eu-locality-124,3550,40.91551558051743,40.91551558051743,0.0,181.36489392676197,339.41051696932067,181.36489392676197
floor_both__stop_risk,ADE_vs_original,easy,eu-locality-007,2133,1.7264599581973528,1.7264599581973528,0.0,4.1484000214020815,4.782653000105138,4.1484000214020815
floor_both__stop_risk,ADE_vs_original,easy,eu-locality-008,52276,2.0958666839986124,2.095886249820984,0.0009335345548144858,4.154001151843065,4.754833259364243,4.154001151843065
floor_both__stop_risk,ADE_vs_original,easy,eu-locality-020,695,1.6821918728002214,1.6821918728002214,0.0,4.357367994839923,6.369592718595578,4.357367994839923
floor_both__stop_risk,ADE_vs_original,easy,eu-locality-048,2050,2.07542005162572,2.07542005162572,0.0,4.2183701518348595,4.763849096600914,4.2183701518348595
floor_both__stop_risk,ADE_vs_original,easy,eu-locality-067,1508,2.021297381693298,2.021297381693298,0.0,4.327806847863975,5.2542707053857525,4.327806847863975
floor_both__stop_risk,ADE_vs_original,easy,eu-locality-110,2579,2.052509607075725,2.052509607075725,0.0,4.052195209360398,4.576187673425571,4.052195209360398
floor_both__stop_risk,ADE_vs_original,easy,eu-locality-119,1658,2.156597376282057,2.156597376282057,0.0,4.215074487101957,5.970655941092775,4.215074487101957
floor_both__stop_risk,ADE_vs_original,easy,eu-locality-124,1006,2.26988287659572,2.26988287659572,0.0,4.180078323556514,4.707063460299762,4.180078323556514
floor_both__stop_risk,ADE_vs_original,hard,eu-locality-007,1023,38.787166282594896,38.787166282594896,0.0,77.7601210112468,106.93881724198937,77.7601210112468
floor_both__stop_risk,ADE_vs_original,hard,eu-locality-008,36762,49.41268249364209,49.41280908444666,0.0002561902610165312,119.06453672655374,205.05084419817962,119.06453672655374
floor_both__stop_risk,ADE_vs_original,hard,eu-locality-020,47,36.92354931828993,36.92354931828993,0.0,60.52355224102176,69.16719818649797,60.52355224102176
floor_both__stop_risk,ADE_vs_original,hard,eu-locality-048,2992,53.5458075716249,53.5458075716249,0.0,122.60258245083135,202.79147183299347,122.60258245083135
floor_both__stop_risk,ADE_vs_original,hard,eu-locality-067,2806,54.31341120932669,54.31341120932669,0.0,126.52131502707327,198.92434816893777,126.52131502707327
floor_both__stop_risk,ADE_vs_original,hard,eu-locality-110,2743,75.2093787203259,75.2093787203259,0.0,214.44871024777535,381.65406303141214,214.44871024777535
floor_both__stop_risk,ADE_vs_original,hard,eu-locality-119,1895,67.21567713441654,67.21567713441654,0.0,171.85187026049437,271.3240241994853,171.85187026049437
floor_both__stop_risk,ADE_vs_original,hard,eu-locality-124,1362,95.24519134666512,95.24519134666512,0.0,271.68500787615915,429.3751411458838,271.68500787615915
floor_both__stop_risk,FDE_vs_floor,endpoint,eu-locality-007,3935,27.334631701872492,27.826462654682768,1.7674936225769544,98.61609610878091,170.8952492395845,99.63433701413419
floor_both__stop_risk,FDE_vs_floor,endpoint,eu-locality-008,121088,33.01907958316626,33.63538951388651,1.832325831891446,128.22411577330965,267.53662734168876,128.6535092840875
floor_both__stop_risk,FDE_vs_floor,endpoint,eu-locality-020,622,14.250434699345554,14.545932745053438,2.031482276778518,52.375808020598235,102.34943144507893,52.375808020598235
floor_both__stop_risk,FDE_vs_floor,endpoint,eu-locality-048,5582,53.23022141810852,53.67641471244728,0.8312650849150227,200.28790019669847,335.7568772699859,200.37762711537502
floor_both__stop_risk,FDE_vs_floor,endpoint,eu-locality-067,4600,57.92360131198609,58.38959403975901,0.7980749574241108,194.8922003644103,349.7936281446101,195.19184470752597
floor_both__stop_risk,FDE_vs_floor,endpoint,eu-locality-110,7204,53.04925090472993,53.94011966164402,1.6515883956178423,234.45378179997974,538.0295217792822,236.80639466943666
floor_both__stop_risk,FDE_vs_floor,endpoint,eu-locality-119,4147,60.53541871030429,60.9041125887216,0.605367786748745,245.40689248947538,445.5820913837266,244.0711469012536
floor_both__stop_risk,FDE_vs_floor,endpoint,eu-locality-124,2645,78.79963562692818,79.6655359585729,1.086919608618464,361.7232001427956,706.960243386379,363.62977622543167
floor_both__stop_risk,ADE_vs_CV,easy,eu-locality-007,2133,1.7264599581973528,1.8525004364762494,6.8038028924109595,4.1484000214020815,4.782653000105138,4.355450553983238
floor_both__stop_risk,ADE_vs_CV,easy,eu-locality-008,52276,2.0958666839986124,2.3343046202023725,10.214516740453893,4.154001151843065,4.754833259364243,4.477191635123733
floor_both__stop_risk,ADE_vs_CV,easy,eu-locality-020,695,1.6821918728002214,1.6834998531827923,0.07769411919448244,4.357367994839923,6.369592718595578,4.294862621440125
floor_both__stop_risk,ADE_vs_CV,easy,eu-locality-048,2050,2.07542005162572,2.2919612794697164,9.44785715987736,4.2183701518348595,4.763849096600914,4.484449431559784
floor_both__stop_risk,ADE_vs_CV,easy,eu-locality-067,1508,2.021297381693298,2.126958008841005,4.967687500576579,4.327806847863975,5.2542707053857525,4.431771346846858
floor_both__stop_risk,ADE_vs_CV,easy,eu-locality-110,2579,2.052509607075725,2.356118809479549,12.885988651433477,4.052195209360398,4.576187673425571,4.476255197977273
floor_both__stop_risk,ADE_vs_CV,easy,eu-locality-119,1658,2.156597376282057,2.3455260977767742,8.054854800967448,4.215074487101957,5.970655941092775,4.423775218674889
floor_both__stop_risk,ADE_vs_CV,easy,eu-locality-124,1006,2.26988287659572,2.5758364727079335,11.877834612325744,4.180078323556514,4.707063460299762,4.529853536161329
floor_both__stop_random,ADE_vs_floor,all,eu-locality-007,5526,12.830405295542219,12.974876186915042,1.1134664353754653,43.95122125345763,76.74547333801287,44.53593329502612
floor_both__stop_random,ADE_vs_floor,all,eu-locality-008,157961,17.10591314197376,17.310360041620548,1.181066708925893,60.6622325166656,126.64306501449734,60.77363039735514
floor_both__stop_random,ADE_vs_floor,all,eu-locality-020,1225,6.385625488362933,6.453703918433902,1.0548737737489655,20.415899425216296,41.37090371937323,20.63072736269522
floor_both__stop_random,ADE_vs_floor,all,eu-locality-048,8058,24.89599297528568,25.04006397712567,0.5753619558304668,84.52294488626343,149.41133462060048,84.77644777499424
floor_both__stop_random,ADE_vs_floor,all,eu-locality-067,6903,27.166922356249554,27.316252363581988,0.5466709171698891,88.67424623165155,154.83471062234412,88.78448286947457
floor_both__stop_random,ADE_vs_floor,all,eu-locality-110,8550,28.726231184733486,29.06948335408015,1.1807990020520465,116.37314369518258,260.7935481375995,116.85239857000487
floor_both__stop_random,ADE_vs_floor,all,eu-locality-119,5639,27.425998654727092,27.551822688667723,0.4566813432360872,108.72170492261496,192.3509497540389,108.43799131047149
floor_both__stop_random,ADE_vs_floor,all,eu-locality-124,3550,40.91551558051743,41.20235833047124,0.6961804167934682,181.36489392676197,339.41051696932067,182.70620705979104
floor_both__stop_random,ADE_vs_floor,easy,eu-locality-007,2133,1.7264599581973528,1.8219289613908256,5.239995917326745,4.1484000214020815,4.782653000105138,4.230345133365256
floor_both__stop_random,ADE_vs_floor,easy,eu-locality-008,52276,2.0958666839986124,2.24421211344112,6.610134066830476,4.154001151843065,4.754833259364243,4.260181371097664
floor_both__stop_random,ADE_vs_floor,easy,eu-locality-020,695,1.6821918728002214,1.714816508799578,1.9025146907522328,4.357367994839923,6.369592718595578,4.367811127405618
floor_both__stop_random,ADE_vs_floor,easy,eu-locality-048,2050,2.07542005162572,2.1864603155211566,5.078540100050688,4.2183701518348595,4.763849096600914,4.279426052271072
floor_both__stop_random,ADE_vs_floor,easy,eu-locality-067,1508,2.021297381693298,2.0817024330364133,2.90171401947239,4.327806847863975,5.2542707053857525,4.369122159901785
floor_both__stop_random,ADE_vs_floor,easy,eu-locality-110,2579,2.052509607075725,2.2142889877207317,7.306154776641582,4.052195209360398,4.576187673425571,4.204662309065635
floor_both__stop_random,ADE_vs_floor,easy,eu-locality-119,1658,2.156597376282057,2.274132807520816,5.168362676535676,4.215074487101957,5.970655941092775,4.268800105084812
floor_both__stop_random,ADE_vs_floor,easy,eu-locality-124,1006,2.26988287659572,2.445226719804127,7.170862390316623,4.180078323556514,4.707063460299762,4.331802122080924
floor_both__stop_random,ADE_vs_floor,hard,eu-locality-007,1023,38.787166282594896,39.11681576409787,0.8427308692276925,77.7601210112468,106.93881724198937,79.09141428093004
floor_both__stop_random,ADE_vs_floor,hard,eu-locality-008,36762,49.41268249364209,49.60410727101644,0.3859050951738441,119.06453672655374,205.05084419817962,119.58938343541159
floor_both__stop_random,ADE_vs_floor,hard,eu-locality-020,47,36.92354931828993,36.92354931828993,0.0,60.52355224102176,69.16719818649797,60.52355224102176
floor_both__stop_random,ADE_vs_floor,hard,eu-locality-048,2992,53.5458075716249,53.71464249619353,0.314318250522827,122.60258245083135,202.79147183299347,122.60258245083135
floor_both__stop_random,ADE_vs_floor,hard,eu-locality-067,2806,54.31341120932669,54.56748907946629,0.4656213331890591,126.52131502707327,198.92434816893777,126.52131502707327
floor_both__stop_random,ADE_vs_floor,hard,eu-locality-110,2743,75.2093787203259,75.71983632200313,0.6741398640991214,214.44871024777535,381.65406303141214,216.0693714569461
floor_both__stop_random,ADE_vs_floor,hard,eu-locality-119,1895,67.21567713441654,67.30155948865561,0.12760826776020417,171.85187026049437,271.3240241994853,171.85187026049437
floor_both__stop_random,ADE_vs_floor,hard,eu-locality-124,1362,95.24519134666512,95.6305131283049,0.40292765251902507,271.68500787615915,429.3751411458838,274.4684238324386
floor_both__stop_random,ADE_vs_floor,complete,eu-locality-007,2882,12.716220134377469,12.92000036038779,1.5772462873538617,44.99232573946964,76.86890219592341,45.982202665686515
floor_both__stop_random,ADE_vs_floor,complete,eu-locality-008,97352,15.355583019029464,15.602690137792878,1.5837468832689994,55.854218739214524,114.13358102156222,55.93037708188954
floor_both__stop_random,ADE_vs_floor,complete,eu-locality-020,364,6.764442813923846,6.9019825286040675,1.992756633477577,22.67431095406674,49.70629992513765,22.682718227503177
floor_both__stop_random,ADE_vs_floor,complete,eu-locality-048,4716,24.504534330607694,24.689171595597593,0.747847145356717,87.41625372660116,149.62179045139328,87.5871702676999
floor_both__stop_random,ADE_vs_floor,complete,eu-locality-067,3417,27.845523352543573,28.011435479709043,0.592301409492757,87.55740326540852,150.0665999659543,87.49455596529795
floor_both__stop_random,ADE_vs_floor,complete,eu-locality-110,5804,26.541038664013833,26.93425359592777,1.459906548044787,109.5124075796902,261.2510570653189,109.83042543804812
floor_both__stop_random,ADE_vs_floor,complete,eu-locality-119,3148,26.592362446344968,26.737944969333405,0.5444791032198304,102.65266336742316,188.83867927511324,102.43155573476253
floor_both__stop_random,ADE_vs_floor,complete,eu-locality-124,2077,36.92020375689615,37.245512817043696,0.873418126219716,167.2667834166025,316.4037738037055,171.59254389597885
floor_both__stop_random,ADE_vs_original,all,eu-locality-007,5526,12.830405295542219,12.830405295542219,0.0,43.95122125345763,76.74547333801287,43.95122125345763
floor_both__stop_random,ADE_vs_original,all,eu-locality-008,157961,17.10591314197376,17.105959128030076,0.0002688306219633674,60.6622325166656,126.64306501449734,60.6622325166656
floor_both__stop_random,ADE_vs_original,all,eu-locality-020,1225,6.385625488362933,6.385625488362933,0.0,20.415899425216296,41.37090371937323,20.415899425216296
floor_both__stop_random,ADE_vs_original,all,eu-locality-048,8058,24.89599297528568,24.89599297528568,0.0,84.52294488626343,149.41133462060048,84.52294488626343
floor_both__stop_random,ADE_vs_original,all,eu-locality-067,6903,27.166922356249554,27.166922356249554,0.0,88.67424623165155,154.83471062234412,88.67424623165155
floor_both__stop_random,ADE_vs_original,all,eu-locality-110,8550,28.726231184733486,28.726231184733486,0.0,116.37314369518258,260.7935481375995,116.37314369518258
floor_both__stop_random,ADE_vs_original,all,eu-locality-119,5639,27.425998654727092,27.425998654727092,0.0,108.72170492261496,192.3509497540389,108.72170492261496
floor_both__stop_random,ADE_vs_original,all,eu-locality-124,3550,40.91551558051743,40.91551558051743,0.0,181.36489392676197,339.41051696932067,181.36489392676197
floor_both__stop_random,ADE_vs_original,easy,eu-locality-007,2133,1.7264599581973528,1.7264599581973528,0.0,4.1484000214020815,4.782653000105138,4.1484000214020815
floor_both__stop_random,ADE_vs_original,easy,eu-locality-008,52276,2.0958666839986124,2.095886249820984,0.0009335345548144858,4.154001151843065,4.754833259364243,4.154001151843065
floor_both__stop_random,ADE_vs_original,easy,eu-locality-020,695,1.6821918728002214,1.6821918728002214,0.0,4.357367994839923,6.369592718595578,4.357367994839923
floor_both__stop_random,ADE_vs_original,easy,eu-locality-048,2050,2.07542005162572,2.07542005162572,0.0,4.2183701518348595,4.763849096600914,4.2183701518348595
floor_both__stop_random,ADE_vs_original,easy,eu-locality-067,1508,2.021297381693298,2.021297381693298,0.0,4.327806847863975,5.2542707053857525,4.327806847863975
floor_both__stop_random,ADE_vs_original,easy,eu-locality-110,2579,2.052509607075725,2.052509607075725,0.0,4.052195209360398,4.576187673425571,4.052195209360398
floor_both__stop_random,ADE_vs_original,easy,eu-locality-119,1658,2.156597376282057,2.156597376282057,0.0,4.215074487101957,5.970655941092775,4.215074487101957
floor_both__stop_random,ADE_vs_original,easy,eu-locality-124,1006,2.26988287659572,2.26988287659572,0.0,4.180078323556514,4.707063460299762,4.180078323556514
floor_both__stop_random,ADE_vs_original,hard,eu-locality-007,1023,38.787166282594896,38.787166282594896,0.0,77.7601210112468,106.93881724198937,77.7601210112468
floor_both__stop_random,ADE_vs_original,hard,eu-locality-008,36762,49.41268249364209,49.41280908444666,0.0002561902610165312,119.06453672655374,205.05084419817962,119.06453672655374
floor_both__stop_random,ADE_vs_original,hard,eu-locality-020,47,36.92354931828993,36.92354931828993,0.0,60.52355224102176,69.16719818649797,60.52355224102176
floor_both__stop_random,ADE_vs_original,hard,eu-locality-048,2992,53.5458075716249,53.5458075716249,0.0,122.60258245083135,202.79147183299347,122.60258245083135
floor_both__stop_random,ADE_vs_original,hard,eu-locality-067,2806,54.31341120932669,54.31341120932669,0.0,126.52131502707327,198.92434816893777,126.52131502707327
floor_both__stop_random,ADE_vs_original,hard,eu-locality-110,2743,75.2093787203259,75.2093787203259,0.0,214.44871024777535,381.65406303141214,214.44871024777535
floor_both__stop_random,ADE_vs_original,hard,eu-locality-119,1895,67.21567713441654,67.21567713441654,0.0,171.85187026049437,271.3240241994853,171.85187026049437
floor_both__stop_random,ADE_vs_original,hard,eu-locality-124,1362,95.24519134666512,95.24519134666512,0.0,271.68500787615915,429.3751411458838,271.68500787615915
floor_both__stop_random,FDE_vs_floor,endpoint,eu-locality-007,3935,27.334631701872492,27.826462654682768,1.7674936225769544,98.61609610878091,170.8952492395845,99.63433701413419
floor_both__stop_random,FDE_vs_floor,endpoint,eu-locality-008,121088,33.01907958316626,33.63538951388651,1.832325831891446,128.22411577330965,267.53662734168876,128.6535092840875
floor_both__stop_random,FDE_vs_floor,endpoint,eu-locality-020,622,14.250434699345554,14.545932745053438,2.031482276778518,52.375808020598235,102.34943144507893,52.375808020598235
floor_both__stop_random,FDE_vs_floor,endpoint,eu-locality-048,5582,53.23022141810852,53.67641471244728,0.8312650849150227,200.28790019669847,335.7568772699859,200.37762711537502
floor_both__stop_random,FDE_vs_floor,endpoint,eu-locality-067,4600,57.92360131198609,58.38959403975901,0.7980749574241108,194.8922003644103,349.7936281446101,195.19184470752597
floor_both__stop_random,FDE_vs_floor,endpoint,eu-locality-110,7204,53.04925090472993,53.94011966164402,1.6515883956178423,234.45378179997974,538.0295217792822,236.80639466943666
floor_both__stop_random,FDE_vs_floor,endpoint,eu-locality-119,4147,60.53541871030429,60.9041125887216,0.605367786748745,245.40689248947538,445.5820913837266,244.0711469012536
floor_both__stop_random,FDE_vs_floor,endpoint,eu-locality-124,2645,78.79963562692818,79.6655359585729,1.086919608618464,361.7232001427956,706.960243386379,363.62977622543167
floor_both__stop_random,ADE_vs_CV,easy,eu-locality-007,2133,1.7264599581973528,1.8525004364762494,6.8038028924109595,4.1484000214020815,4.782653000105138,4.355450553983238
floor_both__stop_random,ADE_vs_CV,easy,eu-locality-008,52276,2.0958666839986124,2.3343046202023725,10.214516740453893,4.154001151843065,4.754833259364243,4.477191635123733
floor_both__stop_random,ADE_vs_CV,easy,eu-locality-020,695,1.6821918728002214,1.6834998531827923,0.07769411919448244,4.357367994839923,6.369592718595578,4.294862621440125
floor_both__stop_random,ADE_vs_CV,easy,eu-locality-048,2050,2.07542005162572,2.2919612794697164,9.44785715987736,4.2183701518348595,4.763849096600914,4.484449431559784
floor_both__stop_random,ADE_vs_CV,easy,eu-locality-067,1508,2.021297381693298,2.126958008841005,4.967687500576579,4.327806847863975,5.2542707053857525,4.431771346846858
floor_both__stop_random,ADE_vs_CV,easy,eu-locality-110,2579,2.052509607075725,2.356118809479549,12.885988651433477,4.052195209360398,4.576187673425571,4.476255197977273
floor_both__stop_random,ADE_vs_CV,easy,eu-locality-119,1658,2.156597376282057,2.3455260977767742,8.054854800967448,4.215074487101957,5.970655941092775,4.423775218674889
floor_both__stop_random,ADE_vs_CV,easy,eu-locality-124,1006,2.26988287659572,2.5758364727079335,11.877834612325744,4.180078323556514,4.707063460299762,4.529853536161329
floor_both__support,ADE_vs_floor,all,eu-locality-007,5526,12.832286650004344,12.974876186915042,1.0989664552984113,43.95122125345763,76.74547333801287,44.53593329502612
floor_both__support,ADE_vs_floor,all,eu-locality-008,157961,17.119936135519083,17.310360041620548,1.1000574548629571,60.70091462897748,126.66986514890806,60.77363039735514
floor_both__support,ADE_vs_floor,all,eu-locality-020,1225,6.3901191046643735,6.453703918433902,0.9852452881810914,20.421756180984552,41.37090371937323,20.63072736269522
floor_both__support,ADE_vs_floor,all,eu-locality-048,8058,24.899036362316423,25.04006397712567,0.5632078853236022,84.52294488626343,149.41133462060048,84.77644777499424
floor_both__support,ADE_vs_floor,all,eu-locality-067,6903,27.174513255497963,27.316252363581988,0.5188819688640378,88.78448286947457,154.83471062234412,88.78448286947457
floor_both__support,ADE_vs_floor,all,eu-locality-110,8550,28.808063478101765,29.06948335408015,0.8992931618156508,116.37314369518258,261.4152450345212,116.85239857000487
floor_both__support,ADE_vs_floor,all,eu-locality-119,5639,27.427157538064677,27.551822688667723,0.4524751484202949,108.72170492261496,192.3509497540389,108.43799131047149
floor_both__support,ADE_vs_floor,all,eu-locality-124,3550,40.92789709800039,41.20235833047124,0.6661299100150564,181.36489392676197,339.41051696932067,182.70620705979104
floor_both__support,ADE_vs_floor,easy,eu-locality-007,2133,1.728928358158439,1.8219289613908256,5.104513139820321,4.149553135195808,4.782653000105138,4.230345133365256
floor_both__support,ADE_vs_floor,easy,eu-locality-008,52276,2.098176363563445,2.24421211344112,6.507216898217072,4.157287807447862,4.750869837882707,4.260181371097664
floor_both__support,ADE_vs_floor,easy,eu-locality-020,695,1.6843570797558014,1.714816508799578,1.776250047015182,4.357367994839923,6.369592718595578,4.367811127405618
floor_both__support,ADE_vs_floor,easy,eu-locality-048,2050,2.068550693930145,2.1864603155211566,5.392717203875119,4.2183701518348595,4.750611633820484,4.279426052271072
floor_both__support,ADE_vs_floor,easy,eu-locality-067,1508,2.018272721344288,2.0817024330364133,3.0470114597313303,4.325988505867179,5.232512929851072,4.369122159901785
floor_both__support,ADE_vs_floor,easy,eu-locality-110,2579,2.051454415056249,2.2142889877207317,7.35380853933143,4.048562238877138,4.545970949430707,4.204662309065635
floor_both__support,ADE_vs_floor,easy,eu-locality-119,1658,2.1588621479707766,2.274132807520816,5.068774311193525,4.209513972076153,5.970655941092775,4.268800105084812
floor_both__support,ADE_vs_floor,easy,eu-locality-124,1006,2.271970849424506,2.445226719804127,7.085472646622293,4.177173725974042,4.664366837711673,4.331802122080924
floor_both__support,ADE_vs_floor,hard,eu-locality-007,1023,38.77459511866203,39.11681576409787,0.874868362240111,77.7601210112468,106.93881724198937,79.09141428093004
floor_both__support,ADE_vs_floor,hard,eu-locality-008,36762,49.444984631828426,49.60410727101644,0.32078520901229757,119.06872023573149,205.20369470271268,119.58938343541159
floor_both__support,ADE_vs_floor,hard,eu-locality-020,47,36.92354931828993,36.92354931828993,0.0,60.52355224102176,69.16719818649797,60.52355224102176
floor_both__support,ADE_vs_floor,hard,eu-locality-048,2992,53.5548195685633,53.71464249619353,0.29754070808820643,122.60258245083135,202.79147183299347,122.60258245083135
floor_both__support,ADE_vs_floor,hard,eu-locality-067,2806,54.3269652352015,54.56748907946629,0.4407823198801064,126.52131502707327,198.92434816893777,126.52131502707327
floor_both__support,ADE_vs_floor,hard,eu-locality-110,2743,75.4561938496924,75.71983632200313,0.34818151374440554,216.0693714569461,390.73231584687846,216.0693714569461
floor_both__support,ADE_vs_floor,hard,eu-locality-119,1895,67.2088331130743,67.30155948865561,0.13777745461743818,171.85187026049437,271.3240241994853,171.85187026049437
floor_both__support,ADE_vs_floor,hard,eu-locality-124,1362,95.2679600292209,95.6305131283049,0.3791186382086753,271.68500787615915,429.3751411458838,274.4684238324386
floor_both__support,ADE_vs_floor,complete,eu-locality-007,2882,12.718562808976717,12.92000036038779,1.5591141315187018,44.99232573946964,76.86890219592341,45.982202665686515
floor_both__support,ADE_vs_floor,complete,eu-locality-008,97352,15.368490808602136,15.602690137792878,1.5010189084218473,55.88054162051029,114.13358102156222,55.93037708188954
floor_both__support,ADE_vs_floor,complete,eu-locality-020,364,6.764897995472432,6.9019825286040675,1.986161694317723,22.67431095406674,49.70629992513765,22.682718227503177
floor_both__support,ADE_vs_floor,complete,eu-locality-048,4716,24.509383488342333,24.689171595597593,0.7282063173286724,87.41625372660116,149.62179045139328,87.5871702676999
floor_both__support,ADE_vs_floor,complete,eu-locality-067,3417,27.846862542750586,28.011435479709043,0.58752053987976,87.55740326540852,150.0665999659543,87.49455596529795
floor_both__support,ADE_vs_floor,complete,eu-locality-110,5804,26.628994506052713,26.93425359592777,1.1333489854762901,109.5124075796902,261.5364238541321,109.83042543804812
floor_both__support,ADE_vs_floor,complete,eu-locality-119,3148,26.593669396733386,26.737944969333405,0.5395911045725232,102.65266336742316,188.83867927511324,102.43155573476253
floor_both__support,ADE_vs_floor,complete,eu-locality-124,2077,36.931428224697854,37.245512817043696,0.8432816964789258,167.2667834166025,316.4037738037055,171.59254389597885
floor_both__support,ADE_vs_original,all,eu-locality-007,5526,12.832286650004344,12.830405295542219,-0.01466325044914285,43.95122125345763,76.74547333801287,43.95122125345763
floor_both__support,ADE_vs_original,all,eu-locality-008,157961,17.119936135519083,17.105959128030076,-0.08170841157981723,60.70091462897748,126.66986514890806,60.6622325166656
floor_both__support,ADE_vs_original,all,eu-locality-020,1225,6.3901191046643735,6.385625488362933,-0.0703708087740118,20.421756180984552,41.37090371937323,20.415899425216296
floor_both__support,ADE_vs_original,all,eu-locality-048,8058,24.899036362316423,24.89599297528568,-0.012224405083038903,84.52294488626343,149.41133462060048,84.52294488626343
floor_both__support,ADE_vs_original,all,eu-locality-067,6903,27.174513255497963,27.166922356249554,-0.027941697439515245,88.78448286947457,154.83471062234412,88.67424623165155
floor_both__support,ADE_vs_original,all,eu-locality-110,8550,28.808063478101765,28.726231184733486,-0.28486957736304497,116.37314369518258,261.4152450345212,116.37314369518258
floor_both__support,ADE_vs_original,all,eu-locality-119,5639,27.427157538064677,27.425998654727092,-0.0042254918487083515,108.72170492261496,192.3509497540389,108.72170492261496
floor_both__support,ADE_vs_original,all,eu-locality-124,3550,40.92789709800039,40.91551558051743,-0.030261179181767517,181.36489392676197,339.41051696932067,181.36489392676197
floor_both__support,ADE_vs_original,easy,eu-locality-007,2133,1.728928358158439,1.7264599581973528,-0.14297464296035844,4.149553135195808,4.782653000105138,4.1484000214020815
floor_both__support,ADE_vs_original,easy,eu-locality-008,52276,2.098176363563445,2.095886249820984,-0.10926708177301236,4.157287807447862,4.750869837882707,4.154001151843065
floor_both__support,ADE_vs_original,easy,eu-locality-020,695,1.6843570797558014,1.6821918728002214,-0.12871343576139616,4.357367994839923,6.369592718595578,4.357367994839923
floor_both__support,ADE_vs_original,easy,eu-locality-048,2050,2.068550693930145,2.07542005162572,0.33098637985086166,4.2183701518348595,4.750611633820484,4.2183701518348595
floor_both__support,ADE_vs_original,easy,eu-locality-067,1508,2.018272721344288,2.021297381693298,0.14963955212152769,4.325988505867179,5.232512929851072,4.327806847863975
floor_both__support,ADE_vs_original,easy,eu-locality-110,2579,2.051454415056249,2.052509607075725,0.051409845578231916,4.048562238877138,4.545970949430707,4.052195209360398
floor_both__support,ADE_vs_original,easy,eu-locality-119,1658,2.1588621479707766,2.156597376282057,-0.10501597162395626,4.209513972076153,5.970655941092775,4.215074487101957
floor_both__support,ADE_vs_original,easy,eu-locality-124,1006,2.271970849424506,2.26988287659572,-0.09198592801040739,4.177173725974042,4.664366837711673,4.180078323556514
floor_both__support,ADE_vs_original,hard,eu-locality-007,1023,38.77459511866203,38.787166282594896,0.032410627374213075,77.7601210112468,106.93881724198937,77.7601210112468
floor_both__support,ADE_vs_original,hard,eu-locality-008,36762,49.444984631828426,49.41280908444666,-0.06511580292223318,119.06872023573149,205.20369470271268,119.06453672655374
floor_both__support,ADE_vs_original,hard,eu-locality-020,47,36.92354931828993,36.92354931828993,0.0,60.52355224102176,69.16719818649797,60.52355224102176
floor_both__support,ADE_vs_original,hard,eu-locality-048,2992,53.5548195685633,53.5458075716249,-0.01683044359046537,122.60258245083135,202.79147183299347,122.60258245083135
floor_both__support,ADE_vs_original,hard,eu-locality-067,2806,54.3269652352015,54.31341120932669,-0.024955210090871205,126.52131502707327,198.92434816893777,126.52131502707327
floor_both__support,ADE_vs_original,hard,eu-locality-110,2743,75.4561938496924,75.2093787203259,-0.3281706797290562,216.0693714569461,390.73231584687846,214.44871024777535
floor_both__support,ADE_vs_original,hard,eu-locality-119,1895,67.2088331130743,67.21567713441654,0.010182180160955845,171.85187026049437,271.3240241994853,171.85187026049437
floor_both__support,ADE_vs_original,hard,eu-locality-124,1362,95.2679600292209,95.24519134666512,-0.023905335517571125,271.68500787615915,429.3751411458838,271.68500787615915
floor_both__support,FDE_vs_floor,endpoint,eu-locality-007,3935,27.34345193125247,27.826462654682768,1.7357963512082075,98.61609610878091,170.8952492395845,99.63433701413419
floor_both__support,FDE_vs_floor,endpoint,eu-locality-008,121088,33.058969518446204,33.63538951388651,1.713730697848248,128.29025475080178,267.8452797905592,128.6535092840875
floor_both__support,FDE_vs_floor,endpoint,eu-locality-020,622,14.26527106884913,14.545932745053438,1.9294855897072138,52.375808020598235,102.34943144507893,52.375808020598235
floor_both__support,FDE_vs_floor,endpoint,eu-locality-048,5582,53.24150834318265,53.67641471244728,0.8102373669972018,200.28790019669847,335.7568772699859,200.37762711537502
floor_both__support,FDE_vs_floor,endpoint,eu-locality-067,4600,57.953822991928675,58.38959403975901,0.746316282886994,194.8922003644103,349.7936281446101,195.19184470752597
floor_both__support,FDE_vs_floor,endpoint,eu-locality-110,7204,53.22755868395228,53.94011966164402,1.3210222412584405,235.4898497730535,539.3425618903042,236.80639466943666
floor_both__support,FDE_vs_floor,endpoint,eu-locality-119,4147,60.54412555564558,60.9041125887216,0.5910717975762592,245.40689248947538,445.5820913837266,244.0711469012536
floor_both__support,FDE_vs_floor,endpoint,eu-locality-124,2645,78.84244530274039,79.6655359585729,1.0331828511899177,361.7232001427956,708.3601090652618,363.62977622543167
floor_both__support,ADE_vs_CV,easy,eu-locality-007,2133,1.728928358158439,1.8525004364762494,6.67055596234375,4.149553135195808,4.782653000105138,4.355450553983238
floor_both__support,ADE_vs_CV,easy,eu-locality-008,52276,2.098176363563445,2.3343046202023725,10.115571660842459,4.157287807447862,4.750869837882707,4.477191635123733
floor_both__support,ADE_vs_CV,easy,eu-locality-020,695,1.6843570797558014,1.6834998531827923,-0.05091931379670456,4.357367994839923,6.369592718595578,4.294862621440125
floor_both__support,ADE_vs_CV,easy,eu-locality-048,2050,2.068550693930145,2.2919612794697164,9.747572419341266,4.2183701518348595,4.750611633820484,4.484449431559784
floor_both__support,ADE_vs_CV,easy,eu-locality-067,1508,2.018272721344288,2.126958008841005,5.109893427371448,4.325988505867179,5.232512929851072,4.431771346846858
floor_both__support,ADE_vs_CV,easy,eu-locality-110,2579,2.051454415056249,2.356118809479549,12.930773830144771,4.048562238877138,4.545970949430707,4.476255197977273
floor_both__support,ADE_vs_CV,easy,eu-locality-119,1658,2.1588621479707766,2.3455260977767742,7.958297713375629,4.209513972076153,5.970655941092775,4.423775218674889
floor_both__support,ADE_vs_CV,easy,eu-locality-124,1006,2.271970849424506,2.5758364727079335,11.796774620711027,4.177173725974042,4.664366837711673,4.529853536161329
floor_both__support,matched_risk,all,eu-locality-007,5526,12.832286650004344,12.838949870338572,0.05189848392213037,43.95122125345763,76.74547333801287,43.95122125345763
floor_both__support,matched_risk,all,eu-locality-008,157961,17.119936135519083,17.125097015929086,0.030136357214227694,60.70091462897748,126.66986514890806,60.67979075146129
floor_both__support,matched_risk,all,eu-locality-020,1225,6.3901191046643735,6.3901191046643735,0.0,20.421756180984552,41.37090371937323,20.421756180984552
floor_both__support,matched_risk,all,eu-locality-048,8058,24.899036362316423,24.89881103701943,-0.0009049640830482986,84.52294488626343,149.41133462060048,84.52294488626343
floor_both__support,matched_risk,all,eu-locality-067,6903,27.174513255497963,27.184787698634675,0.03779482573347259,88.78448286947457,154.83471062234412,88.78448286947457
floor_both__support,matched_risk,all,eu-locality-110,8550,28.808063478101765,28.812120137460052,0.014079697498603494,116.37314369518258,261.4152450345212,116.37314369518258
floor_both__support,matched_risk,all,eu-locality-119,5639,27.427157538064677,27.432001644593637,0.017658596670122595,108.72170492261496,192.3509497540389,108.72170492261496
floor_both__support,matched_risk,all,eu-locality-124,3550,40.92789709800039,40.949480304164325,0.052706911061184414,181.36489392676197,339.41051696932067,181.36489392676197
floor_both__support,matched_risk,easy,eu-locality-007,2133,1.728928358158439,1.7309605339514993,0.11740162488981243,4.149553135195808,4.782653000105138,4.158966596089879
floor_both__support,matched_risk,easy,eu-locality-008,52276,2.098176363563445,2.1007600413738876,0.1229877644070565,4.157287807447862,4.750869837882707,4.163153434313409
floor_both__support,matched_risk,easy,eu-locality-020,695,1.6843570797558014,1.6843570797558014,0.0,4.357367994839923,6.369592718595578,4.357367994839923
floor_both__support,matched_risk,easy,eu-locality-048,2050,2.068550693930145,2.071927094546166,0.1629594315798344,4.2183701518348595,4.750611633820484,4.2183701518348595
floor_both__support,matched_risk,easy,eu-locality-067,1508,2.018272721344288,2.0189281078460293,0.03246210200325006,4.325988505867179,5.232512929851072,4.325988505867179
floor_both__support,matched_risk,easy,eu-locality-110,2579,2.051454415056249,2.056823143922068,0.2610204422136997,4.048562238877138,4.545970949430707,4.054967474057497
floor_both__support,matched_risk,easy,eu-locality-119,1658,2.1588621479707766,2.1591798230613217,0.01471276672522226,4.209513972076153,5.970655941092775,4.2203075542763235
floor_both__support,matched_risk,easy,eu-locality-124,1006,2.271970849424506,2.273800207150711,0.08045375844596414,4.177173725974042,4.664366837711673,4.183351542830911
floor_both__support,matched_risk,hard,eu-locality-007,1023,38.77459511866203,38.796054894758235,0.055314325527222596,77.7601210112468,106.93881724198937,78.11265794064077
floor_both__support,matched_risk,hard,eu-locality-008,36762,49.444984631828426,49.444982381104225,-4.551976950928349e-06,119.06872023573149,205.20369470271268,119.21965964360629
floor_both__support,matched_risk,hard,eu-locality-020,47,36.92354931828993,36.92354931828993,0.0,60.52355224102176,69.16719818649797,60.52355224102176
floor_both__support,matched_risk,hard,eu-locality-048,2992,53.5548195685633,53.55854151375649,0.006949302740499874,122.60258245083135,202.79147183299347,122.60258245083135
floor_both__support,matched_risk,hard,eu-locality-067,2806,54.3269652352015,54.348516244514556,0.03965335358209199,126.52131502707327,198.92434816893777,126.52131502707327
floor_both__support,matched_risk,hard,eu-locality-110,2743,75.4561938496924,75.4292921698414,-0.035664765076171,216.0693714569461,390.73231584687846,216.0693714569461
floor_both__support,matched_risk,hard,eu-locality-119,1895,67.2088331130743,67.20840268764351,-0.0006404339540688753,171.85187026049437,271.3240241994853,171.85187026049437
floor_both__support,matched_risk,hard,eu-locality-124,1362,95.2679600292209,95.3102062847227,0.04432500688917873,271.68500787615915,429.3751411458838,271.68500787615915
floor_both__support,matched_risk,complete,eu-locality-007,2882,12.718562808976717,12.723999055668912,0.04272435630033877,44.99232573946964,76.86890219592341,44.99232573946964
floor_both__support,matched_risk,complete,eu-locality-008,97352,15.368490808602136,15.376909557296003,0.05474928926711975,55.88054162051029,114.13358102156222,55.854218739214524
floor_both__support,matched_risk,complete,eu-locality-020,364,6.764897995472432,6.764897995472432,0.0,22.67431095406674,49.70629992513765,22.67431095406674
floor_both__support,matched_risk,complete,eu-locality-048,4716,24.509383488342333,24.507299326001572,-0.008504251378482763,87.41625372660116,149.62179045139328,87.41625372660116
floor_both__support,matched_risk,complete,eu-locality-067,3417,27.846862542750586,27.861261912146894,0.05168240204522778,87.55740326540852,150.0665999659543,87.55740326540852
floor_both__support,matched_risk,complete,eu-locality-110,5804,26.628994506052713,26.641397946296493,0.046557017273574086,109.5124075796902,261.5364238541321,109.5124075796902
floor_both__support,matched_risk,complete,eu-locality-119,3148,26.593669396733386,26.600250028493107,0.02473898460605417,102.65266336742316,188.83867927511324,102.65266336742316
floor_both__support,matched_risk,complete,eu-locality-124,2077,36.931428224697854,36.9472084452422,0.042710183552108205,167.2667834166025,316.4037738037055,167.2667834166025
floor_both__support,matched_random,all,eu-locality-007,5526,12.832286650004344,12.835041761047295,0.021465540153620122,43.95122125345763,76.74547333801287,44.01737296753018
floor_both__support,matched_random,all,eu-locality-008,157961,17.119936135519083,17.119032720264453,-0.005277256427937971,60.70091462897748,126.66986514890806,60.6622325166656
floor_both__support,matched_random,all,eu-locality-020,1225,6.3901191046643735,6.390857637008203,0.011556075659591158,20.421756180984552,41.37090371937323,20.421756180984552
floor_both__support,matched_random,all,eu-locality-048,8058,24.899036362316423,24.89890131385405,-0.0005423872349696879,84.52294488626343,149.41133462060048,84.52294488626343
floor_both__support,matched_random,all,eu-locality-067,6903,27.174513255497963,27.180630192744676,0.022504766090170047,88.78448286947457,154.83471062234412,88.78448286947457
floor_both__support,matched_random,all,eu-locality-110,8550,28.808063478101765,28.753435138145992,-0.1899889167791935,116.37314369518258,261.4152450345212,116.37314369518258
floor_both__support,matched_random,all,eu-locality-119,5639,27.427157538064677,27.427164242305622,2.44437991736568e-05,108.72170492261496,192.3509497540389,108.72170492261496
floor_both__support,matched_random,all,eu-locality-124,3550,40.92789709800039,40.946884173287394,0.04637001244501837,181.36489392676197,339.41051696932067,181.36489392676197
floor_both__support,matched_random,easy,eu-locality-007,2133,1.728928358158439,1.7309484957636865,0.11670697367319738,4.149553135195808,4.782653000105138,4.152508394864634
floor_both__support,matched_random,easy,eu-locality-008,52276,2.098176363563445,2.101947986846982,0.17943466285263998,4.157287807447862,4.750869837882707,4.159790866444984
floor_both__support,matched_random,easy,eu-locality-020,695,1.6843570797558014,1.6831763506273603,-0.07014886633840423,4.357367994839923,6.369592718595578,4.357367994839923
floor_both__support,matched_random,easy,eu-locality-048,2050,2.068550693930145,2.0783683873876,0.4723750378918812,4.2183701518348595,4.750611633820484,4.226556132392099
floor_both__support,matched_random,easy,eu-locality-067,1508,2.018272721344288,2.0228281366601797,0.22520031402237795,4.325988505867179,5.232512929851072,4.327806847863975
floor_both__support,matched_random,easy,eu-locality-110,2579,2.051454415056249,2.05968765413011,0.399732408812159,4.048562238877138,4.545970949430707,4.054639720094809
floor_both__support,matched_random,easy,eu-locality-119,1658,2.1588621479707766,2.15847320212899,-0.018019489025999924,4.209513972076153,5.970655941092775,4.209513972076153
floor_both__support,matched_random,easy,eu-locality-124,1006,2.271970849424506,2.274123892599405,0.094675720258941,4.177173725974042,4.664366837711673,4.183351542830911
floor_both__support,matched_random,hard,eu-locality-007,1023,38.77459511866203,38.78471419490955,0.0260903720900596,77.7601210112468,106.93881724198937,77.7601210112468
floor_both__support,matched_random,hard,eu-locality-008,36762,49.444984631828426,49.43347638212824,-0.0232802759231987,119.06872023573149,205.20369470271268,119.06453672655374
floor_both__support,matched_random,hard,eu-locality-020,47,36.92354931828993,36.92354931828993,0.0,60.52355224102176,69.16719818649797,60.52355224102176
floor_both__support,matched_random,hard,eu-locality-048,2992,53.5548195685633,53.54704685422236,-0.014515673221171532,122.60258245083135,202.79147183299347,122.60258245083135
floor_both__support,matched_random,hard,eu-locality-067,2806,54.3269652352015,54.33711316325034,0.01867586895600848,126.52131502707327,198.92434816893777,126.52131502707327
floor_both__support,matched_random,hard,eu-locality-110,2743,75.4561938496924,75.27155817776963,-0.24529274588245276,216.0693714569461,390.73231584687846,214.44871024777535
floor_both__support,matched_random,hard,eu-locality-119,1895,67.2088331130743,67.20936629494005,0.0007933148237215804,171.85187026049437,271.3240241994853,171.85187026049437
floor_both__support,matched_random,hard,eu-locality-124,1362,95.2679600292209,95.31047765921912,0.04460960750846121,271.68500787615915,429.3751411458838,271.68500787615915
floor_both__support,matched_random,complete,eu-locality-007,2882,12.718562808976717,12.71884610108836,0.002227341296456853,44.99232573946964,76.86890219592341,44.99232573946964
floor_both__support,matched_random,complete,eu-locality-008,97352,15.368490808602136,15.368625240950667,0.0008747194132463498,55.88054162051029,114.13358102156222,55.8663511096598
floor_both__support,matched_random,complete,eu-locality-020,364,6.764897995472432,6.764897995472432,0.0,22.67431095406674,49.70629992513765,22.67431095406674
floor_both__support,matched_random,complete,eu-locality-048,4716,24.509383488342333,24.508959284012022,-0.0017308133136051396,87.41625372660116,149.62179045139328,87.41625372660116
floor_both__support,matched_random,complete,eu-locality-067,3417,27.846862542750586,27.85665767452249,0.035162623909701374,87.55740326540852,150.0665999659543,87.55740326540852
floor_both__support,matched_random,complete,eu-locality-110,5804,26.628994506052713,26.558546115178856,-0.26525695558912155,109.5124075796902,261.5364238541321,109.5124075796902
floor_both__support,matched_random,complete,eu-locality-119,3148,26.593669396733386,26.59465642133946,0.003711364382519289,102.65266336742316,188.83867927511324,102.65266336742316
floor_both__support,matched_random,complete,eu-locality-124,2077,36.931428224697854,36.944961973358126,0.03663218998583018,167.2667834166025,316.4037738037055,167.2667834166025
floor_both__support_risk,ADE_vs_floor,all,eu-locality-007,5526,12.838949870338572,12.974876186915042,1.0476116659483004,43.95122125345763,76.84663135721101,44.53593329502612
floor_both__support_risk,ADE_vs_floor,all,eu-locality-008,157961,17.125097015929086,17.310360041620548,1.0702436300921603,60.67979075146129,126.66986514890806,60.77363039735514
floor_both__support_risk,ADE_vs_floor,all,eu-locality-020,1225,6.3901191046643735,6.453703918433902,0.9852452881810914,20.421756180984552,41.37090371937323,20.63072736269522
floor_both__support_risk,ADE_vs_floor,all,eu-locality-048,8058,24.89881103701943,25.04006397712567,0.5641077444341724,84.52294488626343,149.41133462060048,84.77644777499424
floor_both__support_risk,ADE_vs_floor,all,eu-locality-067,6903,27.184787698634675,27.316252363581988,0.4812690379247697,88.78448286947457,154.83471062234412,88.78448286947457
floor_both__support_risk,ADE_vs_floor,all,eu-locality-110,8550,28.812120137460052,29.06948335408015,0.8853381172458041,116.37314369518258,261.4152450345212,116.85239857000487
floor_both__support_risk,ADE_vs_floor,all,eu-locality-119,5639,27.432001644593637,27.551822688667723,0.43489334781241507,108.72170492261496,192.3509497540389,108.43799131047149
floor_both__support_risk,ADE_vs_floor,all,eu-locality-124,3550,40.949480304164325,41.20235833047124,0.6137464857682629,181.36489392676197,339.41051696932067,182.70620705979104
floor_both__support_risk,ADE_vs_floor,easy,eu-locality-007,2133,1.7309605339514993,1.8219289613908256,4.9929733467699355,4.158966596089879,4.776206876224691,4.230345133365256
floor_both__support_risk,ADE_vs_floor,easy,eu-locality-008,52276,2.1007600413738876,2.24421211344112,6.392090623166324,4.163153434313409,4.752500761712116,4.260181371097664
floor_both__support_risk,ADE_vs_floor,easy,eu-locality-020,695,1.6843570797558014,1.714816508799578,1.776250047015182,4.357367994839923,6.369592718595578,4.367811127405618
floor_both__support_risk,ADE_vs_floor,easy,eu-locality-048,2050,2.071927094546166,2.1864603155211566,5.23829406653058,4.2183701518348595,4.759718934735362,4.279426052271072
floor_both__support_risk,ADE_vs_floor,easy,eu-locality-067,1508,2.0189281078460293,2.0817024330364133,3.015528261588285,4.325988505867179,5.232512929851072,4.369122159901785
floor_both__support_risk,ADE_vs_floor,easy,eu-locality-110,2579,2.056823143922068,2.2142889877207317,7.111350174791342,4.054967474057497,4.585244630226117,4.204662309065635
floor_both__support_risk,ADE_vs_floor,easy,eu-locality-119,1658,2.1591798230613217,2.274132807520816,5.054805246172589,4.2203075542763235,5.970655941092775,4.268800105084812
floor_both__support_risk,ADE_vs_floor,easy,eu-locality-124,1006,2.273800207150711,2.445226719804127,7.010659227016303,4.183351542830911,4.664366837711673,4.331802122080924
floor_both__support_risk,ADE_vs_floor,hard,eu-locality-007,1023,38.796054894758235,39.11681576409787,0.8200076183962679,78.11265794064077,106.93881724198937,79.09141428093004
floor_both__support_risk,ADE_vs_floor,hard,eu-locality-008,36762,49.444982381104225,49.60410727101644,0.32078974638697355,119.21965964360629,205.05084419817962,119.58938343541159
floor_both__support_risk,ADE_vs_floor,hard,eu-locality-020,47,36.92354931828993,36.92354931828993,0.0,60.52355224102176,69.16719818649797,60.52355224102176
floor_both__support_risk,ADE_vs_floor,hard,eu-locality-048,2992,53.55854151375649,53.71464249619353,0.2906116008276505,122.60258245083135,202.79147183299347,122.60258245083135
floor_both__support_risk,ADE_vs_floor,hard,eu-locality-067,2806,54.348516244514556,54.56748907946629,0.4012880904834093,126.52131502707327,198.92434816893777,126.52131502707327
floor_both__support_risk,ADE_vs_floor,hard,eu-locality-110,2743,75.4292921698414,75.71983632200313,0.3837094297538757,216.0693714569461,390.73231584687846,216.0693714569461
floor_both__support_risk,ADE_vs_floor,hard,eu-locality-119,1895,67.20840268764351,67.30155948865561,0.13841700210200925,171.85187026049437,271.3240241994853,171.85187026049437
floor_both__support_risk,ADE_vs_floor,hard,eu-locality-124,1362,95.3102062847227,95.6305131283049,0.3349420944259274,271.68500787615915,429.3751411458838,274.4684238324386
floor_both__support_risk,ADE_vs_floor,complete,eu-locality-007,2882,12.723999055668912,12.92000036038779,1.5170379199044848,44.99232573946964,76.86890219592341,45.982202665686515
floor_both__support_risk,ADE_vs_floor,complete,eu-locality-008,97352,15.376909557296003,15.602690137792878,1.4470618752466913,55.854218739214524,114.24006713613872,55.93037708188954
floor_both__support_risk,ADE_vs_floor,complete,eu-locality-020,364,6.764897995472432,6.9019825286040675,1.986161694317723,22.67431095406674,49.70629992513765,22.682718227503177
floor_both__support_risk,ADE_vs_floor,complete,eu-locality-048,4716,24.507299326001572,24.689171595597593,0.7366479223160805,87.41625372660116,149.62179045139328,87.5871702676999
floor_both__support_risk,ADE_vs_floor,complete,eu-locality-067,3417,27.861261912146894,28.011435479709043,0.5361152150554105,87.55740326540852,150.0665999659543,87.49455596529795
floor_both__support_risk,ADE_vs_floor,complete,eu-locality-110,5804,26.641397946296493,26.93425359592777,1.0872981818050298,109.5124075796902,261.5364238541321,109.83042543804812
floor_both__support_risk,ADE_vs_floor,complete,eu-locality-119,3148,26.600250028493107,26.737944969333405,0.5149795206708108,102.65266336742316,188.83867927511324,102.43155573476253
floor_both__support_risk,ADE_vs_floor,complete,eu-locality-124,2077,36.9472084452422,37.245512817043696,0.8009135845888915,167.2667834166025,316.4037738037055,171.59254389597885
floor_both__support_risk,ADE_vs_original,all,eu-locality-007,5526,12.838949870338572,12.830405295542219,-0.06659629683967161,43.95122125345763,76.84663135721101,43.95122125345763
floor_both__support_risk,ADE_vs_original,all,eu-locality-008,157961,17.125097015929086,17.105959128030076,-0.1118784848938903,60.67979075146129,126.66986514890806,60.6622325166656
floor_both__support_risk,ADE_vs_original,all,eu-locality-020,1225,6.3901191046643735,6.385625488362933,-0.0703708087740118,20.421756180984552,41.37090371937323,20.415899425216296
floor_both__support_risk,ADE_vs_original,all,eu-locality-048,8058,24.89881103701943,24.89599297528568,-0.011319338564041992,84.52294488626343,149.41133462060048,84.52294488626343
floor_both__support_risk,ADE_vs_original,all,eu-locality-067,6903,27.184787698634675,27.166922356249554,-0.06576137757103862,88.78448286947457,154.83471062234412,88.67424623165155
floor_both__support_risk,ADE_vs_original,all,eu-locality-110,8550,28.812120137460052,28.726231184733486,-0.2989913719423587,116.37314369518258,261.4152450345212,116.37314369518258
floor_both__support_risk,ADE_vs_original,all,eu-locality-119,5639,27.432001644593637,27.425998654727092,-0.02188795362429996,108.72170492261496,192.3509497540389,108.72170492261496
floor_both__support_risk,ADE_vs_original,all,eu-locality-124,3550,40.949480304164325,40.91551558051743,-0.0830118432213256,181.36489392676197,339.41051696932067,181.36489392676197
floor_both__support_risk,ADE_vs_original,easy,eu-locality-007,2133,1.7309605339514993,1.7264599581973528,-0.2606823131215741,4.158966596089879,4.776206876224691,4.1484000214020815
floor_both__support_risk,ADE_vs_original,easy,eu-locality-008,52276,2.1007600413738876,2.095886249820984,-0.23254084296415733,4.163153434313409,4.752500761712116,4.154001151843065
floor_both__support_risk,ADE_vs_original,easy,eu-locality-020,695,1.6843570797558014,1.6821918728002214,-0.12871343576139616,4.357367994839923,6.369592718595578,4.357367994839923
floor_both__support_risk,ADE_vs_original,easy,eu-locality-048,2050,2.071927094546166,2.07542005162572,0.1683012109677695,4.2183701518348595,4.759718934735362,4.2183701518348595
floor_both__support_risk,ADE_vs_original,easy,eu-locality-067,1508,2.0189281078460293,2.021297381693298,0.11721550073369169,4.325988505867179,5.232512929851072,4.327806847863975
floor_both__support_risk,ADE_vs_original,easy,eu-locality-110,2579,2.056823143922068,2.052509607075725,-0.2101591549911852,4.054967474057497,4.585244630226117,4.052195209360398
floor_both__support_risk,ADE_vs_original,easy,eu-locality-119,1658,2.1591798230613217,2.156597376282057,-0.11974635635125797,4.2203075542763235,5.970655941092775,4.215074487101957
floor_both__support_risk,ADE_vs_original,easy,eu-locality-124,1006,2.273800207150711,2.26988287659572,-0.17257853237193643,4.183351542830911,4.664366837711673,4.180078323556514
floor_both__support_risk,ADE_vs_original,hard,eu-locality-007,1023,38.796054894758235,38.787166282594896,-0.022916374190828925,78.11265794064077,106.93881724198937,77.7601210112468
floor_both__support_risk,ADE_vs_original,hard,eu-locality-008,36762,49.444982381104225,49.41280908444666,-0.06511124798143086,119.21965964360629,205.05084419817962,119.06453672655374
floor_both__support_risk,ADE_vs_original,hard,eu-locality-020,47,36.92354931828993,36.92354931828993,0.0,60.52355224102176,69.16719818649797,60.52355224102176
floor_both__support_risk,ADE_vs_original,hard,eu-locality-048,2992,53.55854151375649,53.5458075716249,-0.023781398972366752,122.60258245083135,202.79147183299347,122.60258245083135
floor_both__support_risk,ADE_vs_original,hard,eu-locality-067,2806,54.348516244514556,54.31341120932669,-0.06463419329816311,126.52131502707327,198.92434816893777,126.52131502707327
floor_both__support_risk,ADE_vs_original,hard,eu-locality-110,2743,75.4292921698414,75.2093787203259,-0.29240163029835564,216.0693714569461,390.73231584687846,214.44871024777535
floor_both__support_risk,ADE_vs_original,hard,eu-locality-119,1895,67.20840268764351,67.21567713441654,0.010822544803767986,171.85187026049437,271.3240241994853,171.85187026049437
floor_both__support_risk,ADE_vs_original,hard,eu-locality-124,1362,95.3102062847227,95.24519134666512,-0.06826059892193204,271.68500787615915,429.3751411458838,271.68500787615915
floor_both__support_risk,FDE_vs_floor,endpoint,eu-locality-007,3935,27.367512336967966,27.826462654682768,1.6493304356009042,98.61609610878091,170.8952492395845,99.63433701413419
floor_both__support_risk,FDE_vs_floor,endpoint,eu-locality-008,121088,33.072819776486796,33.63538951388651,1.6725530625041674,128.2336397122195,267.69518293292555,128.6535092840875
floor_both__support_risk,FDE_vs_floor,endpoint,eu-locality-020,622,14.26527106884913,14.545932745053438,1.9294855897072138,52.375808020598235,102.34943144507893,52.375808020598235
floor_both__support_risk,FDE_vs_floor,endpoint,eu-locality-048,5582,53.23904113127614,53.67641471244728,0.8148338213612494,200.28790019669847,335.7568772699859,200.37762711537502
floor_both__support_risk,FDE_vs_floor,endpoint,eu-locality-067,4600,57.9808831464633,58.38959403975901,0.6999721440389073,194.8922003644103,349.7936281446101,195.19184470752597
floor_both__support_risk,FDE_vs_floor,endpoint,eu-locality-110,7204,53.24527565983013,53.94011966164402,1.2881766043021714,234.6473245274136,539.3425618903042,236.80639466943666
floor_both__support_risk,FDE_vs_floor,endpoint,eu-locality-119,4147,60.558956940888045,60.9041125887216,0.5667197717243666,245.40689248947538,445.5820913837266,244.0711469012536
floor_both__support_risk,FDE_vs_floor,endpoint,eu-locality-124,2645,78.90697710502332,79.6655359585729,0.9521794392295946,361.7232001427956,708.3601090652618,363.62977622543167
floor_both__support_risk,ADE_vs_CV,easy,eu-locality-007,2133,1.7309605339514993,1.8525004364762494,6.5608568900495605,4.158966596089879,4.776206876224691,4.355450553983238
floor_both__support_risk,ADE_vs_CV,easy,eu-locality-008,52276,2.1007600413738876,2.3343046202023725,10.004888685360946,4.163153434313409,4.752500761712116,4.477191635123733
floor_both__support_risk,ADE_vs_CV,easy,eu-locality-020,695,1.6843570797558014,1.6834998531827923,-0.05091931379670456,4.357367994839923,6.369592718595578,4.294862621440125
floor_both__support_risk,ADE_vs_CV,easy,eu-locality-048,2050,2.071927094546166,2.2919612794697164,9.600257512834553,4.2183701518348595,4.759718934735362,4.484449431559784
floor_both__support_risk,ADE_vs_CV,easy,eu-locality-067,1508,2.0189281078460293,2.126958008841005,5.0790801015315745,4.325988505867179,5.232512929851072,4.431771346846858
floor_both__support_risk,ADE_vs_CV,easy,eu-locality-110,2579,2.056823143922068,2.356118809479549,12.702910581304405,4.054967474057497,4.585244630226117,4.476255197977273
floor_both__support_risk,ADE_vs_CV,easy,eu-locality-119,1658,2.1591798230613217,2.3455260977767742,7.94475383974974,4.2203075542763235,5.970655941092775,4.423775218674889
floor_both__support_risk,ADE_vs_CV,easy,eu-locality-124,1006,2.273800207150711,2.5758364727079335,11.725754672605326,4.183351542830911,4.664366837711673,4.529853536161329
floor_both__support_random,ADE_vs_floor,all,eu-locality-007,5526,12.835041761047295,12.974876186915042,1.0777322561949965,44.01737296753018,76.74547333801287,44.53593329502612
floor_both__support_random,ADE_vs_floor,all,eu-locality-008,157961,17.119032720264453,17.310360041620548,1.1052763830219137,60.6622325166656,126.64306501449734,60.77363039735514
floor_both__support_random,ADE_vs_floor,all,eu-locality-020,1225,6.390857637008203,6.453703918433902,0.9738017457880166,20.421756180984552,41.37090371937323,20.63072736269522
floor_both__support_random,ADE_vs_floor,all,eu-locality-048,8058,24.89890131385405,25.04006397712567,0.5637472148656286,84.52294488626343,149.41133462060048,84.77644777499424
floor_both__support_random,ADE_vs_floor,all,eu-locality-067,6903,27.180630192744676,27.316252363581988,0.496488936447681,88.78448286947457,154.83471062234412,88.78448286947457
floor_both__support_random,ADE_vs_floor,all,eu-locality-110,8550,28.753435138145992,29.06948335408015,1.0872164877667068,116.37314369518258,260.7935481375995,116.85239857000487
floor_both__support_random,ADE_vs_floor,all,eu-locality-119,5639,27.427164242305622,27.551822688667723,0.4524508152172979,108.72170492261496,192.3509497540389,108.43799131047149
floor_both__support_random,ADE_vs_floor,all,eu-locality-124,3550,40.946884173287394,41.20235833047124,0.620047413632907,181.36489392676197,339.41051696932067,182.70620705979104
floor_both__support_random,ADE_vs_floor,easy,eu-locality-007,2133,1.7309484957636865,1.8219289613908256,4.993634085364473,4.152508394864634,4.782653000105138,4.230345133365256
floor_both__support_random,ADE_vs_floor,easy,eu-locality-008,52276,2.101947986846982,2.24421211344112,6.339156880140006,4.159790866444984,4.753225815511951,4.260181371097664
floor_both__support_random,ADE_vs_floor,easy,eu-locality-020,695,1.6831763506273603,1.714816508799578,1.84510459339855,4.357367994839923,6.369592718595578,4.367811127405618
floor_both__support_random,ADE_vs_floor,easy,eu-locality-048,2050,2.0783683873876,2.1864603155211566,4.943694946861732,4.226556132392099,4.769057339791705,4.279426052271072
floor_both__support_random,ADE_vs_floor,easy,eu-locality-067,1508,2.0228281366601797,2.0817024330364133,2.8281802164374814,4.327806847863975,5.2542707053857525,4.369122159901785
floor_both__support_random,ADE_vs_floor,easy,eu-locality-110,2579,2.05968765413011,2.2142889877207317,6.981985388897227,4.054639720094809,4.566010666212732,4.204662309065635
floor_both__support_random,ADE_vs_floor,easy,eu-locality-119,1658,2.15847320212899,2.274132807520816,5.08587735110837,4.209513972076153,5.970655941092775,4.268800105084812
floor_both__support_random,ADE_vs_floor,easy,eu-locality-124,1006,2.274123892599405,2.445226719804127,6.997421785838654,4.183351542830911,4.664366837711673,4.331802122080924
floor_both__support_random,ADE_vs_floor,hard,eu-locality-007,1023,38.78471419490955,39.11681576409787,0.8489994972779247,77.7601210112468,106.93881724198937,79.09141428093004
floor_both__support_random,ADE_vs_floor,hard,eu-locality-008,36762,49.43347638212824,49.60410727101644,0.34398540418425494,119.06453672655374,205.20369470271268,119.58938343541159
floor_both__support_random,ADE_vs_floor,hard,eu-locality-020,47,36.92354931828993,36.92354931828993,0.0,60.52355224102176,69.16719818649797,60.52355224102176
floor_both__support_random,ADE_vs_floor,hard,eu-locality-048,2992,53.54704685422236,53.71464249619353,0.3120110907990248,122.60258245083135,202.79147183299347,122.60258245083135
floor_both__support_random,ADE_vs_floor,hard,eu-locality-067,2806,54.33711316325034,54.56748907946629,0.42218529769704194,126.52131502707327,198.92434816893777,126.52131502707327
floor_both__support_random,ADE_vs_floor,hard,eu-locality-110,2743,75.27155817776963,75.71983632200313,0.5920220724291658,214.44871024777535,383.93607966490544,216.0693714569461
floor_both__support_random,ADE_vs_floor,hard,eu-locality-119,1895,67.20936629494005,67.30155948865561,0.1369852265178162,171.85187026049437,271.3240241994853,171.85187026049437
floor_both__support_random,ADE_vs_floor,hard,eu-locality-124,1362,95.31047765921912,95.6305131283049,0.33465832046346566,271.68500787615915,429.3751411458838,274.4684238324386
floor_both__support_random,ADE_vs_floor,complete,eu-locality-007,2882,12.71884610108836,12.92000036038779,1.5569214681770527,44.99232573946964,76.86890219592341,45.982202665686515
floor_both__support_random,ADE_vs_floor,complete,eu-locality-008,97352,15.368625240950667,15.602690137792878,1.5001573111758426,55.8663511096598,114.1371122645666,55.93037708188954
floor_both__support_random,ADE_vs_floor,complete,eu-locality-020,364,6.764897995472432,6.9019825286040675,1.986161694317723,22.67431095406674,49.70629992513765,22.682718227503177
floor_both__support_random,ADE_vs_floor,complete,eu-locality-048,4716,24.508959284012022,24.689171595597593,0.7299244970119023,87.41625372660116,149.62179045139328,87.5871702676999
floor_both__support_random,ADE_vs_floor,complete,eu-locality-067,3417,27.85665767452249,28.011435479709043,0.5525522078247969,87.55740326540852,150.0665999659543,87.49455596529795
floor_both__support_random,ADE_vs_floor,complete,eu-locality-110,5804,26.558546115178856,26.93425359592777,1.3949058562577665,109.5124075796902,261.2510570653189,109.83042543804812
floor_both__support_random,ADE_vs_floor,complete,eu-locality-119,3148,26.59465642133946,26.737944969333405,0.5358996293779672,102.65266336742316,188.83867927511324,102.43155573476253
floor_both__support_random,ADE_vs_floor,complete,eu-locality-124,2077,36.944961973358126,37.245512817043696,0.806945108158208,167.2667834166025,316.4037738037055,171.59254389597885
floor_both__support_random,ADE_vs_original,all,eu-locality-007,5526,12.835041761047295,12.830405295542219,-0.0361365475078701,44.01737296753018,76.74547333801287,43.95122125345763
floor_both__support_random,ADE_vs_original,all,eu-locality-008,157961,17.119032720264453,17.105959128030076,-0.07642712189668277,60.6622325166656,126.64306501449734,60.6622325166656
floor_both__support_random,ADE_vs_original,all,eu-locality-020,1225,6.390857637008203,6.385625488362933,-0.08193635306055214,20.421756180984552,41.37090371937323,20.415899425216296
floor_both__support_random,ADE_vs_original,all,eu-locality-048,8058,24.89890131385405,24.89599297528568,-0.011681954486641999,84.52294488626343,149.41133462060048,84.52294488626343
floor_both__support_random,ADE_vs_original,all,eu-locality-067,6903,27.180630192744676,27.166922356249554,-0.05045781894381651,88.78448286947457,154.83471062234412,88.67424623165155
floor_both__support_random,ADE_vs_original,all,eu-locality-110,8550,28.753435138145992,28.726231184733486,-0.09470073967434711,116.37314369518258,260.7935481375995,116.37314369518258
floor_both__support_random,ADE_vs_original,all,eu-locality-119,5639,27.427164242305622,27.425998654727092,-0.004249936686728795,108.72170492261496,192.3509497540389,108.72170492261496
floor_both__support_random,ADE_vs_original,all,eu-locality-124,3550,40.946884173287394,40.91551558051743,-0.07666674200459411,181.36489392676197,339.41051696932067,181.36489392676197
floor_both__support_random,ADE_vs_original,easy,eu-locality-007,2133,1.7309484957636865,1.7264599581973528,-0.25998503730260136,4.152508394864634,4.782653000105138,4.1484000214020815
floor_both__support_random,ADE_vs_original,easy,eu-locality-008,52276,2.101947986846982,2.095886249820984,-0.28922070682584344,4.159790866444984,4.753225815511951,4.154001151843065
floor_both__support_random,ADE_vs_original,easy,eu-locality-020,695,1.6831763506273603,1.6821918728002214,-0.058523515840080975,4.357367994839923,6.369592718595578,4.357367994839923
floor_both__support_random,ADE_vs_original,easy,eu-locality-048,2050,2.0783683873876,2.07542005162572,-0.14205971266252337,4.226556132392099,4.769057339791705,4.2183701518348595
floor_both__support_random,ADE_vs_original,easy,eu-locality-067,1508,2.0228281366601797,2.021297381693298,-0.07573130904663383,4.327806847863975,5.2542707053857525,4.327806847863975
floor_both__support_random,ADE_vs_original,easy,eu-locality-110,2579,2.05968765413011,2.052509607075725,-0.3497205094504574,4.054639720094809,4.566010666212732,4.052195209360398
floor_both__support_random,ADE_vs_original,easy,eu-locality-119,1658,2.15847320212899,2.156597376282057,-0.0869808091006119,4.209513972076153,5.970655941092775,4.215074487101957
floor_both__support_random,ADE_vs_original,easy,eu-locality-124,1006,2.274123892599405,2.26988287659572,-0.18683853900187675,4.183351542830911,4.664366837711673,4.180078323556514
floor_both__support_random,ADE_vs_original,hard,eu-locality-007,1023,38.78471419490955,38.787166282594896,0.006321904692607738,77.7601210112468,106.93881724198937,77.7601210112468
floor_both__support_random,ADE_vs_original,hard,eu-locality-008,36762,49.43347638212824,49.41280908444666,-0.0418257898397556,119.06453672655374,205.20369470271268,119.06453672655374
floor_both__support_random,ADE_vs_original,hard,eu-locality-020,47,36.92354931828993,36.92354931828993,0.0,60.52355224102176,69.16719818649797,60.52355224102176
floor_both__support_random,ADE_vs_original,hard,eu-locality-048,2992,53.54704685422236,53.5458075716249,-0.002314434413563937,122.60258245083135,202.79147183299347,122.60258245083135
floor_both__support_random,ADE_vs_original,hard,eu-locality-067,2806,54.33711316325034,54.31341120932669,-0.04363922905210593,126.52131502707327,198.92434816893777,126.52131502707327
floor_both__support_random,ADE_vs_original,hard,eu-locality-110,2743,75.27155817776963,75.2093787203259,-0.08267513773110302,214.44871024777535,383.93607966490544,214.44871024777535
floor_both__support_random,ADE_vs_original,hard,eu-locality-119,1895,67.20936629494005,67.21567713441654,0.009388939821086684,171.85187026049437,271.3240241994853,171.85187026049437
floor_both__support_random,ADE_vs_original,hard,eu-locality-124,1362,95.31047765921912,95.24519134666512,-0.06854552091388744,271.68500787615915,429.3751411458838,271.68500787615915
floor_both__support_random,FDE_vs_floor,endpoint,eu-locality-007,3935,27.34254048410656,27.826462654682768,1.7390718201645727,98.61609610878091,170.8952492395845,99.63433701413419
floor_both__support_random,FDE_vs_floor,endpoint,eu-locality-008,121088,33.05839775298808,33.63538951388651,1.7154305903317013,128.2719563623789,267.69518293292555,128.6535092840875
floor_both__support_random,FDE_vs_floor,endpoint,eu-locality-020,622,14.26527106884913,14.545932745053438,1.9294855897072138,52.375808020598235,102.34943144507893,52.375808020598235
floor_both__support_random,FDE_vs_floor,endpoint,eu-locality-048,5582,53.24139176816672,53.67641471244728,0.8104545480748793,200.28790019669847,335.7568772699859,200.37762711537502
floor_both__support_random,FDE_vs_floor,endpoint,eu-locality-067,4600,57.97358467011799,58.38959403975901,0.7124717622762566,194.8922003644103,349.7936281446101,195.19184470752597
floor_both__support_random,FDE_vs_floor,endpoint,eu-locality-110,7204,53.086553885788106,53.94011966164402,1.5824321140000541,234.6473245274136,538.0295217792822,236.80639466943666
floor_both__support_random,FDE_vs_floor,endpoint,eu-locality-119,4147,60.543479465942546,60.9041125887216,0.5921326285703743,245.40689248947538,445.5820913837266,244.0711469012536
floor_both__support_random,FDE_vs_floor,endpoint,eu-locality-124,2645,78.90724016912236,79.6655359585729,0.9518492285608526,361.7232001427956,708.3601090652618,363.62977622543167
floor_both__support_random,ADE_vs_CV,easy,eu-locality-007,2133,1.7309484957636865,1.8525004364762494,6.561506724596189,4.152508394864634,4.782653000105138,4.355450553983238
floor_both__support_random,ADE_vs_CV,easy,eu-locality-008,52276,2.101947986846982,2.3343046202023725,9.953997920599,4.159790866444984,4.753225815511951,4.477191635123733
floor_both__support_random,ADE_vs_CV,easy,eu-locality-020,695,1.6831763506273603,1.6834998531827923,0.01921607268455805,4.357367994839923,6.369592718595578,4.294862621440125
floor_both__support_random,ADE_vs_CV,easy,eu-locality-048,2050,2.0783683873876,2.2919612794697164,9.319219045948923,4.226556132392099,4.769057339791705,4.484449431559784
floor_both__support_random,ADE_vs_CV,easy,eu-locality-067,1508,2.0228281366601797,2.126958008841005,4.895718286303474,4.327806847863975,5.2542707053857525,4.431771346846858
floor_both__support_random,ADE_vs_CV,easy,eu-locality-110,2579,2.05968765413011,2.356118809479549,12.581333087142532,4.054639720094809,4.566010666212732,4.476255197977273
floor_both__support_random,ADE_vs_CV,easy,eu-locality-119,1658,2.15847320212899,2.3455260977767742,7.974880169744603,4.209513972076153,5.970655941092775,4.423775218674889
floor_both__support_random,ADE_vs_CV,easy,eu-locality-124,1006,2.274123892599405,2.5758364727079335,11.713188445978606,4.183351542830911,4.664366837711673,4.529853536161329
floor_both__combined,ADE_vs_floor,all,eu-locality-007,5526,12.832286650004344,12.974876186915042,1.0989664552984113,43.95122125345763,76.74547333801287,44.53593329502612
floor_both__combined,ADE_vs_floor,all,eu-locality-008,157961,17.119936135519083,17.310360041620548,1.1000574548629571,60.70091462897748,126.66986514890806,60.77363039735514
floor_both__combined,ADE_vs_floor,all,eu-locality-020,1225,6.3901191046643735,6.453703918433902,0.9852452881810914,20.421756180984552,41.37090371937323,20.63072736269522
floor_both__combined,ADE_vs_floor,all,eu-locality-048,8058,24.899036362316423,25.04006397712567,0.5632078853236022,84.52294488626343,149.41133462060048,84.77644777499424
floor_both__combined,ADE_vs_floor,all,eu-locality-067,6903,27.174513255497963,27.316252363581988,0.5188819688640378,88.78448286947457,154.83471062234412,88.78448286947457
floor_both__combined,ADE_vs_floor,all,eu-locality-110,8550,28.808063478101765,29.06948335408015,0.8992931618156508,116.37314369518258,261.4152450345212,116.85239857000487
floor_both__combined,ADE_vs_floor,all,eu-locality-119,5639,27.427157538064677,27.551822688667723,0.4524751484202949,108.72170492261496,192.3509497540389,108.43799131047149
floor_both__combined,ADE_vs_floor,all,eu-locality-124,3550,40.92789709800039,41.20235833047124,0.6661299100150564,181.36489392676197,339.41051696932067,182.70620705979104
floor_both__combined,ADE_vs_floor,easy,eu-locality-007,2133,1.728928358158439,1.8219289613908256,5.104513139820321,4.149553135195808,4.782653000105138,4.230345133365256
floor_both__combined,ADE_vs_floor,easy,eu-locality-008,52276,2.098176363563445,2.24421211344112,6.507216898217072,4.157287807447862,4.750869837882707,4.260181371097664
floor_both__combined,ADE_vs_floor,easy,eu-locality-020,695,1.6843570797558014,1.714816508799578,1.776250047015182,4.357367994839923,6.369592718595578,4.367811127405618
floor_both__combined,ADE_vs_floor,easy,eu-locality-048,2050,2.068550693930145,2.1864603155211566,5.392717203875119,4.2183701518348595,4.750611633820484,4.279426052271072
floor_both__combined,ADE_vs_floor,easy,eu-locality-067,1508,2.018272721344288,2.0817024330364133,3.0470114597313303,4.325988505867179,5.232512929851072,4.369122159901785
floor_both__combined,ADE_vs_floor,easy,eu-locality-110,2579,2.051454415056249,2.2142889877207317,7.35380853933143,4.048562238877138,4.545970949430707,4.204662309065635
floor_both__combined,ADE_vs_floor,easy,eu-locality-119,1658,2.1588621479707766,2.274132807520816,5.068774311193525,4.209513972076153,5.970655941092775,4.268800105084812
floor_both__combined,ADE_vs_floor,easy,eu-locality-124,1006,2.271970849424506,2.445226719804127,7.085472646622293,4.177173725974042,4.664366837711673,4.331802122080924
floor_both__combined,ADE_vs_floor,hard,eu-locality-007,1023,38.77459511866203,39.11681576409787,0.874868362240111,77.7601210112468,106.93881724198937,79.09141428093004
floor_both__combined,ADE_vs_floor,hard,eu-locality-008,36762,49.444984631828426,49.60410727101644,0.32078520901229757,119.06872023573149,205.20369470271268,119.58938343541159
floor_both__combined,ADE_vs_floor,hard,eu-locality-020,47,36.92354931828993,36.92354931828993,0.0,60.52355224102176,69.16719818649797,60.52355224102176
floor_both__combined,ADE_vs_floor,hard,eu-locality-048,2992,53.5548195685633,53.71464249619353,0.29754070808820643,122.60258245083135,202.79147183299347,122.60258245083135
floor_both__combined,ADE_vs_floor,hard,eu-locality-067,2806,54.3269652352015,54.56748907946629,0.4407823198801064,126.52131502707327,198.92434816893777,126.52131502707327
floor_both__combined,ADE_vs_floor,hard,eu-locality-110,2743,75.4561938496924,75.71983632200313,0.34818151374440554,216.0693714569461,390.73231584687846,216.0693714569461
floor_both__combined,ADE_vs_floor,hard,eu-locality-119,1895,67.2088331130743,67.30155948865561,0.13777745461743818,171.85187026049437,271.3240241994853,171.85187026049437
floor_both__combined,ADE_vs_floor,hard,eu-locality-124,1362,95.2679600292209,95.6305131283049,0.3791186382086753,271.68500787615915,429.3751411458838,274.4684238324386
floor_both__combined,ADE_vs_floor,complete,eu-locality-007,2882,12.718562808976717,12.92000036038779,1.5591141315187018,44.99232573946964,76.86890219592341,45.982202665686515
floor_both__combined,ADE_vs_floor,complete,eu-locality-008,97352,15.368490808602136,15.602690137792878,1.5010189084218473,55.88054162051029,114.13358102156222,55.93037708188954
floor_both__combined,ADE_vs_floor,complete,eu-locality-020,364,6.764897995472432,6.9019825286040675,1.986161694317723,22.67431095406674,49.70629992513765,22.682718227503177
floor_both__combined,ADE_vs_floor,complete,eu-locality-048,4716,24.509383488342333,24.689171595597593,0.7282063173286724,87.41625372660116,149.62179045139328,87.5871702676999
floor_both__combined,ADE_vs_floor,complete,eu-locality-067,3417,27.846862542750586,28.011435479709043,0.58752053987976,87.55740326540852,150.0665999659543,87.49455596529795
floor_both__combined,ADE_vs_floor,complete,eu-locality-110,5804,26.628994506052713,26.93425359592777,1.1333489854762901,109.5124075796902,261.5364238541321,109.83042543804812
floor_both__combined,ADE_vs_floor,complete,eu-locality-119,3148,26.593669396733386,26.737944969333405,0.5395911045725232,102.65266336742316,188.83867927511324,102.43155573476253
floor_both__combined,ADE_vs_floor,complete,eu-locality-124,2077,36.931428224697854,37.245512817043696,0.8432816964789258,167.2667834166025,316.4037738037055,171.59254389597885
floor_both__combined,ADE_vs_original,all,eu-locality-007,5526,12.832286650004344,12.830405295542219,-0.01466325044914285,43.95122125345763,76.74547333801287,43.95122125345763
floor_both__combined,ADE_vs_original,all,eu-locality-008,157961,17.119936135519083,17.105959128030076,-0.08170841157981723,60.70091462897748,126.66986514890806,60.6622325166656
floor_both__combined,ADE_vs_original,all,eu-locality-020,1225,6.3901191046643735,6.385625488362933,-0.0703708087740118,20.421756180984552,41.37090371937323,20.415899425216296
floor_both__combined,ADE_vs_original,all,eu-locality-048,8058,24.899036362316423,24.89599297528568,-0.012224405083038903,84.52294488626343,149.41133462060048,84.52294488626343
floor_both__combined,ADE_vs_original,all,eu-locality-067,6903,27.174513255497963,27.166922356249554,-0.027941697439515245,88.78448286947457,154.83471062234412,88.67424623165155
floor_both__combined,ADE_vs_original,all,eu-locality-110,8550,28.808063478101765,28.726231184733486,-0.28486957736304497,116.37314369518258,261.4152450345212,116.37314369518258
floor_both__combined,ADE_vs_original,all,eu-locality-119,5639,27.427157538064677,27.425998654727092,-0.0042254918487083515,108.72170492261496,192.3509497540389,108.72170492261496
floor_both__combined,ADE_vs_original,all,eu-locality-124,3550,40.92789709800039,40.91551558051743,-0.030261179181767517,181.36489392676197,339.41051696932067,181.36489392676197
floor_both__combined,ADE_vs_original,easy,eu-locality-007,2133,1.728928358158439,1.7264599581973528,-0.14297464296035844,4.149553135195808,4.782653000105138,4.1484000214020815
floor_both__combined,ADE_vs_original,easy,eu-locality-008,52276,2.098176363563445,2.095886249820984,-0.10926708177301236,4.157287807447862,4.750869837882707,4.154001151843065
floor_both__combined,ADE_vs_original,easy,eu-locality-020,695,1.6843570797558014,1.6821918728002214,-0.12871343576139616,4.357367994839923,6.369592718595578,4.357367994839923
floor_both__combined,ADE_vs_original,easy,eu-locality-048,2050,2.068550693930145,2.07542005162572,0.33098637985086166,4.2183701518348595,4.750611633820484,4.2183701518348595
floor_both__combined,ADE_vs_original,easy,eu-locality-067,1508,2.018272721344288,2.021297381693298,0.14963955212152769,4.325988505867179,5.232512929851072,4.327806847863975
floor_both__combined,ADE_vs_original,easy,eu-locality-110,2579,2.051454415056249,2.052509607075725,0.051409845578231916,4.048562238877138,4.545970949430707,4.052195209360398
floor_both__combined,ADE_vs_original,easy,eu-locality-119,1658,2.1588621479707766,2.156597376282057,-0.10501597162395626,4.209513972076153,5.970655941092775,4.215074487101957
floor_both__combined,ADE_vs_original,easy,eu-locality-124,1006,2.271970849424506,2.26988287659572,-0.09198592801040739,4.177173725974042,4.664366837711673,4.180078323556514
floor_both__combined,ADE_vs_original,hard,eu-locality-007,1023,38.77459511866203,38.787166282594896,0.032410627374213075,77.7601210112468,106.93881724198937,77.7601210112468
floor_both__combined,ADE_vs_original,hard,eu-locality-008,36762,49.444984631828426,49.41280908444666,-0.06511580292223318,119.06872023573149,205.20369470271268,119.06453672655374
floor_both__combined,ADE_vs_original,hard,eu-locality-020,47,36.92354931828993,36.92354931828993,0.0,60.52355224102176,69.16719818649797,60.52355224102176
floor_both__combined,ADE_vs_original,hard,eu-locality-048,2992,53.5548195685633,53.5458075716249,-0.01683044359046537,122.60258245083135,202.79147183299347,122.60258245083135
floor_both__combined,ADE_vs_original,hard,eu-locality-067,2806,54.3269652352015,54.31341120932669,-0.024955210090871205,126.52131502707327,198.92434816893777,126.52131502707327
floor_both__combined,ADE_vs_original,hard,eu-locality-110,2743,75.4561938496924,75.2093787203259,-0.3281706797290562,216.0693714569461,390.73231584687846,214.44871024777535
floor_both__combined,ADE_vs_original,hard,eu-locality-119,1895,67.2088331130743,67.21567713441654,0.010182180160955845,171.85187026049437,271.3240241994853,171.85187026049437
floor_both__combined,ADE_vs_original,hard,eu-locality-124,1362,95.2679600292209,95.24519134666512,-0.023905335517571125,271.68500787615915,429.3751411458838,271.68500787615915
floor_both__combined,FDE_vs_floor,endpoint,eu-locality-007,3935,27.34345193125247,27.826462654682768,1.7357963512082075,98.61609610878091,170.8952492395845,99.63433701413419
floor_both__combined,FDE_vs_floor,endpoint,eu-locality-008,121088,33.058969518446204,33.63538951388651,1.713730697848248,128.29025475080178,267.8452797905592,128.6535092840875
floor_both__combined,FDE_vs_floor,endpoint,eu-locality-020,622,14.26527106884913,14.545932745053438,1.9294855897072138,52.375808020598235,102.34943144507893,52.375808020598235
floor_both__combined,FDE_vs_floor,endpoint,eu-locality-048,5582,53.24150834318265,53.67641471244728,0.8102373669972018,200.28790019669847,335.7568772699859,200.37762711537502
floor_both__combined,FDE_vs_floor,endpoint,eu-locality-067,4600,57.953822991928675,58.38959403975901,0.746316282886994,194.8922003644103,349.7936281446101,195.19184470752597
floor_both__combined,FDE_vs_floor,endpoint,eu-locality-110,7204,53.22755868395228,53.94011966164402,1.3210222412584405,235.4898497730535,539.3425618903042,236.80639466943666
floor_both__combined,FDE_vs_floor,endpoint,eu-locality-119,4147,60.54412555564558,60.9041125887216,0.5910717975762592,245.40689248947538,445.5820913837266,244.0711469012536
floor_both__combined,FDE_vs_floor,endpoint,eu-locality-124,2645,78.84244530274039,79.6655359585729,1.0331828511899177,361.7232001427956,708.3601090652618,363.62977622543167
floor_both__combined,ADE_vs_CV,easy,eu-locality-007,2133,1.728928358158439,1.8525004364762494,6.67055596234375,4.149553135195808,4.782653000105138,4.355450553983238
floor_both__combined,ADE_vs_CV,easy,eu-locality-008,52276,2.098176363563445,2.3343046202023725,10.115571660842459,4.157287807447862,4.750869837882707,4.477191635123733
floor_both__combined,ADE_vs_CV,easy,eu-locality-020,695,1.6843570797558014,1.6834998531827923,-0.05091931379670456,4.357367994839923,6.369592718595578,4.294862621440125
floor_both__combined,ADE_vs_CV,easy,eu-locality-048,2050,2.068550693930145,2.2919612794697164,9.747572419341266,4.2183701518348595,4.750611633820484,4.484449431559784
floor_both__combined,ADE_vs_CV,easy,eu-locality-067,1508,2.018272721344288,2.126958008841005,5.109893427371448,4.325988505867179,5.232512929851072,4.431771346846858
floor_both__combined,ADE_vs_CV,easy,eu-locality-110,2579,2.051454415056249,2.356118809479549,12.930773830144771,4.048562238877138,4.545970949430707,4.476255197977273
floor_both__combined,ADE_vs_CV,easy,eu-locality-119,1658,2.1588621479707766,2.3455260977767742,7.958297713375629,4.209513972076153,5.970655941092775,4.423775218674889
floor_both__combined,ADE_vs_CV,easy,eu-locality-124,1006,2.271970849424506,2.5758364727079335,11.796774620711027,4.177173725974042,4.664366837711673,4.529853536161329
floor_both__combined,matched_risk,all,eu-locality-007,5526,12.832286650004344,12.838949870338572,0.05189848392213037,43.95122125345763,76.74547333801287,43.95122125345763
floor_both__combined,matched_risk,all,eu-locality-008,157961,17.119936135519083,17.125097015929086,0.030136357214227694,60.70091462897748,126.66986514890806,60.67979075146129
floor_both__combined,matched_risk,all,eu-locality-020,1225,6.3901191046643735,6.3901191046643735,0.0,20.421756180984552,41.37090371937323,20.421756180984552
floor_both__combined,matched_risk,all,eu-locality-048,8058,24.899036362316423,24.89881103701943,-0.0009049640830482986,84.52294488626343,149.41133462060048,84.52294488626343
floor_both__combined,matched_risk,all,eu-locality-067,6903,27.174513255497963,27.184787698634675,0.03779482573347259,88.78448286947457,154.83471062234412,88.78448286947457
floor_both__combined,matched_risk,all,eu-locality-110,8550,28.808063478101765,28.812120137460052,0.014079697498603494,116.37314369518258,261.4152450345212,116.37314369518258
floor_both__combined,matched_risk,all,eu-locality-119,5639,27.427157538064677,27.432001644593637,0.017658596670122595,108.72170492261496,192.3509497540389,108.72170492261496
floor_both__combined,matched_risk,all,eu-locality-124,3550,40.92789709800039,40.949480304164325,0.052706911061184414,181.36489392676197,339.41051696932067,181.36489392676197
floor_both__combined,matched_risk,easy,eu-locality-007,2133,1.728928358158439,1.7309605339514993,0.11740162488981243,4.149553135195808,4.782653000105138,4.158966596089879
floor_both__combined,matched_risk,easy,eu-locality-008,52276,2.098176363563445,2.1007600413738876,0.1229877644070565,4.157287807447862,4.750869837882707,4.163153434313409
floor_both__combined,matched_risk,easy,eu-locality-020,695,1.6843570797558014,1.6843570797558014,0.0,4.357367994839923,6.369592718595578,4.357367994839923
floor_both__combined,matched_risk,easy,eu-locality-048,2050,2.068550693930145,2.071927094546166,0.1629594315798344,4.2183701518348595,4.750611633820484,4.2183701518348595
floor_both__combined,matched_risk,easy,eu-locality-067,1508,2.018272721344288,2.0189281078460293,0.03246210200325006,4.325988505867179,5.232512929851072,4.325988505867179
floor_both__combined,matched_risk,easy,eu-locality-110,2579,2.051454415056249,2.056823143922068,0.2610204422136997,4.048562238877138,4.545970949430707,4.054967474057497
floor_both__combined,matched_risk,easy,eu-locality-119,1658,2.1588621479707766,2.1591798230613217,0.01471276672522226,4.209513972076153,5.970655941092775,4.2203075542763235
floor_both__combined,matched_risk,easy,eu-locality-124,1006,2.271970849424506,2.273800207150711,0.08045375844596414,4.177173725974042,4.664366837711673,4.183351542830911
floor_both__combined,matched_risk,hard,eu-locality-007,1023,38.77459511866203,38.796054894758235,0.055314325527222596,77.7601210112468,106.93881724198937,78.11265794064077
floor_both__combined,matched_risk,hard,eu-locality-008,36762,49.444984631828426,49.444982381104225,-4.551976950928349e-06,119.06872023573149,205.20369470271268,119.21965964360629
floor_both__combined,matched_risk,hard,eu-locality-020,47,36.92354931828993,36.92354931828993,0.0,60.52355224102176,69.16719818649797,60.52355224102176
floor_both__combined,matched_risk,hard,eu-locality-048,2992,53.5548195685633,53.55854151375649,0.006949302740499874,122.60258245083135,202.79147183299347,122.60258245083135
floor_both__combined,matched_risk,hard,eu-locality-067,2806,54.3269652352015,54.348516244514556,0.03965335358209199,126.52131502707327,198.92434816893777,126.52131502707327
floor_both__combined,matched_risk,hard,eu-locality-110,2743,75.4561938496924,75.4292921698414,-0.035664765076171,216.0693714569461,390.73231584687846,216.0693714569461
floor_both__combined,matched_risk,hard,eu-locality-119,1895,67.2088331130743,67.20840268764351,-0.0006404339540688753,171.85187026049437,271.3240241994853,171.85187026049437
floor_both__combined,matched_risk,hard,eu-locality-124,1362,95.2679600292209,95.3102062847227,0.04432500688917873,271.68500787615915,429.3751411458838,271.68500787615915
floor_both__combined,matched_risk,complete,eu-locality-007,2882,12.718562808976717,12.723999055668912,0.04272435630033877,44.99232573946964,76.86890219592341,44.99232573946964
floor_both__combined,matched_risk,complete,eu-locality-008,97352,15.368490808602136,15.376909557296003,0.05474928926711975,55.88054162051029,114.13358102156222,55.854218739214524
floor_both__combined,matched_risk,complete,eu-locality-020,364,6.764897995472432,6.764897995472432,0.0,22.67431095406674,49.70629992513765,22.67431095406674
floor_both__combined,matched_risk,complete,eu-locality-048,4716,24.509383488342333,24.507299326001572,-0.008504251378482763,87.41625372660116,149.62179045139328,87.41625372660116
floor_both__combined,matched_risk,complete,eu-locality-067,3417,27.846862542750586,27.861261912146894,0.05168240204522778,87.55740326540852,150.0665999659543,87.55740326540852
floor_both__combined,matched_risk,complete,eu-locality-110,5804,26.628994506052713,26.641397946296493,0.046557017273574086,109.5124075796902,261.5364238541321,109.5124075796902
floor_both__combined,matched_risk,complete,eu-locality-119,3148,26.593669396733386,26.600250028493107,0.02473898460605417,102.65266336742316,188.83867927511324,102.65266336742316
floor_both__combined,matched_risk,complete,eu-locality-124,2077,36.931428224697854,36.9472084452422,0.042710183552108205,167.2667834166025,316.4037738037055,167.2667834166025
floor_both__combined,matched_random,all,eu-locality-007,5526,12.832286650004344,12.835041761047295,0.021465540153620122,43.95122125345763,76.74547333801287,44.01737296753018
floor_both__combined,matched_random,all,eu-locality-008,157961,17.119936135519083,17.119032720264453,-0.005277256427937971,60.70091462897748,126.66986514890806,60.6622325166656
floor_both__combined,matched_random,all,eu-locality-020,1225,6.3901191046643735,6.390857637008203,0.011556075659591158,20.421756180984552,41.37090371937323,20.421756180984552
floor_both__combined,matched_random,all,eu-locality-048,8058,24.899036362316423,24.89890131385405,-0.0005423872349696879,84.52294488626343,149.41133462060048,84.52294488626343
floor_both__combined,matched_random,all,eu-locality-067,6903,27.174513255497963,27.180630192744676,0.022504766090170047,88.78448286947457,154.83471062234412,88.78448286947457
floor_both__combined,matched_random,all,eu-locality-110,8550,28.808063478101765,28.753435138145992,-0.1899889167791935,116.37314369518258,261.4152450345212,116.37314369518258
floor_both__combined,matched_random,all,eu-locality-119,5639,27.427157538064677,27.427164242305622,2.44437991736568e-05,108.72170492261496,192.3509497540389,108.72170492261496
floor_both__combined,matched_random,all,eu-locality-124,3550,40.92789709800039,40.946884173287394,0.04637001244501837,181.36489392676197,339.41051696932067,181.36489392676197
floor_both__combined,matched_random,easy,eu-locality-007,2133,1.728928358158439,1.7309484957636865,0.11670697367319738,4.149553135195808,4.782653000105138,4.152508394864634
floor_both__combined,matched_random,easy,eu-locality-008,52276,2.098176363563445,2.101947986846982,0.17943466285263998,4.157287807447862,4.750869837882707,4.159790866444984
floor_both__combined,matched_random,easy,eu-locality-020,695,1.6843570797558014,1.6831763506273603,-0.07014886633840423,4.357367994839923,6.369592718595578,4.357367994839923
floor_both__combined,matched_random,easy,eu-locality-048,2050,2.068550693930145,2.0783683873876,0.4723750378918812,4.2183701518348595,4.750611633820484,4.226556132392099
floor_both__combined,matched_random,easy,eu-locality-067,1508,2.018272721344288,2.0228281366601797,0.22520031402237795,4.325988505867179,5.232512929851072,4.327806847863975
floor_both__combined,matched_random,easy,eu-locality-110,2579,2.051454415056249,2.05968765413011,0.399732408812159,4.048562238877138,4.545970949430707,4.054639720094809
floor_both__combined,matched_random,easy,eu-locality-119,1658,2.1588621479707766,2.15847320212899,-0.018019489025999924,4.209513972076153,5.970655941092775,4.209513972076153
floor_both__combined,matched_random,easy,eu-locality-124,1006,2.271970849424506,2.274123892599405,0.094675720258941,4.177173725974042,4.664366837711673,4.183351542830911
floor_both__combined,matched_random,hard,eu-locality-007,1023,38.77459511866203,38.78471419490955,0.0260903720900596,77.7601210112468,106.93881724198937,77.7601210112468
floor_both__combined,matched_random,hard,eu-locality-008,36762,49.444984631828426,49.43347638212824,-0.0232802759231987,119.06872023573149,205.20369470271268,119.06453672655374
floor_both__combined,matched_random,hard,eu-locality-020,47,36.92354931828993,36.92354931828993,0.0,60.52355224102176,69.16719818649797,60.52355224102176
floor_both__combined,matched_random,hard,eu-locality-048,2992,53.5548195685633,53.54704685422236,-0.014515673221171532,122.60258245083135,202.79147183299347,122.60258245083135
floor_both__combined,matched_random,hard,eu-locality-067,2806,54.3269652352015,54.33711316325034,0.01867586895600848,126.52131502707327,198.92434816893777,126.52131502707327
floor_both__combined,matched_random,hard,eu-locality-110,2743,75.4561938496924,75.27155817776963,-0.24529274588245276,216.0693714569461,390.73231584687846,214.44871024777535
floor_both__combined,matched_random,hard,eu-locality-119,1895,67.2088331130743,67.20936629494005,0.0007933148237215804,171.85187026049437,271.3240241994853,171.85187026049437
floor_both__combined,matched_random,hard,eu-locality-124,1362,95.2679600292209,95.31047765921912,0.04460960750846121,271.68500787615915,429.3751411458838,271.68500787615915
floor_both__combined,matched_random,complete,eu-locality-007,2882,12.718562808976717,12.71884610108836,0.002227341296456853,44.99232573946964,76.86890219592341,44.99232573946964
floor_both__combined,matched_random,complete,eu-locality-008,97352,15.368490808602136,15.368625240950667,0.0008747194132463498,55.88054162051029,114.13358102156222,55.8663511096598
floor_both__combined,matched_random,complete,eu-locality-020,364,6.764897995472432,6.764897995472432,0.0,22.67431095406674,49.70629992513765,22.67431095406674
floor_both__combined,matched_random,complete,eu-locality-048,4716,24.509383488342333,24.508959284012022,-0.0017308133136051396,87.41625372660116,149.62179045139328,87.41625372660116
floor_both__combined,matched_random,complete,eu-locality-067,3417,27.846862542750586,27.85665767452249,0.035162623909701374,87.55740326540852,150.0665999659543,87.55740326540852
floor_both__combined,matched_random,complete,eu-locality-110,5804,26.628994506052713,26.558546115178856,-0.26525695558912155,109.5124075796902,261.5364238541321,109.5124075796902
floor_both__combined,matched_random,complete,eu-locality-119,3148,26.593669396733386,26.59465642133946,0.003711364382519289,102.65266336742316,188.83867927511324,102.65266336742316
floor_both__combined,matched_random,complete,eu-locality-124,2077,36.931428224697854,36.944961973358126,0.03663218998583018,167.2667834166025,316.4037738037055,167.2667834166025
floor_both__combined_risk,ADE_vs_floor,all,eu-locality-007,5526,12.838949870338572,12.974876186915042,1.0476116659483004,43.95122125345763,76.84663135721101,44.53593329502612
floor_both__combined_risk,ADE_vs_floor,all,eu-locality-008,157961,17.125097015929086,17.310360041620548,1.0702436300921603,60.67979075146129,126.66986514890806,60.77363039735514
floor_both__combined_risk,ADE_vs_floor,all,eu-locality-020,1225,6.3901191046643735,6.453703918433902,0.9852452881810914,20.421756180984552,41.37090371937323,20.63072736269522
floor_both__combined_risk,ADE_vs_floor,all,eu-locality-048,8058,24.89881103701943,25.04006397712567,0.5641077444341724,84.52294488626343,149.41133462060048,84.77644777499424
floor_both__combined_risk,ADE_vs_floor,all,eu-locality-067,6903,27.184787698634675,27.316252363581988,0.4812690379247697,88.78448286947457,154.83471062234412,88.78448286947457
floor_both__combined_risk,ADE_vs_floor,all,eu-locality-110,8550,28.812120137460052,29.06948335408015,0.8853381172458041,116.37314369518258,261.4152450345212,116.85239857000487
floor_both__combined_risk,ADE_vs_floor,all,eu-locality-119,5639,27.432001644593637,27.551822688667723,0.43489334781241507,108.72170492261496,192.3509497540389,108.43799131047149
floor_both__combined_risk,ADE_vs_floor,all,eu-locality-124,3550,40.949480304164325,41.20235833047124,0.6137464857682629,181.36489392676197,339.41051696932067,182.70620705979104
floor_both__combined_risk,ADE_vs_floor,easy,eu-locality-007,2133,1.7309605339514993,1.8219289613908256,4.9929733467699355,4.158966596089879,4.776206876224691,4.230345133365256
floor_both__combined_risk,ADE_vs_floor,easy,eu-locality-008,52276,2.1007600413738876,2.24421211344112,6.392090623166324,4.163153434313409,4.752500761712116,4.260181371097664
floor_both__combined_risk,ADE_vs_floor,easy,eu-locality-020,695,1.6843570797558014,1.714816508799578,1.776250047015182,4.357367994839923,6.369592718595578,4.367811127405618
floor_both__combined_risk,ADE_vs_floor,easy,eu-locality-048,2050,2.071927094546166,2.1864603155211566,5.23829406653058,4.2183701518348595,4.759718934735362,4.279426052271072
floor_both__combined_risk,ADE_vs_floor,easy,eu-locality-067,1508,2.0189281078460293,2.0817024330364133,3.015528261588285,4.325988505867179,5.232512929851072,4.369122159901785
floor_both__combined_risk,ADE_vs_floor,easy,eu-locality-110,2579,2.056823143922068,2.2142889877207317,7.111350174791342,4.054967474057497,4.585244630226117,4.204662309065635
floor_both__combined_risk,ADE_vs_floor,easy,eu-locality-119,1658,2.1591798230613217,2.274132807520816,5.054805246172589,4.2203075542763235,5.970655941092775,4.268800105084812
floor_both__combined_risk,ADE_vs_floor,easy,eu-locality-124,1006,2.273800207150711,2.445226719804127,7.010659227016303,4.183351542830911,4.664366837711673,4.331802122080924
floor_both__combined_risk,ADE_vs_floor,hard,eu-locality-007,1023,38.796054894758235,39.11681576409787,0.8200076183962679,78.11265794064077,106.93881724198937,79.09141428093004
floor_both__combined_risk,ADE_vs_floor,hard,eu-locality-008,36762,49.444982381104225,49.60410727101644,0.32078974638697355,119.21965964360629,205.05084419817962,119.58938343541159
floor_both__combined_risk,ADE_vs_floor,hard,eu-locality-020,47,36.92354931828993,36.92354931828993,0.0,60.52355224102176,69.16719818649797,60.52355224102176
floor_both__combined_risk,ADE_vs_floor,hard,eu-locality-048,2992,53.55854151375649,53.71464249619353,0.2906116008276505,122.60258245083135,202.79147183299347,122.60258245083135
floor_both__combined_risk,ADE_vs_floor,hard,eu-locality-067,2806,54.348516244514556,54.56748907946629,0.4012880904834093,126.52131502707327,198.92434816893777,126.52131502707327
floor_both__combined_risk,ADE_vs_floor,hard,eu-locality-110,2743,75.4292921698414,75.71983632200313,0.3837094297538757,216.0693714569461,390.73231584687846,216.0693714569461
floor_both__combined_risk,ADE_vs_floor,hard,eu-locality-119,1895,67.20840268764351,67.30155948865561,0.13841700210200925,171.85187026049437,271.3240241994853,171.85187026049437
floor_both__combined_risk,ADE_vs_floor,hard,eu-locality-124,1362,95.3102062847227,95.6305131283049,0.3349420944259274,271.68500787615915,429.3751411458838,274.4684238324386
floor_both__combined_risk,ADE_vs_floor,complete,eu-locality-007,2882,12.723999055668912,12.92000036038779,1.5170379199044848,44.99232573946964,76.86890219592341,45.982202665686515
floor_both__combined_risk,ADE_vs_floor,complete,eu-locality-008,97352,15.376909557296003,15.602690137792878,1.4470618752466913,55.854218739214524,114.24006713613872,55.93037708188954
floor_both__combined_risk,ADE_vs_floor,complete,eu-locality-020,364,6.764897995472432,6.9019825286040675,1.986161694317723,22.67431095406674,49.70629992513765,22.682718227503177
floor_both__combined_risk,ADE_vs_floor,complete,eu-locality-048,4716,24.507299326001572,24.689171595597593,0.7366479223160805,87.41625372660116,149.62179045139328,87.5871702676999
floor_both__combined_risk,ADE_vs_floor,complete,eu-locality-067,3417,27.861261912146894,28.011435479709043,0.5361152150554105,87.55740326540852,150.0665999659543,87.49455596529795
floor_both__combined_risk,ADE_vs_floor,complete,eu-locality-110,5804,26.641397946296493,26.93425359592777,1.0872981818050298,109.5124075796902,261.5364238541321,109.83042543804812
floor_both__combined_risk,ADE_vs_floor,complete,eu-locality-119,3148,26.600250028493107,26.737944969333405,0.5149795206708108,102.65266336742316,188.83867927511324,102.43155573476253
floor_both__combined_risk,ADE_vs_floor,complete,eu-locality-124,2077,36.9472084452422,37.245512817043696,0.8009135845888915,167.2667834166025,316.4037738037055,171.59254389597885
floor_both__combined_risk,ADE_vs_original,all,eu-locality-007,5526,12.838949870338572,12.830405295542219,-0.06659629683967161,43.95122125345763,76.84663135721101,43.95122125345763
floor_both__combined_risk,ADE_vs_original,all,eu-locality-008,157961,17.125097015929086,17.105959128030076,-0.1118784848938903,60.67979075146129,126.66986514890806,60.6622325166656
floor_both__combined_risk,ADE_vs_original,all,eu-locality-020,1225,6.3901191046643735,6.385625488362933,-0.0703708087740118,20.421756180984552,41.37090371937323,20.415899425216296
floor_both__combined_risk,ADE_vs_original,all,eu-locality-048,8058,24.89881103701943,24.89599297528568,-0.011319338564041992,84.52294488626343,149.41133462060048,84.52294488626343
floor_both__combined_risk,ADE_vs_original,all,eu-locality-067,6903,27.184787698634675,27.166922356249554,-0.06576137757103862,88.78448286947457,154.83471062234412,88.67424623165155
floor_both__combined_risk,ADE_vs_original,all,eu-locality-110,8550,28.812120137460052,28.726231184733486,-0.2989913719423587,116.37314369518258,261.4152450345212,116.37314369518258
floor_both__combined_risk,ADE_vs_original,all,eu-locality-119,5639,27.432001644593637,27.425998654727092,-0.02188795362429996,108.72170492261496,192.3509497540389,108.72170492261496
floor_both__combined_risk,ADE_vs_original,all,eu-locality-124,3550,40.949480304164325,40.91551558051743,-0.0830118432213256,181.36489392676197,339.41051696932067,181.36489392676197
floor_both__combined_risk,ADE_vs_original,easy,eu-locality-007,2133,1.7309605339514993,1.7264599581973528,-0.2606823131215741,4.158966596089879,4.776206876224691,4.1484000214020815
floor_both__combined_risk,ADE_vs_original,easy,eu-locality-008,52276,2.1007600413738876,2.095886249820984,-0.23254084296415733,4.163153434313409,4.752500761712116,4.154001151843065
floor_both__combined_risk,ADE_vs_original,easy,eu-locality-020,695,1.6843570797558014,1.6821918728002214,-0.12871343576139616,4.357367994839923,6.369592718595578,4.357367994839923
floor_both__combined_risk,ADE_vs_original,easy,eu-locality-048,2050,2.071927094546166,2.07542005162572,0.1683012109677695,4.2183701518348595,4.759718934735362,4.2183701518348595
floor_both__combined_risk,ADE_vs_original,easy,eu-locality-067,1508,2.0189281078460293,2.021297381693298,0.11721550073369169,4.325988505867179,5.232512929851072,4.327806847863975
floor_both__combined_risk,ADE_vs_original,easy,eu-locality-110,2579,2.056823143922068,2.052509607075725,-0.2101591549911852,4.054967474057497,4.585244630226117,4.052195209360398
floor_both__combined_risk,ADE_vs_original,easy,eu-locality-119,1658,2.1591798230613217,2.156597376282057,-0.11974635635125797,4.2203075542763235,5.970655941092775,4.215074487101957
floor_both__combined_risk,ADE_vs_original,easy,eu-locality-124,1006,2.273800207150711,2.26988287659572,-0.17257853237193643,4.183351542830911,4.664366837711673,4.180078323556514
floor_both__combined_risk,ADE_vs_original,hard,eu-locality-007,1023,38.796054894758235,38.787166282594896,-0.022916374190828925,78.11265794064077,106.93881724198937,77.7601210112468
floor_both__combined_risk,ADE_vs_original,hard,eu-locality-008,36762,49.444982381104225,49.41280908444666,-0.06511124798143086,119.21965964360629,205.05084419817962,119.06453672655374
floor_both__combined_risk,ADE_vs_original,hard,eu-locality-020,47,36.92354931828993,36.92354931828993,0.0,60.52355224102176,69.16719818649797,60.52355224102176
floor_both__combined_risk,ADE_vs_original,hard,eu-locality-048,2992,53.55854151375649,53.5458075716249,-0.023781398972366752,122.60258245083135,202.79147183299347,122.60258245083135
floor_both__combined_risk,ADE_vs_original,hard,eu-locality-067,2806,54.348516244514556,54.31341120932669,-0.06463419329816311,126.52131502707327,198.92434816893777,126.52131502707327
floor_both__combined_risk,ADE_vs_original,hard,eu-locality-110,2743,75.4292921698414,75.2093787203259,-0.29240163029835564,216.0693714569461,390.73231584687846,214.44871024777535
floor_both__combined_risk,ADE_vs_original,hard,eu-locality-119,1895,67.20840268764351,67.21567713441654,0.010822544803767986,171.85187026049437,271.3240241994853,171.85187026049437
floor_both__combined_risk,ADE_vs_original,hard,eu-locality-124,1362,95.3102062847227,95.24519134666512,-0.06826059892193204,271.68500787615915,429.3751411458838,271.68500787615915
floor_both__combined_risk,FDE_vs_floor,endpoint,eu-locality-007,3935,27.367512336967966,27.826462654682768,1.6493304356009042,98.61609610878091,170.8952492395845,99.63433701413419
floor_both__combined_risk,FDE_vs_floor,endpoint,eu-locality-008,121088,33.072819776486796,33.63538951388651,1.6725530625041674,128.2336397122195,267.69518293292555,128.6535092840875
floor_both__combined_risk,FDE_vs_floor,endpoint,eu-locality-020,622,14.26527106884913,14.545932745053438,1.9294855897072138,52.375808020598235,102.34943144507893,52.375808020598235
floor_both__combined_risk,FDE_vs_floor,endpoint,eu-locality-048,5582,53.23904113127614,53.67641471244728,0.8148338213612494,200.28790019669847,335.7568772699859,200.37762711537502
floor_both__combined_risk,FDE_vs_floor,endpoint,eu-locality-067,4600,57.9808831464633,58.38959403975901,0.6999721440389073,194.8922003644103,349.7936281446101,195.19184470752597
floor_both__combined_risk,FDE_vs_floor,endpoint,eu-locality-110,7204,53.24527565983013,53.94011966164402,1.2881766043021714,234.6473245274136,539.3425618903042,236.80639466943666
floor_both__combined_risk,FDE_vs_floor,endpoint,eu-locality-119,4147,60.558956940888045,60.9041125887216,0.5667197717243666,245.40689248947538,445.5820913837266,244.0711469012536
floor_both__combined_risk,FDE_vs_floor,endpoint,eu-locality-124,2645,78.90697710502332,79.6655359585729,0.9521794392295946,361.7232001427956,708.3601090652618,363.62977622543167
floor_both__combined_risk,ADE_vs_CV,easy,eu-locality-007,2133,1.7309605339514993,1.8525004364762494,6.5608568900495605,4.158966596089879,4.776206876224691,4.355450553983238
floor_both__combined_risk,ADE_vs_CV,easy,eu-locality-008,52276,2.1007600413738876,2.3343046202023725,10.004888685360946,4.163153434313409,4.752500761712116,4.477191635123733
floor_both__combined_risk,ADE_vs_CV,easy,eu-locality-020,695,1.6843570797558014,1.6834998531827923,-0.05091931379670456,4.357367994839923,6.369592718595578,4.294862621440125
floor_both__combined_risk,ADE_vs_CV,easy,eu-locality-048,2050,2.071927094546166,2.2919612794697164,9.600257512834553,4.2183701518348595,4.759718934735362,4.484449431559784
floor_both__combined_risk,ADE_vs_CV,easy,eu-locality-067,1508,2.0189281078460293,2.126958008841005,5.0790801015315745,4.325988505867179,5.232512929851072,4.431771346846858
floor_both__combined_risk,ADE_vs_CV,easy,eu-locality-110,2579,2.056823143922068,2.356118809479549,12.702910581304405,4.054967474057497,4.585244630226117,4.476255197977273
floor_both__combined_risk,ADE_vs_CV,easy,eu-locality-119,1658,2.1591798230613217,2.3455260977767742,7.94475383974974,4.2203075542763235,5.970655941092775,4.423775218674889
floor_both__combined_risk,ADE_vs_CV,easy,eu-locality-124,1006,2.273800207150711,2.5758364727079335,11.725754672605326,4.183351542830911,4.664366837711673,4.529853536161329
floor_both__combined_random,ADE_vs_floor,all,eu-locality-007,5526,12.835041761047295,12.974876186915042,1.0777322561949965,44.01737296753018,76.74547333801287,44.53593329502612
floor_both__combined_random,ADE_vs_floor,all,eu-locality-008,157961,17.119032720264453,17.310360041620548,1.1052763830219137,60.6622325166656,126.64306501449734,60.77363039735514
floor_both__combined_random,ADE_vs_floor,all,eu-locality-020,1225,6.390857637008203,6.453703918433902,0.9738017457880166,20.421756180984552,41.37090371937323,20.63072736269522
floor_both__combined_random,ADE_vs_floor,all,eu-locality-048,8058,24.89890131385405,25.04006397712567,0.5637472148656286,84.52294488626343,149.41133462060048,84.77644777499424
floor_both__combined_random,ADE_vs_floor,all,eu-locality-067,6903,27.180630192744676,27.316252363581988,0.496488936447681,88.78448286947457,154.83471062234412,88.78448286947457
floor_both__combined_random,ADE_vs_floor,all,eu-locality-110,8550,28.753435138145992,29.06948335408015,1.0872164877667068,116.37314369518258,260.7935481375995,116.85239857000487
floor_both__combined_random,ADE_vs_floor,all,eu-locality-119,5639,27.427164242305622,27.551822688667723,0.4524508152172979,108.72170492261496,192.3509497540389,108.43799131047149
floor_both__combined_random,ADE_vs_floor,all,eu-locality-124,3550,40.946884173287394,41.20235833047124,0.620047413632907,181.36489392676197,339.41051696932067,182.70620705979104
floor_both__combined_random,ADE_vs_floor,easy,eu-locality-007,2133,1.7309484957636865,1.8219289613908256,4.993634085364473,4.152508394864634,4.782653000105138,4.230345133365256
floor_both__combined_random,ADE_vs_floor,easy,eu-locality-008,52276,2.101947986846982,2.24421211344112,6.339156880140006,4.159790866444984,4.753225815511951,4.260181371097664
floor_both__combined_random,ADE_vs_floor,easy,eu-locality-020,695,1.6831763506273603,1.714816508799578,1.84510459339855,4.357367994839923,6.369592718595578,4.367811127405618
floor_both__combined_random,ADE_vs_floor,easy,eu-locality-048,2050,2.0783683873876,2.1864603155211566,4.943694946861732,4.226556132392099,4.769057339791705,4.279426052271072
floor_both__combined_random,ADE_vs_floor,easy,eu-locality-067,1508,2.0228281366601797,2.0817024330364133,2.8281802164374814,4.327806847863975,5.2542707053857525,4.369122159901785
floor_both__combined_random,ADE_vs_floor,easy,eu-locality-110,2579,2.05968765413011,2.2142889877207317,6.981985388897227,4.054639720094809,4.566010666212732,4.204662309065635
floor_both__combined_random,ADE_vs_floor,easy,eu-locality-119,1658,2.15847320212899,2.274132807520816,5.08587735110837,4.209513972076153,5.970655941092775,4.268800105084812
floor_both__combined_random,ADE_vs_floor,easy,eu-locality-124,1006,2.274123892599405,2.445226719804127,6.997421785838654,4.183351542830911,4.664366837711673,4.331802122080924
floor_both__combined_random,ADE_vs_floor,hard,eu-locality-007,1023,38.78471419490955,39.11681576409787,0.8489994972779247,77.7601210112468,106.93881724198937,79.09141428093004
floor_both__combined_random,ADE_vs_floor,hard,eu-locality-008,36762,49.43347638212824,49.60410727101644,0.34398540418425494,119.06453672655374,205.20369470271268,119.58938343541159
floor_both__combined_random,ADE_vs_floor,hard,eu-locality-020,47,36.92354931828993,36.92354931828993,0.0,60.52355224102176,69.16719818649797,60.52355224102176
floor_both__combined_random,ADE_vs_floor,hard,eu-locality-048,2992,53.54704685422236,53.71464249619353,0.3120110907990248,122.60258245083135,202.79147183299347,122.60258245083135
floor_both__combined_random,ADE_vs_floor,hard,eu-locality-067,2806,54.33711316325034,54.56748907946629,0.42218529769704194,126.52131502707327,198.92434816893777,126.52131502707327
floor_both__combined_random,ADE_vs_floor,hard,eu-locality-110,2743,75.27155817776963,75.71983632200313,0.5920220724291658,214.44871024777535,383.93607966490544,216.0693714569461
floor_both__combined_random,ADE_vs_floor,hard,eu-locality-119,1895,67.20936629494005,67.30155948865561,0.1369852265178162,171.85187026049437,271.3240241994853,171.85187026049437
floor_both__combined_random,ADE_vs_floor,hard,eu-locality-124,1362,95.31047765921912,95.6305131283049,0.33465832046346566,271.68500787615915,429.3751411458838,274.4684238324386
floor_both__combined_random,ADE_vs_floor,complete,eu-locality-007,2882,12.71884610108836,12.92000036038779,1.5569214681770527,44.99232573946964,76.86890219592341,45.982202665686515
floor_both__combined_random,ADE_vs_floor,complete,eu-locality-008,97352,15.368625240950667,15.602690137792878,1.5001573111758426,55.8663511096598,114.1371122645666,55.93037708188954
floor_both__combined_random,ADE_vs_floor,complete,eu-locality-020,364,6.764897995472432,6.9019825286040675,1.986161694317723,22.67431095406674,49.70629992513765,22.682718227503177
floor_both__combined_random,ADE_vs_floor,complete,eu-locality-048,4716,24.508959284012022,24.689171595597593,0.7299244970119023,87.41625372660116,149.62179045139328,87.5871702676999
floor_both__combined_random,ADE_vs_floor,complete,eu-locality-067,3417,27.85665767452249,28.011435479709043,0.5525522078247969,87.55740326540852,150.0665999659543,87.49455596529795
floor_both__combined_random,ADE_vs_floor,complete,eu-locality-110,5804,26.558546115178856,26.93425359592777,1.3949058562577665,109.5124075796902,261.2510570653189,109.83042543804812
floor_both__combined_random,ADE_vs_floor,complete,eu-locality-119,3148,26.59465642133946,26.737944969333405,0.5358996293779672,102.65266336742316,188.83867927511324,102.43155573476253
floor_both__combined_random,ADE_vs_floor,complete,eu-locality-124,2077,36.944961973358126,37.245512817043696,0.806945108158208,167.2667834166025,316.4037738037055,171.59254389597885
floor_both__combined_random,ADE_vs_original,all,eu-locality-007,5526,12.835041761047295,12.830405295542219,-0.0361365475078701,44.01737296753018,76.74547333801287,43.95122125345763
floor_both__combined_random,ADE_vs_original,all,eu-locality-008,157961,17.119032720264453,17.105959128030076,-0.07642712189668277,60.6622325166656,126.64306501449734,60.6622325166656
floor_both__combined_random,ADE_vs_original,all,eu-locality-020,1225,6.390857637008203,6.385625488362933,-0.08193635306055214,20.421756180984552,41.37090371937323,20.415899425216296
floor_both__combined_random,ADE_vs_original,all,eu-locality-048,8058,24.89890131385405,24.89599297528568,-0.011681954486641999,84.52294488626343,149.41133462060048,84.52294488626343
floor_both__combined_random,ADE_vs_original,all,eu-locality-067,6903,27.180630192744676,27.166922356249554,-0.05045781894381651,88.78448286947457,154.83471062234412,88.67424623165155
floor_both__combined_random,ADE_vs_original,all,eu-locality-110,8550,28.753435138145992,28.726231184733486,-0.09470073967434711,116.37314369518258,260.7935481375995,116.37314369518258
floor_both__combined_random,ADE_vs_original,all,eu-locality-119,5639,27.427164242305622,27.425998654727092,-0.004249936686728795,108.72170492261496,192.3509497540389,108.72170492261496
floor_both__combined_random,ADE_vs_original,all,eu-locality-124,3550,40.946884173287394,40.91551558051743,-0.07666674200459411,181.36489392676197,339.41051696932067,181.36489392676197
floor_both__combined_random,ADE_vs_original,easy,eu-locality-007,2133,1.7309484957636865,1.7264599581973528,-0.25998503730260136,4.152508394864634,4.782653000105138,4.1484000214020815
floor_both__combined_random,ADE_vs_original,easy,eu-locality-008,52276,2.101947986846982,2.095886249820984,-0.28922070682584344,4.159790866444984,4.753225815511951,4.154001151843065
floor_both__combined_random,ADE_vs_original,easy,eu-locality-020,695,1.6831763506273603,1.6821918728002214,-0.058523515840080975,4.357367994839923,6.369592718595578,4.357367994839923
floor_both__combined_random,ADE_vs_original,easy,eu-locality-048,2050,2.0783683873876,2.07542005162572,-0.14205971266252337,4.226556132392099,4.769057339791705,4.2183701518348595
floor_both__combined_random,ADE_vs_original,easy,eu-locality-067,1508,2.0228281366601797,2.021297381693298,-0.07573130904663383,4.327806847863975,5.2542707053857525,4.327806847863975
floor_both__combined_random,ADE_vs_original,easy,eu-locality-110,2579,2.05968765413011,2.052509607075725,-0.3497205094504574,4.054639720094809,4.566010666212732,4.052195209360398
floor_both__combined_random,ADE_vs_original,easy,eu-locality-119,1658,2.15847320212899,2.156597376282057,-0.0869808091006119,4.209513972076153,5.970655941092775,4.215074487101957
floor_both__combined_random,ADE_vs_original,easy,eu-locality-124,1006,2.274123892599405,2.26988287659572,-0.18683853900187675,4.183351542830911,4.664366837711673,4.180078323556514
floor_both__combined_random,ADE_vs_original,hard,eu-locality-007,1023,38.78471419490955,38.787166282594896,0.006321904692607738,77.7601210112468,106.93881724198937,77.7601210112468
floor_both__combined_random,ADE_vs_original,hard,eu-locality-008,36762,49.43347638212824,49.41280908444666,-0.0418257898397556,119.06453672655374,205.20369470271268,119.06453672655374
floor_both__combined_random,ADE_vs_original,hard,eu-locality-020,47,36.92354931828993,36.92354931828993,0.0,60.52355224102176,69.16719818649797,60.52355224102176
floor_both__combined_random,ADE_vs_original,hard,eu-locality-048,2992,53.54704685422236,53.5458075716249,-0.002314434413563937,122.60258245083135,202.79147183299347,122.60258245083135
floor_both__combined_random,ADE_vs_original,hard,eu-locality-067,2806,54.33711316325034,54.31341120932669,-0.04363922905210593,126.52131502707327,198.92434816893777,126.52131502707327
floor_both__combined_random,ADE_vs_original,hard,eu-locality-110,2743,75.27155817776963,75.2093787203259,-0.08267513773110302,214.44871024777535,383.93607966490544,214.44871024777535
floor_both__combined_random,ADE_vs_original,hard,eu-locality-119,1895,67.20936629494005,67.21567713441654,0.009388939821086684,171.85187026049437,271.3240241994853,171.85187026049437
floor_both__combined_random,ADE_vs_original,hard,eu-locality-124,1362,95.31047765921912,95.24519134666512,-0.06854552091388744,271.68500787615915,429.3751411458838,271.68500787615915
floor_both__combined_random,FDE_vs_floor,endpoint,eu-locality-007,3935,27.34254048410656,27.826462654682768,1.7390718201645727,98.61609610878091,170.8952492395845,99.63433701413419
floor_both__combined_random,FDE_vs_floor,endpoint,eu-locality-008,121088,33.05839775298808,33.63538951388651,1.7154305903317013,128.2719563623789,267.69518293292555,128.6535092840875
floor_both__combined_random,FDE_vs_floor,endpoint,eu-locality-020,622,14.26527106884913,14.545932745053438,1.9294855897072138,52.375808020598235,102.34943144507893,52.375808020598235
floor_both__combined_random,FDE_vs_floor,endpoint,eu-locality-048,5582,53.24139176816672,53.67641471244728,0.8104545480748793,200.28790019669847,335.7568772699859,200.37762711537502
floor_both__combined_random,FDE_vs_floor,endpoint,eu-locality-067,4600,57.97358467011799,58.38959403975901,0.7124717622762566,194.8922003644103,349.7936281446101,195.19184470752597
floor_both__combined_random,FDE_vs_floor,endpoint,eu-locality-110,7204,53.086553885788106,53.94011966164402,1.5824321140000541,234.6473245274136,538.0295217792822,236.80639466943666
floor_both__combined_random,FDE_vs_floor,endpoint,eu-locality-119,4147,60.543479465942546,60.9041125887216,0.5921326285703743,245.40689248947538,445.5820913837266,244.0711469012536
floor_both__combined_random,FDE_vs_floor,endpoint,eu-locality-124,2645,78.90724016912236,79.6655359585729,0.9518492285608526,361.7232001427956,708.3601090652618,363.62977622543167
floor_both__combined_random,ADE_vs_CV,easy,eu-locality-007,2133,1.7309484957636865,1.8525004364762494,6.561506724596189,4.152508394864634,4.782653000105138,4.355450553983238
floor_both__combined_random,ADE_vs_CV,easy,eu-locality-008,52276,2.101947986846982,2.3343046202023725,9.953997920599,4.159790866444984,4.753225815511951,4.477191635123733
floor_both__combined_random,ADE_vs_CV,easy,eu-locality-020,695,1.6831763506273603,1.6834998531827923,0.01921607268455805,4.357367994839923,6.369592718595578,4.294862621440125
floor_both__combined_random,ADE_vs_CV,easy,eu-locality-048,2050,2.0783683873876,2.2919612794697164,9.319219045948923,4.226556132392099,4.769057339791705,4.484449431559784
floor_both__combined_random,ADE_vs_CV,easy,eu-locality-067,1508,2.0228281366601797,2.126958008841005,4.895718286303474,4.327806847863975,5.2542707053857525,4.431771346846858
floor_both__combined_random,ADE_vs_CV,easy,eu-locality-110,2579,2.05968765413011,2.356118809479549,12.581333087142532,4.054639720094809,4.566010666212732,4.476255197977273
floor_both__combined_random,ADE_vs_CV,easy,eu-locality-119,1658,2.15847320212899,2.3455260977767742,7.974880169744603,4.209513972076153,5.970655941092775,4.423775218674889
floor_both__combined_random,ADE_vs_CV,easy,eu-locality-124,1006,2.274123892599405,2.5758364727079335,11.713188445978606,4.183351542830911,4.664366837711673,4.529853536161329
