policy,comparison,subset,locality,rows,model_error,reference_error,gain_percent,model_p95,model_p99,reference_p95
cv_targets__original,ADE_vs_floor,all,eu-locality-007,5526,13.539430959116377,13.571456426657702,0.2359766449120393,45.80191694195659,80.22724394770805,45.83062605295613
cv_targets__original,ADE_vs_floor,all,eu-locality-074,102348,19.639575470778524,19.680252048687063,0.20668728128028224,64.4476369010459,132.73311771750846,64.60111806709888
cv_targets__original,ADE_vs_floor,all,eu-locality-082,1368,13.494594805193167,13.580833430361215,0.6350024511401098,51.77887705037489,101.91283477915022,51.77887705037489
cv_targets__original,ADE_vs_floor,all,eu-locality-110,8550,30.500589822690685,30.56006396751505,0.1946139408856684,121.68449105426859,269.41776676755063,121.9052045177577
cv_targets__original,ADE_vs_floor,all,eu-locality-112,5004,24.55338329609852,24.592755728578894,0.16009768451699102,86.2710070848162,186.18759729912014,86.2710070848162
cv_targets__original,ADE_vs_floor,all,eu-locality-119,5639,28.894650668567692,28.90245639943102,0.02700715383998631,114.3522798565831,201.6878989025234,114.3522798565831
cv_targets__original,ADE_vs_floor,all,eu-locality-124,3550,42.46472496316629,42.52091593022507,0.13214900438878185,186.18276158812444,344.5055271166482,186.18276158812444
cv_targets__original,ADE_vs_floor,all,eu-locality-126,5790,19.778677633231915,19.78147939556481,0.014163563183866579,86.35315067436316,157.09863889864567,86.35315067436316
cv_targets__original,ADE_vs_floor,easy,eu-locality-007,1784,1.370968245556402,1.3775615757120319,0.47862326242816833,3.1092839133041323,3.4226681152011182,3.1092839133041323
cv_targets__original,ADE_vs_floor,easy,eu-locality-074,17176,1.9582130859816775,1.961547141225197,0.16997069167743462,3.2521362780910184,3.4297087478292427,3.251506809424719
cv_targets__original,ADE_vs_floor,easy,eu-locality-082,515,1.5569015269013406,1.575300025710263,1.1679361714367342,3.032126970856838,3.403722230149994,3.0267587675843264
cv_targets__original,ADE_vs_floor,easy,eu-locality-110,2009,1.7549450725467626,1.7592923102432503,0.24710150048269375,3.1245218448858734,3.382621184807573,3.1245218448858734
cv_targets__original,ADE_vs_floor,easy,eu-locality-112,575,2.029075766787223,2.0370533471006134,0.39162353429502694,3.259410824240807,3.420794969283625,3.259410824240807
cv_targets__original,ADE_vs_floor,easy,eu-locality-119,1323,1.7884061823915434,1.8135436782216436,1.3860981751898094,3.150553623184178,3.401506256673579,3.152681264809638
cv_targets__original,ADE_vs_floor,easy,eu-locality-124,739,1.8885939617737348,1.9113394525639587,1.1900288438933204,3.182185292260724,3.393621028775156,3.182185292260724
cv_targets__original,ADE_vs_floor,easy,eu-locality-126,2167,1.4142259801549124,1.4178082409981645,0.2526618720124052,3.0173639779364585,3.368019730218118,3.026602969634056
cv_targets__original,ADE_vs_floor,hard,eu-locality-007,1057,40.41726445668773,40.48406329056549,0.16500031975130725,80.93538095486694,114.29072331500305,80.93538095486694
cv_targets__original,ADE_vs_floor,hard,eu-locality-074,26162,51.19900939741395,51.3170310418699,0.22998533247111652,119.69191399634964,216.74619194656225,120.73356434057523
cv_targets__original,ADE_vs_floor,hard,eu-locality-082,245,48.12318225247312,48.2662878754598,0.2964918772206615,102.89538275989119,169.5400402883042,102.89538275989119
cv_targets__original,ADE_vs_floor,hard,eu-locality-110,2779,78.73760419662281,78.8807295717048,0.1814452983119108,227.4742146023239,408.3784087886384,227.93329072835834
cv_targets__original,ADE_vs_floor,hard,eu-locality-112,1522,59.27415753777463,59.33181373883102,0.0971758613518725,157.08224360877819,272.4802531432175,157.81065006811522
cv_targets__original,ADE_vs_floor,hard,eu-locality-119,1922,70.16596480940154,70.16596480940154,0.0,175.76992045845242,274.8091526508623,175.76992045845242
cv_targets__original,ADE_vs_floor,hard,eu-locality-124,1375,98.04687062702293,98.04615603839234,-0.0007288288082385463,277.5179890841983,454.9614884293962,277.5179890841983
cv_targets__original,ADE_vs_floor,hard,eu-locality-126,1386,64.47595683435031,64.47595683435031,0.0,150.6407980804362,231.2736903008077,150.6407980804362
cv_targets__original,ADE_vs_floor,complete,eu-locality-007,2882,13.62456014508976,13.65246856543941,0.20442032307841362,47.50708454425716,79.58424742220402,47.6301953356149
cv_targets__original,ADE_vs_floor,complete,eu-locality-074,67309,19.418077836731978,19.452443841842047,0.17666677456817936,63.4011726711236,131.15505879358042,63.47625631914233
cv_targets__original,ADE_vs_floor,complete,eu-locality-082,582,10.37773516438177,10.467596402215777,0.8584706018564647,48.54354095099604,88.77064559267427,48.19172118275565
cv_targets__original,ADE_vs_floor,complete,eu-locality-110,5804,28.44615975937774,28.483970812722102,0.1327450220791393,118.53171704139565,272.8161773812056,118.53171704139565
cv_targets__original,ADE_vs_floor,complete,eu-locality-112,2417,20.979366116603888,21.011237005741744,0.1516849728035896,70.63131723055629,171.1830006493205,70.63131723055629
cv_targets__original,ADE_vs_floor,complete,eu-locality-119,3148,28.515799870759736,28.52486855057138,0.03179218791338201,111.844506586388,205.2067029563877,111.844506586388
cv_targets__original,ADE_vs_floor,complete,eu-locality-124,2077,38.43570021745974,38.52083475074527,0.22100905610278332,177.32650540365142,316.4037738037055,177.32650540365142
cv_targets__original,ADE_vs_floor,complete,eu-locality-126,3637,19.4859971987137,19.48963565878005,0.018668692068180004,85.5211371225543,163.85887416785963,85.5211371225543
cv_targets__original,ADE_vs_original,all,eu-locality-007,5526,13.539430959116377,13.539430959116377,0.0,45.80191694195659,80.22724394770805,45.80191694195659
cv_targets__original,ADE_vs_original,all,eu-locality-074,102348,19.639575470778524,19.639575470778524,0.0,64.4476369010459,132.73311771750846,64.4476369010459
cv_targets__original,ADE_vs_original,all,eu-locality-082,1368,13.494594805193167,13.494594805193167,0.0,51.77887705037489,101.91283477915022,51.77887705037489
cv_targets__original,ADE_vs_original,all,eu-locality-110,8550,30.500589822690685,30.500589822690685,0.0,121.68449105426859,269.41776676755063,121.68449105426859
cv_targets__original,ADE_vs_original,all,eu-locality-112,5004,24.55338329609852,24.55338329609852,0.0,86.2710070848162,186.18759729912014,86.2710070848162
cv_targets__original,ADE_vs_original,all,eu-locality-119,5639,28.894650668567692,28.894650668567692,0.0,114.3522798565831,201.6878989025234,114.3522798565831
cv_targets__original,ADE_vs_original,all,eu-locality-124,3550,42.46472496316629,42.46472496316629,0.0,186.18276158812444,344.5055271166482,186.18276158812444
cv_targets__original,ADE_vs_original,all,eu-locality-126,5790,19.778677633231915,19.778677633231915,0.0,86.35315067436316,157.09863889864567,86.35315067436316
cv_targets__original,ADE_vs_original,easy,eu-locality-007,1784,1.370968245556402,1.370968245556402,0.0,3.1092839133041323,3.4226681152011182,3.1092839133041323
cv_targets__original,ADE_vs_original,easy,eu-locality-074,17176,1.9582130859816775,1.9582130859816775,0.0,3.2521362780910184,3.4297087478292427,3.2521362780910184
cv_targets__original,ADE_vs_original,easy,eu-locality-082,515,1.5569015269013406,1.5569015269013406,0.0,3.032126970856838,3.403722230149994,3.032126970856838
cv_targets__original,ADE_vs_original,easy,eu-locality-110,2009,1.7549450725467626,1.7549450725467626,0.0,3.1245218448858734,3.382621184807573,3.1245218448858734
cv_targets__original,ADE_vs_original,easy,eu-locality-112,575,2.029075766787223,2.029075766787223,0.0,3.259410824240807,3.420794969283625,3.259410824240807
cv_targets__original,ADE_vs_original,easy,eu-locality-119,1323,1.7884061823915434,1.7884061823915434,0.0,3.150553623184178,3.401506256673579,3.150553623184178
cv_targets__original,ADE_vs_original,easy,eu-locality-124,739,1.8885939617737348,1.8885939617737348,0.0,3.182185292260724,3.393621028775156,3.182185292260724
cv_targets__original,ADE_vs_original,easy,eu-locality-126,2167,1.4142259801549124,1.4142259801549124,0.0,3.0173639779364585,3.368019730218118,3.0173639779364585
cv_targets__original,ADE_vs_original,hard,eu-locality-007,1057,40.41726445668773,40.41726445668773,0.0,80.93538095486694,114.29072331500305,80.93538095486694
cv_targets__original,ADE_vs_original,hard,eu-locality-074,26162,51.19900939741395,51.19900939741395,0.0,119.69191399634964,216.74619194656225,119.69191399634964
cv_targets__original,ADE_vs_original,hard,eu-locality-082,245,48.12318225247312,48.12318225247312,0.0,102.89538275989119,169.5400402883042,102.89538275989119
cv_targets__original,ADE_vs_original,hard,eu-locality-110,2779,78.73760419662281,78.73760419662281,0.0,227.4742146023239,408.3784087886384,227.4742146023239
cv_targets__original,ADE_vs_original,hard,eu-locality-112,1522,59.27415753777463,59.27415753777463,0.0,157.08224360877819,272.4802531432175,157.08224360877819
cv_targets__original,ADE_vs_original,hard,eu-locality-119,1922,70.16596480940154,70.16596480940154,0.0,175.76992045845242,274.8091526508623,175.76992045845242
cv_targets__original,ADE_vs_original,hard,eu-locality-124,1375,98.04687062702293,98.04687062702293,0.0,277.5179890841983,454.9614884293962,277.5179890841983
cv_targets__original,ADE_vs_original,hard,eu-locality-126,1386,64.47595683435031,64.47595683435031,0.0,150.6407980804362,231.2736903008077,150.6407980804362
cv_targets__original,FDE_vs_floor,endpoint,eu-locality-007,3935,29.828564511166682,29.888556582698637,0.20071919955707562,102.96456780800754,178.8430245622791,102.630383216675
cv_targets__original,FDE_vs_floor,endpoint,eu-locality-074,81289,41.42280681492869,41.49722543116477,0.17933395657867557,139.9105173045615,285.77755031045575,140.27423023814484
cv_targets__original,FDE_vs_floor,endpoint,eu-locality-082,859,25.325819908935774,25.52238949469827,0.770184883368108,114.66976098816347,234.31504208196256,114.66976098816347
cv_targets__original,FDE_vs_floor,endpoint,eu-locality-110,7204,58.32639394009073,58.38181863616509,0.09493485706528748,251.77304034955634,584.930399969669,251.77304034955634
cv_targets__original,FDE_vs_floor,endpoint,eu-locality-112,3719,48.623500702980074,48.66719124471837,0.08977411808830382,180.28741648050087,420.67114394082915,180.28741648050087
cv_targets__original,FDE_vs_floor,endpoint,eu-locality-119,4147,65.56561670845942,65.58221290238367,0.025305937676978196,270.5290560144782,484.5542592170748,270.5290560144782
cv_targets__original,FDE_vs_floor,endpoint,eu-locality-124,2645,83.9628332915685,84.08831500026773,0.14922609484899763,381.9827743206876,749.8979417287693,381.9827743206876
cv_targets__original,FDE_vs_floor,endpoint,eu-locality-126,4579,40.54765291370087,40.55384047391718,0.01525764303452748,185.86716972851187,367.4904107537943,185.86716972851187
cv_targets__original,ADE_vs_CV,easy,eu-locality-007,1784,1.370968245556402,1.4116372489032123,2.880981171218633,3.1092839133041323,3.4226681152011182,3.1829165280653378
cv_targets__original,ADE_vs_CV,easy,eu-locality-074,17176,1.9582130859816775,2.0345987086931556,3.754333588491332,3.2521362780910184,3.4297087478292427,3.3227202724286355
cv_targets__original,ADE_vs_CV,easy,eu-locality-082,515,1.5569015269013406,1.6292457075972016,4.44034809228091,3.032126970856838,3.403722230149994,3.1617325949953337
cv_targets__original,ADE_vs_CV,easy,eu-locality-110,2009,1.7549450725467626,1.8571965321602297,5.505688700297739,3.1245218448858734,3.382621184807573,3.2841980969419593
cv_targets__original,ADE_vs_CV,easy,eu-locality-112,575,2.029075766787223,2.120126457156666,4.294587714902276,3.259410824240807,3.420794969283625,3.337428914790469
cv_targets__original,ADE_vs_CV,easy,eu-locality-119,1323,1.7884061823915434,1.9039962115564375,6.0709169725923,3.150553623184178,3.401506256673579,3.27321556485438
cv_targets__original,ADE_vs_CV,easy,eu-locality-124,739,1.8885939617737348,2.0089308960456713,5.9900982412488535,3.182185292260724,3.393621028775156,3.2764853371884692
cv_targets__original,ADE_vs_CV,easy,eu-locality-126,2167,1.4142259801549124,1.49949345147157,5.686418385687386,3.0173639779364585,3.368019730218118,3.17156482441628
cv_targets__stop,ADE_vs_floor,all,eu-locality-007,5526,13.539430959116377,13.571456426657702,0.2359766449120393,45.80191694195659,80.22724394770805,45.83062605295613
cv_targets__stop,ADE_vs_floor,all,eu-locality-074,102348,19.639575470778524,19.680252048687063,0.20668728128028224,64.4476369010459,132.73311771750846,64.60111806709888
cv_targets__stop,ADE_vs_floor,all,eu-locality-082,1368,13.494594805193167,13.580833430361215,0.6350024511401098,51.77887705037489,101.91283477915022,51.77887705037489
cv_targets__stop,ADE_vs_floor,all,eu-locality-110,8550,30.500589822690685,30.56006396751505,0.1946139408856684,121.68449105426859,269.41776676755063,121.9052045177577
cv_targets__stop,ADE_vs_floor,all,eu-locality-112,5004,24.55338329609852,24.592755728578894,0.16009768451699102,86.2710070848162,186.18759729912014,86.2710070848162
cv_targets__stop,ADE_vs_floor,all,eu-locality-119,5639,28.894650668567692,28.90245639943102,0.02700715383998631,114.3522798565831,201.6878989025234,114.3522798565831
cv_targets__stop,ADE_vs_floor,all,eu-locality-124,3550,42.46472496316629,42.52091593022507,0.13214900438878185,186.18276158812444,344.5055271166482,186.18276158812444
cv_targets__stop,ADE_vs_floor,all,eu-locality-126,5790,19.778677633231915,19.78147939556481,0.014163563183866579,86.35315067436316,157.09863889864567,86.35315067436316
cv_targets__stop,ADE_vs_floor,easy,eu-locality-007,1784,1.370968245556402,1.3775615757120319,0.47862326242816833,3.1092839133041323,3.4226681152011182,3.1092839133041323
cv_targets__stop,ADE_vs_floor,easy,eu-locality-074,17176,1.9582130859816775,1.961547141225197,0.16997069167743462,3.2521362780910184,3.4297087478292427,3.251506809424719
cv_targets__stop,ADE_vs_floor,easy,eu-locality-082,515,1.5569015269013406,1.575300025710263,1.1679361714367342,3.032126970856838,3.403722230149994,3.0267587675843264
cv_targets__stop,ADE_vs_floor,easy,eu-locality-110,2009,1.7549450725467626,1.7592923102432503,0.24710150048269375,3.1245218448858734,3.382621184807573,3.1245218448858734
cv_targets__stop,ADE_vs_floor,easy,eu-locality-112,575,2.029075766787223,2.0370533471006134,0.39162353429502694,3.259410824240807,3.420794969283625,3.259410824240807
cv_targets__stop,ADE_vs_floor,easy,eu-locality-119,1323,1.7884061823915434,1.8135436782216436,1.3860981751898094,3.150553623184178,3.401506256673579,3.152681264809638
cv_targets__stop,ADE_vs_floor,easy,eu-locality-124,739,1.8885939617737348,1.9113394525639587,1.1900288438933204,3.182185292260724,3.393621028775156,3.182185292260724
cv_targets__stop,ADE_vs_floor,easy,eu-locality-126,2167,1.4142259801549124,1.4178082409981645,0.2526618720124052,3.0173639779364585,3.368019730218118,3.026602969634056
cv_targets__stop,ADE_vs_floor,hard,eu-locality-007,1057,40.41726445668773,40.48406329056549,0.16500031975130725,80.93538095486694,114.29072331500305,80.93538095486694
cv_targets__stop,ADE_vs_floor,hard,eu-locality-074,26162,51.19900939741395,51.3170310418699,0.22998533247111652,119.69191399634964,216.74619194656225,120.73356434057523
cv_targets__stop,ADE_vs_floor,hard,eu-locality-082,245,48.12318225247312,48.2662878754598,0.2964918772206615,102.89538275989119,169.5400402883042,102.89538275989119
cv_targets__stop,ADE_vs_floor,hard,eu-locality-110,2779,78.73760419662281,78.8807295717048,0.1814452983119108,227.4742146023239,408.3784087886384,227.93329072835834
cv_targets__stop,ADE_vs_floor,hard,eu-locality-112,1522,59.27415753777463,59.33181373883102,0.0971758613518725,157.08224360877819,272.4802531432175,157.81065006811522
cv_targets__stop,ADE_vs_floor,hard,eu-locality-119,1922,70.16596480940154,70.16596480940154,0.0,175.76992045845242,274.8091526508623,175.76992045845242
cv_targets__stop,ADE_vs_floor,hard,eu-locality-124,1375,98.04687062702293,98.04615603839234,-0.0007288288082385463,277.5179890841983,454.9614884293962,277.5179890841983
cv_targets__stop,ADE_vs_floor,hard,eu-locality-126,1386,64.47595683435031,64.47595683435031,0.0,150.6407980804362,231.2736903008077,150.6407980804362
cv_targets__stop,ADE_vs_floor,complete,eu-locality-007,2882,13.62456014508976,13.65246856543941,0.20442032307841362,47.50708454425716,79.58424742220402,47.6301953356149
cv_targets__stop,ADE_vs_floor,complete,eu-locality-074,67309,19.418077836731978,19.452443841842047,0.17666677456817936,63.4011726711236,131.15505879358042,63.47625631914233
cv_targets__stop,ADE_vs_floor,complete,eu-locality-082,582,10.37773516438177,10.467596402215777,0.8584706018564647,48.54354095099604,88.77064559267427,48.19172118275565
cv_targets__stop,ADE_vs_floor,complete,eu-locality-110,5804,28.44615975937774,28.483970812722102,0.1327450220791393,118.53171704139565,272.8161773812056,118.53171704139565
cv_targets__stop,ADE_vs_floor,complete,eu-locality-112,2417,20.979366116603888,21.011237005741744,0.1516849728035896,70.63131723055629,171.1830006493205,70.63131723055629
cv_targets__stop,ADE_vs_floor,complete,eu-locality-119,3148,28.515799870759736,28.52486855057138,0.03179218791338201,111.844506586388,205.2067029563877,111.844506586388
cv_targets__stop,ADE_vs_floor,complete,eu-locality-124,2077,38.43570021745974,38.52083475074527,0.22100905610278332,177.32650540365142,316.4037738037055,177.32650540365142
cv_targets__stop,ADE_vs_floor,complete,eu-locality-126,3637,19.4859971987137,19.48963565878005,0.018668692068180004,85.5211371225543,163.85887416785963,85.5211371225543
cv_targets__stop,ADE_vs_original,all,eu-locality-007,5526,13.539430959116377,13.539430959116377,0.0,45.80191694195659,80.22724394770805,45.80191694195659
cv_targets__stop,ADE_vs_original,all,eu-locality-074,102348,19.639575470778524,19.639575470778524,0.0,64.4476369010459,132.73311771750846,64.4476369010459
cv_targets__stop,ADE_vs_original,all,eu-locality-082,1368,13.494594805193167,13.494594805193167,0.0,51.77887705037489,101.91283477915022,51.77887705037489
cv_targets__stop,ADE_vs_original,all,eu-locality-110,8550,30.500589822690685,30.500589822690685,0.0,121.68449105426859,269.41776676755063,121.68449105426859
cv_targets__stop,ADE_vs_original,all,eu-locality-112,5004,24.55338329609852,24.55338329609852,0.0,86.2710070848162,186.18759729912014,86.2710070848162
cv_targets__stop,ADE_vs_original,all,eu-locality-119,5639,28.894650668567692,28.894650668567692,0.0,114.3522798565831,201.6878989025234,114.3522798565831
cv_targets__stop,ADE_vs_original,all,eu-locality-124,3550,42.46472496316629,42.46472496316629,0.0,186.18276158812444,344.5055271166482,186.18276158812444
cv_targets__stop,ADE_vs_original,all,eu-locality-126,5790,19.778677633231915,19.778677633231915,0.0,86.35315067436316,157.09863889864567,86.35315067436316
cv_targets__stop,ADE_vs_original,easy,eu-locality-007,1784,1.370968245556402,1.370968245556402,0.0,3.1092839133041323,3.4226681152011182,3.1092839133041323
cv_targets__stop,ADE_vs_original,easy,eu-locality-074,17176,1.9582130859816775,1.9582130859816775,0.0,3.2521362780910184,3.4297087478292427,3.2521362780910184
cv_targets__stop,ADE_vs_original,easy,eu-locality-082,515,1.5569015269013406,1.5569015269013406,0.0,3.032126970856838,3.403722230149994,3.032126970856838
cv_targets__stop,ADE_vs_original,easy,eu-locality-110,2009,1.7549450725467626,1.7549450725467626,0.0,3.1245218448858734,3.382621184807573,3.1245218448858734
cv_targets__stop,ADE_vs_original,easy,eu-locality-112,575,2.029075766787223,2.029075766787223,0.0,3.259410824240807,3.420794969283625,3.259410824240807
cv_targets__stop,ADE_vs_original,easy,eu-locality-119,1323,1.7884061823915434,1.7884061823915434,0.0,3.150553623184178,3.401506256673579,3.150553623184178
cv_targets__stop,ADE_vs_original,easy,eu-locality-124,739,1.8885939617737348,1.8885939617737348,0.0,3.182185292260724,3.393621028775156,3.182185292260724
cv_targets__stop,ADE_vs_original,easy,eu-locality-126,2167,1.4142259801549124,1.4142259801549124,0.0,3.0173639779364585,3.368019730218118,3.0173639779364585
cv_targets__stop,ADE_vs_original,hard,eu-locality-007,1057,40.41726445668773,40.41726445668773,0.0,80.93538095486694,114.29072331500305,80.93538095486694
cv_targets__stop,ADE_vs_original,hard,eu-locality-074,26162,51.19900939741395,51.19900939741395,0.0,119.69191399634964,216.74619194656225,119.69191399634964
cv_targets__stop,ADE_vs_original,hard,eu-locality-082,245,48.12318225247312,48.12318225247312,0.0,102.89538275989119,169.5400402883042,102.89538275989119
cv_targets__stop,ADE_vs_original,hard,eu-locality-110,2779,78.73760419662281,78.73760419662281,0.0,227.4742146023239,408.3784087886384,227.4742146023239
cv_targets__stop,ADE_vs_original,hard,eu-locality-112,1522,59.27415753777463,59.27415753777463,0.0,157.08224360877819,272.4802531432175,157.08224360877819
cv_targets__stop,ADE_vs_original,hard,eu-locality-119,1922,70.16596480940154,70.16596480940154,0.0,175.76992045845242,274.8091526508623,175.76992045845242
cv_targets__stop,ADE_vs_original,hard,eu-locality-124,1375,98.04687062702293,98.04687062702293,0.0,277.5179890841983,454.9614884293962,277.5179890841983
cv_targets__stop,ADE_vs_original,hard,eu-locality-126,1386,64.47595683435031,64.47595683435031,0.0,150.6407980804362,231.2736903008077,150.6407980804362
cv_targets__stop,FDE_vs_floor,endpoint,eu-locality-007,3935,29.828564511166682,29.888556582698637,0.20071919955707562,102.96456780800754,178.8430245622791,102.630383216675
cv_targets__stop,FDE_vs_floor,endpoint,eu-locality-074,81289,41.42280681492869,41.49722543116477,0.17933395657867557,139.9105173045615,285.77755031045575,140.27423023814484
cv_targets__stop,FDE_vs_floor,endpoint,eu-locality-082,859,25.325819908935774,25.52238949469827,0.770184883368108,114.66976098816347,234.31504208196256,114.66976098816347
cv_targets__stop,FDE_vs_floor,endpoint,eu-locality-110,7204,58.32639394009073,58.38181863616509,0.09493485706528748,251.77304034955634,584.930399969669,251.77304034955634
cv_targets__stop,FDE_vs_floor,endpoint,eu-locality-112,3719,48.623500702980074,48.66719124471837,0.08977411808830382,180.28741648050087,420.67114394082915,180.28741648050087
cv_targets__stop,FDE_vs_floor,endpoint,eu-locality-119,4147,65.56561670845942,65.58221290238367,0.025305937676978196,270.5290560144782,484.5542592170748,270.5290560144782
cv_targets__stop,FDE_vs_floor,endpoint,eu-locality-124,2645,83.9628332915685,84.08831500026773,0.14922609484899763,381.9827743206876,749.8979417287693,381.9827743206876
cv_targets__stop,FDE_vs_floor,endpoint,eu-locality-126,4579,40.54765291370087,40.55384047391718,0.01525764303452748,185.86716972851187,367.4904107537943,185.86716972851187
cv_targets__stop,ADE_vs_CV,easy,eu-locality-007,1784,1.370968245556402,1.4116372489032123,2.880981171218633,3.1092839133041323,3.4226681152011182,3.1829165280653378
cv_targets__stop,ADE_vs_CV,easy,eu-locality-074,17176,1.9582130859816775,2.0345987086931556,3.754333588491332,3.2521362780910184,3.4297087478292427,3.3227202724286355
cv_targets__stop,ADE_vs_CV,easy,eu-locality-082,515,1.5569015269013406,1.6292457075972016,4.44034809228091,3.032126970856838,3.403722230149994,3.1617325949953337
cv_targets__stop,ADE_vs_CV,easy,eu-locality-110,2009,1.7549450725467626,1.8571965321602297,5.505688700297739,3.1245218448858734,3.382621184807573,3.2841980969419593
cv_targets__stop,ADE_vs_CV,easy,eu-locality-112,575,2.029075766787223,2.120126457156666,4.294587714902276,3.259410824240807,3.420794969283625,3.337428914790469
cv_targets__stop,ADE_vs_CV,easy,eu-locality-119,1323,1.7884061823915434,1.9039962115564375,6.0709169725923,3.150553623184178,3.401506256673579,3.27321556485438
cv_targets__stop,ADE_vs_CV,easy,eu-locality-124,739,1.8885939617737348,2.0089308960456713,5.9900982412488535,3.182185292260724,3.393621028775156,3.2764853371884692
cv_targets__stop,ADE_vs_CV,easy,eu-locality-126,2167,1.4142259801549124,1.49949345147157,5.686418385687386,3.0173639779364585,3.368019730218118,3.17156482441628
cv_targets__stop,matched_risk,all,eu-locality-007,5526,13.539430959116377,13.539430959116377,0.0,45.80191694195659,80.22724394770805,45.80191694195659
cv_targets__stop,matched_risk,all,eu-locality-074,102348,19.639575470778524,19.639575470778524,0.0,64.4476369010459,132.73311771750846,64.4476369010459
cv_targets__stop,matched_risk,all,eu-locality-082,1368,13.494594805193167,13.494594805193167,0.0,51.77887705037489,101.91283477915022,51.77887705037489
cv_targets__stop,matched_risk,all,eu-locality-110,8550,30.500589822690685,30.500589822690685,0.0,121.68449105426859,269.41776676755063,121.68449105426859
cv_targets__stop,matched_risk,all,eu-locality-112,5004,24.55338329609852,24.55338329609852,0.0,86.2710070848162,186.18759729912014,86.2710070848162
cv_targets__stop,matched_risk,all,eu-locality-119,5639,28.894650668567692,28.894650668567692,0.0,114.3522798565831,201.6878989025234,114.3522798565831
cv_targets__stop,matched_risk,all,eu-locality-124,3550,42.46472496316629,42.46472496316629,0.0,186.18276158812444,344.5055271166482,186.18276158812444
cv_targets__stop,matched_risk,all,eu-locality-126,5790,19.778677633231915,19.778677633231915,0.0,86.35315067436316,157.09863889864567,86.35315067436316
cv_targets__stop,matched_risk,easy,eu-locality-007,1784,1.370968245556402,1.370968245556402,0.0,3.1092839133041323,3.4226681152011182,3.1092839133041323
cv_targets__stop,matched_risk,easy,eu-locality-074,17176,1.9582130859816775,1.9582130859816775,0.0,3.2521362780910184,3.4297087478292427,3.2521362780910184
cv_targets__stop,matched_risk,easy,eu-locality-082,515,1.5569015269013406,1.5569015269013406,0.0,3.032126970856838,3.403722230149994,3.032126970856838
cv_targets__stop,matched_risk,easy,eu-locality-110,2009,1.7549450725467626,1.7549450725467626,0.0,3.1245218448858734,3.382621184807573,3.1245218448858734
cv_targets__stop,matched_risk,easy,eu-locality-112,575,2.029075766787223,2.029075766787223,0.0,3.259410824240807,3.420794969283625,3.259410824240807
cv_targets__stop,matched_risk,easy,eu-locality-119,1323,1.7884061823915434,1.7884061823915434,0.0,3.150553623184178,3.401506256673579,3.150553623184178
cv_targets__stop,matched_risk,easy,eu-locality-124,739,1.8885939617737348,1.8885939617737348,0.0,3.182185292260724,3.393621028775156,3.182185292260724
cv_targets__stop,matched_risk,easy,eu-locality-126,2167,1.4142259801549124,1.4142259801549124,0.0,3.0173639779364585,3.368019730218118,3.0173639779364585
cv_targets__stop,matched_risk,hard,eu-locality-007,1057,40.41726445668773,40.41726445668773,0.0,80.93538095486694,114.29072331500305,80.93538095486694
cv_targets__stop,matched_risk,hard,eu-locality-074,26162,51.19900939741395,51.19900939741395,0.0,119.69191399634964,216.74619194656225,119.69191399634964
cv_targets__stop,matched_risk,hard,eu-locality-082,245,48.12318225247312,48.12318225247312,0.0,102.89538275989119,169.5400402883042,102.89538275989119
cv_targets__stop,matched_risk,hard,eu-locality-110,2779,78.73760419662281,78.73760419662281,0.0,227.4742146023239,408.3784087886384,227.4742146023239
cv_targets__stop,matched_risk,hard,eu-locality-112,1522,59.27415753777463,59.27415753777463,0.0,157.08224360877819,272.4802531432175,157.08224360877819
cv_targets__stop,matched_risk,hard,eu-locality-119,1922,70.16596480940154,70.16596480940154,0.0,175.76992045845242,274.8091526508623,175.76992045845242
cv_targets__stop,matched_risk,hard,eu-locality-124,1375,98.04687062702293,98.04687062702293,0.0,277.5179890841983,454.9614884293962,277.5179890841983
cv_targets__stop,matched_risk,hard,eu-locality-126,1386,64.47595683435031,64.47595683435031,0.0,150.6407980804362,231.2736903008077,150.6407980804362
cv_targets__stop,matched_risk,complete,eu-locality-007,2882,13.62456014508976,13.62456014508976,0.0,47.50708454425716,79.58424742220402,47.50708454425716
cv_targets__stop,matched_risk,complete,eu-locality-074,67309,19.418077836731978,19.418077836731978,0.0,63.4011726711236,131.15505879358042,63.4011726711236
cv_targets__stop,matched_risk,complete,eu-locality-082,582,10.37773516438177,10.37773516438177,0.0,48.54354095099604,88.77064559267427,48.54354095099604
cv_targets__stop,matched_risk,complete,eu-locality-110,5804,28.44615975937774,28.44615975937774,0.0,118.53171704139565,272.8161773812056,118.53171704139565
cv_targets__stop,matched_risk,complete,eu-locality-112,2417,20.979366116603888,20.979366116603888,0.0,70.63131723055629,171.1830006493205,70.63131723055629
cv_targets__stop,matched_risk,complete,eu-locality-119,3148,28.515799870759736,28.515799870759736,0.0,111.844506586388,205.2067029563877,111.844506586388
cv_targets__stop,matched_risk,complete,eu-locality-124,2077,38.43570021745974,38.43570021745974,0.0,177.32650540365142,316.4037738037055,177.32650540365142
cv_targets__stop,matched_risk,complete,eu-locality-126,3637,19.4859971987137,19.4859971987137,0.0,85.5211371225543,163.85887416785963,85.5211371225543
cv_targets__stop,matched_random,all,eu-locality-007,5526,13.539430959116377,13.539430959116377,0.0,45.80191694195659,80.22724394770805,45.80191694195659
cv_targets__stop,matched_random,all,eu-locality-074,102348,19.639575470778524,19.639575470778524,0.0,64.4476369010459,132.73311771750846,64.4476369010459
cv_targets__stop,matched_random,all,eu-locality-082,1368,13.494594805193167,13.494594805193167,0.0,51.77887705037489,101.91283477915022,51.77887705037489
cv_targets__stop,matched_random,all,eu-locality-110,8550,30.500589822690685,30.500589822690685,0.0,121.68449105426859,269.41776676755063,121.68449105426859
cv_targets__stop,matched_random,all,eu-locality-112,5004,24.55338329609852,24.55338329609852,0.0,86.2710070848162,186.18759729912014,86.2710070848162
cv_targets__stop,matched_random,all,eu-locality-119,5639,28.894650668567692,28.894650668567692,0.0,114.3522798565831,201.6878989025234,114.3522798565831
cv_targets__stop,matched_random,all,eu-locality-124,3550,42.46472496316629,42.46472496316629,0.0,186.18276158812444,344.5055271166482,186.18276158812444
cv_targets__stop,matched_random,all,eu-locality-126,5790,19.778677633231915,19.778677633231915,0.0,86.35315067436316,157.09863889864567,86.35315067436316
cv_targets__stop,matched_random,easy,eu-locality-007,1784,1.370968245556402,1.370968245556402,0.0,3.1092839133041323,3.4226681152011182,3.1092839133041323
cv_targets__stop,matched_random,easy,eu-locality-074,17176,1.9582130859816775,1.9582130859816775,0.0,3.2521362780910184,3.4297087478292427,3.2521362780910184
cv_targets__stop,matched_random,easy,eu-locality-082,515,1.5569015269013406,1.5569015269013406,0.0,3.032126970856838,3.403722230149994,3.032126970856838
cv_targets__stop,matched_random,easy,eu-locality-110,2009,1.7549450725467626,1.7549450725467626,0.0,3.1245218448858734,3.382621184807573,3.1245218448858734
cv_targets__stop,matched_random,easy,eu-locality-112,575,2.029075766787223,2.029075766787223,0.0,3.259410824240807,3.420794969283625,3.259410824240807
cv_targets__stop,matched_random,easy,eu-locality-119,1323,1.7884061823915434,1.7884061823915434,0.0,3.150553623184178,3.401506256673579,3.150553623184178
cv_targets__stop,matched_random,easy,eu-locality-124,739,1.8885939617737348,1.8885939617737348,0.0,3.182185292260724,3.393621028775156,3.182185292260724
cv_targets__stop,matched_random,easy,eu-locality-126,2167,1.4142259801549124,1.4142259801549124,0.0,3.0173639779364585,3.368019730218118,3.0173639779364585
cv_targets__stop,matched_random,hard,eu-locality-007,1057,40.41726445668773,40.41726445668773,0.0,80.93538095486694,114.29072331500305,80.93538095486694
cv_targets__stop,matched_random,hard,eu-locality-074,26162,51.19900939741395,51.19900939741395,0.0,119.69191399634964,216.74619194656225,119.69191399634964
cv_targets__stop,matched_random,hard,eu-locality-082,245,48.12318225247312,48.12318225247312,0.0,102.89538275989119,169.5400402883042,102.89538275989119
cv_targets__stop,matched_random,hard,eu-locality-110,2779,78.73760419662281,78.73760419662281,0.0,227.4742146023239,408.3784087886384,227.4742146023239
cv_targets__stop,matched_random,hard,eu-locality-112,1522,59.27415753777463,59.27415753777463,0.0,157.08224360877819,272.4802531432175,157.08224360877819
cv_targets__stop,matched_random,hard,eu-locality-119,1922,70.16596480940154,70.16596480940154,0.0,175.76992045845242,274.8091526508623,175.76992045845242
cv_targets__stop,matched_random,hard,eu-locality-124,1375,98.04687062702293,98.04687062702293,0.0,277.5179890841983,454.9614884293962,277.5179890841983
cv_targets__stop,matched_random,hard,eu-locality-126,1386,64.47595683435031,64.47595683435031,0.0,150.6407980804362,231.2736903008077,150.6407980804362
cv_targets__stop,matched_random,complete,eu-locality-007,2882,13.62456014508976,13.62456014508976,0.0,47.50708454425716,79.58424742220402,47.50708454425716
cv_targets__stop,matched_random,complete,eu-locality-074,67309,19.418077836731978,19.418077836731978,0.0,63.4011726711236,131.15505879358042,63.4011726711236
cv_targets__stop,matched_random,complete,eu-locality-082,582,10.37773516438177,10.37773516438177,0.0,48.54354095099604,88.77064559267427,48.54354095099604
cv_targets__stop,matched_random,complete,eu-locality-110,5804,28.44615975937774,28.44615975937774,0.0,118.53171704139565,272.8161773812056,118.53171704139565
cv_targets__stop,matched_random,complete,eu-locality-112,2417,20.979366116603888,20.979366116603888,0.0,70.63131723055629,171.1830006493205,70.63131723055629
cv_targets__stop,matched_random,complete,eu-locality-119,3148,28.515799870759736,28.515799870759736,0.0,111.844506586388,205.2067029563877,111.844506586388
cv_targets__stop,matched_random,complete,eu-locality-124,2077,38.43570021745974,38.43570021745974,0.0,177.32650540365142,316.4037738037055,177.32650540365142
cv_targets__stop,matched_random,complete,eu-locality-126,3637,19.4859971987137,19.4859971987137,0.0,85.5211371225543,163.85887416785963,85.5211371225543
cv_targets__stop_risk,ADE_vs_floor,all,eu-locality-007,5526,13.539430959116377,13.571456426657702,0.2359766449120393,45.80191694195659,80.22724394770805,45.83062605295613
cv_targets__stop_risk,ADE_vs_floor,all,eu-locality-074,102348,19.639575470778524,19.680252048687063,0.20668728128028224,64.4476369010459,132.73311771750846,64.60111806709888
cv_targets__stop_risk,ADE_vs_floor,all,eu-locality-082,1368,13.494594805193167,13.580833430361215,0.6350024511401098,51.77887705037489,101.91283477915022,51.77887705037489
cv_targets__stop_risk,ADE_vs_floor,all,eu-locality-110,8550,30.500589822690685,30.56006396751505,0.1946139408856684,121.68449105426859,269.41776676755063,121.9052045177577
cv_targets__stop_risk,ADE_vs_floor,all,eu-locality-112,5004,24.55338329609852,24.592755728578894,0.16009768451699102,86.2710070848162,186.18759729912014,86.2710070848162
cv_targets__stop_risk,ADE_vs_floor,all,eu-locality-119,5639,28.894650668567692,28.90245639943102,0.02700715383998631,114.3522798565831,201.6878989025234,114.3522798565831
cv_targets__stop_risk,ADE_vs_floor,all,eu-locality-124,3550,42.46472496316629,42.52091593022507,0.13214900438878185,186.18276158812444,344.5055271166482,186.18276158812444
cv_targets__stop_risk,ADE_vs_floor,all,eu-locality-126,5790,19.778677633231915,19.78147939556481,0.014163563183866579,86.35315067436316,157.09863889864567,86.35315067436316
cv_targets__stop_risk,ADE_vs_floor,easy,eu-locality-007,1784,1.370968245556402,1.3775615757120319,0.47862326242816833,3.1092839133041323,3.4226681152011182,3.1092839133041323
cv_targets__stop_risk,ADE_vs_floor,easy,eu-locality-074,17176,1.9582130859816775,1.961547141225197,0.16997069167743462,3.2521362780910184,3.4297087478292427,3.251506809424719
cv_targets__stop_risk,ADE_vs_floor,easy,eu-locality-082,515,1.5569015269013406,1.575300025710263,1.1679361714367342,3.032126970856838,3.403722230149994,3.0267587675843264
cv_targets__stop_risk,ADE_vs_floor,easy,eu-locality-110,2009,1.7549450725467626,1.7592923102432503,0.24710150048269375,3.1245218448858734,3.382621184807573,3.1245218448858734
cv_targets__stop_risk,ADE_vs_floor,easy,eu-locality-112,575,2.029075766787223,2.0370533471006134,0.39162353429502694,3.259410824240807,3.420794969283625,3.259410824240807
cv_targets__stop_risk,ADE_vs_floor,easy,eu-locality-119,1323,1.7884061823915434,1.8135436782216436,1.3860981751898094,3.150553623184178,3.401506256673579,3.152681264809638
cv_targets__stop_risk,ADE_vs_floor,easy,eu-locality-124,739,1.8885939617737348,1.9113394525639587,1.1900288438933204,3.182185292260724,3.393621028775156,3.182185292260724
cv_targets__stop_risk,ADE_vs_floor,easy,eu-locality-126,2167,1.4142259801549124,1.4178082409981645,0.2526618720124052,3.0173639779364585,3.368019730218118,3.026602969634056
cv_targets__stop_risk,ADE_vs_floor,hard,eu-locality-007,1057,40.41726445668773,40.48406329056549,0.16500031975130725,80.93538095486694,114.29072331500305,80.93538095486694
cv_targets__stop_risk,ADE_vs_floor,hard,eu-locality-074,26162,51.19900939741395,51.3170310418699,0.22998533247111652,119.69191399634964,216.74619194656225,120.73356434057523
cv_targets__stop_risk,ADE_vs_floor,hard,eu-locality-082,245,48.12318225247312,48.2662878754598,0.2964918772206615,102.89538275989119,169.5400402883042,102.89538275989119
cv_targets__stop_risk,ADE_vs_floor,hard,eu-locality-110,2779,78.73760419662281,78.8807295717048,0.1814452983119108,227.4742146023239,408.3784087886384,227.93329072835834
cv_targets__stop_risk,ADE_vs_floor,hard,eu-locality-112,1522,59.27415753777463,59.33181373883102,0.0971758613518725,157.08224360877819,272.4802531432175,157.81065006811522
cv_targets__stop_risk,ADE_vs_floor,hard,eu-locality-119,1922,70.16596480940154,70.16596480940154,0.0,175.76992045845242,274.8091526508623,175.76992045845242
cv_targets__stop_risk,ADE_vs_floor,hard,eu-locality-124,1375,98.04687062702293,98.04615603839234,-0.0007288288082385463,277.5179890841983,454.9614884293962,277.5179890841983
cv_targets__stop_risk,ADE_vs_floor,hard,eu-locality-126,1386,64.47595683435031,64.47595683435031,0.0,150.6407980804362,231.2736903008077,150.6407980804362
cv_targets__stop_risk,ADE_vs_floor,complete,eu-locality-007,2882,13.62456014508976,13.65246856543941,0.20442032307841362,47.50708454425716,79.58424742220402,47.6301953356149
cv_targets__stop_risk,ADE_vs_floor,complete,eu-locality-074,67309,19.418077836731978,19.452443841842047,0.17666677456817936,63.4011726711236,131.15505879358042,63.47625631914233
cv_targets__stop_risk,ADE_vs_floor,complete,eu-locality-082,582,10.37773516438177,10.467596402215777,0.8584706018564647,48.54354095099604,88.77064559267427,48.19172118275565
cv_targets__stop_risk,ADE_vs_floor,complete,eu-locality-110,5804,28.44615975937774,28.483970812722102,0.1327450220791393,118.53171704139565,272.8161773812056,118.53171704139565
cv_targets__stop_risk,ADE_vs_floor,complete,eu-locality-112,2417,20.979366116603888,21.011237005741744,0.1516849728035896,70.63131723055629,171.1830006493205,70.63131723055629
cv_targets__stop_risk,ADE_vs_floor,complete,eu-locality-119,3148,28.515799870759736,28.52486855057138,0.03179218791338201,111.844506586388,205.2067029563877,111.844506586388
cv_targets__stop_risk,ADE_vs_floor,complete,eu-locality-124,2077,38.43570021745974,38.52083475074527,0.22100905610278332,177.32650540365142,316.4037738037055,177.32650540365142
cv_targets__stop_risk,ADE_vs_floor,complete,eu-locality-126,3637,19.4859971987137,19.48963565878005,0.018668692068180004,85.5211371225543,163.85887416785963,85.5211371225543
cv_targets__stop_risk,ADE_vs_original,all,eu-locality-007,5526,13.539430959116377,13.539430959116377,0.0,45.80191694195659,80.22724394770805,45.80191694195659
cv_targets__stop_risk,ADE_vs_original,all,eu-locality-074,102348,19.639575470778524,19.639575470778524,0.0,64.4476369010459,132.73311771750846,64.4476369010459
cv_targets__stop_risk,ADE_vs_original,all,eu-locality-082,1368,13.494594805193167,13.494594805193167,0.0,51.77887705037489,101.91283477915022,51.77887705037489
cv_targets__stop_risk,ADE_vs_original,all,eu-locality-110,8550,30.500589822690685,30.500589822690685,0.0,121.68449105426859,269.41776676755063,121.68449105426859
cv_targets__stop_risk,ADE_vs_original,all,eu-locality-112,5004,24.55338329609852,24.55338329609852,0.0,86.2710070848162,186.18759729912014,86.2710070848162
cv_targets__stop_risk,ADE_vs_original,all,eu-locality-119,5639,28.894650668567692,28.894650668567692,0.0,114.3522798565831,201.6878989025234,114.3522798565831
cv_targets__stop_risk,ADE_vs_original,all,eu-locality-124,3550,42.46472496316629,42.46472496316629,0.0,186.18276158812444,344.5055271166482,186.18276158812444
cv_targets__stop_risk,ADE_vs_original,all,eu-locality-126,5790,19.778677633231915,19.778677633231915,0.0,86.35315067436316,157.09863889864567,86.35315067436316
cv_targets__stop_risk,ADE_vs_original,easy,eu-locality-007,1784,1.370968245556402,1.370968245556402,0.0,3.1092839133041323,3.4226681152011182,3.1092839133041323
cv_targets__stop_risk,ADE_vs_original,easy,eu-locality-074,17176,1.9582130859816775,1.9582130859816775,0.0,3.2521362780910184,3.4297087478292427,3.2521362780910184
cv_targets__stop_risk,ADE_vs_original,easy,eu-locality-082,515,1.5569015269013406,1.5569015269013406,0.0,3.032126970856838,3.403722230149994,3.032126970856838
cv_targets__stop_risk,ADE_vs_original,easy,eu-locality-110,2009,1.7549450725467626,1.7549450725467626,0.0,3.1245218448858734,3.382621184807573,3.1245218448858734
cv_targets__stop_risk,ADE_vs_original,easy,eu-locality-112,575,2.029075766787223,2.029075766787223,0.0,3.259410824240807,3.420794969283625,3.259410824240807
cv_targets__stop_risk,ADE_vs_original,easy,eu-locality-119,1323,1.7884061823915434,1.7884061823915434,0.0,3.150553623184178,3.401506256673579,3.150553623184178
cv_targets__stop_risk,ADE_vs_original,easy,eu-locality-124,739,1.8885939617737348,1.8885939617737348,0.0,3.182185292260724,3.393621028775156,3.182185292260724
cv_targets__stop_risk,ADE_vs_original,easy,eu-locality-126,2167,1.4142259801549124,1.4142259801549124,0.0,3.0173639779364585,3.368019730218118,3.0173639779364585
cv_targets__stop_risk,ADE_vs_original,hard,eu-locality-007,1057,40.41726445668773,40.41726445668773,0.0,80.93538095486694,114.29072331500305,80.93538095486694
cv_targets__stop_risk,ADE_vs_original,hard,eu-locality-074,26162,51.19900939741395,51.19900939741395,0.0,119.69191399634964,216.74619194656225,119.69191399634964
cv_targets__stop_risk,ADE_vs_original,hard,eu-locality-082,245,48.12318225247312,48.12318225247312,0.0,102.89538275989119,169.5400402883042,102.89538275989119
cv_targets__stop_risk,ADE_vs_original,hard,eu-locality-110,2779,78.73760419662281,78.73760419662281,0.0,227.4742146023239,408.3784087886384,227.4742146023239
cv_targets__stop_risk,ADE_vs_original,hard,eu-locality-112,1522,59.27415753777463,59.27415753777463,0.0,157.08224360877819,272.4802531432175,157.08224360877819
cv_targets__stop_risk,ADE_vs_original,hard,eu-locality-119,1922,70.16596480940154,70.16596480940154,0.0,175.76992045845242,274.8091526508623,175.76992045845242
cv_targets__stop_risk,ADE_vs_original,hard,eu-locality-124,1375,98.04687062702293,98.04687062702293,0.0,277.5179890841983,454.9614884293962,277.5179890841983
cv_targets__stop_risk,ADE_vs_original,hard,eu-locality-126,1386,64.47595683435031,64.47595683435031,0.0,150.6407980804362,231.2736903008077,150.6407980804362
cv_targets__stop_risk,FDE_vs_floor,endpoint,eu-locality-007,3935,29.828564511166682,29.888556582698637,0.20071919955707562,102.96456780800754,178.8430245622791,102.630383216675
cv_targets__stop_risk,FDE_vs_floor,endpoint,eu-locality-074,81289,41.42280681492869,41.49722543116477,0.17933395657867557,139.9105173045615,285.77755031045575,140.27423023814484
cv_targets__stop_risk,FDE_vs_floor,endpoint,eu-locality-082,859,25.325819908935774,25.52238949469827,0.770184883368108,114.66976098816347,234.31504208196256,114.66976098816347
cv_targets__stop_risk,FDE_vs_floor,endpoint,eu-locality-110,7204,58.32639394009073,58.38181863616509,0.09493485706528748,251.77304034955634,584.930399969669,251.77304034955634
cv_targets__stop_risk,FDE_vs_floor,endpoint,eu-locality-112,3719,48.623500702980074,48.66719124471837,0.08977411808830382,180.28741648050087,420.67114394082915,180.28741648050087
cv_targets__stop_risk,FDE_vs_floor,endpoint,eu-locality-119,4147,65.56561670845942,65.58221290238367,0.025305937676978196,270.5290560144782,484.5542592170748,270.5290560144782
cv_targets__stop_risk,FDE_vs_floor,endpoint,eu-locality-124,2645,83.9628332915685,84.08831500026773,0.14922609484899763,381.9827743206876,749.8979417287693,381.9827743206876
cv_targets__stop_risk,FDE_vs_floor,endpoint,eu-locality-126,4579,40.54765291370087,40.55384047391718,0.01525764303452748,185.86716972851187,367.4904107537943,185.86716972851187
cv_targets__stop_risk,ADE_vs_CV,easy,eu-locality-007,1784,1.370968245556402,1.4116372489032123,2.880981171218633,3.1092839133041323,3.4226681152011182,3.1829165280653378
cv_targets__stop_risk,ADE_vs_CV,easy,eu-locality-074,17176,1.9582130859816775,2.0345987086931556,3.754333588491332,3.2521362780910184,3.4297087478292427,3.3227202724286355
cv_targets__stop_risk,ADE_vs_CV,easy,eu-locality-082,515,1.5569015269013406,1.6292457075972016,4.44034809228091,3.032126970856838,3.403722230149994,3.1617325949953337
cv_targets__stop_risk,ADE_vs_CV,easy,eu-locality-110,2009,1.7549450725467626,1.8571965321602297,5.505688700297739,3.1245218448858734,3.382621184807573,3.2841980969419593
cv_targets__stop_risk,ADE_vs_CV,easy,eu-locality-112,575,2.029075766787223,2.120126457156666,4.294587714902276,3.259410824240807,3.420794969283625,3.337428914790469
cv_targets__stop_risk,ADE_vs_CV,easy,eu-locality-119,1323,1.7884061823915434,1.9039962115564375,6.0709169725923,3.150553623184178,3.401506256673579,3.27321556485438
cv_targets__stop_risk,ADE_vs_CV,easy,eu-locality-124,739,1.8885939617737348,2.0089308960456713,5.9900982412488535,3.182185292260724,3.393621028775156,3.2764853371884692
cv_targets__stop_risk,ADE_vs_CV,easy,eu-locality-126,2167,1.4142259801549124,1.49949345147157,5.686418385687386,3.0173639779364585,3.368019730218118,3.17156482441628
cv_targets__stop_random,ADE_vs_floor,all,eu-locality-007,5526,13.539430959116377,13.571456426657702,0.2359766449120393,45.80191694195659,80.22724394770805,45.83062605295613
cv_targets__stop_random,ADE_vs_floor,all,eu-locality-074,102348,19.639575470778524,19.680252048687063,0.20668728128028224,64.4476369010459,132.73311771750846,64.60111806709888
cv_targets__stop_random,ADE_vs_floor,all,eu-locality-082,1368,13.494594805193167,13.580833430361215,0.6350024511401098,51.77887705037489,101.91283477915022,51.77887705037489
cv_targets__stop_random,ADE_vs_floor,all,eu-locality-110,8550,30.500589822690685,30.56006396751505,0.1946139408856684,121.68449105426859,269.41776676755063,121.9052045177577
cv_targets__stop_random,ADE_vs_floor,all,eu-locality-112,5004,24.55338329609852,24.592755728578894,0.16009768451699102,86.2710070848162,186.18759729912014,86.2710070848162
cv_targets__stop_random,ADE_vs_floor,all,eu-locality-119,5639,28.894650668567692,28.90245639943102,0.02700715383998631,114.3522798565831,201.6878989025234,114.3522798565831
cv_targets__stop_random,ADE_vs_floor,all,eu-locality-124,3550,42.46472496316629,42.52091593022507,0.13214900438878185,186.18276158812444,344.5055271166482,186.18276158812444
cv_targets__stop_random,ADE_vs_floor,all,eu-locality-126,5790,19.778677633231915,19.78147939556481,0.014163563183866579,86.35315067436316,157.09863889864567,86.35315067436316
cv_targets__stop_random,ADE_vs_floor,easy,eu-locality-007,1784,1.370968245556402,1.3775615757120319,0.47862326242816833,3.1092839133041323,3.4226681152011182,3.1092839133041323
cv_targets__stop_random,ADE_vs_floor,easy,eu-locality-074,17176,1.9582130859816775,1.961547141225197,0.16997069167743462,3.2521362780910184,3.4297087478292427,3.251506809424719
cv_targets__stop_random,ADE_vs_floor,easy,eu-locality-082,515,1.5569015269013406,1.575300025710263,1.1679361714367342,3.032126970856838,3.403722230149994,3.0267587675843264
cv_targets__stop_random,ADE_vs_floor,easy,eu-locality-110,2009,1.7549450725467626,1.7592923102432503,0.24710150048269375,3.1245218448858734,3.382621184807573,3.1245218448858734
cv_targets__stop_random,ADE_vs_floor,easy,eu-locality-112,575,2.029075766787223,2.0370533471006134,0.39162353429502694,3.259410824240807,3.420794969283625,3.259410824240807
cv_targets__stop_random,ADE_vs_floor,easy,eu-locality-119,1323,1.7884061823915434,1.8135436782216436,1.3860981751898094,3.150553623184178,3.401506256673579,3.152681264809638
cv_targets__stop_random,ADE_vs_floor,easy,eu-locality-124,739,1.8885939617737348,1.9113394525639587,1.1900288438933204,3.182185292260724,3.393621028775156,3.182185292260724
cv_targets__stop_random,ADE_vs_floor,easy,eu-locality-126,2167,1.4142259801549124,1.4178082409981645,0.2526618720124052,3.0173639779364585,3.368019730218118,3.026602969634056
cv_targets__stop_random,ADE_vs_floor,hard,eu-locality-007,1057,40.41726445668773,40.48406329056549,0.16500031975130725,80.93538095486694,114.29072331500305,80.93538095486694
cv_targets__stop_random,ADE_vs_floor,hard,eu-locality-074,26162,51.19900939741395,51.3170310418699,0.22998533247111652,119.69191399634964,216.74619194656225,120.73356434057523
cv_targets__stop_random,ADE_vs_floor,hard,eu-locality-082,245,48.12318225247312,48.2662878754598,0.2964918772206615,102.89538275989119,169.5400402883042,102.89538275989119
cv_targets__stop_random,ADE_vs_floor,hard,eu-locality-110,2779,78.73760419662281,78.8807295717048,0.1814452983119108,227.4742146023239,408.3784087886384,227.93329072835834
cv_targets__stop_random,ADE_vs_floor,hard,eu-locality-112,1522,59.27415753777463,59.33181373883102,0.0971758613518725,157.08224360877819,272.4802531432175,157.81065006811522
cv_targets__stop_random,ADE_vs_floor,hard,eu-locality-119,1922,70.16596480940154,70.16596480940154,0.0,175.76992045845242,274.8091526508623,175.76992045845242
cv_targets__stop_random,ADE_vs_floor,hard,eu-locality-124,1375,98.04687062702293,98.04615603839234,-0.0007288288082385463,277.5179890841983,454.9614884293962,277.5179890841983
cv_targets__stop_random,ADE_vs_floor,hard,eu-locality-126,1386,64.47595683435031,64.47595683435031,0.0,150.6407980804362,231.2736903008077,150.6407980804362
cv_targets__stop_random,ADE_vs_floor,complete,eu-locality-007,2882,13.62456014508976,13.65246856543941,0.20442032307841362,47.50708454425716,79.58424742220402,47.6301953356149
cv_targets__stop_random,ADE_vs_floor,complete,eu-locality-074,67309,19.418077836731978,19.452443841842047,0.17666677456817936,63.4011726711236,131.15505879358042,63.47625631914233
cv_targets__stop_random,ADE_vs_floor,complete,eu-locality-082,582,10.37773516438177,10.467596402215777,0.8584706018564647,48.54354095099604,88.77064559267427,48.19172118275565
cv_targets__stop_random,ADE_vs_floor,complete,eu-locality-110,5804,28.44615975937774,28.483970812722102,0.1327450220791393,118.53171704139565,272.8161773812056,118.53171704139565
cv_targets__stop_random,ADE_vs_floor,complete,eu-locality-112,2417,20.979366116603888,21.011237005741744,0.1516849728035896,70.63131723055629,171.1830006493205,70.63131723055629
cv_targets__stop_random,ADE_vs_floor,complete,eu-locality-119,3148,28.515799870759736,28.52486855057138,0.03179218791338201,111.844506586388,205.2067029563877,111.844506586388
cv_targets__stop_random,ADE_vs_floor,complete,eu-locality-124,2077,38.43570021745974,38.52083475074527,0.22100905610278332,177.32650540365142,316.4037738037055,177.32650540365142
cv_targets__stop_random,ADE_vs_floor,complete,eu-locality-126,3637,19.4859971987137,19.48963565878005,0.018668692068180004,85.5211371225543,163.85887416785963,85.5211371225543
cv_targets__stop_random,ADE_vs_original,all,eu-locality-007,5526,13.539430959116377,13.539430959116377,0.0,45.80191694195659,80.22724394770805,45.80191694195659
cv_targets__stop_random,ADE_vs_original,all,eu-locality-074,102348,19.639575470778524,19.639575470778524,0.0,64.4476369010459,132.73311771750846,64.4476369010459
cv_targets__stop_random,ADE_vs_original,all,eu-locality-082,1368,13.494594805193167,13.494594805193167,0.0,51.77887705037489,101.91283477915022,51.77887705037489
cv_targets__stop_random,ADE_vs_original,all,eu-locality-110,8550,30.500589822690685,30.500589822690685,0.0,121.68449105426859,269.41776676755063,121.68449105426859
cv_targets__stop_random,ADE_vs_original,all,eu-locality-112,5004,24.55338329609852,24.55338329609852,0.0,86.2710070848162,186.18759729912014,86.2710070848162
cv_targets__stop_random,ADE_vs_original,all,eu-locality-119,5639,28.894650668567692,28.894650668567692,0.0,114.3522798565831,201.6878989025234,114.3522798565831
cv_targets__stop_random,ADE_vs_original,all,eu-locality-124,3550,42.46472496316629,42.46472496316629,0.0,186.18276158812444,344.5055271166482,186.18276158812444
cv_targets__stop_random,ADE_vs_original,all,eu-locality-126,5790,19.778677633231915,19.778677633231915,0.0,86.35315067436316,157.09863889864567,86.35315067436316
cv_targets__stop_random,ADE_vs_original,easy,eu-locality-007,1784,1.370968245556402,1.370968245556402,0.0,3.1092839133041323,3.4226681152011182,3.1092839133041323
cv_targets__stop_random,ADE_vs_original,easy,eu-locality-074,17176,1.9582130859816775,1.9582130859816775,0.0,3.2521362780910184,3.4297087478292427,3.2521362780910184
cv_targets__stop_random,ADE_vs_original,easy,eu-locality-082,515,1.5569015269013406,1.5569015269013406,0.0,3.032126970856838,3.403722230149994,3.032126970856838
cv_targets__stop_random,ADE_vs_original,easy,eu-locality-110,2009,1.7549450725467626,1.7549450725467626,0.0,3.1245218448858734,3.382621184807573,3.1245218448858734
cv_targets__stop_random,ADE_vs_original,easy,eu-locality-112,575,2.029075766787223,2.029075766787223,0.0,3.259410824240807,3.420794969283625,3.259410824240807
cv_targets__stop_random,ADE_vs_original,easy,eu-locality-119,1323,1.7884061823915434,1.7884061823915434,0.0,3.150553623184178,3.401506256673579,3.150553623184178
cv_targets__stop_random,ADE_vs_original,easy,eu-locality-124,739,1.8885939617737348,1.8885939617737348,0.0,3.182185292260724,3.393621028775156,3.182185292260724
cv_targets__stop_random,ADE_vs_original,easy,eu-locality-126,2167,1.4142259801549124,1.4142259801549124,0.0,3.0173639779364585,3.368019730218118,3.0173639779364585
cv_targets__stop_random,ADE_vs_original,hard,eu-locality-007,1057,40.41726445668773,40.41726445668773,0.0,80.93538095486694,114.29072331500305,80.93538095486694
cv_targets__stop_random,ADE_vs_original,hard,eu-locality-074,26162,51.19900939741395,51.19900939741395,0.0,119.69191399634964,216.74619194656225,119.69191399634964
cv_targets__stop_random,ADE_vs_original,hard,eu-locality-082,245,48.12318225247312,48.12318225247312,0.0,102.89538275989119,169.5400402883042,102.89538275989119
cv_targets__stop_random,ADE_vs_original,hard,eu-locality-110,2779,78.73760419662281,78.73760419662281,0.0,227.4742146023239,408.3784087886384,227.4742146023239
cv_targets__stop_random,ADE_vs_original,hard,eu-locality-112,1522,59.27415753777463,59.27415753777463,0.0,157.08224360877819,272.4802531432175,157.08224360877819
cv_targets__stop_random,ADE_vs_original,hard,eu-locality-119,1922,70.16596480940154,70.16596480940154,0.0,175.76992045845242,274.8091526508623,175.76992045845242
cv_targets__stop_random,ADE_vs_original,hard,eu-locality-124,1375,98.04687062702293,98.04687062702293,0.0,277.5179890841983,454.9614884293962,277.5179890841983
cv_targets__stop_random,ADE_vs_original,hard,eu-locality-126,1386,64.47595683435031,64.47595683435031,0.0,150.6407980804362,231.2736903008077,150.6407980804362
cv_targets__stop_random,FDE_vs_floor,endpoint,eu-locality-007,3935,29.828564511166682,29.888556582698637,0.20071919955707562,102.96456780800754,178.8430245622791,102.630383216675
cv_targets__stop_random,FDE_vs_floor,endpoint,eu-locality-074,81289,41.42280681492869,41.49722543116477,0.17933395657867557,139.9105173045615,285.77755031045575,140.27423023814484
cv_targets__stop_random,FDE_vs_floor,endpoint,eu-locality-082,859,25.325819908935774,25.52238949469827,0.770184883368108,114.66976098816347,234.31504208196256,114.66976098816347
cv_targets__stop_random,FDE_vs_floor,endpoint,eu-locality-110,7204,58.32639394009073,58.38181863616509,0.09493485706528748,251.77304034955634,584.930399969669,251.77304034955634
cv_targets__stop_random,FDE_vs_floor,endpoint,eu-locality-112,3719,48.623500702980074,48.66719124471837,0.08977411808830382,180.28741648050087,420.67114394082915,180.28741648050087
cv_targets__stop_random,FDE_vs_floor,endpoint,eu-locality-119,4147,65.56561670845942,65.58221290238367,0.025305937676978196,270.5290560144782,484.5542592170748,270.5290560144782
cv_targets__stop_random,FDE_vs_floor,endpoint,eu-locality-124,2645,83.9628332915685,84.08831500026773,0.14922609484899763,381.9827743206876,749.8979417287693,381.9827743206876
cv_targets__stop_random,FDE_vs_floor,endpoint,eu-locality-126,4579,40.54765291370087,40.55384047391718,0.01525764303452748,185.86716972851187,367.4904107537943,185.86716972851187
cv_targets__stop_random,ADE_vs_CV,easy,eu-locality-007,1784,1.370968245556402,1.4116372489032123,2.880981171218633,3.1092839133041323,3.4226681152011182,3.1829165280653378
cv_targets__stop_random,ADE_vs_CV,easy,eu-locality-074,17176,1.9582130859816775,2.0345987086931556,3.754333588491332,3.2521362780910184,3.4297087478292427,3.3227202724286355
cv_targets__stop_random,ADE_vs_CV,easy,eu-locality-082,515,1.5569015269013406,1.6292457075972016,4.44034809228091,3.032126970856838,3.403722230149994,3.1617325949953337
cv_targets__stop_random,ADE_vs_CV,easy,eu-locality-110,2009,1.7549450725467626,1.8571965321602297,5.505688700297739,3.1245218448858734,3.382621184807573,3.2841980969419593
cv_targets__stop_random,ADE_vs_CV,easy,eu-locality-112,575,2.029075766787223,2.120126457156666,4.294587714902276,3.259410824240807,3.420794969283625,3.337428914790469
cv_targets__stop_random,ADE_vs_CV,easy,eu-locality-119,1323,1.7884061823915434,1.9039962115564375,6.0709169725923,3.150553623184178,3.401506256673579,3.27321556485438
cv_targets__stop_random,ADE_vs_CV,easy,eu-locality-124,739,1.8885939617737348,2.0089308960456713,5.9900982412488535,3.182185292260724,3.393621028775156,3.2764853371884692
cv_targets__stop_random,ADE_vs_CV,easy,eu-locality-126,2167,1.4142259801549124,1.49949345147157,5.686418385687386,3.0173639779364585,3.368019730218118,3.17156482441628
cv_targets__support,ADE_vs_floor,all,eu-locality-007,5526,13.534250273622192,13.571456426657702,0.2741500386239215,45.80191694195659,80.22724394770805,45.83062605295613
cv_targets__support,ADE_vs_floor,all,eu-locality-074,102348,19.661847397092835,19.680252048687063,0.09351837338615887,64.55839552406339,133.18548927574068,64.60111806709888
cv_targets__support,ADE_vs_floor,all,eu-locality-082,1368,13.505773537616202,13.580833430361215,0.5526898855648277,51.77887705037489,101.91283477915022,51.77887705037489
cv_targets__support,ADE_vs_floor,all,eu-locality-110,8550,30.54225205581098,30.56006396751505,0.05828492938693142,121.9052045177577,270.73137899676516,121.9052045177577
cv_targets__support,ADE_vs_floor,all,eu-locality-112,5004,24.559126673971893,24.592755728578894,0.1367437426620821,86.2710070848162,186.18759729912014,86.2710070848162
cv_targets__support,ADE_vs_floor,all,eu-locality-119,5639,28.895515613129305,28.90245639943102,0.024014520446957732,114.3522798565831,201.6878989025234,114.3522798565831
cv_targets__support,ADE_vs_floor,all,eu-locality-124,3550,42.476887053454575,42.52091593022507,0.10354639783100028,186.18276158812444,344.5055271166482,186.18276158812444
cv_targets__support,ADE_vs_floor,all,eu-locality-126,5790,19.778672458254306,19.78147939556481,0.014189723904733942,86.35315067436316,157.09863889864567,86.35315067436316
cv_targets__support,ADE_vs_floor,easy,eu-locality-007,1784,1.3681504549248102,1.3775615757120319,0.6831724224274471,3.107079369503211,3.415136275877181,3.1092839133041323
cv_targets__support,ADE_vs_floor,easy,eu-locality-074,17176,1.958681212799336,1.961547141225197,0.14610550853603188,3.2521362780910184,3.4297087478292427,3.251506809424719
cv_targets__support,ADE_vs_floor,easy,eu-locality-082,515,1.5569015269013406,1.575300025710263,1.1679361714367342,3.032126970856838,3.403722230149994,3.0267587675843264
cv_targets__support,ADE_vs_floor,easy,eu-locality-110,2009,1.7549573988348561,1.7592923102432503,0.24640086148018936,3.1245218448858734,3.382621184807573,3.1245218448858734
cv_targets__support,ADE_vs_floor,easy,eu-locality-112,575,2.029075766787223,2.0370533471006134,0.39162353429502694,3.259410824240807,3.420794969283625,3.259410824240807
cv_targets__support,ADE_vs_floor,easy,eu-locality-119,1323,1.7920928206250604,1.8135436782216436,1.182814500371887,3.150553623184178,3.401506256673579,3.152681264809638
cv_targets__support,ADE_vs_floor,easy,eu-locality-124,739,1.8885939617737348,1.9113394525639587,1.1900288438933204,3.182185292260724,3.393621028775156,3.182185292260724
cv_targets__support,ADE_vs_floor,easy,eu-locality-126,2167,1.4142121531496752,1.4178082409981645,0.253637110047944,3.0173639779364585,3.368019730218118,3.026602969634056
cv_targets__support,ADE_vs_floor,hard,eu-locality-007,1057,40.40151948610993,40.48406329056549,0.20389209418806287,80.93538095486694,114.29072331500305,80.93538095486694
cv_targets__support,ADE_vs_floor,hard,eu-locality-074,26162,51.28252903935024,51.3170310418699,0.0672330448959868,120.54888068579524,217.00148078226107,120.73356434057523
cv_targets__support,ADE_vs_floor,hard,eu-locality-082,245,48.11238397769111,48.2662878754598,0.3188641690568983,102.89538275989119,169.5400402883042,102.89538275989119
cv_targets__support,ADE_vs_floor,hard,eu-locality-110,2779,78.86138399832633,78.8807295717048,0.02452509438428674,227.93329072835834,408.3784087886384,227.93329072835834
cv_targets__support,ADE_vs_floor,hard,eu-locality-112,1522,59.29304049630179,59.33181373883102,0.06534983525011695,157.81065006811522,272.4802531432175,157.81065006811522
cv_targets__support,ADE_vs_floor,hard,eu-locality-119,1922,70.16596480940154,70.16596480940154,0.0,175.76992045845242,274.8091526508623,175.76992045845242
cv_targets__support,ADE_vs_floor,hard,eu-locality-124,1375,98.04687062702293,98.04615603839234,-0.0007288288082385463,277.5179890841983,454.9614884293962,277.5179890841983
cv_targets__support,ADE_vs_floor,hard,eu-locality-126,1386,64.47595683435031,64.47595683435031,0.0,150.6407980804362,231.2736903008077,150.6407980804362
cv_targets__support,ADE_vs_floor,complete,eu-locality-007,2882,13.625612734777114,13.65246856543941,0.19671043762942153,47.50708454425716,79.58424742220402,47.6301953356149
cv_targets__support,ADE_vs_floor,complete,eu-locality-074,67309,19.435865995989086,19.452443841842047,0.08522243265548513,63.431675497489636,131.46535978788424,63.47625631914233
cv_targets__support,ADE_vs_floor,complete,eu-locality-082,582,10.373189498880752,10.467596402215777,0.9018966695643837,48.19172118275565,88.77064559267427,48.19172118275565
cv_targets__support,ADE_vs_floor,complete,eu-locality-110,5804,28.458940519203882,28.483970812722102,0.08787501462766967,118.53171704139565,272.8161773812056,118.53171704139565
cv_targets__support,ADE_vs_floor,complete,eu-locality-112,2417,20.979366116603888,21.011237005741744,0.1516849728035896,70.63131723055629,171.1830006493205,70.63131723055629
cv_targets__support,ADE_vs_floor,complete,eu-locality-119,3148,28.51658859772133,28.52486855057138,0.029027137619830334,111.844506586388,205.2067029563877,111.844506586388
cv_targets__support,ADE_vs_floor,complete,eu-locality-124,2077,38.45648761299339,38.52083475074527,0.16704502425310963,177.32650540365142,316.4037738037055,177.32650540365142
cv_targets__support,ADE_vs_floor,complete,eu-locality-126,3637,19.485988960297327,19.48963565878005,0.018710962824386446,85.5211371225543,163.85887416785963,85.5211371225543
cv_targets__support,ADE_vs_original,all,eu-locality-007,5526,13.534250273622192,13.539430959116377,0.038263687076867114,45.80191694195659,80.22724394770805,45.80191694195659
cv_targets__support,ADE_vs_original,all,eu-locality-074,102348,19.661847397092835,19.639575470778524,-0.1134032980878219,64.55839552406339,133.18548927574068,64.4476369010459
cv_targets__support,ADE_vs_original,all,eu-locality-082,1368,13.505773537616202,13.494594805193167,-0.082838592669221,51.77887705037489,101.91283477915022,51.77887705037489
cv_targets__support,ADE_vs_original,all,eu-locality-110,8550,30.54225205581098,30.500589822690685,-0.1365948441079068,121.9052045177577,270.73137899676516,121.68449105426859
cv_targets__support,ADE_vs_original,all,eu-locality-112,5004,24.559126673971893,24.55338329609852,-0.02339139093017195,86.2710070848162,186.18759729912014,86.2710070848162
cv_targets__support,ADE_vs_original,all,eu-locality-119,5639,28.895515613129305,28.894650668567692,-0.002993441836474098,114.3522798565831,201.6878989025234,114.3522798565831
cv_targets__support,ADE_vs_original,all,eu-locality-124,3550,42.476887053454575,42.46472496316629,-0.028640454633421797,186.18276158812444,344.5055271166482,186.18276158812444
cv_targets__support,ADE_vs_original,all,eu-locality-126,5790,19.778672458254306,19.778677633231915,2.6164426691899223e-05,86.35315067436316,157.09863889864567,86.35315067436316
cv_targets__support,ADE_vs_original,easy,eu-locality-007,1784,1.3681504549248102,1.370968245556402,0.20553288821421045,3.107079369503211,3.415136275877181,3.1092839133041323
cv_targets__support,ADE_vs_original,easy,eu-locality-074,17176,1.958681212799336,1.9582130859816775,-0.023905816022251614,3.2521362780910184,3.4297087478292427,3.2521362780910184
cv_targets__support,ADE_vs_original,easy,eu-locality-082,515,1.5569015269013406,1.5569015269013406,0.0,3.032126970856838,3.403722230149994,3.032126970856838
cv_targets__support,ADE_vs_original,easy,eu-locality-110,2009,1.7549573988348561,1.7549450725467626,-0.0007023745806300496,3.1245218448858734,3.382621184807573,3.1245218448858734
cv_targets__support,ADE_vs_original,easy,eu-locality-112,575,2.029075766787223,2.029075766787223,0.0,3.259410824240807,3.420794969283625,3.259410824240807
cv_targets__support,ADE_vs_original,easy,eu-locality-119,1323,1.7920928206250604,1.7884061823915434,-0.2061409913371559,3.150553623184178,3.401506256673579,3.150553623184178
cv_targets__support,ADE_vs_original,easy,eu-locality-124,739,1.8885939617737348,1.8885939617737348,0.0,3.182185292260724,3.393621028775156,3.182185292260724
cv_targets__support,ADE_vs_original,easy,eu-locality-126,2167,1.4142121531496752,1.4142259801549124,0.0009777083317175084,3.0173639779364585,3.368019730218118,3.0173639779364585
cv_targets__support,ADE_vs_original,hard,eu-locality-007,1057,40.40151948610993,40.41726445668773,0.03895605204718988,80.93538095486694,114.29072331500305,80.93538095486694
cv_targets__support,ADE_vs_original,hard,eu-locality-074,26162,51.28252903935024,51.19900939741395,-0.16312745679900598,120.54888068579524,217.00148078226107,119.69191399634964
cv_targets__support,ADE_vs_original,hard,eu-locality-082,245,48.11238397769111,48.12318225247312,0.022438821118186958,102.89538275989119,169.5400402883042,102.89538275989119
cv_targets__support,ADE_vs_original,hard,eu-locality-110,2779,78.86138399832633,78.73760419662281,-0.1572054458177652,227.93329072835834,408.3784087886384,227.4742146023239
cv_targets__support,ADE_vs_original,hard,eu-locality-112,1522,59.29304049630179,59.27415753777463,-0.0318569833997806,157.81065006811522,272.4802531432175,157.08224360877819
cv_targets__support,ADE_vs_original,hard,eu-locality-119,1922,70.16596480940154,70.16596480940154,0.0,175.76992045845242,274.8091526508623,175.76992045845242
cv_targets__support,ADE_vs_original,hard,eu-locality-124,1375,98.04687062702293,98.04687062702293,0.0,277.5179890841983,454.9614884293962,277.5179890841983
cv_targets__support,ADE_vs_original,hard,eu-locality-126,1386,64.47595683435031,64.47595683435031,0.0,150.6407980804362,231.2736903008077,150.6407980804362
cv_targets__support,FDE_vs_floor,endpoint,eu-locality-007,3935,29.826868258722428,29.888556582698637,0.20639445670628254,102.630383216675,178.8430245622791,102.630383216675
cv_targets__support,FDE_vs_floor,endpoint,eu-locality-074,81289,41.464007442936534,41.49722543116477,0.08004869695045214,140.25222867033568,286.21478549448835,140.27423023814484
cv_targets__support,FDE_vs_floor,endpoint,eu-locality-082,859,25.34101111120471,25.52238949469827,0.7106638018013034,114.66976098816347,234.31504208196256,114.66976098816347
cv_targets__support,FDE_vs_floor,endpoint,eu-locality-110,7204,58.34528324849878,58.38181863616509,0.06258007804450516,251.77304034955634,584.930399969669,251.77304034955634
cv_targets__support,FDE_vs_floor,endpoint,eu-locality-112,3719,48.623500702980074,48.66719124471837,0.08977411808830382,180.28741648050087,420.67114394082915,180.28741648050087
cv_targets__support,FDE_vs_floor,endpoint,eu-locality-119,4147,65.56687647340925,65.58221290238367,0.02338504343738501,270.5290560144782,484.5542592170748,270.5290560144782
cv_targets__support,FDE_vs_floor,endpoint,eu-locality-124,2645,83.98998997550162,84.08831500026773,0.11693066363120952,381.9827743206876,749.8979417287693,381.9827743206876
cv_targets__support,FDE_vs_floor,endpoint,eu-locality-126,4579,40.547636721507295,40.55384047391718,0.01529757067982862,185.86716972851187,367.4904107537943,185.86716972851187
cv_targets__support,ADE_vs_CV,easy,eu-locality-007,1784,1.3681504549248102,1.4116372489032123,3.0805926956227303,3.107079369503211,3.415136275877181,3.1829165280653378
cv_targets__support,ADE_vs_CV,easy,eu-locality-074,17176,1.958681212799336,2.0345987086931556,3.731325276549602,3.2521362780910184,3.4297087478292427,3.3227202724286355
cv_targets__support,ADE_vs_CV,easy,eu-locality-082,515,1.5569015269013406,1.6292457075972016,4.44034809228091,3.032126970856838,3.403722230149994,3.1617325949953337
cv_targets__support,ADE_vs_CV,easy,eu-locality-110,2009,1.7549573988348561,1.8571965321602297,5.50502499627502,3.1245218448858734,3.382621184807573,3.2841980969419593
cv_targets__support,ADE_vs_CV,easy,eu-locality-112,575,2.029075766787223,2.120126457156666,4.294587714902276,3.259410824240807,3.420794969283625,3.337428914790469
cv_targets__support,ADE_vs_CV,easy,eu-locality-119,1323,1.7920928206250604,1.9039962115564375,5.877290629685694,3.150553623184178,3.401506256673579,3.27321556485438
cv_targets__support,ADE_vs_CV,easy,eu-locality-124,739,1.8885939617737348,2.0089308960456713,5.9900982412488535,3.182185292260724,3.393621028775156,3.2764853371884692
cv_targets__support,ADE_vs_CV,easy,eu-locality-126,2167,1.4142121531496752,1.49949345147157,5.687340497432758,3.0173639779364585,3.368019730218118,3.17156482441628
cv_targets__support,matched_risk,all,eu-locality-007,5526,13.534250273622192,13.53422138861432,-0.0002134220140392884,45.80191694195659,80.22724394770805,45.80191694195659
cv_targets__support,matched_risk,all,eu-locality-074,102348,19.661847397092835,19.66185409828842,3.408221600498251e-05,64.55839552406339,133.18548927574068,64.55839552406339
cv_targets__support,matched_risk,all,eu-locality-082,1368,13.505773537616202,13.505773537616202,0.0,51.77887705037489,101.91283477915022,51.77887705037489
cv_targets__support,matched_risk,all,eu-locality-110,8550,30.54225205581098,30.54225205581098,0.0,121.9052045177577,270.73137899676516,121.9052045177577
cv_targets__support,matched_risk,all,eu-locality-112,5004,24.559126673971893,24.559126673971893,0.0,86.2710070848162,186.18759729912014,86.2710070848162
cv_targets__support,matched_risk,all,eu-locality-119,5639,28.895515613129305,28.895515613129305,0.0,114.3522798565831,201.6878989025234,114.3522798565831
cv_targets__support,matched_risk,all,eu-locality-124,3550,42.476887053454575,42.476887053454575,0.0,186.18276158812444,344.5055271166482,186.18276158812444
cv_targets__support,matched_risk,all,eu-locality-126,5790,19.778672458254306,19.778672458254306,0.0,86.35315067436316,157.09863889864567,86.35315067436316
cv_targets__support,matched_risk,easy,eu-locality-007,1784,1.3681504549248102,1.3680609826414605,-0.006540080046502084,3.107079369503211,3.415136275877181,3.107079369503211
cv_targets__support,matched_risk,easy,eu-locality-074,17176,1.958681212799336,1.95869940037655,0.0009285537745373773,3.2521362780910184,3.4297087478292427,3.2521362780910184
cv_targets__support,matched_risk,easy,eu-locality-082,515,1.5569015269013406,1.5569015269013406,0.0,3.032126970856838,3.403722230149994,3.032126970856838
cv_targets__support,matched_risk,easy,eu-locality-110,2009,1.7549573988348561,1.7549573988348561,0.0,3.1245218448858734,3.382621184807573,3.1245218448858734
cv_targets__support,matched_risk,easy,eu-locality-112,575,2.029075766787223,2.029075766787223,0.0,3.259410824240807,3.420794969283625,3.259410824240807
cv_targets__support,matched_risk,easy,eu-locality-119,1323,1.7920928206250604,1.7920928206250604,0.0,3.150553623184178,3.401506256673579,3.150553623184178
cv_targets__support,matched_risk,easy,eu-locality-124,739,1.8885939617737348,1.8885939617737348,0.0,3.182185292260724,3.393621028775156,3.182185292260724
cv_targets__support,matched_risk,easy,eu-locality-126,2167,1.4142121531496752,1.4142121531496752,0.0,3.0173639779364585,3.368019730218118,3.0173639779364585
cv_targets__support,matched_risk,hard,eu-locality-007,1057,40.40151948610993,40.40151948610993,0.0,80.93538095486694,114.29072331500305,80.93538095486694
cv_targets__support,matched_risk,hard,eu-locality-074,26162,51.28252903935024,51.28252903935024,0.0,120.54888068579524,217.00148078226107,120.54888068579524
cv_targets__support,matched_risk,hard,eu-locality-082,245,48.11238397769111,48.11238397769111,0.0,102.89538275989119,169.5400402883042,102.89538275989119
cv_targets__support,matched_risk,hard,eu-locality-110,2779,78.86138399832633,78.86138399832633,0.0,227.93329072835834,408.3784087886384,227.93329072835834
cv_targets__support,matched_risk,hard,eu-locality-112,1522,59.29304049630179,59.29304049630179,0.0,157.81065006811522,272.4802531432175,157.81065006811522
cv_targets__support,matched_risk,hard,eu-locality-119,1922,70.16596480940154,70.16596480940154,0.0,175.76992045845242,274.8091526508623,175.76992045845242
cv_targets__support,matched_risk,hard,eu-locality-124,1375,98.04687062702293,98.04687062702293,0.0,277.5179890841983,454.9614884293962,277.5179890841983
cv_targets__support,matched_risk,hard,eu-locality-126,1386,64.47595683435031,64.47595683435031,0.0,150.6407980804362,231.2736903008077,150.6407980804362
cv_targets__support,matched_risk,complete,eu-locality-007,2882,13.625612734777114,13.62555735012982,-0.00040647619667932844,47.50708454425716,79.58424742220402,47.50708454425716
cv_targets__support,matched_risk,complete,eu-locality-074,67309,19.435865995989086,19.43587658546551,5.448417198516964e-05,63.431675497489636,131.46535978788424,63.431675497489636
cv_targets__support,matched_risk,complete,eu-locality-082,582,10.373189498880752,10.373189498880752,0.0,48.19172118275565,88.77064559267427,48.19172118275565
cv_targets__support,matched_risk,complete,eu-locality-110,5804,28.458940519203882,28.458940519203882,0.0,118.53171704139565,272.8161773812056,118.53171704139565
cv_targets__support,matched_risk,complete,eu-locality-112,2417,20.979366116603888,20.979366116603888,0.0,70.63131723055629,171.1830006493205,70.63131723055629
cv_targets__support,matched_risk,complete,eu-locality-119,3148,28.51658859772133,28.51658859772133,0.0,111.844506586388,205.2067029563877,111.844506586388
cv_targets__support,matched_risk,complete,eu-locality-124,2077,38.45648761299339,38.45648761299339,0.0,177.32650540365142,316.4037738037055,177.32650540365142
cv_targets__support,matched_risk,complete,eu-locality-126,3637,19.485988960297327,19.485988960297327,0.0,85.5211371225543,163.85887416785963,85.5211371225543
cv_targets__support,matched_random,all,eu-locality-007,5526,13.534250273622192,13.534250273622192,0.0,45.80191694195659,80.22724394770805,45.80191694195659
cv_targets__support,matched_random,all,eu-locality-074,102348,19.661847397092835,19.66185409828842,3.408221600498251e-05,64.55839552406339,133.18548927574068,64.55839552406339
cv_targets__support,matched_random,all,eu-locality-082,1368,13.505773537616202,13.505773537616202,0.0,51.77887705037489,101.91283477915022,51.77887705037489
cv_targets__support,matched_random,all,eu-locality-110,8550,30.54225205581098,30.54225205581098,0.0,121.9052045177577,270.73137899676516,121.9052045177577
cv_targets__support,matched_random,all,eu-locality-112,5004,24.559126673971893,24.559126673971893,0.0,86.2710070848162,186.18759729912014,86.2710070848162
cv_targets__support,matched_random,all,eu-locality-119,5639,28.895515613129305,28.895515613129305,0.0,114.3522798565831,201.6878989025234,114.3522798565831
cv_targets__support,matched_random,all,eu-locality-124,3550,42.476887053454575,42.476887053454575,0.0,186.18276158812444,344.5055271166482,186.18276158812444
cv_targets__support,matched_random,all,eu-locality-126,5790,19.778672458254306,19.778672458254306,0.0,86.35315067436316,157.09863889864567,86.35315067436316
cv_targets__support,matched_random,easy,eu-locality-007,1784,1.3681504549248102,1.3681504549248102,0.0,3.107079369503211,3.415136275877181,3.107079369503211
cv_targets__support,matched_random,easy,eu-locality-074,17176,1.958681212799336,1.95869940037655,0.0009285537745373773,3.2521362780910184,3.4297087478292427,3.2521362780910184
cv_targets__support,matched_random,easy,eu-locality-082,515,1.5569015269013406,1.5569015269013406,0.0,3.032126970856838,3.403722230149994,3.032126970856838
cv_targets__support,matched_random,easy,eu-locality-110,2009,1.7549573988348561,1.7549573988348561,0.0,3.1245218448858734,3.382621184807573,3.1245218448858734
cv_targets__support,matched_random,easy,eu-locality-112,575,2.029075766787223,2.029075766787223,0.0,3.259410824240807,3.420794969283625,3.259410824240807
cv_targets__support,matched_random,easy,eu-locality-119,1323,1.7920928206250604,1.7920928206250604,0.0,3.150553623184178,3.401506256673579,3.150553623184178
cv_targets__support,matched_random,easy,eu-locality-124,739,1.8885939617737348,1.8885939617737348,0.0,3.182185292260724,3.393621028775156,3.182185292260724
cv_targets__support,matched_random,easy,eu-locality-126,2167,1.4142121531496752,1.4142121531496752,0.0,3.0173639779364585,3.368019730218118,3.0173639779364585
cv_targets__support,matched_random,hard,eu-locality-007,1057,40.40151948610993,40.40151948610993,0.0,80.93538095486694,114.29072331500305,80.93538095486694
cv_targets__support,matched_random,hard,eu-locality-074,26162,51.28252903935024,51.28252903935024,0.0,120.54888068579524,217.00148078226107,120.54888068579524
cv_targets__support,matched_random,hard,eu-locality-082,245,48.11238397769111,48.11238397769111,0.0,102.89538275989119,169.5400402883042,102.89538275989119
cv_targets__support,matched_random,hard,eu-locality-110,2779,78.86138399832633,78.86138399832633,0.0,227.93329072835834,408.3784087886384,227.93329072835834
cv_targets__support,matched_random,hard,eu-locality-112,1522,59.29304049630179,59.29304049630179,0.0,157.81065006811522,272.4802531432175,157.81065006811522
cv_targets__support,matched_random,hard,eu-locality-119,1922,70.16596480940154,70.16596480940154,0.0,175.76992045845242,274.8091526508623,175.76992045845242
cv_targets__support,matched_random,hard,eu-locality-124,1375,98.04687062702293,98.04687062702293,0.0,277.5179890841983,454.9614884293962,277.5179890841983
cv_targets__support,matched_random,hard,eu-locality-126,1386,64.47595683435031,64.47595683435031,0.0,150.6407980804362,231.2736903008077,150.6407980804362
cv_targets__support,matched_random,complete,eu-locality-007,2882,13.625612734777114,13.625612734777114,0.0,47.50708454425716,79.58424742220402,47.50708454425716
cv_targets__support,matched_random,complete,eu-locality-074,67309,19.435865995989086,19.43587658546551,5.448417198516964e-05,63.431675497489636,131.46535978788424,63.431675497489636
cv_targets__support,matched_random,complete,eu-locality-082,582,10.373189498880752,10.373189498880752,0.0,48.19172118275565,88.77064559267427,48.19172118275565
cv_targets__support,matched_random,complete,eu-locality-110,5804,28.458940519203882,28.458940519203882,0.0,118.53171704139565,272.8161773812056,118.53171704139565
cv_targets__support,matched_random,complete,eu-locality-112,2417,20.979366116603888,20.979366116603888,0.0,70.63131723055629,171.1830006493205,70.63131723055629
cv_targets__support,matched_random,complete,eu-locality-119,3148,28.51658859772133,28.51658859772133,0.0,111.844506586388,205.2067029563877,111.844506586388
cv_targets__support,matched_random,complete,eu-locality-124,2077,38.45648761299339,38.45648761299339,0.0,177.32650540365142,316.4037738037055,177.32650540365142
cv_targets__support,matched_random,complete,eu-locality-126,3637,19.485988960297327,19.485988960297327,0.0,85.5211371225543,163.85887416785963,85.5211371225543
cv_targets__support_risk,ADE_vs_floor,all,eu-locality-007,5526,13.53422138861432,13.571456426657702,0.27436287508718626,45.80191694195659,80.22724394770805,45.83062605295613
cv_targets__support_risk,ADE_vs_floor,all,eu-locality-074,102348,19.66185409828842,19.680252048687063,0.09348432303167842,64.55839552406339,133.18548927574068,64.60111806709888
cv_targets__support_risk,ADE_vs_floor,all,eu-locality-082,1368,13.505773537616202,13.580833430361215,0.5526898855648277,51.77887705037489,101.91283477915022,51.77887705037489
cv_targets__support_risk,ADE_vs_floor,all,eu-locality-110,8550,30.54225205581098,30.56006396751505,0.05828492938693142,121.9052045177577,270.73137899676516,121.9052045177577
cv_targets__support_risk,ADE_vs_floor,all,eu-locality-112,5004,24.559126673971893,24.592755728578894,0.1367437426620821,86.2710070848162,186.18759729912014,86.2710070848162
cv_targets__support_risk,ADE_vs_floor,all,eu-locality-119,5639,28.895515613129305,28.90245639943102,0.024014520446957732,114.3522798565831,201.6878989025234,114.3522798565831
cv_targets__support_risk,ADE_vs_floor,all,eu-locality-124,3550,42.476887053454575,42.52091593022507,0.10354639783100028,186.18276158812444,344.5055271166482,186.18276158812444
cv_targets__support_risk,ADE_vs_floor,all,eu-locality-126,5790,19.778672458254306,19.78147939556481,0.014189723904733942,86.35315067436316,157.09863889864567,86.35315067436316
cv_targets__support_risk,ADE_vs_floor,easy,eu-locality-007,1784,1.3680609826414605,1.3775615757120319,0.6896673976740875,3.107079369503211,3.415136275877181,3.1092839133041323
cv_targets__support_risk,ADE_vs_floor,easy,eu-locality-074,17176,1.95869940037655,1.961547141225197,0.1451783028201037,3.2521362780910184,3.4297087478292427,3.251506809424719
cv_targets__support_risk,ADE_vs_floor,easy,eu-locality-082,515,1.5569015269013406,1.575300025710263,1.1679361714367342,3.032126970856838,3.403722230149994,3.0267587675843264
cv_targets__support_risk,ADE_vs_floor,easy,eu-locality-110,2009,1.7549573988348561,1.7592923102432503,0.24640086148018936,3.1245218448858734,3.382621184807573,3.1245218448858734
cv_targets__support_risk,ADE_vs_floor,easy,eu-locality-112,575,2.029075766787223,2.0370533471006134,0.39162353429502694,3.259410824240807,3.420794969283625,3.259410824240807
cv_targets__support_risk,ADE_vs_floor,easy,eu-locality-119,1323,1.7920928206250604,1.8135436782216436,1.182814500371887,3.150553623184178,3.401506256673579,3.152681264809638
cv_targets__support_risk,ADE_vs_floor,easy,eu-locality-124,739,1.8885939617737348,1.9113394525639587,1.1900288438933204,3.182185292260724,3.393621028775156,3.182185292260724
cv_targets__support_risk,ADE_vs_floor,easy,eu-locality-126,2167,1.4142121531496752,1.4178082409981645,0.253637110047944,3.0173639779364585,3.368019730218118,3.026602969634056
cv_targets__support_risk,ADE_vs_floor,hard,eu-locality-007,1057,40.40151948610993,40.48406329056549,0.20389209418806287,80.93538095486694,114.29072331500305,80.93538095486694
cv_targets__support_risk,ADE_vs_floor,hard,eu-locality-074,26162,51.28252903935024,51.3170310418699,0.0672330448959868,120.54888068579524,217.00148078226107,120.73356434057523
cv_targets__support_risk,ADE_vs_floor,hard,eu-locality-082,245,48.11238397769111,48.2662878754598,0.3188641690568983,102.89538275989119,169.5400402883042,102.89538275989119
cv_targets__support_risk,ADE_vs_floor,hard,eu-locality-110,2779,78.86138399832633,78.8807295717048,0.02452509438428674,227.93329072835834,408.3784087886384,227.93329072835834
cv_targets__support_risk,ADE_vs_floor,hard,eu-locality-112,1522,59.29304049630179,59.33181373883102,0.06534983525011695,157.81065006811522,272.4802531432175,157.81065006811522
cv_targets__support_risk,ADE_vs_floor,hard,eu-locality-119,1922,70.16596480940154,70.16596480940154,0.0,175.76992045845242,274.8091526508623,175.76992045845242
cv_targets__support_risk,ADE_vs_floor,hard,eu-locality-124,1375,98.04687062702293,98.04615603839234,-0.0007288288082385463,277.5179890841983,454.9614884293962,277.5179890841983
cv_targets__support_risk,ADE_vs_floor,hard,eu-locality-126,1386,64.47595683435031,64.47595683435031,0.0,150.6407980804362,231.2736903008077,150.6407980804362
cv_targets__support_risk,ADE_vs_floor,complete,eu-locality-007,2882,13.62555735012982,13.65246856543941,0.19711611259602968,47.50708454425716,79.58424742220402,47.6301953356149
cv_targets__support_risk,ADE_vs_floor,complete,eu-locality-074,67309,19.43587658546551,19.452443841842047,0.08516799488659244,63.431675497489636,131.46535978788424,63.47625631914233
cv_targets__support_risk,ADE_vs_floor,complete,eu-locality-082,582,10.373189498880752,10.467596402215777,0.9018966695643837,48.19172118275565,88.77064559267427,48.19172118275565
cv_targets__support_risk,ADE_vs_floor,complete,eu-locality-110,5804,28.458940519203882,28.483970812722102,0.08787501462766967,118.53171704139565,272.8161773812056,118.53171704139565
cv_targets__support_risk,ADE_vs_floor,complete,eu-locality-112,2417,20.979366116603888,21.011237005741744,0.1516849728035896,70.63131723055629,171.1830006493205,70.63131723055629
cv_targets__support_risk,ADE_vs_floor,complete,eu-locality-119,3148,28.51658859772133,28.52486855057138,0.029027137619830334,111.844506586388,205.2067029563877,111.844506586388
cv_targets__support_risk,ADE_vs_floor,complete,eu-locality-124,2077,38.45648761299339,38.52083475074527,0.16704502425310963,177.32650540365142,316.4037738037055,177.32650540365142
cv_targets__support_risk,ADE_vs_floor,complete,eu-locality-126,3637,19.485988960297327,19.48963565878005,0.018710962824386446,85.5211371225543,163.85887416785963,85.5211371225543
cv_targets__support_risk,ADE_vs_original,all,eu-locality-007,5526,13.53422138861432,13.539430959116377,0.038477026972461026,45.80191694195659,80.22724394770805,45.80191694195659
cv_targets__support_risk,ADE_vs_original,all,eu-locality-074,102348,19.66185409828842,19.639575470778524,-0.11343741896581161,64.55839552406339,133.18548927574068,64.4476369010459
cv_targets__support_risk,ADE_vs_original,all,eu-locality-082,1368,13.505773537616202,13.494594805193167,-0.082838592669221,51.77887705037489,101.91283477915022,51.77887705037489
cv_targets__support_risk,ADE_vs_original,all,eu-locality-110,8550,30.54225205581098,30.500589822690685,-0.1365948441079068,121.9052045177577,270.73137899676516,121.68449105426859
cv_targets__support_risk,ADE_vs_original,all,eu-locality-112,5004,24.559126673971893,24.55338329609852,-0.02339139093017195,86.2710070848162,186.18759729912014,86.2710070848162
cv_targets__support_risk,ADE_vs_original,all,eu-locality-119,5639,28.895515613129305,28.894650668567692,-0.002993441836474098,114.3522798565831,201.6878989025234,114.3522798565831
cv_targets__support_risk,ADE_vs_original,all,eu-locality-124,3550,42.476887053454575,42.46472496316629,-0.028640454633421797,186.18276158812444,344.5055271166482,186.18276158812444
cv_targets__support_risk,ADE_vs_original,all,eu-locality-126,5790,19.778672458254306,19.778677633231915,2.6164426691899223e-05,86.35315067436316,157.09863889864567,86.35315067436316
cv_targets__support_risk,ADE_vs_original,easy,eu-locality-007,1784,1.3680609826414605,1.370968245556402,0.21205909942587642,3.107079369503211,3.415136275877181,3.1092839133041323
cv_targets__support_risk,ADE_vs_original,easy,eu-locality-074,17176,1.95869940037655,1.9582130859816775,-0.024834600399414875,3.2521362780910184,3.4297087478292427,3.2521362780910184
cv_targets__support_risk,ADE_vs_original,easy,eu-locality-082,515,1.5569015269013406,1.5569015269013406,0.0,3.032126970856838,3.403722230149994,3.032126970856838
cv_targets__support_risk,ADE_vs_original,easy,eu-locality-110,2009,1.7549573988348561,1.7549450725467626,-0.0007023745806300496,3.1245218448858734,3.382621184807573,3.1245218448858734
cv_targets__support_risk,ADE_vs_original,easy,eu-locality-112,575,2.029075766787223,2.029075766787223,0.0,3.259410824240807,3.420794969283625,3.259410824240807
cv_targets__support_risk,ADE_vs_original,easy,eu-locality-119,1323,1.7920928206250604,1.7884061823915434,-0.2061409913371559,3.150553623184178,3.401506256673579,3.150553623184178
cv_targets__support_risk,ADE_vs_original,easy,eu-locality-124,739,1.8885939617737348,1.8885939617737348,0.0,3.182185292260724,3.393621028775156,3.182185292260724
cv_targets__support_risk,ADE_vs_original,easy,eu-locality-126,2167,1.4142121531496752,1.4142259801549124,0.0009777083317175084,3.0173639779364585,3.368019730218118,3.0173639779364585
cv_targets__support_risk,ADE_vs_original,hard,eu-locality-007,1057,40.40151948610993,40.41726445668773,0.03895605204718988,80.93538095486694,114.29072331500305,80.93538095486694
cv_targets__support_risk,ADE_vs_original,hard,eu-locality-074,26162,51.28252903935024,51.19900939741395,-0.16312745679900598,120.54888068579524,217.00148078226107,119.69191399634964
cv_targets__support_risk,ADE_vs_original,hard,eu-locality-082,245,48.11238397769111,48.12318225247312,0.022438821118186958,102.89538275989119,169.5400402883042,102.89538275989119
cv_targets__support_risk,ADE_vs_original,hard,eu-locality-110,2779,78.86138399832633,78.73760419662281,-0.1572054458177652,227.93329072835834,408.3784087886384,227.4742146023239
cv_targets__support_risk,ADE_vs_original,hard,eu-locality-112,1522,59.29304049630179,59.27415753777463,-0.0318569833997806,157.81065006811522,272.4802531432175,157.08224360877819
cv_targets__support_risk,ADE_vs_original,hard,eu-locality-119,1922,70.16596480940154,70.16596480940154,0.0,175.76992045845242,274.8091526508623,175.76992045845242
cv_targets__support_risk,ADE_vs_original,hard,eu-locality-124,1375,98.04687062702293,98.04687062702293,0.0,277.5179890841983,454.9614884293962,277.5179890841983
cv_targets__support_risk,ADE_vs_original,hard,eu-locality-126,1386,64.47595683435031,64.47595683435031,0.0,150.6407980804362,231.2736903008077,150.6407980804362
cv_targets__support_risk,FDE_vs_floor,endpoint,eu-locality-007,3935,29.82682825063443,29.888556582698637,0.20652831425100882,102.630383216675,178.8430245622791,102.630383216675
cv_targets__support_risk,FDE_vs_floor,endpoint,eu-locality-074,81289,41.46402459729686,41.49722543116477,0.08000735837865314,140.25222867033568,286.21478549448835,140.27423023814484
cv_targets__support_risk,FDE_vs_floor,endpoint,eu-locality-082,859,25.34101111120471,25.52238949469827,0.7106638018013034,114.66976098816347,234.31504208196256,114.66976098816347
cv_targets__support_risk,FDE_vs_floor,endpoint,eu-locality-110,7204,58.34528324849878,58.38181863616509,0.06258007804450516,251.77304034955634,584.930399969669,251.77304034955634
cv_targets__support_risk,FDE_vs_floor,endpoint,eu-locality-112,3719,48.623500702980074,48.66719124471837,0.08977411808830382,180.28741648050087,420.67114394082915,180.28741648050087
cv_targets__support_risk,FDE_vs_floor,endpoint,eu-locality-119,4147,65.56687647340925,65.58221290238367,0.02338504343738501,270.5290560144782,484.5542592170748,270.5290560144782
cv_targets__support_risk,FDE_vs_floor,endpoint,eu-locality-124,2645,83.98998997550162,84.08831500026773,0.11693066363120952,381.9827743206876,749.8979417287693,381.9827743206876
cv_targets__support_risk,FDE_vs_floor,endpoint,eu-locality-126,4579,40.547636721507295,40.55384047391718,0.01529757067982862,185.86716972851187,367.4904107537943,185.86716972851187
cv_targets__support_risk,ADE_vs_CV,easy,eu-locality-007,1784,1.3680609826414605,1.4116372489032123,3.0869308879181934,3.107079369503211,3.415136275877181,3.1829165280653378
cv_targets__support_risk,ADE_vs_CV,easy,eu-locality-074,17176,1.95869940037655,2.0345987086931556,3.730431361836284,3.2521362780910184,3.4297087478292427,3.3227202724286355
cv_targets__support_risk,ADE_vs_CV,easy,eu-locality-082,515,1.5569015269013406,1.6292457075972016,4.44034809228091,3.032126970856838,3.403722230149994,3.1617325949953337
cv_targets__support_risk,ADE_vs_CV,easy,eu-locality-110,2009,1.7549573988348561,1.8571965321602297,5.50502499627502,3.1245218448858734,3.382621184807573,3.2841980969419593
cv_targets__support_risk,ADE_vs_CV,easy,eu-locality-112,575,2.029075766787223,2.120126457156666,4.294587714902276,3.259410824240807,3.420794969283625,3.337428914790469
cv_targets__support_risk,ADE_vs_CV,easy,eu-locality-119,1323,1.7920928206250604,1.9039962115564375,5.877290629685694,3.150553623184178,3.401506256673579,3.27321556485438
cv_targets__support_risk,ADE_vs_CV,easy,eu-locality-124,739,1.8885939617737348,2.0089308960456713,5.9900982412488535,3.182185292260724,3.393621028775156,3.2764853371884692
cv_targets__support_risk,ADE_vs_CV,easy,eu-locality-126,2167,1.4142121531496752,1.49949345147157,5.687340497432758,3.0173639779364585,3.368019730218118,3.17156482441628
cv_targets__support_random,ADE_vs_floor,all,eu-locality-007,5526,13.534250273622192,13.571456426657702,0.2741500386239215,45.80191694195659,80.22724394770805,45.83062605295613
cv_targets__support_random,ADE_vs_floor,all,eu-locality-074,102348,19.66185409828842,19.680252048687063,0.09348432303167842,64.55839552406339,133.18548927574068,64.60111806709888
cv_targets__support_random,ADE_vs_floor,all,eu-locality-082,1368,13.505773537616202,13.580833430361215,0.5526898855648277,51.77887705037489,101.91283477915022,51.77887705037489
cv_targets__support_random,ADE_vs_floor,all,eu-locality-110,8550,30.54225205581098,30.56006396751505,0.05828492938693142,121.9052045177577,270.73137899676516,121.9052045177577
cv_targets__support_random,ADE_vs_floor,all,eu-locality-112,5004,24.559126673971893,24.592755728578894,0.1367437426620821,86.2710070848162,186.18759729912014,86.2710070848162
cv_targets__support_random,ADE_vs_floor,all,eu-locality-119,5639,28.895515613129305,28.90245639943102,0.024014520446957732,114.3522798565831,201.6878989025234,114.3522798565831
cv_targets__support_random,ADE_vs_floor,all,eu-locality-124,3550,42.476887053454575,42.52091593022507,0.10354639783100028,186.18276158812444,344.5055271166482,186.18276158812444
cv_targets__support_random,ADE_vs_floor,all,eu-locality-126,5790,19.778672458254306,19.78147939556481,0.014189723904733942,86.35315067436316,157.09863889864567,86.35315067436316
cv_targets__support_random,ADE_vs_floor,easy,eu-locality-007,1784,1.3681504549248102,1.3775615757120319,0.6831724224274471,3.107079369503211,3.415136275877181,3.1092839133041323
cv_targets__support_random,ADE_vs_floor,easy,eu-locality-074,17176,1.95869940037655,1.961547141225197,0.1451783028201037,3.2521362780910184,3.4297087478292427,3.251506809424719
cv_targets__support_random,ADE_vs_floor,easy,eu-locality-082,515,1.5569015269013406,1.575300025710263,1.1679361714367342,3.032126970856838,3.403722230149994,3.0267587675843264
cv_targets__support_random,ADE_vs_floor,easy,eu-locality-110,2009,1.7549573988348561,1.7592923102432503,0.24640086148018936,3.1245218448858734,3.382621184807573,3.1245218448858734
cv_targets__support_random,ADE_vs_floor,easy,eu-locality-112,575,2.029075766787223,2.0370533471006134,0.39162353429502694,3.259410824240807,3.420794969283625,3.259410824240807
cv_targets__support_random,ADE_vs_floor,easy,eu-locality-119,1323,1.7920928206250604,1.8135436782216436,1.182814500371887,3.150553623184178,3.401506256673579,3.152681264809638
cv_targets__support_random,ADE_vs_floor,easy,eu-locality-124,739,1.8885939617737348,1.9113394525639587,1.1900288438933204,3.182185292260724,3.393621028775156,3.182185292260724
cv_targets__support_random,ADE_vs_floor,easy,eu-locality-126,2167,1.4142121531496752,1.4178082409981645,0.253637110047944,3.0173639779364585,3.368019730218118,3.026602969634056
cv_targets__support_random,ADE_vs_floor,hard,eu-locality-007,1057,40.40151948610993,40.48406329056549,0.20389209418806287,80.93538095486694,114.29072331500305,80.93538095486694
cv_targets__support_random,ADE_vs_floor,hard,eu-locality-074,26162,51.28252903935024,51.3170310418699,0.0672330448959868,120.54888068579524,217.00148078226107,120.73356434057523
cv_targets__support_random,ADE_vs_floor,hard,eu-locality-082,245,48.11238397769111,48.2662878754598,0.3188641690568983,102.89538275989119,169.5400402883042,102.89538275989119
cv_targets__support_random,ADE_vs_floor,hard,eu-locality-110,2779,78.86138399832633,78.8807295717048,0.02452509438428674,227.93329072835834,408.3784087886384,227.93329072835834
cv_targets__support_random,ADE_vs_floor,hard,eu-locality-112,1522,59.29304049630179,59.33181373883102,0.06534983525011695,157.81065006811522,272.4802531432175,157.81065006811522
cv_targets__support_random,ADE_vs_floor,hard,eu-locality-119,1922,70.16596480940154,70.16596480940154,0.0,175.76992045845242,274.8091526508623,175.76992045845242
cv_targets__support_random,ADE_vs_floor,hard,eu-locality-124,1375,98.04687062702293,98.04615603839234,-0.0007288288082385463,277.5179890841983,454.9614884293962,277.5179890841983
cv_targets__support_random,ADE_vs_floor,hard,eu-locality-126,1386,64.47595683435031,64.47595683435031,0.0,150.6407980804362,231.2736903008077,150.6407980804362
cv_targets__support_random,ADE_vs_floor,complete,eu-locality-007,2882,13.625612734777114,13.65246856543941,0.19671043762942153,47.50708454425716,79.58424742220402,47.6301953356149
cv_targets__support_random,ADE_vs_floor,complete,eu-locality-074,67309,19.43587658546551,19.452443841842047,0.08516799488659244,63.431675497489636,131.46535978788424,63.47625631914233
cv_targets__support_random,ADE_vs_floor,complete,eu-locality-082,582,10.373189498880752,10.467596402215777,0.9018966695643837,48.19172118275565,88.77064559267427,48.19172118275565
cv_targets__support_random,ADE_vs_floor,complete,eu-locality-110,5804,28.458940519203882,28.483970812722102,0.08787501462766967,118.53171704139565,272.8161773812056,118.53171704139565
cv_targets__support_random,ADE_vs_floor,complete,eu-locality-112,2417,20.979366116603888,21.011237005741744,0.1516849728035896,70.63131723055629,171.1830006493205,70.63131723055629
cv_targets__support_random,ADE_vs_floor,complete,eu-locality-119,3148,28.51658859772133,28.52486855057138,0.029027137619830334,111.844506586388,205.2067029563877,111.844506586388
cv_targets__support_random,ADE_vs_floor,complete,eu-locality-124,2077,38.45648761299339,38.52083475074527,0.16704502425310963,177.32650540365142,316.4037738037055,177.32650540365142
cv_targets__support_random,ADE_vs_floor,complete,eu-locality-126,3637,19.485988960297327,19.48963565878005,0.018710962824386446,85.5211371225543,163.85887416785963,85.5211371225543
cv_targets__support_random,ADE_vs_original,all,eu-locality-007,5526,13.534250273622192,13.539430959116377,0.038263687076867114,45.80191694195659,80.22724394770805,45.80191694195659
cv_targets__support_random,ADE_vs_original,all,eu-locality-074,102348,19.66185409828842,19.639575470778524,-0.11343741896581161,64.55839552406339,133.18548927574068,64.4476369010459
cv_targets__support_random,ADE_vs_original,all,eu-locality-082,1368,13.505773537616202,13.494594805193167,-0.082838592669221,51.77887705037489,101.91283477915022,51.77887705037489
cv_targets__support_random,ADE_vs_original,all,eu-locality-110,8550,30.54225205581098,30.500589822690685,-0.1365948441079068,121.9052045177577,270.73137899676516,121.68449105426859
cv_targets__support_random,ADE_vs_original,all,eu-locality-112,5004,24.559126673971893,24.55338329609852,-0.02339139093017195,86.2710070848162,186.18759729912014,86.2710070848162
cv_targets__support_random,ADE_vs_original,all,eu-locality-119,5639,28.895515613129305,28.894650668567692,-0.002993441836474098,114.3522798565831,201.6878989025234,114.3522798565831
cv_targets__support_random,ADE_vs_original,all,eu-locality-124,3550,42.476887053454575,42.46472496316629,-0.028640454633421797,186.18276158812444,344.5055271166482,186.18276158812444
cv_targets__support_random,ADE_vs_original,all,eu-locality-126,5790,19.778672458254306,19.778677633231915,2.6164426691899223e-05,86.35315067436316,157.09863889864567,86.35315067436316
cv_targets__support_random,ADE_vs_original,easy,eu-locality-007,1784,1.3681504549248102,1.370968245556402,0.20553288821421045,3.107079369503211,3.415136275877181,3.1092839133041323
cv_targets__support_random,ADE_vs_original,easy,eu-locality-074,17176,1.95869940037655,1.9582130859816775,-0.024834600399414875,3.2521362780910184,3.4297087478292427,3.2521362780910184
cv_targets__support_random,ADE_vs_original,easy,eu-locality-082,515,1.5569015269013406,1.5569015269013406,0.0,3.032126970856838,3.403722230149994,3.032126970856838
cv_targets__support_random,ADE_vs_original,easy,eu-locality-110,2009,1.7549573988348561,1.7549450725467626,-0.0007023745806300496,3.1245218448858734,3.382621184807573,3.1245218448858734
cv_targets__support_random,ADE_vs_original,easy,eu-locality-112,575,2.029075766787223,2.029075766787223,0.0,3.259410824240807,3.420794969283625,3.259410824240807
cv_targets__support_random,ADE_vs_original,easy,eu-locality-119,1323,1.7920928206250604,1.7884061823915434,-0.2061409913371559,3.150553623184178,3.401506256673579,3.150553623184178
cv_targets__support_random,ADE_vs_original,easy,eu-locality-124,739,1.8885939617737348,1.8885939617737348,0.0,3.182185292260724,3.393621028775156,3.182185292260724
cv_targets__support_random,ADE_vs_original,easy,eu-locality-126,2167,1.4142121531496752,1.4142259801549124,0.0009777083317175084,3.0173639779364585,3.368019730218118,3.0173639779364585
cv_targets__support_random,ADE_vs_original,hard,eu-locality-007,1057,40.40151948610993,40.41726445668773,0.03895605204718988,80.93538095486694,114.29072331500305,80.93538095486694
cv_targets__support_random,ADE_vs_original,hard,eu-locality-074,26162,51.28252903935024,51.19900939741395,-0.16312745679900598,120.54888068579524,217.00148078226107,119.69191399634964
cv_targets__support_random,ADE_vs_original,hard,eu-locality-082,245,48.11238397769111,48.12318225247312,0.022438821118186958,102.89538275989119,169.5400402883042,102.89538275989119
cv_targets__support_random,ADE_vs_original,hard,eu-locality-110,2779,78.86138399832633,78.73760419662281,-0.1572054458177652,227.93329072835834,408.3784087886384,227.4742146023239
cv_targets__support_random,ADE_vs_original,hard,eu-locality-112,1522,59.29304049630179,59.27415753777463,-0.0318569833997806,157.81065006811522,272.4802531432175,157.08224360877819
cv_targets__support_random,ADE_vs_original,hard,eu-locality-119,1922,70.16596480940154,70.16596480940154,0.0,175.76992045845242,274.8091526508623,175.76992045845242
cv_targets__support_random,ADE_vs_original,hard,eu-locality-124,1375,98.04687062702293,98.04687062702293,0.0,277.5179890841983,454.9614884293962,277.5179890841983
cv_targets__support_random,ADE_vs_original,hard,eu-locality-126,1386,64.47595683435031,64.47595683435031,0.0,150.6407980804362,231.2736903008077,150.6407980804362
cv_targets__support_random,FDE_vs_floor,endpoint,eu-locality-007,3935,29.826868258722428,29.888556582698637,0.20639445670628254,102.630383216675,178.8430245622791,102.630383216675
cv_targets__support_random,FDE_vs_floor,endpoint,eu-locality-074,81289,41.46402459729686,41.49722543116477,0.08000735837865314,140.25222867033568,286.21478549448835,140.27423023814484
cv_targets__support_random,FDE_vs_floor,endpoint,eu-locality-082,859,25.34101111120471,25.52238949469827,0.7106638018013034,114.66976098816347,234.31504208196256,114.66976098816347
cv_targets__support_random,FDE_vs_floor,endpoint,eu-locality-110,7204,58.34528324849878,58.38181863616509,0.06258007804450516,251.77304034955634,584.930399969669,251.77304034955634
cv_targets__support_random,FDE_vs_floor,endpoint,eu-locality-112,3719,48.623500702980074,48.66719124471837,0.08977411808830382,180.28741648050087,420.67114394082915,180.28741648050087
cv_targets__support_random,FDE_vs_floor,endpoint,eu-locality-119,4147,65.56687647340925,65.58221290238367,0.02338504343738501,270.5290560144782,484.5542592170748,270.5290560144782
cv_targets__support_random,FDE_vs_floor,endpoint,eu-locality-124,2645,83.98998997550162,84.08831500026773,0.11693066363120952,381.9827743206876,749.8979417287693,381.9827743206876
cv_targets__support_random,FDE_vs_floor,endpoint,eu-locality-126,4579,40.547636721507295,40.55384047391718,0.01529757067982862,185.86716972851187,367.4904107537943,185.86716972851187
cv_targets__support_random,ADE_vs_CV,easy,eu-locality-007,1784,1.3681504549248102,1.4116372489032123,3.0805926956227303,3.107079369503211,3.415136275877181,3.1829165280653378
cv_targets__support_random,ADE_vs_CV,easy,eu-locality-074,17176,1.95869940037655,2.0345987086931556,3.730431361836284,3.2521362780910184,3.4297087478292427,3.3227202724286355
cv_targets__support_random,ADE_vs_CV,easy,eu-locality-082,515,1.5569015269013406,1.6292457075972016,4.44034809228091,3.032126970856838,3.403722230149994,3.1617325949953337
cv_targets__support_random,ADE_vs_CV,easy,eu-locality-110,2009,1.7549573988348561,1.8571965321602297,5.50502499627502,3.1245218448858734,3.382621184807573,3.2841980969419593
cv_targets__support_random,ADE_vs_CV,easy,eu-locality-112,575,2.029075766787223,2.120126457156666,4.294587714902276,3.259410824240807,3.420794969283625,3.337428914790469
cv_targets__support_random,ADE_vs_CV,easy,eu-locality-119,1323,1.7920928206250604,1.9039962115564375,5.877290629685694,3.150553623184178,3.401506256673579,3.27321556485438
cv_targets__support_random,ADE_vs_CV,easy,eu-locality-124,739,1.8885939617737348,2.0089308960456713,5.9900982412488535,3.182185292260724,3.393621028775156,3.2764853371884692
cv_targets__support_random,ADE_vs_CV,easy,eu-locality-126,2167,1.4142121531496752,1.49949345147157,5.687340497432758,3.0173639779364585,3.368019730218118,3.17156482441628
cv_targets__combined,ADE_vs_floor,all,eu-locality-007,5526,13.534250273622192,13.571456426657702,0.2741500386239215,45.80191694195659,80.22724394770805,45.83062605295613
cv_targets__combined,ADE_vs_floor,all,eu-locality-074,102348,19.661847397092835,19.680252048687063,0.09351837338615887,64.55839552406339,133.18548927574068,64.60111806709888
cv_targets__combined,ADE_vs_floor,all,eu-locality-082,1368,13.505773537616202,13.580833430361215,0.5526898855648277,51.77887705037489,101.91283477915022,51.77887705037489
cv_targets__combined,ADE_vs_floor,all,eu-locality-110,8550,30.54225205581098,30.56006396751505,0.05828492938693142,121.9052045177577,270.73137899676516,121.9052045177577
cv_targets__combined,ADE_vs_floor,all,eu-locality-112,5004,24.559126673971893,24.592755728578894,0.1367437426620821,86.2710070848162,186.18759729912014,86.2710070848162
cv_targets__combined,ADE_vs_floor,all,eu-locality-119,5639,28.895515613129305,28.90245639943102,0.024014520446957732,114.3522798565831,201.6878989025234,114.3522798565831
cv_targets__combined,ADE_vs_floor,all,eu-locality-124,3550,42.476887053454575,42.52091593022507,0.10354639783100028,186.18276158812444,344.5055271166482,186.18276158812444
cv_targets__combined,ADE_vs_floor,all,eu-locality-126,5790,19.778672458254306,19.78147939556481,0.014189723904733942,86.35315067436316,157.09863889864567,86.35315067436316
cv_targets__combined,ADE_vs_floor,easy,eu-locality-007,1784,1.3681504549248102,1.3775615757120319,0.6831724224274471,3.107079369503211,3.415136275877181,3.1092839133041323
cv_targets__combined,ADE_vs_floor,easy,eu-locality-074,17176,1.958681212799336,1.961547141225197,0.14610550853603188,3.2521362780910184,3.4297087478292427,3.251506809424719
cv_targets__combined,ADE_vs_floor,easy,eu-locality-082,515,1.5569015269013406,1.575300025710263,1.1679361714367342,3.032126970856838,3.403722230149994,3.0267587675843264
cv_targets__combined,ADE_vs_floor,easy,eu-locality-110,2009,1.7549573988348561,1.7592923102432503,0.24640086148018936,3.1245218448858734,3.382621184807573,3.1245218448858734
cv_targets__combined,ADE_vs_floor,easy,eu-locality-112,575,2.029075766787223,2.0370533471006134,0.39162353429502694,3.259410824240807,3.420794969283625,3.259410824240807
cv_targets__combined,ADE_vs_floor,easy,eu-locality-119,1323,1.7920928206250604,1.8135436782216436,1.182814500371887,3.150553623184178,3.401506256673579,3.152681264809638
cv_targets__combined,ADE_vs_floor,easy,eu-locality-124,739,1.8885939617737348,1.9113394525639587,1.1900288438933204,3.182185292260724,3.393621028775156,3.182185292260724
cv_targets__combined,ADE_vs_floor,easy,eu-locality-126,2167,1.4142121531496752,1.4178082409981645,0.253637110047944,3.0173639779364585,3.368019730218118,3.026602969634056
cv_targets__combined,ADE_vs_floor,hard,eu-locality-007,1057,40.40151948610993,40.48406329056549,0.20389209418806287,80.93538095486694,114.29072331500305,80.93538095486694
cv_targets__combined,ADE_vs_floor,hard,eu-locality-074,26162,51.28252903935024,51.3170310418699,0.0672330448959868,120.54888068579524,217.00148078226107,120.73356434057523
cv_targets__combined,ADE_vs_floor,hard,eu-locality-082,245,48.11238397769111,48.2662878754598,0.3188641690568983,102.89538275989119,169.5400402883042,102.89538275989119
cv_targets__combined,ADE_vs_floor,hard,eu-locality-110,2779,78.86138399832633,78.8807295717048,0.02452509438428674,227.93329072835834,408.3784087886384,227.93329072835834
cv_targets__combined,ADE_vs_floor,hard,eu-locality-112,1522,59.29304049630179,59.33181373883102,0.06534983525011695,157.81065006811522,272.4802531432175,157.81065006811522
cv_targets__combined,ADE_vs_floor,hard,eu-locality-119,1922,70.16596480940154,70.16596480940154,0.0,175.76992045845242,274.8091526508623,175.76992045845242
cv_targets__combined,ADE_vs_floor,hard,eu-locality-124,1375,98.04687062702293,98.04615603839234,-0.0007288288082385463,277.5179890841983,454.9614884293962,277.5179890841983
cv_targets__combined,ADE_vs_floor,hard,eu-locality-126,1386,64.47595683435031,64.47595683435031,0.0,150.6407980804362,231.2736903008077,150.6407980804362
cv_targets__combined,ADE_vs_floor,complete,eu-locality-007,2882,13.625612734777114,13.65246856543941,0.19671043762942153,47.50708454425716,79.58424742220402,47.6301953356149
cv_targets__combined,ADE_vs_floor,complete,eu-locality-074,67309,19.435865995989086,19.452443841842047,0.08522243265548513,63.431675497489636,131.46535978788424,63.47625631914233
cv_targets__combined,ADE_vs_floor,complete,eu-locality-082,582,10.373189498880752,10.467596402215777,0.9018966695643837,48.19172118275565,88.77064559267427,48.19172118275565
cv_targets__combined,ADE_vs_floor,complete,eu-locality-110,5804,28.458940519203882,28.483970812722102,0.08787501462766967,118.53171704139565,272.8161773812056,118.53171704139565
cv_targets__combined,ADE_vs_floor,complete,eu-locality-112,2417,20.979366116603888,21.011237005741744,0.1516849728035896,70.63131723055629,171.1830006493205,70.63131723055629
cv_targets__combined,ADE_vs_floor,complete,eu-locality-119,3148,28.51658859772133,28.52486855057138,0.029027137619830334,111.844506586388,205.2067029563877,111.844506586388
cv_targets__combined,ADE_vs_floor,complete,eu-locality-124,2077,38.45648761299339,38.52083475074527,0.16704502425310963,177.32650540365142,316.4037738037055,177.32650540365142
cv_targets__combined,ADE_vs_floor,complete,eu-locality-126,3637,19.485988960297327,19.48963565878005,0.018710962824386446,85.5211371225543,163.85887416785963,85.5211371225543
cv_targets__combined,ADE_vs_original,all,eu-locality-007,5526,13.534250273622192,13.539430959116377,0.038263687076867114,45.80191694195659,80.22724394770805,45.80191694195659
cv_targets__combined,ADE_vs_original,all,eu-locality-074,102348,19.661847397092835,19.639575470778524,-0.1134032980878219,64.55839552406339,133.18548927574068,64.4476369010459
cv_targets__combined,ADE_vs_original,all,eu-locality-082,1368,13.505773537616202,13.494594805193167,-0.082838592669221,51.77887705037489,101.91283477915022,51.77887705037489
cv_targets__combined,ADE_vs_original,all,eu-locality-110,8550,30.54225205581098,30.500589822690685,-0.1365948441079068,121.9052045177577,270.73137899676516,121.68449105426859
cv_targets__combined,ADE_vs_original,all,eu-locality-112,5004,24.559126673971893,24.55338329609852,-0.02339139093017195,86.2710070848162,186.18759729912014,86.2710070848162
cv_targets__combined,ADE_vs_original,all,eu-locality-119,5639,28.895515613129305,28.894650668567692,-0.002993441836474098,114.3522798565831,201.6878989025234,114.3522798565831
cv_targets__combined,ADE_vs_original,all,eu-locality-124,3550,42.476887053454575,42.46472496316629,-0.028640454633421797,186.18276158812444,344.5055271166482,186.18276158812444
cv_targets__combined,ADE_vs_original,all,eu-locality-126,5790,19.778672458254306,19.778677633231915,2.6164426691899223e-05,86.35315067436316,157.09863889864567,86.35315067436316
cv_targets__combined,ADE_vs_original,easy,eu-locality-007,1784,1.3681504549248102,1.370968245556402,0.20553288821421045,3.107079369503211,3.415136275877181,3.1092839133041323
cv_targets__combined,ADE_vs_original,easy,eu-locality-074,17176,1.958681212799336,1.9582130859816775,-0.023905816022251614,3.2521362780910184,3.4297087478292427,3.2521362780910184
cv_targets__combined,ADE_vs_original,easy,eu-locality-082,515,1.5569015269013406,1.5569015269013406,0.0,3.032126970856838,3.403722230149994,3.032126970856838
cv_targets__combined,ADE_vs_original,easy,eu-locality-110,2009,1.7549573988348561,1.7549450725467626,-0.0007023745806300496,3.1245218448858734,3.382621184807573,3.1245218448858734
cv_targets__combined,ADE_vs_original,easy,eu-locality-112,575,2.029075766787223,2.029075766787223,0.0,3.259410824240807,3.420794969283625,3.259410824240807
cv_targets__combined,ADE_vs_original,easy,eu-locality-119,1323,1.7920928206250604,1.7884061823915434,-0.2061409913371559,3.150553623184178,3.401506256673579,3.150553623184178
cv_targets__combined,ADE_vs_original,easy,eu-locality-124,739,1.8885939617737348,1.8885939617737348,0.0,3.182185292260724,3.393621028775156,3.182185292260724
cv_targets__combined,ADE_vs_original,easy,eu-locality-126,2167,1.4142121531496752,1.4142259801549124,0.0009777083317175084,3.0173639779364585,3.368019730218118,3.0173639779364585
cv_targets__combined,ADE_vs_original,hard,eu-locality-007,1057,40.40151948610993,40.41726445668773,0.03895605204718988,80.93538095486694,114.29072331500305,80.93538095486694
cv_targets__combined,ADE_vs_original,hard,eu-locality-074,26162,51.28252903935024,51.19900939741395,-0.16312745679900598,120.54888068579524,217.00148078226107,119.69191399634964
cv_targets__combined,ADE_vs_original,hard,eu-locality-082,245,48.11238397769111,48.12318225247312,0.022438821118186958,102.89538275989119,169.5400402883042,102.89538275989119
cv_targets__combined,ADE_vs_original,hard,eu-locality-110,2779,78.86138399832633,78.73760419662281,-0.1572054458177652,227.93329072835834,408.3784087886384,227.4742146023239
cv_targets__combined,ADE_vs_original,hard,eu-locality-112,1522,59.29304049630179,59.27415753777463,-0.0318569833997806,157.81065006811522,272.4802531432175,157.08224360877819
cv_targets__combined,ADE_vs_original,hard,eu-locality-119,1922,70.16596480940154,70.16596480940154,0.0,175.76992045845242,274.8091526508623,175.76992045845242
cv_targets__combined,ADE_vs_original,hard,eu-locality-124,1375,98.04687062702293,98.04687062702293,0.0,277.5179890841983,454.9614884293962,277.5179890841983
cv_targets__combined,ADE_vs_original,hard,eu-locality-126,1386,64.47595683435031,64.47595683435031,0.0,150.6407980804362,231.2736903008077,150.6407980804362
cv_targets__combined,FDE_vs_floor,endpoint,eu-locality-007,3935,29.826868258722428,29.888556582698637,0.20639445670628254,102.630383216675,178.8430245622791,102.630383216675
cv_targets__combined,FDE_vs_floor,endpoint,eu-locality-074,81289,41.464007442936534,41.49722543116477,0.08004869695045214,140.25222867033568,286.21478549448835,140.27423023814484
cv_targets__combined,FDE_vs_floor,endpoint,eu-locality-082,859,25.34101111120471,25.52238949469827,0.7106638018013034,114.66976098816347,234.31504208196256,114.66976098816347
cv_targets__combined,FDE_vs_floor,endpoint,eu-locality-110,7204,58.34528324849878,58.38181863616509,0.06258007804450516,251.77304034955634,584.930399969669,251.77304034955634
cv_targets__combined,FDE_vs_floor,endpoint,eu-locality-112,3719,48.623500702980074,48.66719124471837,0.08977411808830382,180.28741648050087,420.67114394082915,180.28741648050087
cv_targets__combined,FDE_vs_floor,endpoint,eu-locality-119,4147,65.56687647340925,65.58221290238367,0.02338504343738501,270.5290560144782,484.5542592170748,270.5290560144782
cv_targets__combined,FDE_vs_floor,endpoint,eu-locality-124,2645,83.98998997550162,84.08831500026773,0.11693066363120952,381.9827743206876,749.8979417287693,381.9827743206876
cv_targets__combined,FDE_vs_floor,endpoint,eu-locality-126,4579,40.547636721507295,40.55384047391718,0.01529757067982862,185.86716972851187,367.4904107537943,185.86716972851187
cv_targets__combined,ADE_vs_CV,easy,eu-locality-007,1784,1.3681504549248102,1.4116372489032123,3.0805926956227303,3.107079369503211,3.415136275877181,3.1829165280653378
cv_targets__combined,ADE_vs_CV,easy,eu-locality-074,17176,1.958681212799336,2.0345987086931556,3.731325276549602,3.2521362780910184,3.4297087478292427,3.3227202724286355
cv_targets__combined,ADE_vs_CV,easy,eu-locality-082,515,1.5569015269013406,1.6292457075972016,4.44034809228091,3.032126970856838,3.403722230149994,3.1617325949953337
cv_targets__combined,ADE_vs_CV,easy,eu-locality-110,2009,1.7549573988348561,1.8571965321602297,5.50502499627502,3.1245218448858734,3.382621184807573,3.2841980969419593
cv_targets__combined,ADE_vs_CV,easy,eu-locality-112,575,2.029075766787223,2.120126457156666,4.294587714902276,3.259410824240807,3.420794969283625,3.337428914790469
cv_targets__combined,ADE_vs_CV,easy,eu-locality-119,1323,1.7920928206250604,1.9039962115564375,5.877290629685694,3.150553623184178,3.401506256673579,3.27321556485438
cv_targets__combined,ADE_vs_CV,easy,eu-locality-124,739,1.8885939617737348,2.0089308960456713,5.9900982412488535,3.182185292260724,3.393621028775156,3.2764853371884692
cv_targets__combined,ADE_vs_CV,easy,eu-locality-126,2167,1.4142121531496752,1.49949345147157,5.687340497432758,3.0173639779364585,3.368019730218118,3.17156482441628
cv_targets__combined,matched_risk,all,eu-locality-007,5526,13.534250273622192,13.53422138861432,-0.0002134220140392884,45.80191694195659,80.22724394770805,45.80191694195659
cv_targets__combined,matched_risk,all,eu-locality-074,102348,19.661847397092835,19.66185409828842,3.408221600498251e-05,64.55839552406339,133.18548927574068,64.55839552406339
cv_targets__combined,matched_risk,all,eu-locality-082,1368,13.505773537616202,13.505773537616202,0.0,51.77887705037489,101.91283477915022,51.77887705037489
cv_targets__combined,matched_risk,all,eu-locality-110,8550,30.54225205581098,30.54225205581098,0.0,121.9052045177577,270.73137899676516,121.9052045177577
cv_targets__combined,matched_risk,all,eu-locality-112,5004,24.559126673971893,24.559126673971893,0.0,86.2710070848162,186.18759729912014,86.2710070848162
cv_targets__combined,matched_risk,all,eu-locality-119,5639,28.895515613129305,28.895515613129305,0.0,114.3522798565831,201.6878989025234,114.3522798565831
cv_targets__combined,matched_risk,all,eu-locality-124,3550,42.476887053454575,42.476887053454575,0.0,186.18276158812444,344.5055271166482,186.18276158812444
cv_targets__combined,matched_risk,all,eu-locality-126,5790,19.778672458254306,19.778672458254306,0.0,86.35315067436316,157.09863889864567,86.35315067436316
cv_targets__combined,matched_risk,easy,eu-locality-007,1784,1.3681504549248102,1.3680609826414605,-0.006540080046502084,3.107079369503211,3.415136275877181,3.107079369503211
cv_targets__combined,matched_risk,easy,eu-locality-074,17176,1.958681212799336,1.95869940037655,0.0009285537745373773,3.2521362780910184,3.4297087478292427,3.2521362780910184
cv_targets__combined,matched_risk,easy,eu-locality-082,515,1.5569015269013406,1.5569015269013406,0.0,3.032126970856838,3.403722230149994,3.032126970856838
cv_targets__combined,matched_risk,easy,eu-locality-110,2009,1.7549573988348561,1.7549573988348561,0.0,3.1245218448858734,3.382621184807573,3.1245218448858734
cv_targets__combined,matched_risk,easy,eu-locality-112,575,2.029075766787223,2.029075766787223,0.0,3.259410824240807,3.420794969283625,3.259410824240807
cv_targets__combined,matched_risk,easy,eu-locality-119,1323,1.7920928206250604,1.7920928206250604,0.0,3.150553623184178,3.401506256673579,3.150553623184178
cv_targets__combined,matched_risk,easy,eu-locality-124,739,1.8885939617737348,1.8885939617737348,0.0,3.182185292260724,3.393621028775156,3.182185292260724
cv_targets__combined,matched_risk,easy,eu-locality-126,2167,1.4142121531496752,1.4142121531496752,0.0,3.0173639779364585,3.368019730218118,3.0173639779364585
cv_targets__combined,matched_risk,hard,eu-locality-007,1057,40.40151948610993,40.40151948610993,0.0,80.93538095486694,114.29072331500305,80.93538095486694
cv_targets__combined,matched_risk,hard,eu-locality-074,26162,51.28252903935024,51.28252903935024,0.0,120.54888068579524,217.00148078226107,120.54888068579524
cv_targets__combined,matched_risk,hard,eu-locality-082,245,48.11238397769111,48.11238397769111,0.0,102.89538275989119,169.5400402883042,102.89538275989119
cv_targets__combined,matched_risk,hard,eu-locality-110,2779,78.86138399832633,78.86138399832633,0.0,227.93329072835834,408.3784087886384,227.93329072835834
cv_targets__combined,matched_risk,hard,eu-locality-112,1522,59.29304049630179,59.29304049630179,0.0,157.81065006811522,272.4802531432175,157.81065006811522
cv_targets__combined,matched_risk,hard,eu-locality-119,1922,70.16596480940154,70.16596480940154,0.0,175.76992045845242,274.8091526508623,175.76992045845242
cv_targets__combined,matched_risk,hard,eu-locality-124,1375,98.04687062702293,98.04687062702293,0.0,277.5179890841983,454.9614884293962,277.5179890841983
cv_targets__combined,matched_risk,hard,eu-locality-126,1386,64.47595683435031,64.47595683435031,0.0,150.6407980804362,231.2736903008077,150.6407980804362
cv_targets__combined,matched_risk,complete,eu-locality-007,2882,13.625612734777114,13.62555735012982,-0.00040647619667932844,47.50708454425716,79.58424742220402,47.50708454425716
cv_targets__combined,matched_risk,complete,eu-locality-074,67309,19.435865995989086,19.43587658546551,5.448417198516964e-05,63.431675497489636,131.46535978788424,63.431675497489636
cv_targets__combined,matched_risk,complete,eu-locality-082,582,10.373189498880752,10.373189498880752,0.0,48.19172118275565,88.77064559267427,48.19172118275565
cv_targets__combined,matched_risk,complete,eu-locality-110,5804,28.458940519203882,28.458940519203882,0.0,118.53171704139565,272.8161773812056,118.53171704139565
cv_targets__combined,matched_risk,complete,eu-locality-112,2417,20.979366116603888,20.979366116603888,0.0,70.63131723055629,171.1830006493205,70.63131723055629
cv_targets__combined,matched_risk,complete,eu-locality-119,3148,28.51658859772133,28.51658859772133,0.0,111.844506586388,205.2067029563877,111.844506586388
cv_targets__combined,matched_risk,complete,eu-locality-124,2077,38.45648761299339,38.45648761299339,0.0,177.32650540365142,316.4037738037055,177.32650540365142
cv_targets__combined,matched_risk,complete,eu-locality-126,3637,19.485988960297327,19.485988960297327,0.0,85.5211371225543,163.85887416785963,85.5211371225543
cv_targets__combined,matched_random,all,eu-locality-007,5526,13.534250273622192,13.534250273622192,0.0,45.80191694195659,80.22724394770805,45.80191694195659
cv_targets__combined,matched_random,all,eu-locality-074,102348,19.661847397092835,19.66185409828842,3.408221600498251e-05,64.55839552406339,133.18548927574068,64.55839552406339
cv_targets__combined,matched_random,all,eu-locality-082,1368,13.505773537616202,13.505773537616202,0.0,51.77887705037489,101.91283477915022,51.77887705037489
cv_targets__combined,matched_random,all,eu-locality-110,8550,30.54225205581098,30.54225205581098,0.0,121.9052045177577,270.73137899676516,121.9052045177577
cv_targets__combined,matched_random,all,eu-locality-112,5004,24.559126673971893,24.559126673971893,0.0,86.2710070848162,186.18759729912014,86.2710070848162
cv_targets__combined,matched_random,all,eu-locality-119,5639,28.895515613129305,28.895515613129305,0.0,114.3522798565831,201.6878989025234,114.3522798565831
cv_targets__combined,matched_random,all,eu-locality-124,3550,42.476887053454575,42.476887053454575,0.0,186.18276158812444,344.5055271166482,186.18276158812444
cv_targets__combined,matched_random,all,eu-locality-126,5790,19.778672458254306,19.778672458254306,0.0,86.35315067436316,157.09863889864567,86.35315067436316
cv_targets__combined,matched_random,easy,eu-locality-007,1784,1.3681504549248102,1.3681504549248102,0.0,3.107079369503211,3.415136275877181,3.107079369503211
cv_targets__combined,matched_random,easy,eu-locality-074,17176,1.958681212799336,1.95869940037655,0.0009285537745373773,3.2521362780910184,3.4297087478292427,3.2521362780910184
cv_targets__combined,matched_random,easy,eu-locality-082,515,1.5569015269013406,1.5569015269013406,0.0,3.032126970856838,3.403722230149994,3.032126970856838
cv_targets__combined,matched_random,easy,eu-locality-110,2009,1.7549573988348561,1.7549573988348561,0.0,3.1245218448858734,3.382621184807573,3.1245218448858734
cv_targets__combined,matched_random,easy,eu-locality-112,575,2.029075766787223,2.029075766787223,0.0,3.259410824240807,3.420794969283625,3.259410824240807
cv_targets__combined,matched_random,easy,eu-locality-119,1323,1.7920928206250604,1.7920928206250604,0.0,3.150553623184178,3.401506256673579,3.150553623184178
cv_targets__combined,matched_random,easy,eu-locality-124,739,1.8885939617737348,1.8885939617737348,0.0,3.182185292260724,3.393621028775156,3.182185292260724
cv_targets__combined,matched_random,easy,eu-locality-126,2167,1.4142121531496752,1.4142121531496752,0.0,3.0173639779364585,3.368019730218118,3.0173639779364585
cv_targets__combined,matched_random,hard,eu-locality-007,1057,40.40151948610993,40.40151948610993,0.0,80.93538095486694,114.29072331500305,80.93538095486694
cv_targets__combined,matched_random,hard,eu-locality-074,26162,51.28252903935024,51.28252903935024,0.0,120.54888068579524,217.00148078226107,120.54888068579524
cv_targets__combined,matched_random,hard,eu-locality-082,245,48.11238397769111,48.11238397769111,0.0,102.89538275989119,169.5400402883042,102.89538275989119
cv_targets__combined,matched_random,hard,eu-locality-110,2779,78.86138399832633,78.86138399832633,0.0,227.93329072835834,408.3784087886384,227.93329072835834
cv_targets__combined,matched_random,hard,eu-locality-112,1522,59.29304049630179,59.29304049630179,0.0,157.81065006811522,272.4802531432175,157.81065006811522
cv_targets__combined,matched_random,hard,eu-locality-119,1922,70.16596480940154,70.16596480940154,0.0,175.76992045845242,274.8091526508623,175.76992045845242
cv_targets__combined,matched_random,hard,eu-locality-124,1375,98.04687062702293,98.04687062702293,0.0,277.5179890841983,454.9614884293962,277.5179890841983
cv_targets__combined,matched_random,hard,eu-locality-126,1386,64.47595683435031,64.47595683435031,0.0,150.6407980804362,231.2736903008077,150.6407980804362
cv_targets__combined,matched_random,complete,eu-locality-007,2882,13.625612734777114,13.625612734777114,0.0,47.50708454425716,79.58424742220402,47.50708454425716
cv_targets__combined,matched_random,complete,eu-locality-074,67309,19.435865995989086,19.43587658546551,5.448417198516964e-05,63.431675497489636,131.46535978788424,63.431675497489636
cv_targets__combined,matched_random,complete,eu-locality-082,582,10.373189498880752,10.373189498880752,0.0,48.19172118275565,88.77064559267427,48.19172118275565
cv_targets__combined,matched_random,complete,eu-locality-110,5804,28.458940519203882,28.458940519203882,0.0,118.53171704139565,272.8161773812056,118.53171704139565
cv_targets__combined,matched_random,complete,eu-locality-112,2417,20.979366116603888,20.979366116603888,0.0,70.63131723055629,171.1830006493205,70.63131723055629
cv_targets__combined,matched_random,complete,eu-locality-119,3148,28.51658859772133,28.51658859772133,0.0,111.844506586388,205.2067029563877,111.844506586388
cv_targets__combined,matched_random,complete,eu-locality-124,2077,38.45648761299339,38.45648761299339,0.0,177.32650540365142,316.4037738037055,177.32650540365142
cv_targets__combined,matched_random,complete,eu-locality-126,3637,19.485988960297327,19.485988960297327,0.0,85.5211371225543,163.85887416785963,85.5211371225543
cv_targets__combined_risk,ADE_vs_floor,all,eu-locality-007,5526,13.53422138861432,13.571456426657702,0.27436287508718626,45.80191694195659,80.22724394770805,45.83062605295613
cv_targets__combined_risk,ADE_vs_floor,all,eu-locality-074,102348,19.66185409828842,19.680252048687063,0.09348432303167842,64.55839552406339,133.18548927574068,64.60111806709888
cv_targets__combined_risk,ADE_vs_floor,all,eu-locality-082,1368,13.505773537616202,13.580833430361215,0.5526898855648277,51.77887705037489,101.91283477915022,51.77887705037489
cv_targets__combined_risk,ADE_vs_floor,all,eu-locality-110,8550,30.54225205581098,30.56006396751505,0.05828492938693142,121.9052045177577,270.73137899676516,121.9052045177577
cv_targets__combined_risk,ADE_vs_floor,all,eu-locality-112,5004,24.559126673971893,24.592755728578894,0.1367437426620821,86.2710070848162,186.18759729912014,86.2710070848162
cv_targets__combined_risk,ADE_vs_floor,all,eu-locality-119,5639,28.895515613129305,28.90245639943102,0.024014520446957732,114.3522798565831,201.6878989025234,114.3522798565831
cv_targets__combined_risk,ADE_vs_floor,all,eu-locality-124,3550,42.476887053454575,42.52091593022507,0.10354639783100028,186.18276158812444,344.5055271166482,186.18276158812444
cv_targets__combined_risk,ADE_vs_floor,all,eu-locality-126,5790,19.778672458254306,19.78147939556481,0.014189723904733942,86.35315067436316,157.09863889864567,86.35315067436316
cv_targets__combined_risk,ADE_vs_floor,easy,eu-locality-007,1784,1.3680609826414605,1.3775615757120319,0.6896673976740875,3.107079369503211,3.415136275877181,3.1092839133041323
cv_targets__combined_risk,ADE_vs_floor,easy,eu-locality-074,17176,1.95869940037655,1.961547141225197,0.1451783028201037,3.2521362780910184,3.4297087478292427,3.251506809424719
cv_targets__combined_risk,ADE_vs_floor,easy,eu-locality-082,515,1.5569015269013406,1.575300025710263,1.1679361714367342,3.032126970856838,3.403722230149994,3.0267587675843264
cv_targets__combined_risk,ADE_vs_floor,easy,eu-locality-110,2009,1.7549573988348561,1.7592923102432503,0.24640086148018936,3.1245218448858734,3.382621184807573,3.1245218448858734
cv_targets__combined_risk,ADE_vs_floor,easy,eu-locality-112,575,2.029075766787223,2.0370533471006134,0.39162353429502694,3.259410824240807,3.420794969283625,3.259410824240807
cv_targets__combined_risk,ADE_vs_floor,easy,eu-locality-119,1323,1.7920928206250604,1.8135436782216436,1.182814500371887,3.150553623184178,3.401506256673579,3.152681264809638
cv_targets__combined_risk,ADE_vs_floor,easy,eu-locality-124,739,1.8885939617737348,1.9113394525639587,1.1900288438933204,3.182185292260724,3.393621028775156,3.182185292260724
cv_targets__combined_risk,ADE_vs_floor,easy,eu-locality-126,2167,1.4142121531496752,1.4178082409981645,0.253637110047944,3.0173639779364585,3.368019730218118,3.026602969634056
cv_targets__combined_risk,ADE_vs_floor,hard,eu-locality-007,1057,40.40151948610993,40.48406329056549,0.20389209418806287,80.93538095486694,114.29072331500305,80.93538095486694
cv_targets__combined_risk,ADE_vs_floor,hard,eu-locality-074,26162,51.28252903935024,51.3170310418699,0.0672330448959868,120.54888068579524,217.00148078226107,120.73356434057523
cv_targets__combined_risk,ADE_vs_floor,hard,eu-locality-082,245,48.11238397769111,48.2662878754598,0.3188641690568983,102.89538275989119,169.5400402883042,102.89538275989119
cv_targets__combined_risk,ADE_vs_floor,hard,eu-locality-110,2779,78.86138399832633,78.8807295717048,0.02452509438428674,227.93329072835834,408.3784087886384,227.93329072835834
cv_targets__combined_risk,ADE_vs_floor,hard,eu-locality-112,1522,59.29304049630179,59.33181373883102,0.06534983525011695,157.81065006811522,272.4802531432175,157.81065006811522
cv_targets__combined_risk,ADE_vs_floor,hard,eu-locality-119,1922,70.16596480940154,70.16596480940154,0.0,175.76992045845242,274.8091526508623,175.76992045845242
cv_targets__combined_risk,ADE_vs_floor,hard,eu-locality-124,1375,98.04687062702293,98.04615603839234,-0.0007288288082385463,277.5179890841983,454.9614884293962,277.5179890841983
cv_targets__combined_risk,ADE_vs_floor,hard,eu-locality-126,1386,64.47595683435031,64.47595683435031,0.0,150.6407980804362,231.2736903008077,150.6407980804362
cv_targets__combined_risk,ADE_vs_floor,complete,eu-locality-007,2882,13.62555735012982,13.65246856543941,0.19711611259602968,47.50708454425716,79.58424742220402,47.6301953356149
cv_targets__combined_risk,ADE_vs_floor,complete,eu-locality-074,67309,19.43587658546551,19.452443841842047,0.08516799488659244,63.431675497489636,131.46535978788424,63.47625631914233
cv_targets__combined_risk,ADE_vs_floor,complete,eu-locality-082,582,10.373189498880752,10.467596402215777,0.9018966695643837,48.19172118275565,88.77064559267427,48.19172118275565
cv_targets__combined_risk,ADE_vs_floor,complete,eu-locality-110,5804,28.458940519203882,28.483970812722102,0.08787501462766967,118.53171704139565,272.8161773812056,118.53171704139565
cv_targets__combined_risk,ADE_vs_floor,complete,eu-locality-112,2417,20.979366116603888,21.011237005741744,0.1516849728035896,70.63131723055629,171.1830006493205,70.63131723055629
cv_targets__combined_risk,ADE_vs_floor,complete,eu-locality-119,3148,28.51658859772133,28.52486855057138,0.029027137619830334,111.844506586388,205.2067029563877,111.844506586388
cv_targets__combined_risk,ADE_vs_floor,complete,eu-locality-124,2077,38.45648761299339,38.52083475074527,0.16704502425310963,177.32650540365142,316.4037738037055,177.32650540365142
cv_targets__combined_risk,ADE_vs_floor,complete,eu-locality-126,3637,19.485988960297327,19.48963565878005,0.018710962824386446,85.5211371225543,163.85887416785963,85.5211371225543
cv_targets__combined_risk,ADE_vs_original,all,eu-locality-007,5526,13.53422138861432,13.539430959116377,0.038477026972461026,45.80191694195659,80.22724394770805,45.80191694195659
cv_targets__combined_risk,ADE_vs_original,all,eu-locality-074,102348,19.66185409828842,19.639575470778524,-0.11343741896581161,64.55839552406339,133.18548927574068,64.4476369010459
cv_targets__combined_risk,ADE_vs_original,all,eu-locality-082,1368,13.505773537616202,13.494594805193167,-0.082838592669221,51.77887705037489,101.91283477915022,51.77887705037489
cv_targets__combined_risk,ADE_vs_original,all,eu-locality-110,8550,30.54225205581098,30.500589822690685,-0.1365948441079068,121.9052045177577,270.73137899676516,121.68449105426859
cv_targets__combined_risk,ADE_vs_original,all,eu-locality-112,5004,24.559126673971893,24.55338329609852,-0.02339139093017195,86.2710070848162,186.18759729912014,86.2710070848162
cv_targets__combined_risk,ADE_vs_original,all,eu-locality-119,5639,28.895515613129305,28.894650668567692,-0.002993441836474098,114.3522798565831,201.6878989025234,114.3522798565831
cv_targets__combined_risk,ADE_vs_original,all,eu-locality-124,3550,42.476887053454575,42.46472496316629,-0.028640454633421797,186.18276158812444,344.5055271166482,186.18276158812444
cv_targets__combined_risk,ADE_vs_original,all,eu-locality-126,5790,19.778672458254306,19.778677633231915,2.6164426691899223e-05,86.35315067436316,157.09863889864567,86.35315067436316
cv_targets__combined_risk,ADE_vs_original,easy,eu-locality-007,1784,1.3680609826414605,1.370968245556402,0.21205909942587642,3.107079369503211,3.415136275877181,3.1092839133041323
cv_targets__combined_risk,ADE_vs_original,easy,eu-locality-074,17176,1.95869940037655,1.9582130859816775,-0.024834600399414875,3.2521362780910184,3.4297087478292427,3.2521362780910184
cv_targets__combined_risk,ADE_vs_original,easy,eu-locality-082,515,1.5569015269013406,1.5569015269013406,0.0,3.032126970856838,3.403722230149994,3.032126970856838
cv_targets__combined_risk,ADE_vs_original,easy,eu-locality-110,2009,1.7549573988348561,1.7549450725467626,-0.0007023745806300496,3.1245218448858734,3.382621184807573,3.1245218448858734
cv_targets__combined_risk,ADE_vs_original,easy,eu-locality-112,575,2.029075766787223,2.029075766787223,0.0,3.259410824240807,3.420794969283625,3.259410824240807
cv_targets__combined_risk,ADE_vs_original,easy,eu-locality-119,1323,1.7920928206250604,1.7884061823915434,-0.2061409913371559,3.150553623184178,3.401506256673579,3.150553623184178
cv_targets__combined_risk,ADE_vs_original,easy,eu-locality-124,739,1.8885939617737348,1.8885939617737348,0.0,3.182185292260724,3.393621028775156,3.182185292260724
cv_targets__combined_risk,ADE_vs_original,easy,eu-locality-126,2167,1.4142121531496752,1.4142259801549124,0.0009777083317175084,3.0173639779364585,3.368019730218118,3.0173639779364585
cv_targets__combined_risk,ADE_vs_original,hard,eu-locality-007,1057,40.40151948610993,40.41726445668773,0.03895605204718988,80.93538095486694,114.29072331500305,80.93538095486694
cv_targets__combined_risk,ADE_vs_original,hard,eu-locality-074,26162,51.28252903935024,51.19900939741395,-0.16312745679900598,120.54888068579524,217.00148078226107,119.69191399634964
cv_targets__combined_risk,ADE_vs_original,hard,eu-locality-082,245,48.11238397769111,48.12318225247312,0.022438821118186958,102.89538275989119,169.5400402883042,102.89538275989119
cv_targets__combined_risk,ADE_vs_original,hard,eu-locality-110,2779,78.86138399832633,78.73760419662281,-0.1572054458177652,227.93329072835834,408.3784087886384,227.4742146023239
cv_targets__combined_risk,ADE_vs_original,hard,eu-locality-112,1522,59.29304049630179,59.27415753777463,-0.0318569833997806,157.81065006811522,272.4802531432175,157.08224360877819
cv_targets__combined_risk,ADE_vs_original,hard,eu-locality-119,1922,70.16596480940154,70.16596480940154,0.0,175.76992045845242,274.8091526508623,175.76992045845242
cv_targets__combined_risk,ADE_vs_original,hard,eu-locality-124,1375,98.04687062702293,98.04687062702293,0.0,277.5179890841983,454.9614884293962,277.5179890841983
cv_targets__combined_risk,ADE_vs_original,hard,eu-locality-126,1386,64.47595683435031,64.47595683435031,0.0,150.6407980804362,231.2736903008077,150.6407980804362
cv_targets__combined_risk,FDE_vs_floor,endpoint,eu-locality-007,3935,29.82682825063443,29.888556582698637,0.20652831425100882,102.630383216675,178.8430245622791,102.630383216675
cv_targets__combined_risk,FDE_vs_floor,endpoint,eu-locality-074,81289,41.46402459729686,41.49722543116477,0.08000735837865314,140.25222867033568,286.21478549448835,140.27423023814484
cv_targets__combined_risk,FDE_vs_floor,endpoint,eu-locality-082,859,25.34101111120471,25.52238949469827,0.7106638018013034,114.66976098816347,234.31504208196256,114.66976098816347
cv_targets__combined_risk,FDE_vs_floor,endpoint,eu-locality-110,7204,58.34528324849878,58.38181863616509,0.06258007804450516,251.77304034955634,584.930399969669,251.77304034955634
cv_targets__combined_risk,FDE_vs_floor,endpoint,eu-locality-112,3719,48.623500702980074,48.66719124471837,0.08977411808830382,180.28741648050087,420.67114394082915,180.28741648050087
cv_targets__combined_risk,FDE_vs_floor,endpoint,eu-locality-119,4147,65.56687647340925,65.58221290238367,0.02338504343738501,270.5290560144782,484.5542592170748,270.5290560144782
cv_targets__combined_risk,FDE_vs_floor,endpoint,eu-locality-124,2645,83.98998997550162,84.08831500026773,0.11693066363120952,381.9827743206876,749.8979417287693,381.9827743206876
cv_targets__combined_risk,FDE_vs_floor,endpoint,eu-locality-126,4579,40.547636721507295,40.55384047391718,0.01529757067982862,185.86716972851187,367.4904107537943,185.86716972851187
cv_targets__combined_risk,ADE_vs_CV,easy,eu-locality-007,1784,1.3680609826414605,1.4116372489032123,3.0869308879181934,3.107079369503211,3.415136275877181,3.1829165280653378
cv_targets__combined_risk,ADE_vs_CV,easy,eu-locality-074,17176,1.95869940037655,2.0345987086931556,3.730431361836284,3.2521362780910184,3.4297087478292427,3.3227202724286355
cv_targets__combined_risk,ADE_vs_CV,easy,eu-locality-082,515,1.5569015269013406,1.6292457075972016,4.44034809228091,3.032126970856838,3.403722230149994,3.1617325949953337
cv_targets__combined_risk,ADE_vs_CV,easy,eu-locality-110,2009,1.7549573988348561,1.8571965321602297,5.50502499627502,3.1245218448858734,3.382621184807573,3.2841980969419593
cv_targets__combined_risk,ADE_vs_CV,easy,eu-locality-112,575,2.029075766787223,2.120126457156666,4.294587714902276,3.259410824240807,3.420794969283625,3.337428914790469
cv_targets__combined_risk,ADE_vs_CV,easy,eu-locality-119,1323,1.7920928206250604,1.9039962115564375,5.877290629685694,3.150553623184178,3.401506256673579,3.27321556485438
cv_targets__combined_risk,ADE_vs_CV,easy,eu-locality-124,739,1.8885939617737348,2.0089308960456713,5.9900982412488535,3.182185292260724,3.393621028775156,3.2764853371884692
cv_targets__combined_risk,ADE_vs_CV,easy,eu-locality-126,2167,1.4142121531496752,1.49949345147157,5.687340497432758,3.0173639779364585,3.368019730218118,3.17156482441628
cv_targets__combined_random,ADE_vs_floor,all,eu-locality-007,5526,13.534250273622192,13.571456426657702,0.2741500386239215,45.80191694195659,80.22724394770805,45.83062605295613
cv_targets__combined_random,ADE_vs_floor,all,eu-locality-074,102348,19.66185409828842,19.680252048687063,0.09348432303167842,64.55839552406339,133.18548927574068,64.60111806709888
cv_targets__combined_random,ADE_vs_floor,all,eu-locality-082,1368,13.505773537616202,13.580833430361215,0.5526898855648277,51.77887705037489,101.91283477915022,51.77887705037489
cv_targets__combined_random,ADE_vs_floor,all,eu-locality-110,8550,30.54225205581098,30.56006396751505,0.05828492938693142,121.9052045177577,270.73137899676516,121.9052045177577
cv_targets__combined_random,ADE_vs_floor,all,eu-locality-112,5004,24.559126673971893,24.592755728578894,0.1367437426620821,86.2710070848162,186.18759729912014,86.2710070848162
cv_targets__combined_random,ADE_vs_floor,all,eu-locality-119,5639,28.895515613129305,28.90245639943102,0.024014520446957732,114.3522798565831,201.6878989025234,114.3522798565831
cv_targets__combined_random,ADE_vs_floor,all,eu-locality-124,3550,42.476887053454575,42.52091593022507,0.10354639783100028,186.18276158812444,344.5055271166482,186.18276158812444
cv_targets__combined_random,ADE_vs_floor,all,eu-locality-126,5790,19.778672458254306,19.78147939556481,0.014189723904733942,86.35315067436316,157.09863889864567,86.35315067436316
cv_targets__combined_random,ADE_vs_floor,easy,eu-locality-007,1784,1.3681504549248102,1.3775615757120319,0.6831724224274471,3.107079369503211,3.415136275877181,3.1092839133041323
cv_targets__combined_random,ADE_vs_floor,easy,eu-locality-074,17176,1.95869940037655,1.961547141225197,0.1451783028201037,3.2521362780910184,3.4297087478292427,3.251506809424719
cv_targets__combined_random,ADE_vs_floor,easy,eu-locality-082,515,1.5569015269013406,1.575300025710263,1.1679361714367342,3.032126970856838,3.403722230149994,3.0267587675843264
cv_targets__combined_random,ADE_vs_floor,easy,eu-locality-110,2009,1.7549573988348561,1.7592923102432503,0.24640086148018936,3.1245218448858734,3.382621184807573,3.1245218448858734
cv_targets__combined_random,ADE_vs_floor,easy,eu-locality-112,575,2.029075766787223,2.0370533471006134,0.39162353429502694,3.259410824240807,3.420794969283625,3.259410824240807
cv_targets__combined_random,ADE_vs_floor,easy,eu-locality-119,1323,1.7920928206250604,1.8135436782216436,1.182814500371887,3.150553623184178,3.401506256673579,3.152681264809638
cv_targets__combined_random,ADE_vs_floor,easy,eu-locality-124,739,1.8885939617737348,1.9113394525639587,1.1900288438933204,3.182185292260724,3.393621028775156,3.182185292260724
cv_targets__combined_random,ADE_vs_floor,easy,eu-locality-126,2167,1.4142121531496752,1.4178082409981645,0.253637110047944,3.0173639779364585,3.368019730218118,3.026602969634056
cv_targets__combined_random,ADE_vs_floor,hard,eu-locality-007,1057,40.40151948610993,40.48406329056549,0.20389209418806287,80.93538095486694,114.29072331500305,80.93538095486694
cv_targets__combined_random,ADE_vs_floor,hard,eu-locality-074,26162,51.28252903935024,51.3170310418699,0.0672330448959868,120.54888068579524,217.00148078226107,120.73356434057523
cv_targets__combined_random,ADE_vs_floor,hard,eu-locality-082,245,48.11238397769111,48.2662878754598,0.3188641690568983,102.89538275989119,169.5400402883042,102.89538275989119
cv_targets__combined_random,ADE_vs_floor,hard,eu-locality-110,2779,78.86138399832633,78.8807295717048,0.02452509438428674,227.93329072835834,408.3784087886384,227.93329072835834
cv_targets__combined_random,ADE_vs_floor,hard,eu-locality-112,1522,59.29304049630179,59.33181373883102,0.06534983525011695,157.81065006811522,272.4802531432175,157.81065006811522
cv_targets__combined_random,ADE_vs_floor,hard,eu-locality-119,1922,70.16596480940154,70.16596480940154,0.0,175.76992045845242,274.8091526508623,175.76992045845242
cv_targets__combined_random,ADE_vs_floor,hard,eu-locality-124,1375,98.04687062702293,98.04615603839234,-0.0007288288082385463,277.5179890841983,454.9614884293962,277.5179890841983
cv_targets__combined_random,ADE_vs_floor,hard,eu-locality-126,1386,64.47595683435031,64.47595683435031,0.0,150.6407980804362,231.2736903008077,150.6407980804362
cv_targets__combined_random,ADE_vs_floor,complete,eu-locality-007,2882,13.625612734777114,13.65246856543941,0.19671043762942153,47.50708454425716,79.58424742220402,47.6301953356149
cv_targets__combined_random,ADE_vs_floor,complete,eu-locality-074,67309,19.43587658546551,19.452443841842047,0.08516799488659244,63.431675497489636,131.46535978788424,63.47625631914233
cv_targets__combined_random,ADE_vs_floor,complete,eu-locality-082,582,10.373189498880752,10.467596402215777,0.9018966695643837,48.19172118275565,88.77064559267427,48.19172118275565
cv_targets__combined_random,ADE_vs_floor,complete,eu-locality-110,5804,28.458940519203882,28.483970812722102,0.08787501462766967,118.53171704139565,272.8161773812056,118.53171704139565
cv_targets__combined_random,ADE_vs_floor,complete,eu-locality-112,2417,20.979366116603888,21.011237005741744,0.1516849728035896,70.63131723055629,171.1830006493205,70.63131723055629
cv_targets__combined_random,ADE_vs_floor,complete,eu-locality-119,3148,28.51658859772133,28.52486855057138,0.029027137619830334,111.844506586388,205.2067029563877,111.844506586388
cv_targets__combined_random,ADE_vs_floor,complete,eu-locality-124,2077,38.45648761299339,38.52083475074527,0.16704502425310963,177.32650540365142,316.4037738037055,177.32650540365142
cv_targets__combined_random,ADE_vs_floor,complete,eu-locality-126,3637,19.485988960297327,19.48963565878005,0.018710962824386446,85.5211371225543,163.85887416785963,85.5211371225543
cv_targets__combined_random,ADE_vs_original,all,eu-locality-007,5526,13.534250273622192,13.539430959116377,0.038263687076867114,45.80191694195659,80.22724394770805,45.80191694195659
cv_targets__combined_random,ADE_vs_original,all,eu-locality-074,102348,19.66185409828842,19.639575470778524,-0.11343741896581161,64.55839552406339,133.18548927574068,64.4476369010459
cv_targets__combined_random,ADE_vs_original,all,eu-locality-082,1368,13.505773537616202,13.494594805193167,-0.082838592669221,51.77887705037489,101.91283477915022,51.77887705037489
cv_targets__combined_random,ADE_vs_original,all,eu-locality-110,8550,30.54225205581098,30.500589822690685,-0.1365948441079068,121.9052045177577,270.73137899676516,121.68449105426859
cv_targets__combined_random,ADE_vs_original,all,eu-locality-112,5004,24.559126673971893,24.55338329609852,-0.02339139093017195,86.2710070848162,186.18759729912014,86.2710070848162
cv_targets__combined_random,ADE_vs_original,all,eu-locality-119,5639,28.895515613129305,28.894650668567692,-0.002993441836474098,114.3522798565831,201.6878989025234,114.3522798565831
cv_targets__combined_random,ADE_vs_original,all,eu-locality-124,3550,42.476887053454575,42.46472496316629,-0.028640454633421797,186.18276158812444,344.5055271166482,186.18276158812444
cv_targets__combined_random,ADE_vs_original,all,eu-locality-126,5790,19.778672458254306,19.778677633231915,2.6164426691899223e-05,86.35315067436316,157.09863889864567,86.35315067436316
cv_targets__combined_random,ADE_vs_original,easy,eu-locality-007,1784,1.3681504549248102,1.370968245556402,0.20553288821421045,3.107079369503211,3.415136275877181,3.1092839133041323
cv_targets__combined_random,ADE_vs_original,easy,eu-locality-074,17176,1.95869940037655,1.9582130859816775,-0.024834600399414875,3.2521362780910184,3.4297087478292427,3.2521362780910184
cv_targets__combined_random,ADE_vs_original,easy,eu-locality-082,515,1.5569015269013406,1.5569015269013406,0.0,3.032126970856838,3.403722230149994,3.032126970856838
cv_targets__combined_random,ADE_vs_original,easy,eu-locality-110,2009,1.7549573988348561,1.7549450725467626,-0.0007023745806300496,3.1245218448858734,3.382621184807573,3.1245218448858734
cv_targets__combined_random,ADE_vs_original,easy,eu-locality-112,575,2.029075766787223,2.029075766787223,0.0,3.259410824240807,3.420794969283625,3.259410824240807
cv_targets__combined_random,ADE_vs_original,easy,eu-locality-119,1323,1.7920928206250604,1.7884061823915434,-0.2061409913371559,3.150553623184178,3.401506256673579,3.150553623184178
cv_targets__combined_random,ADE_vs_original,easy,eu-locality-124,739,1.8885939617737348,1.8885939617737348,0.0,3.182185292260724,3.393621028775156,3.182185292260724
cv_targets__combined_random,ADE_vs_original,easy,eu-locality-126,2167,1.4142121531496752,1.4142259801549124,0.0009777083317175084,3.0173639779364585,3.368019730218118,3.0173639779364585
cv_targets__combined_random,ADE_vs_original,hard,eu-locality-007,1057,40.40151948610993,40.41726445668773,0.03895605204718988,80.93538095486694,114.29072331500305,80.93538095486694
cv_targets__combined_random,ADE_vs_original,hard,eu-locality-074,26162,51.28252903935024,51.19900939741395,-0.16312745679900598,120.54888068579524,217.00148078226107,119.69191399634964
cv_targets__combined_random,ADE_vs_original,hard,eu-locality-082,245,48.11238397769111,48.12318225247312,0.022438821118186958,102.89538275989119,169.5400402883042,102.89538275989119
cv_targets__combined_random,ADE_vs_original,hard,eu-locality-110,2779,78.86138399832633,78.73760419662281,-0.1572054458177652,227.93329072835834,408.3784087886384,227.4742146023239
cv_targets__combined_random,ADE_vs_original,hard,eu-locality-112,1522,59.29304049630179,59.27415753777463,-0.0318569833997806,157.81065006811522,272.4802531432175,157.08224360877819
cv_targets__combined_random,ADE_vs_original,hard,eu-locality-119,1922,70.16596480940154,70.16596480940154,0.0,175.76992045845242,274.8091526508623,175.76992045845242
cv_targets__combined_random,ADE_vs_original,hard,eu-locality-124,1375,98.04687062702293,98.04687062702293,0.0,277.5179890841983,454.9614884293962,277.5179890841983
cv_targets__combined_random,ADE_vs_original,hard,eu-locality-126,1386,64.47595683435031,64.47595683435031,0.0,150.6407980804362,231.2736903008077,150.6407980804362
cv_targets__combined_random,FDE_vs_floor,endpoint,eu-locality-007,3935,29.826868258722428,29.888556582698637,0.20639445670628254,102.630383216675,178.8430245622791,102.630383216675
cv_targets__combined_random,FDE_vs_floor,endpoint,eu-locality-074,81289,41.46402459729686,41.49722543116477,0.08000735837865314,140.25222867033568,286.21478549448835,140.27423023814484
cv_targets__combined_random,FDE_vs_floor,endpoint,eu-locality-082,859,25.34101111120471,25.52238949469827,0.7106638018013034,114.66976098816347,234.31504208196256,114.66976098816347
cv_targets__combined_random,FDE_vs_floor,endpoint,eu-locality-110,7204,58.34528324849878,58.38181863616509,0.06258007804450516,251.77304034955634,584.930399969669,251.77304034955634
cv_targets__combined_random,FDE_vs_floor,endpoint,eu-locality-112,3719,48.623500702980074,48.66719124471837,0.08977411808830382,180.28741648050087,420.67114394082915,180.28741648050087
cv_targets__combined_random,FDE_vs_floor,endpoint,eu-locality-119,4147,65.56687647340925,65.58221290238367,0.02338504343738501,270.5290560144782,484.5542592170748,270.5290560144782
cv_targets__combined_random,FDE_vs_floor,endpoint,eu-locality-124,2645,83.98998997550162,84.08831500026773,0.11693066363120952,381.9827743206876,749.8979417287693,381.9827743206876
cv_targets__combined_random,FDE_vs_floor,endpoint,eu-locality-126,4579,40.547636721507295,40.55384047391718,0.01529757067982862,185.86716972851187,367.4904107537943,185.86716972851187
cv_targets__combined_random,ADE_vs_CV,easy,eu-locality-007,1784,1.3681504549248102,1.4116372489032123,3.0805926956227303,3.107079369503211,3.415136275877181,3.1829165280653378
cv_targets__combined_random,ADE_vs_CV,easy,eu-locality-074,17176,1.95869940037655,2.0345987086931556,3.730431361836284,3.2521362780910184,3.4297087478292427,3.3227202724286355
cv_targets__combined_random,ADE_vs_CV,easy,eu-locality-082,515,1.5569015269013406,1.6292457075972016,4.44034809228091,3.032126970856838,3.403722230149994,3.1617325949953337
cv_targets__combined_random,ADE_vs_CV,easy,eu-locality-110,2009,1.7549573988348561,1.8571965321602297,5.50502499627502,3.1245218448858734,3.382621184807573,3.2841980969419593
cv_targets__combined_random,ADE_vs_CV,easy,eu-locality-112,575,2.029075766787223,2.120126457156666,4.294587714902276,3.259410824240807,3.420794969283625,3.337428914790469
cv_targets__combined_random,ADE_vs_CV,easy,eu-locality-119,1323,1.7920928206250604,1.9039962115564375,5.877290629685694,3.150553623184178,3.401506256673579,3.27321556485438
cv_targets__combined_random,ADE_vs_CV,easy,eu-locality-124,739,1.8885939617737348,2.0089308960456713,5.9900982412488535,3.182185292260724,3.393621028775156,3.2764853371884692
cv_targets__combined_random,ADE_vs_CV,easy,eu-locality-126,2167,1.4142121531496752,1.49949345147157,5.687340497432758,3.0173639779364585,3.368019730218118,3.17156482441628
floor_both__original,ADE_vs_floor,all,eu-locality-007,5526,13.550110164322314,13.571456426657702,0.15728792595508523,45.80191694195659,80.22724394770805,45.83062605295613
floor_both__original,ADE_vs_floor,all,eu-locality-074,102348,19.648011080805794,19.680252048687063,0.1638239581561618,64.48811435092192,132.82011939572553,64.60111806709888
floor_both__original,ADE_vs_floor,all,eu-locality-082,1368,13.5193493704514,13.580833430361215,0.45272670653895286,51.77887705037489,101.91283477915022,51.77887705037489
floor_both__original,ADE_vs_floor,all,eu-locality-110,8550,30.502519616600438,30.56006396751505,0.18829918345648622,121.68449105426859,269.41776676755063,121.9052045177577
floor_both__original,ADE_vs_floor,all,eu-locality-112,5004,24.562706858374973,24.592755728578894,0.12218586048492464,86.2710070848162,186.18759729912014,86.2710070848162
floor_both__original,ADE_vs_floor,all,eu-locality-119,5639,28.895775730759617,28.90245639943102,0.023114535937973635,114.3522798565831,201.6878989025234,114.3522798565831
floor_both__original,ADE_vs_floor,all,eu-locality-124,3550,42.46796511026944,42.52091593022507,0.12452887901691634,186.18276158812444,344.5055271166482,186.18276158812444
floor_both__original,ADE_vs_floor,all,eu-locality-126,5790,19.778735531863855,19.78147939556481,0.013870872072230256,86.35315067436316,157.09863889864567,86.35315067436316
floor_both__original,ADE_vs_floor,easy,eu-locality-007,1784,1.3676668845093145,1.3775615757120319,0.7182757836144638,3.107079369503211,3.415136275877181,3.1092839133041323
floor_both__original,ADE_vs_floor,easy,eu-locality-074,17176,1.9583893836916622,1.961547141225197,0.1609830050560257,3.25176183325544,3.4297087478292427,3.251506809424719
floor_both__original,ADE_vs_floor,easy,eu-locality-082,515,1.5579860856347878,1.575300025710263,1.0990884144541746,3.032126970856838,3.403722230149994,3.0267587675843264
floor_both__original,ADE_vs_floor,easy,eu-locality-110,2009,1.7552305301113353,1.7592923102432503,0.2308757963793595,3.1245218448858734,3.382621184807573,3.1245218448858734
floor_both__original,ADE_vs_floor,easy,eu-locality-112,575,2.031473933189677,2.0370533471006134,0.2738963080607393,3.259410824240807,3.420794969283625,3.259410824240807
floor_both__original,ADE_vs_floor,easy,eu-locality-119,1323,1.7932015154983372,1.8135436782216436,1.1216803304817002,3.150553623184178,3.401506256673579,3.152681264809638
floor_both__original,ADE_vs_floor,easy,eu-locality-124,739,1.896844000671032,1.9113394525639587,0.7583923344166688,3.182185292260724,3.393621028775156,3.182185292260724
floor_both__original,ADE_vs_floor,easy,eu-locality-126,2167,1.4143806793145406,1.4178082409981645,0.24175072372345507,3.0198022526357384,3.368019730218118,3.026602969634056
floor_both__original,ADE_vs_floor,hard,eu-locality-007,1057,40.4519520600027,40.48406329056549,0.07931820067644813,80.93538095486694,114.29072331500305,80.93538095486694
floor_both__original,ADE_vs_floor,hard,eu-locality-074,26162,51.22419818080013,51.3170310418699,0.1809006857665496,119.8390672720082,216.84540924946378,120.73356434057523
floor_both__original,ADE_vs_floor,hard,eu-locality-082,245,48.1505441895684,48.2662878754598,0.23980233613584145,102.89538275989119,169.5400402883042,102.89538275989119
floor_both__original,ADE_vs_floor,hard,eu-locality-110,2779,78.74010835143918,78.8807295717048,0.17827068921542066,227.4742146023239,408.3784087886384,227.93329072835834
floor_both__original,ADE_vs_floor,hard,eu-locality-112,1522,59.29629753156251,59.33181373883102,0.05986030938620601,157.08224360877819,272.4802531432175,157.81065006811522
floor_both__original,ADE_vs_floor,hard,eu-locality-119,1922,70.16596480940154,70.16596480940154,0.0,175.76992045845242,274.8091526508623,175.76992045845242
floor_both__original,ADE_vs_floor,hard,eu-locality-124,1375,98.04687062702293,98.04615603839234,-0.0007288288082385463,277.5179890841983,454.9614884293962,277.5179890841983
floor_both__original,ADE_vs_floor,hard,eu-locality-126,1386,64.47595683435031,64.47595683435031,0.0,150.6407980804362,231.2736903008077,150.6407980804362
floor_both__original,ADE_vs_floor,complete,eu-locality-007,2882,13.632084321856079,13.65246856543941,0.14930811585922577,47.50708454425716,79.58424742220402,47.6301953356149
floor_both__original,ADE_vs_floor,complete,eu-locality-074,67309,19.424133204897057,19.452443841842047,0.145537687578845,63.40922261152834,131.28734077286347,63.47625631914233
floor_both__original,ADE_vs_floor,complete,eu-locality-082,582,10.398150924021616,10.467596402215777,0.6634328983056825,48.54354095099604,88.77064559267427,48.19172118275565
floor_both__original,ADE_vs_floor,complete,eu-locality-110,5804,28.446258567828334,28.483970812722102,0.13239813065994976,118.53171704139565,272.8161773812056,118.53171704139565
floor_both__original,ADE_vs_floor,complete,eu-locality-112,2417,20.985260892564295,21.011237005741744,0.12362962337891803,70.63131723055629,171.1830006493205,70.63131723055629
floor_both__original,ADE_vs_floor,complete,eu-locality-119,3148,28.517543083007077,28.52486855057138,0.02568098622897086,111.844506586388,205.2067029563877,111.844506586388
floor_both__original,ADE_vs_floor,complete,eu-locality-124,2077,38.43906984028597,38.52083475074527,0.2122615228573821,177.32650540365142,316.4037738037055,177.32650540365142
floor_both__original,ADE_vs_floor,complete,eu-locality-126,3637,19.48609493713068,19.48963565878005,0.018167202873153876,85.5211371225543,163.85887416785963,85.5211371225543
floor_both__original,ADE_vs_original,all,eu-locality-007,5526,13.550110164322314,13.550110164322314,0.0,45.80191694195659,80.22724394770805,45.80191694195659
floor_both__original,ADE_vs_original,all,eu-locality-074,102348,19.648011080805794,19.648011080805794,0.0,64.48811435092192,132.82011939572553,64.48811435092192
floor_both__original,ADE_vs_original,all,eu-locality-082,1368,13.5193493704514,13.5193493704514,0.0,51.77887705037489,101.91283477915022,51.77887705037489
floor_both__original,ADE_vs_original,all,eu-locality-110,8550,30.502519616600438,30.502519616600438,0.0,121.68449105426859,269.41776676755063,121.68449105426859
floor_both__original,ADE_vs_original,all,eu-locality-112,5004,24.562706858374973,24.562706858374973,0.0,86.2710070848162,186.18759729912014,86.2710070848162
floor_both__original,ADE_vs_original,all,eu-locality-119,5639,28.895775730759617,28.895775730759617,0.0,114.3522798565831,201.6878989025234,114.3522798565831
floor_both__original,ADE_vs_original,all,eu-locality-124,3550,42.46796511026944,42.46796511026944,0.0,186.18276158812444,344.5055271166482,186.18276158812444
floor_both__original,ADE_vs_original,all,eu-locality-126,5790,19.778735531863855,19.778735531863855,0.0,86.35315067436316,157.09863889864567,86.35315067436316
floor_both__original,ADE_vs_original,easy,eu-locality-007,1784,1.3676668845093145,1.3676668845093145,0.0,3.107079369503211,3.415136275877181,3.107079369503211
floor_both__original,ADE_vs_original,easy,eu-locality-074,17176,1.9583893836916622,1.9583893836916622,0.0,3.25176183325544,3.4297087478292427,3.25176183325544
floor_both__original,ADE_vs_original,easy,eu-locality-082,515,1.5579860856347878,1.5579860856347878,0.0,3.032126970856838,3.403722230149994,3.032126970856838
floor_both__original,ADE_vs_original,easy,eu-locality-110,2009,1.7552305301113353,1.7552305301113353,0.0,3.1245218448858734,3.382621184807573,3.1245218448858734
floor_both__original,ADE_vs_original,easy,eu-locality-112,575,2.031473933189677,2.031473933189677,0.0,3.259410824240807,3.420794969283625,3.259410824240807
floor_both__original,ADE_vs_original,easy,eu-locality-119,1323,1.7932015154983372,1.7932015154983372,0.0,3.150553623184178,3.401506256673579,3.150553623184178
floor_both__original,ADE_vs_original,easy,eu-locality-124,739,1.896844000671032,1.896844000671032,0.0,3.182185292260724,3.393621028775156,3.182185292260724
floor_both__original,ADE_vs_original,easy,eu-locality-126,2167,1.4143806793145406,1.4143806793145406,0.0,3.0198022526357384,3.368019730218118,3.0198022526357384
floor_both__original,ADE_vs_original,hard,eu-locality-007,1057,40.4519520600027,40.4519520600027,0.0,80.93538095486694,114.29072331500305,80.93538095486694
floor_both__original,ADE_vs_original,hard,eu-locality-074,26162,51.22419818080013,51.22419818080013,0.0,119.8390672720082,216.84540924946378,119.8390672720082
floor_both__original,ADE_vs_original,hard,eu-locality-082,245,48.1505441895684,48.1505441895684,0.0,102.89538275989119,169.5400402883042,102.89538275989119
floor_both__original,ADE_vs_original,hard,eu-locality-110,2779,78.74010835143918,78.74010835143918,0.0,227.4742146023239,408.3784087886384,227.4742146023239
floor_both__original,ADE_vs_original,hard,eu-locality-112,1522,59.29629753156251,59.29629753156251,0.0,157.08224360877819,272.4802531432175,157.08224360877819
floor_both__original,ADE_vs_original,hard,eu-locality-119,1922,70.16596480940154,70.16596480940154,0.0,175.76992045845242,274.8091526508623,175.76992045845242
floor_both__original,ADE_vs_original,hard,eu-locality-124,1375,98.04687062702293,98.04687062702293,0.0,277.5179890841983,454.9614884293962,277.5179890841983
floor_both__original,ADE_vs_original,hard,eu-locality-126,1386,64.47595683435031,64.47595683435031,0.0,150.6407980804362,231.2736903008077,150.6407980804362
floor_both__original,FDE_vs_floor,endpoint,eu-locality-007,3935,29.845540209549437,29.888556582698637,0.1439225511950637,102.96456780800754,178.8430245622791,102.630383216675
floor_both__original,FDE_vs_floor,endpoint,eu-locality-074,81289,41.43878662992681,41.49722543116477,0.1408258037272847,139.9638200783667,285.878036596077,140.27423023814484
floor_both__original,FDE_vs_floor,endpoint,eu-locality-082,859,25.374800327496107,25.52238949469827,0.5782733126646344,114.66976098816347,234.31504208196256,114.66976098816347
floor_both__original,FDE_vs_floor,endpoint,eu-locality-110,7204,58.327645022965456,58.38181863616509,0.09279192472102515,251.77304034955634,584.930399969669,251.77304034955634
floor_both__original,FDE_vs_floor,endpoint,eu-locality-112,3719,48.63089717248979,48.66719124471837,0.07457605688825364,180.28741648050087,420.67114394082915,180.28741648050087
floor_both__original,FDE_vs_floor,endpoint,eu-locality-119,4147,65.5681989024063,65.58221290238367,0.02136859882760911,270.5290560144782,484.5542592170748,270.5290560144782
floor_both__original,FDE_vs_floor,endpoint,eu-locality-124,2645,83.97038950867446,84.08831500026773,0.14024004594799244,381.9827743206876,749.8979417287693,381.9827743206876
floor_both__original,FDE_vs_floor,endpoint,eu-locality-126,4579,40.547871807997815,40.55384047391718,0.014717880845838138,185.86716972851187,367.4904107537943,185.86716972851187
floor_both__original,ADE_vs_CV,easy,eu-locality-007,1784,1.3676668845093145,1.4116372489032123,3.114848692754535,3.107079369503211,3.415136275877181,3.1829165280653378
floor_both__original,ADE_vs_CV,easy,eu-locality-074,17176,1.9583893836916622,2.0345987086931556,3.7456686016695384,3.25176183325544,3.4297087478292427,3.3227202724286355
floor_both__original,ADE_vs_CV,easy,eu-locality-082,515,1.5579860856347878,1.6292457075972016,4.373779941854616,3.032126970856838,3.403722230149994,3.1617325949953337
floor_both__original,ADE_vs_CV,easy,eu-locality-110,2009,1.7552305301113353,1.8571965321602297,5.49031835259195,3.1245218448858734,3.382621184807573,3.2841980969419593
floor_both__original,ADE_vs_CV,easy,eu-locality-112,575,2.031473933189677,2.120126457156666,4.1814734054062885,3.259410824240807,3.420794969283625,3.337428914790469
floor_both__original,ADE_vs_CV,easy,eu-locality-119,1323,1.7932015154983372,1.9039962115564375,5.819060741067872,3.150553623184178,3.401506256673579,3.27321556485438
floor_both__original,ADE_vs_CV,easy,eu-locality-124,739,1.896844000671032,2.0089308960456713,5.5794301135628,3.182185292260724,3.393621028775156,3.2764853371884692
floor_both__original,ADE_vs_CV,easy,eu-locality-126,2167,1.4143806793145406,1.49949345147157,5.676101624418683,3.0198022526357384,3.368019730218118,3.17156482441628
floor_both__stop,ADE_vs_floor,all,eu-locality-007,5526,13.550110164322314,13.571456426657702,0.15728792595508523,45.80191694195659,80.22724394770805,45.83062605295613
floor_both__stop,ADE_vs_floor,all,eu-locality-074,102348,19.648011080805794,19.680252048687063,0.1638239581561618,64.48811435092192,132.82011939572553,64.60111806709888
floor_both__stop,ADE_vs_floor,all,eu-locality-082,1368,13.5193493704514,13.580833430361215,0.45272670653895286,51.77887705037489,101.91283477915022,51.77887705037489
floor_both__stop,ADE_vs_floor,all,eu-locality-110,8550,30.502519616600438,30.56006396751505,0.18829918345648622,121.68449105426859,269.41776676755063,121.9052045177577
floor_both__stop,ADE_vs_floor,all,eu-locality-112,5004,24.562706858374973,24.592755728578894,0.12218586048492464,86.2710070848162,186.18759729912014,86.2710070848162
floor_both__stop,ADE_vs_floor,all,eu-locality-119,5639,28.895775730759617,28.90245639943102,0.023114535937973635,114.3522798565831,201.6878989025234,114.3522798565831
floor_both__stop,ADE_vs_floor,all,eu-locality-124,3550,42.46796511026944,42.52091593022507,0.12452887901691634,186.18276158812444,344.5055271166482,186.18276158812444
floor_both__stop,ADE_vs_floor,all,eu-locality-126,5790,19.778735531863855,19.78147939556481,0.013870872072230256,86.35315067436316,157.09863889864567,86.35315067436316
floor_both__stop,ADE_vs_floor,easy,eu-locality-007,1784,1.3676668845093145,1.3775615757120319,0.7182757836144638,3.107079369503211,3.415136275877181,3.1092839133041323
floor_both__stop,ADE_vs_floor,easy,eu-locality-074,17176,1.9583893836916622,1.961547141225197,0.1609830050560257,3.25176183325544,3.4297087478292427,3.251506809424719
floor_both__stop,ADE_vs_floor,easy,eu-locality-082,515,1.5579860856347878,1.575300025710263,1.0990884144541746,3.032126970856838,3.403722230149994,3.0267587675843264
floor_both__stop,ADE_vs_floor,easy,eu-locality-110,2009,1.7552305301113353,1.7592923102432503,0.2308757963793595,3.1245218448858734,3.382621184807573,3.1245218448858734
floor_both__stop,ADE_vs_floor,easy,eu-locality-112,575,2.031473933189677,2.0370533471006134,0.2738963080607393,3.259410824240807,3.420794969283625,3.259410824240807
floor_both__stop,ADE_vs_floor,easy,eu-locality-119,1323,1.7932015154983372,1.8135436782216436,1.1216803304817002,3.150553623184178,3.401506256673579,3.152681264809638
floor_both__stop,ADE_vs_floor,easy,eu-locality-124,739,1.896844000671032,1.9113394525639587,0.7583923344166688,3.182185292260724,3.393621028775156,3.182185292260724
floor_both__stop,ADE_vs_floor,easy,eu-locality-126,2167,1.4143806793145406,1.4178082409981645,0.24175072372345507,3.0198022526357384,3.368019730218118,3.026602969634056
floor_both__stop,ADE_vs_floor,hard,eu-locality-007,1057,40.4519520600027,40.48406329056549,0.07931820067644813,80.93538095486694,114.29072331500305,80.93538095486694
floor_both__stop,ADE_vs_floor,hard,eu-locality-074,26162,51.22419818080013,51.3170310418699,0.1809006857665496,119.8390672720082,216.84540924946378,120.73356434057523
floor_both__stop,ADE_vs_floor,hard,eu-locality-082,245,48.1505441895684,48.2662878754598,0.23980233613584145,102.89538275989119,169.5400402883042,102.89538275989119
floor_both__stop,ADE_vs_floor,hard,eu-locality-110,2779,78.74010835143918,78.8807295717048,0.17827068921542066,227.4742146023239,408.3784087886384,227.93329072835834
floor_both__stop,ADE_vs_floor,hard,eu-locality-112,1522,59.29629753156251,59.33181373883102,0.05986030938620601,157.08224360877819,272.4802531432175,157.81065006811522
floor_both__stop,ADE_vs_floor,hard,eu-locality-119,1922,70.16596480940154,70.16596480940154,0.0,175.76992045845242,274.8091526508623,175.76992045845242
floor_both__stop,ADE_vs_floor,hard,eu-locality-124,1375,98.04687062702293,98.04615603839234,-0.0007288288082385463,277.5179890841983,454.9614884293962,277.5179890841983
floor_both__stop,ADE_vs_floor,hard,eu-locality-126,1386,64.47595683435031,64.47595683435031,0.0,150.6407980804362,231.2736903008077,150.6407980804362
floor_both__stop,ADE_vs_floor,complete,eu-locality-007,2882,13.632084321856079,13.65246856543941,0.14930811585922577,47.50708454425716,79.58424742220402,47.6301953356149
floor_both__stop,ADE_vs_floor,complete,eu-locality-074,67309,19.424133204897057,19.452443841842047,0.145537687578845,63.40922261152834,131.28734077286347,63.47625631914233
floor_both__stop,ADE_vs_floor,complete,eu-locality-082,582,10.398150924021616,10.467596402215777,0.6634328983056825,48.54354095099604,88.77064559267427,48.19172118275565
floor_both__stop,ADE_vs_floor,complete,eu-locality-110,5804,28.446258567828334,28.483970812722102,0.13239813065994976,118.53171704139565,272.8161773812056,118.53171704139565
floor_both__stop,ADE_vs_floor,complete,eu-locality-112,2417,20.985260892564295,21.011237005741744,0.12362962337891803,70.63131723055629,171.1830006493205,70.63131723055629
floor_both__stop,ADE_vs_floor,complete,eu-locality-119,3148,28.517543083007077,28.52486855057138,0.02568098622897086,111.844506586388,205.2067029563877,111.844506586388
floor_both__stop,ADE_vs_floor,complete,eu-locality-124,2077,38.43906984028597,38.52083475074527,0.2122615228573821,177.32650540365142,316.4037738037055,177.32650540365142
floor_both__stop,ADE_vs_floor,complete,eu-locality-126,3637,19.48609493713068,19.48963565878005,0.018167202873153876,85.5211371225543,163.85887416785963,85.5211371225543
floor_both__stop,ADE_vs_original,all,eu-locality-007,5526,13.550110164322314,13.550110164322314,0.0,45.80191694195659,80.22724394770805,45.80191694195659
floor_both__stop,ADE_vs_original,all,eu-locality-074,102348,19.648011080805794,19.648011080805794,0.0,64.48811435092192,132.82011939572553,64.48811435092192
floor_both__stop,ADE_vs_original,all,eu-locality-082,1368,13.5193493704514,13.5193493704514,0.0,51.77887705037489,101.91283477915022,51.77887705037489
floor_both__stop,ADE_vs_original,all,eu-locality-110,8550,30.502519616600438,30.502519616600438,0.0,121.68449105426859,269.41776676755063,121.68449105426859
floor_both__stop,ADE_vs_original,all,eu-locality-112,5004,24.562706858374973,24.562706858374973,0.0,86.2710070848162,186.18759729912014,86.2710070848162
floor_both__stop,ADE_vs_original,all,eu-locality-119,5639,28.895775730759617,28.895775730759617,0.0,114.3522798565831,201.6878989025234,114.3522798565831
floor_both__stop,ADE_vs_original,all,eu-locality-124,3550,42.46796511026944,42.46796511026944,0.0,186.18276158812444,344.5055271166482,186.18276158812444
floor_both__stop,ADE_vs_original,all,eu-locality-126,5790,19.778735531863855,19.778735531863855,0.0,86.35315067436316,157.09863889864567,86.35315067436316
floor_both__stop,ADE_vs_original,easy,eu-locality-007,1784,1.3676668845093145,1.3676668845093145,0.0,3.107079369503211,3.415136275877181,3.107079369503211
floor_both__stop,ADE_vs_original,easy,eu-locality-074,17176,1.9583893836916622,1.9583893836916622,0.0,3.25176183325544,3.4297087478292427,3.25176183325544
floor_both__stop,ADE_vs_original,easy,eu-locality-082,515,1.5579860856347878,1.5579860856347878,0.0,3.032126970856838,3.403722230149994,3.032126970856838
floor_both__stop,ADE_vs_original,easy,eu-locality-110,2009,1.7552305301113353,1.7552305301113353,0.0,3.1245218448858734,3.382621184807573,3.1245218448858734
floor_both__stop,ADE_vs_original,easy,eu-locality-112,575,2.031473933189677,2.031473933189677,0.0,3.259410824240807,3.420794969283625,3.259410824240807
floor_both__stop,ADE_vs_original,easy,eu-locality-119,1323,1.7932015154983372,1.7932015154983372,0.0,3.150553623184178,3.401506256673579,3.150553623184178
floor_both__stop,ADE_vs_original,easy,eu-locality-124,739,1.896844000671032,1.896844000671032,0.0,3.182185292260724,3.393621028775156,3.182185292260724
floor_both__stop,ADE_vs_original,easy,eu-locality-126,2167,1.4143806793145406,1.4143806793145406,0.0,3.0198022526357384,3.368019730218118,3.0198022526357384
floor_both__stop,ADE_vs_original,hard,eu-locality-007,1057,40.4519520600027,40.4519520600027,0.0,80.93538095486694,114.29072331500305,80.93538095486694
floor_both__stop,ADE_vs_original,hard,eu-locality-074,26162,51.22419818080013,51.22419818080013,0.0,119.8390672720082,216.84540924946378,119.8390672720082
floor_both__stop,ADE_vs_original,hard,eu-locality-082,245,48.1505441895684,48.1505441895684,0.0,102.89538275989119,169.5400402883042,102.89538275989119
floor_both__stop,ADE_vs_original,hard,eu-locality-110,2779,78.74010835143918,78.74010835143918,0.0,227.4742146023239,408.3784087886384,227.4742146023239
floor_both__stop,ADE_vs_original,hard,eu-locality-112,1522,59.29629753156251,59.29629753156251,0.0,157.08224360877819,272.4802531432175,157.08224360877819
floor_both__stop,ADE_vs_original,hard,eu-locality-119,1922,70.16596480940154,70.16596480940154,0.0,175.76992045845242,274.8091526508623,175.76992045845242
floor_both__stop,ADE_vs_original,hard,eu-locality-124,1375,98.04687062702293,98.04687062702293,0.0,277.5179890841983,454.9614884293962,277.5179890841983
floor_both__stop,ADE_vs_original,hard,eu-locality-126,1386,64.47595683435031,64.47595683435031,0.0,150.6407980804362,231.2736903008077,150.6407980804362
floor_both__stop,FDE_vs_floor,endpoint,eu-locality-007,3935,29.845540209549437,29.888556582698637,0.1439225511950637,102.96456780800754,178.8430245622791,102.630383216675
floor_both__stop,FDE_vs_floor,endpoint,eu-locality-074,81289,41.43878662992681,41.49722543116477,0.1408258037272847,139.9638200783667,285.878036596077,140.27423023814484
floor_both__stop,FDE_vs_floor,endpoint,eu-locality-082,859,25.374800327496107,25.52238949469827,0.5782733126646344,114.66976098816347,234.31504208196256,114.66976098816347
floor_both__stop,FDE_vs_floor,endpoint,eu-locality-110,7204,58.327645022965456,58.38181863616509,0.09279192472102515,251.77304034955634,584.930399969669,251.77304034955634
floor_both__stop,FDE_vs_floor,endpoint,eu-locality-112,3719,48.63089717248979,48.66719124471837,0.07457605688825364,180.28741648050087,420.67114394082915,180.28741648050087
floor_both__stop,FDE_vs_floor,endpoint,eu-locality-119,4147,65.5681989024063,65.58221290238367,0.02136859882760911,270.5290560144782,484.5542592170748,270.5290560144782
floor_both__stop,FDE_vs_floor,endpoint,eu-locality-124,2645,83.97038950867446,84.08831500026773,0.14024004594799244,381.9827743206876,749.8979417287693,381.9827743206876
floor_both__stop,FDE_vs_floor,endpoint,eu-locality-126,4579,40.547871807997815,40.55384047391718,0.014717880845838138,185.86716972851187,367.4904107537943,185.86716972851187
floor_both__stop,ADE_vs_CV,easy,eu-locality-007,1784,1.3676668845093145,1.4116372489032123,3.114848692754535,3.107079369503211,3.415136275877181,3.1829165280653378
floor_both__stop,ADE_vs_CV,easy,eu-locality-074,17176,1.9583893836916622,2.0345987086931556,3.7456686016695384,3.25176183325544,3.4297087478292427,3.3227202724286355
floor_both__stop,ADE_vs_CV,easy,eu-locality-082,515,1.5579860856347878,1.6292457075972016,4.373779941854616,3.032126970856838,3.403722230149994,3.1617325949953337
floor_both__stop,ADE_vs_CV,easy,eu-locality-110,2009,1.7552305301113353,1.8571965321602297,5.49031835259195,3.1245218448858734,3.382621184807573,3.2841980969419593
floor_both__stop,ADE_vs_CV,easy,eu-locality-112,575,2.031473933189677,2.120126457156666,4.1814734054062885,3.259410824240807,3.420794969283625,3.337428914790469
floor_both__stop,ADE_vs_CV,easy,eu-locality-119,1323,1.7932015154983372,1.9039962115564375,5.819060741067872,3.150553623184178,3.401506256673579,3.27321556485438
floor_both__stop,ADE_vs_CV,easy,eu-locality-124,739,1.896844000671032,2.0089308960456713,5.5794301135628,3.182185292260724,3.393621028775156,3.2764853371884692
floor_both__stop,ADE_vs_CV,easy,eu-locality-126,2167,1.4143806793145406,1.49949345147157,5.676101624418683,3.0198022526357384,3.368019730218118,3.17156482441628
floor_both__stop,matched_risk,all,eu-locality-007,5526,13.550110164322314,13.550110164322314,0.0,45.80191694195659,80.22724394770805,45.80191694195659
floor_both__stop,matched_risk,all,eu-locality-074,102348,19.648011080805794,19.648011080805794,0.0,64.48811435092192,132.82011939572553,64.48811435092192
floor_both__stop,matched_risk,all,eu-locality-082,1368,13.5193493704514,13.5193493704514,0.0,51.77887705037489,101.91283477915022,51.77887705037489
floor_both__stop,matched_risk,all,eu-locality-110,8550,30.502519616600438,30.502519616600438,0.0,121.68449105426859,269.41776676755063,121.68449105426859
floor_both__stop,matched_risk,all,eu-locality-112,5004,24.562706858374973,24.562706858374973,0.0,86.2710070848162,186.18759729912014,86.2710070848162
floor_both__stop,matched_risk,all,eu-locality-119,5639,28.895775730759617,28.895775730759617,0.0,114.3522798565831,201.6878989025234,114.3522798565831
floor_both__stop,matched_risk,all,eu-locality-124,3550,42.46796511026944,42.46796511026944,0.0,186.18276158812444,344.5055271166482,186.18276158812444
floor_both__stop,matched_risk,all,eu-locality-126,5790,19.778735531863855,19.778735531863855,0.0,86.35315067436316,157.09863889864567,86.35315067436316
floor_both__stop,matched_risk,easy,eu-locality-007,1784,1.3676668845093145,1.3676668845093145,0.0,3.107079369503211,3.415136275877181,3.107079369503211
floor_both__stop,matched_risk,easy,eu-locality-074,17176,1.9583893836916622,1.9583893836916622,0.0,3.25176183325544,3.4297087478292427,3.25176183325544
floor_both__stop,matched_risk,easy,eu-locality-082,515,1.5579860856347878,1.5579860856347878,0.0,3.032126970856838,3.403722230149994,3.032126970856838
floor_both__stop,matched_risk,easy,eu-locality-110,2009,1.7552305301113353,1.7552305301113353,0.0,3.1245218448858734,3.382621184807573,3.1245218448858734
floor_both__stop,matched_risk,easy,eu-locality-112,575,2.031473933189677,2.031473933189677,0.0,3.259410824240807,3.420794969283625,3.259410824240807
floor_both__stop,matched_risk,easy,eu-locality-119,1323,1.7932015154983372,1.7932015154983372,0.0,3.150553623184178,3.401506256673579,3.150553623184178
floor_both__stop,matched_risk,easy,eu-locality-124,739,1.896844000671032,1.896844000671032,0.0,3.182185292260724,3.393621028775156,3.182185292260724
floor_both__stop,matched_risk,easy,eu-locality-126,2167,1.4143806793145406,1.4143806793145406,0.0,3.0198022526357384,3.368019730218118,3.0198022526357384
floor_both__stop,matched_risk,hard,eu-locality-007,1057,40.4519520600027,40.4519520600027,0.0,80.93538095486694,114.29072331500305,80.93538095486694
floor_both__stop,matched_risk,hard,eu-locality-074,26162,51.22419818080013,51.22419818080013,0.0,119.8390672720082,216.84540924946378,119.8390672720082
floor_both__stop,matched_risk,hard,eu-locality-082,245,48.1505441895684,48.1505441895684,0.0,102.89538275989119,169.5400402883042,102.89538275989119
floor_both__stop,matched_risk,hard,eu-locality-110,2779,78.74010835143918,78.74010835143918,0.0,227.4742146023239,408.3784087886384,227.4742146023239
floor_both__stop,matched_risk,hard,eu-locality-112,1522,59.29629753156251,59.29629753156251,0.0,157.08224360877819,272.4802531432175,157.08224360877819
floor_both__stop,matched_risk,hard,eu-locality-119,1922,70.16596480940154,70.16596480940154,0.0,175.76992045845242,274.8091526508623,175.76992045845242
floor_both__stop,matched_risk,hard,eu-locality-124,1375,98.04687062702293,98.04687062702293,0.0,277.5179890841983,454.9614884293962,277.5179890841983
floor_both__stop,matched_risk,hard,eu-locality-126,1386,64.47595683435031,64.47595683435031,0.0,150.6407980804362,231.2736903008077,150.6407980804362
floor_both__stop,matched_risk,complete,eu-locality-007,2882,13.632084321856079,13.632084321856079,0.0,47.50708454425716,79.58424742220402,47.50708454425716
floor_both__stop,matched_risk,complete,eu-locality-074,67309,19.424133204897057,19.424133204897057,0.0,63.40922261152834,131.28734077286347,63.40922261152834
floor_both__stop,matched_risk,complete,eu-locality-082,582,10.398150924021616,10.398150924021616,0.0,48.54354095099604,88.77064559267427,48.54354095099604
floor_both__stop,matched_risk,complete,eu-locality-110,5804,28.446258567828334,28.446258567828334,0.0,118.53171704139565,272.8161773812056,118.53171704139565
floor_both__stop,matched_risk,complete,eu-locality-112,2417,20.985260892564295,20.985260892564295,0.0,70.63131723055629,171.1830006493205,70.63131723055629
floor_both__stop,matched_risk,complete,eu-locality-119,3148,28.517543083007077,28.517543083007077,0.0,111.844506586388,205.2067029563877,111.844506586388
floor_both__stop,matched_risk,complete,eu-locality-124,2077,38.43906984028597,38.43906984028597,0.0,177.32650540365142,316.4037738037055,177.32650540365142
floor_both__stop,matched_risk,complete,eu-locality-126,3637,19.48609493713068,19.48609493713068,0.0,85.5211371225543,163.85887416785963,85.5211371225543
floor_both__stop,matched_random,all,eu-locality-007,5526,13.550110164322314,13.550110164322314,0.0,45.80191694195659,80.22724394770805,45.80191694195659
floor_both__stop,matched_random,all,eu-locality-074,102348,19.648011080805794,19.648011080805794,0.0,64.48811435092192,132.82011939572553,64.48811435092192
floor_both__stop,matched_random,all,eu-locality-082,1368,13.5193493704514,13.5193493704514,0.0,51.77887705037489,101.91283477915022,51.77887705037489
floor_both__stop,matched_random,all,eu-locality-110,8550,30.502519616600438,30.502519616600438,0.0,121.68449105426859,269.41776676755063,121.68449105426859
floor_both__stop,matched_random,all,eu-locality-112,5004,24.562706858374973,24.562706858374973,0.0,86.2710070848162,186.18759729912014,86.2710070848162
floor_both__stop,matched_random,all,eu-locality-119,5639,28.895775730759617,28.895775730759617,0.0,114.3522798565831,201.6878989025234,114.3522798565831
floor_both__stop,matched_random,all,eu-locality-124,3550,42.46796511026944,42.46796511026944,0.0,186.18276158812444,344.5055271166482,186.18276158812444
floor_both__stop,matched_random,all,eu-locality-126,5790,19.778735531863855,19.778735531863855,0.0,86.35315067436316,157.09863889864567,86.35315067436316
floor_both__stop,matched_random,easy,eu-locality-007,1784,1.3676668845093145,1.3676668845093145,0.0,3.107079369503211,3.415136275877181,3.107079369503211
floor_both__stop,matched_random,easy,eu-locality-074,17176,1.9583893836916622,1.9583893836916622,0.0,3.25176183325544,3.4297087478292427,3.25176183325544
floor_both__stop,matched_random,easy,eu-locality-082,515,1.5579860856347878,1.5579860856347878,0.0,3.032126970856838,3.403722230149994,3.032126970856838
floor_both__stop,matched_random,easy,eu-locality-110,2009,1.7552305301113353,1.7552305301113353,0.0,3.1245218448858734,3.382621184807573,3.1245218448858734
floor_both__stop,matched_random,easy,eu-locality-112,575,2.031473933189677,2.031473933189677,0.0,3.259410824240807,3.420794969283625,3.259410824240807
floor_both__stop,matched_random,easy,eu-locality-119,1323,1.7932015154983372,1.7932015154983372,0.0,3.150553623184178,3.401506256673579,3.150553623184178
floor_both__stop,matched_random,easy,eu-locality-124,739,1.896844000671032,1.896844000671032,0.0,3.182185292260724,3.393621028775156,3.182185292260724
floor_both__stop,matched_random,easy,eu-locality-126,2167,1.4143806793145406,1.4143806793145406,0.0,3.0198022526357384,3.368019730218118,3.0198022526357384
floor_both__stop,matched_random,hard,eu-locality-007,1057,40.4519520600027,40.4519520600027,0.0,80.93538095486694,114.29072331500305,80.93538095486694
floor_both__stop,matched_random,hard,eu-locality-074,26162,51.22419818080013,51.22419818080013,0.0,119.8390672720082,216.84540924946378,119.8390672720082
floor_both__stop,matched_random,hard,eu-locality-082,245,48.1505441895684,48.1505441895684,0.0,102.89538275989119,169.5400402883042,102.89538275989119
floor_both__stop,matched_random,hard,eu-locality-110,2779,78.74010835143918,78.74010835143918,0.0,227.4742146023239,408.3784087886384,227.4742146023239
floor_both__stop,matched_random,hard,eu-locality-112,1522,59.29629753156251,59.29629753156251,0.0,157.08224360877819,272.4802531432175,157.08224360877819
floor_both__stop,matched_random,hard,eu-locality-119,1922,70.16596480940154,70.16596480940154,0.0,175.76992045845242,274.8091526508623,175.76992045845242
floor_both__stop,matched_random,hard,eu-locality-124,1375,98.04687062702293,98.04687062702293,0.0,277.5179890841983,454.9614884293962,277.5179890841983
floor_both__stop,matched_random,hard,eu-locality-126,1386,64.47595683435031,64.47595683435031,0.0,150.6407980804362,231.2736903008077,150.6407980804362
floor_both__stop,matched_random,complete,eu-locality-007,2882,13.632084321856079,13.632084321856079,0.0,47.50708454425716,79.58424742220402,47.50708454425716
floor_both__stop,matched_random,complete,eu-locality-074,67309,19.424133204897057,19.424133204897057,0.0,63.40922261152834,131.28734077286347,63.40922261152834
floor_both__stop,matched_random,complete,eu-locality-082,582,10.398150924021616,10.398150924021616,0.0,48.54354095099604,88.77064559267427,48.54354095099604
floor_both__stop,matched_random,complete,eu-locality-110,5804,28.446258567828334,28.446258567828334,0.0,118.53171704139565,272.8161773812056,118.53171704139565
floor_both__stop,matched_random,complete,eu-locality-112,2417,20.985260892564295,20.985260892564295,0.0,70.63131723055629,171.1830006493205,70.63131723055629
floor_both__stop,matched_random,complete,eu-locality-119,3148,28.517543083007077,28.517543083007077,0.0,111.844506586388,205.2067029563877,111.844506586388
floor_both__stop,matched_random,complete,eu-locality-124,2077,38.43906984028597,38.43906984028597,0.0,177.32650540365142,316.4037738037055,177.32650540365142
floor_both__stop,matched_random,complete,eu-locality-126,3637,19.48609493713068,19.48609493713068,0.0,85.5211371225543,163.85887416785963,85.5211371225543
floor_both__stop_risk,ADE_vs_floor,all,eu-locality-007,5526,13.550110164322314,13.571456426657702,0.15728792595508523,45.80191694195659,80.22724394770805,45.83062605295613
floor_both__stop_risk,ADE_vs_floor,all,eu-locality-074,102348,19.648011080805794,19.680252048687063,0.1638239581561618,64.48811435092192,132.82011939572553,64.60111806709888
floor_both__stop_risk,ADE_vs_floor,all,eu-locality-082,1368,13.5193493704514,13.580833430361215,0.45272670653895286,51.77887705037489,101.91283477915022,51.77887705037489
floor_both__stop_risk,ADE_vs_floor,all,eu-locality-110,8550,30.502519616600438,30.56006396751505,0.18829918345648622,121.68449105426859,269.41776676755063,121.9052045177577
floor_both__stop_risk,ADE_vs_floor,all,eu-locality-112,5004,24.562706858374973,24.592755728578894,0.12218586048492464,86.2710070848162,186.18759729912014,86.2710070848162
floor_both__stop_risk,ADE_vs_floor,all,eu-locality-119,5639,28.895775730759617,28.90245639943102,0.023114535937973635,114.3522798565831,201.6878989025234,114.3522798565831
floor_both__stop_risk,ADE_vs_floor,all,eu-locality-124,3550,42.46796511026944,42.52091593022507,0.12452887901691634,186.18276158812444,344.5055271166482,186.18276158812444
floor_both__stop_risk,ADE_vs_floor,all,eu-locality-126,5790,19.778735531863855,19.78147939556481,0.013870872072230256,86.35315067436316,157.09863889864567,86.35315067436316
floor_both__stop_risk,ADE_vs_floor,easy,eu-locality-007,1784,1.3676668845093145,1.3775615757120319,0.7182757836144638,3.107079369503211,3.415136275877181,3.1092839133041323
floor_both__stop_risk,ADE_vs_floor,easy,eu-locality-074,17176,1.9583893836916622,1.961547141225197,0.1609830050560257,3.25176183325544,3.4297087478292427,3.251506809424719
floor_both__stop_risk,ADE_vs_floor,easy,eu-locality-082,515,1.5579860856347878,1.575300025710263,1.0990884144541746,3.032126970856838,3.403722230149994,3.0267587675843264
floor_both__stop_risk,ADE_vs_floor,easy,eu-locality-110,2009,1.7552305301113353,1.7592923102432503,0.2308757963793595,3.1245218448858734,3.382621184807573,3.1245218448858734
floor_both__stop_risk,ADE_vs_floor,easy,eu-locality-112,575,2.031473933189677,2.0370533471006134,0.2738963080607393,3.259410824240807,3.420794969283625,3.259410824240807
floor_both__stop_risk,ADE_vs_floor,easy,eu-locality-119,1323,1.7932015154983372,1.8135436782216436,1.1216803304817002,3.150553623184178,3.401506256673579,3.152681264809638
floor_both__stop_risk,ADE_vs_floor,easy,eu-locality-124,739,1.896844000671032,1.9113394525639587,0.7583923344166688,3.182185292260724,3.393621028775156,3.182185292260724
floor_both__stop_risk,ADE_vs_floor,easy,eu-locality-126,2167,1.4143806793145406,1.4178082409981645,0.24175072372345507,3.0198022526357384,3.368019730218118,3.026602969634056
floor_both__stop_risk,ADE_vs_floor,hard,eu-locality-007,1057,40.4519520600027,40.48406329056549,0.07931820067644813,80.93538095486694,114.29072331500305,80.93538095486694
floor_both__stop_risk,ADE_vs_floor,hard,eu-locality-074,26162,51.22419818080013,51.3170310418699,0.1809006857665496,119.8390672720082,216.84540924946378,120.73356434057523
floor_both__stop_risk,ADE_vs_floor,hard,eu-locality-082,245,48.1505441895684,48.2662878754598,0.23980233613584145,102.89538275989119,169.5400402883042,102.89538275989119
floor_both__stop_risk,ADE_vs_floor,hard,eu-locality-110,2779,78.74010835143918,78.8807295717048,0.17827068921542066,227.4742146023239,408.3784087886384,227.93329072835834
floor_both__stop_risk,ADE_vs_floor,hard,eu-locality-112,1522,59.29629753156251,59.33181373883102,0.05986030938620601,157.08224360877819,272.4802531432175,157.81065006811522
floor_both__stop_risk,ADE_vs_floor,hard,eu-locality-119,1922,70.16596480940154,70.16596480940154,0.0,175.76992045845242,274.8091526508623,175.76992045845242
floor_both__stop_risk,ADE_vs_floor,hard,eu-locality-124,1375,98.04687062702293,98.04615603839234,-0.0007288288082385463,277.5179890841983,454.9614884293962,277.5179890841983
floor_both__stop_risk,ADE_vs_floor,hard,eu-locality-126,1386,64.47595683435031,64.47595683435031,0.0,150.6407980804362,231.2736903008077,150.6407980804362
floor_both__stop_risk,ADE_vs_floor,complete,eu-locality-007,2882,13.632084321856079,13.65246856543941,0.14930811585922577,47.50708454425716,79.58424742220402,47.6301953356149
floor_both__stop_risk,ADE_vs_floor,complete,eu-locality-074,67309,19.424133204897057,19.452443841842047,0.145537687578845,63.40922261152834,131.28734077286347,63.47625631914233
floor_both__stop_risk,ADE_vs_floor,complete,eu-locality-082,582,10.398150924021616,10.467596402215777,0.6634328983056825,48.54354095099604,88.77064559267427,48.19172118275565
floor_both__stop_risk,ADE_vs_floor,complete,eu-locality-110,5804,28.446258567828334,28.483970812722102,0.13239813065994976,118.53171704139565,272.8161773812056,118.53171704139565
floor_both__stop_risk,ADE_vs_floor,complete,eu-locality-112,2417,20.985260892564295,21.011237005741744,0.12362962337891803,70.63131723055629,171.1830006493205,70.63131723055629
floor_both__stop_risk,ADE_vs_floor,complete,eu-locality-119,3148,28.517543083007077,28.52486855057138,0.02568098622897086,111.844506586388,205.2067029563877,111.844506586388
floor_both__stop_risk,ADE_vs_floor,complete,eu-locality-124,2077,38.43906984028597,38.52083475074527,0.2122615228573821,177.32650540365142,316.4037738037055,177.32650540365142
floor_both__stop_risk,ADE_vs_floor,complete,eu-locality-126,3637,19.48609493713068,19.48963565878005,0.018167202873153876,85.5211371225543,163.85887416785963,85.5211371225543
floor_both__stop_risk,ADE_vs_original,all,eu-locality-007,5526,13.550110164322314,13.550110164322314,0.0,45.80191694195659,80.22724394770805,45.80191694195659
floor_both__stop_risk,ADE_vs_original,all,eu-locality-074,102348,19.648011080805794,19.648011080805794,0.0,64.48811435092192,132.82011939572553,64.48811435092192
floor_both__stop_risk,ADE_vs_original,all,eu-locality-082,1368,13.5193493704514,13.5193493704514,0.0,51.77887705037489,101.91283477915022,51.77887705037489
floor_both__stop_risk,ADE_vs_original,all,eu-locality-110,8550,30.502519616600438,30.502519616600438,0.0,121.68449105426859,269.41776676755063,121.68449105426859
floor_both__stop_risk,ADE_vs_original,all,eu-locality-112,5004,24.562706858374973,24.562706858374973,0.0,86.2710070848162,186.18759729912014,86.2710070848162
floor_both__stop_risk,ADE_vs_original,all,eu-locality-119,5639,28.895775730759617,28.895775730759617,0.0,114.3522798565831,201.6878989025234,114.3522798565831
floor_both__stop_risk,ADE_vs_original,all,eu-locality-124,3550,42.46796511026944,42.46796511026944,0.0,186.18276158812444,344.5055271166482,186.18276158812444
floor_both__stop_risk,ADE_vs_original,all,eu-locality-126,5790,19.778735531863855,19.778735531863855,0.0,86.35315067436316,157.09863889864567,86.35315067436316
floor_both__stop_risk,ADE_vs_original,easy,eu-locality-007,1784,1.3676668845093145,1.3676668845093145,0.0,3.107079369503211,3.415136275877181,3.107079369503211
floor_both__stop_risk,ADE_vs_original,easy,eu-locality-074,17176,1.9583893836916622,1.9583893836916622,0.0,3.25176183325544,3.4297087478292427,3.25176183325544
floor_both__stop_risk,ADE_vs_original,easy,eu-locality-082,515,1.5579860856347878,1.5579860856347878,0.0,3.032126970856838,3.403722230149994,3.032126970856838
floor_both__stop_risk,ADE_vs_original,easy,eu-locality-110,2009,1.7552305301113353,1.7552305301113353,0.0,3.1245218448858734,3.382621184807573,3.1245218448858734
floor_both__stop_risk,ADE_vs_original,easy,eu-locality-112,575,2.031473933189677,2.031473933189677,0.0,3.259410824240807,3.420794969283625,3.259410824240807
floor_both__stop_risk,ADE_vs_original,easy,eu-locality-119,1323,1.7932015154983372,1.7932015154983372,0.0,3.150553623184178,3.401506256673579,3.150553623184178
floor_both__stop_risk,ADE_vs_original,easy,eu-locality-124,739,1.896844000671032,1.896844000671032,0.0,3.182185292260724,3.393621028775156,3.182185292260724
floor_both__stop_risk,ADE_vs_original,easy,eu-locality-126,2167,1.4143806793145406,1.4143806793145406,0.0,3.0198022526357384,3.368019730218118,3.0198022526357384
floor_both__stop_risk,ADE_vs_original,hard,eu-locality-007,1057,40.4519520600027,40.4519520600027,0.0,80.93538095486694,114.29072331500305,80.93538095486694
floor_both__stop_risk,ADE_vs_original,hard,eu-locality-074,26162,51.22419818080013,51.22419818080013,0.0,119.8390672720082,216.84540924946378,119.8390672720082
floor_both__stop_risk,ADE_vs_original,hard,eu-locality-082,245,48.1505441895684,48.1505441895684,0.0,102.89538275989119,169.5400402883042,102.89538275989119
floor_both__stop_risk,ADE_vs_original,hard,eu-locality-110,2779,78.74010835143918,78.74010835143918,0.0,227.4742146023239,408.3784087886384,227.4742146023239
floor_both__stop_risk,ADE_vs_original,hard,eu-locality-112,1522,59.29629753156251,59.29629753156251,0.0,157.08224360877819,272.4802531432175,157.08224360877819
floor_both__stop_risk,ADE_vs_original,hard,eu-locality-119,1922,70.16596480940154,70.16596480940154,0.0,175.76992045845242,274.8091526508623,175.76992045845242
floor_both__stop_risk,ADE_vs_original,hard,eu-locality-124,1375,98.04687062702293,98.04687062702293,0.0,277.5179890841983,454.9614884293962,277.5179890841983
floor_both__stop_risk,ADE_vs_original,hard,eu-locality-126,1386,64.47595683435031,64.47595683435031,0.0,150.6407980804362,231.2736903008077,150.6407980804362
floor_both__stop_risk,FDE_vs_floor,endpoint,eu-locality-007,3935,29.845540209549437,29.888556582698637,0.1439225511950637,102.96456780800754,178.8430245622791,102.630383216675
floor_both__stop_risk,FDE_vs_floor,endpoint,eu-locality-074,81289,41.43878662992681,41.49722543116477,0.1408258037272847,139.9638200783667,285.878036596077,140.27423023814484
floor_both__stop_risk,FDE_vs_floor,endpoint,eu-locality-082,859,25.374800327496107,25.52238949469827,0.5782733126646344,114.66976098816347,234.31504208196256,114.66976098816347
floor_both__stop_risk,FDE_vs_floor,endpoint,eu-locality-110,7204,58.327645022965456,58.38181863616509,0.09279192472102515,251.77304034955634,584.930399969669,251.77304034955634
floor_both__stop_risk,FDE_vs_floor,endpoint,eu-locality-112,3719,48.63089717248979,48.66719124471837,0.07457605688825364,180.28741648050087,420.67114394082915,180.28741648050087
floor_both__stop_risk,FDE_vs_floor,endpoint,eu-locality-119,4147,65.5681989024063,65.58221290238367,0.02136859882760911,270.5290560144782,484.5542592170748,270.5290560144782
floor_both__stop_risk,FDE_vs_floor,endpoint,eu-locality-124,2645,83.97038950867446,84.08831500026773,0.14024004594799244,381.9827743206876,749.8979417287693,381.9827743206876
floor_both__stop_risk,FDE_vs_floor,endpoint,eu-locality-126,4579,40.547871807997815,40.55384047391718,0.014717880845838138,185.86716972851187,367.4904107537943,185.86716972851187
floor_both__stop_risk,ADE_vs_CV,easy,eu-locality-007,1784,1.3676668845093145,1.4116372489032123,3.114848692754535,3.107079369503211,3.415136275877181,3.1829165280653378
floor_both__stop_risk,ADE_vs_CV,easy,eu-locality-074,17176,1.9583893836916622,2.0345987086931556,3.7456686016695384,3.25176183325544,3.4297087478292427,3.3227202724286355
floor_both__stop_risk,ADE_vs_CV,easy,eu-locality-082,515,1.5579860856347878,1.6292457075972016,4.373779941854616,3.032126970856838,3.403722230149994,3.1617325949953337
floor_both__stop_risk,ADE_vs_CV,easy,eu-locality-110,2009,1.7552305301113353,1.8571965321602297,5.49031835259195,3.1245218448858734,3.382621184807573,3.2841980969419593
floor_both__stop_risk,ADE_vs_CV,easy,eu-locality-112,575,2.031473933189677,2.120126457156666,4.1814734054062885,3.259410824240807,3.420794969283625,3.337428914790469
floor_both__stop_risk,ADE_vs_CV,easy,eu-locality-119,1323,1.7932015154983372,1.9039962115564375,5.819060741067872,3.150553623184178,3.401506256673579,3.27321556485438
floor_both__stop_risk,ADE_vs_CV,easy,eu-locality-124,739,1.896844000671032,2.0089308960456713,5.5794301135628,3.182185292260724,3.393621028775156,3.2764853371884692
floor_both__stop_risk,ADE_vs_CV,easy,eu-locality-126,2167,1.4143806793145406,1.49949345147157,5.676101624418683,3.0198022526357384,3.368019730218118,3.17156482441628
floor_both__stop_random,ADE_vs_floor,all,eu-locality-007,5526,13.550110164322314,13.571456426657702,0.15728792595508523,45.80191694195659,80.22724394770805,45.83062605295613
floor_both__stop_random,ADE_vs_floor,all,eu-locality-074,102348,19.648011080805794,19.680252048687063,0.1638239581561618,64.48811435092192,132.82011939572553,64.60111806709888
floor_both__stop_random,ADE_vs_floor,all,eu-locality-082,1368,13.5193493704514,13.580833430361215,0.45272670653895286,51.77887705037489,101.91283477915022,51.77887705037489
floor_both__stop_random,ADE_vs_floor,all,eu-locality-110,8550,30.502519616600438,30.56006396751505,0.18829918345648622,121.68449105426859,269.41776676755063,121.9052045177577
floor_both__stop_random,ADE_vs_floor,all,eu-locality-112,5004,24.562706858374973,24.592755728578894,0.12218586048492464,86.2710070848162,186.18759729912014,86.2710070848162
floor_both__stop_random,ADE_vs_floor,all,eu-locality-119,5639,28.895775730759617,28.90245639943102,0.023114535937973635,114.3522798565831,201.6878989025234,114.3522798565831
floor_both__stop_random,ADE_vs_floor,all,eu-locality-124,3550,42.46796511026944,42.52091593022507,0.12452887901691634,186.18276158812444,344.5055271166482,186.18276158812444
floor_both__stop_random,ADE_vs_floor,all,eu-locality-126,5790,19.778735531863855,19.78147939556481,0.013870872072230256,86.35315067436316,157.09863889864567,86.35315067436316
floor_both__stop_random,ADE_vs_floor,easy,eu-locality-007,1784,1.3676668845093145,1.3775615757120319,0.7182757836144638,3.107079369503211,3.415136275877181,3.1092839133041323
floor_both__stop_random,ADE_vs_floor,easy,eu-locality-074,17176,1.9583893836916622,1.961547141225197,0.1609830050560257,3.25176183325544,3.4297087478292427,3.251506809424719
floor_both__stop_random,ADE_vs_floor,easy,eu-locality-082,515,1.5579860856347878,1.575300025710263,1.0990884144541746,3.032126970856838,3.403722230149994,3.0267587675843264
floor_both__stop_random,ADE_vs_floor,easy,eu-locality-110,2009,1.7552305301113353,1.7592923102432503,0.2308757963793595,3.1245218448858734,3.382621184807573,3.1245218448858734
floor_both__stop_random,ADE_vs_floor,easy,eu-locality-112,575,2.031473933189677,2.0370533471006134,0.2738963080607393,3.259410824240807,3.420794969283625,3.259410824240807
floor_both__stop_random,ADE_vs_floor,easy,eu-locality-119,1323,1.7932015154983372,1.8135436782216436,1.1216803304817002,3.150553623184178,3.401506256673579,3.152681264809638
floor_both__stop_random,ADE_vs_floor,easy,eu-locality-124,739,1.896844000671032,1.9113394525639587,0.7583923344166688,3.182185292260724,3.393621028775156,3.182185292260724
floor_both__stop_random,ADE_vs_floor,easy,eu-locality-126,2167,1.4143806793145406,1.4178082409981645,0.24175072372345507,3.0198022526357384,3.368019730218118,3.026602969634056
floor_both__stop_random,ADE_vs_floor,hard,eu-locality-007,1057,40.4519520600027,40.48406329056549,0.07931820067644813,80.93538095486694,114.29072331500305,80.93538095486694
floor_both__stop_random,ADE_vs_floor,hard,eu-locality-074,26162,51.22419818080013,51.3170310418699,0.1809006857665496,119.8390672720082,216.84540924946378,120.73356434057523
floor_both__stop_random,ADE_vs_floor,hard,eu-locality-082,245,48.1505441895684,48.2662878754598,0.23980233613584145,102.89538275989119,169.5400402883042,102.89538275989119
floor_both__stop_random,ADE_vs_floor,hard,eu-locality-110,2779,78.74010835143918,78.8807295717048,0.17827068921542066,227.4742146023239,408.3784087886384,227.93329072835834
floor_both__stop_random,ADE_vs_floor,hard,eu-locality-112,1522,59.29629753156251,59.33181373883102,0.05986030938620601,157.08224360877819,272.4802531432175,157.81065006811522
floor_both__stop_random,ADE_vs_floor,hard,eu-locality-119,1922,70.16596480940154,70.16596480940154,0.0,175.76992045845242,274.8091526508623,175.76992045845242
floor_both__stop_random,ADE_vs_floor,hard,eu-locality-124,1375,98.04687062702293,98.04615603839234,-0.0007288288082385463,277.5179890841983,454.9614884293962,277.5179890841983
floor_both__stop_random,ADE_vs_floor,hard,eu-locality-126,1386,64.47595683435031,64.47595683435031,0.0,150.6407980804362,231.2736903008077,150.6407980804362
floor_both__stop_random,ADE_vs_floor,complete,eu-locality-007,2882,13.632084321856079,13.65246856543941,0.14930811585922577,47.50708454425716,79.58424742220402,47.6301953356149
floor_both__stop_random,ADE_vs_floor,complete,eu-locality-074,67309,19.424133204897057,19.452443841842047,0.145537687578845,63.40922261152834,131.28734077286347,63.47625631914233
floor_both__stop_random,ADE_vs_floor,complete,eu-locality-082,582,10.398150924021616,10.467596402215777,0.6634328983056825,48.54354095099604,88.77064559267427,48.19172118275565
floor_both__stop_random,ADE_vs_floor,complete,eu-locality-110,5804,28.446258567828334,28.483970812722102,0.13239813065994976,118.53171704139565,272.8161773812056,118.53171704139565
floor_both__stop_random,ADE_vs_floor,complete,eu-locality-112,2417,20.985260892564295,21.011237005741744,0.12362962337891803,70.63131723055629,171.1830006493205,70.63131723055629
floor_both__stop_random,ADE_vs_floor,complete,eu-locality-119,3148,28.517543083007077,28.52486855057138,0.02568098622897086,111.844506586388,205.2067029563877,111.844506586388
floor_both__stop_random,ADE_vs_floor,complete,eu-locality-124,2077,38.43906984028597,38.52083475074527,0.2122615228573821,177.32650540365142,316.4037738037055,177.32650540365142
floor_both__stop_random,ADE_vs_floor,complete,eu-locality-126,3637,19.48609493713068,19.48963565878005,0.018167202873153876,85.5211371225543,163.85887416785963,85.5211371225543
floor_both__stop_random,ADE_vs_original,all,eu-locality-007,5526,13.550110164322314,13.550110164322314,0.0,45.80191694195659,80.22724394770805,45.80191694195659
floor_both__stop_random,ADE_vs_original,all,eu-locality-074,102348,19.648011080805794,19.648011080805794,0.0,64.48811435092192,132.82011939572553,64.48811435092192
floor_both__stop_random,ADE_vs_original,all,eu-locality-082,1368,13.5193493704514,13.5193493704514,0.0,51.77887705037489,101.91283477915022,51.77887705037489
floor_both__stop_random,ADE_vs_original,all,eu-locality-110,8550,30.502519616600438,30.502519616600438,0.0,121.68449105426859,269.41776676755063,121.68449105426859
floor_both__stop_random,ADE_vs_original,all,eu-locality-112,5004,24.562706858374973,24.562706858374973,0.0,86.2710070848162,186.18759729912014,86.2710070848162
floor_both__stop_random,ADE_vs_original,all,eu-locality-119,5639,28.895775730759617,28.895775730759617,0.0,114.3522798565831,201.6878989025234,114.3522798565831
floor_both__stop_random,ADE_vs_original,all,eu-locality-124,3550,42.46796511026944,42.46796511026944,0.0,186.18276158812444,344.5055271166482,186.18276158812444
floor_both__stop_random,ADE_vs_original,all,eu-locality-126,5790,19.778735531863855,19.778735531863855,0.0,86.35315067436316,157.09863889864567,86.35315067436316
floor_both__stop_random,ADE_vs_original,easy,eu-locality-007,1784,1.3676668845093145,1.3676668845093145,0.0,3.107079369503211,3.415136275877181,3.107079369503211
floor_both__stop_random,ADE_vs_original,easy,eu-locality-074,17176,1.9583893836916622,1.9583893836916622,0.0,3.25176183325544,3.4297087478292427,3.25176183325544
floor_both__stop_random,ADE_vs_original,easy,eu-locality-082,515,1.5579860856347878,1.5579860856347878,0.0,3.032126970856838,3.403722230149994,3.032126970856838
floor_both__stop_random,ADE_vs_original,easy,eu-locality-110,2009,1.7552305301113353,1.7552305301113353,0.0,3.1245218448858734,3.382621184807573,3.1245218448858734
floor_both__stop_random,ADE_vs_original,easy,eu-locality-112,575,2.031473933189677,2.031473933189677,0.0,3.259410824240807,3.420794969283625,3.259410824240807
floor_both__stop_random,ADE_vs_original,easy,eu-locality-119,1323,1.7932015154983372,1.7932015154983372,0.0,3.150553623184178,3.401506256673579,3.150553623184178
floor_both__stop_random,ADE_vs_original,easy,eu-locality-124,739,1.896844000671032,1.896844000671032,0.0,3.182185292260724,3.393621028775156,3.182185292260724
floor_both__stop_random,ADE_vs_original,easy,eu-locality-126,2167,1.4143806793145406,1.4143806793145406,0.0,3.0198022526357384,3.368019730218118,3.0198022526357384
floor_both__stop_random,ADE_vs_original,hard,eu-locality-007,1057,40.4519520600027,40.4519520600027,0.0,80.93538095486694,114.29072331500305,80.93538095486694
floor_both__stop_random,ADE_vs_original,hard,eu-locality-074,26162,51.22419818080013,51.22419818080013,0.0,119.8390672720082,216.84540924946378,119.8390672720082
floor_both__stop_random,ADE_vs_original,hard,eu-locality-082,245,48.1505441895684,48.1505441895684,0.0,102.89538275989119,169.5400402883042,102.89538275989119
floor_both__stop_random,ADE_vs_original,hard,eu-locality-110,2779,78.74010835143918,78.74010835143918,0.0,227.4742146023239,408.3784087886384,227.4742146023239
floor_both__stop_random,ADE_vs_original,hard,eu-locality-112,1522,59.29629753156251,59.29629753156251,0.0,157.08224360877819,272.4802531432175,157.08224360877819
floor_both__stop_random,ADE_vs_original,hard,eu-locality-119,1922,70.16596480940154,70.16596480940154,0.0,175.76992045845242,274.8091526508623,175.76992045845242
floor_both__stop_random,ADE_vs_original,hard,eu-locality-124,1375,98.04687062702293,98.04687062702293,0.0,277.5179890841983,454.9614884293962,277.5179890841983
floor_both__stop_random,ADE_vs_original,hard,eu-locality-126,1386,64.47595683435031,64.47595683435031,0.0,150.6407980804362,231.2736903008077,150.6407980804362
floor_both__stop_random,FDE_vs_floor,endpoint,eu-locality-007,3935,29.845540209549437,29.888556582698637,0.1439225511950637,102.96456780800754,178.8430245622791,102.630383216675
floor_both__stop_random,FDE_vs_floor,endpoint,eu-locality-074,81289,41.43878662992681,41.49722543116477,0.1408258037272847,139.9638200783667,285.878036596077,140.27423023814484
floor_both__stop_random,FDE_vs_floor,endpoint,eu-locality-082,859,25.374800327496107,25.52238949469827,0.5782733126646344,114.66976098816347,234.31504208196256,114.66976098816347
floor_both__stop_random,FDE_vs_floor,endpoint,eu-locality-110,7204,58.327645022965456,58.38181863616509,0.09279192472102515,251.77304034955634,584.930399969669,251.77304034955634
floor_both__stop_random,FDE_vs_floor,endpoint,eu-locality-112,3719,48.63089717248979,48.66719124471837,0.07457605688825364,180.28741648050087,420.67114394082915,180.28741648050087
floor_both__stop_random,FDE_vs_floor,endpoint,eu-locality-119,4147,65.5681989024063,65.58221290238367,0.02136859882760911,270.5290560144782,484.5542592170748,270.5290560144782
floor_both__stop_random,FDE_vs_floor,endpoint,eu-locality-124,2645,83.97038950867446,84.08831500026773,0.14024004594799244,381.9827743206876,749.8979417287693,381.9827743206876
floor_both__stop_random,FDE_vs_floor,endpoint,eu-locality-126,4579,40.547871807997815,40.55384047391718,0.014717880845838138,185.86716972851187,367.4904107537943,185.86716972851187
floor_both__stop_random,ADE_vs_CV,easy,eu-locality-007,1784,1.3676668845093145,1.4116372489032123,3.114848692754535,3.107079369503211,3.415136275877181,3.1829165280653378
floor_both__stop_random,ADE_vs_CV,easy,eu-locality-074,17176,1.9583893836916622,2.0345987086931556,3.7456686016695384,3.25176183325544,3.4297087478292427,3.3227202724286355
floor_both__stop_random,ADE_vs_CV,easy,eu-locality-082,515,1.5579860856347878,1.6292457075972016,4.373779941854616,3.032126970856838,3.403722230149994,3.1617325949953337
floor_both__stop_random,ADE_vs_CV,easy,eu-locality-110,2009,1.7552305301113353,1.8571965321602297,5.49031835259195,3.1245218448858734,3.382621184807573,3.2841980969419593
floor_both__stop_random,ADE_vs_CV,easy,eu-locality-112,575,2.031473933189677,2.120126457156666,4.1814734054062885,3.259410824240807,3.420794969283625,3.337428914790469
floor_both__stop_random,ADE_vs_CV,easy,eu-locality-119,1323,1.7932015154983372,1.9039962115564375,5.819060741067872,3.150553623184178,3.401506256673579,3.27321556485438
floor_both__stop_random,ADE_vs_CV,easy,eu-locality-124,739,1.896844000671032,2.0089308960456713,5.5794301135628,3.182185292260724,3.393621028775156,3.2764853371884692
floor_both__stop_random,ADE_vs_CV,easy,eu-locality-126,2167,1.4143806793145406,1.49949345147157,5.676101624418683,3.0198022526357384,3.368019730218118,3.17156482441628
floor_both__support,ADE_vs_floor,all,eu-locality-007,5526,13.545287318221007,13.571456426657702,0.1928246137628431,45.80191694195659,80.22724394770805,45.83062605295613
floor_both__support,ADE_vs_floor,all,eu-locality-074,102348,19.665215976124912,19.680252048687063,0.07640182922938887,64.59017966061852,133.2753575056401,64.60111806709888
floor_both__support,ADE_vs_floor,all,eu-locality-082,1368,13.530528102874438,13.580833430361215,0.37041414096364855,51.77887705037489,101.91283477915022,51.77887705037489
floor_both__support,ADE_vs_floor,all,eu-locality-110,8550,30.544181849720733,30.56006396751505,0.05197017195774922,121.9052045177577,270.73137899676516,121.9052045177577
floor_both__support,ADE_vs_floor,all,eu-locality-112,5004,24.568450236248342,24.592755728578894,0.09883191863002683,86.2710070848162,186.18759729912014,86.2710070848162
floor_both__support,ADE_vs_floor,all,eu-locality-119,5639,28.89616052464064,28.90245639943102,0.021783182382051347,114.3522798565831,201.6878989025234,114.3522798565831
floor_both__support,ADE_vs_floor,all,eu-locality-124,3550,42.4781769086317,42.52091593022507,0.10051293735887645,186.18276158812444,344.5055271166482,186.18276158812444
floor_both__support,ADE_vs_floor,all,eu-locality-126,5790,19.778730356886246,19.78147939556481,0.013897032793097619,86.35315067436316,157.09863889864567,86.35315067436316
floor_both__support,ADE_vs_floor,easy,eu-locality-007,1784,1.3676524193663144,1.3775615757120319,0.7193258378011547,3.107079369503211,3.415136275877181,3.1092839133041323
floor_both__support,ADE_vs_floor,easy,eu-locality-074,17176,1.9588757111707482,1.961547141225197,0.13618994916330118,3.25176183325544,3.4297087478292427,3.251506809424719
floor_both__support,ADE_vs_floor,easy,eu-locality-082,515,1.5579860856347878,1.575300025710263,1.0990884144541746,3.032126970856838,3.403722230149994,3.0267587675843264
floor_both__support,ADE_vs_floor,easy,eu-locality-110,2009,1.755242856399429,1.7592923102432503,0.23017515737685512,3.1245218448858734,3.382621184807573,3.1245218448858734
floor_both__support,ADE_vs_floor,easy,eu-locality-112,575,2.031473933189677,2.0370533471006134,0.2738963080607393,3.259410824240807,3.420794969283625,3.259410824240807
floor_both__support,ADE_vs_floor,easy,eu-locality-119,1323,1.7948416157969707,1.8135436782216436,1.0312441133489614,3.150553623184178,3.401506256673579,3.152681264809638
floor_both__support,ADE_vs_floor,easy,eu-locality-124,739,1.896844000671032,1.9113394525639587,0.7583923344166688,3.182185292260724,3.393621028775156,3.182185292260724
floor_both__support,ADE_vs_floor,easy,eu-locality-126,2167,1.4143668523093036,1.4178082409981645,0.24272596175898276,3.0198022526357384,3.368019730218118,3.026602969634056
floor_both__support,ADE_vs_floor,hard,eu-locality-007,1057,40.4362070894249,40.48406329056549,0.11820997511320375,80.93538095486694,114.29072331500305,80.93538095486694
floor_both__support,ADE_vs_floor,hard,eu-locality-074,26162,51.28860254198955,51.3170310418699,0.055397787641220386,120.54888068579524,217.00148078226107,120.73356434057523
floor_both__support,ADE_vs_floor,hard,eu-locality-082,245,48.139745914786396,48.2662878754598,0.26217462797205604,102.89538275989119,169.5400402883042,102.89538275989119
floor_both__support,ADE_vs_floor,hard,eu-locality-110,2779,78.8638881531427,78.8807295717048,0.021350485287785492,227.93329072835834,408.3784087886384,227.93329072835834
floor_both__support,ADE_vs_floor,hard,eu-locality-112,1522,59.315180490089666,59.33181373883102,0.02803428328447266,157.81065006811522,272.4802531432175,157.81065006811522
floor_both__support,ADE_vs_floor,hard,eu-locality-119,1922,70.16596480940154,70.16596480940154,0.0,175.76992045845242,274.8091526508623,175.76992045845242
floor_both__support,ADE_vs_floor,hard,eu-locality-124,1375,98.04687062702293,98.04615603839234,-0.0007288288082385463,277.5179890841983,454.9614884293962,277.5179890841983
floor_both__support,ADE_vs_floor,hard,eu-locality-126,1386,64.47595683435031,64.47595683435031,0.0,150.6407980804362,231.2736903008077,150.6407980804362
floor_both__support,ADE_vs_floor,complete,eu-locality-007,2882,13.632128811951972,13.65246856543941,0.1489822400245422,47.50708454425716,79.58424742220402,47.6301953356149
floor_both__support,ADE_vs_floor,complete,eu-locality-074,67309,19.438154173266476,19.452443841842047,0.07345950304112892,63.45357191714479,131.46535978788424,63.47625631914233
floor_both__support,ADE_vs_floor,complete,eu-locality-082,582,10.3936052585206,10.467596402215777,0.7068589660135904,48.19172118275565,88.77064559267427,48.19172118275565
floor_both__support,ADE_vs_floor,complete,eu-locality-110,5804,28.459039327654473,28.483970812722102,0.08752812320849124,118.53171704139565,272.8161773812056,118.53171704139565
floor_both__support,ADE_vs_floor,complete,eu-locality-112,2417,20.985260892564295,21.011237005741744,0.12362962337891803,70.63131723055629,171.1830006493205,70.63131723055629
floor_both__support,ADE_vs_floor,complete,eu-locality-119,3148,28.517532736776456,28.52486855057138,0.025717257143254013,111.844506586388,205.2067029563877,111.844506586388
floor_both__support,ADE_vs_floor,complete,eu-locality-124,2077,38.45652380474722,38.52083475074527,0.16695107054192082,177.32650540365142,316.4037738037055,177.32650540365142
floor_both__support,ADE_vs_floor,complete,eu-locality-126,3637,19.486086698714306,19.48963565878005,0.018209473629349215,85.5211371225543,163.85887416785963,85.5211371225543
floor_both__support,ADE_vs_original,all,eu-locality-007,5526,13.545287318221007,13.550110164322314,0.035592670781425806,45.80191694195659,80.22724394770805,45.80191694195659
floor_both__support,ADE_vs_original,all,eu-locality-074,102348,19.665215976124912,19.648011080805794,-0.08756558232974054,64.59017966061852,133.2753575056401,64.48811435092192
floor_both__support,ADE_vs_original,all,eu-locality-082,1368,13.530528102874438,13.5193493704514,-0.08268691130559613,51.77887705037489,101.91283477915022,51.77887705037489
floor_both__support,ADE_vs_original,all,eu-locality-110,8550,30.544181849720733,30.502519616600438,-0.13658620220220463,121.9052045177577,270.73137899676516,121.68449105426859
floor_both__support,ADE_vs_original,all,eu-locality-112,5004,24.568450236248342,24.562706858374973,-0.023382511978353726,86.2710070848162,186.18759729912014,86.2710070848162
floor_both__support,ADE_vs_original,all,eu-locality-119,5639,28.89616052464064,28.895775730759617,-0.0013316613632685659,114.3522798565831,201.6878989025234,114.3522798565831
floor_both__support,ADE_vs_original,all,eu-locality-124,3550,42.4781769086317,42.46796511026944,-0.024045885729973016,186.18276158812444,344.5055271166482,186.18276158812444
floor_both__support,ADE_vs_original,all,eu-locality-126,5790,19.778730356886246,19.778735531863855,2.6164350097612754e-05,86.35315067436316,157.09863889864567,86.35315067436316
floor_both__support,ADE_vs_original,easy,eu-locality-007,1784,1.3676524193663144,1.3676668845093145,0.0010576510379722848,3.107079369503211,3.415136275877181,3.107079369503211
floor_both__support,ADE_vs_original,easy,eu-locality-074,17176,1.9588757111707482,1.9583893836916622,-0.024833032855253734,3.25176183325544,3.4297087478292427,3.25176183325544
floor_both__support,ADE_vs_original,easy,eu-locality-082,515,1.5579860856347878,1.5579860856347878,0.0,3.032126970856838,3.403722230149994,3.032126970856838
floor_both__support,ADE_vs_original,easy,eu-locality-110,2009,1.755242856399429,1.7552305301113353,-0.0007022603516704251,3.1245218448858734,3.382621184807573,3.1245218448858734
floor_both__support,ADE_vs_original,easy,eu-locality-112,575,2.031473933189677,2.031473933189677,0.0,3.259410824240807,3.420794969283625,3.259410824240807
floor_both__support,ADE_vs_original,easy,eu-locality-119,1323,1.7948416157969707,1.7932015154983372,-0.09146212985313706,3.150553623184178,3.401506256673579,3.150553623184178
floor_both__support,ADE_vs_original,easy,eu-locality-124,739,1.896844000671032,1.896844000671032,0.0,3.182185292260724,3.393621028775156,3.182185292260724
floor_both__support,ADE_vs_original,easy,eu-locality-126,2167,1.4143668523093036,1.4143806793145406,0.0009776013939699624,3.0198022526357384,3.368019730218118,3.0198022526357384
floor_both__support,ADE_vs_original,hard,eu-locality-007,1057,40.4362070894249,40.4519520600027,0.038922647180150705,80.93538095486694,114.29072331500305,80.93538095486694
floor_both__support,ADE_vs_original,hard,eu-locality-074,26162,51.28860254198955,51.22419818080013,-0.12573034518197357,120.54888068579524,217.00148078226107,119.8390672720082
floor_both__support,ADE_vs_original,hard,eu-locality-082,245,48.139745914786396,48.1505441895684,0.022426070076153604,102.89538275989119,169.5400402883042,102.89538275989119
floor_both__support,ADE_vs_original,hard,eu-locality-110,2779,78.8638881531427,78.74010835143918,-0.15720044624660812,227.93329072835834,408.3784087886384,227.4742146023239
floor_both__support,ADE_vs_original,hard,eu-locality-112,1522,59.315180490089666,59.29629753156251,-0.031845088670334754,157.81065006811522,272.4802531432175,157.08224360877819
floor_both__support,ADE_vs_original,hard,eu-locality-119,1922,70.16596480940154,70.16596480940154,0.0,175.76992045845242,274.8091526508623,175.76992045845242
floor_both__support,ADE_vs_original,hard,eu-locality-124,1375,98.04687062702293,98.04687062702293,0.0,277.5179890841983,454.9614884293962,277.5179890841983
floor_both__support,ADE_vs_original,hard,eu-locality-126,1386,64.47595683435031,64.47595683435031,0.0,150.6407980804362,231.2736903008077,150.6407980804362
floor_both__support,FDE_vs_floor,endpoint,eu-locality-007,3935,29.842485987286164,29.888556582698637,0.15414125230504006,102.630383216675,178.8430245622791,102.630383216675
floor_both__support,FDE_vs_floor,endpoint,eu-locality-074,81289,41.46883424710431,41.49722543116477,0.06841706587722429,140.26005921066073,286.21478549448835,140.27423023814484
floor_both__support,FDE_vs_floor,endpoint,eu-locality-082,859,25.389991529765044,25.52238949469827,0.5187522310978299,114.66976098816347,234.31504208196256,114.66976098816347
floor_both__support,FDE_vs_floor,endpoint,eu-locality-110,7204,58.34653433137351,58.38181863616509,0.06043714570023173,251.77304034955634,584.930399969669,251.77304034955634
floor_both__support,FDE_vs_floor,endpoint,eu-locality-112,3719,48.63089717248979,48.66719124471837,0.07457605688825364,180.28741648050087,420.67114394082915,180.28741648050087
floor_both__support,FDE_vs_floor,endpoint,eu-locality-119,4147,65.56834861706258,65.58221290238367,0.021140313367784547,270.5290560144782,484.5542592170748,270.5290560144782
floor_both__support,FDE_vs_floor,endpoint,eu-locality-124,2645,83.99199718730881,84.08831500026773,0.1145436354130891,381.9827743206876,749.8979417287693,381.9827743206876
floor_both__support,FDE_vs_floor,endpoint,eu-locality-126,4579,40.547855615804245,40.55384047391718,0.014757808491117075,185.86716972851187,367.4904107537943,185.86716972851187
floor_both__support,ADE_vs_CV,easy,eu-locality-007,1784,1.3676524193663144,1.4116372489032123,3.115873399562985,3.107079369503211,3.415136275877181,3.1829165280653378
floor_both__support,ADE_vs_CV,easy,eu-locality-074,17176,1.9588757111707482,2.0345987086931556,3.7217657319287833,3.25176183325544,3.4297087478292427,3.3227202724286355
floor_both__support,ADE_vs_CV,easy,eu-locality-082,515,1.5579860856347878,1.6292457075972016,4.373779941854616,3.032126970856838,3.403722230149994,3.1617325949953337
floor_both__support,ADE_vs_CV,easy,eu-locality-110,2009,1.755242856399429,1.8571965321602297,5.489654648569243,3.1245218448858734,3.382621184807573,3.2841980969419593
floor_both__support,ADE_vs_CV,easy,eu-locality-112,575,2.031473933189677,2.120126457156666,4.1814734054062885,3.259410824240807,3.420794969283625,3.337428914790469
floor_both__support,ADE_vs_CV,easy,eu-locality-119,1323,1.7948416157969707,1.9039962115564375,5.732920848105971,3.150553623184178,3.401506256673579,3.27321556485438
floor_both__support,ADE_vs_CV,easy,eu-locality-124,739,1.896844000671032,2.0089308960456713,5.5794301135628,3.182185292260724,3.393621028775156,3.2764853371884692
floor_both__support,ADE_vs_CV,easy,eu-locality-126,2167,1.4143668523093036,1.49949345147157,5.677023736164044,3.0198022526357384,3.368019730218118,3.17156482441628
floor_both__support,matched_risk,all,eu-locality-007,5526,13.545287318221007,13.545258433213135,-0.00021324811199097127,45.80191694195659,80.22724394770805,45.80191694195659
floor_both__support,matched_risk,all,eu-locality-074,102348,19.665215976124912,19.664462713020416,-0.0038305806544958187,64.59017966061852,133.2753575056401,64.57841050953714
floor_both__support,matched_risk,all,eu-locality-082,1368,13.530528102874438,13.530528102874438,0.0,51.77887705037489,101.91283477915022,51.77887705037489
floor_both__support,matched_risk,all,eu-locality-110,8550,30.544181849720733,30.544181849720733,0.0,121.9052045177577,270.73137899676516,121.9052045177577
floor_both__support,matched_risk,all,eu-locality-112,5004,24.568450236248342,24.568450236248342,0.0,86.2710070848162,186.18759729912014,86.2710070848162
floor_both__support,matched_risk,all,eu-locality-119,5639,28.89616052464064,28.89616052464064,0.0,114.3522798565831,201.6878989025234,114.3522798565831
floor_both__support,matched_risk,all,eu-locality-124,3550,42.4781769086317,42.4781769086317,0.0,186.18276158812444,344.5055271166482,186.18276158812444
floor_both__support,matched_risk,all,eu-locality-126,5790,19.778730356886246,19.778730356886246,0.0,86.35315067436316,157.09863889864567,86.35315067436316
floor_both__support,matched_risk,easy,eu-locality-007,1784,1.3676524193663144,1.367562947082964,-0.00654246179609963,3.107079369503211,3.415136275877181,3.107079369503211
floor_both__support,matched_risk,easy,eu-locality-074,17176,1.9588757111707482,1.9588936186069392,0.0009141607293483567,3.25176183325544,3.4297087478292427,3.25176183325544
floor_both__support,matched_risk,easy,eu-locality-082,515,1.5579860856347878,1.5579860856347878,0.0,3.032126970856838,3.403722230149994,3.032126970856838
floor_both__support,matched_risk,easy,eu-locality-110,2009,1.755242856399429,1.755242856399429,0.0,3.1245218448858734,3.382621184807573,3.1245218448858734
floor_both__support,matched_risk,easy,eu-locality-112,575,2.031473933189677,2.031473933189677,0.0,3.259410824240807,3.420794969283625,3.259410824240807
floor_both__support,matched_risk,easy,eu-locality-119,1323,1.7948416157969707,1.7948416157969707,0.0,3.150553623184178,3.401506256673579,3.150553623184178
floor_both__support,matched_risk,easy,eu-locality-124,739,1.896844000671032,1.896844000671032,0.0,3.182185292260724,3.393621028775156,3.182185292260724
floor_both__support,matched_risk,easy,eu-locality-126,2167,1.4143668523093036,1.4143668523093036,0.0,3.0198022526357384,3.368019730218118,3.0198022526357384
floor_both__support,matched_risk,hard,eu-locality-007,1057,40.4362070894249,40.4362070894249,0.0,80.93538095486694,114.29072331500305,80.93538095486694
floor_both__support,matched_risk,hard,eu-locality-074,26162,51.28860254198955,51.28562794826329,-0.005800053241533654,120.54888068579524,217.00148078226107,120.54888068579524
floor_both__support,matched_risk,hard,eu-locality-082,245,48.139745914786396,48.139745914786396,0.0,102.89538275989119,169.5400402883042,102.89538275989119
floor_both__support,matched_risk,hard,eu-locality-110,2779,78.8638881531427,78.8638881531427,0.0,227.93329072835834,408.3784087886384,227.93329072835834
floor_both__support,matched_risk,hard,eu-locality-112,1522,59.315180490089666,59.315180490089666,0.0,157.81065006811522,272.4802531432175,157.81065006811522
floor_both__support,matched_risk,hard,eu-locality-119,1922,70.16596480940154,70.16596480940154,0.0,175.76992045845242,274.8091526508623,175.76992045845242
floor_both__support,matched_risk,hard,eu-locality-124,1375,98.04687062702293,98.04687062702293,0.0,277.5179890841983,454.9614884293962,277.5179890841983
floor_both__support,matched_risk,hard,eu-locality-126,1386,64.47595683435031,64.47595683435031,0.0,150.6407980804362,231.2736903008077,150.6407980804362
floor_both__support,matched_risk,complete,eu-locality-007,2882,13.632128811951972,13.63207342730468,-0.0004062819026540154,47.50708454425716,79.58424742220402,47.50708454425716
floor_both__support,matched_risk,complete,eu-locality-074,67309,19.438154173266476,19.43816536436945,5.7572835521213506e-05,63.45357191714479,131.46535978788424,63.45357191714479
floor_both__support,matched_risk,complete,eu-locality-082,582,10.3936052585206,10.3936052585206,0.0,48.19172118275565,88.77064559267427,48.19172118275565
floor_both__support,matched_risk,complete,eu-locality-110,5804,28.459039327654473,28.459039327654473,0.0,118.53171704139565,272.8161773812056,118.53171704139565
floor_both__support,matched_risk,complete,eu-locality-112,2417,20.985260892564295,20.985260892564295,0.0,70.63131723055629,171.1830006493205,70.63131723055629
floor_both__support,matched_risk,complete,eu-locality-119,3148,28.517532736776456,28.517532736776456,0.0,111.844506586388,205.2067029563877,111.844506586388
floor_both__support,matched_risk,complete,eu-locality-124,2077,38.45652380474722,38.45652380474722,0.0,177.32650540365142,316.4037738037055,177.32650540365142
floor_both__support,matched_risk,complete,eu-locality-126,3637,19.486086698714306,19.486086698714306,0.0,85.5211371225543,163.85887416785963,85.5211371225543
floor_both__support,matched_random,all,eu-locality-007,5526,13.545287318221007,13.54533569747033,0.00035716537709618024,45.80191694195659,80.22724394770805,45.80191694195659
floor_both__support,matched_random,all,eu-locality-074,102348,19.665215976124912,19.664462713020416,-0.0038305806544958187,64.59017966061852,133.2753575056401,64.57841050953714
floor_both__support,matched_random,all,eu-locality-082,1368,13.530528102874438,13.530528102874438,0.0,51.77887705037489,101.91283477915022,51.77887705037489
floor_both__support,matched_random,all,eu-locality-110,8550,30.544181849720733,30.544181849720733,0.0,121.9052045177577,270.73137899676516,121.9052045177577
floor_both__support,matched_random,all,eu-locality-112,5004,24.568450236248342,24.568450236248342,0.0,86.2710070848162,186.18759729912014,86.2710070848162
floor_both__support,matched_random,all,eu-locality-119,5639,28.89616052464064,28.89616052464064,0.0,114.3522798565831,201.6878989025234,114.3522798565831
floor_both__support,matched_random,all,eu-locality-124,3550,42.4781769086317,42.4781769086317,0.0,186.18276158812444,344.5055271166482,186.18276158812444
floor_both__support,matched_random,all,eu-locality-126,5790,19.778730356886246,19.778730356886246,0.0,86.35315067436316,157.09863889864567,86.35315067436316
floor_both__support,matched_random,easy,eu-locality-007,1784,1.3676524193663144,1.3678022757181953,0.010955995215189418,3.107079369503211,3.415136275877181,3.107079369503211
floor_both__support,matched_random,easy,eu-locality-074,17176,1.9588757111707482,1.9588936186069392,0.0009141607293483567,3.25176183325544,3.4297087478292427,3.25176183325544
floor_both__support,matched_random,easy,eu-locality-082,515,1.5579860856347878,1.5579860856347878,0.0,3.032126970856838,3.403722230149994,3.032126970856838
floor_both__support,matched_random,easy,eu-locality-110,2009,1.755242856399429,1.755242856399429,0.0,3.1245218448858734,3.382621184807573,3.1245218448858734
floor_both__support,matched_random,easy,eu-locality-112,575,2.031473933189677,2.031473933189677,0.0,3.259410824240807,3.420794969283625,3.259410824240807
floor_both__support,matched_random,easy,eu-locality-119,1323,1.7948416157969707,1.7948416157969707,0.0,3.150553623184178,3.401506256673579,3.150553623184178
floor_both__support,matched_random,easy,eu-locality-124,739,1.896844000671032,1.896844000671032,0.0,3.182185292260724,3.393621028775156,3.182185292260724
floor_both__support,matched_random,easy,eu-locality-126,2167,1.4143668523093036,1.4143668523093036,0.0,3.0198022526357384,3.368019730218118,3.0198022526357384
floor_both__support,matched_random,hard,eu-locality-007,1057,40.4362070894249,40.4362070894249,0.0,80.93538095486694,114.29072331500305,80.93538095486694
floor_both__support,matched_random,hard,eu-locality-074,26162,51.28860254198955,51.28562794826329,-0.005800053241533654,120.54888068579524,217.00148078226107,120.54888068579524
floor_both__support,matched_random,hard,eu-locality-082,245,48.139745914786396,48.139745914786396,0.0,102.89538275989119,169.5400402883042,102.89538275989119
floor_both__support,matched_random,hard,eu-locality-110,2779,78.8638881531427,78.8638881531427,0.0,227.93329072835834,408.3784087886384,227.93329072835834
floor_both__support,matched_random,hard,eu-locality-112,1522,59.315180490089666,59.315180490089666,0.0,157.81065006811522,272.4802531432175,157.81065006811522
floor_both__support,matched_random,hard,eu-locality-119,1922,70.16596480940154,70.16596480940154,0.0,175.76992045845242,274.8091526508623,175.76992045845242
floor_both__support,matched_random,hard,eu-locality-124,1375,98.04687062702293,98.04687062702293,0.0,277.5179890841983,454.9614884293962,277.5179890841983
floor_both__support,matched_random,hard,eu-locality-126,1386,64.47595683435031,64.47595683435031,0.0,150.6407980804362,231.2736903008077,150.6407980804362
floor_both__support,matched_random,complete,eu-locality-007,2882,13.632128811951972,13.632221575217676,0.0006804706422336437,47.50708454425716,79.58424742220402,47.50708454425716
floor_both__support,matched_random,complete,eu-locality-074,67309,19.438154173266476,19.43816536436945,5.7572835521213506e-05,63.45357191714479,131.46535978788424,63.45357191714479
floor_both__support,matched_random,complete,eu-locality-082,582,10.3936052585206,10.3936052585206,0.0,48.19172118275565,88.77064559267427,48.19172118275565
floor_both__support,matched_random,complete,eu-locality-110,5804,28.459039327654473,28.459039327654473,0.0,118.53171704139565,272.8161773812056,118.53171704139565
floor_both__support,matched_random,complete,eu-locality-112,2417,20.985260892564295,20.985260892564295,0.0,70.63131723055629,171.1830006493205,70.63131723055629
floor_both__support,matched_random,complete,eu-locality-119,3148,28.517532736776456,28.517532736776456,0.0,111.844506586388,205.2067029563877,111.844506586388
floor_both__support,matched_random,complete,eu-locality-124,2077,38.45652380474722,38.45652380474722,0.0,177.32650540365142,316.4037738037055,177.32650540365142
floor_both__support,matched_random,complete,eu-locality-126,3637,19.486086698714306,19.486086698714306,0.0,85.5211371225543,163.85887416785963,85.5211371225543
floor_both__support_risk,ADE_vs_floor,all,eu-locality-007,5526,13.545258433213135,13.571456426657702,0.19303745022610785,45.80191694195659,80.22724394770805,45.83062605295613
floor_both__support_risk,ADE_vs_floor,all,eu-locality-074,102348,19.664462713020416,19.680252048687063,0.08022933663442977,64.57841050953714,133.2753575056401,64.60111806709888
floor_both__support_risk,ADE_vs_floor,all,eu-locality-082,1368,13.530528102874438,13.580833430361215,0.37041414096364855,51.77887705037489,101.91283477915022,51.77887705037489
floor_both__support_risk,ADE_vs_floor,all,eu-locality-110,8550,30.544181849720733,30.56006396751505,0.05197017195774922,121.9052045177577,270.73137899676516,121.9052045177577
floor_both__support_risk,ADE_vs_floor,all,eu-locality-112,5004,24.568450236248342,24.592755728578894,0.09883191863002683,86.2710070848162,186.18759729912014,86.2710070848162
floor_both__support_risk,ADE_vs_floor,all,eu-locality-119,5639,28.89616052464064,28.90245639943102,0.021783182382051347,114.3522798565831,201.6878989025234,114.3522798565831
floor_both__support_risk,ADE_vs_floor,all,eu-locality-124,3550,42.4781769086317,42.52091593022507,0.10051293735887645,186.18276158812444,344.5055271166482,186.18276158812444
floor_both__support_risk,ADE_vs_floor,all,eu-locality-126,5790,19.778730356886246,19.78147939556481,0.013897032793097619,86.35315067436316,157.09863889864567,86.35315067436316
floor_both__support_risk,ADE_vs_floor,easy,eu-locality-007,1784,1.367562947082964,1.3775615757120319,0.7258208130478505,3.107079369503211,3.415136275877181,3.1092839133041323
floor_both__support_risk,ADE_vs_floor,easy,eu-locality-074,17176,1.9588936186069392,1.961547141225197,0.13527702508339123,3.25176183325544,3.4297087478292427,3.251506809424719
floor_both__support_risk,ADE_vs_floor,easy,eu-locality-082,515,1.5579860856347878,1.575300025710263,1.0990884144541746,3.032126970856838,3.403722230149994,3.0267587675843264
floor_both__support_risk,ADE_vs_floor,easy,eu-locality-110,2009,1.755242856399429,1.7592923102432503,0.23017515737685512,3.1245218448858734,3.382621184807573,3.1245218448858734
floor_both__support_risk,ADE_vs_floor,easy,eu-locality-112,575,2.031473933189677,2.0370533471006134,0.2738963080607393,3.259410824240807,3.420794969283625,3.259410824240807
floor_both__support_risk,ADE_vs_floor,easy,eu-locality-119,1323,1.7948416157969707,1.8135436782216436,1.0312441133489614,3.150553623184178,3.401506256673579,3.152681264809638
floor_both__support_risk,ADE_vs_floor,easy,eu-locality-124,739,1.896844000671032,1.9113394525639587,0.7583923344166688,3.182185292260724,3.393621028775156,3.182185292260724
floor_both__support_risk,ADE_vs_floor,easy,eu-locality-126,2167,1.4143668523093036,1.4178082409981645,0.24272596175898276,3.0198022526357384,3.368019730218118,3.026602969634056
floor_both__support_risk,ADE_vs_floor,hard,eu-locality-007,1057,40.4362070894249,40.48406329056549,0.11820997511320375,80.93538095486694,114.29072331500305,80.93538095486694
floor_both__support_risk,ADE_vs_floor,hard,eu-locality-074,26162,51.28562794826329,51.3170310418699,0.06119429158126799,120.54888068579524,217.00148078226107,120.73356434057523
floor_both__support_risk,ADE_vs_floor,hard,eu-locality-082,245,48.139745914786396,48.2662878754598,0.26217462797205604,102.89538275989119,169.5400402883042,102.89538275989119
floor_both__support_risk,ADE_vs_floor,hard,eu-locality-110,2779,78.8638881531427,78.8807295717048,0.021350485287785492,227.93329072835834,408.3784087886384,227.93329072835834
floor_both__support_risk,ADE_vs_floor,hard,eu-locality-112,1522,59.315180490089666,59.33181373883102,0.02803428328447266,157.81065006811522,272.4802531432175,157.81065006811522
floor_both__support_risk,ADE_vs_floor,hard,eu-locality-119,1922,70.16596480940154,70.16596480940154,0.0,175.76992045845242,274.8091526508623,175.76992045845242
floor_both__support_risk,ADE_vs_floor,hard,eu-locality-124,1375,98.04687062702293,98.04615603839234,-0.0007288288082385463,277.5179890841983,454.9614884293962,277.5179890841983
floor_both__support_risk,ADE_vs_floor,hard,eu-locality-126,1386,64.47595683435031,64.47595683435031,0.0,150.6407980804362,231.2736903008077,150.6407980804362
floor_both__support_risk,ADE_vs_floor,complete,eu-locality-007,2882,13.63207342730468,13.65246856543941,0.14938791499112813,47.50708454425716,79.58424742220402,47.6301953356149
floor_both__support_risk,ADE_vs_floor,complete,eu-locality-074,67309,19.43816536436945,19.452443841842047,0.07340197246520352,63.45357191714479,131.46535978788424,63.47625631914233
floor_both__support_risk,ADE_vs_floor,complete,eu-locality-082,582,10.3936052585206,10.467596402215777,0.7068589660135904,48.19172118275565,88.77064559267427,48.19172118275565
floor_both__support_risk,ADE_vs_floor,complete,eu-locality-110,5804,28.459039327654473,28.483970812722102,0.08752812320849124,118.53171704139565,272.8161773812056,118.53171704139565
floor_both__support_risk,ADE_vs_floor,complete,eu-locality-112,2417,20.985260892564295,21.011237005741744,0.12362962337891803,70.63131723055629,171.1830006493205,70.63131723055629
floor_both__support_risk,ADE_vs_floor,complete,eu-locality-119,3148,28.517532736776456,28.52486855057138,0.025717257143254013,111.844506586388,205.2067029563877,111.844506586388
floor_both__support_risk,ADE_vs_floor,complete,eu-locality-124,2077,38.45652380474722,38.52083475074527,0.16695107054192082,177.32650540365142,316.4037738037055,177.32650540365142
floor_both__support_risk,ADE_vs_floor,complete,eu-locality-126,3637,19.486086698714306,19.48963565878005,0.018209473629349215,85.5211371225543,163.85887416785963,85.5211371225543
floor_both__support_risk,ADE_vs_original,all,eu-locality-007,5526,13.545258433213135,13.550110164322314,0.035805842538116917,45.80191694195659,80.22724394770805,45.80191694195659
floor_both__support_risk,ADE_vs_original,all,eu-locality-074,102348,19.664462713020416,19.648011080805794,-0.08373179426133248,64.57841050953714,133.2753575056401,64.48811435092192
floor_both__support_risk,ADE_vs_original,all,eu-locality-082,1368,13.530528102874438,13.5193493704514,-0.08268691130559613,51.77887705037489,101.91283477915022,51.77887705037489
floor_both__support_risk,ADE_vs_original,all,eu-locality-110,8550,30.544181849720733,30.502519616600438,-0.13658620220220463,121.9052045177577,270.73137899676516,121.68449105426859
floor_both__support_risk,ADE_vs_original,all,eu-locality-112,5004,24.568450236248342,24.562706858374973,-0.023382511978353726,86.2710070848162,186.18759729912014,86.2710070848162
floor_both__support_risk,ADE_vs_original,all,eu-locality-119,5639,28.89616052464064,28.895775730759617,-0.0013316613632685659,114.3522798565831,201.6878989025234,114.3522798565831
floor_both__support_risk,ADE_vs_original,all,eu-locality-124,3550,42.4781769086317,42.46796511026944,-0.024045885729973016,186.18276158812444,344.5055271166482,186.18276158812444
floor_both__support_risk,ADE_vs_original,all,eu-locality-126,5790,19.778730356886246,19.778735531863855,2.6164350097612754e-05,86.35315067436316,157.09863889864567,86.35315067436316
floor_both__support_risk,ADE_vs_original,easy,eu-locality-007,1784,1.367562947082964,1.3676668845093145,0.007599615632125634,3.107079369503211,3.415136275877181,3.107079369503211
floor_both__support_risk,ADE_vs_original,easy,eu-locality-074,17176,1.9588936186069392,1.9583893836916622,-0.025747428957489937,3.25176183325544,3.4297087478292427,3.25176183325544
floor_both__support_risk,ADE_vs_original,easy,eu-locality-082,515,1.5579860856347878,1.5579860856347878,0.0,3.032126970856838,3.403722230149994,3.032126970856838
floor_both__support_risk,ADE_vs_original,easy,eu-locality-110,2009,1.755242856399429,1.7552305301113353,-0.0007022603516704251,3.1245218448858734,3.382621184807573,3.1245218448858734
floor_both__support_risk,ADE_vs_original,easy,eu-locality-112,575,2.031473933189677,2.031473933189677,0.0,3.259410824240807,3.420794969283625,3.259410824240807
floor_both__support_risk,ADE_vs_original,easy,eu-locality-119,1323,1.7948416157969707,1.7932015154983372,-0.09146212985313706,3.150553623184178,3.401506256673579,3.150553623184178
floor_both__support_risk,ADE_vs_original,easy,eu-locality-124,739,1.896844000671032,1.896844000671032,0.0,3.182185292260724,3.393621028775156,3.182185292260724
floor_both__support_risk,ADE_vs_original,easy,eu-locality-126,2167,1.4143668523093036,1.4143806793145406,0.0009776013939699624,3.0198022526357384,3.368019730218118,3.0198022526357384
floor_both__support_risk,ADE_vs_original,hard,eu-locality-007,1057,40.4362070894249,40.4519520600027,0.038922647180150705,80.93538095486694,114.29072331500305,80.93538095486694
floor_both__support_risk,ADE_vs_original,hard,eu-locality-074,26162,51.28562794826329,51.22419818080013,-0.11992333632306895,120.54888068579524,217.00148078226107,119.8390672720082
floor_both__support_risk,ADE_vs_original,hard,eu-locality-082,245,48.139745914786396,48.1505441895684,0.022426070076153604,102.89538275989119,169.5400402883042,102.89538275989119
floor_both__support_risk,ADE_vs_original,hard,eu-locality-110,2779,78.8638881531427,78.74010835143918,-0.15720044624660812,227.93329072835834,408.3784087886384,227.4742146023239
floor_both__support_risk,ADE_vs_original,hard,eu-locality-112,1522,59.315180490089666,59.29629753156251,-0.031845088670334754,157.81065006811522,272.4802531432175,157.08224360877819
floor_both__support_risk,ADE_vs_original,hard,eu-locality-119,1922,70.16596480940154,70.16596480940154,0.0,175.76992045845242,274.8091526508623,175.76992045845242
floor_both__support_risk,ADE_vs_original,hard,eu-locality-124,1375,98.04687062702293,98.04687062702293,0.0,277.5179890841983,454.9614884293962,277.5179890841983
floor_both__support_risk,ADE_vs_original,hard,eu-locality-126,1386,64.47595683435031,64.47595683435031,0.0,150.6407980804362,231.2736903008077,150.6407980804362
floor_both__support_risk,FDE_vs_floor,endpoint,eu-locality-007,3935,29.842445979198168,29.888556582698637,0.15427510984977744,102.630383216675,178.8430245622791,102.630383216675
floor_both__support_risk,FDE_vs_floor,endpoint,eu-locality-074,81289,41.46769987548241,41.49722543116477,0.07115067423324462,140.25222867033568,286.21478549448835,140.27423023814484
floor_both__support_risk,FDE_vs_floor,endpoint,eu-locality-082,859,25.389991529765044,25.52238949469827,0.5187522310978299,114.66976098816347,234.31504208196256,114.66976098816347
floor_both__support_risk,FDE_vs_floor,endpoint,eu-locality-110,7204,58.34653433137351,58.38181863616509,0.06043714570023173,251.77304034955634,584.930399969669,251.77304034955634
floor_both__support_risk,FDE_vs_floor,endpoint,eu-locality-112,3719,48.63089717248979,48.66719124471837,0.07457605688825364,180.28741648050087,420.67114394082915,180.28741648050087
floor_both__support_risk,FDE_vs_floor,endpoint,eu-locality-119,4147,65.56834861706258,65.58221290238367,0.021140313367784547,270.5290560144782,484.5542592170748,270.5290560144782
floor_both__support_risk,FDE_vs_floor,endpoint,eu-locality-124,2645,83.99199718730881,84.08831500026773,0.1145436354130891,381.9827743206876,749.8979417287693,381.9827743206876
floor_both__support_risk,FDE_vs_floor,endpoint,eu-locality-126,4579,40.547855615804245,40.55384047391718,0.014757808491117075,185.86716972851187,367.4904107537943,185.86716972851187
floor_both__support_risk,ADE_vs_CV,easy,eu-locality-007,1784,1.367562947082964,1.4116372489032123,3.1222115918584814,3.107079369503211,3.415136275877181,3.1829165280653378
floor_both__support_risk,ADE_vs_CV,easy,eu-locality-074,17176,1.9588936186069392,2.0345987086931556,3.720885586074252,3.25176183325544,3.4297087478292427,3.3227202724286355
floor_both__support_risk,ADE_vs_CV,easy,eu-locality-082,515,1.5579860856347878,1.6292457075972016,4.373779941854616,3.032126970856838,3.403722230149994,3.1617325949953337
floor_both__support_risk,ADE_vs_CV,easy,eu-locality-110,2009,1.755242856399429,1.8571965321602297,5.489654648569243,3.1245218448858734,3.382621184807573,3.2841980969419593
floor_both__support_risk,ADE_vs_CV,easy,eu-locality-112,575,2.031473933189677,2.120126457156666,4.1814734054062885,3.259410824240807,3.420794969283625,3.337428914790469
floor_both__support_risk,ADE_vs_CV,easy,eu-locality-119,1323,1.7948416157969707,1.9039962115564375,5.732920848105971,3.150553623184178,3.401506256673579,3.27321556485438
floor_both__support_risk,ADE_vs_CV,easy,eu-locality-124,739,1.896844000671032,2.0089308960456713,5.5794301135628,3.182185292260724,3.393621028775156,3.2764853371884692
floor_both__support_risk,ADE_vs_CV,easy,eu-locality-126,2167,1.4143668523093036,1.49949345147157,5.677023736164044,3.0198022526357384,3.368019730218118,3.17156482441628
floor_both__support_random,ADE_vs_floor,all,eu-locality-007,5526,13.54533569747033,13.571456426657702,0.19246813581529354,45.80191694195659,80.22724394770805,45.83062605295613
floor_both__support_random,ADE_vs_floor,all,eu-locality-074,102348,19.664462713020416,19.680252048687063,0.08022933663442977,64.57841050953714,133.2753575056401,64.60111806709888
floor_both__support_random,ADE_vs_floor,all,eu-locality-082,1368,13.530528102874438,13.580833430361215,0.37041414096364855,51.77887705037489,101.91283477915022,51.77887705037489
floor_both__support_random,ADE_vs_floor,all,eu-locality-110,8550,30.544181849720733,30.56006396751505,0.05197017195774922,121.9052045177577,270.73137899676516,121.9052045177577
floor_both__support_random,ADE_vs_floor,all,eu-locality-112,5004,24.568450236248342,24.592755728578894,0.09883191863002683,86.2710070848162,186.18759729912014,86.2710070848162
floor_both__support_random,ADE_vs_floor,all,eu-locality-119,5639,28.89616052464064,28.90245639943102,0.021783182382051347,114.3522798565831,201.6878989025234,114.3522798565831
floor_both__support_random,ADE_vs_floor,all,eu-locality-124,3550,42.4781769086317,42.52091593022507,0.10051293735887645,186.18276158812444,344.5055271166482,186.18276158812444
floor_both__support_random,ADE_vs_floor,all,eu-locality-126,5790,19.778730356886246,19.78147939556481,0.013897032793097619,86.35315067436316,157.09863889864567,86.35315067436316
floor_both__support_random,ADE_vs_floor,easy,eu-locality-007,1784,1.3678022757181953,1.3775615757120319,0.7084474600557944,3.107079369503211,3.415136275877181,3.1092839133041323
floor_both__support_random,ADE_vs_floor,easy,eu-locality-074,17176,1.9588936186069392,1.961547141225197,0.13527702508339123,3.25176183325544,3.4297087478292427,3.251506809424719
floor_both__support_random,ADE_vs_floor,easy,eu-locality-082,515,1.5579860856347878,1.575300025710263,1.0990884144541746,3.032126970856838,3.403722230149994,3.0267587675843264
floor_both__support_random,ADE_vs_floor,easy,eu-locality-110,2009,1.755242856399429,1.7592923102432503,0.23017515737685512,3.1245218448858734,3.382621184807573,3.1245218448858734
floor_both__support_random,ADE_vs_floor,easy,eu-locality-112,575,2.031473933189677,2.0370533471006134,0.2738963080607393,3.259410824240807,3.420794969283625,3.259410824240807
floor_both__support_random,ADE_vs_floor,easy,eu-locality-119,1323,1.7948416157969707,1.8135436782216436,1.0312441133489614,3.150553623184178,3.401506256673579,3.152681264809638
floor_both__support_random,ADE_vs_floor,easy,eu-locality-124,739,1.896844000671032,1.9113394525639587,0.7583923344166688,3.182185292260724,3.393621028775156,3.182185292260724
floor_both__support_random,ADE_vs_floor,easy,eu-locality-126,2167,1.4143668523093036,1.4178082409981645,0.24272596175898276,3.0198022526357384,3.368019730218118,3.026602969634056
floor_both__support_random,ADE_vs_floor,hard,eu-locality-007,1057,40.4362070894249,40.48406329056549,0.11820997511320375,80.93538095486694,114.29072331500305,80.93538095486694
floor_both__support_random,ADE_vs_floor,hard,eu-locality-074,26162,51.28562794826329,51.3170310418699,0.06119429158126799,120.54888068579524,217.00148078226107,120.73356434057523
floor_both__support_random,ADE_vs_floor,hard,eu-locality-082,245,48.139745914786396,48.2662878754598,0.26217462797205604,102.89538275989119,169.5400402883042,102.89538275989119
floor_both__support_random,ADE_vs_floor,hard,eu-locality-110,2779,78.8638881531427,78.8807295717048,0.021350485287785492,227.93329072835834,408.3784087886384,227.93329072835834
floor_both__support_random,ADE_vs_floor,hard,eu-locality-112,1522,59.315180490089666,59.33181373883102,0.02803428328447266,157.81065006811522,272.4802531432175,157.81065006811522
floor_both__support_random,ADE_vs_floor,hard,eu-locality-119,1922,70.16596480940154,70.16596480940154,0.0,175.76992045845242,274.8091526508623,175.76992045845242
floor_both__support_random,ADE_vs_floor,hard,eu-locality-124,1375,98.04687062702293,98.04615603839234,-0.0007288288082385463,277.5179890841983,454.9614884293962,277.5179890841983
floor_both__support_random,ADE_vs_floor,hard,eu-locality-126,1386,64.47595683435031,64.47595683435031,0.0,150.6407980804362,231.2736903008077,150.6407980804362
floor_both__support_random,ADE_vs_floor,complete,eu-locality-007,2882,13.632221575217676,13.65246856543941,0.14830277853917773,47.50708454425716,79.58424742220402,47.6301953356149
floor_both__support_random,ADE_vs_floor,complete,eu-locality-074,67309,19.43816536436945,19.452443841842047,0.07340197246520352,63.45357191714479,131.46535978788424,63.47625631914233
floor_both__support_random,ADE_vs_floor,complete,eu-locality-082,582,10.3936052585206,10.467596402215777,0.7068589660135904,48.19172118275565,88.77064559267427,48.19172118275565
floor_both__support_random,ADE_vs_floor,complete,eu-locality-110,5804,28.459039327654473,28.483970812722102,0.08752812320849124,118.53171704139565,272.8161773812056,118.53171704139565
floor_both__support_random,ADE_vs_floor,complete,eu-locality-112,2417,20.985260892564295,21.011237005741744,0.12362962337891803,70.63131723055629,171.1830006493205,70.63131723055629
floor_both__support_random,ADE_vs_floor,complete,eu-locality-119,3148,28.517532736776456,28.52486855057138,0.025717257143254013,111.844506586388,205.2067029563877,111.844506586388
floor_both__support_random,ADE_vs_floor,complete,eu-locality-124,2077,38.45652380474722,38.52083475074527,0.16695107054192082,177.32650540365142,316.4037738037055,177.32650540365142
floor_both__support_random,ADE_vs_floor,complete,eu-locality-126,3637,19.486086698714306,19.48963565878005,0.018209473629349215,85.5211371225543,163.85887416785963,85.5211371225543
floor_both__support_random,ADE_vs_original,all,eu-locality-007,5526,13.54533569747033,13.550110164322314,0.03523563125379381,45.80191694195659,80.22724394770805,45.80191694195659
floor_both__support_random,ADE_vs_original,all,eu-locality-074,102348,19.664462713020416,19.648011080805794,-0.08373179426133248,64.57841050953714,133.2753575056401,64.48811435092192
floor_both__support_random,ADE_vs_original,all,eu-locality-082,1368,13.530528102874438,13.5193493704514,-0.08268691130559613,51.77887705037489,101.91283477915022,51.77887705037489
floor_both__support_random,ADE_vs_original,all,eu-locality-110,8550,30.544181849720733,30.502519616600438,-0.13658620220220463,121.9052045177577,270.73137899676516,121.68449105426859
floor_both__support_random,ADE_vs_original,all,eu-locality-112,5004,24.568450236248342,24.562706858374973,-0.023382511978353726,86.2710070848162,186.18759729912014,86.2710070848162
floor_both__support_random,ADE_vs_original,all,eu-locality-119,5639,28.89616052464064,28.895775730759617,-0.0013316613632685659,114.3522798565831,201.6878989025234,114.3522798565831
floor_both__support_random,ADE_vs_original,all,eu-locality-124,3550,42.4781769086317,42.46796511026944,-0.024045885729973016,186.18276158812444,344.5055271166482,186.18276158812444
floor_both__support_random,ADE_vs_original,all,eu-locality-126,5790,19.778730356886246,19.778735531863855,2.6164350097612754e-05,86.35315067436316,157.09863889864567,86.35315067436316
floor_both__support_random,ADE_vs_original,easy,eu-locality-007,1784,1.3678022757181953,1.3676668845093145,-0.009899428758153306,3.107079369503211,3.415136275877181,3.107079369503211
floor_both__support_random,ADE_vs_original,easy,eu-locality-074,17176,1.9588936186069392,1.9583893836916622,-0.025747428957489937,3.25176183325544,3.4297087478292427,3.25176183325544
floor_both__support_random,ADE_vs_original,easy,eu-locality-082,515,1.5579860856347878,1.5579860856347878,0.0,3.032126970856838,3.403722230149994,3.032126970856838
floor_both__support_random,ADE_vs_original,easy,eu-locality-110,2009,1.755242856399429,1.7552305301113353,-0.0007022603516704251,3.1245218448858734,3.382621184807573,3.1245218448858734
floor_both__support_random,ADE_vs_original,easy,eu-locality-112,575,2.031473933189677,2.031473933189677,0.0,3.259410824240807,3.420794969283625,3.259410824240807
floor_both__support_random,ADE_vs_original,easy,eu-locality-119,1323,1.7948416157969707,1.7932015154983372,-0.09146212985313706,3.150553623184178,3.401506256673579,3.150553623184178
floor_both__support_random,ADE_vs_original,easy,eu-locality-124,739,1.896844000671032,1.896844000671032,0.0,3.182185292260724,3.393621028775156,3.182185292260724
floor_both__support_random,ADE_vs_original,easy,eu-locality-126,2167,1.4143668523093036,1.4143806793145406,0.0009776013939699624,3.0198022526357384,3.368019730218118,3.0198022526357384
floor_both__support_random,ADE_vs_original,hard,eu-locality-007,1057,40.4362070894249,40.4519520600027,0.038922647180150705,80.93538095486694,114.29072331500305,80.93538095486694
floor_both__support_random,ADE_vs_original,hard,eu-locality-074,26162,51.28562794826329,51.22419818080013,-0.11992333632306895,120.54888068579524,217.00148078226107,119.8390672720082
floor_both__support_random,ADE_vs_original,hard,eu-locality-082,245,48.139745914786396,48.1505441895684,0.022426070076153604,102.89538275989119,169.5400402883042,102.89538275989119
floor_both__support_random,ADE_vs_original,hard,eu-locality-110,2779,78.8638881531427,78.74010835143918,-0.15720044624660812,227.93329072835834,408.3784087886384,227.4742146023239
floor_both__support_random,ADE_vs_original,hard,eu-locality-112,1522,59.315180490089666,59.29629753156251,-0.031845088670334754,157.81065006811522,272.4802531432175,157.08224360877819
floor_both__support_random,ADE_vs_original,hard,eu-locality-119,1922,70.16596480940154,70.16596480940154,0.0,175.76992045845242,274.8091526508623,175.76992045845242
floor_both__support_random,ADE_vs_original,hard,eu-locality-124,1375,98.04687062702293,98.04687062702293,0.0,277.5179890841983,454.9614884293962,277.5179890841983
floor_both__support_random,ADE_vs_original,hard,eu-locality-126,1386,64.47595683435031,64.47595683435031,0.0,150.6407980804362,231.2736903008077,150.6407980804362
floor_both__support_random,FDE_vs_floor,endpoint,eu-locality-007,3935,29.84258969810285,29.888556582698637,0.15379426058466095,102.630383216675,178.8430245622791,102.630383216675
floor_both__support_random,FDE_vs_floor,endpoint,eu-locality-074,81289,41.46769987548241,41.49722543116477,0.07115067423324462,140.25222867033568,286.21478549448835,140.27423023814484
floor_both__support_random,FDE_vs_floor,endpoint,eu-locality-082,859,25.389991529765044,25.52238949469827,0.5187522310978299,114.66976098816347,234.31504208196256,114.66976098816347
floor_both__support_random,FDE_vs_floor,endpoint,eu-locality-110,7204,58.34653433137351,58.38181863616509,0.06043714570023173,251.77304034955634,584.930399969669,251.77304034955634
floor_both__support_random,FDE_vs_floor,endpoint,eu-locality-112,3719,48.63089717248979,48.66719124471837,0.07457605688825364,180.28741648050087,420.67114394082915,180.28741648050087
floor_both__support_random,FDE_vs_floor,endpoint,eu-locality-119,4147,65.56834861706258,65.58221290238367,0.021140313367784547,270.5290560144782,484.5542592170748,270.5290560144782
floor_both__support_random,FDE_vs_floor,endpoint,eu-locality-124,2645,83.99199718730881,84.08831500026773,0.1145436354130891,381.9827743206876,749.8979417287693,381.9827743206876
floor_both__support_random,FDE_vs_floor,endpoint,eu-locality-126,4579,40.547855615804245,40.55384047391718,0.014757808491117075,185.86716972851187,367.4904107537943,185.86716972851187
floor_both__support_random,ADE_vs_CV,easy,eu-locality-007,1784,1.3678022757181953,1.4116372489032123,3.1052576162236445,3.107079369503211,3.415136275877181,3.1829165280653378
floor_both__support_random,ADE_vs_CV,easy,eu-locality-074,17176,1.9588936186069392,2.0345987086931556,3.720885586074252,3.25176183325544,3.4297087478292427,3.3227202724286355
floor_both__support_random,ADE_vs_CV,easy,eu-locality-082,515,1.5579860856347878,1.6292457075972016,4.373779941854616,3.032126970856838,3.403722230149994,3.1617325949953337
floor_both__support_random,ADE_vs_CV,easy,eu-locality-110,2009,1.755242856399429,1.8571965321602297,5.489654648569243,3.1245218448858734,3.382621184807573,3.2841980969419593
floor_both__support_random,ADE_vs_CV,easy,eu-locality-112,575,2.031473933189677,2.120126457156666,4.1814734054062885,3.259410824240807,3.420794969283625,3.337428914790469
floor_both__support_random,ADE_vs_CV,easy,eu-locality-119,1323,1.7948416157969707,1.9039962115564375,5.732920848105971,3.150553623184178,3.401506256673579,3.27321556485438
floor_both__support_random,ADE_vs_CV,easy,eu-locality-124,739,1.896844000671032,2.0089308960456713,5.5794301135628,3.182185292260724,3.393621028775156,3.2764853371884692
floor_both__support_random,ADE_vs_CV,easy,eu-locality-126,2167,1.4143668523093036,1.49949345147157,5.677023736164044,3.0198022526357384,3.368019730218118,3.17156482441628
floor_both__combined,ADE_vs_floor,all,eu-locality-007,5526,13.545287318221007,13.571456426657702,0.1928246137628431,45.80191694195659,80.22724394770805,45.83062605295613
floor_both__combined,ADE_vs_floor,all,eu-locality-074,102348,19.665215976124912,19.680252048687063,0.07640182922938887,64.59017966061852,133.2753575056401,64.60111806709888
floor_both__combined,ADE_vs_floor,all,eu-locality-082,1368,13.530528102874438,13.580833430361215,0.37041414096364855,51.77887705037489,101.91283477915022,51.77887705037489
floor_both__combined,ADE_vs_floor,all,eu-locality-110,8550,30.544181849720733,30.56006396751505,0.05197017195774922,121.9052045177577,270.73137899676516,121.9052045177577
floor_both__combined,ADE_vs_floor,all,eu-locality-112,5004,24.568450236248342,24.592755728578894,0.09883191863002683,86.2710070848162,186.18759729912014,86.2710070848162
floor_both__combined,ADE_vs_floor,all,eu-locality-119,5639,28.89616052464064,28.90245639943102,0.021783182382051347,114.3522798565831,201.6878989025234,114.3522798565831
floor_both__combined,ADE_vs_floor,all,eu-locality-124,3550,42.4781769086317,42.52091593022507,0.10051293735887645,186.18276158812444,344.5055271166482,186.18276158812444
floor_both__combined,ADE_vs_floor,all,eu-locality-126,5790,19.778730356886246,19.78147939556481,0.013897032793097619,86.35315067436316,157.09863889864567,86.35315067436316
floor_both__combined,ADE_vs_floor,easy,eu-locality-007,1784,1.3676524193663144,1.3775615757120319,0.7193258378011547,3.107079369503211,3.415136275877181,3.1092839133041323
floor_both__combined,ADE_vs_floor,easy,eu-locality-074,17176,1.9588757111707482,1.961547141225197,0.13618994916330118,3.25176183325544,3.4297087478292427,3.251506809424719
floor_both__combined,ADE_vs_floor,easy,eu-locality-082,515,1.5579860856347878,1.575300025710263,1.0990884144541746,3.032126970856838,3.403722230149994,3.0267587675843264
floor_both__combined,ADE_vs_floor,easy,eu-locality-110,2009,1.755242856399429,1.7592923102432503,0.23017515737685512,3.1245218448858734,3.382621184807573,3.1245218448858734
floor_both__combined,ADE_vs_floor,easy,eu-locality-112,575,2.031473933189677,2.0370533471006134,0.2738963080607393,3.259410824240807,3.420794969283625,3.259410824240807
floor_both__combined,ADE_vs_floor,easy,eu-locality-119,1323,1.7948416157969707,1.8135436782216436,1.0312441133489614,3.150553623184178,3.401506256673579,3.152681264809638
floor_both__combined,ADE_vs_floor,easy,eu-locality-124,739,1.896844000671032,1.9113394525639587,0.7583923344166688,3.182185292260724,3.393621028775156,3.182185292260724
floor_both__combined,ADE_vs_floor,easy,eu-locality-126,2167,1.4143668523093036,1.4178082409981645,0.24272596175898276,3.0198022526357384,3.368019730218118,3.026602969634056
floor_both__combined,ADE_vs_floor,hard,eu-locality-007,1057,40.4362070894249,40.48406329056549,0.11820997511320375,80.93538095486694,114.29072331500305,80.93538095486694
floor_both__combined,ADE_vs_floor,hard,eu-locality-074,26162,51.28860254198955,51.3170310418699,0.055397787641220386,120.54888068579524,217.00148078226107,120.73356434057523
floor_both__combined,ADE_vs_floor,hard,eu-locality-082,245,48.139745914786396,48.2662878754598,0.26217462797205604,102.89538275989119,169.5400402883042,102.89538275989119
floor_both__combined,ADE_vs_floor,hard,eu-locality-110,2779,78.8638881531427,78.8807295717048,0.021350485287785492,227.93329072835834,408.3784087886384,227.93329072835834
floor_both__combined,ADE_vs_floor,hard,eu-locality-112,1522,59.315180490089666,59.33181373883102,0.02803428328447266,157.81065006811522,272.4802531432175,157.81065006811522
floor_both__combined,ADE_vs_floor,hard,eu-locality-119,1922,70.16596480940154,70.16596480940154,0.0,175.76992045845242,274.8091526508623,175.76992045845242
floor_both__combined,ADE_vs_floor,hard,eu-locality-124,1375,98.04687062702293,98.04615603839234,-0.0007288288082385463,277.5179890841983,454.9614884293962,277.5179890841983
floor_both__combined,ADE_vs_floor,hard,eu-locality-126,1386,64.47595683435031,64.47595683435031,0.0,150.6407980804362,231.2736903008077,150.6407980804362
floor_both__combined,ADE_vs_floor,complete,eu-locality-007,2882,13.632128811951972,13.65246856543941,0.1489822400245422,47.50708454425716,79.58424742220402,47.6301953356149
floor_both__combined,ADE_vs_floor,complete,eu-locality-074,67309,19.438154173266476,19.452443841842047,0.07345950304112892,63.45357191714479,131.46535978788424,63.47625631914233
floor_both__combined,ADE_vs_floor,complete,eu-locality-082,582,10.3936052585206,10.467596402215777,0.7068589660135904,48.19172118275565,88.77064559267427,48.19172118275565
floor_both__combined,ADE_vs_floor,complete,eu-locality-110,5804,28.459039327654473,28.483970812722102,0.08752812320849124,118.53171704139565,272.8161773812056,118.53171704139565
floor_both__combined,ADE_vs_floor,complete,eu-locality-112,2417,20.985260892564295,21.011237005741744,0.12362962337891803,70.63131723055629,171.1830006493205,70.63131723055629
floor_both__combined,ADE_vs_floor,complete,eu-locality-119,3148,28.517532736776456,28.52486855057138,0.025717257143254013,111.844506586388,205.2067029563877,111.844506586388
floor_both__combined,ADE_vs_floor,complete,eu-locality-124,2077,38.45652380474722,38.52083475074527,0.16695107054192082,177.32650540365142,316.4037738037055,177.32650540365142
floor_both__combined,ADE_vs_floor,complete,eu-locality-126,3637,19.486086698714306,19.48963565878005,0.018209473629349215,85.5211371225543,163.85887416785963,85.5211371225543
floor_both__combined,ADE_vs_original,all,eu-locality-007,5526,13.545287318221007,13.550110164322314,0.035592670781425806,45.80191694195659,80.22724394770805,45.80191694195659
floor_both__combined,ADE_vs_original,all,eu-locality-074,102348,19.665215976124912,19.648011080805794,-0.08756558232974054,64.59017966061852,133.2753575056401,64.48811435092192
floor_both__combined,ADE_vs_original,all,eu-locality-082,1368,13.530528102874438,13.5193493704514,-0.08268691130559613,51.77887705037489,101.91283477915022,51.77887705037489
floor_both__combined,ADE_vs_original,all,eu-locality-110,8550,30.544181849720733,30.502519616600438,-0.13658620220220463,121.9052045177577,270.73137899676516,121.68449105426859
floor_both__combined,ADE_vs_original,all,eu-locality-112,5004,24.568450236248342,24.562706858374973,-0.023382511978353726,86.2710070848162,186.18759729912014,86.2710070848162
floor_both__combined,ADE_vs_original,all,eu-locality-119,5639,28.89616052464064,28.895775730759617,-0.0013316613632685659,114.3522798565831,201.6878989025234,114.3522798565831
floor_both__combined,ADE_vs_original,all,eu-locality-124,3550,42.4781769086317,42.46796511026944,-0.024045885729973016,186.18276158812444,344.5055271166482,186.18276158812444
floor_both__combined,ADE_vs_original,all,eu-locality-126,5790,19.778730356886246,19.778735531863855,2.6164350097612754e-05,86.35315067436316,157.09863889864567,86.35315067436316
floor_both__combined,ADE_vs_original,easy,eu-locality-007,1784,1.3676524193663144,1.3676668845093145,0.0010576510379722848,3.107079369503211,3.415136275877181,3.107079369503211
floor_both__combined,ADE_vs_original,easy,eu-locality-074,17176,1.9588757111707482,1.9583893836916622,-0.024833032855253734,3.25176183325544,3.4297087478292427,3.25176183325544
floor_both__combined,ADE_vs_original,easy,eu-locality-082,515,1.5579860856347878,1.5579860856347878,0.0,3.032126970856838,3.403722230149994,3.032126970856838
floor_both__combined,ADE_vs_original,easy,eu-locality-110,2009,1.755242856399429,1.7552305301113353,-0.0007022603516704251,3.1245218448858734,3.382621184807573,3.1245218448858734
floor_both__combined,ADE_vs_original,easy,eu-locality-112,575,2.031473933189677,2.031473933189677,0.0,3.259410824240807,3.420794969283625,3.259410824240807
floor_both__combined,ADE_vs_original,easy,eu-locality-119,1323,1.7948416157969707,1.7932015154983372,-0.09146212985313706,3.150553623184178,3.401506256673579,3.150553623184178
floor_both__combined,ADE_vs_original,easy,eu-locality-124,739,1.896844000671032,1.896844000671032,0.0,3.182185292260724,3.393621028775156,3.182185292260724
floor_both__combined,ADE_vs_original,easy,eu-locality-126,2167,1.4143668523093036,1.4143806793145406,0.0009776013939699624,3.0198022526357384,3.368019730218118,3.0198022526357384
floor_both__combined,ADE_vs_original,hard,eu-locality-007,1057,40.4362070894249,40.4519520600027,0.038922647180150705,80.93538095486694,114.29072331500305,80.93538095486694
floor_both__combined,ADE_vs_original,hard,eu-locality-074,26162,51.28860254198955,51.22419818080013,-0.12573034518197357,120.54888068579524,217.00148078226107,119.8390672720082
floor_both__combined,ADE_vs_original,hard,eu-locality-082,245,48.139745914786396,48.1505441895684,0.022426070076153604,102.89538275989119,169.5400402883042,102.89538275989119
floor_both__combined,ADE_vs_original,hard,eu-locality-110,2779,78.8638881531427,78.74010835143918,-0.15720044624660812,227.93329072835834,408.3784087886384,227.4742146023239
floor_both__combined,ADE_vs_original,hard,eu-locality-112,1522,59.315180490089666,59.29629753156251,-0.031845088670334754,157.81065006811522,272.4802531432175,157.08224360877819
floor_both__combined,ADE_vs_original,hard,eu-locality-119,1922,70.16596480940154,70.16596480940154,0.0,175.76992045845242,274.8091526508623,175.76992045845242
floor_both__combined,ADE_vs_original,hard,eu-locality-124,1375,98.04687062702293,98.04687062702293,0.0,277.5179890841983,454.9614884293962,277.5179890841983
floor_both__combined,ADE_vs_original,hard,eu-locality-126,1386,64.47595683435031,64.47595683435031,0.0,150.6407980804362,231.2736903008077,150.6407980804362
floor_both__combined,FDE_vs_floor,endpoint,eu-locality-007,3935,29.842485987286164,29.888556582698637,0.15414125230504006,102.630383216675,178.8430245622791,102.630383216675
floor_both__combined,FDE_vs_floor,endpoint,eu-locality-074,81289,41.46883424710431,41.49722543116477,0.06841706587722429,140.26005921066073,286.21478549448835,140.27423023814484
floor_both__combined,FDE_vs_floor,endpoint,eu-locality-082,859,25.389991529765044,25.52238949469827,0.5187522310978299,114.66976098816347,234.31504208196256,114.66976098816347
floor_both__combined,FDE_vs_floor,endpoint,eu-locality-110,7204,58.34653433137351,58.38181863616509,0.06043714570023173,251.77304034955634,584.930399969669,251.77304034955634
floor_both__combined,FDE_vs_floor,endpoint,eu-locality-112,3719,48.63089717248979,48.66719124471837,0.07457605688825364,180.28741648050087,420.67114394082915,180.28741648050087
floor_both__combined,FDE_vs_floor,endpoint,eu-locality-119,4147,65.56834861706258,65.58221290238367,0.021140313367784547,270.5290560144782,484.5542592170748,270.5290560144782
floor_both__combined,FDE_vs_floor,endpoint,eu-locality-124,2645,83.99199718730881,84.08831500026773,0.1145436354130891,381.9827743206876,749.8979417287693,381.9827743206876
floor_both__combined,FDE_vs_floor,endpoint,eu-locality-126,4579,40.547855615804245,40.55384047391718,0.014757808491117075,185.86716972851187,367.4904107537943,185.86716972851187
floor_both__combined,ADE_vs_CV,easy,eu-locality-007,1784,1.3676524193663144,1.4116372489032123,3.115873399562985,3.107079369503211,3.415136275877181,3.1829165280653378
floor_both__combined,ADE_vs_CV,easy,eu-locality-074,17176,1.9588757111707482,2.0345987086931556,3.7217657319287833,3.25176183325544,3.4297087478292427,3.3227202724286355
floor_both__combined,ADE_vs_CV,easy,eu-locality-082,515,1.5579860856347878,1.6292457075972016,4.373779941854616,3.032126970856838,3.403722230149994,3.1617325949953337
floor_both__combined,ADE_vs_CV,easy,eu-locality-110,2009,1.755242856399429,1.8571965321602297,5.489654648569243,3.1245218448858734,3.382621184807573,3.2841980969419593
floor_both__combined,ADE_vs_CV,easy,eu-locality-112,575,2.031473933189677,2.120126457156666,4.1814734054062885,3.259410824240807,3.420794969283625,3.337428914790469
floor_both__combined,ADE_vs_CV,easy,eu-locality-119,1323,1.7948416157969707,1.9039962115564375,5.732920848105971,3.150553623184178,3.401506256673579,3.27321556485438
floor_both__combined,ADE_vs_CV,easy,eu-locality-124,739,1.896844000671032,2.0089308960456713,5.5794301135628,3.182185292260724,3.393621028775156,3.2764853371884692
floor_both__combined,ADE_vs_CV,easy,eu-locality-126,2167,1.4143668523093036,1.49949345147157,5.677023736164044,3.0198022526357384,3.368019730218118,3.17156482441628
floor_both__combined,matched_risk,all,eu-locality-007,5526,13.545287318221007,13.545258433213135,-0.00021324811199097127,45.80191694195659,80.22724394770805,45.80191694195659
floor_both__combined,matched_risk,all,eu-locality-074,102348,19.665215976124912,19.664462713020416,-0.0038305806544958187,64.59017966061852,133.2753575056401,64.57841050953714
floor_both__combined,matched_risk,all,eu-locality-082,1368,13.530528102874438,13.530528102874438,0.0,51.77887705037489,101.91283477915022,51.77887705037489
floor_both__combined,matched_risk,all,eu-locality-110,8550,30.544181849720733,30.544181849720733,0.0,121.9052045177577,270.73137899676516,121.9052045177577
floor_both__combined,matched_risk,all,eu-locality-112,5004,24.568450236248342,24.568450236248342,0.0,86.2710070848162,186.18759729912014,86.2710070848162
floor_both__combined,matched_risk,all,eu-locality-119,5639,28.89616052464064,28.89616052464064,0.0,114.3522798565831,201.6878989025234,114.3522798565831
floor_both__combined,matched_risk,all,eu-locality-124,3550,42.4781769086317,42.4781769086317,0.0,186.18276158812444,344.5055271166482,186.18276158812444
floor_both__combined,matched_risk,all,eu-locality-126,5790,19.778730356886246,19.778730356886246,0.0,86.35315067436316,157.09863889864567,86.35315067436316
floor_both__combined,matched_risk,easy,eu-locality-007,1784,1.3676524193663144,1.367562947082964,-0.00654246179609963,3.107079369503211,3.415136275877181,3.107079369503211
floor_both__combined,matched_risk,easy,eu-locality-074,17176,1.9588757111707482,1.9588936186069392,0.0009141607293483567,3.25176183325544,3.4297087478292427,3.25176183325544
floor_both__combined,matched_risk,easy,eu-locality-082,515,1.5579860856347878,1.5579860856347878,0.0,3.032126970856838,3.403722230149994,3.032126970856838
floor_both__combined,matched_risk,easy,eu-locality-110,2009,1.755242856399429,1.755242856399429,0.0,3.1245218448858734,3.382621184807573,3.1245218448858734
floor_both__combined,matched_risk,easy,eu-locality-112,575,2.031473933189677,2.031473933189677,0.0,3.259410824240807,3.420794969283625,3.259410824240807
floor_both__combined,matched_risk,easy,eu-locality-119,1323,1.7948416157969707,1.7948416157969707,0.0,3.150553623184178,3.401506256673579,3.150553623184178
floor_both__combined,matched_risk,easy,eu-locality-124,739,1.896844000671032,1.896844000671032,0.0,3.182185292260724,3.393621028775156,3.182185292260724
floor_both__combined,matched_risk,easy,eu-locality-126,2167,1.4143668523093036,1.4143668523093036,0.0,3.0198022526357384,3.368019730218118,3.0198022526357384
floor_both__combined,matched_risk,hard,eu-locality-007,1057,40.4362070894249,40.4362070894249,0.0,80.93538095486694,114.29072331500305,80.93538095486694
floor_both__combined,matched_risk,hard,eu-locality-074,26162,51.28860254198955,51.28562794826329,-0.005800053241533654,120.54888068579524,217.00148078226107,120.54888068579524
floor_both__combined,matched_risk,hard,eu-locality-082,245,48.139745914786396,48.139745914786396,0.0,102.89538275989119,169.5400402883042,102.89538275989119
floor_both__combined,matched_risk,hard,eu-locality-110,2779,78.8638881531427,78.8638881531427,0.0,227.93329072835834,408.3784087886384,227.93329072835834
floor_both__combined,matched_risk,hard,eu-locality-112,1522,59.315180490089666,59.315180490089666,0.0,157.81065006811522,272.4802531432175,157.81065006811522
floor_both__combined,matched_risk,hard,eu-locality-119,1922,70.16596480940154,70.16596480940154,0.0,175.76992045845242,274.8091526508623,175.76992045845242
floor_both__combined,matched_risk,hard,eu-locality-124,1375,98.04687062702293,98.04687062702293,0.0,277.5179890841983,454.9614884293962,277.5179890841983
floor_both__combined,matched_risk,hard,eu-locality-126,1386,64.47595683435031,64.47595683435031,0.0,150.6407980804362,231.2736903008077,150.6407980804362
floor_both__combined,matched_risk,complete,eu-locality-007,2882,13.632128811951972,13.63207342730468,-0.0004062819026540154,47.50708454425716,79.58424742220402,47.50708454425716
floor_both__combined,matched_risk,complete,eu-locality-074,67309,19.438154173266476,19.43816536436945,5.7572835521213506e-05,63.45357191714479,131.46535978788424,63.45357191714479
floor_both__combined,matched_risk,complete,eu-locality-082,582,10.3936052585206,10.3936052585206,0.0,48.19172118275565,88.77064559267427,48.19172118275565
floor_both__combined,matched_risk,complete,eu-locality-110,5804,28.459039327654473,28.459039327654473,0.0,118.53171704139565,272.8161773812056,118.53171704139565
floor_both__combined,matched_risk,complete,eu-locality-112,2417,20.985260892564295,20.985260892564295,0.0,70.63131723055629,171.1830006493205,70.63131723055629
floor_both__combined,matched_risk,complete,eu-locality-119,3148,28.517532736776456,28.517532736776456,0.0,111.844506586388,205.2067029563877,111.844506586388
floor_both__combined,matched_risk,complete,eu-locality-124,2077,38.45652380474722,38.45652380474722,0.0,177.32650540365142,316.4037738037055,177.32650540365142
floor_both__combined,matched_risk,complete,eu-locality-126,3637,19.486086698714306,19.486086698714306,0.0,85.5211371225543,163.85887416785963,85.5211371225543
floor_both__combined,matched_random,all,eu-locality-007,5526,13.545287318221007,13.54533569747033,0.00035716537709618024,45.80191694195659,80.22724394770805,45.80191694195659
floor_both__combined,matched_random,all,eu-locality-074,102348,19.665215976124912,19.664462713020416,-0.0038305806544958187,64.59017966061852,133.2753575056401,64.57841050953714
floor_both__combined,matched_random,all,eu-locality-082,1368,13.530528102874438,13.530528102874438,0.0,51.77887705037489,101.91283477915022,51.77887705037489
floor_both__combined,matched_random,all,eu-locality-110,8550,30.544181849720733,30.544181849720733,0.0,121.9052045177577,270.73137899676516,121.9052045177577
floor_both__combined,matched_random,all,eu-locality-112,5004,24.568450236248342,24.568450236248342,0.0,86.2710070848162,186.18759729912014,86.2710070848162
floor_both__combined,matched_random,all,eu-locality-119,5639,28.89616052464064,28.89616052464064,0.0,114.3522798565831,201.6878989025234,114.3522798565831
floor_both__combined,matched_random,all,eu-locality-124,3550,42.4781769086317,42.4781769086317,0.0,186.18276158812444,344.5055271166482,186.18276158812444
floor_both__combined,matched_random,all,eu-locality-126,5790,19.778730356886246,19.778730356886246,0.0,86.35315067436316,157.09863889864567,86.35315067436316
floor_both__combined,matched_random,easy,eu-locality-007,1784,1.3676524193663144,1.3678022757181953,0.010955995215189418,3.107079369503211,3.415136275877181,3.107079369503211
floor_both__combined,matched_random,easy,eu-locality-074,17176,1.9588757111707482,1.9588936186069392,0.0009141607293483567,3.25176183325544,3.4297087478292427,3.25176183325544
floor_both__combined,matched_random,easy,eu-locality-082,515,1.5579860856347878,1.5579860856347878,0.0,3.032126970856838,3.403722230149994,3.032126970856838
floor_both__combined,matched_random,easy,eu-locality-110,2009,1.755242856399429,1.755242856399429,0.0,3.1245218448858734,3.382621184807573,3.1245218448858734
floor_both__combined,matched_random,easy,eu-locality-112,575,2.031473933189677,2.031473933189677,0.0,3.259410824240807,3.420794969283625,3.259410824240807
floor_both__combined,matched_random,easy,eu-locality-119,1323,1.7948416157969707,1.7948416157969707,0.0,3.150553623184178,3.401506256673579,3.150553623184178
floor_both__combined,matched_random,easy,eu-locality-124,739,1.896844000671032,1.896844000671032,0.0,3.182185292260724,3.393621028775156,3.182185292260724
floor_both__combined,matched_random,easy,eu-locality-126,2167,1.4143668523093036,1.4143668523093036,0.0,3.0198022526357384,3.368019730218118,3.0198022526357384
floor_both__combined,matched_random,hard,eu-locality-007,1057,40.4362070894249,40.4362070894249,0.0,80.93538095486694,114.29072331500305,80.93538095486694
floor_both__combined,matched_random,hard,eu-locality-074,26162,51.28860254198955,51.28562794826329,-0.005800053241533654,120.54888068579524,217.00148078226107,120.54888068579524
floor_both__combined,matched_random,hard,eu-locality-082,245,48.139745914786396,48.139745914786396,0.0,102.89538275989119,169.5400402883042,102.89538275989119
floor_both__combined,matched_random,hard,eu-locality-110,2779,78.8638881531427,78.8638881531427,0.0,227.93329072835834,408.3784087886384,227.93329072835834
floor_both__combined,matched_random,hard,eu-locality-112,1522,59.315180490089666,59.315180490089666,0.0,157.81065006811522,272.4802531432175,157.81065006811522
floor_both__combined,matched_random,hard,eu-locality-119,1922,70.16596480940154,70.16596480940154,0.0,175.76992045845242,274.8091526508623,175.76992045845242
floor_both__combined,matched_random,hard,eu-locality-124,1375,98.04687062702293,98.04687062702293,0.0,277.5179890841983,454.9614884293962,277.5179890841983
floor_both__combined,matched_random,hard,eu-locality-126,1386,64.47595683435031,64.47595683435031,0.0,150.6407980804362,231.2736903008077,150.6407980804362
floor_both__combined,matched_random,complete,eu-locality-007,2882,13.632128811951972,13.632221575217676,0.0006804706422336437,47.50708454425716,79.58424742220402,47.50708454425716
floor_both__combined,matched_random,complete,eu-locality-074,67309,19.438154173266476,19.43816536436945,5.7572835521213506e-05,63.45357191714479,131.46535978788424,63.45357191714479
floor_both__combined,matched_random,complete,eu-locality-082,582,10.3936052585206,10.3936052585206,0.0,48.19172118275565,88.77064559267427,48.19172118275565
floor_both__combined,matched_random,complete,eu-locality-110,5804,28.459039327654473,28.459039327654473,0.0,118.53171704139565,272.8161773812056,118.53171704139565
floor_both__combined,matched_random,complete,eu-locality-112,2417,20.985260892564295,20.985260892564295,0.0,70.63131723055629,171.1830006493205,70.63131723055629
floor_both__combined,matched_random,complete,eu-locality-119,3148,28.517532736776456,28.517532736776456,0.0,111.844506586388,205.2067029563877,111.844506586388
floor_both__combined,matched_random,complete,eu-locality-124,2077,38.45652380474722,38.45652380474722,0.0,177.32650540365142,316.4037738037055,177.32650540365142
floor_both__combined,matched_random,complete,eu-locality-126,3637,19.486086698714306,19.486086698714306,0.0,85.5211371225543,163.85887416785963,85.5211371225543
floor_both__combined_risk,ADE_vs_floor,all,eu-locality-007,5526,13.545258433213135,13.571456426657702,0.19303745022610785,45.80191694195659,80.22724394770805,45.83062605295613
floor_both__combined_risk,ADE_vs_floor,all,eu-locality-074,102348,19.664462713020416,19.680252048687063,0.08022933663442977,64.57841050953714,133.2753575056401,64.60111806709888
floor_both__combined_risk,ADE_vs_floor,all,eu-locality-082,1368,13.530528102874438,13.580833430361215,0.37041414096364855,51.77887705037489,101.91283477915022,51.77887705037489
floor_both__combined_risk,ADE_vs_floor,all,eu-locality-110,8550,30.544181849720733,30.56006396751505,0.05197017195774922,121.9052045177577,270.73137899676516,121.9052045177577
floor_both__combined_risk,ADE_vs_floor,all,eu-locality-112,5004,24.568450236248342,24.592755728578894,0.09883191863002683,86.2710070848162,186.18759729912014,86.2710070848162
floor_both__combined_risk,ADE_vs_floor,all,eu-locality-119,5639,28.89616052464064,28.90245639943102,0.021783182382051347,114.3522798565831,201.6878989025234,114.3522798565831
floor_both__combined_risk,ADE_vs_floor,all,eu-locality-124,3550,42.4781769086317,42.52091593022507,0.10051293735887645,186.18276158812444,344.5055271166482,186.18276158812444
floor_both__combined_risk,ADE_vs_floor,all,eu-locality-126,5790,19.778730356886246,19.78147939556481,0.013897032793097619,86.35315067436316,157.09863889864567,86.35315067436316
floor_both__combined_risk,ADE_vs_floor,easy,eu-locality-007,1784,1.367562947082964,1.3775615757120319,0.7258208130478505,3.107079369503211,3.415136275877181,3.1092839133041323
floor_both__combined_risk,ADE_vs_floor,easy,eu-locality-074,17176,1.9588936186069392,1.961547141225197,0.13527702508339123,3.25176183325544,3.4297087478292427,3.251506809424719
floor_both__combined_risk,ADE_vs_floor,easy,eu-locality-082,515,1.5579860856347878,1.575300025710263,1.0990884144541746,3.032126970856838,3.403722230149994,3.0267587675843264
floor_both__combined_risk,ADE_vs_floor,easy,eu-locality-110,2009,1.755242856399429,1.7592923102432503,0.23017515737685512,3.1245218448858734,3.382621184807573,3.1245218448858734
floor_both__combined_risk,ADE_vs_floor,easy,eu-locality-112,575,2.031473933189677,2.0370533471006134,0.2738963080607393,3.259410824240807,3.420794969283625,3.259410824240807
floor_both__combined_risk,ADE_vs_floor,easy,eu-locality-119,1323,1.7948416157969707,1.8135436782216436,1.0312441133489614,3.150553623184178,3.401506256673579,3.152681264809638
floor_both__combined_risk,ADE_vs_floor,easy,eu-locality-124,739,1.896844000671032,1.9113394525639587,0.7583923344166688,3.182185292260724,3.393621028775156,3.182185292260724
floor_both__combined_risk,ADE_vs_floor,easy,eu-locality-126,2167,1.4143668523093036,1.4178082409981645,0.24272596175898276,3.0198022526357384,3.368019730218118,3.026602969634056
floor_both__combined_risk,ADE_vs_floor,hard,eu-locality-007,1057,40.4362070894249,40.48406329056549,0.11820997511320375,80.93538095486694,114.29072331500305,80.93538095486694
floor_both__combined_risk,ADE_vs_floor,hard,eu-locality-074,26162,51.28562794826329,51.3170310418699,0.06119429158126799,120.54888068579524,217.00148078226107,120.73356434057523
floor_both__combined_risk,ADE_vs_floor,hard,eu-locality-082,245,48.139745914786396,48.2662878754598,0.26217462797205604,102.89538275989119,169.5400402883042,102.89538275989119
floor_both__combined_risk,ADE_vs_floor,hard,eu-locality-110,2779,78.8638881531427,78.8807295717048,0.021350485287785492,227.93329072835834,408.3784087886384,227.93329072835834
floor_both__combined_risk,ADE_vs_floor,hard,eu-locality-112,1522,59.315180490089666,59.33181373883102,0.02803428328447266,157.81065006811522,272.4802531432175,157.81065006811522
floor_both__combined_risk,ADE_vs_floor,hard,eu-locality-119,1922,70.16596480940154,70.16596480940154,0.0,175.76992045845242,274.8091526508623,175.76992045845242
floor_both__combined_risk,ADE_vs_floor,hard,eu-locality-124,1375,98.04687062702293,98.04615603839234,-0.0007288288082385463,277.5179890841983,454.9614884293962,277.5179890841983
floor_both__combined_risk,ADE_vs_floor,hard,eu-locality-126,1386,64.47595683435031,64.47595683435031,0.0,150.6407980804362,231.2736903008077,150.6407980804362
floor_both__combined_risk,ADE_vs_floor,complete,eu-locality-007,2882,13.63207342730468,13.65246856543941,0.14938791499112813,47.50708454425716,79.58424742220402,47.6301953356149
floor_both__combined_risk,ADE_vs_floor,complete,eu-locality-074,67309,19.43816536436945,19.452443841842047,0.07340197246520352,63.45357191714479,131.46535978788424,63.47625631914233
floor_both__combined_risk,ADE_vs_floor,complete,eu-locality-082,582,10.3936052585206,10.467596402215777,0.7068589660135904,48.19172118275565,88.77064559267427,48.19172118275565
floor_both__combined_risk,ADE_vs_floor,complete,eu-locality-110,5804,28.459039327654473,28.483970812722102,0.08752812320849124,118.53171704139565,272.8161773812056,118.53171704139565
floor_both__combined_risk,ADE_vs_floor,complete,eu-locality-112,2417,20.985260892564295,21.011237005741744,0.12362962337891803,70.63131723055629,171.1830006493205,70.63131723055629
floor_both__combined_risk,ADE_vs_floor,complete,eu-locality-119,3148,28.517532736776456,28.52486855057138,0.025717257143254013,111.844506586388,205.2067029563877,111.844506586388
floor_both__combined_risk,ADE_vs_floor,complete,eu-locality-124,2077,38.45652380474722,38.52083475074527,0.16695107054192082,177.32650540365142,316.4037738037055,177.32650540365142
floor_both__combined_risk,ADE_vs_floor,complete,eu-locality-126,3637,19.486086698714306,19.48963565878005,0.018209473629349215,85.5211371225543,163.85887416785963,85.5211371225543
floor_both__combined_risk,ADE_vs_original,all,eu-locality-007,5526,13.545258433213135,13.550110164322314,0.035805842538116917,45.80191694195659,80.22724394770805,45.80191694195659
floor_both__combined_risk,ADE_vs_original,all,eu-locality-074,102348,19.664462713020416,19.648011080805794,-0.08373179426133248,64.57841050953714,133.2753575056401,64.48811435092192
floor_both__combined_risk,ADE_vs_original,all,eu-locality-082,1368,13.530528102874438,13.5193493704514,-0.08268691130559613,51.77887705037489,101.91283477915022,51.77887705037489
floor_both__combined_risk,ADE_vs_original,all,eu-locality-110,8550,30.544181849720733,30.502519616600438,-0.13658620220220463,121.9052045177577,270.73137899676516,121.68449105426859
floor_both__combined_risk,ADE_vs_original,all,eu-locality-112,5004,24.568450236248342,24.562706858374973,-0.023382511978353726,86.2710070848162,186.18759729912014,86.2710070848162
floor_both__combined_risk,ADE_vs_original,all,eu-locality-119,5639,28.89616052464064,28.895775730759617,-0.0013316613632685659,114.3522798565831,201.6878989025234,114.3522798565831
floor_both__combined_risk,ADE_vs_original,all,eu-locality-124,3550,42.4781769086317,42.46796511026944,-0.024045885729973016,186.18276158812444,344.5055271166482,186.18276158812444
floor_both__combined_risk,ADE_vs_original,all,eu-locality-126,5790,19.778730356886246,19.778735531863855,2.6164350097612754e-05,86.35315067436316,157.09863889864567,86.35315067436316
floor_both__combined_risk,ADE_vs_original,easy,eu-locality-007,1784,1.367562947082964,1.3676668845093145,0.007599615632125634,3.107079369503211,3.415136275877181,3.107079369503211
floor_both__combined_risk,ADE_vs_original,easy,eu-locality-074,17176,1.9588936186069392,1.9583893836916622,-0.025747428957489937,3.25176183325544,3.4297087478292427,3.25176183325544
floor_both__combined_risk,ADE_vs_original,easy,eu-locality-082,515,1.5579860856347878,1.5579860856347878,0.0,3.032126970856838,3.403722230149994,3.032126970856838
floor_both__combined_risk,ADE_vs_original,easy,eu-locality-110,2009,1.755242856399429,1.7552305301113353,-0.0007022603516704251,3.1245218448858734,3.382621184807573,3.1245218448858734
floor_both__combined_risk,ADE_vs_original,easy,eu-locality-112,575,2.031473933189677,2.031473933189677,0.0,3.259410824240807,3.420794969283625,3.259410824240807
floor_both__combined_risk,ADE_vs_original,easy,eu-locality-119,1323,1.7948416157969707,1.7932015154983372,-0.09146212985313706,3.150553623184178,3.401506256673579,3.150553623184178
floor_both__combined_risk,ADE_vs_original,easy,eu-locality-124,739,1.896844000671032,1.896844000671032,0.0,3.182185292260724,3.393621028775156,3.182185292260724
floor_both__combined_risk,ADE_vs_original,easy,eu-locality-126,2167,1.4143668523093036,1.4143806793145406,0.0009776013939699624,3.0198022526357384,3.368019730218118,3.0198022526357384
floor_both__combined_risk,ADE_vs_original,hard,eu-locality-007,1057,40.4362070894249,40.4519520600027,0.038922647180150705,80.93538095486694,114.29072331500305,80.93538095486694
floor_both__combined_risk,ADE_vs_original,hard,eu-locality-074,26162,51.28562794826329,51.22419818080013,-0.11992333632306895,120.54888068579524,217.00148078226107,119.8390672720082
floor_both__combined_risk,ADE_vs_original,hard,eu-locality-082,245,48.139745914786396,48.1505441895684,0.022426070076153604,102.89538275989119,169.5400402883042,102.89538275989119
floor_both__combined_risk,ADE_vs_original,hard,eu-locality-110,2779,78.8638881531427,78.74010835143918,-0.15720044624660812,227.93329072835834,408.3784087886384,227.4742146023239
floor_both__combined_risk,ADE_vs_original,hard,eu-locality-112,1522,59.315180490089666,59.29629753156251,-0.031845088670334754,157.81065006811522,272.4802531432175,157.08224360877819
floor_both__combined_risk,ADE_vs_original,hard,eu-locality-119,1922,70.16596480940154,70.16596480940154,0.0,175.76992045845242,274.8091526508623,175.76992045845242
floor_both__combined_risk,ADE_vs_original,hard,eu-locality-124,1375,98.04687062702293,98.04687062702293,0.0,277.5179890841983,454.9614884293962,277.5179890841983
floor_both__combined_risk,ADE_vs_original,hard,eu-locality-126,1386,64.47595683435031,64.47595683435031,0.0,150.6407980804362,231.2736903008077,150.6407980804362
floor_both__combined_risk,FDE_vs_floor,endpoint,eu-locality-007,3935,29.842445979198168,29.888556582698637,0.15427510984977744,102.630383216675,178.8430245622791,102.630383216675
floor_both__combined_risk,FDE_vs_floor,endpoint,eu-locality-074,81289,41.46769987548241,41.49722543116477,0.07115067423324462,140.25222867033568,286.21478549448835,140.27423023814484
floor_both__combined_risk,FDE_vs_floor,endpoint,eu-locality-082,859,25.389991529765044,25.52238949469827,0.5187522310978299,114.66976098816347,234.31504208196256,114.66976098816347
floor_both__combined_risk,FDE_vs_floor,endpoint,eu-locality-110,7204,58.34653433137351,58.38181863616509,0.06043714570023173,251.77304034955634,584.930399969669,251.77304034955634
floor_both__combined_risk,FDE_vs_floor,endpoint,eu-locality-112,3719,48.63089717248979,48.66719124471837,0.07457605688825364,180.28741648050087,420.67114394082915,180.28741648050087
floor_both__combined_risk,FDE_vs_floor,endpoint,eu-locality-119,4147,65.56834861706258,65.58221290238367,0.021140313367784547,270.5290560144782,484.5542592170748,270.5290560144782
floor_both__combined_risk,FDE_vs_floor,endpoint,eu-locality-124,2645,83.99199718730881,84.08831500026773,0.1145436354130891,381.9827743206876,749.8979417287693,381.9827743206876
floor_both__combined_risk,FDE_vs_floor,endpoint,eu-locality-126,4579,40.547855615804245,40.55384047391718,0.014757808491117075,185.86716972851187,367.4904107537943,185.86716972851187
floor_both__combined_risk,ADE_vs_CV,easy,eu-locality-007,1784,1.367562947082964,1.4116372489032123,3.1222115918584814,3.107079369503211,3.415136275877181,3.1829165280653378
floor_both__combined_risk,ADE_vs_CV,easy,eu-locality-074,17176,1.9588936186069392,2.0345987086931556,3.720885586074252,3.25176183325544,3.4297087478292427,3.3227202724286355
floor_both__combined_risk,ADE_vs_CV,easy,eu-locality-082,515,1.5579860856347878,1.6292457075972016,4.373779941854616,3.032126970856838,3.403722230149994,3.1617325949953337
floor_both__combined_risk,ADE_vs_CV,easy,eu-locality-110,2009,1.755242856399429,1.8571965321602297,5.489654648569243,3.1245218448858734,3.382621184807573,3.2841980969419593
floor_both__combined_risk,ADE_vs_CV,easy,eu-locality-112,575,2.031473933189677,2.120126457156666,4.1814734054062885,3.259410824240807,3.420794969283625,3.337428914790469
floor_both__combined_risk,ADE_vs_CV,easy,eu-locality-119,1323,1.7948416157969707,1.9039962115564375,5.732920848105971,3.150553623184178,3.401506256673579,3.27321556485438
floor_both__combined_risk,ADE_vs_CV,easy,eu-locality-124,739,1.896844000671032,2.0089308960456713,5.5794301135628,3.182185292260724,3.393621028775156,3.2764853371884692
floor_both__combined_risk,ADE_vs_CV,easy,eu-locality-126,2167,1.4143668523093036,1.49949345147157,5.677023736164044,3.0198022526357384,3.368019730218118,3.17156482441628
floor_both__combined_random,ADE_vs_floor,all,eu-locality-007,5526,13.54533569747033,13.571456426657702,0.19246813581529354,45.80191694195659,80.22724394770805,45.83062605295613
floor_both__combined_random,ADE_vs_floor,all,eu-locality-074,102348,19.664462713020416,19.680252048687063,0.08022933663442977,64.57841050953714,133.2753575056401,64.60111806709888
floor_both__combined_random,ADE_vs_floor,all,eu-locality-082,1368,13.530528102874438,13.580833430361215,0.37041414096364855,51.77887705037489,101.91283477915022,51.77887705037489
floor_both__combined_random,ADE_vs_floor,all,eu-locality-110,8550,30.544181849720733,30.56006396751505,0.05197017195774922,121.9052045177577,270.73137899676516,121.9052045177577
floor_both__combined_random,ADE_vs_floor,all,eu-locality-112,5004,24.568450236248342,24.592755728578894,0.09883191863002683,86.2710070848162,186.18759729912014,86.2710070848162
floor_both__combined_random,ADE_vs_floor,all,eu-locality-119,5639,28.89616052464064,28.90245639943102,0.021783182382051347,114.3522798565831,201.6878989025234,114.3522798565831
floor_both__combined_random,ADE_vs_floor,all,eu-locality-124,3550,42.4781769086317,42.52091593022507,0.10051293735887645,186.18276158812444,344.5055271166482,186.18276158812444
floor_both__combined_random,ADE_vs_floor,all,eu-locality-126,5790,19.778730356886246,19.78147939556481,0.013897032793097619,86.35315067436316,157.09863889864567,86.35315067436316
floor_both__combined_random,ADE_vs_floor,easy,eu-locality-007,1784,1.3678022757181953,1.3775615757120319,0.7084474600557944,3.107079369503211,3.415136275877181,3.1092839133041323
floor_both__combined_random,ADE_vs_floor,easy,eu-locality-074,17176,1.9588936186069392,1.961547141225197,0.13527702508339123,3.25176183325544,3.4297087478292427,3.251506809424719
floor_both__combined_random,ADE_vs_floor,easy,eu-locality-082,515,1.5579860856347878,1.575300025710263,1.0990884144541746,3.032126970856838,3.403722230149994,3.0267587675843264
floor_both__combined_random,ADE_vs_floor,easy,eu-locality-110,2009,1.755242856399429,1.7592923102432503,0.23017515737685512,3.1245218448858734,3.382621184807573,3.1245218448858734
floor_both__combined_random,ADE_vs_floor,easy,eu-locality-112,575,2.031473933189677,2.0370533471006134,0.2738963080607393,3.259410824240807,3.420794969283625,3.259410824240807
floor_both__combined_random,ADE_vs_floor,easy,eu-locality-119,1323,1.7948416157969707,1.8135436782216436,1.0312441133489614,3.150553623184178,3.401506256673579,3.152681264809638
floor_both__combined_random,ADE_vs_floor,easy,eu-locality-124,739,1.896844000671032,1.9113394525639587,0.7583923344166688,3.182185292260724,3.393621028775156,3.182185292260724
floor_both__combined_random,ADE_vs_floor,easy,eu-locality-126,2167,1.4143668523093036,1.4178082409981645,0.24272596175898276,3.0198022526357384,3.368019730218118,3.026602969634056
floor_both__combined_random,ADE_vs_floor,hard,eu-locality-007,1057,40.4362070894249,40.48406329056549,0.11820997511320375,80.93538095486694,114.29072331500305,80.93538095486694
floor_both__combined_random,ADE_vs_floor,hard,eu-locality-074,26162,51.28562794826329,51.3170310418699,0.06119429158126799,120.54888068579524,217.00148078226107,120.73356434057523
floor_both__combined_random,ADE_vs_floor,hard,eu-locality-082,245,48.139745914786396,48.2662878754598,0.26217462797205604,102.89538275989119,169.5400402883042,102.89538275989119
floor_both__combined_random,ADE_vs_floor,hard,eu-locality-110,2779,78.8638881531427,78.8807295717048,0.021350485287785492,227.93329072835834,408.3784087886384,227.93329072835834
floor_both__combined_random,ADE_vs_floor,hard,eu-locality-112,1522,59.315180490089666,59.33181373883102,0.02803428328447266,157.81065006811522,272.4802531432175,157.81065006811522
floor_both__combined_random,ADE_vs_floor,hard,eu-locality-119,1922,70.16596480940154,70.16596480940154,0.0,175.76992045845242,274.8091526508623,175.76992045845242
floor_both__combined_random,ADE_vs_floor,hard,eu-locality-124,1375,98.04687062702293,98.04615603839234,-0.0007288288082385463,277.5179890841983,454.9614884293962,277.5179890841983
floor_both__combined_random,ADE_vs_floor,hard,eu-locality-126,1386,64.47595683435031,64.47595683435031,0.0,150.6407980804362,231.2736903008077,150.6407980804362
floor_both__combined_random,ADE_vs_floor,complete,eu-locality-007,2882,13.632221575217676,13.65246856543941,0.14830277853917773,47.50708454425716,79.58424742220402,47.6301953356149
floor_both__combined_random,ADE_vs_floor,complete,eu-locality-074,67309,19.43816536436945,19.452443841842047,0.07340197246520352,63.45357191714479,131.46535978788424,63.47625631914233
floor_both__combined_random,ADE_vs_floor,complete,eu-locality-082,582,10.3936052585206,10.467596402215777,0.7068589660135904,48.19172118275565,88.77064559267427,48.19172118275565
floor_both__combined_random,ADE_vs_floor,complete,eu-locality-110,5804,28.459039327654473,28.483970812722102,0.08752812320849124,118.53171704139565,272.8161773812056,118.53171704139565
floor_both__combined_random,ADE_vs_floor,complete,eu-locality-112,2417,20.985260892564295,21.011237005741744,0.12362962337891803,70.63131723055629,171.1830006493205,70.63131723055629
floor_both__combined_random,ADE_vs_floor,complete,eu-locality-119,3148,28.517532736776456,28.52486855057138,0.025717257143254013,111.844506586388,205.2067029563877,111.844506586388
floor_both__combined_random,ADE_vs_floor,complete,eu-locality-124,2077,38.45652380474722,38.52083475074527,0.16695107054192082,177.32650540365142,316.4037738037055,177.32650540365142
floor_both__combined_random,ADE_vs_floor,complete,eu-locality-126,3637,19.486086698714306,19.48963565878005,0.018209473629349215,85.5211371225543,163.85887416785963,85.5211371225543
floor_both__combined_random,ADE_vs_original,all,eu-locality-007,5526,13.54533569747033,13.550110164322314,0.03523563125379381,45.80191694195659,80.22724394770805,45.80191694195659
floor_both__combined_random,ADE_vs_original,all,eu-locality-074,102348,19.664462713020416,19.648011080805794,-0.08373179426133248,64.57841050953714,133.2753575056401,64.48811435092192
floor_both__combined_random,ADE_vs_original,all,eu-locality-082,1368,13.530528102874438,13.5193493704514,-0.08268691130559613,51.77887705037489,101.91283477915022,51.77887705037489
floor_both__combined_random,ADE_vs_original,all,eu-locality-110,8550,30.544181849720733,30.502519616600438,-0.13658620220220463,121.9052045177577,270.73137899676516,121.68449105426859
floor_both__combined_random,ADE_vs_original,all,eu-locality-112,5004,24.568450236248342,24.562706858374973,-0.023382511978353726,86.2710070848162,186.18759729912014,86.2710070848162
floor_both__combined_random,ADE_vs_original,all,eu-locality-119,5639,28.89616052464064,28.895775730759617,-0.0013316613632685659,114.3522798565831,201.6878989025234,114.3522798565831
floor_both__combined_random,ADE_vs_original,all,eu-locality-124,3550,42.4781769086317,42.46796511026944,-0.024045885729973016,186.18276158812444,344.5055271166482,186.18276158812444
floor_both__combined_random,ADE_vs_original,all,eu-locality-126,5790,19.778730356886246,19.778735531863855,2.6164350097612754e-05,86.35315067436316,157.09863889864567,86.35315067436316
floor_both__combined_random,ADE_vs_original,easy,eu-locality-007,1784,1.3678022757181953,1.3676668845093145,-0.009899428758153306,3.107079369503211,3.415136275877181,3.107079369503211
floor_both__combined_random,ADE_vs_original,easy,eu-locality-074,17176,1.9588936186069392,1.9583893836916622,-0.025747428957489937,3.25176183325544,3.4297087478292427,3.25176183325544
floor_both__combined_random,ADE_vs_original,easy,eu-locality-082,515,1.5579860856347878,1.5579860856347878,0.0,3.032126970856838,3.403722230149994,3.032126970856838
floor_both__combined_random,ADE_vs_original,easy,eu-locality-110,2009,1.755242856399429,1.7552305301113353,-0.0007022603516704251,3.1245218448858734,3.382621184807573,3.1245218448858734
floor_both__combined_random,ADE_vs_original,easy,eu-locality-112,575,2.031473933189677,2.031473933189677,0.0,3.259410824240807,3.420794969283625,3.259410824240807
floor_both__combined_random,ADE_vs_original,easy,eu-locality-119,1323,1.7948416157969707,1.7932015154983372,-0.09146212985313706,3.150553623184178,3.401506256673579,3.150553623184178
floor_both__combined_random,ADE_vs_original,easy,eu-locality-124,739,1.896844000671032,1.896844000671032,0.0,3.182185292260724,3.393621028775156,3.182185292260724
floor_both__combined_random,ADE_vs_original,easy,eu-locality-126,2167,1.4143668523093036,1.4143806793145406,0.0009776013939699624,3.0198022526357384,3.368019730218118,3.0198022526357384
floor_both__combined_random,ADE_vs_original,hard,eu-locality-007,1057,40.4362070894249,40.4519520600027,0.038922647180150705,80.93538095486694,114.29072331500305,80.93538095486694
floor_both__combined_random,ADE_vs_original,hard,eu-locality-074,26162,51.28562794826329,51.22419818080013,-0.11992333632306895,120.54888068579524,217.00148078226107,119.8390672720082
floor_both__combined_random,ADE_vs_original,hard,eu-locality-082,245,48.139745914786396,48.1505441895684,0.022426070076153604,102.89538275989119,169.5400402883042,102.89538275989119
floor_both__combined_random,ADE_vs_original,hard,eu-locality-110,2779,78.8638881531427,78.74010835143918,-0.15720044624660812,227.93329072835834,408.3784087886384,227.4742146023239
floor_both__combined_random,ADE_vs_original,hard,eu-locality-112,1522,59.315180490089666,59.29629753156251,-0.031845088670334754,157.81065006811522,272.4802531432175,157.08224360877819
floor_both__combined_random,ADE_vs_original,hard,eu-locality-119,1922,70.16596480940154,70.16596480940154,0.0,175.76992045845242,274.8091526508623,175.76992045845242
floor_both__combined_random,ADE_vs_original,hard,eu-locality-124,1375,98.04687062702293,98.04687062702293,0.0,277.5179890841983,454.9614884293962,277.5179890841983
floor_both__combined_random,ADE_vs_original,hard,eu-locality-126,1386,64.47595683435031,64.47595683435031,0.0,150.6407980804362,231.2736903008077,150.6407980804362
floor_both__combined_random,FDE_vs_floor,endpoint,eu-locality-007,3935,29.84258969810285,29.888556582698637,0.15379426058466095,102.630383216675,178.8430245622791,102.630383216675
floor_both__combined_random,FDE_vs_floor,endpoint,eu-locality-074,81289,41.46769987548241,41.49722543116477,0.07115067423324462,140.25222867033568,286.21478549448835,140.27423023814484
floor_both__combined_random,FDE_vs_floor,endpoint,eu-locality-082,859,25.389991529765044,25.52238949469827,0.5187522310978299,114.66976098816347,234.31504208196256,114.66976098816347
floor_both__combined_random,FDE_vs_floor,endpoint,eu-locality-110,7204,58.34653433137351,58.38181863616509,0.06043714570023173,251.77304034955634,584.930399969669,251.77304034955634
floor_both__combined_random,FDE_vs_floor,endpoint,eu-locality-112,3719,48.63089717248979,48.66719124471837,0.07457605688825364,180.28741648050087,420.67114394082915,180.28741648050087
floor_both__combined_random,FDE_vs_floor,endpoint,eu-locality-119,4147,65.56834861706258,65.58221290238367,0.021140313367784547,270.5290560144782,484.5542592170748,270.5290560144782
floor_both__combined_random,FDE_vs_floor,endpoint,eu-locality-124,2645,83.99199718730881,84.08831500026773,0.1145436354130891,381.9827743206876,749.8979417287693,381.9827743206876
floor_both__combined_random,FDE_vs_floor,endpoint,eu-locality-126,4579,40.547855615804245,40.55384047391718,0.014757808491117075,185.86716972851187,367.4904107537943,185.86716972851187
floor_both__combined_random,ADE_vs_CV,easy,eu-locality-007,1784,1.3678022757181953,1.4116372489032123,3.1052576162236445,3.107079369503211,3.415136275877181,3.1829165280653378
floor_both__combined_random,ADE_vs_CV,easy,eu-locality-074,17176,1.9588936186069392,2.0345987086931556,3.720885586074252,3.25176183325544,3.4297087478292427,3.3227202724286355
floor_both__combined_random,ADE_vs_CV,easy,eu-locality-082,515,1.5579860856347878,1.6292457075972016,4.373779941854616,3.032126970856838,3.403722230149994,3.1617325949953337
floor_both__combined_random,ADE_vs_CV,easy,eu-locality-110,2009,1.755242856399429,1.8571965321602297,5.489654648569243,3.1245218448858734,3.382621184807573,3.2841980969419593
floor_both__combined_random,ADE_vs_CV,easy,eu-locality-112,575,2.031473933189677,2.120126457156666,4.1814734054062885,3.259410824240807,3.420794969283625,3.337428914790469
floor_both__combined_random,ADE_vs_CV,easy,eu-locality-119,1323,1.7948416157969707,1.9039962115564375,5.732920848105971,3.150553623184178,3.401506256673579,3.27321556485438
floor_both__combined_random,ADE_vs_CV,easy,eu-locality-124,739,1.896844000671032,2.0089308960456713,5.5794301135628,3.182185292260724,3.393621028775156,3.2764853371884692
floor_both__combined_random,ADE_vs_CV,easy,eu-locality-126,2167,1.4143668523093036,1.49949345147157,5.677023736164044,3.0198022526357384,3.368019730218118,3.17156482441628
