policy,comparison,subset,locality,rows,model_error,reference_error,gain_percent,model_p95,model_p99,reference_p95
cv_targets__original,ADE_vs_floor,all,eu-locality-007,5526,12.790129797678958,13.03007789912518,1.841493990318599,43.95122125345763,76.43866311332394,44.69396378264957
cv_targets__original,ADE_vs_floor,all,eu-locality-008,157961,17.011497276939146,17.303707458293164,1.6887142946581113,60.449353009022296,125.61507674596953,60.851472194022485
cv_targets__original,ADE_vs_floor,all,eu-locality-020,1225,6.40833343267221,6.465710721017629,0.8874088374988265,20.649557710350873,41.37090371937323,20.649557710350873
cv_targets__original,ADE_vs_floor,all,eu-locality-048,8058,24.696571083614916,25.081786899115574,1.5358388022754466,84.1261050283079,147.49292963797856,84.94302472678147
cv_targets__original,ADE_vs_floor,all,eu-locality-067,6903,26.936399832200536,27.46038603063451,1.9081530676568814,88.5042343006725,162.6235251701382,89.6517956862803
cv_targets__original,ADE_vs_floor,all,eu-locality-110,8550,28.467057680649077,29.15799863842907,2.3696446602798127,114.96035239299536,259.13760229328807,117.19208997565195
cv_targets__original,ADE_vs_floor,all,eu-locality-119,5639,27.45935171672333,27.707160085187788,0.8943838621589206,109.99273377845661,195.19579909519848,110.34400428139483
cv_targets__original,ADE_vs_floor,all,eu-locality-124,3550,40.63456411793265,41.28618629430454,1.5783055662416223,179.88453937909637,333.55000293878123,182.70620705979104
cv_targets__original,ADE_vs_floor,easy,eu-locality-007,2133,1.7478873925379084,1.8208803442437398,4.0086627293539845,4.200198112143838,5.0339673780807646,4.231677560310645
cv_targets__original,ADE_vs_floor,easy,eu-locality-008,52276,2.0819531220555842,2.243755079189184,7.211212963228997,4.148512843168251,4.7528035873239585,4.269920362702182
cv_targets__original,ADE_vs_floor,easy,eu-locality-020,695,1.6723126715843208,1.7041860561795545,1.8702995767191921,4.333966156328703,5.284731095304119,4.333966156328703
cv_targets__original,ADE_vs_floor,easy,eu-locality-048,2050,2.0443475186139497,2.1853076350211285,6.450355737022628,4.210687426461756,4.757055109542503,4.279426052271072
cv_targets__original,ADE_vs_floor,easy,eu-locality-067,1508,2.0023677468165393,2.0760134319354244,3.5474570629452473,4.328427348215871,5.339863652448991,4.333274063846627
cv_targets__original,ADE_vs_floor,easy,eu-locality-110,2579,2.0077266466948354,2.212478061615281,9.254393002702187,3.9370268185757133,4.560634953159135,4.203897765463916
cv_targets__original,ADE_vs_floor,easy,eu-locality-119,1658,2.108646922724247,2.2702471919597778,7.118179456750273,4.161233964387031,5.903202900920345,4.2442330009580065
cv_targets__original,ADE_vs_floor,easy,eu-locality-124,1006,2.2412361995342716,2.445639210289273,8.357856297651711,4.154128377050374,4.74090412080723,4.3295911457613965
cv_targets__original,ADE_vs_floor,hard,eu-locality-007,1023,38.26125521332001,39.29723477145136,2.6362657936531475,78.11265794064077,106.93881724198937,79.09141428093004
cv_targets__original,ADE_vs_floor,hard,eu-locality-008,36762,49.067824036265506,49.6651159299373,1.2026386780499942,118.03601449453157,203.1131543206229,119.6000434566927
cv_targets__original,ADE_vs_floor,hard,eu-locality-020,47,36.92354931828993,36.92354931828993,0.0,60.52355224102176,69.16719818649797,60.52355224102176
cv_targets__original,ADE_vs_floor,hard,eu-locality-048,2992,53.0442133404735,53.792738563058535,1.3914986345370361,120.02547194053922,200.22487872307087,122.60258245083135
cv_targets__original,ADE_vs_floor,hard,eu-locality-067,2806,53.72540921157581,54.910481269926386,2.1581891670645836,126.83526510006658,198.92434816893777,127.36920960317892
cv_targets__original,ADE_vs_floor,hard,eu-locality-110,2743,74.62756943250518,75.97472072201377,1.7731572774551174,211.62896236269754,380.35594110435846,216.0693714569461
cv_targets__original,ADE_vs_floor,hard,eu-locality-119,1895,67.4266761936971,67.75657981295986,0.48689532466579255,172.71391239328824,273.9914452410256,172.71391239328824
cv_targets__original,ADE_vs_floor,hard,eu-locality-124,1362,94.67864755457592,95.90581572544342,1.2795555322532293,269.59858359996144,435.0646456287289,274.4684238324386
cv_targets__original,ADE_vs_floor,complete,eu-locality-007,2882,12.640141246543452,13.000634704824002,2.7728912200477795,45.2422395820037,76.86890219592341,46.10523368271999
cv_targets__original,ADE_vs_floor,complete,eu-locality-008,97352,15.27263376492662,15.598244315124525,2.087482050029066,55.64762965818929,113.78352408818913,55.94798986313879
cv_targets__original,ADE_vs_floor,complete,eu-locality-020,364,6.827044076206716,6.916345990279542,1.291171873100816,22.682718227503177,49.70629992513765,22.682718227503177
cv_targets__original,ADE_vs_floor,complete,eu-locality-048,4716,24.30671026422016,24.73400441013314,1.7275574906015723,86.55480133029045,146.93892931170916,87.79424185591918
cv_targets__original,ADE_vs_floor,complete,eu-locality-067,3417,27.448935848659755,28.18803041865701,2.622015653523868,87.00755418912514,160.33713288337748,87.55740326540852
cv_targets__original,ADE_vs_floor,complete,eu-locality-110,5804,26.204964760497035,27.023399686932656,3.028615703121107,108.78756290007931,257.33139749434275,109.83042543804812
cv_targets__original,ADE_vs_floor,complete,eu-locality-119,3148,26.612881852220415,26.934654676344703,1.194642470790186,103.20378997279019,189.99779782669526,103.20378997279019
cv_targets__original,ADE_vs_floor,complete,eu-locality-124,2077,36.66851777683667,37.29493004175377,1.6796177502298448,166.85994116519117,315.79700044017295,171.59254389597885
cv_targets__original,ADE_vs_original,all,eu-locality-007,5526,12.790129797678958,12.790129797678958,0.0,43.95122125345763,76.43866311332394,43.95122125345763
cv_targets__original,ADE_vs_original,all,eu-locality-008,157961,17.011497276939146,17.011497276939146,0.0,60.449353009022296,125.61507674596953,60.449353009022296
cv_targets__original,ADE_vs_original,all,eu-locality-020,1225,6.40833343267221,6.40833343267221,0.0,20.649557710350873,41.37090371937323,20.649557710350873
cv_targets__original,ADE_vs_original,all,eu-locality-048,8058,24.696571083614916,24.696571083614916,0.0,84.1261050283079,147.49292963797856,84.1261050283079
cv_targets__original,ADE_vs_original,all,eu-locality-067,6903,26.936399832200536,26.936399832200536,0.0,88.5042343006725,162.6235251701382,88.5042343006725
cv_targets__original,ADE_vs_original,all,eu-locality-110,8550,28.467057680649077,28.467057680649077,0.0,114.96035239299536,259.13760229328807,114.96035239299536
cv_targets__original,ADE_vs_original,all,eu-locality-119,5639,27.45935171672333,27.45935171672333,0.0,109.99273377845661,195.19579909519848,109.99273377845661
cv_targets__original,ADE_vs_original,all,eu-locality-124,3550,40.63456411793265,40.63456411793265,0.0,179.88453937909637,333.55000293878123,179.88453937909637
cv_targets__original,ADE_vs_original,easy,eu-locality-007,2133,1.7478873925379084,1.7478873925379084,0.0,4.200198112143838,5.0339673780807646,4.200198112143838
cv_targets__original,ADE_vs_original,easy,eu-locality-008,52276,2.0819531220555842,2.0819531220555842,0.0,4.148512843168251,4.7528035873239585,4.148512843168251
cv_targets__original,ADE_vs_original,easy,eu-locality-020,695,1.6723126715843208,1.6723126715843208,0.0,4.333966156328703,5.284731095304119,4.333966156328703
cv_targets__original,ADE_vs_original,easy,eu-locality-048,2050,2.0443475186139497,2.0443475186139497,0.0,4.210687426461756,4.757055109542503,4.210687426461756
cv_targets__original,ADE_vs_original,easy,eu-locality-067,1508,2.0023677468165393,2.0023677468165393,0.0,4.328427348215871,5.339863652448991,4.328427348215871
cv_targets__original,ADE_vs_original,easy,eu-locality-110,2579,2.0077266466948354,2.0077266466948354,0.0,3.9370268185757133,4.560634953159135,3.9370268185757133
cv_targets__original,ADE_vs_original,easy,eu-locality-119,1658,2.108646922724247,2.108646922724247,0.0,4.161233964387031,5.903202900920345,4.161233964387031
cv_targets__original,ADE_vs_original,easy,eu-locality-124,1006,2.2412361995342716,2.2412361995342716,0.0,4.154128377050374,4.74090412080723,4.154128377050374
cv_targets__original,ADE_vs_original,hard,eu-locality-007,1023,38.26125521332001,38.26125521332001,0.0,78.11265794064077,106.93881724198937,78.11265794064077
cv_targets__original,ADE_vs_original,hard,eu-locality-008,36762,49.067824036265506,49.067824036265506,0.0,118.03601449453157,203.1131543206229,118.03601449453157
cv_targets__original,ADE_vs_original,hard,eu-locality-020,47,36.92354931828993,36.92354931828993,0.0,60.52355224102176,69.16719818649797,60.52355224102176
cv_targets__original,ADE_vs_original,hard,eu-locality-048,2992,53.0442133404735,53.0442133404735,0.0,120.02547194053922,200.22487872307087,120.02547194053922
cv_targets__original,ADE_vs_original,hard,eu-locality-067,2806,53.72540921157581,53.72540921157581,0.0,126.83526510006658,198.92434816893777,126.83526510006658
cv_targets__original,ADE_vs_original,hard,eu-locality-110,2743,74.62756943250518,74.62756943250518,0.0,211.62896236269754,380.35594110435846,211.62896236269754
cv_targets__original,ADE_vs_original,hard,eu-locality-119,1895,67.4266761936971,67.4266761936971,0.0,172.71391239328824,273.9914452410256,172.71391239328824
cv_targets__original,ADE_vs_original,hard,eu-locality-124,1362,94.67864755457592,94.67864755457592,0.0,269.59858359996144,435.0646456287289,269.59858359996144
cv_targets__original,FDE_vs_floor,endpoint,eu-locality-007,3935,27.286985063944506,28.021083104029973,2.619806084440357,98.13709836423327,169.502019332493,99.74000009835866
cv_targets__original,FDE_vs_floor,endpoint,eu-locality-008,121088,32.81773096550599,33.623565608115655,2.396636490019266,127.92541679912509,264.9265301578823,128.79015975416985
cv_targets__original,FDE_vs_floor,endpoint,eu-locality-020,622,14.411041537833883,14.627580582394309,1.4803476442375674,52.375808020598235,102.34943144507893,52.375808020598235
cv_targets__original,FDE_vs_floor,endpoint,eu-locality-048,5582,52.82178263723782,53.81633147703995,1.8480428013314953,197.67135003282542,332.7626459334079,199.98144871686628
cv_targets__original,FDE_vs_floor,endpoint,eu-locality-067,4600,57.33210409593105,58.9192547164766,2.69377239780616,192.69391403412456,367.0313156604077,196.65546131977956
cv_targets__original,FDE_vs_floor,endpoint,eu-locality-110,7204,52.339527168718526,54.21226435414351,3.4544529872267637,231.88289402447333,520.3180099770442,235.26017178763956
cv_targets__original,FDE_vs_floor,endpoint,eu-locality-119,4147,60.71166140393216,61.43987867856576,1.1852518108692922,247.44070532789618,445.5820913837266,247.02998619753183
cv_targets__original,FDE_vs_floor,endpoint,eu-locality-124,2645,78.08289794263258,80.00543159398303,2.403003912418167,355.838487144209,705.8490395871898,363.62977622543167
cv_targets__original,ADE_vs_CV,easy,eu-locality-007,2133,1.7478873925379084,1.8525004364762494,5.6471265473670655,4.200198112143838,5.0339673780807646,4.355450553983238
cv_targets__original,ADE_vs_CV,easy,eu-locality-008,52276,2.0819531220555842,2.3343046202023725,10.810564138150514,4.148512843168251,4.7528035873239585,4.477191635123733
cv_targets__original,ADE_vs_CV,easy,eu-locality-020,695,1.6723126715843208,1.6834998531827923,0.6645193094208524,4.333966156328703,5.284731095304119,4.294862621440125
cv_targets__original,ADE_vs_CV,easy,eu-locality-048,2050,2.0443475186139497,2.2919612794697164,10.803575220653649,4.210687426461756,4.757055109542503,4.484449431559784
cv_targets__original,ADE_vs_CV,easy,eu-locality-067,1508,2.0023677468165393,2.126958008841005,5.857673800168528,4.328427348215871,5.339863652448991,4.431771346846858
cv_targets__original,ADE_vs_CV,easy,eu-locality-110,2579,2.0077266466948354,2.356118809479549,14.786697571574125,3.9370268185757133,4.560634953159135,4.476255197977273
cv_targets__original,ADE_vs_CV,easy,eu-locality-119,1658,2.108646922724247,2.3455260977767742,10.099191617482106,4.161233964387031,5.903202900920345,4.423775218674889
cv_targets__original,ADE_vs_CV,easy,eu-locality-124,1006,2.2412361995342716,2.5758364727079335,12.989965656550485,4.154128377050374,4.74090412080723,4.529853536161329
cv_targets__stop,ADE_vs_floor,all,eu-locality-007,5526,12.790129797678958,13.03007789912518,1.841493990318599,43.95122125345763,76.43866311332394,44.69396378264957
cv_targets__stop,ADE_vs_floor,all,eu-locality-008,157961,17.011501213011442,17.303707458293164,1.688691547669896,60.449353009022296,125.61507674596953,60.851472194022485
cv_targets__stop,ADE_vs_floor,all,eu-locality-020,1225,6.40833343267221,6.465710721017629,0.8874088374988265,20.649557710350873,41.37090371937323,20.649557710350873
cv_targets__stop,ADE_vs_floor,all,eu-locality-048,8058,24.696571083614916,25.081786899115574,1.5358388022754466,84.1261050283079,147.49292963797856,84.94302472678147
cv_targets__stop,ADE_vs_floor,all,eu-locality-067,6903,26.936399832200536,27.46038603063451,1.9081530676568814,88.5042343006725,162.6235251701382,89.6517956862803
cv_targets__stop,ADE_vs_floor,all,eu-locality-110,8550,28.467057680649077,29.15799863842907,2.3696446602798127,114.96035239299536,259.13760229328807,117.19208997565195
cv_targets__stop,ADE_vs_floor,all,eu-locality-119,5639,27.45935171672333,27.707160085187788,0.8943838621589206,109.99273377845661,195.19579909519848,110.34400428139483
cv_targets__stop,ADE_vs_floor,all,eu-locality-124,3550,40.63456411793265,41.28618629430454,1.5783055662416223,179.88453937909637,333.55000293878123,182.70620705979104
cv_targets__stop,ADE_vs_floor,easy,eu-locality-007,2133,1.7478873925379084,1.8208803442437398,4.0086627293539845,4.200198112143838,5.0339673780807646,4.231677560310645
cv_targets__stop,ADE_vs_floor,easy,eu-locality-008,52276,2.081954088556383,2.243755079189184,7.211169888081992,4.148512843168251,4.7528035873239585,4.269920362702182
cv_targets__stop,ADE_vs_floor,easy,eu-locality-020,695,1.6723126715843208,1.7041860561795545,1.8702995767191921,4.333966156328703,5.284731095304119,4.333966156328703
cv_targets__stop,ADE_vs_floor,easy,eu-locality-048,2050,2.0443475186139497,2.1853076350211285,6.450355737022628,4.210687426461756,4.757055109542503,4.279426052271072
cv_targets__stop,ADE_vs_floor,easy,eu-locality-067,1508,2.0023677468165393,2.0760134319354244,3.5474570629452473,4.328427348215871,5.339863652448991,4.333274063846627
cv_targets__stop,ADE_vs_floor,easy,eu-locality-110,2579,2.0077266466948354,2.212478061615281,9.254393002702187,3.9370268185757133,4.560634953159135,4.203897765463916
cv_targets__stop,ADE_vs_floor,easy,eu-locality-119,1658,2.108646922724247,2.2702471919597778,7.118179456750273,4.161233964387031,5.903202900920345,4.2442330009580065
cv_targets__stop,ADE_vs_floor,easy,eu-locality-124,1006,2.2412361995342716,2.445639210289273,8.357856297651711,4.154128377050374,4.74090412080723,4.3295911457613965
cv_targets__stop,ADE_vs_floor,hard,eu-locality-007,1023,38.26125521332001,39.29723477145136,2.6362657936531475,78.11265794064077,106.93881724198937,79.09141428093004
cv_targets__stop,ADE_vs_floor,hard,eu-locality-008,36762,49.06782811437836,49.6651159299373,1.2026304668281362,118.03601449453157,203.1131543206229,119.6000434566927
cv_targets__stop,ADE_vs_floor,hard,eu-locality-020,47,36.92354931828993,36.92354931828993,0.0,60.52355224102176,69.16719818649797,60.52355224102176
cv_targets__stop,ADE_vs_floor,hard,eu-locality-048,2992,53.0442133404735,53.792738563058535,1.3914986345370361,120.02547194053922,200.22487872307087,122.60258245083135
cv_targets__stop,ADE_vs_floor,hard,eu-locality-067,2806,53.72540921157581,54.910481269926386,2.1581891670645836,126.83526510006658,198.92434816893777,127.36920960317892
cv_targets__stop,ADE_vs_floor,hard,eu-locality-110,2743,74.62756943250518,75.97472072201377,1.7731572774551174,211.62896236269754,380.35594110435846,216.0693714569461
cv_targets__stop,ADE_vs_floor,hard,eu-locality-119,1895,67.4266761936971,67.75657981295986,0.48689532466579255,172.71391239328824,273.9914452410256,172.71391239328824
cv_targets__stop,ADE_vs_floor,hard,eu-locality-124,1362,94.67864755457592,95.90581572544342,1.2795555322532293,269.59858359996144,435.0646456287289,274.4684238324386
cv_targets__stop,ADE_vs_floor,complete,eu-locality-007,2882,12.640141246543452,13.000634704824002,2.7728912200477795,45.2422395820037,76.86890219592341,46.10523368271999
cv_targets__stop,ADE_vs_floor,complete,eu-locality-008,97352,15.272635157867319,15.598244315124525,2.087473119917005,55.64762965818929,113.78352408818913,55.94798986313879
cv_targets__stop,ADE_vs_floor,complete,eu-locality-020,364,6.827044076206716,6.916345990279542,1.291171873100816,22.682718227503177,49.70629992513765,22.682718227503177
cv_targets__stop,ADE_vs_floor,complete,eu-locality-048,4716,24.30671026422016,24.73400441013314,1.7275574906015723,86.55480133029045,146.93892931170916,87.79424185591918
cv_targets__stop,ADE_vs_floor,complete,eu-locality-067,3417,27.448935848659755,28.18803041865701,2.622015653523868,87.00755418912514,160.33713288337748,87.55740326540852
cv_targets__stop,ADE_vs_floor,complete,eu-locality-110,5804,26.204964760497035,27.023399686932656,3.028615703121107,108.78756290007931,257.33139749434275,109.83042543804812
cv_targets__stop,ADE_vs_floor,complete,eu-locality-119,3148,26.612881852220415,26.934654676344703,1.194642470790186,103.20378997279019,189.99779782669526,103.20378997279019
cv_targets__stop,ADE_vs_floor,complete,eu-locality-124,2077,36.66851777683667,37.29493004175377,1.6796177502298448,166.85994116519117,315.79700044017295,171.59254389597885
cv_targets__stop,ADE_vs_original,all,eu-locality-007,5526,12.790129797678958,12.790129797678958,0.0,43.95122125345763,76.43866311332394,43.95122125345763
cv_targets__stop,ADE_vs_original,all,eu-locality-008,157961,17.011501213011442,17.011497276939146,-2.313771816364607e-05,60.449353009022296,125.61507674596953,60.449353009022296
cv_targets__stop,ADE_vs_original,all,eu-locality-020,1225,6.40833343267221,6.40833343267221,0.0,20.649557710350873,41.37090371937323,20.649557710350873
cv_targets__stop,ADE_vs_original,all,eu-locality-048,8058,24.696571083614916,24.696571083614916,0.0,84.1261050283079,147.49292963797856,84.1261050283079
cv_targets__stop,ADE_vs_original,all,eu-locality-067,6903,26.936399832200536,26.936399832200536,0.0,88.5042343006725,162.6235251701382,88.5042343006725
cv_targets__stop,ADE_vs_original,all,eu-locality-110,8550,28.467057680649077,28.467057680649077,0.0,114.96035239299536,259.13760229328807,114.96035239299536
cv_targets__stop,ADE_vs_original,all,eu-locality-119,5639,27.45935171672333,27.45935171672333,0.0,109.99273377845661,195.19579909519848,109.99273377845661
cv_targets__stop,ADE_vs_original,all,eu-locality-124,3550,40.63456411793265,40.63456411793265,0.0,179.88453937909637,333.55000293878123,179.88453937909637
cv_targets__stop,ADE_vs_original,easy,eu-locality-007,2133,1.7478873925379084,1.7478873925379084,0.0,4.200198112143838,5.0339673780807646,4.200198112143838
cv_targets__stop,ADE_vs_original,easy,eu-locality-008,52276,2.081954088556383,2.0819531220555842,-4.642279352040646e-05,4.148512843168251,4.7528035873239585,4.148512843168251
cv_targets__stop,ADE_vs_original,easy,eu-locality-020,695,1.6723126715843208,1.6723126715843208,0.0,4.333966156328703,5.284731095304119,4.333966156328703
cv_targets__stop,ADE_vs_original,easy,eu-locality-048,2050,2.0443475186139497,2.0443475186139497,0.0,4.210687426461756,4.757055109542503,4.210687426461756
cv_targets__stop,ADE_vs_original,easy,eu-locality-067,1508,2.0023677468165393,2.0023677468165393,0.0,4.328427348215871,5.339863652448991,4.328427348215871
cv_targets__stop,ADE_vs_original,easy,eu-locality-110,2579,2.0077266466948354,2.0077266466948354,0.0,3.9370268185757133,4.560634953159135,3.9370268185757133
cv_targets__stop,ADE_vs_original,easy,eu-locality-119,1658,2.108646922724247,2.108646922724247,0.0,4.161233964387031,5.903202900920345,4.161233964387031
cv_targets__stop,ADE_vs_original,easy,eu-locality-124,1006,2.2412361995342716,2.2412361995342716,0.0,4.154128377050374,4.74090412080723,4.154128377050374
cv_targets__stop,ADE_vs_original,hard,eu-locality-007,1023,38.26125521332001,38.26125521332001,0.0,78.11265794064077,106.93881724198937,78.11265794064077
cv_targets__stop,ADE_vs_original,hard,eu-locality-008,36762,49.06782811437836,49.067824036265506,-8.311175259123615e-06,118.03601449453157,203.1131543206229,118.03601449453157
cv_targets__stop,ADE_vs_original,hard,eu-locality-020,47,36.92354931828993,36.92354931828993,0.0,60.52355224102176,69.16719818649797,60.52355224102176
cv_targets__stop,ADE_vs_original,hard,eu-locality-048,2992,53.0442133404735,53.0442133404735,0.0,120.02547194053922,200.22487872307087,120.02547194053922
cv_targets__stop,ADE_vs_original,hard,eu-locality-067,2806,53.72540921157581,53.72540921157581,0.0,126.83526510006658,198.92434816893777,126.83526510006658
cv_targets__stop,ADE_vs_original,hard,eu-locality-110,2743,74.62756943250518,74.62756943250518,0.0,211.62896236269754,380.35594110435846,211.62896236269754
cv_targets__stop,ADE_vs_original,hard,eu-locality-119,1895,67.4266761936971,67.4266761936971,0.0,172.71391239328824,273.9914452410256,172.71391239328824
cv_targets__stop,ADE_vs_original,hard,eu-locality-124,1362,94.67864755457592,94.67864755457592,0.0,269.59858359996144,435.0646456287289,269.59858359996144
cv_targets__stop,FDE_vs_floor,endpoint,eu-locality-007,3935,27.286985063944506,28.021083104029973,2.619806084440357,98.13709836423327,169.502019332493,99.74000009835866
cv_targets__stop,FDE_vs_floor,endpoint,eu-locality-008,121088,32.81773239251112,33.623565608115655,2.396632245956787,127.92541679912509,264.9265301578823,128.79015975416985
cv_targets__stop,FDE_vs_floor,endpoint,eu-locality-020,622,14.411041537833883,14.627580582394309,1.4803476442375674,52.375808020598235,102.34943144507893,52.375808020598235
cv_targets__stop,FDE_vs_floor,endpoint,eu-locality-048,5582,52.82178263723782,53.81633147703995,1.8480428013314953,197.67135003282542,332.7626459334079,199.98144871686628
cv_targets__stop,FDE_vs_floor,endpoint,eu-locality-067,4600,57.33210409593105,58.9192547164766,2.69377239780616,192.69391403412456,367.0313156604077,196.65546131977956
cv_targets__stop,FDE_vs_floor,endpoint,eu-locality-110,7204,52.339527168718526,54.21226435414351,3.4544529872267637,231.88289402447333,520.3180099770442,235.26017178763956
cv_targets__stop,FDE_vs_floor,endpoint,eu-locality-119,4147,60.71166140393216,61.43987867856576,1.1852518108692922,247.44070532789618,445.5820913837266,247.02998619753183
cv_targets__stop,FDE_vs_floor,endpoint,eu-locality-124,2645,78.08289794263258,80.00543159398303,2.403003912418167,355.838487144209,705.8490395871898,363.62977622543167
cv_targets__stop,ADE_vs_CV,easy,eu-locality-007,2133,1.7478873925379084,1.8525004364762494,5.6471265473670655,4.200198112143838,5.0339673780807646,4.355450553983238
cv_targets__stop,ADE_vs_CV,easy,eu-locality-008,52276,2.081954088556383,2.3343046202023725,10.810522733922866,4.148512843168251,4.7528035873239585,4.477191635123733
cv_targets__stop,ADE_vs_CV,easy,eu-locality-020,695,1.6723126715843208,1.6834998531827923,0.6645193094208524,4.333966156328703,5.284731095304119,4.294862621440125
cv_targets__stop,ADE_vs_CV,easy,eu-locality-048,2050,2.0443475186139497,2.2919612794697164,10.803575220653649,4.210687426461756,4.757055109542503,4.484449431559784
cv_targets__stop,ADE_vs_CV,easy,eu-locality-067,1508,2.0023677468165393,2.126958008841005,5.857673800168528,4.328427348215871,5.339863652448991,4.431771346846858
cv_targets__stop,ADE_vs_CV,easy,eu-locality-110,2579,2.0077266466948354,2.356118809479549,14.786697571574125,3.9370268185757133,4.560634953159135,4.476255197977273
cv_targets__stop,ADE_vs_CV,easy,eu-locality-119,1658,2.108646922724247,2.3455260977767742,10.099191617482106,4.161233964387031,5.903202900920345,4.423775218674889
cv_targets__stop,ADE_vs_CV,easy,eu-locality-124,1006,2.2412361995342716,2.5758364727079335,12.989965656550485,4.154128377050374,4.74090412080723,4.529853536161329
cv_targets__stop,matched_risk,all,eu-locality-007,5526,12.790129797678958,12.790129797678958,0.0,43.95122125345763,76.43866311332394,43.95122125345763
cv_targets__stop,matched_risk,all,eu-locality-008,157961,17.011501213011442,17.011501213011442,0.0,60.449353009022296,125.61507674596953,60.449353009022296
cv_targets__stop,matched_risk,all,eu-locality-020,1225,6.40833343267221,6.40833343267221,0.0,20.649557710350873,41.37090371937323,20.649557710350873
cv_targets__stop,matched_risk,all,eu-locality-048,8058,24.696571083614916,24.696571083614916,0.0,84.1261050283079,147.49292963797856,84.1261050283079
cv_targets__stop,matched_risk,all,eu-locality-067,6903,26.936399832200536,26.936399832200536,0.0,88.5042343006725,162.6235251701382,88.5042343006725
cv_targets__stop,matched_risk,all,eu-locality-110,8550,28.467057680649077,28.467057680649077,0.0,114.96035239299536,259.13760229328807,114.96035239299536
cv_targets__stop,matched_risk,all,eu-locality-119,5639,27.45935171672333,27.45935171672333,0.0,109.99273377845661,195.19579909519848,109.99273377845661
cv_targets__stop,matched_risk,all,eu-locality-124,3550,40.63456411793265,40.63456411793265,0.0,179.88453937909637,333.55000293878123,179.88453937909637
cv_targets__stop,matched_risk,easy,eu-locality-007,2133,1.7478873925379084,1.7478873925379084,0.0,4.200198112143838,5.0339673780807646,4.200198112143838
cv_targets__stop,matched_risk,easy,eu-locality-008,52276,2.081954088556383,2.081954088556383,0.0,4.148512843168251,4.7528035873239585,4.148512843168251
cv_targets__stop,matched_risk,easy,eu-locality-020,695,1.6723126715843208,1.6723126715843208,0.0,4.333966156328703,5.284731095304119,4.333966156328703
cv_targets__stop,matched_risk,easy,eu-locality-048,2050,2.0443475186139497,2.0443475186139497,0.0,4.210687426461756,4.757055109542503,4.210687426461756
cv_targets__stop,matched_risk,easy,eu-locality-067,1508,2.0023677468165393,2.0023677468165393,0.0,4.328427348215871,5.339863652448991,4.328427348215871
cv_targets__stop,matched_risk,easy,eu-locality-110,2579,2.0077266466948354,2.0077266466948354,0.0,3.9370268185757133,4.560634953159135,3.9370268185757133
cv_targets__stop,matched_risk,easy,eu-locality-119,1658,2.108646922724247,2.108646922724247,0.0,4.161233964387031,5.903202900920345,4.161233964387031
cv_targets__stop,matched_risk,easy,eu-locality-124,1006,2.2412361995342716,2.2412361995342716,0.0,4.154128377050374,4.74090412080723,4.154128377050374
cv_targets__stop,matched_risk,hard,eu-locality-007,1023,38.26125521332001,38.26125521332001,0.0,78.11265794064077,106.93881724198937,78.11265794064077
cv_targets__stop,matched_risk,hard,eu-locality-008,36762,49.06782811437836,49.06782811437836,0.0,118.03601449453157,203.1131543206229,118.03601449453157
cv_targets__stop,matched_risk,hard,eu-locality-020,47,36.92354931828993,36.92354931828993,0.0,60.52355224102176,69.16719818649797,60.52355224102176
cv_targets__stop,matched_risk,hard,eu-locality-048,2992,53.0442133404735,53.0442133404735,0.0,120.02547194053922,200.22487872307087,120.02547194053922
cv_targets__stop,matched_risk,hard,eu-locality-067,2806,53.72540921157581,53.72540921157581,0.0,126.83526510006658,198.92434816893777,126.83526510006658
cv_targets__stop,matched_risk,hard,eu-locality-110,2743,74.62756943250518,74.62756943250518,0.0,211.62896236269754,380.35594110435846,211.62896236269754
cv_targets__stop,matched_risk,hard,eu-locality-119,1895,67.4266761936971,67.4266761936971,0.0,172.71391239328824,273.9914452410256,172.71391239328824
cv_targets__stop,matched_risk,hard,eu-locality-124,1362,94.67864755457592,94.67864755457592,0.0,269.59858359996144,435.0646456287289,269.59858359996144
cv_targets__stop,matched_risk,complete,eu-locality-007,2882,12.640141246543452,12.640141246543452,0.0,45.2422395820037,76.86890219592341,45.2422395820037
cv_targets__stop,matched_risk,complete,eu-locality-008,97352,15.272635157867319,15.272635157867319,0.0,55.64762965818929,113.78352408818913,55.64762965818929
cv_targets__stop,matched_risk,complete,eu-locality-020,364,6.827044076206716,6.827044076206716,0.0,22.682718227503177,49.70629992513765,22.682718227503177
cv_targets__stop,matched_risk,complete,eu-locality-048,4716,24.30671026422016,24.30671026422016,0.0,86.55480133029045,146.93892931170916,86.55480133029045
cv_targets__stop,matched_risk,complete,eu-locality-067,3417,27.448935848659755,27.448935848659755,0.0,87.00755418912514,160.33713288337748,87.00755418912514
cv_targets__stop,matched_risk,complete,eu-locality-110,5804,26.204964760497035,26.204964760497035,0.0,108.78756290007931,257.33139749434275,108.78756290007931
cv_targets__stop,matched_risk,complete,eu-locality-119,3148,26.612881852220415,26.612881852220415,0.0,103.20378997279019,189.99779782669526,103.20378997279019
cv_targets__stop,matched_risk,complete,eu-locality-124,2077,36.66851777683667,36.66851777683667,0.0,166.85994116519117,315.79700044017295,166.85994116519117
cv_targets__stop,matched_random,all,eu-locality-007,5526,12.790129797678958,12.790129797678958,0.0,43.95122125345763,76.43866311332394,43.95122125345763
cv_targets__stop,matched_random,all,eu-locality-008,157961,17.011501213011442,17.011501213011442,0.0,60.449353009022296,125.61507674596953,60.449353009022296
cv_targets__stop,matched_random,all,eu-locality-020,1225,6.40833343267221,6.40833343267221,0.0,20.649557710350873,41.37090371937323,20.649557710350873
cv_targets__stop,matched_random,all,eu-locality-048,8058,24.696571083614916,24.696571083614916,0.0,84.1261050283079,147.49292963797856,84.1261050283079
cv_targets__stop,matched_random,all,eu-locality-067,6903,26.936399832200536,26.936399832200536,0.0,88.5042343006725,162.6235251701382,88.5042343006725
cv_targets__stop,matched_random,all,eu-locality-110,8550,28.467057680649077,28.467057680649077,0.0,114.96035239299536,259.13760229328807,114.96035239299536
cv_targets__stop,matched_random,all,eu-locality-119,5639,27.45935171672333,27.45935171672333,0.0,109.99273377845661,195.19579909519848,109.99273377845661
cv_targets__stop,matched_random,all,eu-locality-124,3550,40.63456411793265,40.63456411793265,0.0,179.88453937909637,333.55000293878123,179.88453937909637
cv_targets__stop,matched_random,easy,eu-locality-007,2133,1.7478873925379084,1.7478873925379084,0.0,4.200198112143838,5.0339673780807646,4.200198112143838
cv_targets__stop,matched_random,easy,eu-locality-008,52276,2.081954088556383,2.081954088556383,0.0,4.148512843168251,4.7528035873239585,4.148512843168251
cv_targets__stop,matched_random,easy,eu-locality-020,695,1.6723126715843208,1.6723126715843208,0.0,4.333966156328703,5.284731095304119,4.333966156328703
cv_targets__stop,matched_random,easy,eu-locality-048,2050,2.0443475186139497,2.0443475186139497,0.0,4.210687426461756,4.757055109542503,4.210687426461756
cv_targets__stop,matched_random,easy,eu-locality-067,1508,2.0023677468165393,2.0023677468165393,0.0,4.328427348215871,5.339863652448991,4.328427348215871
cv_targets__stop,matched_random,easy,eu-locality-110,2579,2.0077266466948354,2.0077266466948354,0.0,3.9370268185757133,4.560634953159135,3.9370268185757133
cv_targets__stop,matched_random,easy,eu-locality-119,1658,2.108646922724247,2.108646922724247,0.0,4.161233964387031,5.903202900920345,4.161233964387031
cv_targets__stop,matched_random,easy,eu-locality-124,1006,2.2412361995342716,2.2412361995342716,0.0,4.154128377050374,4.74090412080723,4.154128377050374
cv_targets__stop,matched_random,hard,eu-locality-007,1023,38.26125521332001,38.26125521332001,0.0,78.11265794064077,106.93881724198937,78.11265794064077
cv_targets__stop,matched_random,hard,eu-locality-008,36762,49.06782811437836,49.06782811437836,0.0,118.03601449453157,203.1131543206229,118.03601449453157
cv_targets__stop,matched_random,hard,eu-locality-020,47,36.92354931828993,36.92354931828993,0.0,60.52355224102176,69.16719818649797,60.52355224102176
cv_targets__stop,matched_random,hard,eu-locality-048,2992,53.0442133404735,53.0442133404735,0.0,120.02547194053922,200.22487872307087,120.02547194053922
cv_targets__stop,matched_random,hard,eu-locality-067,2806,53.72540921157581,53.72540921157581,0.0,126.83526510006658,198.92434816893777,126.83526510006658
cv_targets__stop,matched_random,hard,eu-locality-110,2743,74.62756943250518,74.62756943250518,0.0,211.62896236269754,380.35594110435846,211.62896236269754
cv_targets__stop,matched_random,hard,eu-locality-119,1895,67.4266761936971,67.4266761936971,0.0,172.71391239328824,273.9914452410256,172.71391239328824
cv_targets__stop,matched_random,hard,eu-locality-124,1362,94.67864755457592,94.67864755457592,0.0,269.59858359996144,435.0646456287289,269.59858359996144
cv_targets__stop,matched_random,complete,eu-locality-007,2882,12.640141246543452,12.640141246543452,0.0,45.2422395820037,76.86890219592341,45.2422395820037
cv_targets__stop,matched_random,complete,eu-locality-008,97352,15.272635157867319,15.272635157867319,0.0,55.64762965818929,113.78352408818913,55.64762965818929
cv_targets__stop,matched_random,complete,eu-locality-020,364,6.827044076206716,6.827044076206716,0.0,22.682718227503177,49.70629992513765,22.682718227503177
cv_targets__stop,matched_random,complete,eu-locality-048,4716,24.30671026422016,24.30671026422016,0.0,86.55480133029045,146.93892931170916,86.55480133029045
cv_targets__stop,matched_random,complete,eu-locality-067,3417,27.448935848659755,27.448935848659755,0.0,87.00755418912514,160.33713288337748,87.00755418912514
cv_targets__stop,matched_random,complete,eu-locality-110,5804,26.204964760497035,26.204964760497035,0.0,108.78756290007931,257.33139749434275,108.78756290007931
cv_targets__stop,matched_random,complete,eu-locality-119,3148,26.612881852220415,26.612881852220415,0.0,103.20378997279019,189.99779782669526,103.20378997279019
cv_targets__stop,matched_random,complete,eu-locality-124,2077,36.66851777683667,36.66851777683667,0.0,166.85994116519117,315.79700044017295,166.85994116519117
cv_targets__stop_risk,ADE_vs_floor,all,eu-locality-007,5526,12.790129797678958,13.03007789912518,1.841493990318599,43.95122125345763,76.43866311332394,44.69396378264957
cv_targets__stop_risk,ADE_vs_floor,all,eu-locality-008,157961,17.011501213011442,17.303707458293164,1.688691547669896,60.449353009022296,125.61507674596953,60.851472194022485
cv_targets__stop_risk,ADE_vs_floor,all,eu-locality-020,1225,6.40833343267221,6.465710721017629,0.8874088374988265,20.649557710350873,41.37090371937323,20.649557710350873
cv_targets__stop_risk,ADE_vs_floor,all,eu-locality-048,8058,24.696571083614916,25.081786899115574,1.5358388022754466,84.1261050283079,147.49292963797856,84.94302472678147
cv_targets__stop_risk,ADE_vs_floor,all,eu-locality-067,6903,26.936399832200536,27.46038603063451,1.9081530676568814,88.5042343006725,162.6235251701382,89.6517956862803
cv_targets__stop_risk,ADE_vs_floor,all,eu-locality-110,8550,28.467057680649077,29.15799863842907,2.3696446602798127,114.96035239299536,259.13760229328807,117.19208997565195
cv_targets__stop_risk,ADE_vs_floor,all,eu-locality-119,5639,27.45935171672333,27.707160085187788,0.8943838621589206,109.99273377845661,195.19579909519848,110.34400428139483
cv_targets__stop_risk,ADE_vs_floor,all,eu-locality-124,3550,40.63456411793265,41.28618629430454,1.5783055662416223,179.88453937909637,333.55000293878123,182.70620705979104
cv_targets__stop_risk,ADE_vs_floor,easy,eu-locality-007,2133,1.7478873925379084,1.8208803442437398,4.0086627293539845,4.200198112143838,5.0339673780807646,4.231677560310645
cv_targets__stop_risk,ADE_vs_floor,easy,eu-locality-008,52276,2.081954088556383,2.243755079189184,7.211169888081992,4.148512843168251,4.7528035873239585,4.269920362702182
cv_targets__stop_risk,ADE_vs_floor,easy,eu-locality-020,695,1.6723126715843208,1.7041860561795545,1.8702995767191921,4.333966156328703,5.284731095304119,4.333966156328703
cv_targets__stop_risk,ADE_vs_floor,easy,eu-locality-048,2050,2.0443475186139497,2.1853076350211285,6.450355737022628,4.210687426461756,4.757055109542503,4.279426052271072
cv_targets__stop_risk,ADE_vs_floor,easy,eu-locality-067,1508,2.0023677468165393,2.0760134319354244,3.5474570629452473,4.328427348215871,5.339863652448991,4.333274063846627
cv_targets__stop_risk,ADE_vs_floor,easy,eu-locality-110,2579,2.0077266466948354,2.212478061615281,9.254393002702187,3.9370268185757133,4.560634953159135,4.203897765463916
cv_targets__stop_risk,ADE_vs_floor,easy,eu-locality-119,1658,2.108646922724247,2.2702471919597778,7.118179456750273,4.161233964387031,5.903202900920345,4.2442330009580065
cv_targets__stop_risk,ADE_vs_floor,easy,eu-locality-124,1006,2.2412361995342716,2.445639210289273,8.357856297651711,4.154128377050374,4.74090412080723,4.3295911457613965
cv_targets__stop_risk,ADE_vs_floor,hard,eu-locality-007,1023,38.26125521332001,39.29723477145136,2.6362657936531475,78.11265794064077,106.93881724198937,79.09141428093004
cv_targets__stop_risk,ADE_vs_floor,hard,eu-locality-008,36762,49.06782811437836,49.6651159299373,1.2026304668281362,118.03601449453157,203.1131543206229,119.6000434566927
cv_targets__stop_risk,ADE_vs_floor,hard,eu-locality-020,47,36.92354931828993,36.92354931828993,0.0,60.52355224102176,69.16719818649797,60.52355224102176
cv_targets__stop_risk,ADE_vs_floor,hard,eu-locality-048,2992,53.0442133404735,53.792738563058535,1.3914986345370361,120.02547194053922,200.22487872307087,122.60258245083135
cv_targets__stop_risk,ADE_vs_floor,hard,eu-locality-067,2806,53.72540921157581,54.910481269926386,2.1581891670645836,126.83526510006658,198.92434816893777,127.36920960317892
cv_targets__stop_risk,ADE_vs_floor,hard,eu-locality-110,2743,74.62756943250518,75.97472072201377,1.7731572774551174,211.62896236269754,380.35594110435846,216.0693714569461
cv_targets__stop_risk,ADE_vs_floor,hard,eu-locality-119,1895,67.4266761936971,67.75657981295986,0.48689532466579255,172.71391239328824,273.9914452410256,172.71391239328824
cv_targets__stop_risk,ADE_vs_floor,hard,eu-locality-124,1362,94.67864755457592,95.90581572544342,1.2795555322532293,269.59858359996144,435.0646456287289,274.4684238324386
cv_targets__stop_risk,ADE_vs_floor,complete,eu-locality-007,2882,12.640141246543452,13.000634704824002,2.7728912200477795,45.2422395820037,76.86890219592341,46.10523368271999
cv_targets__stop_risk,ADE_vs_floor,complete,eu-locality-008,97352,15.272635157867319,15.598244315124525,2.087473119917005,55.64762965818929,113.78352408818913,55.94798986313879
cv_targets__stop_risk,ADE_vs_floor,complete,eu-locality-020,364,6.827044076206716,6.916345990279542,1.291171873100816,22.682718227503177,49.70629992513765,22.682718227503177
cv_targets__stop_risk,ADE_vs_floor,complete,eu-locality-048,4716,24.30671026422016,24.73400441013314,1.7275574906015723,86.55480133029045,146.93892931170916,87.79424185591918
cv_targets__stop_risk,ADE_vs_floor,complete,eu-locality-067,3417,27.448935848659755,28.18803041865701,2.622015653523868,87.00755418912514,160.33713288337748,87.55740326540852
cv_targets__stop_risk,ADE_vs_floor,complete,eu-locality-110,5804,26.204964760497035,27.023399686932656,3.028615703121107,108.78756290007931,257.33139749434275,109.83042543804812
cv_targets__stop_risk,ADE_vs_floor,complete,eu-locality-119,3148,26.612881852220415,26.934654676344703,1.194642470790186,103.20378997279019,189.99779782669526,103.20378997279019
cv_targets__stop_risk,ADE_vs_floor,complete,eu-locality-124,2077,36.66851777683667,37.29493004175377,1.6796177502298448,166.85994116519117,315.79700044017295,171.59254389597885
cv_targets__stop_risk,ADE_vs_original,all,eu-locality-007,5526,12.790129797678958,12.790129797678958,0.0,43.95122125345763,76.43866311332394,43.95122125345763
cv_targets__stop_risk,ADE_vs_original,all,eu-locality-008,157961,17.011501213011442,17.011497276939146,-2.313771816364607e-05,60.449353009022296,125.61507674596953,60.449353009022296
cv_targets__stop_risk,ADE_vs_original,all,eu-locality-020,1225,6.40833343267221,6.40833343267221,0.0,20.649557710350873,41.37090371937323,20.649557710350873
cv_targets__stop_risk,ADE_vs_original,all,eu-locality-048,8058,24.696571083614916,24.696571083614916,0.0,84.1261050283079,147.49292963797856,84.1261050283079
cv_targets__stop_risk,ADE_vs_original,all,eu-locality-067,6903,26.936399832200536,26.936399832200536,0.0,88.5042343006725,162.6235251701382,88.5042343006725
cv_targets__stop_risk,ADE_vs_original,all,eu-locality-110,8550,28.467057680649077,28.467057680649077,0.0,114.96035239299536,259.13760229328807,114.96035239299536
cv_targets__stop_risk,ADE_vs_original,all,eu-locality-119,5639,27.45935171672333,27.45935171672333,0.0,109.99273377845661,195.19579909519848,109.99273377845661
cv_targets__stop_risk,ADE_vs_original,all,eu-locality-124,3550,40.63456411793265,40.63456411793265,0.0,179.88453937909637,333.55000293878123,179.88453937909637
cv_targets__stop_risk,ADE_vs_original,easy,eu-locality-007,2133,1.7478873925379084,1.7478873925379084,0.0,4.200198112143838,5.0339673780807646,4.200198112143838
cv_targets__stop_risk,ADE_vs_original,easy,eu-locality-008,52276,2.081954088556383,2.0819531220555842,-4.642279352040646e-05,4.148512843168251,4.7528035873239585,4.148512843168251
cv_targets__stop_risk,ADE_vs_original,easy,eu-locality-020,695,1.6723126715843208,1.6723126715843208,0.0,4.333966156328703,5.284731095304119,4.333966156328703
cv_targets__stop_risk,ADE_vs_original,easy,eu-locality-048,2050,2.0443475186139497,2.0443475186139497,0.0,4.210687426461756,4.757055109542503,4.210687426461756
cv_targets__stop_risk,ADE_vs_original,easy,eu-locality-067,1508,2.0023677468165393,2.0023677468165393,0.0,4.328427348215871,5.339863652448991,4.328427348215871
cv_targets__stop_risk,ADE_vs_original,easy,eu-locality-110,2579,2.0077266466948354,2.0077266466948354,0.0,3.9370268185757133,4.560634953159135,3.9370268185757133
cv_targets__stop_risk,ADE_vs_original,easy,eu-locality-119,1658,2.108646922724247,2.108646922724247,0.0,4.161233964387031,5.903202900920345,4.161233964387031
cv_targets__stop_risk,ADE_vs_original,easy,eu-locality-124,1006,2.2412361995342716,2.2412361995342716,0.0,4.154128377050374,4.74090412080723,4.154128377050374
cv_targets__stop_risk,ADE_vs_original,hard,eu-locality-007,1023,38.26125521332001,38.26125521332001,0.0,78.11265794064077,106.93881724198937,78.11265794064077
cv_targets__stop_risk,ADE_vs_original,hard,eu-locality-008,36762,49.06782811437836,49.067824036265506,-8.311175259123615e-06,118.03601449453157,203.1131543206229,118.03601449453157
cv_targets__stop_risk,ADE_vs_original,hard,eu-locality-020,47,36.92354931828993,36.92354931828993,0.0,60.52355224102176,69.16719818649797,60.52355224102176
cv_targets__stop_risk,ADE_vs_original,hard,eu-locality-048,2992,53.0442133404735,53.0442133404735,0.0,120.02547194053922,200.22487872307087,120.02547194053922
cv_targets__stop_risk,ADE_vs_original,hard,eu-locality-067,2806,53.72540921157581,53.72540921157581,0.0,126.83526510006658,198.92434816893777,126.83526510006658
cv_targets__stop_risk,ADE_vs_original,hard,eu-locality-110,2743,74.62756943250518,74.62756943250518,0.0,211.62896236269754,380.35594110435846,211.62896236269754
cv_targets__stop_risk,ADE_vs_original,hard,eu-locality-119,1895,67.4266761936971,67.4266761936971,0.0,172.71391239328824,273.9914452410256,172.71391239328824
cv_targets__stop_risk,ADE_vs_original,hard,eu-locality-124,1362,94.67864755457592,94.67864755457592,0.0,269.59858359996144,435.0646456287289,269.59858359996144
cv_targets__stop_risk,FDE_vs_floor,endpoint,eu-locality-007,3935,27.286985063944506,28.021083104029973,2.619806084440357,98.13709836423327,169.502019332493,99.74000009835866
cv_targets__stop_risk,FDE_vs_floor,endpoint,eu-locality-008,121088,32.81773239251112,33.623565608115655,2.396632245956787,127.92541679912509,264.9265301578823,128.79015975416985
cv_targets__stop_risk,FDE_vs_floor,endpoint,eu-locality-020,622,14.411041537833883,14.627580582394309,1.4803476442375674,52.375808020598235,102.34943144507893,52.375808020598235
cv_targets__stop_risk,FDE_vs_floor,endpoint,eu-locality-048,5582,52.82178263723782,53.81633147703995,1.8480428013314953,197.67135003282542,332.7626459334079,199.98144871686628
cv_targets__stop_risk,FDE_vs_floor,endpoint,eu-locality-067,4600,57.33210409593105,58.9192547164766,2.69377239780616,192.69391403412456,367.0313156604077,196.65546131977956
cv_targets__stop_risk,FDE_vs_floor,endpoint,eu-locality-110,7204,52.339527168718526,54.21226435414351,3.4544529872267637,231.88289402447333,520.3180099770442,235.26017178763956
cv_targets__stop_risk,FDE_vs_floor,endpoint,eu-locality-119,4147,60.71166140393216,61.43987867856576,1.1852518108692922,247.44070532789618,445.5820913837266,247.02998619753183
cv_targets__stop_risk,FDE_vs_floor,endpoint,eu-locality-124,2645,78.08289794263258,80.00543159398303,2.403003912418167,355.838487144209,705.8490395871898,363.62977622543167
cv_targets__stop_risk,ADE_vs_CV,easy,eu-locality-007,2133,1.7478873925379084,1.8525004364762494,5.6471265473670655,4.200198112143838,5.0339673780807646,4.355450553983238
cv_targets__stop_risk,ADE_vs_CV,easy,eu-locality-008,52276,2.081954088556383,2.3343046202023725,10.810522733922866,4.148512843168251,4.7528035873239585,4.477191635123733
cv_targets__stop_risk,ADE_vs_CV,easy,eu-locality-020,695,1.6723126715843208,1.6834998531827923,0.6645193094208524,4.333966156328703,5.284731095304119,4.294862621440125
cv_targets__stop_risk,ADE_vs_CV,easy,eu-locality-048,2050,2.0443475186139497,2.2919612794697164,10.803575220653649,4.210687426461756,4.757055109542503,4.484449431559784
cv_targets__stop_risk,ADE_vs_CV,easy,eu-locality-067,1508,2.0023677468165393,2.126958008841005,5.857673800168528,4.328427348215871,5.339863652448991,4.431771346846858
cv_targets__stop_risk,ADE_vs_CV,easy,eu-locality-110,2579,2.0077266466948354,2.356118809479549,14.786697571574125,3.9370268185757133,4.560634953159135,4.476255197977273
cv_targets__stop_risk,ADE_vs_CV,easy,eu-locality-119,1658,2.108646922724247,2.3455260977767742,10.099191617482106,4.161233964387031,5.903202900920345,4.423775218674889
cv_targets__stop_risk,ADE_vs_CV,easy,eu-locality-124,1006,2.2412361995342716,2.5758364727079335,12.989965656550485,4.154128377050374,4.74090412080723,4.529853536161329
cv_targets__stop_random,ADE_vs_floor,all,eu-locality-007,5526,12.790129797678958,13.03007789912518,1.841493990318599,43.95122125345763,76.43866311332394,44.69396378264957
cv_targets__stop_random,ADE_vs_floor,all,eu-locality-008,157961,17.011501213011442,17.303707458293164,1.688691547669896,60.449353009022296,125.61507674596953,60.851472194022485
cv_targets__stop_random,ADE_vs_floor,all,eu-locality-020,1225,6.40833343267221,6.465710721017629,0.8874088374988265,20.649557710350873,41.37090371937323,20.649557710350873
cv_targets__stop_random,ADE_vs_floor,all,eu-locality-048,8058,24.696571083614916,25.081786899115574,1.5358388022754466,84.1261050283079,147.49292963797856,84.94302472678147
cv_targets__stop_random,ADE_vs_floor,all,eu-locality-067,6903,26.936399832200536,27.46038603063451,1.9081530676568814,88.5042343006725,162.6235251701382,89.6517956862803
cv_targets__stop_random,ADE_vs_floor,all,eu-locality-110,8550,28.467057680649077,29.15799863842907,2.3696446602798127,114.96035239299536,259.13760229328807,117.19208997565195
cv_targets__stop_random,ADE_vs_floor,all,eu-locality-119,5639,27.45935171672333,27.707160085187788,0.8943838621589206,109.99273377845661,195.19579909519848,110.34400428139483
cv_targets__stop_random,ADE_vs_floor,all,eu-locality-124,3550,40.63456411793265,41.28618629430454,1.5783055662416223,179.88453937909637,333.55000293878123,182.70620705979104
cv_targets__stop_random,ADE_vs_floor,easy,eu-locality-007,2133,1.7478873925379084,1.8208803442437398,4.0086627293539845,4.200198112143838,5.0339673780807646,4.231677560310645
cv_targets__stop_random,ADE_vs_floor,easy,eu-locality-008,52276,2.081954088556383,2.243755079189184,7.211169888081992,4.148512843168251,4.7528035873239585,4.269920362702182
cv_targets__stop_random,ADE_vs_floor,easy,eu-locality-020,695,1.6723126715843208,1.7041860561795545,1.8702995767191921,4.333966156328703,5.284731095304119,4.333966156328703
cv_targets__stop_random,ADE_vs_floor,easy,eu-locality-048,2050,2.0443475186139497,2.1853076350211285,6.450355737022628,4.210687426461756,4.757055109542503,4.279426052271072
cv_targets__stop_random,ADE_vs_floor,easy,eu-locality-067,1508,2.0023677468165393,2.0760134319354244,3.5474570629452473,4.328427348215871,5.339863652448991,4.333274063846627
cv_targets__stop_random,ADE_vs_floor,easy,eu-locality-110,2579,2.0077266466948354,2.212478061615281,9.254393002702187,3.9370268185757133,4.560634953159135,4.203897765463916
cv_targets__stop_random,ADE_vs_floor,easy,eu-locality-119,1658,2.108646922724247,2.2702471919597778,7.118179456750273,4.161233964387031,5.903202900920345,4.2442330009580065
cv_targets__stop_random,ADE_vs_floor,easy,eu-locality-124,1006,2.2412361995342716,2.445639210289273,8.357856297651711,4.154128377050374,4.74090412080723,4.3295911457613965
cv_targets__stop_random,ADE_vs_floor,hard,eu-locality-007,1023,38.26125521332001,39.29723477145136,2.6362657936531475,78.11265794064077,106.93881724198937,79.09141428093004
cv_targets__stop_random,ADE_vs_floor,hard,eu-locality-008,36762,49.06782811437836,49.6651159299373,1.2026304668281362,118.03601449453157,203.1131543206229,119.6000434566927
cv_targets__stop_random,ADE_vs_floor,hard,eu-locality-020,47,36.92354931828993,36.92354931828993,0.0,60.52355224102176,69.16719818649797,60.52355224102176
cv_targets__stop_random,ADE_vs_floor,hard,eu-locality-048,2992,53.0442133404735,53.792738563058535,1.3914986345370361,120.02547194053922,200.22487872307087,122.60258245083135
cv_targets__stop_random,ADE_vs_floor,hard,eu-locality-067,2806,53.72540921157581,54.910481269926386,2.1581891670645836,126.83526510006658,198.92434816893777,127.36920960317892
cv_targets__stop_random,ADE_vs_floor,hard,eu-locality-110,2743,74.62756943250518,75.97472072201377,1.7731572774551174,211.62896236269754,380.35594110435846,216.0693714569461
cv_targets__stop_random,ADE_vs_floor,hard,eu-locality-119,1895,67.4266761936971,67.75657981295986,0.48689532466579255,172.71391239328824,273.9914452410256,172.71391239328824
cv_targets__stop_random,ADE_vs_floor,hard,eu-locality-124,1362,94.67864755457592,95.90581572544342,1.2795555322532293,269.59858359996144,435.0646456287289,274.4684238324386
cv_targets__stop_random,ADE_vs_floor,complete,eu-locality-007,2882,12.640141246543452,13.000634704824002,2.7728912200477795,45.2422395820037,76.86890219592341,46.10523368271999
cv_targets__stop_random,ADE_vs_floor,complete,eu-locality-008,97352,15.272635157867319,15.598244315124525,2.087473119917005,55.64762965818929,113.78352408818913,55.94798986313879
cv_targets__stop_random,ADE_vs_floor,complete,eu-locality-020,364,6.827044076206716,6.916345990279542,1.291171873100816,22.682718227503177,49.70629992513765,22.682718227503177
cv_targets__stop_random,ADE_vs_floor,complete,eu-locality-048,4716,24.30671026422016,24.73400441013314,1.7275574906015723,86.55480133029045,146.93892931170916,87.79424185591918
cv_targets__stop_random,ADE_vs_floor,complete,eu-locality-067,3417,27.448935848659755,28.18803041865701,2.622015653523868,87.00755418912514,160.33713288337748,87.55740326540852
cv_targets__stop_random,ADE_vs_floor,complete,eu-locality-110,5804,26.204964760497035,27.023399686932656,3.028615703121107,108.78756290007931,257.33139749434275,109.83042543804812
cv_targets__stop_random,ADE_vs_floor,complete,eu-locality-119,3148,26.612881852220415,26.934654676344703,1.194642470790186,103.20378997279019,189.99779782669526,103.20378997279019
cv_targets__stop_random,ADE_vs_floor,complete,eu-locality-124,2077,36.66851777683667,37.29493004175377,1.6796177502298448,166.85994116519117,315.79700044017295,171.59254389597885
cv_targets__stop_random,ADE_vs_original,all,eu-locality-007,5526,12.790129797678958,12.790129797678958,0.0,43.95122125345763,76.43866311332394,43.95122125345763
cv_targets__stop_random,ADE_vs_original,all,eu-locality-008,157961,17.011501213011442,17.011497276939146,-2.313771816364607e-05,60.449353009022296,125.61507674596953,60.449353009022296
cv_targets__stop_random,ADE_vs_original,all,eu-locality-020,1225,6.40833343267221,6.40833343267221,0.0,20.649557710350873,41.37090371937323,20.649557710350873
cv_targets__stop_random,ADE_vs_original,all,eu-locality-048,8058,24.696571083614916,24.696571083614916,0.0,84.1261050283079,147.49292963797856,84.1261050283079
cv_targets__stop_random,ADE_vs_original,all,eu-locality-067,6903,26.936399832200536,26.936399832200536,0.0,88.5042343006725,162.6235251701382,88.5042343006725
cv_targets__stop_random,ADE_vs_original,all,eu-locality-110,8550,28.467057680649077,28.467057680649077,0.0,114.96035239299536,259.13760229328807,114.96035239299536
cv_targets__stop_random,ADE_vs_original,all,eu-locality-119,5639,27.45935171672333,27.45935171672333,0.0,109.99273377845661,195.19579909519848,109.99273377845661
cv_targets__stop_random,ADE_vs_original,all,eu-locality-124,3550,40.63456411793265,40.63456411793265,0.0,179.88453937909637,333.55000293878123,179.88453937909637
cv_targets__stop_random,ADE_vs_original,easy,eu-locality-007,2133,1.7478873925379084,1.7478873925379084,0.0,4.200198112143838,5.0339673780807646,4.200198112143838
cv_targets__stop_random,ADE_vs_original,easy,eu-locality-008,52276,2.081954088556383,2.0819531220555842,-4.642279352040646e-05,4.148512843168251,4.7528035873239585,4.148512843168251
cv_targets__stop_random,ADE_vs_original,easy,eu-locality-020,695,1.6723126715843208,1.6723126715843208,0.0,4.333966156328703,5.284731095304119,4.333966156328703
cv_targets__stop_random,ADE_vs_original,easy,eu-locality-048,2050,2.0443475186139497,2.0443475186139497,0.0,4.210687426461756,4.757055109542503,4.210687426461756
cv_targets__stop_random,ADE_vs_original,easy,eu-locality-067,1508,2.0023677468165393,2.0023677468165393,0.0,4.328427348215871,5.339863652448991,4.328427348215871
cv_targets__stop_random,ADE_vs_original,easy,eu-locality-110,2579,2.0077266466948354,2.0077266466948354,0.0,3.9370268185757133,4.560634953159135,3.9370268185757133
cv_targets__stop_random,ADE_vs_original,easy,eu-locality-119,1658,2.108646922724247,2.108646922724247,0.0,4.161233964387031,5.903202900920345,4.161233964387031
cv_targets__stop_random,ADE_vs_original,easy,eu-locality-124,1006,2.2412361995342716,2.2412361995342716,0.0,4.154128377050374,4.74090412080723,4.154128377050374
cv_targets__stop_random,ADE_vs_original,hard,eu-locality-007,1023,38.26125521332001,38.26125521332001,0.0,78.11265794064077,106.93881724198937,78.11265794064077
cv_targets__stop_random,ADE_vs_original,hard,eu-locality-008,36762,49.06782811437836,49.067824036265506,-8.311175259123615e-06,118.03601449453157,203.1131543206229,118.03601449453157
cv_targets__stop_random,ADE_vs_original,hard,eu-locality-020,47,36.92354931828993,36.92354931828993,0.0,60.52355224102176,69.16719818649797,60.52355224102176
cv_targets__stop_random,ADE_vs_original,hard,eu-locality-048,2992,53.0442133404735,53.0442133404735,0.0,120.02547194053922,200.22487872307087,120.02547194053922
cv_targets__stop_random,ADE_vs_original,hard,eu-locality-067,2806,53.72540921157581,53.72540921157581,0.0,126.83526510006658,198.92434816893777,126.83526510006658
cv_targets__stop_random,ADE_vs_original,hard,eu-locality-110,2743,74.62756943250518,74.62756943250518,0.0,211.62896236269754,380.35594110435846,211.62896236269754
cv_targets__stop_random,ADE_vs_original,hard,eu-locality-119,1895,67.4266761936971,67.4266761936971,0.0,172.71391239328824,273.9914452410256,172.71391239328824
cv_targets__stop_random,ADE_vs_original,hard,eu-locality-124,1362,94.67864755457592,94.67864755457592,0.0,269.59858359996144,435.0646456287289,269.59858359996144
cv_targets__stop_random,FDE_vs_floor,endpoint,eu-locality-007,3935,27.286985063944506,28.021083104029973,2.619806084440357,98.13709836423327,169.502019332493,99.74000009835866
cv_targets__stop_random,FDE_vs_floor,endpoint,eu-locality-008,121088,32.81773239251112,33.623565608115655,2.396632245956787,127.92541679912509,264.9265301578823,128.79015975416985
cv_targets__stop_random,FDE_vs_floor,endpoint,eu-locality-020,622,14.411041537833883,14.627580582394309,1.4803476442375674,52.375808020598235,102.34943144507893,52.375808020598235
cv_targets__stop_random,FDE_vs_floor,endpoint,eu-locality-048,5582,52.82178263723782,53.81633147703995,1.8480428013314953,197.67135003282542,332.7626459334079,199.98144871686628
cv_targets__stop_random,FDE_vs_floor,endpoint,eu-locality-067,4600,57.33210409593105,58.9192547164766,2.69377239780616,192.69391403412456,367.0313156604077,196.65546131977956
cv_targets__stop_random,FDE_vs_floor,endpoint,eu-locality-110,7204,52.339527168718526,54.21226435414351,3.4544529872267637,231.88289402447333,520.3180099770442,235.26017178763956
cv_targets__stop_random,FDE_vs_floor,endpoint,eu-locality-119,4147,60.71166140393216,61.43987867856576,1.1852518108692922,247.44070532789618,445.5820913837266,247.02998619753183
cv_targets__stop_random,FDE_vs_floor,endpoint,eu-locality-124,2645,78.08289794263258,80.00543159398303,2.403003912418167,355.838487144209,705.8490395871898,363.62977622543167
cv_targets__stop_random,ADE_vs_CV,easy,eu-locality-007,2133,1.7478873925379084,1.8525004364762494,5.6471265473670655,4.200198112143838,5.0339673780807646,4.355450553983238
cv_targets__stop_random,ADE_vs_CV,easy,eu-locality-008,52276,2.081954088556383,2.3343046202023725,10.810522733922866,4.148512843168251,4.7528035873239585,4.477191635123733
cv_targets__stop_random,ADE_vs_CV,easy,eu-locality-020,695,1.6723126715843208,1.6834998531827923,0.6645193094208524,4.333966156328703,5.284731095304119,4.294862621440125
cv_targets__stop_random,ADE_vs_CV,easy,eu-locality-048,2050,2.0443475186139497,2.2919612794697164,10.803575220653649,4.210687426461756,4.757055109542503,4.484449431559784
cv_targets__stop_random,ADE_vs_CV,easy,eu-locality-067,1508,2.0023677468165393,2.126958008841005,5.857673800168528,4.328427348215871,5.339863652448991,4.431771346846858
cv_targets__stop_random,ADE_vs_CV,easy,eu-locality-110,2579,2.0077266466948354,2.356118809479549,14.786697571574125,3.9370268185757133,4.560634953159135,4.476255197977273
cv_targets__stop_random,ADE_vs_CV,easy,eu-locality-119,1658,2.108646922724247,2.3455260977767742,10.099191617482106,4.161233964387031,5.903202900920345,4.423775218674889
cv_targets__stop_random,ADE_vs_CV,easy,eu-locality-124,1006,2.2412361995342716,2.5758364727079335,12.989965656550485,4.154128377050374,4.74090412080723,4.529853536161329
cv_targets__support,ADE_vs_floor,all,eu-locality-007,5526,12.79133543507526,13.03007789912518,1.8322412643899,43.95122125345763,76.43866311332394,44.69396378264957
cv_targets__support,ADE_vs_floor,all,eu-locality-008,157961,17.03593144975533,17.303707458293164,1.5475065628753226,60.47600668276589,125.75379408815205,60.851472194022485
cv_targets__support,ADE_vs_floor,all,eu-locality-020,1225,6.4122558221323285,6.465710721017629,0.8267443625576743,20.649557710350873,41.37090371937323,20.649557710350873
cv_targets__support,ADE_vs_floor,all,eu-locality-048,8058,24.706447140443597,25.081786899115574,1.496463390673386,84.1261050283079,147.49292963797856,84.94302472678147
cv_targets__support,ADE_vs_floor,all,eu-locality-067,6903,26.942902650809252,27.46038603063451,1.884472342260446,88.65184990830237,162.6235251701382,89.6517956862803
cv_targets__support,ADE_vs_floor,all,eu-locality-110,8550,28.592735608691726,29.15799863842907,1.9386208112114778,114.96035239299536,260.7935481375995,117.19208997565195
cv_targets__support,ADE_vs_floor,all,eu-locality-119,5639,27.469398875202547,27.707160085187788,0.8581219051473576,108.86756925464853,195.19579909519848,110.34400428139483
cv_targets__support,ADE_vs_floor,all,eu-locality-124,3550,40.67104875602761,41.28618629430454,1.4899354808215692,179.88453937909637,333.55000293878123,182.70620705979104
cv_targets__support,ADE_vs_floor,easy,eu-locality-007,2133,1.7492941079559627,1.8208803442437398,3.9314080419440622,4.2122584886944825,5.0339673780807646,4.231677560310645
cv_targets__support,ADE_vs_floor,easy,eu-locality-008,52276,2.0860453631132643,2.243755079189184,7.02882937352104,4.156287381944722,4.751791049292883,4.269920362702182
cv_targets__support,ADE_vs_floor,easy,eu-locality-020,695,1.6741847064180453,1.7041860561795545,1.7604503717608355,4.333966156328703,5.284731095304119,4.333966156328703
cv_targets__support,ADE_vs_floor,easy,eu-locality-048,2050,2.041022933384903,2.1853076350211285,6.602489247919108,4.207895987767311,4.72373440178062,4.279426052271072
cv_targets__support,ADE_vs_floor,easy,eu-locality-067,1508,1.9996003379089635,2.0760134319354244,3.6807610611277464,4.324303976989682,5.334811062517207,4.333274063846627
cv_targets__support,ADE_vs_floor,easy,eu-locality-110,2579,2.0083208034834996,2.212478061615281,9.227538192298756,3.9370268185757133,4.544262585855243,4.203897765463916
cv_targets__support,ADE_vs_floor,easy,eu-locality-119,1658,2.1129945668008197,2.2702471919597778,6.926674139973743,4.161233964387031,5.903202900920345,4.2442330009580065
cv_targets__support,ADE_vs_floor,easy,eu-locality-124,1006,2.243142439351249,2.445639210289273,8.279911856421062,4.154128377050374,4.74090412080723,4.3295911457613965
cv_targets__support,ADE_vs_floor,hard,eu-locality-007,1023,38.25122317947922,39.29723477145136,2.66179439356391,78.11265794064077,106.93881724198937,79.09141428093004
cv_targets__support,ADE_vs_floor,hard,eu-locality-008,36762,49.14364217682242,49.6651159299373,1.0499799373276941,118.27853647420726,204.47317555711012,119.6000434566927
cv_targets__support,ADE_vs_floor,hard,eu-locality-020,47,36.92354931828993,36.92354931828993,0.0,60.52355224102176,69.16719818649797,60.52355224102176
cv_targets__support,ADE_vs_floor,hard,eu-locality-048,2992,53.06611540274069,53.792738563058535,1.350782986194421,120.36511561012493,200.22487872307087,122.60258245083135
cv_targets__support,ADE_vs_floor,hard,eu-locality-067,2806,53.735914730899495,54.910481269926386,2.139057083206053,126.83526510006658,198.92434816893777,127.36920960317892
cv_targets__support,ADE_vs_floor,hard,eu-locality-110,2743,74.99881621037902,75.97472072201377,1.28451214082842,211.83016053994538,397.4520939232745,216.0693714569461
cv_targets__support,ADE_vs_floor,hard,eu-locality-119,1895,67.44264741247031,67.75657981295986,0.46332385925640374,172.71391239328824,273.9914452410256,172.71391239328824
cv_targets__support,ADE_vs_floor,hard,eu-locality-124,1362,94.75554834458457,95.90581572544342,1.1993718755824,269.59858359996144,435.0646456287289,274.4684238324386
cv_targets__support,ADE_vs_floor,complete,eu-locality-007,2882,12.64175897954015,13.000634704824002,2.7604477276073958,45.27194094497051,76.86890219592341,46.10523368271999
cv_targets__support,ADE_vs_floor,complete,eu-locality-008,97352,15.296184802140088,15.598244315124525,1.9364968703019403,55.66050970959339,113.84981280912734,55.94798986313879
cv_targets__support,ADE_vs_floor,complete,eu-locality-020,364,6.829184372684677,6.916345990279542,1.260226392915631,22.682718227503177,49.70629992513765,22.682718227503177
cv_targets__support,ADE_vs_floor,complete,eu-locality-048,4716,24.319665997129608,24.73400441013314,1.6751772423626798,86.55480133029045,146.93892931170916,87.79424185591918
cv_targets__support,ADE_vs_floor,complete,eu-locality-067,3417,27.452598205654176,28.18803041865701,2.6090230572337836,87.00755418912514,160.33713288337748,87.55740326540852
cv_targets__support,ADE_vs_floor,complete,eu-locality-110,5804,26.355325085156277,27.023399686932656,2.472207825499584,108.78756290007931,260.2367943093216,109.83042543804812
cv_targets__support,ADE_vs_floor,complete,eu-locality-119,3148,26.634539890022772,26.934654676344703,1.11423290897249,103.20378997279019,189.99779782669526,103.20378997279019
cv_targets__support,ADE_vs_floor,complete,eu-locality-124,2077,36.683222775574045,37.29493004175377,1.640188801788578,166.85994116519117,315.79700044017295,171.59254389597885
cv_targets__support,ADE_vs_original,all,eu-locality-007,5526,12.79133543507526,12.790129797678958,-0.009426310877014288,43.95122125345763,76.43866311332394,43.95122125345763
cv_targets__support,ADE_vs_original,all,eu-locality-008,157961,17.03593144975533,17.011497276939146,-0.1436332876431079,60.47600668276589,125.75379408815205,60.449353009022296
cv_targets__support,ADE_vs_original,all,eu-locality-020,1225,6.4122558221323285,6.40833343267221,-0.06120763692039066,20.649557710350873,41.37090371937323,20.649557710350873
cv_targets__support,ADE_vs_original,all,eu-locality-048,8058,24.706447140443597,24.696571083614916,-0.0399895871991518,84.1261050283079,147.49292963797856,84.1261050283079
cv_targets__support,ADE_vs_original,all,eu-locality-067,6903,26.942902650809252,26.936399832200536,-0.0241413798771406,88.65184990830237,162.6235251701382,88.5042343006725
cv_targets__support,ADE_vs_original,all,eu-locality-110,8550,28.592735608691726,28.467057680649077,-0.4414854863208362,114.96035239299536,260.7935481375995,114.96035239299536
cv_targets__support,ADE_vs_original,all,eu-locality-119,5639,27.469398875202547,27.45935171672333,-0.0365892049559946,108.86756925464853,195.19579909519848,109.99273377845661
cv_targets__support,ADE_vs_original,all,eu-locality-124,3550,40.67104875602761,40.63456411793265,-0.08978720182422073,179.88453937909637,333.55000293878123,179.88453937909637
cv_targets__support,ADE_vs_original,easy,eu-locality-007,2133,1.7492941079559627,1.7478873925379084,-0.08048089505421352,4.2122584886944825,5.0339673780807646,4.200198112143838
cv_targets__support,ADE_vs_original,easy,eu-locality-008,52276,2.0860453631132643,2.0819531220555842,-0.1965577905826965,4.156287381944722,4.751791049292883,4.148512843168251
cv_targets__support,ADE_vs_original,easy,eu-locality-020,695,1.6741847064180453,1.6723126715843208,-0.11194287201992115,4.333966156328703,5.284731095304119,4.333966156328703
cv_targets__support,ADE_vs_original,easy,eu-locality-048,2050,2.041022933384903,2.0443475186139497,0.16262329172394008,4.207895987767311,4.72373440178062,4.210687426461756
cv_targets__support,ADE_vs_original,easy,eu-locality-067,1508,1.9996003379089635,2.0023677468165393,0.13820682599265943,4.324303976989682,5.334811062517207,4.328427348215871
cv_targets__support,ADE_vs_original,easy,eu-locality-110,2579,2.0083208034834996,2.0077266466948354,-0.029593510134584555,3.9370268185757133,4.544262585855243,3.9370268185757133
cv_targets__support,ADE_vs_original,easy,eu-locality-119,1658,2.1129945668008197,2.108646922724247,-0.20618170020401116,4.161233964387031,5.903202900920345,4.161233964387031
cv_targets__support,ADE_vs_original,easy,eu-locality-124,1006,2.243142439351249,2.2412361995342716,-0.08505305319330692,4.154128377050374,4.74090412080723,4.154128377050374
cv_targets__support,ADE_vs_original,hard,eu-locality-007,1023,38.25122317947922,38.26125521332001,0.02621982416640689,78.11265794064077,106.93881724198937,78.11265794064077
cv_targets__support,ADE_vs_original,hard,eu-locality-008,36762,49.14364217682242,49.067824036265506,-0.15451702219539953,118.27853647420726,204.47317555711012,118.03601449453157
cv_targets__support,ADE_vs_original,hard,eu-locality-020,47,36.92354931828993,36.92354931828993,0.0,60.52355224102176,69.16719818649797,60.52355224102176
cv_targets__support,ADE_vs_original,hard,eu-locality-048,2992,53.06611540274069,53.0442133404735,-0.04129020092467073,120.36511561012493,200.22487872307087,120.02547194053922
cv_targets__support,ADE_vs_original,hard,eu-locality-067,2806,53.735914730899495,53.72540921157581,-0.019554098289531474,126.83526510006658,198.92434816893777,126.83526510006658
cv_targets__support,ADE_vs_original,hard,eu-locality-110,2743,74.99881621037902,74.62756943250518,-0.49746599104987244,211.83016053994538,397.4520939232745,211.62896236269754
cv_targets__support,ADE_vs_original,hard,eu-locality-119,1895,67.44264741247031,67.4266761936971,-0.02368679530830864,172.71391239328824,273.9914452410256,172.71391239328824
cv_targets__support,ADE_vs_original,hard,eu-locality-124,1362,94.75554834458457,94.67864755457592,-0.08122294941350638,269.59858359996144,435.0646456287289,269.59858359996144
cv_targets__support,FDE_vs_floor,endpoint,eu-locality-007,3935,27.293409137846407,28.021083104029973,2.596880225800091,98.13709836423327,169.502019332493,99.74000009835866
cv_targets__support,FDE_vs_floor,endpoint,eu-locality-008,121088,32.88829114595229,33.623565608115655,2.186783135176762,127.97834687108508,266.0309338884841,128.79015975416985
cv_targets__support,FDE_vs_floor,endpoint,eu-locality-020,622,14.4287031335986,14.627580582394309,1.3596059011637074,52.375808020598235,102.34943144507893,52.375808020598235
cv_targets__support,FDE_vs_floor,endpoint,eu-locality-048,5582,52.853231645552405,53.81633147703995,1.7896051348249897,198.29094134341764,332.7626459334079,199.98144871686628
cv_targets__support,FDE_vs_floor,endpoint,eu-locality-067,4600,57.34964825728054,58.9192547164766,2.663995779901007,192.69391403412456,367.0313156604077,196.65546131977956
cv_targets__support,FDE_vs_floor,endpoint,eu-locality-110,7204,52.62730208175781,54.21226435414351,2.9236230791465867,232.70439663278339,522.1553550339783,235.26017178763956
cv_targets__support,FDE_vs_floor,endpoint,eu-locality-119,4147,60.74316960280785,61.43987867856576,1.1339688338300125,247.44070532789618,445.5820913837266,247.02998619753183
cv_targets__support,FDE_vs_floor,endpoint,eu-locality-124,2645,78.17921482338217,80.00543159398303,2.2826159852104455,355.838487144209,706.7772214329127,363.62977622543167
cv_targets__support,ADE_vs_CV,easy,eu-locality-007,2133,1.7492941079559627,1.8525004364762494,5.571190510303015,4.2122584886944825,5.0339673780807646,4.355450553983238
cv_targets__support,ADE_vs_CV,easy,eu-locality-008,52276,2.0860453631132643,2.3343046202023725,10.635255353587292,4.156287381944722,4.751791049292883,4.477191635123733
cv_targets__support,ADE_vs_CV,easy,eu-locality-020,695,1.6741847064180453,1.6834998531827923,0.5533203194010405,4.333966156328703,5.284731095304119,4.294862621440125
cv_targets__support,ADE_vs_CV,easy,eu-locality-048,2050,2.041022933384903,2.2919612794697164,10.94862938272989,4.207895987767311,4.72373440178062,4.484449431559784
cv_targets__support,ADE_vs_CV,easy,eu-locality-067,1508,1.9996003379089635,2.126958008841005,5.987784921124961,4.324303976989682,5.334811062517207,4.431771346846858
cv_targets__support,ADE_vs_CV,easy,eu-locality-110,2579,2.0083208034834996,2.356118809479549,14.761479964283964,3.9370268185757133,4.544262585855243,4.476255197977273
cv_targets__support,ADE_vs_CV,easy,eu-locality-119,1658,2.1129945668008197,2.3455260977767742,9.913832602261873,4.161233964387031,5.903202900920345,4.423775218674889
cv_targets__support,ADE_vs_CV,easy,eu-locality-124,1006,2.243142439351249,2.5758364727079335,12.915960965756845,4.154128377050374,4.74090412080723,4.529853536161329
cv_targets__support,matched_risk,all,eu-locality-007,5526,12.79133543507526,12.80531601706674,0.10917795369398409,43.95122125345763,76.43866311332394,43.95122125345763
cv_targets__support,matched_risk,all,eu-locality-008,157961,17.03593144975533,17.040965030746,0.02953812170606307,60.47600668276589,125.75379408815205,60.49306545980095
cv_targets__support,matched_risk,all,eu-locality-020,1225,6.4122558221323285,6.4122558221323285,0.0,20.649557710350873,41.37090371937323,20.649557710350873
cv_targets__support,matched_risk,all,eu-locality-048,8058,24.706447140443597,24.71682451664123,0.041985070495786925,84.1261050283079,147.49292963797856,84.1261050283079
cv_targets__support,matched_risk,all,eu-locality-067,6903,26.942902650809252,26.958132121026466,0.05649304688041257,88.65184990830237,162.6235251701382,88.65184990830237
cv_targets__support,matched_risk,all,eu-locality-110,8550,28.592735608691726,28.51081465626655,-0.28733290652278587,114.96035239299536,260.7935481375995,114.96035239299536
cv_targets__support,matched_risk,all,eu-locality-119,5639,27.469398875202547,27.469886338621972,0.001774537445897728,108.86756925464853,195.19579909519848,108.86756925464853
cv_targets__support,matched_risk,all,eu-locality-124,3550,40.67104875602761,40.72052478505963,0.12150145238347676,179.88453937909637,333.55000293878123,179.88453937909637
cv_targets__support,matched_risk,easy,eu-locality-007,2133,1.7492941079559627,1.7531243420208538,0.21848045646756242,4.2122584886944825,5.0339673780807646,4.21520124212863
cv_targets__support,matched_risk,easy,eu-locality-008,52276,2.0860453631132643,2.087459786957043,0.06775813611435977,4.156287381944722,4.751791049292883,4.158964553276054
cv_targets__support,matched_risk,easy,eu-locality-020,695,1.6741847064180453,1.6741847064180453,0.0,4.333966156328703,5.284731095304119,4.333966156328703
cv_targets__support,matched_risk,easy,eu-locality-048,2050,2.041022933384903,2.045550699861577,0.2213470669282569,4.207895987767311,4.72373440178062,4.207895987767311
cv_targets__support,matched_risk,easy,eu-locality-067,1508,1.9996003379089635,2.001448089983688,0.09232075935277084,4.324303976989682,5.334811062517207,4.324303976989682
cv_targets__support,matched_risk,easy,eu-locality-110,2579,2.0083208034834996,2.0112483548712063,0.14555892019084693,3.9370268185757133,4.544262585855243,3.943740886173805
cv_targets__support,matched_risk,easy,eu-locality-119,1658,2.1129945668008197,2.1125942058081866,-0.01895115453467433,4.161233964387031,5.903202900920345,4.185735542612309
cv_targets__support,matched_risk,easy,eu-locality-124,1006,2.243142439351249,2.246193333258256,0.13582508067466748,4.154128377050374,4.74090412080723,4.154128377050374
cv_targets__support,matched_risk,hard,eu-locality-007,1023,38.25122317947922,38.344175406201934,0.24241550571375559,78.11265794064077,106.93881724198937,78.11265794064077
cv_targets__support,matched_risk,hard,eu-locality-008,36762,49.14364217682242,49.14871392653248,0.010319191093466351,118.27853647420726,204.47317555711012,118.19891867549576
cv_targets__support,matched_risk,hard,eu-locality-020,47,36.92354931828993,36.92354931828993,0.0,60.52355224102176,69.16719818649797,60.52355224102176
cv_targets__support,matched_risk,hard,eu-locality-048,2992,53.06611540274069,53.080019474439425,0.02619454897794249,120.36511561012493,200.22487872307087,120.36511561012493
cv_targets__support,matched_risk,hard,eu-locality-067,2806,53.735914730899495,53.76542274891196,0.05488289034807359,126.83526510006658,198.92434816893777,126.83526510006658
cv_targets__support,matched_risk,hard,eu-locality-110,2743,74.99881621037902,74.69920987346067,-0.4010836760199643,211.83016053994538,397.4520939232745,211.62896236269754
cv_targets__support,matched_risk,hard,eu-locality-119,1895,67.44264741247031,67.43470934698446,-0.011771483206080013,172.71391239328824,273.9914452410256,172.71391239328824
cv_targets__support,matched_risk,hard,eu-locality-124,1362,94.75554834458457,94.86808446573902,0.11862379406963885,269.59858359996144,435.0646456287289,269.89921469355284
cv_targets__support,matched_risk,complete,eu-locality-007,2882,12.64175897954015,12.671317059714715,0.23326762352540165,45.27194094497051,76.86890219592341,45.41315637417082
cv_targets__support,matched_risk,complete,eu-locality-008,97352,15.296184802140088,15.303912268296521,0.050493403392293246,55.66050970959339,113.84981280912734,55.7021757039182
cv_targets__support,matched_risk,complete,eu-locality-020,364,6.829184372684677,6.829184372684677,0.0,22.682718227503177,49.70629992513765,22.682718227503177
cv_targets__support,matched_risk,complete,eu-locality-048,4716,24.319665997129608,24.328036341846268,0.03440616660976836,86.55480133029045,146.93892931170916,86.55480133029045
cv_targets__support,matched_risk,complete,eu-locality-067,3417,27.452598205654176,27.47930351687487,0.09718336275988948,87.00755418912514,160.33713288337748,87.00755418912514
cv_targets__support,matched_risk,complete,eu-locality-110,5804,26.355325085156277,26.25535459425329,-0.38076229572183706,108.78756290007931,260.2367943093216,108.78756290007931
cv_targets__support,matched_risk,complete,eu-locality-119,3148,26.634539890022772,26.648373747785996,0.0519125778336571,103.20378997279019,189.99779782669526,103.20378997279019
cv_targets__support,matched_risk,complete,eu-locality-124,2077,36.683222775574045,36.6947760509714,0.03148479604101473,166.85994116519117,315.79700044017295,166.85994116519117
cv_targets__support,matched_random,all,eu-locality-007,5526,12.79133543507526,12.79477197793098,0.026858961313636076,43.95122125345763,76.43866311332394,43.95122125345763
cv_targets__support,matched_random,all,eu-locality-008,157961,17.03593144975533,17.03016912690403,-0.03383596961581414,60.47600668276589,125.75379408815205,60.48369281086715
cv_targets__support,matched_random,all,eu-locality-020,1225,6.4122558221323285,6.4122558221323285,0.0,20.649557710350873,41.37090371937323,20.649557710350873
cv_targets__support,matched_random,all,eu-locality-048,8058,24.706447140443597,24.70329560809372,-0.012757538102925459,84.1261050283079,147.49292963797856,84.1261050283079
cv_targets__support,matched_random,all,eu-locality-067,6903,26.942902650809252,26.954685446385223,0.04371334846183794,88.65184990830237,162.6235251701382,88.65184990830237
cv_targets__support,matched_random,all,eu-locality-110,8550,28.592735608691726,28.551971138444127,-0.1427728756446811,114.96035239299536,260.7935481375995,115.2482965936183
cv_targets__support,matched_random,all,eu-locality-119,5639,27.469398875202547,27.469103376770075,-0.0010757483723367045,108.86756925464853,195.19579909519848,109.99273377845661
cv_targets__support,matched_random,all,eu-locality-124,3550,40.67104875602761,40.71611960333945,0.11069534069289011,179.88453937909637,333.55000293878123,180.44841436942855
cv_targets__support,matched_random,easy,eu-locality-007,2133,1.7492941079559627,1.7515881677233318,0.13097027084573165,4.2122584886944825,5.0339673780807646,4.21520124212863
cv_targets__support,matched_random,easy,eu-locality-008,52276,2.0860453631132643,2.0896497044019693,0.17248543050599752,4.156287381944722,4.751791049292883,4.160009119056777
cv_targets__support,matched_random,easy,eu-locality-020,695,1.6741847064180453,1.6741847064180453,0.0,4.333966156328703,5.284731095304119,4.333966156328703
cv_targets__support,matched_random,easy,eu-locality-048,2050,2.041022933384903,2.0469524131750445,0.2896735533262418,4.207895987767311,4.72373440178062,4.210687426461756
cv_targets__support,matched_random,easy,eu-locality-067,1508,1.9996003379089635,2.003209515584664,0.18016975496679688,4.324303976989682,5.334811062517207,4.326646187803056
cv_targets__support,matched_random,easy,eu-locality-110,2579,2.0083208034834996,2.0160159968818716,0.3817029929461868,3.9370268185757133,4.544262585855243,3.958328177433865
cv_targets__support,matched_random,easy,eu-locality-119,1658,2.1129945668008197,2.115111803689547,0.10010047152279045,4.161233964387031,5.903202900920345,4.185735542612309
cv_targets__support,matched_random,easy,eu-locality-124,1006,2.243142439351249,2.2522028506902685,0.4022910874232566,4.154128377050374,4.74090412080723,4.192845519556216
cv_targets__support,matched_random,hard,eu-locality-007,1023,38.25122317947922,38.2927210993177,0.10837025587931981,78.11265794064077,106.93881724198937,78.11265794064077
cv_targets__support,matched_random,hard,eu-locality-008,36762,49.14364217682242,49.115234429370474,-0.05783897355269296,118.27853647420726,204.47317555711012,118.27853647420726
cv_targets__support,matched_random,hard,eu-locality-020,47,36.92354931828993,36.92354931828993,0.0,60.52355224102176,69.16719818649797,60.52355224102176
cv_targets__support,matched_random,hard,eu-locality-048,2992,53.06611540274069,53.05202602935635,-0.02655765375774166,120.36511561012493,200.22487872307087,120.02547194053922
cv_targets__support,matched_random,hard,eu-locality-067,2806,53.735914730899495,53.75772369134573,0.04056898050864843,126.83526510006658,198.92434816893777,126.83526510006658
cv_targets__support,matched_random,hard,eu-locality-110,2743,74.99881621037902,74.86112163341376,-0.1839333608165017,211.83016053994538,397.4520939232745,211.62896236269754
cv_targets__support,matched_random,hard,eu-locality-119,1895,67.44264741247031,67.43868297409807,-0.005878582139207111,172.71391239328824,273.9914452410256,172.71391239328824
cv_targets__support,matched_random,hard,eu-locality-124,1362,94.75554834458457,94.8652638469889,0.11565403178690481,269.59858359996144,435.0646456287289,269.89921469355284
cv_targets__support,matched_random,complete,eu-locality-007,2882,12.64175897954015,12.650246995759602,0.06709763234107324,45.27194094497051,76.86890219592341,45.27194094497051
cv_targets__support,matched_random,complete,eu-locality-008,97352,15.296184802140088,15.290372758003942,-0.038011134379334344,55.66050970959339,113.84981280912734,55.64762965818929
cv_targets__support,matched_random,complete,eu-locality-020,364,6.829184372684677,6.829184372684677,0.0,22.682718227503177,49.70629992513765,22.682718227503177
cv_targets__support,matched_random,complete,eu-locality-048,4716,24.319665997129608,24.311737253581008,-0.03261282180659908,86.55480133029045,146.93892931170916,86.55480133029045
cv_targets__support,matched_random,complete,eu-locality-067,3417,27.452598205654176,27.46666272031691,0.05120576462437354,87.00755418912514,160.33713288337748,87.00755418912514
cv_targets__support,matched_random,complete,eu-locality-110,5804,26.355325085156277,26.29259350531504,-0.23859030805977177,108.78756290007931,260.2367943093216,108.78756290007931
cv_targets__support,matched_random,complete,eu-locality-119,3148,26.634539890022772,26.63250468348877,-0.007641814234871092,103.20378997279019,189.99779782669526,103.20378997279019
cv_targets__support,matched_random,complete,eu-locality-124,2077,36.683222775574045,36.68783082295415,0.012560152172369499,166.85994116519117,315.79700044017295,166.85994116519117
cv_targets__support_risk,ADE_vs_floor,all,eu-locality-007,5526,12.80531601706674,13.03007789912518,1.724946572065622,43.95122125345763,76.43866311332394,44.69396378264957
cv_targets__support_risk,ADE_vs_floor,all,eu-locality-008,157961,17.040965030746,17.303707458293164,1.5184169530168434,60.49306545980095,125.75379408815205,60.851472194022485
cv_targets__support_risk,ADE_vs_floor,all,eu-locality-020,1225,6.4122558221323285,6.465710721017629,0.8267443625576743,20.649557710350873,41.37090371937323,20.649557710350873
cv_targets__support_risk,ADE_vs_floor,all,eu-locality-048,8058,24.71682451664123,25.081786899115574,1.4550892404209592,84.1261050283079,147.7838648086263,84.94302472678147
cv_targets__support_risk,ADE_vs_floor,all,eu-locality-067,6903,26.958132121026466,27.46038603063451,1.8290125603031782,88.65184990830237,162.6235251701382,89.6517956862803
cv_targets__support_risk,ADE_vs_floor,all,eu-locality-110,8550,28.51081465626655,29.15799863842907,2.219576145084101,114.96035239299536,259.13760229328807,117.19208997565195
cv_targets__support_risk,ADE_vs_floor,all,eu-locality-119,5639,27.469886338621972,27.707160085187788,0.8563625641758277,108.86756925464853,195.19579909519848,110.34400428139483
cv_targets__support_risk,ADE_vs_floor,all,eu-locality-124,3550,40.72052478505963,41.28618629430454,1.3700987182798885,179.88453937909637,333.55000293878123,182.70620705979104
cv_targets__support_risk,ADE_vs_floor,easy,eu-locality-007,2133,1.7531243420208538,1.8208803442437398,3.721057368600844,4.21520124212863,5.0339673780807646,4.231677560310645
cv_targets__support_risk,ADE_vs_floor,easy,eu-locality-008,52276,2.087459786957043,2.243755079189184,6.9657911276403865,4.158964553276054,4.750318542949121,4.269920362702182
cv_targets__support_risk,ADE_vs_floor,easy,eu-locality-020,695,1.6741847064180453,1.7041860561795545,1.7604503717608355,4.333966156328703,5.284731095304119,4.333966156328703
cv_targets__support_risk,ADE_vs_floor,easy,eu-locality-048,2050,2.045550699861577,2.1853076350211285,6.39529798550309,4.207895987767311,4.748427081671313,4.279426052271072
cv_targets__support_risk,ADE_vs_floor,easy,eu-locality-067,1508,2.001448089983688,2.0760134319354244,3.5917562384083834,4.324303976989682,5.334811062517207,4.333274063846627
cv_targets__support_risk,ADE_vs_floor,easy,eu-locality-110,2579,2.0112483548712063,2.212478061615281,9.09521817347021,3.943740886173805,4.54810504257369,4.203897765463916
cv_targets__support_risk,ADE_vs_floor,easy,eu-locality-119,1658,2.1125942058081866,2.2702471919597778,6.944309267727721,4.185735542612309,5.903202900920345,4.2442330009580065
cv_targets__support_risk,ADE_vs_floor,easy,eu-locality-124,1006,2.246193333258256,2.445639210289273,8.155163533194509,4.154128377050374,4.74090412080723,4.3295911457613965
cv_targets__support_risk,ADE_vs_floor,hard,eu-locality-007,1023,38.344175406201934,39.29723477145136,2.425258089512705,78.11265794064077,106.93881724198937,79.09141428093004
cv_targets__support_risk,ADE_vs_floor,hard,eu-locality-008,36762,49.14871392653248,49.6651159299373,1.0397680418853916,118.19891867549576,203.52797469295214,119.6000434566927
cv_targets__support_risk,ADE_vs_floor,hard,eu-locality-020,47,36.92354931828993,36.92354931828993,0.0,60.52355224102176,69.16719818649797,60.52355224102176
cv_targets__support_risk,ADE_vs_floor,hard,eu-locality-048,2992,53.080019474439425,53.792738563058535,1.3249354980944594,120.36511561012493,200.22487872307087,122.60258245083135
cv_targets__support_risk,ADE_vs_floor,hard,eu-locality-067,2806,53.76542274891196,54.910481269926386,2.0853186760203424,126.83526510006658,198.92434816893777,127.36920960317892
cv_targets__support_risk,ADE_vs_floor,hard,eu-locality-110,2743,74.69920987346067,75.97472072201377,1.678862174722695,211.62896236269754,380.35594110435846,216.0693714569461
cv_targets__support_risk,ADE_vs_floor,hard,eu-locality-119,1895,67.43470934698446,67.75657981295986,0.47503942327654647,172.71391239328824,273.9914452410256,172.71391239328824
cv_targets__support_risk,ADE_vs_floor,hard,eu-locality-124,1362,94.86808446573902,95.90581572544342,1.082031628483504,269.89921469355284,435.0646456287289,274.4684238324386
cv_targets__support_risk,ADE_vs_floor,complete,eu-locality-007,2882,12.671317059714715,13.000634704824002,2.5330889805487034,45.41315637417082,76.86890219592341,46.10523368271999
cv_targets__support_risk,ADE_vs_floor,complete,eu-locality-008,97352,15.303912268296521,15.598244315124525,1.886956255343497,55.7021757039182,113.90071085103872,55.94798986313879
cv_targets__support_risk,ADE_vs_floor,complete,eu-locality-020,364,6.829184372684677,6.916345990279542,1.260226392915631,22.682718227503177,49.70629992513765,22.682718227503177
cv_targets__support_risk,ADE_vs_floor,complete,eu-locality-048,4716,24.328036341846268,24.73400441013314,1.6413357964816688,86.55480133029045,147.67111138093597,87.79424185591918
cv_targets__support_risk,ADE_vs_floor,complete,eu-locality-067,3417,27.47930351687487,28.18803041865701,2.5142831593975012,87.00755418912514,160.33713288337748,87.55740326540852
cv_targets__support_risk,ADE_vs_floor,complete,eu-locality-110,5804,26.25535459425329,27.023399686932656,2.8421482921364594,108.78756290007931,257.33139749434275,109.83042543804812
cv_targets__support_risk,ADE_vs_floor,complete,eu-locality-119,3148,26.648373747785996,26.934654676344703,1.0628720954426463,103.20378997279019,189.99779782669526,103.20378997279019
cv_targets__support_risk,ADE_vs_floor,complete,eu-locality-124,2077,36.6947760509714,37.29493004175377,1.6092106624425062,166.85994116519117,315.79700044017295,171.59254389597885
cv_targets__support_risk,ADE_vs_original,all,eu-locality-007,5526,12.80531601706674,12.790129797678958,-0.1187338958087647,43.95122125345763,76.43866311332394,43.95122125345763
cv_targets__support_risk,ADE_vs_original,all,eu-locality-008,157961,17.040965030746,17.011497276939146,-0.1732225760445072,60.49306545980095,125.75379408815205,60.449353009022296
cv_targets__support_risk,ADE_vs_original,all,eu-locality-020,1225,6.4122558221323285,6.40833343267221,-0.06120763692039066,20.649557710350873,41.37090371937323,20.649557710350873
cv_targets__support_risk,ADE_vs_original,all,eu-locality-048,8058,24.71682451664123,24.696571083614916,-0.08200908926887518,84.1261050283079,147.7838648086263,84.1261050283079
cv_targets__support_risk,ADE_vs_original,all,eu-locality-067,6903,26.958132121026466,26.936399832200536,-0.08068000535079722,88.65184990830237,162.6235251701382,88.5042343006725
cv_targets__support_risk,ADE_vs_original,all,eu-locality-110,8550,28.51081465626655,28.467057680649077,-0.1537109177504492,114.96035239299536,259.13760229328807,114.96035239299536
cv_targets__support_risk,ADE_vs_original,all,eu-locality-119,5639,27.469886338621972,27.45935171672333,-0.03836442319293809,108.86756925464853,195.19579909519848,109.99273377845661
cv_targets__support_risk,ADE_vs_original,all,eu-locality-124,3550,40.72052478505963,40.63456411793265,-0.21154568528778395,179.88453937909637,333.55000293878123,179.88453937909637
cv_targets__support_risk,ADE_vs_original,easy,eu-locality-007,2133,1.7531243420208538,1.7478873925379084,-0.29961595382534956,4.21520124212863,5.0339673780807646,4.200198112143838
cv_targets__support_risk,ADE_vs_original,easy,eu-locality-008,52276,2.087459786957043,2.0819531220555842,-0.26449514367652416,4.158964553276054,4.750318542949121,4.148512843168251
cv_targets__support_risk,ADE_vs_original,easy,eu-locality-020,695,1.6741847064180453,1.6723126715843208,-0.11194287201992115,4.333966156328703,5.284731095304119,4.333966156328703
cv_targets__support_risk,ADE_vs_original,easy,eu-locality-048,2050,2.045550699861577,2.0443475186139497,-0.05885404691092777,4.207895987767311,4.748427081671313,4.210687426461756
cv_targets__support_risk,ADE_vs_original,easy,eu-locality-067,1508,2.001448089983688,2.0023677468165393,0.04592846815043572,4.324303976989682,5.334811062517207,4.328427348215871
cv_targets__support_risk,ADE_vs_original,easy,eu-locality-110,2579,2.0112483548712063,2.0077266466948354,-0.17540775195510339,3.943740886173805,4.54810504257369,3.9370268185757133
cv_targets__support_risk,ADE_vs_original,easy,eu-locality-119,1658,2.1125942058081866,2.108646922724247,-0.18719507004234526,4.185735542612309,5.903202900920345,4.161233964387031
cv_targets__support_risk,ADE_vs_original,easy,eu-locality-124,1006,2.246193333258256,2.2412361995342716,-0.22117854981169582,4.154128377050374,4.74090412080723,4.154128377050374
cv_targets__support_risk,ADE_vs_original,hard,eu-locality-007,1023,38.344175406201934,38.26125521332001,-0.21672104696934813,78.11265794064077,106.93881724198937,78.11265794064077
cv_targets__support_risk,ADE_vs_original,hard,eu-locality-008,36762,49.14871392653248,49.067824036265506,-0.164853224808148,118.19891867549576,203.52797469295214,118.03601449453157
cv_targets__support_risk,ADE_vs_original,hard,eu-locality-020,47,36.92354931828993,36.92354931828993,0.0,60.52355224102176,69.16719818649797,60.52355224102176
cv_targets__support_risk,ADE_vs_original,hard,eu-locality-048,2992,53.080019474439425,53.0442133404735,-0.06750243186020022,120.36511561012493,200.22487872307087,120.02547194053922
cv_targets__support_risk,ADE_vs_original,hard,eu-locality-067,2806,53.76542274891196,53.72540921157581,-0.07447786424217284,126.83526510006658,198.92434816893777,126.83526510006658
cv_targets__support_risk,ADE_vs_original,hard,eu-locality-110,2743,74.69920987346067,74.62756943250518,-0.09599728558797871,211.62896236269754,380.35594110435846,211.62896236269754
cv_targets__support_risk,ADE_vs_original,hard,eu-locality-119,1895,67.43470934698446,67.4266761936971,-0.011913909658378685,172.71391239328824,273.9914452410256,172.71391239328824
cv_targets__support_risk,ADE_vs_original,hard,eu-locality-124,1362,94.86808446573902,94.67864755457592,-0.20008409082301615,269.89921469355284,435.0646456287289,269.59858359996144
cv_targets__support_risk,FDE_vs_floor,endpoint,eu-locality-007,3935,27.333368213079982,28.021083104029973,2.4542766187759635,98.51271532146554,169.502019332493,99.74000009835866
cv_targets__support_risk,FDE_vs_floor,endpoint,eu-locality-008,121088,32.89939379249784,33.623565608115655,2.153762703391049,128.07227739512774,265.3876057390512,128.79015975416985
cv_targets__support_risk,FDE_vs_floor,endpoint,eu-locality-020,622,14.4287031335986,14.627580582394309,1.3596059011637074,52.375808020598235,102.34943144507893,52.375808020598235
cv_targets__support_risk,FDE_vs_floor,endpoint,eu-locality-048,5582,52.87549710252418,53.81633147703995,1.7482320862342138,198.29094134341764,332.7626459334079,199.98144871686628
cv_targets__support_risk,FDE_vs_floor,endpoint,eu-locality-067,4600,57.39009884765592,58.9192547164766,2.595341499445436,192.69391403412456,367.0313156604077,196.65546131977956
cv_targets__support_risk,FDE_vs_floor,endpoint,eu-locality-110,7204,52.46877340566389,54.21226435414351,3.2160452422540398,231.88289402447333,520.3180099770442,235.26017178763956
cv_targets__support_risk,FDE_vs_floor,endpoint,eu-locality-119,4147,60.772120024131375,61.43987867856576,1.0868489144125637,247.44070532789618,445.5820913837266,247.02998619753183
cv_targets__support_risk,FDE_vs_floor,endpoint,eu-locality-124,2645,78.34004560653219,80.00543159398303,2.081591154838658,355.838487144209,706.7772214329127,363.62977622543167
cv_targets__support_risk,ADE_vs_CV,easy,eu-locality-007,2133,1.7531243420208538,1.8525004364762494,5.364430285610333,4.21520124212863,5.0339673780807646,4.355450553983238
cv_targets__support_risk,ADE_vs_CV,easy,eu-locality-008,52276,2.087459786957043,2.3343046202023725,10.574662411623436,4.158964553276054,4.750318542949121,4.477191635123733
cv_targets__support_risk,ADE_vs_CV,easy,eu-locality-020,695,1.6741847064180453,1.6834998531827923,0.5533203194010405,4.333966156328703,5.284731095304119,4.294862621440125
cv_targets__support_risk,ADE_vs_CV,easy,eu-locality-048,2050,2.045550699861577,2.2919612794697164,10.75107951497115,4.207895987767311,4.748427081671313,4.484449431559784
cv_targets__support_risk,ADE_vs_CV,easy,eu-locality-067,1508,2.001448089983688,2.126958008841005,5.900911928473295,4.324303976989682,5.334811062517207,4.431771346846858
cv_targets__support_risk,ADE_vs_CV,easy,eu-locality-110,2579,2.0112483548712063,2.356118809479549,14.637226833417728,3.943740886173805,4.54810504257369,4.476255197977273
cv_targets__support_risk,ADE_vs_CV,easy,eu-locality-119,1658,2.1125942058081866,2.3455260977767742,9.93090173626181,4.185735542612309,5.903202900920345,4.423775218674889
cv_targets__support_risk,ADE_vs_CV,easy,eu-locality-124,1006,2.246193333258256,2.5758364727079335,12.797518124398987,4.154128377050374,4.74090412080723,4.529853536161329
cv_targets__support_random,ADE_vs_floor,all,eu-locality-007,5526,12.79477197793098,13.03007789912518,1.805867340286571,43.95122125345763,76.43866311332394,44.69396378264957
cv_targets__support_random,ADE_vs_floor,all,eu-locality-008,157961,17.03016912690403,17.303707458293164,1.5808076508946889,60.48369281086715,125.7822871150029,60.851472194022485
cv_targets__support_random,ADE_vs_floor,all,eu-locality-020,1225,6.4122558221323285,6.465710721017629,0.8267443625576743,20.649557710350873,41.37090371937323,20.649557710350873
cv_targets__support_random,ADE_vs_floor,all,eu-locality-048,8058,24.70329560809372,25.081786899115574,1.5090284139014143,84.1261050283079,147.49292963797856,84.94302472678147
cv_targets__support_random,ADE_vs_floor,all,eu-locality-067,6903,26.954685446385223,27.46038603063451,1.841564003088425,88.65184990830237,162.6235251701382,89.6517956862803
cv_targets__support_random,ADE_vs_floor,all,eu-locality-110,8550,28.551971138444127,29.15799863842907,2.0784262579195745,115.2482965936183,259.95968966626083,117.19208997565195
cv_targets__support_random,ADE_vs_floor,all,eu-locality-119,5639,27.469103376770075,27.707160085187788,0.8591884108143488,109.99273377845661,195.19579909519848,110.34400428139483
cv_targets__support_random,ADE_vs_floor,all,eu-locality-124,3550,40.71611960333945,41.28618629430454,1.3807685866198183,180.44841436942855,333.55000293878123,182.70620705979104
cv_targets__support_random,ADE_vs_floor,easy,eu-locality-007,2133,1.7515881677233318,1.8208803442437398,3.8054217422609837,4.21520124212863,5.0339673780807646,4.231677560310645
cv_targets__support_random,ADE_vs_floor,easy,eu-locality-008,52276,2.0896497044019693,2.243755079189184,6.868190571089561,4.160009119056777,4.751791049292883,4.269920362702182
cv_targets__support_random,ADE_vs_floor,easy,eu-locality-020,695,1.6741847064180453,1.7041860561795545,1.7604503717608355,4.333966156328703,5.284731095304119,4.333966156328703
cv_targets__support_random,ADE_vs_floor,easy,eu-locality-048,2050,2.0469524131750445,2.1853076350211285,6.331155377341013,4.210687426461756,4.757055109542503,4.279426052271072
cv_targets__support_random,ADE_vs_floor,easy,eu-locality-067,1508,2.003209515584664,2.0760134319354244,3.5069096967685343,4.326646187803056,5.334811062517207,4.333274063846627
cv_targets__support_random,ADE_vs_floor,easy,eu-locality-110,2579,2.0160159968818716,2.212478061615281,8.879729392208146,3.958328177433865,4.560634953159135,4.203897765463916
cv_targets__support_random,ADE_vs_floor,easy,eu-locality-119,1658,2.115111803689547,2.2702471919597778,6.833413948034039,4.185735542612309,5.903202900920345,4.2442330009580065
cv_targets__support_random,ADE_vs_floor,easy,eu-locality-124,1006,2.2522028506902685,2.445639210289273,7.909439740137492,4.192845519556216,4.740170764217352,4.3295911457613965
cv_targets__support_random,ADE_vs_floor,hard,eu-locality-007,1023,38.2927210993177,39.29723477145136,2.5561942919795855,78.11265794064077,106.93881724198937,79.09141428093004
cv_targets__support_random,ADE_vs_floor,hard,eu-locality-008,36762,49.115234429370474,49.6651159299373,1.1071785301831283,118.27853647420726,203.90526380449805,119.6000434566927
cv_targets__support_random,ADE_vs_floor,hard,eu-locality-020,47,36.92354931828993,36.92354931828993,0.0,60.52355224102176,69.16719818649797,60.52355224102176
cv_targets__support_random,ADE_vs_floor,hard,eu-locality-048,2992,53.05202602935635,53.792738563058535,1.3769749477132276,120.02547194053922,200.22487872307087,122.60258245083135
cv_targets__support_random,ADE_vs_floor,hard,eu-locality-067,2806,53.75772369134573,54.910481269926386,2.0993397834449534,126.83526510006658,198.92434816893777,127.36920960317892
cv_targets__support_random,ADE_vs_floor,hard,eu-locality-110,2743,74.86112163341376,75.97472072201377,1.4657494993296383,211.62896236269754,390.73231584687846,216.0693714569461
cv_targets__support_random,ADE_vs_floor,hard,eu-locality-119,1895,67.43868297409807,67.75657981295986,0.4691748605660573,172.71391239328824,273.9914452410256,172.71391239328824
cv_targets__support_random,ADE_vs_floor,hard,eu-locality-124,1362,94.8652638469889,95.90581572544342,1.084972658418737,269.89921469355284,435.0646456287289,274.4684238324386
cv_targets__support_random,ADE_vs_floor,complete,eu-locality-007,2882,12.650246995759602,13.000634704824002,2.6951584827961117,45.27194094497051,76.86890219592341,46.10523368271999
cv_targets__support_random,ADE_vs_floor,complete,eu-locality-008,97352,15.290372758003942,15.598244315124525,1.9737577569679532,55.64762965818929,113.88216559725038,55.94798986313879
cv_targets__support_random,ADE_vs_floor,complete,eu-locality-020,364,6.829184372684677,6.916345990279542,1.260226392915631,22.682718227503177,49.70629992513765,22.682718227503177
cv_targets__support_random,ADE_vs_floor,complete,eu-locality-048,4716,24.311737253581008,24.73400441013314,1.7072332872195006,86.55480133029045,146.93892931170916,87.79424185591918
cv_targets__support_random,ADE_vs_floor,complete,eu-locality-067,3417,27.46666272031691,28.18803041865701,2.559127713522835,87.00755418912514,160.33713288337748,87.55740326540852
cv_targets__support_random,ADE_vs_floor,complete,eu-locality-110,5804,26.29259350531504,27.023399686932656,2.704345826520871,108.78756290007931,258.59759067080574,109.83042543804812
cv_targets__support_random,ADE_vs_floor,complete,eu-locality-119,3148,26.63250468348877,26.934654676344703,1.1217889981760099,103.20378997279019,189.99779782669526,103.20378997279019
cv_targets__support_random,ADE_vs_floor,complete,eu-locality-124,2077,36.68783082295415,37.29493004175377,1.6278331079316755,166.85994116519117,315.79700044017295,171.59254389597885
cv_targets__support_random,ADE_vs_original,all,eu-locality-007,5526,12.79477197793098,12.790129797678958,-0.03629502065618517,43.95122125345763,76.43866311332394,43.95122125345763
cv_targets__support_random,ADE_vs_original,all,eu-locality-008,157961,17.03016912690403,17.011497276939146,-0.10976017960628859,60.48369281086715,125.7822871150029,60.449353009022296
cv_targets__support_random,ADE_vs_original,all,eu-locality-020,1225,6.4122558221323285,6.40833343267221,-0.06120763692039066,20.649557710350873,41.37090371937323,20.649557710350873
cv_targets__support_random,ADE_vs_original,all,eu-locality-048,8058,24.70329560809372,24.696571083614916,-0.02722857540033985,84.1261050283079,147.49292963797856,84.1261050283079
cv_targets__support_random,ADE_vs_original,all,eu-locality-067,6903,26.954685446385223,26.936399832200536,-0.06788440288456599,88.65184990830237,162.6235251701382,88.5042343006725
cv_targets__support_random,ADE_vs_original,all,eu-locality-110,8550,28.551971138444127,28.467057680649077,-0.2982867381224663,115.2482965936183,259.95968966626083,114.96035239299536
cv_targets__support_random,ADE_vs_original,all,eu-locality-119,5639,27.469103376770075,27.45935171672333,-0.035513074552318,109.99273377845661,195.19579909519848,109.99273377845661
cv_targets__support_random,ADE_vs_original,all,eu-locality-124,3550,40.71611960333945,40.63456411793265,-0.20070471328326178,180.44841436942855,333.55000293878123,179.88453937909637
cv_targets__support_random,ADE_vs_original,easy,eu-locality-007,2133,1.7515881677233318,1.7478873925379084,-0.21172846724697436,4.21520124212863,5.0339673780807646,4.200198112143838
cv_targets__support_random,ADE_vs_original,easy,eu-locality-008,52276,2.0896497044019693,2.0819531220555842,-0.36968086672315437,4.160009119056777,4.751791049292883,4.148512843168251
cv_targets__support_random,ADE_vs_original,easy,eu-locality-020,695,1.6741847064180453,1.6723126715843208,-0.11194287201992115,4.333966156328703,5.284731095304119,4.333966156328703
cv_targets__support_random,ADE_vs_original,easy,eu-locality-048,2050,2.0469524131750445,2.0443475186139497,-0.1274193617952335,4.210687426461756,4.757055109542503,4.210687426461756
cv_targets__support_random,ADE_vs_original,easy,eu-locality-067,1508,2.003209515584664,2.0023677468165393,-0.042038669942767726,4.326646187803056,5.334811062517207,4.328427348215871
cv_targets__support_random,ADE_vs_original,easy,eu-locality-110,2579,2.0160159968818716,2.0077266466948354,-0.4128724495778613,3.958328177433865,4.560634953159135,3.9370268185757133
cv_targets__support_random,ADE_vs_original,easy,eu-locality-119,1658,2.115111803689547,2.108646922724247,-0.306589068830343,4.185735542612309,5.903202900920345,4.161233964387031
cv_targets__support_random,ADE_vs_original,easy,eu-locality-124,1006,2.2522028506902685,2.2412361995342716,-0.48931260160245404,4.192845519556216,4.740170764217352,4.154128377050374
cv_targets__support_random,ADE_vs_original,hard,eu-locality-007,1023,38.2927210993177,38.26125521332001,-0.08223955492900892,78.11265794064077,106.93881724198937,78.11265794064077
cv_targets__support_random,ADE_vs_original,hard,eu-locality-008,36762,49.115234429370474,49.067824036265506,-0.09662216337518181,118.27853647420726,203.90526380449805,118.03601449453157
cv_targets__support_random,ADE_vs_original,hard,eu-locality-020,47,36.92354931828993,36.92354931828993,0.0,60.52355224102176,69.16719818649797,60.52355224102176
cv_targets__support_random,ADE_vs_original,hard,eu-locality-048,2992,53.05202602935635,53.0442133404735,-0.014728635586891414,120.02547194053922,200.22487872307087,120.02547194053922
cv_targets__support_random,ADE_vs_original,hard,eu-locality-067,2806,53.75772369134573,53.72540921157581,-0.060147480017636035,126.83526510006658,198.92434816893777,126.83526510006658
cv_targets__support_random,ADE_vs_original,hard,eu-locality-110,2743,74.86112163341376,74.62756943250518,-0.3129569979092084,211.62896236269754,390.73231584687846,211.62896236269754
cv_targets__support_random,ADE_vs_original,hard,eu-locality-119,1895,67.43868297409807,67.4266761936971,-0.017807166360195303,172.71391239328824,273.9914452410256,172.71391239328824
cv_targets__support_random,ADE_vs_original,hard,eu-locality-124,1362,94.8652638469889,94.67864755457592,-0.19710494101154996,269.89921469355284,435.0646456287289,269.59858359996144
cv_targets__support_random,FDE_vs_floor,endpoint,eu-locality-007,3935,27.29689866918847,28.021083104029973,2.584426990751665,98.13709836423327,169.502019332493,99.74000009835866
cv_targets__support_random,FDE_vs_floor,endpoint,eu-locality-008,121088,32.869649785429225,33.623565608115655,2.242224490624689,128.00724572652743,265.3571552539484,128.79015975416985
cv_targets__support_random,FDE_vs_floor,endpoint,eu-locality-020,622,14.4287031335986,14.627580582394309,1.3596059011637074,52.375808020598235,102.34943144507893,52.375808020598235
cv_targets__support_random,FDE_vs_floor,endpoint,eu-locality-048,5582,52.840932390590446,53.81633147703995,1.812459265949129,197.67135003282542,332.7626459334079,199.98144871686628
cv_targets__support_random,FDE_vs_floor,endpoint,eu-locality-067,4600,57.38417847759733,58.9192547164766,2.6053897766802336,192.69391403412456,367.0313156604077,196.65546131977956
cv_targets__support_random,FDE_vs_floor,endpoint,eu-locality-110,7204,52.5215432325244,54.21226435414351,3.1187059639759984,232.45823289264987,522.1553550339783,235.26017178763956
cv_targets__support_random,FDE_vs_floor,endpoint,eu-locality-119,4147,60.7404883164672,61.43987867856576,1.138332915267548,247.44070532789618,445.5820913837266,247.02998619753183
cv_targets__support_random,FDE_vs_floor,endpoint,eu-locality-124,2645,78.35550358462284,80.00543159398303,2.062269994034105,356.644407281851,705.8490395871898,363.62977622543167
cv_targets__support_random,ADE_vs_CV,easy,eu-locality-007,2133,1.7515881677233318,1.8525004364762494,5.447354654602332,4.21520124212863,5.0339673780807646,4.355450553983238
cv_targets__support_random,ADE_vs_CV,easy,eu-locality-008,52276,2.0896497044019693,2.3343046202023725,10.480847858630927,4.160009119056777,4.751791049292883,4.477191635123733
cv_targets__support_random,ADE_vs_CV,easy,eu-locality-020,695,1.6741847064180453,1.6834998531827923,0.5533203194010405,4.333966156328703,5.284731095304119,4.294862621440125
cv_targets__support_random,ADE_vs_CV,easy,eu-locality-048,2050,2.0469524131750445,2.2919612794697164,10.68992170545563,4.210687426461756,4.757055109542503,4.484449431559784
cv_targets__support_random,ADE_vs_CV,easy,eu-locality-067,1508,2.003209515584664,2.126958008841005,5.818097618380936,4.326646187803056,5.334811062517207,4.431771346846858
cv_targets__support_random,ADE_vs_CV,easy,eu-locality-110,2579,2.0160159968818716,2.356118809479549,14.434875322471708,3.958328177433865,4.560634953159135,4.476255197977273
cv_targets__support_random,ADE_vs_CV,easy,eu-locality-119,1658,2.115111803689547,2.3455260977767742,9.823565566191196,4.185735542612309,5.903202900920345,4.423775218674889
cv_targets__support_random,ADE_vs_CV,easy,eu-locality-124,1006,2.2522028506902685,2.5758364727079335,12.564214593849366,4.192845519556216,4.740170764217352,4.529853536161329
cv_targets__combined,ADE_vs_floor,all,eu-locality-007,5526,12.79133543507526,13.03007789912518,1.8322412643899,43.95122125345763,76.43866311332394,44.69396378264957
cv_targets__combined,ADE_vs_floor,all,eu-locality-008,157961,17.03593144975533,17.303707458293164,1.5475065628753226,60.47600668276589,125.75379408815205,60.851472194022485
cv_targets__combined,ADE_vs_floor,all,eu-locality-020,1225,6.4122558221323285,6.465710721017629,0.8267443625576743,20.649557710350873,41.37090371937323,20.649557710350873
cv_targets__combined,ADE_vs_floor,all,eu-locality-048,8058,24.706447140443597,25.081786899115574,1.496463390673386,84.1261050283079,147.49292963797856,84.94302472678147
cv_targets__combined,ADE_vs_floor,all,eu-locality-067,6903,26.942902650809252,27.46038603063451,1.884472342260446,88.65184990830237,162.6235251701382,89.6517956862803
cv_targets__combined,ADE_vs_floor,all,eu-locality-110,8550,28.592735608691726,29.15799863842907,1.9386208112114778,114.96035239299536,260.7935481375995,117.19208997565195
cv_targets__combined,ADE_vs_floor,all,eu-locality-119,5639,27.469398875202547,27.707160085187788,0.8581219051473576,108.86756925464853,195.19579909519848,110.34400428139483
cv_targets__combined,ADE_vs_floor,all,eu-locality-124,3550,40.67104875602761,41.28618629430454,1.4899354808215692,179.88453937909637,333.55000293878123,182.70620705979104
cv_targets__combined,ADE_vs_floor,easy,eu-locality-007,2133,1.7492941079559627,1.8208803442437398,3.9314080419440622,4.2122584886944825,5.0339673780807646,4.231677560310645
cv_targets__combined,ADE_vs_floor,easy,eu-locality-008,52276,2.0860453631132643,2.243755079189184,7.02882937352104,4.156287381944722,4.751791049292883,4.269920362702182
cv_targets__combined,ADE_vs_floor,easy,eu-locality-020,695,1.6741847064180453,1.7041860561795545,1.7604503717608355,4.333966156328703,5.284731095304119,4.333966156328703
cv_targets__combined,ADE_vs_floor,easy,eu-locality-048,2050,2.041022933384903,2.1853076350211285,6.602489247919108,4.207895987767311,4.72373440178062,4.279426052271072
cv_targets__combined,ADE_vs_floor,easy,eu-locality-067,1508,1.9996003379089635,2.0760134319354244,3.6807610611277464,4.324303976989682,5.334811062517207,4.333274063846627
cv_targets__combined,ADE_vs_floor,easy,eu-locality-110,2579,2.0083208034834996,2.212478061615281,9.227538192298756,3.9370268185757133,4.544262585855243,4.203897765463916
cv_targets__combined,ADE_vs_floor,easy,eu-locality-119,1658,2.1129945668008197,2.2702471919597778,6.926674139973743,4.161233964387031,5.903202900920345,4.2442330009580065
cv_targets__combined,ADE_vs_floor,easy,eu-locality-124,1006,2.243142439351249,2.445639210289273,8.279911856421062,4.154128377050374,4.74090412080723,4.3295911457613965
cv_targets__combined,ADE_vs_floor,hard,eu-locality-007,1023,38.25122317947922,39.29723477145136,2.66179439356391,78.11265794064077,106.93881724198937,79.09141428093004
cv_targets__combined,ADE_vs_floor,hard,eu-locality-008,36762,49.14364217682242,49.6651159299373,1.0499799373276941,118.27853647420726,204.47317555711012,119.6000434566927
cv_targets__combined,ADE_vs_floor,hard,eu-locality-020,47,36.92354931828993,36.92354931828993,0.0,60.52355224102176,69.16719818649797,60.52355224102176
cv_targets__combined,ADE_vs_floor,hard,eu-locality-048,2992,53.06611540274069,53.792738563058535,1.350782986194421,120.36511561012493,200.22487872307087,122.60258245083135
cv_targets__combined,ADE_vs_floor,hard,eu-locality-067,2806,53.735914730899495,54.910481269926386,2.139057083206053,126.83526510006658,198.92434816893777,127.36920960317892
cv_targets__combined,ADE_vs_floor,hard,eu-locality-110,2743,74.99881621037902,75.97472072201377,1.28451214082842,211.83016053994538,397.4520939232745,216.0693714569461
cv_targets__combined,ADE_vs_floor,hard,eu-locality-119,1895,67.44264741247031,67.75657981295986,0.46332385925640374,172.71391239328824,273.9914452410256,172.71391239328824
cv_targets__combined,ADE_vs_floor,hard,eu-locality-124,1362,94.75554834458457,95.90581572544342,1.1993718755824,269.59858359996144,435.0646456287289,274.4684238324386
cv_targets__combined,ADE_vs_floor,complete,eu-locality-007,2882,12.64175897954015,13.000634704824002,2.7604477276073958,45.27194094497051,76.86890219592341,46.10523368271999
cv_targets__combined,ADE_vs_floor,complete,eu-locality-008,97352,15.296184802140088,15.598244315124525,1.9364968703019403,55.66050970959339,113.84981280912734,55.94798986313879
cv_targets__combined,ADE_vs_floor,complete,eu-locality-020,364,6.829184372684677,6.916345990279542,1.260226392915631,22.682718227503177,49.70629992513765,22.682718227503177
cv_targets__combined,ADE_vs_floor,complete,eu-locality-048,4716,24.319665997129608,24.73400441013314,1.6751772423626798,86.55480133029045,146.93892931170916,87.79424185591918
cv_targets__combined,ADE_vs_floor,complete,eu-locality-067,3417,27.452598205654176,28.18803041865701,2.6090230572337836,87.00755418912514,160.33713288337748,87.55740326540852
cv_targets__combined,ADE_vs_floor,complete,eu-locality-110,5804,26.355325085156277,27.023399686932656,2.472207825499584,108.78756290007931,260.2367943093216,109.83042543804812
cv_targets__combined,ADE_vs_floor,complete,eu-locality-119,3148,26.634539890022772,26.934654676344703,1.11423290897249,103.20378997279019,189.99779782669526,103.20378997279019
cv_targets__combined,ADE_vs_floor,complete,eu-locality-124,2077,36.683222775574045,37.29493004175377,1.640188801788578,166.85994116519117,315.79700044017295,171.59254389597885
cv_targets__combined,ADE_vs_original,all,eu-locality-007,5526,12.79133543507526,12.790129797678958,-0.009426310877014288,43.95122125345763,76.43866311332394,43.95122125345763
cv_targets__combined,ADE_vs_original,all,eu-locality-008,157961,17.03593144975533,17.011497276939146,-0.1436332876431079,60.47600668276589,125.75379408815205,60.449353009022296
cv_targets__combined,ADE_vs_original,all,eu-locality-020,1225,6.4122558221323285,6.40833343267221,-0.06120763692039066,20.649557710350873,41.37090371937323,20.649557710350873
cv_targets__combined,ADE_vs_original,all,eu-locality-048,8058,24.706447140443597,24.696571083614916,-0.0399895871991518,84.1261050283079,147.49292963797856,84.1261050283079
cv_targets__combined,ADE_vs_original,all,eu-locality-067,6903,26.942902650809252,26.936399832200536,-0.0241413798771406,88.65184990830237,162.6235251701382,88.5042343006725
cv_targets__combined,ADE_vs_original,all,eu-locality-110,8550,28.592735608691726,28.467057680649077,-0.4414854863208362,114.96035239299536,260.7935481375995,114.96035239299536
cv_targets__combined,ADE_vs_original,all,eu-locality-119,5639,27.469398875202547,27.45935171672333,-0.0365892049559946,108.86756925464853,195.19579909519848,109.99273377845661
cv_targets__combined,ADE_vs_original,all,eu-locality-124,3550,40.67104875602761,40.63456411793265,-0.08978720182422073,179.88453937909637,333.55000293878123,179.88453937909637
cv_targets__combined,ADE_vs_original,easy,eu-locality-007,2133,1.7492941079559627,1.7478873925379084,-0.08048089505421352,4.2122584886944825,5.0339673780807646,4.200198112143838
cv_targets__combined,ADE_vs_original,easy,eu-locality-008,52276,2.0860453631132643,2.0819531220555842,-0.1965577905826965,4.156287381944722,4.751791049292883,4.148512843168251
cv_targets__combined,ADE_vs_original,easy,eu-locality-020,695,1.6741847064180453,1.6723126715843208,-0.11194287201992115,4.333966156328703,5.284731095304119,4.333966156328703
cv_targets__combined,ADE_vs_original,easy,eu-locality-048,2050,2.041022933384903,2.0443475186139497,0.16262329172394008,4.207895987767311,4.72373440178062,4.210687426461756
cv_targets__combined,ADE_vs_original,easy,eu-locality-067,1508,1.9996003379089635,2.0023677468165393,0.13820682599265943,4.324303976989682,5.334811062517207,4.328427348215871
cv_targets__combined,ADE_vs_original,easy,eu-locality-110,2579,2.0083208034834996,2.0077266466948354,-0.029593510134584555,3.9370268185757133,4.544262585855243,3.9370268185757133
cv_targets__combined,ADE_vs_original,easy,eu-locality-119,1658,2.1129945668008197,2.108646922724247,-0.20618170020401116,4.161233964387031,5.903202900920345,4.161233964387031
cv_targets__combined,ADE_vs_original,easy,eu-locality-124,1006,2.243142439351249,2.2412361995342716,-0.08505305319330692,4.154128377050374,4.74090412080723,4.154128377050374
cv_targets__combined,ADE_vs_original,hard,eu-locality-007,1023,38.25122317947922,38.26125521332001,0.02621982416640689,78.11265794064077,106.93881724198937,78.11265794064077
cv_targets__combined,ADE_vs_original,hard,eu-locality-008,36762,49.14364217682242,49.067824036265506,-0.15451702219539953,118.27853647420726,204.47317555711012,118.03601449453157
cv_targets__combined,ADE_vs_original,hard,eu-locality-020,47,36.92354931828993,36.92354931828993,0.0,60.52355224102176,69.16719818649797,60.52355224102176
cv_targets__combined,ADE_vs_original,hard,eu-locality-048,2992,53.06611540274069,53.0442133404735,-0.04129020092467073,120.36511561012493,200.22487872307087,120.02547194053922
cv_targets__combined,ADE_vs_original,hard,eu-locality-067,2806,53.735914730899495,53.72540921157581,-0.019554098289531474,126.83526510006658,198.92434816893777,126.83526510006658
cv_targets__combined,ADE_vs_original,hard,eu-locality-110,2743,74.99881621037902,74.62756943250518,-0.49746599104987244,211.83016053994538,397.4520939232745,211.62896236269754
cv_targets__combined,ADE_vs_original,hard,eu-locality-119,1895,67.44264741247031,67.4266761936971,-0.02368679530830864,172.71391239328824,273.9914452410256,172.71391239328824
cv_targets__combined,ADE_vs_original,hard,eu-locality-124,1362,94.75554834458457,94.67864755457592,-0.08122294941350638,269.59858359996144,435.0646456287289,269.59858359996144
cv_targets__combined,FDE_vs_floor,endpoint,eu-locality-007,3935,27.293409137846407,28.021083104029973,2.596880225800091,98.13709836423327,169.502019332493,99.74000009835866
cv_targets__combined,FDE_vs_floor,endpoint,eu-locality-008,121088,32.88829114595229,33.623565608115655,2.186783135176762,127.97834687108508,266.0309338884841,128.79015975416985
cv_targets__combined,FDE_vs_floor,endpoint,eu-locality-020,622,14.4287031335986,14.627580582394309,1.3596059011637074,52.375808020598235,102.34943144507893,52.375808020598235
cv_targets__combined,FDE_vs_floor,endpoint,eu-locality-048,5582,52.853231645552405,53.81633147703995,1.7896051348249897,198.29094134341764,332.7626459334079,199.98144871686628
cv_targets__combined,FDE_vs_floor,endpoint,eu-locality-067,4600,57.34964825728054,58.9192547164766,2.663995779901007,192.69391403412456,367.0313156604077,196.65546131977956
cv_targets__combined,FDE_vs_floor,endpoint,eu-locality-110,7204,52.62730208175781,54.21226435414351,2.9236230791465867,232.70439663278339,522.1553550339783,235.26017178763956
cv_targets__combined,FDE_vs_floor,endpoint,eu-locality-119,4147,60.74316960280785,61.43987867856576,1.1339688338300125,247.44070532789618,445.5820913837266,247.02998619753183
cv_targets__combined,FDE_vs_floor,endpoint,eu-locality-124,2645,78.17921482338217,80.00543159398303,2.2826159852104455,355.838487144209,706.7772214329127,363.62977622543167
cv_targets__combined,ADE_vs_CV,easy,eu-locality-007,2133,1.7492941079559627,1.8525004364762494,5.571190510303015,4.2122584886944825,5.0339673780807646,4.355450553983238
cv_targets__combined,ADE_vs_CV,easy,eu-locality-008,52276,2.0860453631132643,2.3343046202023725,10.635255353587292,4.156287381944722,4.751791049292883,4.477191635123733
cv_targets__combined,ADE_vs_CV,easy,eu-locality-020,695,1.6741847064180453,1.6834998531827923,0.5533203194010405,4.333966156328703,5.284731095304119,4.294862621440125
cv_targets__combined,ADE_vs_CV,easy,eu-locality-048,2050,2.041022933384903,2.2919612794697164,10.94862938272989,4.207895987767311,4.72373440178062,4.484449431559784
cv_targets__combined,ADE_vs_CV,easy,eu-locality-067,1508,1.9996003379089635,2.126958008841005,5.987784921124961,4.324303976989682,5.334811062517207,4.431771346846858
cv_targets__combined,ADE_vs_CV,easy,eu-locality-110,2579,2.0083208034834996,2.356118809479549,14.761479964283964,3.9370268185757133,4.544262585855243,4.476255197977273
cv_targets__combined,ADE_vs_CV,easy,eu-locality-119,1658,2.1129945668008197,2.3455260977767742,9.913832602261873,4.161233964387031,5.903202900920345,4.423775218674889
cv_targets__combined,ADE_vs_CV,easy,eu-locality-124,1006,2.243142439351249,2.5758364727079335,12.915960965756845,4.154128377050374,4.74090412080723,4.529853536161329
cv_targets__combined,matched_risk,all,eu-locality-007,5526,12.79133543507526,12.80531601706674,0.10917795369398409,43.95122125345763,76.43866311332394,43.95122125345763
cv_targets__combined,matched_risk,all,eu-locality-008,157961,17.03593144975533,17.040965030746,0.02953812170606307,60.47600668276589,125.75379408815205,60.49306545980095
cv_targets__combined,matched_risk,all,eu-locality-020,1225,6.4122558221323285,6.4122558221323285,0.0,20.649557710350873,41.37090371937323,20.649557710350873
cv_targets__combined,matched_risk,all,eu-locality-048,8058,24.706447140443597,24.71682451664123,0.041985070495786925,84.1261050283079,147.49292963797856,84.1261050283079
cv_targets__combined,matched_risk,all,eu-locality-067,6903,26.942902650809252,26.958132121026466,0.05649304688041257,88.65184990830237,162.6235251701382,88.65184990830237
cv_targets__combined,matched_risk,all,eu-locality-110,8550,28.592735608691726,28.51081465626655,-0.28733290652278587,114.96035239299536,260.7935481375995,114.96035239299536
cv_targets__combined,matched_risk,all,eu-locality-119,5639,27.469398875202547,27.469886338621972,0.001774537445897728,108.86756925464853,195.19579909519848,108.86756925464853
cv_targets__combined,matched_risk,all,eu-locality-124,3550,40.67104875602761,40.72052478505963,0.12150145238347676,179.88453937909637,333.55000293878123,179.88453937909637
cv_targets__combined,matched_risk,easy,eu-locality-007,2133,1.7492941079559627,1.7531243420208538,0.21848045646756242,4.2122584886944825,5.0339673780807646,4.21520124212863
cv_targets__combined,matched_risk,easy,eu-locality-008,52276,2.0860453631132643,2.087459786957043,0.06775813611435977,4.156287381944722,4.751791049292883,4.158964553276054
cv_targets__combined,matched_risk,easy,eu-locality-020,695,1.6741847064180453,1.6741847064180453,0.0,4.333966156328703,5.284731095304119,4.333966156328703
cv_targets__combined,matched_risk,easy,eu-locality-048,2050,2.041022933384903,2.045550699861577,0.2213470669282569,4.207895987767311,4.72373440178062,4.207895987767311
cv_targets__combined,matched_risk,easy,eu-locality-067,1508,1.9996003379089635,2.001448089983688,0.09232075935277084,4.324303976989682,5.334811062517207,4.324303976989682
cv_targets__combined,matched_risk,easy,eu-locality-110,2579,2.0083208034834996,2.0112483548712063,0.14555892019084693,3.9370268185757133,4.544262585855243,3.943740886173805
cv_targets__combined,matched_risk,easy,eu-locality-119,1658,2.1129945668008197,2.1125942058081866,-0.01895115453467433,4.161233964387031,5.903202900920345,4.185735542612309
cv_targets__combined,matched_risk,easy,eu-locality-124,1006,2.243142439351249,2.246193333258256,0.13582508067466748,4.154128377050374,4.74090412080723,4.154128377050374
cv_targets__combined,matched_risk,hard,eu-locality-007,1023,38.25122317947922,38.344175406201934,0.24241550571375559,78.11265794064077,106.93881724198937,78.11265794064077
cv_targets__combined,matched_risk,hard,eu-locality-008,36762,49.14364217682242,49.14871392653248,0.010319191093466351,118.27853647420726,204.47317555711012,118.19891867549576
cv_targets__combined,matched_risk,hard,eu-locality-020,47,36.92354931828993,36.92354931828993,0.0,60.52355224102176,69.16719818649797,60.52355224102176
cv_targets__combined,matched_risk,hard,eu-locality-048,2992,53.06611540274069,53.080019474439425,0.02619454897794249,120.36511561012493,200.22487872307087,120.36511561012493
cv_targets__combined,matched_risk,hard,eu-locality-067,2806,53.735914730899495,53.76542274891196,0.05488289034807359,126.83526510006658,198.92434816893777,126.83526510006658
cv_targets__combined,matched_risk,hard,eu-locality-110,2743,74.99881621037902,74.69920987346067,-0.4010836760199643,211.83016053994538,397.4520939232745,211.62896236269754
cv_targets__combined,matched_risk,hard,eu-locality-119,1895,67.44264741247031,67.43470934698446,-0.011771483206080013,172.71391239328824,273.9914452410256,172.71391239328824
cv_targets__combined,matched_risk,hard,eu-locality-124,1362,94.75554834458457,94.86808446573902,0.11862379406963885,269.59858359996144,435.0646456287289,269.89921469355284
cv_targets__combined,matched_risk,complete,eu-locality-007,2882,12.64175897954015,12.671317059714715,0.23326762352540165,45.27194094497051,76.86890219592341,45.41315637417082
cv_targets__combined,matched_risk,complete,eu-locality-008,97352,15.296184802140088,15.303912268296521,0.050493403392293246,55.66050970959339,113.84981280912734,55.7021757039182
cv_targets__combined,matched_risk,complete,eu-locality-020,364,6.829184372684677,6.829184372684677,0.0,22.682718227503177,49.70629992513765,22.682718227503177
cv_targets__combined,matched_risk,complete,eu-locality-048,4716,24.319665997129608,24.328036341846268,0.03440616660976836,86.55480133029045,146.93892931170916,86.55480133029045
cv_targets__combined,matched_risk,complete,eu-locality-067,3417,27.452598205654176,27.47930351687487,0.09718336275988948,87.00755418912514,160.33713288337748,87.00755418912514
cv_targets__combined,matched_risk,complete,eu-locality-110,5804,26.355325085156277,26.25535459425329,-0.38076229572183706,108.78756290007931,260.2367943093216,108.78756290007931
cv_targets__combined,matched_risk,complete,eu-locality-119,3148,26.634539890022772,26.648373747785996,0.0519125778336571,103.20378997279019,189.99779782669526,103.20378997279019
cv_targets__combined,matched_risk,complete,eu-locality-124,2077,36.683222775574045,36.6947760509714,0.03148479604101473,166.85994116519117,315.79700044017295,166.85994116519117
cv_targets__combined,matched_random,all,eu-locality-007,5526,12.79133543507526,12.79477197793098,0.026858961313636076,43.95122125345763,76.43866311332394,43.95122125345763
cv_targets__combined,matched_random,all,eu-locality-008,157961,17.03593144975533,17.03016912690403,-0.03383596961581414,60.47600668276589,125.75379408815205,60.48369281086715
cv_targets__combined,matched_random,all,eu-locality-020,1225,6.4122558221323285,6.4122558221323285,0.0,20.649557710350873,41.37090371937323,20.649557710350873
cv_targets__combined,matched_random,all,eu-locality-048,8058,24.706447140443597,24.70329560809372,-0.012757538102925459,84.1261050283079,147.49292963797856,84.1261050283079
cv_targets__combined,matched_random,all,eu-locality-067,6903,26.942902650809252,26.954685446385223,0.04371334846183794,88.65184990830237,162.6235251701382,88.65184990830237
cv_targets__combined,matched_random,all,eu-locality-110,8550,28.592735608691726,28.551971138444127,-0.1427728756446811,114.96035239299536,260.7935481375995,115.2482965936183
cv_targets__combined,matched_random,all,eu-locality-119,5639,27.469398875202547,27.469103376770075,-0.0010757483723367045,108.86756925464853,195.19579909519848,109.99273377845661
cv_targets__combined,matched_random,all,eu-locality-124,3550,40.67104875602761,40.71611960333945,0.11069534069289011,179.88453937909637,333.55000293878123,180.44841436942855
cv_targets__combined,matched_random,easy,eu-locality-007,2133,1.7492941079559627,1.7515881677233318,0.13097027084573165,4.2122584886944825,5.0339673780807646,4.21520124212863
cv_targets__combined,matched_random,easy,eu-locality-008,52276,2.0860453631132643,2.0896497044019693,0.17248543050599752,4.156287381944722,4.751791049292883,4.160009119056777
cv_targets__combined,matched_random,easy,eu-locality-020,695,1.6741847064180453,1.6741847064180453,0.0,4.333966156328703,5.284731095304119,4.333966156328703
cv_targets__combined,matched_random,easy,eu-locality-048,2050,2.041022933384903,2.0469524131750445,0.2896735533262418,4.207895987767311,4.72373440178062,4.210687426461756
cv_targets__combined,matched_random,easy,eu-locality-067,1508,1.9996003379089635,2.003209515584664,0.18016975496679688,4.324303976989682,5.334811062517207,4.326646187803056
cv_targets__combined,matched_random,easy,eu-locality-110,2579,2.0083208034834996,2.0160159968818716,0.3817029929461868,3.9370268185757133,4.544262585855243,3.958328177433865
cv_targets__combined,matched_random,easy,eu-locality-119,1658,2.1129945668008197,2.115111803689547,0.10010047152279045,4.161233964387031,5.903202900920345,4.185735542612309
cv_targets__combined,matched_random,easy,eu-locality-124,1006,2.243142439351249,2.2522028506902685,0.4022910874232566,4.154128377050374,4.74090412080723,4.192845519556216
cv_targets__combined,matched_random,hard,eu-locality-007,1023,38.25122317947922,38.2927210993177,0.10837025587931981,78.11265794064077,106.93881724198937,78.11265794064077
cv_targets__combined,matched_random,hard,eu-locality-008,36762,49.14364217682242,49.115234429370474,-0.05783897355269296,118.27853647420726,204.47317555711012,118.27853647420726
cv_targets__combined,matched_random,hard,eu-locality-020,47,36.92354931828993,36.92354931828993,0.0,60.52355224102176,69.16719818649797,60.52355224102176
cv_targets__combined,matched_random,hard,eu-locality-048,2992,53.06611540274069,53.05202602935635,-0.02655765375774166,120.36511561012493,200.22487872307087,120.02547194053922
cv_targets__combined,matched_random,hard,eu-locality-067,2806,53.735914730899495,53.75772369134573,0.04056898050864843,126.83526510006658,198.92434816893777,126.83526510006658
cv_targets__combined,matched_random,hard,eu-locality-110,2743,74.99881621037902,74.86112163341376,-0.1839333608165017,211.83016053994538,397.4520939232745,211.62896236269754
cv_targets__combined,matched_random,hard,eu-locality-119,1895,67.44264741247031,67.43868297409807,-0.005878582139207111,172.71391239328824,273.9914452410256,172.71391239328824
cv_targets__combined,matched_random,hard,eu-locality-124,1362,94.75554834458457,94.8652638469889,0.11565403178690481,269.59858359996144,435.0646456287289,269.89921469355284
cv_targets__combined,matched_random,complete,eu-locality-007,2882,12.64175897954015,12.650246995759602,0.06709763234107324,45.27194094497051,76.86890219592341,45.27194094497051
cv_targets__combined,matched_random,complete,eu-locality-008,97352,15.296184802140088,15.290372758003942,-0.038011134379334344,55.66050970959339,113.84981280912734,55.64762965818929
cv_targets__combined,matched_random,complete,eu-locality-020,364,6.829184372684677,6.829184372684677,0.0,22.682718227503177,49.70629992513765,22.682718227503177
cv_targets__combined,matched_random,complete,eu-locality-048,4716,24.319665997129608,24.311737253581008,-0.03261282180659908,86.55480133029045,146.93892931170916,86.55480133029045
cv_targets__combined,matched_random,complete,eu-locality-067,3417,27.452598205654176,27.46666272031691,0.05120576462437354,87.00755418912514,160.33713288337748,87.00755418912514
cv_targets__combined,matched_random,complete,eu-locality-110,5804,26.355325085156277,26.29259350531504,-0.23859030805977177,108.78756290007931,260.2367943093216,108.78756290007931
cv_targets__combined,matched_random,complete,eu-locality-119,3148,26.634539890022772,26.63250468348877,-0.007641814234871092,103.20378997279019,189.99779782669526,103.20378997279019
cv_targets__combined,matched_random,complete,eu-locality-124,2077,36.683222775574045,36.68783082295415,0.012560152172369499,166.85994116519117,315.79700044017295,166.85994116519117
cv_targets__combined_risk,ADE_vs_floor,all,eu-locality-007,5526,12.80531601706674,13.03007789912518,1.724946572065622,43.95122125345763,76.43866311332394,44.69396378264957
cv_targets__combined_risk,ADE_vs_floor,all,eu-locality-008,157961,17.040965030746,17.303707458293164,1.5184169530168434,60.49306545980095,125.75379408815205,60.851472194022485
cv_targets__combined_risk,ADE_vs_floor,all,eu-locality-020,1225,6.4122558221323285,6.465710721017629,0.8267443625576743,20.649557710350873,41.37090371937323,20.649557710350873
cv_targets__combined_risk,ADE_vs_floor,all,eu-locality-048,8058,24.71682451664123,25.081786899115574,1.4550892404209592,84.1261050283079,147.7838648086263,84.94302472678147
cv_targets__combined_risk,ADE_vs_floor,all,eu-locality-067,6903,26.958132121026466,27.46038603063451,1.8290125603031782,88.65184990830237,162.6235251701382,89.6517956862803
cv_targets__combined_risk,ADE_vs_floor,all,eu-locality-110,8550,28.51081465626655,29.15799863842907,2.219576145084101,114.96035239299536,259.13760229328807,117.19208997565195
cv_targets__combined_risk,ADE_vs_floor,all,eu-locality-119,5639,27.469886338621972,27.707160085187788,0.8563625641758277,108.86756925464853,195.19579909519848,110.34400428139483
cv_targets__combined_risk,ADE_vs_floor,all,eu-locality-124,3550,40.72052478505963,41.28618629430454,1.3700987182798885,179.88453937909637,333.55000293878123,182.70620705979104
cv_targets__combined_risk,ADE_vs_floor,easy,eu-locality-007,2133,1.7531243420208538,1.8208803442437398,3.721057368600844,4.21520124212863,5.0339673780807646,4.231677560310645
cv_targets__combined_risk,ADE_vs_floor,easy,eu-locality-008,52276,2.087459786957043,2.243755079189184,6.9657911276403865,4.158964553276054,4.750318542949121,4.269920362702182
cv_targets__combined_risk,ADE_vs_floor,easy,eu-locality-020,695,1.6741847064180453,1.7041860561795545,1.7604503717608355,4.333966156328703,5.284731095304119,4.333966156328703
cv_targets__combined_risk,ADE_vs_floor,easy,eu-locality-048,2050,2.045550699861577,2.1853076350211285,6.39529798550309,4.207895987767311,4.748427081671313,4.279426052271072
cv_targets__combined_risk,ADE_vs_floor,easy,eu-locality-067,1508,2.001448089983688,2.0760134319354244,3.5917562384083834,4.324303976989682,5.334811062517207,4.333274063846627
cv_targets__combined_risk,ADE_vs_floor,easy,eu-locality-110,2579,2.0112483548712063,2.212478061615281,9.09521817347021,3.943740886173805,4.54810504257369,4.203897765463916
cv_targets__combined_risk,ADE_vs_floor,easy,eu-locality-119,1658,2.1125942058081866,2.2702471919597778,6.944309267727721,4.185735542612309,5.903202900920345,4.2442330009580065
cv_targets__combined_risk,ADE_vs_floor,easy,eu-locality-124,1006,2.246193333258256,2.445639210289273,8.155163533194509,4.154128377050374,4.74090412080723,4.3295911457613965
cv_targets__combined_risk,ADE_vs_floor,hard,eu-locality-007,1023,38.344175406201934,39.29723477145136,2.425258089512705,78.11265794064077,106.93881724198937,79.09141428093004
cv_targets__combined_risk,ADE_vs_floor,hard,eu-locality-008,36762,49.14871392653248,49.6651159299373,1.0397680418853916,118.19891867549576,203.52797469295214,119.6000434566927
cv_targets__combined_risk,ADE_vs_floor,hard,eu-locality-020,47,36.92354931828993,36.92354931828993,0.0,60.52355224102176,69.16719818649797,60.52355224102176
cv_targets__combined_risk,ADE_vs_floor,hard,eu-locality-048,2992,53.080019474439425,53.792738563058535,1.3249354980944594,120.36511561012493,200.22487872307087,122.60258245083135
cv_targets__combined_risk,ADE_vs_floor,hard,eu-locality-067,2806,53.76542274891196,54.910481269926386,2.0853186760203424,126.83526510006658,198.92434816893777,127.36920960317892
cv_targets__combined_risk,ADE_vs_floor,hard,eu-locality-110,2743,74.69920987346067,75.97472072201377,1.678862174722695,211.62896236269754,380.35594110435846,216.0693714569461
cv_targets__combined_risk,ADE_vs_floor,hard,eu-locality-119,1895,67.43470934698446,67.75657981295986,0.47503942327654647,172.71391239328824,273.9914452410256,172.71391239328824
cv_targets__combined_risk,ADE_vs_floor,hard,eu-locality-124,1362,94.86808446573902,95.90581572544342,1.082031628483504,269.89921469355284,435.0646456287289,274.4684238324386
cv_targets__combined_risk,ADE_vs_floor,complete,eu-locality-007,2882,12.671317059714715,13.000634704824002,2.5330889805487034,45.41315637417082,76.86890219592341,46.10523368271999
cv_targets__combined_risk,ADE_vs_floor,complete,eu-locality-008,97352,15.303912268296521,15.598244315124525,1.886956255343497,55.7021757039182,113.90071085103872,55.94798986313879
cv_targets__combined_risk,ADE_vs_floor,complete,eu-locality-020,364,6.829184372684677,6.916345990279542,1.260226392915631,22.682718227503177,49.70629992513765,22.682718227503177
cv_targets__combined_risk,ADE_vs_floor,complete,eu-locality-048,4716,24.328036341846268,24.73400441013314,1.6413357964816688,86.55480133029045,147.67111138093597,87.79424185591918
cv_targets__combined_risk,ADE_vs_floor,complete,eu-locality-067,3417,27.47930351687487,28.18803041865701,2.5142831593975012,87.00755418912514,160.33713288337748,87.55740326540852
cv_targets__combined_risk,ADE_vs_floor,complete,eu-locality-110,5804,26.25535459425329,27.023399686932656,2.8421482921364594,108.78756290007931,257.33139749434275,109.83042543804812
cv_targets__combined_risk,ADE_vs_floor,complete,eu-locality-119,3148,26.648373747785996,26.934654676344703,1.0628720954426463,103.20378997279019,189.99779782669526,103.20378997279019
cv_targets__combined_risk,ADE_vs_floor,complete,eu-locality-124,2077,36.6947760509714,37.29493004175377,1.6092106624425062,166.85994116519117,315.79700044017295,171.59254389597885
cv_targets__combined_risk,ADE_vs_original,all,eu-locality-007,5526,12.80531601706674,12.790129797678958,-0.1187338958087647,43.95122125345763,76.43866311332394,43.95122125345763
cv_targets__combined_risk,ADE_vs_original,all,eu-locality-008,157961,17.040965030746,17.011497276939146,-0.1732225760445072,60.49306545980095,125.75379408815205,60.449353009022296
cv_targets__combined_risk,ADE_vs_original,all,eu-locality-020,1225,6.4122558221323285,6.40833343267221,-0.06120763692039066,20.649557710350873,41.37090371937323,20.649557710350873
cv_targets__combined_risk,ADE_vs_original,all,eu-locality-048,8058,24.71682451664123,24.696571083614916,-0.08200908926887518,84.1261050283079,147.7838648086263,84.1261050283079
cv_targets__combined_risk,ADE_vs_original,all,eu-locality-067,6903,26.958132121026466,26.936399832200536,-0.08068000535079722,88.65184990830237,162.6235251701382,88.5042343006725
cv_targets__combined_risk,ADE_vs_original,all,eu-locality-110,8550,28.51081465626655,28.467057680649077,-0.1537109177504492,114.96035239299536,259.13760229328807,114.96035239299536
cv_targets__combined_risk,ADE_vs_original,all,eu-locality-119,5639,27.469886338621972,27.45935171672333,-0.03836442319293809,108.86756925464853,195.19579909519848,109.99273377845661
cv_targets__combined_risk,ADE_vs_original,all,eu-locality-124,3550,40.72052478505963,40.63456411793265,-0.21154568528778395,179.88453937909637,333.55000293878123,179.88453937909637
cv_targets__combined_risk,ADE_vs_original,easy,eu-locality-007,2133,1.7531243420208538,1.7478873925379084,-0.29961595382534956,4.21520124212863,5.0339673780807646,4.200198112143838
cv_targets__combined_risk,ADE_vs_original,easy,eu-locality-008,52276,2.087459786957043,2.0819531220555842,-0.26449514367652416,4.158964553276054,4.750318542949121,4.148512843168251
cv_targets__combined_risk,ADE_vs_original,easy,eu-locality-020,695,1.6741847064180453,1.6723126715843208,-0.11194287201992115,4.333966156328703,5.284731095304119,4.333966156328703
cv_targets__combined_risk,ADE_vs_original,easy,eu-locality-048,2050,2.045550699861577,2.0443475186139497,-0.05885404691092777,4.207895987767311,4.748427081671313,4.210687426461756
cv_targets__combined_risk,ADE_vs_original,easy,eu-locality-067,1508,2.001448089983688,2.0023677468165393,0.04592846815043572,4.324303976989682,5.334811062517207,4.328427348215871
cv_targets__combined_risk,ADE_vs_original,easy,eu-locality-110,2579,2.0112483548712063,2.0077266466948354,-0.17540775195510339,3.943740886173805,4.54810504257369,3.9370268185757133
cv_targets__combined_risk,ADE_vs_original,easy,eu-locality-119,1658,2.1125942058081866,2.108646922724247,-0.18719507004234526,4.185735542612309,5.903202900920345,4.161233964387031
cv_targets__combined_risk,ADE_vs_original,easy,eu-locality-124,1006,2.246193333258256,2.2412361995342716,-0.22117854981169582,4.154128377050374,4.74090412080723,4.154128377050374
cv_targets__combined_risk,ADE_vs_original,hard,eu-locality-007,1023,38.344175406201934,38.26125521332001,-0.21672104696934813,78.11265794064077,106.93881724198937,78.11265794064077
cv_targets__combined_risk,ADE_vs_original,hard,eu-locality-008,36762,49.14871392653248,49.067824036265506,-0.164853224808148,118.19891867549576,203.52797469295214,118.03601449453157
cv_targets__combined_risk,ADE_vs_original,hard,eu-locality-020,47,36.92354931828993,36.92354931828993,0.0,60.52355224102176,69.16719818649797,60.52355224102176
cv_targets__combined_risk,ADE_vs_original,hard,eu-locality-048,2992,53.080019474439425,53.0442133404735,-0.06750243186020022,120.36511561012493,200.22487872307087,120.02547194053922
cv_targets__combined_risk,ADE_vs_original,hard,eu-locality-067,2806,53.76542274891196,53.72540921157581,-0.07447786424217284,126.83526510006658,198.92434816893777,126.83526510006658
cv_targets__combined_risk,ADE_vs_original,hard,eu-locality-110,2743,74.69920987346067,74.62756943250518,-0.09599728558797871,211.62896236269754,380.35594110435846,211.62896236269754
cv_targets__combined_risk,ADE_vs_original,hard,eu-locality-119,1895,67.43470934698446,67.4266761936971,-0.011913909658378685,172.71391239328824,273.9914452410256,172.71391239328824
cv_targets__combined_risk,ADE_vs_original,hard,eu-locality-124,1362,94.86808446573902,94.67864755457592,-0.20008409082301615,269.89921469355284,435.0646456287289,269.59858359996144
cv_targets__combined_risk,FDE_vs_floor,endpoint,eu-locality-007,3935,27.333368213079982,28.021083104029973,2.4542766187759635,98.51271532146554,169.502019332493,99.74000009835866
cv_targets__combined_risk,FDE_vs_floor,endpoint,eu-locality-008,121088,32.89939379249784,33.623565608115655,2.153762703391049,128.07227739512774,265.3876057390512,128.79015975416985
cv_targets__combined_risk,FDE_vs_floor,endpoint,eu-locality-020,622,14.4287031335986,14.627580582394309,1.3596059011637074,52.375808020598235,102.34943144507893,52.375808020598235
cv_targets__combined_risk,FDE_vs_floor,endpoint,eu-locality-048,5582,52.87549710252418,53.81633147703995,1.7482320862342138,198.29094134341764,332.7626459334079,199.98144871686628
cv_targets__combined_risk,FDE_vs_floor,endpoint,eu-locality-067,4600,57.39009884765592,58.9192547164766,2.595341499445436,192.69391403412456,367.0313156604077,196.65546131977956
cv_targets__combined_risk,FDE_vs_floor,endpoint,eu-locality-110,7204,52.46877340566389,54.21226435414351,3.2160452422540398,231.88289402447333,520.3180099770442,235.26017178763956
cv_targets__combined_risk,FDE_vs_floor,endpoint,eu-locality-119,4147,60.772120024131375,61.43987867856576,1.0868489144125637,247.44070532789618,445.5820913837266,247.02998619753183
cv_targets__combined_risk,FDE_vs_floor,endpoint,eu-locality-124,2645,78.34004560653219,80.00543159398303,2.081591154838658,355.838487144209,706.7772214329127,363.62977622543167
cv_targets__combined_risk,ADE_vs_CV,easy,eu-locality-007,2133,1.7531243420208538,1.8525004364762494,5.364430285610333,4.21520124212863,5.0339673780807646,4.355450553983238
cv_targets__combined_risk,ADE_vs_CV,easy,eu-locality-008,52276,2.087459786957043,2.3343046202023725,10.574662411623436,4.158964553276054,4.750318542949121,4.477191635123733
cv_targets__combined_risk,ADE_vs_CV,easy,eu-locality-020,695,1.6741847064180453,1.6834998531827923,0.5533203194010405,4.333966156328703,5.284731095304119,4.294862621440125
cv_targets__combined_risk,ADE_vs_CV,easy,eu-locality-048,2050,2.045550699861577,2.2919612794697164,10.75107951497115,4.207895987767311,4.748427081671313,4.484449431559784
cv_targets__combined_risk,ADE_vs_CV,easy,eu-locality-067,1508,2.001448089983688,2.126958008841005,5.900911928473295,4.324303976989682,5.334811062517207,4.431771346846858
cv_targets__combined_risk,ADE_vs_CV,easy,eu-locality-110,2579,2.0112483548712063,2.356118809479549,14.637226833417728,3.943740886173805,4.54810504257369,4.476255197977273
cv_targets__combined_risk,ADE_vs_CV,easy,eu-locality-119,1658,2.1125942058081866,2.3455260977767742,9.93090173626181,4.185735542612309,5.903202900920345,4.423775218674889
cv_targets__combined_risk,ADE_vs_CV,easy,eu-locality-124,1006,2.246193333258256,2.5758364727079335,12.797518124398987,4.154128377050374,4.74090412080723,4.529853536161329
cv_targets__combined_random,ADE_vs_floor,all,eu-locality-007,5526,12.79477197793098,13.03007789912518,1.805867340286571,43.95122125345763,76.43866311332394,44.69396378264957
cv_targets__combined_random,ADE_vs_floor,all,eu-locality-008,157961,17.03016912690403,17.303707458293164,1.5808076508946889,60.48369281086715,125.7822871150029,60.851472194022485
cv_targets__combined_random,ADE_vs_floor,all,eu-locality-020,1225,6.4122558221323285,6.465710721017629,0.8267443625576743,20.649557710350873,41.37090371937323,20.649557710350873
cv_targets__combined_random,ADE_vs_floor,all,eu-locality-048,8058,24.70329560809372,25.081786899115574,1.5090284139014143,84.1261050283079,147.49292963797856,84.94302472678147
cv_targets__combined_random,ADE_vs_floor,all,eu-locality-067,6903,26.954685446385223,27.46038603063451,1.841564003088425,88.65184990830237,162.6235251701382,89.6517956862803
cv_targets__combined_random,ADE_vs_floor,all,eu-locality-110,8550,28.551971138444127,29.15799863842907,2.0784262579195745,115.2482965936183,259.95968966626083,117.19208997565195
cv_targets__combined_random,ADE_vs_floor,all,eu-locality-119,5639,27.469103376770075,27.707160085187788,0.8591884108143488,109.99273377845661,195.19579909519848,110.34400428139483
cv_targets__combined_random,ADE_vs_floor,all,eu-locality-124,3550,40.71611960333945,41.28618629430454,1.3807685866198183,180.44841436942855,333.55000293878123,182.70620705979104
cv_targets__combined_random,ADE_vs_floor,easy,eu-locality-007,2133,1.7515881677233318,1.8208803442437398,3.8054217422609837,4.21520124212863,5.0339673780807646,4.231677560310645
cv_targets__combined_random,ADE_vs_floor,easy,eu-locality-008,52276,2.0896497044019693,2.243755079189184,6.868190571089561,4.160009119056777,4.751791049292883,4.269920362702182
cv_targets__combined_random,ADE_vs_floor,easy,eu-locality-020,695,1.6741847064180453,1.7041860561795545,1.7604503717608355,4.333966156328703,5.284731095304119,4.333966156328703
cv_targets__combined_random,ADE_vs_floor,easy,eu-locality-048,2050,2.0469524131750445,2.1853076350211285,6.331155377341013,4.210687426461756,4.757055109542503,4.279426052271072
cv_targets__combined_random,ADE_vs_floor,easy,eu-locality-067,1508,2.003209515584664,2.0760134319354244,3.5069096967685343,4.326646187803056,5.334811062517207,4.333274063846627
cv_targets__combined_random,ADE_vs_floor,easy,eu-locality-110,2579,2.0160159968818716,2.212478061615281,8.879729392208146,3.958328177433865,4.560634953159135,4.203897765463916
cv_targets__combined_random,ADE_vs_floor,easy,eu-locality-119,1658,2.115111803689547,2.2702471919597778,6.833413948034039,4.185735542612309,5.903202900920345,4.2442330009580065
cv_targets__combined_random,ADE_vs_floor,easy,eu-locality-124,1006,2.2522028506902685,2.445639210289273,7.909439740137492,4.192845519556216,4.740170764217352,4.3295911457613965
cv_targets__combined_random,ADE_vs_floor,hard,eu-locality-007,1023,38.2927210993177,39.29723477145136,2.5561942919795855,78.11265794064077,106.93881724198937,79.09141428093004
cv_targets__combined_random,ADE_vs_floor,hard,eu-locality-008,36762,49.115234429370474,49.6651159299373,1.1071785301831283,118.27853647420726,203.90526380449805,119.6000434566927
cv_targets__combined_random,ADE_vs_floor,hard,eu-locality-020,47,36.92354931828993,36.92354931828993,0.0,60.52355224102176,69.16719818649797,60.52355224102176
cv_targets__combined_random,ADE_vs_floor,hard,eu-locality-048,2992,53.05202602935635,53.792738563058535,1.3769749477132276,120.02547194053922,200.22487872307087,122.60258245083135
cv_targets__combined_random,ADE_vs_floor,hard,eu-locality-067,2806,53.75772369134573,54.910481269926386,2.0993397834449534,126.83526510006658,198.92434816893777,127.36920960317892
cv_targets__combined_random,ADE_vs_floor,hard,eu-locality-110,2743,74.86112163341376,75.97472072201377,1.4657494993296383,211.62896236269754,390.73231584687846,216.0693714569461
cv_targets__combined_random,ADE_vs_floor,hard,eu-locality-119,1895,67.43868297409807,67.75657981295986,0.4691748605660573,172.71391239328824,273.9914452410256,172.71391239328824
cv_targets__combined_random,ADE_vs_floor,hard,eu-locality-124,1362,94.8652638469889,95.90581572544342,1.084972658418737,269.89921469355284,435.0646456287289,274.4684238324386
cv_targets__combined_random,ADE_vs_floor,complete,eu-locality-007,2882,12.650246995759602,13.000634704824002,2.6951584827961117,45.27194094497051,76.86890219592341,46.10523368271999
cv_targets__combined_random,ADE_vs_floor,complete,eu-locality-008,97352,15.290372758003942,15.598244315124525,1.9737577569679532,55.64762965818929,113.88216559725038,55.94798986313879
cv_targets__combined_random,ADE_vs_floor,complete,eu-locality-020,364,6.829184372684677,6.916345990279542,1.260226392915631,22.682718227503177,49.70629992513765,22.682718227503177
cv_targets__combined_random,ADE_vs_floor,complete,eu-locality-048,4716,24.311737253581008,24.73400441013314,1.7072332872195006,86.55480133029045,146.93892931170916,87.79424185591918
cv_targets__combined_random,ADE_vs_floor,complete,eu-locality-067,3417,27.46666272031691,28.18803041865701,2.559127713522835,87.00755418912514,160.33713288337748,87.55740326540852
cv_targets__combined_random,ADE_vs_floor,complete,eu-locality-110,5804,26.29259350531504,27.023399686932656,2.704345826520871,108.78756290007931,258.59759067080574,109.83042543804812
cv_targets__combined_random,ADE_vs_floor,complete,eu-locality-119,3148,26.63250468348877,26.934654676344703,1.1217889981760099,103.20378997279019,189.99779782669526,103.20378997279019
cv_targets__combined_random,ADE_vs_floor,complete,eu-locality-124,2077,36.68783082295415,37.29493004175377,1.6278331079316755,166.85994116519117,315.79700044017295,171.59254389597885
cv_targets__combined_random,ADE_vs_original,all,eu-locality-007,5526,12.79477197793098,12.790129797678958,-0.03629502065618517,43.95122125345763,76.43866311332394,43.95122125345763
cv_targets__combined_random,ADE_vs_original,all,eu-locality-008,157961,17.03016912690403,17.011497276939146,-0.10976017960628859,60.48369281086715,125.7822871150029,60.449353009022296
cv_targets__combined_random,ADE_vs_original,all,eu-locality-020,1225,6.4122558221323285,6.40833343267221,-0.06120763692039066,20.649557710350873,41.37090371937323,20.649557710350873
cv_targets__combined_random,ADE_vs_original,all,eu-locality-048,8058,24.70329560809372,24.696571083614916,-0.02722857540033985,84.1261050283079,147.49292963797856,84.1261050283079
cv_targets__combined_random,ADE_vs_original,all,eu-locality-067,6903,26.954685446385223,26.936399832200536,-0.06788440288456599,88.65184990830237,162.6235251701382,88.5042343006725
cv_targets__combined_random,ADE_vs_original,all,eu-locality-110,8550,28.551971138444127,28.467057680649077,-0.2982867381224663,115.2482965936183,259.95968966626083,114.96035239299536
cv_targets__combined_random,ADE_vs_original,all,eu-locality-119,5639,27.469103376770075,27.45935171672333,-0.035513074552318,109.99273377845661,195.19579909519848,109.99273377845661
cv_targets__combined_random,ADE_vs_original,all,eu-locality-124,3550,40.71611960333945,40.63456411793265,-0.20070471328326178,180.44841436942855,333.55000293878123,179.88453937909637
cv_targets__combined_random,ADE_vs_original,easy,eu-locality-007,2133,1.7515881677233318,1.7478873925379084,-0.21172846724697436,4.21520124212863,5.0339673780807646,4.200198112143838
cv_targets__combined_random,ADE_vs_original,easy,eu-locality-008,52276,2.0896497044019693,2.0819531220555842,-0.36968086672315437,4.160009119056777,4.751791049292883,4.148512843168251
cv_targets__combined_random,ADE_vs_original,easy,eu-locality-020,695,1.6741847064180453,1.6723126715843208,-0.11194287201992115,4.333966156328703,5.284731095304119,4.333966156328703
cv_targets__combined_random,ADE_vs_original,easy,eu-locality-048,2050,2.0469524131750445,2.0443475186139497,-0.1274193617952335,4.210687426461756,4.757055109542503,4.210687426461756
cv_targets__combined_random,ADE_vs_original,easy,eu-locality-067,1508,2.003209515584664,2.0023677468165393,-0.042038669942767726,4.326646187803056,5.334811062517207,4.328427348215871
cv_targets__combined_random,ADE_vs_original,easy,eu-locality-110,2579,2.0160159968818716,2.0077266466948354,-0.4128724495778613,3.958328177433865,4.560634953159135,3.9370268185757133
cv_targets__combined_random,ADE_vs_original,easy,eu-locality-119,1658,2.115111803689547,2.108646922724247,-0.306589068830343,4.185735542612309,5.903202900920345,4.161233964387031
cv_targets__combined_random,ADE_vs_original,easy,eu-locality-124,1006,2.2522028506902685,2.2412361995342716,-0.48931260160245404,4.192845519556216,4.740170764217352,4.154128377050374
cv_targets__combined_random,ADE_vs_original,hard,eu-locality-007,1023,38.2927210993177,38.26125521332001,-0.08223955492900892,78.11265794064077,106.93881724198937,78.11265794064077
cv_targets__combined_random,ADE_vs_original,hard,eu-locality-008,36762,49.115234429370474,49.067824036265506,-0.09662216337518181,118.27853647420726,203.90526380449805,118.03601449453157
cv_targets__combined_random,ADE_vs_original,hard,eu-locality-020,47,36.92354931828993,36.92354931828993,0.0,60.52355224102176,69.16719818649797,60.52355224102176
cv_targets__combined_random,ADE_vs_original,hard,eu-locality-048,2992,53.05202602935635,53.0442133404735,-0.014728635586891414,120.02547194053922,200.22487872307087,120.02547194053922
cv_targets__combined_random,ADE_vs_original,hard,eu-locality-067,2806,53.75772369134573,53.72540921157581,-0.060147480017636035,126.83526510006658,198.92434816893777,126.83526510006658
cv_targets__combined_random,ADE_vs_original,hard,eu-locality-110,2743,74.86112163341376,74.62756943250518,-0.3129569979092084,211.62896236269754,390.73231584687846,211.62896236269754
cv_targets__combined_random,ADE_vs_original,hard,eu-locality-119,1895,67.43868297409807,67.4266761936971,-0.017807166360195303,172.71391239328824,273.9914452410256,172.71391239328824
cv_targets__combined_random,ADE_vs_original,hard,eu-locality-124,1362,94.8652638469889,94.67864755457592,-0.19710494101154996,269.89921469355284,435.0646456287289,269.59858359996144
cv_targets__combined_random,FDE_vs_floor,endpoint,eu-locality-007,3935,27.29689866918847,28.021083104029973,2.584426990751665,98.13709836423327,169.502019332493,99.74000009835866
cv_targets__combined_random,FDE_vs_floor,endpoint,eu-locality-008,121088,32.869649785429225,33.623565608115655,2.242224490624689,128.00724572652743,265.3571552539484,128.79015975416985
cv_targets__combined_random,FDE_vs_floor,endpoint,eu-locality-020,622,14.4287031335986,14.627580582394309,1.3596059011637074,52.375808020598235,102.34943144507893,52.375808020598235
cv_targets__combined_random,FDE_vs_floor,endpoint,eu-locality-048,5582,52.840932390590446,53.81633147703995,1.812459265949129,197.67135003282542,332.7626459334079,199.98144871686628
cv_targets__combined_random,FDE_vs_floor,endpoint,eu-locality-067,4600,57.38417847759733,58.9192547164766,2.6053897766802336,192.69391403412456,367.0313156604077,196.65546131977956
cv_targets__combined_random,FDE_vs_floor,endpoint,eu-locality-110,7204,52.5215432325244,54.21226435414351,3.1187059639759984,232.45823289264987,522.1553550339783,235.26017178763956
cv_targets__combined_random,FDE_vs_floor,endpoint,eu-locality-119,4147,60.7404883164672,61.43987867856576,1.138332915267548,247.44070532789618,445.5820913837266,247.02998619753183
cv_targets__combined_random,FDE_vs_floor,endpoint,eu-locality-124,2645,78.35550358462284,80.00543159398303,2.062269994034105,356.644407281851,705.8490395871898,363.62977622543167
cv_targets__combined_random,ADE_vs_CV,easy,eu-locality-007,2133,1.7515881677233318,1.8525004364762494,5.447354654602332,4.21520124212863,5.0339673780807646,4.355450553983238
cv_targets__combined_random,ADE_vs_CV,easy,eu-locality-008,52276,2.0896497044019693,2.3343046202023725,10.480847858630927,4.160009119056777,4.751791049292883,4.477191635123733
cv_targets__combined_random,ADE_vs_CV,easy,eu-locality-020,695,1.6741847064180453,1.6834998531827923,0.5533203194010405,4.333966156328703,5.284731095304119,4.294862621440125
cv_targets__combined_random,ADE_vs_CV,easy,eu-locality-048,2050,2.0469524131750445,2.2919612794697164,10.68992170545563,4.210687426461756,4.757055109542503,4.484449431559784
cv_targets__combined_random,ADE_vs_CV,easy,eu-locality-067,1508,2.003209515584664,2.126958008841005,5.818097618380936,4.326646187803056,5.334811062517207,4.431771346846858
cv_targets__combined_random,ADE_vs_CV,easy,eu-locality-110,2579,2.0160159968818716,2.356118809479549,14.434875322471708,3.958328177433865,4.560634953159135,4.476255197977273
cv_targets__combined_random,ADE_vs_CV,easy,eu-locality-119,1658,2.115111803689547,2.3455260977767742,9.823565566191196,4.185735542612309,5.903202900920345,4.423775218674889
cv_targets__combined_random,ADE_vs_CV,easy,eu-locality-124,1006,2.2522028506902685,2.5758364727079335,12.564214593849366,4.192845519556216,4.740170764217352,4.529853536161329
floor_both__original,ADE_vs_floor,all,eu-locality-007,5526,12.822978122988419,13.03007789912518,1.5893978358384575,44.03919063744113,76.43866311332394,44.69396378264957
floor_both__original,ADE_vs_floor,all,eu-locality-008,157961,17.074451273007295,17.303707458293164,1.3248963312541107,60.60769056489148,126.21567141497883,60.851472194022485
floor_both__original,ADE_vs_floor,all,eu-locality-020,1225,6.413161884786122,6.465710721017629,0.8127310128597354,20.840106881217874,41.37090371937323,20.649557710350873
floor_both__original,ADE_vs_floor,all,eu-locality-048,8058,24.876969483250214,25.081786899115574,0.8165981821358304,84.58564324825383,149.41133462060048,84.94302472678147
floor_both__original,ADE_vs_floor,all,eu-locality-067,6903,27.198696423377903,27.46038603063451,0.9529713346515534,88.92690474713947,162.6235251701382,89.6517956862803
floor_both__original,ADE_vs_floor,all,eu-locality-110,8550,28.671522275683127,29.15799863842907,1.6684147934103666,115.8374534339325,259.95968966626083,117.19208997565195
floor_both__original,ADE_vs_floor,all,eu-locality-119,5639,27.556481177890173,27.707160085187788,0.5438266023451654,110.34400428139483,195.19579909519848,110.34400428139483
floor_both__original,ADE_vs_floor,all,eu-locality-124,3550,40.82779999213906,41.28618629430454,1.1102655471685319,180.44841436942855,334.5241333078915,182.70620705979104
floor_both__original,ADE_vs_floor,easy,eu-locality-007,2133,1.7496705130532437,1.8208803442437398,3.910736442161522,4.200198112143838,4.850593696500727,4.231677560310645
floor_both__original,ADE_vs_floor,easy,eu-locality-008,52276,2.101565003704113,2.243755079189184,6.33714779317418,4.167812125995798,4.73864838823073,4.269920362702182
floor_both__original,ADE_vs_floor,easy,eu-locality-020,695,1.6799259509989088,1.7041860561795545,1.423559657273099,4.347720547838401,6.376550887893464,4.333966156328703
floor_both__original,ADE_vs_floor,easy,eu-locality-048,2050,2.0619545929776995,2.1853076350211285,5.644653414769052,4.210687426461756,4.748427081671313,4.279426052271072
floor_both__original,ADE_vs_floor,easy,eu-locality-067,1508,2.0159702879674635,2.0760134319354244,2.892232923174487,4.317351028176637,4.8492954635048875,4.333274063846627
floor_both__original,ADE_vs_floor,easy,eu-locality-110,2579,2.036358405509314,2.212478061615281,7.960289376943508,4.000881404249527,4.560634953159135,4.203897765463916
floor_both__original,ADE_vs_floor,easy,eu-locality-119,1658,2.1238292972798116,2.2702471919597778,6.449425207903092,4.161233964387031,5.903202900920345,4.2442330009580065
floor_both__original,ADE_vs_floor,easy,eu-locality-124,1006,2.2688965272650763,2.445639210289273,7.226850235333416,4.175611238101195,4.74090412080723,4.3295911457613965
floor_both__original,ADE_vs_floor,hard,eu-locality-007,1023,38.558057102182765,39.29723477145136,1.8809915597562399,78.11265794064077,106.93881724198937,79.09141428093004
floor_both__original,ADE_vs_floor,hard,eu-locality-008,36762,49.29287555538899,49.6651159299373,0.7495006657659564,118.48734126039592,203.52797469295214,119.6000434566927
floor_both__original,ADE_vs_floor,hard,eu-locality-020,47,36.92354931828993,36.92354931828993,0.0,60.52355224102176,69.16719818649797,60.52355224102176
floor_both__original,ADE_vs_floor,hard,eu-locality-048,2992,53.49984173495825,53.792738563058535,0.5444913866151868,122.13867576602802,202.79147183299347,122.60258245083135
floor_both__original,ADE_vs_floor,hard,eu-locality-067,2806,54.40462888289575,54.910481269926386,0.9212310206206165,127.36920960317892,198.92434816893777,127.36920960317892
floor_both__original,ADE_vs_floor,hard,eu-locality-110,2743,75.08751911306501,75.97472072201377,1.1677589605034067,211.62896236269754,380.35594110435846,216.0693714569461
floor_both__original,ADE_vs_floor,hard,eu-locality-119,1895,67.61649407686099,67.75657981295986,0.20674853495493695,172.71391239328824,273.9914452410256,172.71391239328824
floor_both__original,ADE_vs_floor,hard,eu-locality-124,1362,95.1002806791742,95.90581572544342,0.8399230434317784,271.3821345043969,435.0646456287289,274.4684238324386
floor_both__original,ADE_vs_floor,complete,eu-locality-007,2882,12.722841252316353,13.000634704824002,2.136768387197052,45.361713629556604,76.86890219592341,46.10523368271999
floor_both__original,ADE_vs_floor,complete,eu-locality-008,97352,15.3378673931595,15.598244315124525,1.6692706993475914,55.811831026399446,114.02385448093194,55.94798986313879
floor_both__original,ADE_vs_floor,complete,eu-locality-020,364,6.830013292757335,6.916345990279542,1.248241450666887,22.682718227503177,49.70629992513765,22.682718227503177
floor_both__original,ADE_vs_floor,complete,eu-locality-048,4716,24.478597842035864,24.73400441013314,1.0326130935459754,87.4297223139065,150.53843627794993,87.79424185591918
floor_both__original,ADE_vs_floor,complete,eu-locality-067,3417,27.869725559458626,28.18803041865701,1.1292199365149913,87.55740326540852,160.33713288337748,87.55740326540852
floor_both__original,ADE_vs_floor,complete,eu-locality-110,5804,26.45986243269001,27.023399686932656,2.085367721201814,109.10545060557648,257.33139749434275,109.83042543804812
floor_both__original,ADE_vs_floor,complete,eu-locality-119,3148,26.74559721334664,26.934654676344703,0.7019115903650341,103.39939289346599,189.99779782669526,103.20378997279019
floor_both__original,ADE_vs_floor,complete,eu-locality-124,2077,36.78896997323365,37.29493004175377,1.3566457101640172,168.5167299033246,315.79700044017295,171.59254389597885
floor_both__original,ADE_vs_original,all,eu-locality-007,5526,12.822978122988419,12.822978122988419,0.0,44.03919063744113,76.43866311332394,44.03919063744113
floor_both__original,ADE_vs_original,all,eu-locality-008,157961,17.074451273007295,17.074451273007295,0.0,60.60769056489148,126.21567141497883,60.60769056489148
floor_both__original,ADE_vs_original,all,eu-locality-020,1225,6.413161884786122,6.413161884786122,0.0,20.840106881217874,41.37090371937323,20.840106881217874
floor_both__original,ADE_vs_original,all,eu-locality-048,8058,24.876969483250214,24.876969483250214,0.0,84.58564324825383,149.41133462060048,84.58564324825383
floor_both__original,ADE_vs_original,all,eu-locality-067,6903,27.198696423377903,27.198696423377903,0.0,88.92690474713947,162.6235251701382,88.92690474713947
floor_both__original,ADE_vs_original,all,eu-locality-110,8550,28.671522275683127,28.671522275683127,0.0,115.8374534339325,259.95968966626083,115.8374534339325
floor_both__original,ADE_vs_original,all,eu-locality-119,5639,27.556481177890173,27.556481177890173,0.0,110.34400428139483,195.19579909519848,110.34400428139483
floor_both__original,ADE_vs_original,all,eu-locality-124,3550,40.82779999213906,40.82779999213906,0.0,180.44841436942855,334.5241333078915,180.44841436942855
floor_both__original,ADE_vs_original,easy,eu-locality-007,2133,1.7496705130532437,1.7496705130532437,0.0,4.200198112143838,4.850593696500727,4.200198112143838
floor_both__original,ADE_vs_original,easy,eu-locality-008,52276,2.101565003704113,2.101565003704113,0.0,4.167812125995798,4.73864838823073,4.167812125995798
floor_both__original,ADE_vs_original,easy,eu-locality-020,695,1.6799259509989088,1.6799259509989088,0.0,4.347720547838401,6.376550887893464,4.347720547838401
floor_both__original,ADE_vs_original,easy,eu-locality-048,2050,2.0619545929776995,2.0619545929776995,0.0,4.210687426461756,4.748427081671313,4.210687426461756
floor_both__original,ADE_vs_original,easy,eu-locality-067,1508,2.0159702879674635,2.0159702879674635,0.0,4.317351028176637,4.8492954635048875,4.317351028176637
floor_both__original,ADE_vs_original,easy,eu-locality-110,2579,2.036358405509314,2.036358405509314,0.0,4.000881404249527,4.560634953159135,4.000881404249527
floor_both__original,ADE_vs_original,easy,eu-locality-119,1658,2.1238292972798116,2.1238292972798116,0.0,4.161233964387031,5.903202900920345,4.161233964387031
floor_both__original,ADE_vs_original,easy,eu-locality-124,1006,2.2688965272650763,2.2688965272650763,0.0,4.175611238101195,4.74090412080723,4.175611238101195
floor_both__original,ADE_vs_original,hard,eu-locality-007,1023,38.558057102182765,38.558057102182765,0.0,78.11265794064077,106.93881724198937,78.11265794064077
floor_both__original,ADE_vs_original,hard,eu-locality-008,36762,49.29287555538899,49.29287555538899,0.0,118.48734126039592,203.52797469295214,118.48734126039592
floor_both__original,ADE_vs_original,hard,eu-locality-020,47,36.92354931828993,36.92354931828993,0.0,60.52355224102176,69.16719818649797,60.52355224102176
floor_both__original,ADE_vs_original,hard,eu-locality-048,2992,53.49984173495825,53.49984173495825,0.0,122.13867576602802,202.79147183299347,122.13867576602802
floor_both__original,ADE_vs_original,hard,eu-locality-067,2806,54.40462888289575,54.40462888289575,0.0,127.36920960317892,198.92434816893777,127.36920960317892
floor_both__original,ADE_vs_original,hard,eu-locality-110,2743,75.08751911306501,75.08751911306501,0.0,211.62896236269754,380.35594110435846,211.62896236269754
floor_both__original,ADE_vs_original,hard,eu-locality-119,1895,67.61649407686099,67.61649407686099,0.0,172.71391239328824,273.9914452410256,172.71391239328824
floor_both__original,ADE_vs_original,hard,eu-locality-124,1362,95.1002806791742,95.1002806791742,0.0,271.3821345043969,435.0646456287289,271.3821345043969
floor_both__original,FDE_vs_floor,endpoint,eu-locality-007,3935,27.37806456041397,28.021083104029973,2.294766912573498,98.75674920244208,170.8952492395845,99.74000009835866
floor_both__original,FDE_vs_floor,endpoint,eu-locality-008,121088,32.973279872601225,33.623565608115655,1.934017775192387,128.15027581282186,265.3571552539484,128.79015975416985
floor_both__original,FDE_vs_floor,endpoint,eu-locality-020,622,14.444886471219059,14.627580582394309,1.2489701228864836,52.375808020598235,102.34943144507893,52.375808020598235
floor_both__original,FDE_vs_floor,endpoint,eu-locality-048,5582,53.235748592209895,53.81633147703995,1.0788228571056657,199.35238083131281,335.7568772699859,199.98144871686628
floor_both__original,FDE_vs_floor,endpoint,eu-locality-067,4600,58.15401179403511,58.9192547164766,1.2987993927009,195.84787627467875,367.0313156604077,196.65546131977956
floor_both__original,FDE_vs_floor,endpoint,eu-locality-110,7204,52.923811869922766,54.21226435414351,2.3766808111977733,232.72997932481658,522.1553550339783,235.26017178763956
floor_both__original,FDE_vs_floor,endpoint,eu-locality-119,4147,61.01533659046493,61.43987867856576,0.690987835965462,247.74174405968162,445.5820913837266,247.02998619753183
floor_both__original,FDE_vs_floor,endpoint,eu-locality-124,2645,78.6942394132449,80.00543159398303,1.638878954359324,358.33466421881184,706.7772214329127,363.62977622543167
floor_both__original,ADE_vs_CV,easy,eu-locality-007,2133,1.7496705130532437,1.8525004364762494,5.550871751404529,4.200198112143838,4.850593696500727,4.355450553983238
floor_both__original,ADE_vs_CV,easy,eu-locality-008,52276,2.101565003704113,2.3343046202023725,9.970404654302667,4.167812125995798,4.73864838823073,4.477191635123733
floor_both__original,ADE_vs_CV,easy,eu-locality-020,695,1.6799259509989088,1.6834998531827923,0.21229002052638446,4.347720547838401,6.376550887893464,4.294862621440125
floor_both__original,ADE_vs_CV,easy,eu-locality-048,2050,2.0619545929776995,2.2919612794697164,10.035365280919272,4.210687426461756,4.748427081671313,4.484449431559784
floor_both__original,ADE_vs_CV,easy,eu-locality-067,1508,2.0159702879674635,2.126958008841005,5.218143490008043,4.317351028176637,4.8492954635048875,4.431771346846858
floor_both__original,ADE_vs_CV,easy,eu-locality-110,2579,2.036358405509314,2.356118809479549,13.571488953940658,4.000881404249527,4.560634953159135,4.476255197977273
floor_both__original,ADE_vs_CV,easy,eu-locality-119,1658,2.1238292972798116,2.3455260977767742,9.451900821188886,4.161233964387031,5.903202900920345,4.423775218674889
floor_both__original,ADE_vs_CV,easy,eu-locality-124,1006,2.2688965272650763,2.5758364727079335,11.91612700165614,4.175611238101195,4.74090412080723,4.529853536161329
floor_both__stop,ADE_vs_floor,all,eu-locality-007,5526,12.822978122988419,13.03007789912518,1.5893978358384575,44.03919063744113,76.43866311332394,44.69396378264957
floor_both__stop,ADE_vs_floor,all,eu-locality-008,157961,17.07445639425319,17.303707458293164,1.32486673501927,60.60769056489148,126.21567141497883,60.851472194022485
floor_both__stop,ADE_vs_floor,all,eu-locality-020,1225,6.413161884786122,6.465710721017629,0.8127310128597354,20.840106881217874,41.37090371937323,20.649557710350873
floor_both__stop,ADE_vs_floor,all,eu-locality-048,8058,24.876969483250214,25.081786899115574,0.8165981821358304,84.58564324825383,149.41133462060048,84.94302472678147
floor_both__stop,ADE_vs_floor,all,eu-locality-067,6903,27.198696423377903,27.46038603063451,0.9529713346515534,88.92690474713947,162.6235251701382,89.6517956862803
floor_both__stop,ADE_vs_floor,all,eu-locality-110,8550,28.671522275683127,29.15799863842907,1.6684147934103666,115.8374534339325,259.95968966626083,117.19208997565195
floor_both__stop,ADE_vs_floor,all,eu-locality-119,5639,27.556481177890173,27.707160085187788,0.5438266023451654,110.34400428139483,195.19579909519848,110.34400428139483
floor_both__stop,ADE_vs_floor,all,eu-locality-124,3550,40.82779999213906,41.28618629430454,1.1102655471685319,180.44841436942855,334.5241333078915,182.70620705979104
floor_both__stop,ADE_vs_floor,easy,eu-locality-007,2133,1.7496705130532437,1.8208803442437398,3.910736442161522,4.200198112143838,4.850593696500727,4.231677560310645
floor_both__stop,ADE_vs_floor,easy,eu-locality-008,52276,2.1015687308632263,2.243755079189184,6.336981680609222,4.167812125995798,4.738035289614244,4.269920362702182
floor_both__stop,ADE_vs_floor,easy,eu-locality-020,695,1.6799259509989088,1.7041860561795545,1.423559657273099,4.347720547838401,6.376550887893464,4.333966156328703
floor_both__stop,ADE_vs_floor,easy,eu-locality-048,2050,2.0619545929776995,2.1853076350211285,5.644653414769052,4.210687426461756,4.748427081671313,4.279426052271072
floor_both__stop,ADE_vs_floor,easy,eu-locality-067,1508,2.0159702879674635,2.0760134319354244,2.892232923174487,4.317351028176637,4.8492954635048875,4.333274063846627
floor_both__stop,ADE_vs_floor,easy,eu-locality-110,2579,2.036358405509314,2.212478061615281,7.960289376943508,4.000881404249527,4.560634953159135,4.203897765463916
floor_both__stop,ADE_vs_floor,easy,eu-locality-119,1658,2.1238292972798116,2.2702471919597778,6.449425207903092,4.161233964387031,5.903202900920345,4.2442330009580065
floor_both__stop,ADE_vs_floor,easy,eu-locality-124,1006,2.2688965272650763,2.445639210289273,7.226850235333416,4.175611238101195,4.74090412080723,4.3295911457613965
floor_both__stop,ADE_vs_floor,hard,eu-locality-007,1023,38.558057102182765,39.29723477145136,1.8809915597562399,78.11265794064077,106.93881724198937,79.09141428093004
floor_both__stop,ADE_vs_floor,hard,eu-locality-008,36762,49.2928804664928,49.6651159299373,0.7494907773287318,118.48734126039592,203.52797469295214,119.6000434566927
floor_both__stop,ADE_vs_floor,hard,eu-locality-020,47,36.92354931828993,36.92354931828993,0.0,60.52355224102176,69.16719818649797,60.52355224102176
floor_both__stop,ADE_vs_floor,hard,eu-locality-048,2992,53.49984173495825,53.792738563058535,0.5444913866151868,122.13867576602802,202.79147183299347,122.60258245083135
floor_both__stop,ADE_vs_floor,hard,eu-locality-067,2806,54.40462888289575,54.910481269926386,0.9212310206206165,127.36920960317892,198.92434816893777,127.36920960317892
floor_both__stop,ADE_vs_floor,hard,eu-locality-110,2743,75.08751911306501,75.97472072201377,1.1677589605034067,211.62896236269754,380.35594110435846,216.0693714569461
floor_both__stop,ADE_vs_floor,hard,eu-locality-119,1895,67.61649407686099,67.75657981295986,0.20674853495493695,172.71391239328824,273.9914452410256,172.71391239328824
floor_both__stop,ADE_vs_floor,hard,eu-locality-124,1362,95.1002806791742,95.90581572544342,0.8399230434317784,271.3821345043969,435.0646456287289,274.4684238324386
floor_both__stop,ADE_vs_floor,complete,eu-locality-007,2882,12.722841252316353,13.000634704824002,2.136768387197052,45.361713629556604,76.86890219592341,46.10523368271999
floor_both__stop,ADE_vs_floor,complete,eu-locality-008,97352,15.337871400700555,15.598244315124525,1.6692450070903475,55.811831026399446,114.02385448093194,55.94798986313879
floor_both__stop,ADE_vs_floor,complete,eu-locality-020,364,6.830013292757335,6.916345990279542,1.248241450666887,22.682718227503177,49.70629992513765,22.682718227503177
floor_both__stop,ADE_vs_floor,complete,eu-locality-048,4716,24.478597842035864,24.73400441013314,1.0326130935459754,87.4297223139065,150.53843627794993,87.79424185591918
floor_both__stop,ADE_vs_floor,complete,eu-locality-067,3417,27.869725559458626,28.18803041865701,1.1292199365149913,87.55740326540852,160.33713288337748,87.55740326540852
floor_both__stop,ADE_vs_floor,complete,eu-locality-110,5804,26.45986243269001,27.023399686932656,2.085367721201814,109.10545060557648,257.33139749434275,109.83042543804812
floor_both__stop,ADE_vs_floor,complete,eu-locality-119,3148,26.74559721334664,26.934654676344703,0.7019115903650341,103.39939289346599,189.99779782669526,103.20378997279019
floor_both__stop,ADE_vs_floor,complete,eu-locality-124,2077,36.78896997323365,37.29493004175377,1.3566457101640172,168.5167299033246,315.79700044017295,171.59254389597885
floor_both__stop,ADE_vs_original,all,eu-locality-007,5526,12.822978122988419,12.822978122988419,0.0,44.03919063744113,76.43866311332394,44.03919063744113
floor_both__stop,ADE_vs_original,all,eu-locality-008,157961,17.07445639425319,17.074451273007295,-2.9993619188317666e-05,60.60769056489148,126.21567141497883,60.60769056489148
floor_both__stop,ADE_vs_original,all,eu-locality-020,1225,6.413161884786122,6.413161884786122,0.0,20.840106881217874,41.37090371937323,20.840106881217874
floor_both__stop,ADE_vs_original,all,eu-locality-048,8058,24.876969483250214,24.876969483250214,0.0,84.58564324825383,149.41133462060048,84.58564324825383
floor_both__stop,ADE_vs_original,all,eu-locality-067,6903,27.198696423377903,27.198696423377903,0.0,88.92690474713947,162.6235251701382,88.92690474713947
floor_both__stop,ADE_vs_original,all,eu-locality-110,8550,28.671522275683127,28.671522275683127,0.0,115.8374534339325,259.95968966626083,115.8374534339325
floor_both__stop,ADE_vs_original,all,eu-locality-119,5639,27.556481177890173,27.556481177890173,0.0,110.34400428139483,195.19579909519848,110.34400428139483
floor_both__stop,ADE_vs_original,all,eu-locality-124,3550,40.82779999213906,40.82779999213906,0.0,180.44841436942855,334.5241333078915,180.44841436942855
floor_both__stop,ADE_vs_original,easy,eu-locality-007,2133,1.7496705130532437,1.7496705130532437,0.0,4.200198112143838,4.850593696500727,4.200198112143838
floor_both__stop,ADE_vs_original,easy,eu-locality-008,52276,2.1015687308632263,2.101565003704113,-0.00017735159782983345,4.167812125995798,4.738035289614244,4.167812125995798
floor_both__stop,ADE_vs_original,easy,eu-locality-020,695,1.6799259509989088,1.6799259509989088,0.0,4.347720547838401,6.376550887893464,4.347720547838401
floor_both__stop,ADE_vs_original,easy,eu-locality-048,2050,2.0619545929776995,2.0619545929776995,0.0,4.210687426461756,4.748427081671313,4.210687426461756
floor_both__stop,ADE_vs_original,easy,eu-locality-067,1508,2.0159702879674635,2.0159702879674635,0.0,4.317351028176637,4.8492954635048875,4.317351028176637
floor_both__stop,ADE_vs_original,easy,eu-locality-110,2579,2.036358405509314,2.036358405509314,0.0,4.000881404249527,4.560634953159135,4.000881404249527
floor_both__stop,ADE_vs_original,easy,eu-locality-119,1658,2.1238292972798116,2.1238292972798116,0.0,4.161233964387031,5.903202900920345,4.161233964387031
floor_both__stop,ADE_vs_original,easy,eu-locality-124,1006,2.2688965272650763,2.2688965272650763,0.0,4.175611238101195,4.74090412080723,4.175611238101195
floor_both__stop,ADE_vs_original,hard,eu-locality-007,1023,38.558057102182765,38.558057102182765,0.0,78.11265794064077,106.93881724198937,78.11265794064077
floor_both__stop,ADE_vs_original,hard,eu-locality-008,36762,49.2928804664928,49.29287555538899,-9.963110803035136e-06,118.48734126039592,203.52797469295214,118.48734126039592
floor_both__stop,ADE_vs_original,hard,eu-locality-020,47,36.92354931828993,36.92354931828993,0.0,60.52355224102176,69.16719818649797,60.52355224102176
floor_both__stop,ADE_vs_original,hard,eu-locality-048,2992,53.49984173495825,53.49984173495825,0.0,122.13867576602802,202.79147183299347,122.13867576602802
floor_both__stop,ADE_vs_original,hard,eu-locality-067,2806,54.40462888289575,54.40462888289575,0.0,127.36920960317892,198.92434816893777,127.36920960317892
floor_both__stop,ADE_vs_original,hard,eu-locality-110,2743,75.08751911306501,75.08751911306501,0.0,211.62896236269754,380.35594110435846,211.62896236269754
floor_both__stop,ADE_vs_original,hard,eu-locality-119,1895,67.61649407686099,67.61649407686099,0.0,172.71391239328824,273.9914452410256,172.71391239328824
floor_both__stop,ADE_vs_original,hard,eu-locality-124,1362,95.1002806791742,95.1002806791742,0.0,271.3821345043969,435.0646456287289,271.3821345043969
floor_both__stop,FDE_vs_floor,endpoint,eu-locality-007,3935,27.37806456041397,28.021083104029973,2.294766912573498,98.75674920244208,170.8952492395845,99.74000009835866
floor_both__stop,FDE_vs_floor,endpoint,eu-locality-008,121088,32.973284212103835,33.623565608115655,1.9340048690578593,128.15027581282186,265.3571552539484,128.79015975416985
floor_both__stop,FDE_vs_floor,endpoint,eu-locality-020,622,14.444886471219059,14.627580582394309,1.2489701228864836,52.375808020598235,102.34943144507893,52.375808020598235
floor_both__stop,FDE_vs_floor,endpoint,eu-locality-048,5582,53.235748592209895,53.81633147703995,1.0788228571056657,199.35238083131281,335.7568772699859,199.98144871686628
floor_both__stop,FDE_vs_floor,endpoint,eu-locality-067,4600,58.15401179403511,58.9192547164766,1.2987993927009,195.84787627467875,367.0313156604077,196.65546131977956
floor_both__stop,FDE_vs_floor,endpoint,eu-locality-110,7204,52.923811869922766,54.21226435414351,2.3766808111977733,232.72997932481658,522.1553550339783,235.26017178763956
floor_both__stop,FDE_vs_floor,endpoint,eu-locality-119,4147,61.01533659046493,61.43987867856576,0.690987835965462,247.74174405968162,445.5820913837266,247.02998619753183
floor_both__stop,FDE_vs_floor,endpoint,eu-locality-124,2645,78.6942394132449,80.00543159398303,1.638878954359324,358.33466421881184,706.7772214329127,363.62977622543167
floor_both__stop,ADE_vs_CV,easy,eu-locality-007,2133,1.7496705130532437,1.8525004364762494,5.550871751404529,4.200198112143838,4.850593696500727,4.355450553983238
floor_both__stop,ADE_vs_CV,easy,eu-locality-008,52276,2.1015687308632263,2.3343046202023725,9.970244985376809,4.167812125995798,4.738035289614244,4.477191635123733
floor_both__stop,ADE_vs_CV,easy,eu-locality-020,695,1.6799259509989088,1.6834998531827923,0.21229002052638446,4.347720547838401,6.376550887893464,4.294862621440125
floor_both__stop,ADE_vs_CV,easy,eu-locality-048,2050,2.0619545929776995,2.2919612794697164,10.035365280919272,4.210687426461756,4.748427081671313,4.484449431559784
floor_both__stop,ADE_vs_CV,easy,eu-locality-067,1508,2.0159702879674635,2.126958008841005,5.218143490008043,4.317351028176637,4.8492954635048875,4.431771346846858
floor_both__stop,ADE_vs_CV,easy,eu-locality-110,2579,2.036358405509314,2.356118809479549,13.571488953940658,4.000881404249527,4.560634953159135,4.476255197977273
floor_both__stop,ADE_vs_CV,easy,eu-locality-119,1658,2.1238292972798116,2.3455260977767742,9.451900821188886,4.161233964387031,5.903202900920345,4.423775218674889
floor_both__stop,ADE_vs_CV,easy,eu-locality-124,1006,2.2688965272650763,2.5758364727079335,11.91612700165614,4.175611238101195,4.74090412080723,4.529853536161329
floor_both__stop,matched_risk,all,eu-locality-007,5526,12.822978122988419,12.822978122988419,0.0,44.03919063744113,76.43866311332394,44.03919063744113
floor_both__stop,matched_risk,all,eu-locality-008,157961,17.07445639425319,17.07445639425319,0.0,60.60769056489148,126.21567141497883,60.60769056489148
floor_both__stop,matched_risk,all,eu-locality-020,1225,6.413161884786122,6.413161884786122,0.0,20.840106881217874,41.37090371937323,20.840106881217874
floor_both__stop,matched_risk,all,eu-locality-048,8058,24.876969483250214,24.876969483250214,0.0,84.58564324825383,149.41133462060048,84.58564324825383
floor_both__stop,matched_risk,all,eu-locality-067,6903,27.198696423377903,27.198696423377903,0.0,88.92690474713947,162.6235251701382,88.92690474713947
floor_both__stop,matched_risk,all,eu-locality-110,8550,28.671522275683127,28.671522275683127,0.0,115.8374534339325,259.95968966626083,115.8374534339325
floor_both__stop,matched_risk,all,eu-locality-119,5639,27.556481177890173,27.556481177890173,0.0,110.34400428139483,195.19579909519848,110.34400428139483
floor_both__stop,matched_risk,all,eu-locality-124,3550,40.82779999213906,40.82779999213906,0.0,180.44841436942855,334.5241333078915,180.44841436942855
floor_both__stop,matched_risk,easy,eu-locality-007,2133,1.7496705130532437,1.7496705130532437,0.0,4.200198112143838,4.850593696500727,4.200198112143838
floor_both__stop,matched_risk,easy,eu-locality-008,52276,2.1015687308632263,2.1015687308632263,0.0,4.167812125995798,4.738035289614244,4.167812125995798
floor_both__stop,matched_risk,easy,eu-locality-020,695,1.6799259509989088,1.6799259509989088,0.0,4.347720547838401,6.376550887893464,4.347720547838401
floor_both__stop,matched_risk,easy,eu-locality-048,2050,2.0619545929776995,2.0619545929776995,0.0,4.210687426461756,4.748427081671313,4.210687426461756
floor_both__stop,matched_risk,easy,eu-locality-067,1508,2.0159702879674635,2.0159702879674635,0.0,4.317351028176637,4.8492954635048875,4.317351028176637
floor_both__stop,matched_risk,easy,eu-locality-110,2579,2.036358405509314,2.036358405509314,0.0,4.000881404249527,4.560634953159135,4.000881404249527
floor_both__stop,matched_risk,easy,eu-locality-119,1658,2.1238292972798116,2.1238292972798116,0.0,4.161233964387031,5.903202900920345,4.161233964387031
floor_both__stop,matched_risk,easy,eu-locality-124,1006,2.2688965272650763,2.2688965272650763,0.0,4.175611238101195,4.74090412080723,4.175611238101195
floor_both__stop,matched_risk,hard,eu-locality-007,1023,38.558057102182765,38.558057102182765,0.0,78.11265794064077,106.93881724198937,78.11265794064077
floor_both__stop,matched_risk,hard,eu-locality-008,36762,49.2928804664928,49.2928804664928,0.0,118.48734126039592,203.52797469295214,118.48734126039592
floor_both__stop,matched_risk,hard,eu-locality-020,47,36.92354931828993,36.92354931828993,0.0,60.52355224102176,69.16719818649797,60.52355224102176
floor_both__stop,matched_risk,hard,eu-locality-048,2992,53.49984173495825,53.49984173495825,0.0,122.13867576602802,202.79147183299347,122.13867576602802
floor_both__stop,matched_risk,hard,eu-locality-067,2806,54.40462888289575,54.40462888289575,0.0,127.36920960317892,198.92434816893777,127.36920960317892
floor_both__stop,matched_risk,hard,eu-locality-110,2743,75.08751911306501,75.08751911306501,0.0,211.62896236269754,380.35594110435846,211.62896236269754
floor_both__stop,matched_risk,hard,eu-locality-119,1895,67.61649407686099,67.61649407686099,0.0,172.71391239328824,273.9914452410256,172.71391239328824
floor_both__stop,matched_risk,hard,eu-locality-124,1362,95.1002806791742,95.1002806791742,0.0,271.3821345043969,435.0646456287289,271.3821345043969
floor_both__stop,matched_risk,complete,eu-locality-007,2882,12.722841252316353,12.722841252316353,0.0,45.361713629556604,76.86890219592341,45.361713629556604
floor_both__stop,matched_risk,complete,eu-locality-008,97352,15.337871400700555,15.337871400700555,0.0,55.811831026399446,114.02385448093194,55.811831026399446
floor_both__stop,matched_risk,complete,eu-locality-020,364,6.830013292757335,6.830013292757335,0.0,22.682718227503177,49.70629992513765,22.682718227503177
floor_both__stop,matched_risk,complete,eu-locality-048,4716,24.478597842035864,24.478597842035864,0.0,87.4297223139065,150.53843627794993,87.4297223139065
floor_both__stop,matched_risk,complete,eu-locality-067,3417,27.869725559458626,27.869725559458626,0.0,87.55740326540852,160.33713288337748,87.55740326540852
floor_both__stop,matched_risk,complete,eu-locality-110,5804,26.45986243269001,26.45986243269001,0.0,109.10545060557648,257.33139749434275,109.10545060557648
floor_both__stop,matched_risk,complete,eu-locality-119,3148,26.74559721334664,26.74559721334664,0.0,103.39939289346599,189.99779782669526,103.39939289346599
floor_both__stop,matched_risk,complete,eu-locality-124,2077,36.78896997323365,36.78896997323365,0.0,168.5167299033246,315.79700044017295,168.5167299033246
floor_both__stop,matched_random,all,eu-locality-007,5526,12.822978122988419,12.822978122988419,0.0,44.03919063744113,76.43866311332394,44.03919063744113
floor_both__stop,matched_random,all,eu-locality-008,157961,17.07445639425319,17.07445639425319,0.0,60.60769056489148,126.21567141497883,60.60769056489148
floor_both__stop,matched_random,all,eu-locality-020,1225,6.413161884786122,6.413161884786122,0.0,20.840106881217874,41.37090371937323,20.840106881217874
floor_both__stop,matched_random,all,eu-locality-048,8058,24.876969483250214,24.876969483250214,0.0,84.58564324825383,149.41133462060048,84.58564324825383
floor_both__stop,matched_random,all,eu-locality-067,6903,27.198696423377903,27.198696423377903,0.0,88.92690474713947,162.6235251701382,88.92690474713947
floor_both__stop,matched_random,all,eu-locality-110,8550,28.671522275683127,28.671522275683127,0.0,115.8374534339325,259.95968966626083,115.8374534339325
floor_both__stop,matched_random,all,eu-locality-119,5639,27.556481177890173,27.556481177890173,0.0,110.34400428139483,195.19579909519848,110.34400428139483
floor_both__stop,matched_random,all,eu-locality-124,3550,40.82779999213906,40.82779999213906,0.0,180.44841436942855,334.5241333078915,180.44841436942855
floor_both__stop,matched_random,easy,eu-locality-007,2133,1.7496705130532437,1.7496705130532437,0.0,4.200198112143838,4.850593696500727,4.200198112143838
floor_both__stop,matched_random,easy,eu-locality-008,52276,2.1015687308632263,2.1015687308632263,0.0,4.167812125995798,4.738035289614244,4.167812125995798
floor_both__stop,matched_random,easy,eu-locality-020,695,1.6799259509989088,1.6799259509989088,0.0,4.347720547838401,6.376550887893464,4.347720547838401
floor_both__stop,matched_random,easy,eu-locality-048,2050,2.0619545929776995,2.0619545929776995,0.0,4.210687426461756,4.748427081671313,4.210687426461756
floor_both__stop,matched_random,easy,eu-locality-067,1508,2.0159702879674635,2.0159702879674635,0.0,4.317351028176637,4.8492954635048875,4.317351028176637
floor_both__stop,matched_random,easy,eu-locality-110,2579,2.036358405509314,2.036358405509314,0.0,4.000881404249527,4.560634953159135,4.000881404249527
floor_both__stop,matched_random,easy,eu-locality-119,1658,2.1238292972798116,2.1238292972798116,0.0,4.161233964387031,5.903202900920345,4.161233964387031
floor_both__stop,matched_random,easy,eu-locality-124,1006,2.2688965272650763,2.2688965272650763,0.0,4.175611238101195,4.74090412080723,4.175611238101195
floor_both__stop,matched_random,hard,eu-locality-007,1023,38.558057102182765,38.558057102182765,0.0,78.11265794064077,106.93881724198937,78.11265794064077
floor_both__stop,matched_random,hard,eu-locality-008,36762,49.2928804664928,49.2928804664928,0.0,118.48734126039592,203.52797469295214,118.48734126039592
floor_both__stop,matched_random,hard,eu-locality-020,47,36.92354931828993,36.92354931828993,0.0,60.52355224102176,69.16719818649797,60.52355224102176
floor_both__stop,matched_random,hard,eu-locality-048,2992,53.49984173495825,53.49984173495825,0.0,122.13867576602802,202.79147183299347,122.13867576602802
floor_both__stop,matched_random,hard,eu-locality-067,2806,54.40462888289575,54.40462888289575,0.0,127.36920960317892,198.92434816893777,127.36920960317892
floor_both__stop,matched_random,hard,eu-locality-110,2743,75.08751911306501,75.08751911306501,0.0,211.62896236269754,380.35594110435846,211.62896236269754
floor_both__stop,matched_random,hard,eu-locality-119,1895,67.61649407686099,67.61649407686099,0.0,172.71391239328824,273.9914452410256,172.71391239328824
floor_both__stop,matched_random,hard,eu-locality-124,1362,95.1002806791742,95.1002806791742,0.0,271.3821345043969,435.0646456287289,271.3821345043969
floor_both__stop,matched_random,complete,eu-locality-007,2882,12.722841252316353,12.722841252316353,0.0,45.361713629556604,76.86890219592341,45.361713629556604
floor_both__stop,matched_random,complete,eu-locality-008,97352,15.337871400700555,15.337871400700555,0.0,55.811831026399446,114.02385448093194,55.811831026399446
floor_both__stop,matched_random,complete,eu-locality-020,364,6.830013292757335,6.830013292757335,0.0,22.682718227503177,49.70629992513765,22.682718227503177
floor_both__stop,matched_random,complete,eu-locality-048,4716,24.478597842035864,24.478597842035864,0.0,87.4297223139065,150.53843627794993,87.4297223139065
floor_both__stop,matched_random,complete,eu-locality-067,3417,27.869725559458626,27.869725559458626,0.0,87.55740326540852,160.33713288337748,87.55740326540852
floor_both__stop,matched_random,complete,eu-locality-110,5804,26.45986243269001,26.45986243269001,0.0,109.10545060557648,257.33139749434275,109.10545060557648
floor_both__stop,matched_random,complete,eu-locality-119,3148,26.74559721334664,26.74559721334664,0.0,103.39939289346599,189.99779782669526,103.39939289346599
floor_both__stop,matched_random,complete,eu-locality-124,2077,36.78896997323365,36.78896997323365,0.0,168.5167299033246,315.79700044017295,168.5167299033246
floor_both__stop_risk,ADE_vs_floor,all,eu-locality-007,5526,12.822978122988419,13.03007789912518,1.5893978358384575,44.03919063744113,76.43866311332394,44.69396378264957
floor_both__stop_risk,ADE_vs_floor,all,eu-locality-008,157961,17.07445639425319,17.303707458293164,1.32486673501927,60.60769056489148,126.21567141497883,60.851472194022485
floor_both__stop_risk,ADE_vs_floor,all,eu-locality-020,1225,6.413161884786122,6.465710721017629,0.8127310128597354,20.840106881217874,41.37090371937323,20.649557710350873
floor_both__stop_risk,ADE_vs_floor,all,eu-locality-048,8058,24.876969483250214,25.081786899115574,0.8165981821358304,84.58564324825383,149.41133462060048,84.94302472678147
floor_both__stop_risk,ADE_vs_floor,all,eu-locality-067,6903,27.198696423377903,27.46038603063451,0.9529713346515534,88.92690474713947,162.6235251701382,89.6517956862803
floor_both__stop_risk,ADE_vs_floor,all,eu-locality-110,8550,28.671522275683127,29.15799863842907,1.6684147934103666,115.8374534339325,259.95968966626083,117.19208997565195
floor_both__stop_risk,ADE_vs_floor,all,eu-locality-119,5639,27.556481177890173,27.707160085187788,0.5438266023451654,110.34400428139483,195.19579909519848,110.34400428139483
floor_both__stop_risk,ADE_vs_floor,all,eu-locality-124,3550,40.82779999213906,41.28618629430454,1.1102655471685319,180.44841436942855,334.5241333078915,182.70620705979104
floor_both__stop_risk,ADE_vs_floor,easy,eu-locality-007,2133,1.7496705130532437,1.8208803442437398,3.910736442161522,4.200198112143838,4.850593696500727,4.231677560310645
floor_both__stop_risk,ADE_vs_floor,easy,eu-locality-008,52276,2.1015687308632263,2.243755079189184,6.336981680609222,4.167812125995798,4.738035289614244,4.269920362702182
floor_both__stop_risk,ADE_vs_floor,easy,eu-locality-020,695,1.6799259509989088,1.7041860561795545,1.423559657273099,4.347720547838401,6.376550887893464,4.333966156328703
floor_both__stop_risk,ADE_vs_floor,easy,eu-locality-048,2050,2.0619545929776995,2.1853076350211285,5.644653414769052,4.210687426461756,4.748427081671313,4.279426052271072
floor_both__stop_risk,ADE_vs_floor,easy,eu-locality-067,1508,2.0159702879674635,2.0760134319354244,2.892232923174487,4.317351028176637,4.8492954635048875,4.333274063846627
floor_both__stop_risk,ADE_vs_floor,easy,eu-locality-110,2579,2.036358405509314,2.212478061615281,7.960289376943508,4.000881404249527,4.560634953159135,4.203897765463916
floor_both__stop_risk,ADE_vs_floor,easy,eu-locality-119,1658,2.1238292972798116,2.2702471919597778,6.449425207903092,4.161233964387031,5.903202900920345,4.2442330009580065
floor_both__stop_risk,ADE_vs_floor,easy,eu-locality-124,1006,2.2688965272650763,2.445639210289273,7.226850235333416,4.175611238101195,4.74090412080723,4.3295911457613965
floor_both__stop_risk,ADE_vs_floor,hard,eu-locality-007,1023,38.558057102182765,39.29723477145136,1.8809915597562399,78.11265794064077,106.93881724198937,79.09141428093004
floor_both__stop_risk,ADE_vs_floor,hard,eu-locality-008,36762,49.2928804664928,49.6651159299373,0.7494907773287318,118.48734126039592,203.52797469295214,119.6000434566927
floor_both__stop_risk,ADE_vs_floor,hard,eu-locality-020,47,36.92354931828993,36.92354931828993,0.0,60.52355224102176,69.16719818649797,60.52355224102176
floor_both__stop_risk,ADE_vs_floor,hard,eu-locality-048,2992,53.49984173495825,53.792738563058535,0.5444913866151868,122.13867576602802,202.79147183299347,122.60258245083135
floor_both__stop_risk,ADE_vs_floor,hard,eu-locality-067,2806,54.40462888289575,54.910481269926386,0.9212310206206165,127.36920960317892,198.92434816893777,127.36920960317892
floor_both__stop_risk,ADE_vs_floor,hard,eu-locality-110,2743,75.08751911306501,75.97472072201377,1.1677589605034067,211.62896236269754,380.35594110435846,216.0693714569461
floor_both__stop_risk,ADE_vs_floor,hard,eu-locality-119,1895,67.61649407686099,67.75657981295986,0.20674853495493695,172.71391239328824,273.9914452410256,172.71391239328824
floor_both__stop_risk,ADE_vs_floor,hard,eu-locality-124,1362,95.1002806791742,95.90581572544342,0.8399230434317784,271.3821345043969,435.0646456287289,274.4684238324386
floor_both__stop_risk,ADE_vs_floor,complete,eu-locality-007,2882,12.722841252316353,13.000634704824002,2.136768387197052,45.361713629556604,76.86890219592341,46.10523368271999
floor_both__stop_risk,ADE_vs_floor,complete,eu-locality-008,97352,15.337871400700555,15.598244315124525,1.6692450070903475,55.811831026399446,114.02385448093194,55.94798986313879
floor_both__stop_risk,ADE_vs_floor,complete,eu-locality-020,364,6.830013292757335,6.916345990279542,1.248241450666887,22.682718227503177,49.70629992513765,22.682718227503177
floor_both__stop_risk,ADE_vs_floor,complete,eu-locality-048,4716,24.478597842035864,24.73400441013314,1.0326130935459754,87.4297223139065,150.53843627794993,87.79424185591918
floor_both__stop_risk,ADE_vs_floor,complete,eu-locality-067,3417,27.869725559458626,28.18803041865701,1.1292199365149913,87.55740326540852,160.33713288337748,87.55740326540852
floor_both__stop_risk,ADE_vs_floor,complete,eu-locality-110,5804,26.45986243269001,27.023399686932656,2.085367721201814,109.10545060557648,257.33139749434275,109.83042543804812
floor_both__stop_risk,ADE_vs_floor,complete,eu-locality-119,3148,26.74559721334664,26.934654676344703,0.7019115903650341,103.39939289346599,189.99779782669526,103.20378997279019
floor_both__stop_risk,ADE_vs_floor,complete,eu-locality-124,2077,36.78896997323365,37.29493004175377,1.3566457101640172,168.5167299033246,315.79700044017295,171.59254389597885
floor_both__stop_risk,ADE_vs_original,all,eu-locality-007,5526,12.822978122988419,12.822978122988419,0.0,44.03919063744113,76.43866311332394,44.03919063744113
floor_both__stop_risk,ADE_vs_original,all,eu-locality-008,157961,17.07445639425319,17.074451273007295,-2.9993619188317666e-05,60.60769056489148,126.21567141497883,60.60769056489148
floor_both__stop_risk,ADE_vs_original,all,eu-locality-020,1225,6.413161884786122,6.413161884786122,0.0,20.840106881217874,41.37090371937323,20.840106881217874
floor_both__stop_risk,ADE_vs_original,all,eu-locality-048,8058,24.876969483250214,24.876969483250214,0.0,84.58564324825383,149.41133462060048,84.58564324825383
floor_both__stop_risk,ADE_vs_original,all,eu-locality-067,6903,27.198696423377903,27.198696423377903,0.0,88.92690474713947,162.6235251701382,88.92690474713947
floor_both__stop_risk,ADE_vs_original,all,eu-locality-110,8550,28.671522275683127,28.671522275683127,0.0,115.8374534339325,259.95968966626083,115.8374534339325
floor_both__stop_risk,ADE_vs_original,all,eu-locality-119,5639,27.556481177890173,27.556481177890173,0.0,110.34400428139483,195.19579909519848,110.34400428139483
floor_both__stop_risk,ADE_vs_original,all,eu-locality-124,3550,40.82779999213906,40.82779999213906,0.0,180.44841436942855,334.5241333078915,180.44841436942855
floor_both__stop_risk,ADE_vs_original,easy,eu-locality-007,2133,1.7496705130532437,1.7496705130532437,0.0,4.200198112143838,4.850593696500727,4.200198112143838
floor_both__stop_risk,ADE_vs_original,easy,eu-locality-008,52276,2.1015687308632263,2.101565003704113,-0.00017735159782983345,4.167812125995798,4.738035289614244,4.167812125995798
floor_both__stop_risk,ADE_vs_original,easy,eu-locality-020,695,1.6799259509989088,1.6799259509989088,0.0,4.347720547838401,6.376550887893464,4.347720547838401
floor_both__stop_risk,ADE_vs_original,easy,eu-locality-048,2050,2.0619545929776995,2.0619545929776995,0.0,4.210687426461756,4.748427081671313,4.210687426461756
floor_both__stop_risk,ADE_vs_original,easy,eu-locality-067,1508,2.0159702879674635,2.0159702879674635,0.0,4.317351028176637,4.8492954635048875,4.317351028176637
floor_both__stop_risk,ADE_vs_original,easy,eu-locality-110,2579,2.036358405509314,2.036358405509314,0.0,4.000881404249527,4.560634953159135,4.000881404249527
floor_both__stop_risk,ADE_vs_original,easy,eu-locality-119,1658,2.1238292972798116,2.1238292972798116,0.0,4.161233964387031,5.903202900920345,4.161233964387031
floor_both__stop_risk,ADE_vs_original,easy,eu-locality-124,1006,2.2688965272650763,2.2688965272650763,0.0,4.175611238101195,4.74090412080723,4.175611238101195
floor_both__stop_risk,ADE_vs_original,hard,eu-locality-007,1023,38.558057102182765,38.558057102182765,0.0,78.11265794064077,106.93881724198937,78.11265794064077
floor_both__stop_risk,ADE_vs_original,hard,eu-locality-008,36762,49.2928804664928,49.29287555538899,-9.963110803035136e-06,118.48734126039592,203.52797469295214,118.48734126039592
floor_both__stop_risk,ADE_vs_original,hard,eu-locality-020,47,36.92354931828993,36.92354931828993,0.0,60.52355224102176,69.16719818649797,60.52355224102176
floor_both__stop_risk,ADE_vs_original,hard,eu-locality-048,2992,53.49984173495825,53.49984173495825,0.0,122.13867576602802,202.79147183299347,122.13867576602802
floor_both__stop_risk,ADE_vs_original,hard,eu-locality-067,2806,54.40462888289575,54.40462888289575,0.0,127.36920960317892,198.92434816893777,127.36920960317892
floor_both__stop_risk,ADE_vs_original,hard,eu-locality-110,2743,75.08751911306501,75.08751911306501,0.0,211.62896236269754,380.35594110435846,211.62896236269754
floor_both__stop_risk,ADE_vs_original,hard,eu-locality-119,1895,67.61649407686099,67.61649407686099,0.0,172.71391239328824,273.9914452410256,172.71391239328824
floor_both__stop_risk,ADE_vs_original,hard,eu-locality-124,1362,95.1002806791742,95.1002806791742,0.0,271.3821345043969,435.0646456287289,271.3821345043969
floor_both__stop_risk,FDE_vs_floor,endpoint,eu-locality-007,3935,27.37806456041397,28.021083104029973,2.294766912573498,98.75674920244208,170.8952492395845,99.74000009835866
floor_both__stop_risk,FDE_vs_floor,endpoint,eu-locality-008,121088,32.973284212103835,33.623565608115655,1.9340048690578593,128.15027581282186,265.3571552539484,128.79015975416985
floor_both__stop_risk,FDE_vs_floor,endpoint,eu-locality-020,622,14.444886471219059,14.627580582394309,1.2489701228864836,52.375808020598235,102.34943144507893,52.375808020598235
floor_both__stop_risk,FDE_vs_floor,endpoint,eu-locality-048,5582,53.235748592209895,53.81633147703995,1.0788228571056657,199.35238083131281,335.7568772699859,199.98144871686628
floor_both__stop_risk,FDE_vs_floor,endpoint,eu-locality-067,4600,58.15401179403511,58.9192547164766,1.2987993927009,195.84787627467875,367.0313156604077,196.65546131977956
floor_both__stop_risk,FDE_vs_floor,endpoint,eu-locality-110,7204,52.923811869922766,54.21226435414351,2.3766808111977733,232.72997932481658,522.1553550339783,235.26017178763956
floor_both__stop_risk,FDE_vs_floor,endpoint,eu-locality-119,4147,61.01533659046493,61.43987867856576,0.690987835965462,247.74174405968162,445.5820913837266,247.02998619753183
floor_both__stop_risk,FDE_vs_floor,endpoint,eu-locality-124,2645,78.6942394132449,80.00543159398303,1.638878954359324,358.33466421881184,706.7772214329127,363.62977622543167
floor_both__stop_risk,ADE_vs_CV,easy,eu-locality-007,2133,1.7496705130532437,1.8525004364762494,5.550871751404529,4.200198112143838,4.850593696500727,4.355450553983238
floor_both__stop_risk,ADE_vs_CV,easy,eu-locality-008,52276,2.1015687308632263,2.3343046202023725,9.970244985376809,4.167812125995798,4.738035289614244,4.477191635123733
floor_both__stop_risk,ADE_vs_CV,easy,eu-locality-020,695,1.6799259509989088,1.6834998531827923,0.21229002052638446,4.347720547838401,6.376550887893464,4.294862621440125
floor_both__stop_risk,ADE_vs_CV,easy,eu-locality-048,2050,2.0619545929776995,2.2919612794697164,10.035365280919272,4.210687426461756,4.748427081671313,4.484449431559784
floor_both__stop_risk,ADE_vs_CV,easy,eu-locality-067,1508,2.0159702879674635,2.126958008841005,5.218143490008043,4.317351028176637,4.8492954635048875,4.431771346846858
floor_both__stop_risk,ADE_vs_CV,easy,eu-locality-110,2579,2.036358405509314,2.356118809479549,13.571488953940658,4.000881404249527,4.560634953159135,4.476255197977273
floor_both__stop_risk,ADE_vs_CV,easy,eu-locality-119,1658,2.1238292972798116,2.3455260977767742,9.451900821188886,4.161233964387031,5.903202900920345,4.423775218674889
floor_both__stop_risk,ADE_vs_CV,easy,eu-locality-124,1006,2.2688965272650763,2.5758364727079335,11.91612700165614,4.175611238101195,4.74090412080723,4.529853536161329
floor_both__stop_random,ADE_vs_floor,all,eu-locality-007,5526,12.822978122988419,13.03007789912518,1.5893978358384575,44.03919063744113,76.43866311332394,44.69396378264957
floor_both__stop_random,ADE_vs_floor,all,eu-locality-008,157961,17.07445639425319,17.303707458293164,1.32486673501927,60.60769056489148,126.21567141497883,60.851472194022485
floor_both__stop_random,ADE_vs_floor,all,eu-locality-020,1225,6.413161884786122,6.465710721017629,0.8127310128597354,20.840106881217874,41.37090371937323,20.649557710350873
floor_both__stop_random,ADE_vs_floor,all,eu-locality-048,8058,24.876969483250214,25.081786899115574,0.8165981821358304,84.58564324825383,149.41133462060048,84.94302472678147
floor_both__stop_random,ADE_vs_floor,all,eu-locality-067,6903,27.198696423377903,27.46038603063451,0.9529713346515534,88.92690474713947,162.6235251701382,89.6517956862803
floor_both__stop_random,ADE_vs_floor,all,eu-locality-110,8550,28.671522275683127,29.15799863842907,1.6684147934103666,115.8374534339325,259.95968966626083,117.19208997565195
floor_both__stop_random,ADE_vs_floor,all,eu-locality-119,5639,27.556481177890173,27.707160085187788,0.5438266023451654,110.34400428139483,195.19579909519848,110.34400428139483
floor_both__stop_random,ADE_vs_floor,all,eu-locality-124,3550,40.82779999213906,41.28618629430454,1.1102655471685319,180.44841436942855,334.5241333078915,182.70620705979104
floor_both__stop_random,ADE_vs_floor,easy,eu-locality-007,2133,1.7496705130532437,1.8208803442437398,3.910736442161522,4.200198112143838,4.850593696500727,4.231677560310645
floor_both__stop_random,ADE_vs_floor,easy,eu-locality-008,52276,2.1015687308632263,2.243755079189184,6.336981680609222,4.167812125995798,4.738035289614244,4.269920362702182
floor_both__stop_random,ADE_vs_floor,easy,eu-locality-020,695,1.6799259509989088,1.7041860561795545,1.423559657273099,4.347720547838401,6.376550887893464,4.333966156328703
floor_both__stop_random,ADE_vs_floor,easy,eu-locality-048,2050,2.0619545929776995,2.1853076350211285,5.644653414769052,4.210687426461756,4.748427081671313,4.279426052271072
floor_both__stop_random,ADE_vs_floor,easy,eu-locality-067,1508,2.0159702879674635,2.0760134319354244,2.892232923174487,4.317351028176637,4.8492954635048875,4.333274063846627
floor_both__stop_random,ADE_vs_floor,easy,eu-locality-110,2579,2.036358405509314,2.212478061615281,7.960289376943508,4.000881404249527,4.560634953159135,4.203897765463916
floor_both__stop_random,ADE_vs_floor,easy,eu-locality-119,1658,2.1238292972798116,2.2702471919597778,6.449425207903092,4.161233964387031,5.903202900920345,4.2442330009580065
floor_both__stop_random,ADE_vs_floor,easy,eu-locality-124,1006,2.2688965272650763,2.445639210289273,7.226850235333416,4.175611238101195,4.74090412080723,4.3295911457613965
floor_both__stop_random,ADE_vs_floor,hard,eu-locality-007,1023,38.558057102182765,39.29723477145136,1.8809915597562399,78.11265794064077,106.93881724198937,79.09141428093004
floor_both__stop_random,ADE_vs_floor,hard,eu-locality-008,36762,49.2928804664928,49.6651159299373,0.7494907773287318,118.48734126039592,203.52797469295214,119.6000434566927
floor_both__stop_random,ADE_vs_floor,hard,eu-locality-020,47,36.92354931828993,36.92354931828993,0.0,60.52355224102176,69.16719818649797,60.52355224102176
floor_both__stop_random,ADE_vs_floor,hard,eu-locality-048,2992,53.49984173495825,53.792738563058535,0.5444913866151868,122.13867576602802,202.79147183299347,122.60258245083135
floor_both__stop_random,ADE_vs_floor,hard,eu-locality-067,2806,54.40462888289575,54.910481269926386,0.9212310206206165,127.36920960317892,198.92434816893777,127.36920960317892
floor_both__stop_random,ADE_vs_floor,hard,eu-locality-110,2743,75.08751911306501,75.97472072201377,1.1677589605034067,211.62896236269754,380.35594110435846,216.0693714569461
floor_both__stop_random,ADE_vs_floor,hard,eu-locality-119,1895,67.61649407686099,67.75657981295986,0.20674853495493695,172.71391239328824,273.9914452410256,172.71391239328824
floor_both__stop_random,ADE_vs_floor,hard,eu-locality-124,1362,95.1002806791742,95.90581572544342,0.8399230434317784,271.3821345043969,435.0646456287289,274.4684238324386
floor_both__stop_random,ADE_vs_floor,complete,eu-locality-007,2882,12.722841252316353,13.000634704824002,2.136768387197052,45.361713629556604,76.86890219592341,46.10523368271999
floor_both__stop_random,ADE_vs_floor,complete,eu-locality-008,97352,15.337871400700555,15.598244315124525,1.6692450070903475,55.811831026399446,114.02385448093194,55.94798986313879
floor_both__stop_random,ADE_vs_floor,complete,eu-locality-020,364,6.830013292757335,6.916345990279542,1.248241450666887,22.682718227503177,49.70629992513765,22.682718227503177
floor_both__stop_random,ADE_vs_floor,complete,eu-locality-048,4716,24.478597842035864,24.73400441013314,1.0326130935459754,87.4297223139065,150.53843627794993,87.79424185591918
floor_both__stop_random,ADE_vs_floor,complete,eu-locality-067,3417,27.869725559458626,28.18803041865701,1.1292199365149913,87.55740326540852,160.33713288337748,87.55740326540852
floor_both__stop_random,ADE_vs_floor,complete,eu-locality-110,5804,26.45986243269001,27.023399686932656,2.085367721201814,109.10545060557648,257.33139749434275,109.83042543804812
floor_both__stop_random,ADE_vs_floor,complete,eu-locality-119,3148,26.74559721334664,26.934654676344703,0.7019115903650341,103.39939289346599,189.99779782669526,103.20378997279019
floor_both__stop_random,ADE_vs_floor,complete,eu-locality-124,2077,36.78896997323365,37.29493004175377,1.3566457101640172,168.5167299033246,315.79700044017295,171.59254389597885
floor_both__stop_random,ADE_vs_original,all,eu-locality-007,5526,12.822978122988419,12.822978122988419,0.0,44.03919063744113,76.43866311332394,44.03919063744113
floor_both__stop_random,ADE_vs_original,all,eu-locality-008,157961,17.07445639425319,17.074451273007295,-2.9993619188317666e-05,60.60769056489148,126.21567141497883,60.60769056489148
floor_both__stop_random,ADE_vs_original,all,eu-locality-020,1225,6.413161884786122,6.413161884786122,0.0,20.840106881217874,41.37090371937323,20.840106881217874
floor_both__stop_random,ADE_vs_original,all,eu-locality-048,8058,24.876969483250214,24.876969483250214,0.0,84.58564324825383,149.41133462060048,84.58564324825383
floor_both__stop_random,ADE_vs_original,all,eu-locality-067,6903,27.198696423377903,27.198696423377903,0.0,88.92690474713947,162.6235251701382,88.92690474713947
floor_both__stop_random,ADE_vs_original,all,eu-locality-110,8550,28.671522275683127,28.671522275683127,0.0,115.8374534339325,259.95968966626083,115.8374534339325
floor_both__stop_random,ADE_vs_original,all,eu-locality-119,5639,27.556481177890173,27.556481177890173,0.0,110.34400428139483,195.19579909519848,110.34400428139483
floor_both__stop_random,ADE_vs_original,all,eu-locality-124,3550,40.82779999213906,40.82779999213906,0.0,180.44841436942855,334.5241333078915,180.44841436942855
floor_both__stop_random,ADE_vs_original,easy,eu-locality-007,2133,1.7496705130532437,1.7496705130532437,0.0,4.200198112143838,4.850593696500727,4.200198112143838
floor_both__stop_random,ADE_vs_original,easy,eu-locality-008,52276,2.1015687308632263,2.101565003704113,-0.00017735159782983345,4.167812125995798,4.738035289614244,4.167812125995798
floor_both__stop_random,ADE_vs_original,easy,eu-locality-020,695,1.6799259509989088,1.6799259509989088,0.0,4.347720547838401,6.376550887893464,4.347720547838401
floor_both__stop_random,ADE_vs_original,easy,eu-locality-048,2050,2.0619545929776995,2.0619545929776995,0.0,4.210687426461756,4.748427081671313,4.210687426461756
floor_both__stop_random,ADE_vs_original,easy,eu-locality-067,1508,2.0159702879674635,2.0159702879674635,0.0,4.317351028176637,4.8492954635048875,4.317351028176637
floor_both__stop_random,ADE_vs_original,easy,eu-locality-110,2579,2.036358405509314,2.036358405509314,0.0,4.000881404249527,4.560634953159135,4.000881404249527
floor_both__stop_random,ADE_vs_original,easy,eu-locality-119,1658,2.1238292972798116,2.1238292972798116,0.0,4.161233964387031,5.903202900920345,4.161233964387031
floor_both__stop_random,ADE_vs_original,easy,eu-locality-124,1006,2.2688965272650763,2.2688965272650763,0.0,4.175611238101195,4.74090412080723,4.175611238101195
floor_both__stop_random,ADE_vs_original,hard,eu-locality-007,1023,38.558057102182765,38.558057102182765,0.0,78.11265794064077,106.93881724198937,78.11265794064077
floor_both__stop_random,ADE_vs_original,hard,eu-locality-008,36762,49.2928804664928,49.29287555538899,-9.963110803035136e-06,118.48734126039592,203.52797469295214,118.48734126039592
floor_both__stop_random,ADE_vs_original,hard,eu-locality-020,47,36.92354931828993,36.92354931828993,0.0,60.52355224102176,69.16719818649797,60.52355224102176
floor_both__stop_random,ADE_vs_original,hard,eu-locality-048,2992,53.49984173495825,53.49984173495825,0.0,122.13867576602802,202.79147183299347,122.13867576602802
floor_both__stop_random,ADE_vs_original,hard,eu-locality-067,2806,54.40462888289575,54.40462888289575,0.0,127.36920960317892,198.92434816893777,127.36920960317892
floor_both__stop_random,ADE_vs_original,hard,eu-locality-110,2743,75.08751911306501,75.08751911306501,0.0,211.62896236269754,380.35594110435846,211.62896236269754
floor_both__stop_random,ADE_vs_original,hard,eu-locality-119,1895,67.61649407686099,67.61649407686099,0.0,172.71391239328824,273.9914452410256,172.71391239328824
floor_both__stop_random,ADE_vs_original,hard,eu-locality-124,1362,95.1002806791742,95.1002806791742,0.0,271.3821345043969,435.0646456287289,271.3821345043969
floor_both__stop_random,FDE_vs_floor,endpoint,eu-locality-007,3935,27.37806456041397,28.021083104029973,2.294766912573498,98.75674920244208,170.8952492395845,99.74000009835866
floor_both__stop_random,FDE_vs_floor,endpoint,eu-locality-008,121088,32.973284212103835,33.623565608115655,1.9340048690578593,128.15027581282186,265.3571552539484,128.79015975416985
floor_both__stop_random,FDE_vs_floor,endpoint,eu-locality-020,622,14.444886471219059,14.627580582394309,1.2489701228864836,52.375808020598235,102.34943144507893,52.375808020598235
floor_both__stop_random,FDE_vs_floor,endpoint,eu-locality-048,5582,53.235748592209895,53.81633147703995,1.0788228571056657,199.35238083131281,335.7568772699859,199.98144871686628
floor_both__stop_random,FDE_vs_floor,endpoint,eu-locality-067,4600,58.15401179403511,58.9192547164766,1.2987993927009,195.84787627467875,367.0313156604077,196.65546131977956
floor_both__stop_random,FDE_vs_floor,endpoint,eu-locality-110,7204,52.923811869922766,54.21226435414351,2.3766808111977733,232.72997932481658,522.1553550339783,235.26017178763956
floor_both__stop_random,FDE_vs_floor,endpoint,eu-locality-119,4147,61.01533659046493,61.43987867856576,0.690987835965462,247.74174405968162,445.5820913837266,247.02998619753183
floor_both__stop_random,FDE_vs_floor,endpoint,eu-locality-124,2645,78.6942394132449,80.00543159398303,1.638878954359324,358.33466421881184,706.7772214329127,363.62977622543167
floor_both__stop_random,ADE_vs_CV,easy,eu-locality-007,2133,1.7496705130532437,1.8525004364762494,5.550871751404529,4.200198112143838,4.850593696500727,4.355450553983238
floor_both__stop_random,ADE_vs_CV,easy,eu-locality-008,52276,2.1015687308632263,2.3343046202023725,9.970244985376809,4.167812125995798,4.738035289614244,4.477191635123733
floor_both__stop_random,ADE_vs_CV,easy,eu-locality-020,695,1.6799259509989088,1.6834998531827923,0.21229002052638446,4.347720547838401,6.376550887893464,4.294862621440125
floor_both__stop_random,ADE_vs_CV,easy,eu-locality-048,2050,2.0619545929776995,2.2919612794697164,10.035365280919272,4.210687426461756,4.748427081671313,4.484449431559784
floor_both__stop_random,ADE_vs_CV,easy,eu-locality-067,1508,2.0159702879674635,2.126958008841005,5.218143490008043,4.317351028176637,4.8492954635048875,4.431771346846858
floor_both__stop_random,ADE_vs_CV,easy,eu-locality-110,2579,2.036358405509314,2.356118809479549,13.571488953940658,4.000881404249527,4.560634953159135,4.476255197977273
floor_both__stop_random,ADE_vs_CV,easy,eu-locality-119,1658,2.1238292972798116,2.3455260977767742,9.451900821188886,4.161233964387031,5.903202900920345,4.423775218674889
floor_both__stop_random,ADE_vs_CV,easy,eu-locality-124,1006,2.2688965272650763,2.5758364727079335,11.91612700165614,4.175611238101195,4.74090412080723,4.529853536161329
floor_both__support,ADE_vs_floor,all,eu-locality-007,5526,12.822730808188567,13.03007789912518,1.5912958659328846,44.03919063744113,76.43866311332394,44.69396378264957
floor_both__support,ADE_vs_floor,all,eu-locality-008,157961,17.092338149700236,17.303707458293164,1.221526133069395,60.62374404800723,126.25490197889216,60.851472194022485
floor_both__support,ADE_vs_floor,all,eu-locality-020,1225,6.418226270514254,6.465710721017629,0.7344041908497467,20.840106881217874,41.37090371937323,20.649557710350873
floor_both__support,ADE_vs_floor,all,eu-locality-048,8058,24.880597618745647,25.081786899115574,0.8021329627715734,84.58564324825383,149.41133462060048,84.94302472678147
floor_both__support,ADE_vs_floor,all,eu-locality-067,6903,27.205213987767888,27.46038603063451,0.929236910879383,89.25687888032896,162.6235251701382,89.6517956862803
floor_both__support,ADE_vs_floor,all,eu-locality-110,8550,28.78631701045555,29.15799863842907,1.274715842409213,115.8374534339325,261.4152450345212,117.19208997565195
floor_both__support,ADE_vs_floor,all,eu-locality-119,5639,27.56567058930964,27.707160085187788,0.5106604049030183,110.34400428139483,195.19579909519848,110.34400428139483
floor_both__support,ADE_vs_floor,all,eu-locality-124,3550,40.854746287261854,41.28618629430454,1.0449984504919185,180.44841436942855,334.55067044545154,182.70620705979104
floor_both__support,ADE_vs_floor,easy,eu-locality-007,2133,1.7515694225835792,1.8208803442437398,3.8064511970415715,4.2122584886944825,4.850593696500727,4.231677560310645
floor_both__support,ADE_vs_floor,easy,eu-locality-008,52276,2.105035728522132,2.243755079189184,6.182464028880563,4.171813040611255,4.736303186528916,4.269920362702182
floor_both__support,ADE_vs_floor,easy,eu-locality-020,695,1.6808893830735179,1.7041860561795545,1.3670263890236956,4.347720547838401,6.376550887893464,4.333966156328703
floor_both__support,ADE_vs_floor,easy,eu-locality-048,2050,2.0608495621279843,2.1853076350211285,5.695219789589978,4.210687426461756,4.72373440178062,4.279426052271072
floor_both__support,ADE_vs_floor,easy,eu-locality-067,1508,2.013890599626693,2.0760134319354244,2.9924099407591664,4.305100490481949,4.8492954635048875,4.333274063846627
floor_both__support,ADE_vs_floor,easy,eu-locality-110,2579,2.038727182508516,2.212478061615281,7.8532249481340966,4.004004758180282,4.552503303521646,4.203897765463916
floor_both__support,ADE_vs_floor,easy,eu-locality-119,1658,2.1279977433480575,2.2702471919597778,6.265813216970628,4.161233964387031,5.903202900920345,4.2442330009580065
floor_both__support,ADE_vs_floor,easy,eu-locality-124,1006,2.2695535848900166,2.445639210289273,7.199983736702887,4.175611238101195,4.74090412080723,4.3295911457613965
floor_both__support,ADE_vs_floor,hard,eu-locality-007,1023,38.545173395927186,39.29723477145136,1.9137768341667805,78.11265794064077,106.93881724198937,79.09141428093004
floor_both__support,ADE_vs_floor,hard,eu-locality-008,36762,49.34629875056158,49.6651159299373,0.6419338270054142,118.76223160811813,204.56241452256256,119.6000434566927
floor_both__support,ADE_vs_floor,hard,eu-locality-020,47,36.92354931828993,36.92354931828993,0.0,60.52355224102176,69.16719818649797,60.52355224102176
floor_both__support,ADE_vs_floor,hard,eu-locality-048,2992,53.505515470141404,53.792738563058535,0.5339439868457974,122.13867576602802,202.79147183299347,122.60258245083135
floor_both__support,ADE_vs_floor,hard,eu-locality-067,2806,54.41397479038018,54.910481269926386,0.9042107591545223,127.36920960317892,198.92434816893777,127.36920960317892
floor_both__support,ADE_vs_floor,hard,eu-locality-110,2743,75.43262525602749,75.97472072201377,0.7135208406619409,211.83016053994538,397.4520939232745,216.0693714569461
floor_both__support,ADE_vs_floor,hard,eu-locality-119,1895,67.63119080919321,67.75657981295986,0.18505804766529854,172.71391239328824,273.9914452410256,172.71391239328824
floor_both__support,ADE_vs_floor,hard,eu-locality-124,1362,95.15486834631032,95.90581572544342,0.783005048706209,271.3821345043969,435.0646456287289,274.4684238324386
floor_both__support,ADE_vs_floor,complete,eu-locality-007,2882,12.722634135653413,13.000634704824002,2.1383615145146195,45.41788125230695,76.86890219592341,46.10523368271999
floor_both__support,ADE_vs_floor,complete,eu-locality-008,97352,15.354163071683054,15.598244315124525,1.5647994640320073,55.81706777720679,114.10054856740905,55.94798986313879
floor_both__support,ADE_vs_floor,complete,eu-locality-020,364,6.836005257110406,6.916345990279542,1.1616066241054046,22.682718227503177,49.70629992513765,22.682718227503177
floor_both__support,ADE_vs_floor,complete,eu-locality-048,4716,24.481526553764887,24.73400441013314,1.020772262273939,87.4297223139065,150.53843627794993,87.79424185591918
floor_both__support,ADE_vs_floor,complete,eu-locality-067,3417,27.872202886266418,28.18803041865701,1.1204313593388027,87.55740326540852,160.33713288337748,87.55740326540852
floor_both__support,ADE_vs_floor,complete,eu-locality-110,5804,26.595004307931784,27.023399686932656,1.585275664660446,109.10545060557648,261.2510570653189,109.83042543804812
floor_both__support,ADE_vs_floor,complete,eu-locality-119,3148,26.76052820851378,26.934654676344703,0.6464774467067835,103.39939289346599,189.99779782669526,103.20378997279019
floor_both__support,ADE_vs_floor,complete,eu-locality-124,2077,36.80365409013919,37.29493004175377,1.3172727527966166,168.5167299033246,315.79700044017295,171.59254389597885
floor_both__support,ADE_vs_original,all,eu-locality-007,5526,12.822730808188567,12.822978122988419,0.0019286845651556028,44.03919063744113,76.43866311332394,44.03919063744113
floor_both__support,ADE_vs_original,all,eu-locality-008,157961,17.092338149700236,17.074451273007295,-0.1047581348702975,60.62374404800723,126.25490197889216,60.60769056489148
floor_both__support,ADE_vs_original,all,eu-locality-020,1225,6.418226270514254,6.413161884786122,-0.07896862451182152,20.840106881217874,41.37090371937323,20.840106881217874
floor_both__support,ADE_vs_original,all,eu-locality-048,8058,24.880597618745647,24.876969483250214,-0.014584314612253735,84.58564324825383,149.41133462060048,84.58564324825383
floor_both__support,ADE_vs_original,all,eu-locality-067,6903,27.205213987767888,27.198696423377903,-0.023962782217679113,89.25687888032896,162.6235251701382,88.92690474713947
floor_both__support,ADE_vs_original,all,eu-locality-110,8550,28.78631701045555,28.671522275683127,-0.4003789323379747,115.8374534339325,261.4152450345212,115.8374534339325
floor_both__support,ADE_vs_original,all,eu-locality-119,5639,27.56567058930964,27.556481177890173,-0.03334755029187342,110.34400428139483,195.19579909519848,110.34400428139483
floor_both__support,ADE_vs_original,all,eu-locality-124,3550,40.854746287261854,40.82779999213906,-0.06599987049995537,180.44841436942855,334.55067044545154,180.44841436942855
floor_both__support,ADE_vs_original,easy,eu-locality-007,2133,1.7515694225835792,1.7496705130532437,-0.10852954977345064,4.2122584886944825,4.850593696500727,4.200198112143838
floor_both__support,ADE_vs_original,easy,eu-locality-008,52276,2.105035728522132,2.101565003704113,-0.1651495343661269,4.171813040611255,4.736303186528916,4.167812125995798
floor_both__support,ADE_vs_original,easy,eu-locality-020,695,1.6808893830735179,1.6799259509989088,-0.05734967508752575,4.347720547838401,6.376550887893464,4.347720547838401
floor_both__support,ADE_vs_original,easy,eu-locality-048,2050,2.0608495621279843,2.0619545929776995,0.05359142502354697,4.210687426461756,4.72373440178062,4.210687426461756
floor_both__support,ADE_vs_original,easy,eu-locality-067,1508,2.013890599626693,2.0159702879674635,0.10316066428077697,4.305100490481949,4.8492954635048875,4.317351028176637
floor_both__support,ADE_vs_original,easy,eu-locality-110,2579,2.038727182508516,2.036358405509314,-0.11632416930111855,4.004004758180282,4.552503303521646,4.000881404249527
floor_both__support,ADE_vs_original,easy,eu-locality-119,1658,2.1279977433480575,2.1238292972798116,-0.19627029693887188,4.161233964387031,5.903202900920345,4.161233964387031
floor_both__support,ADE_vs_original,easy,eu-locality-124,1006,2.2695535848900166,2.2688965272650763,-0.02895934728819327,4.175611238101195,4.74090412080723,4.175611238101195
floor_both__support,ADE_vs_original,hard,eu-locality-007,1023,38.545173395927186,38.558057102182765,0.033413784884017694,78.11265794064077,106.93881724198937,78.11265794064077
floor_both__support,ADE_vs_original,hard,eu-locality-008,36762,49.34629875056158,49.29287555538899,-0.10837914114496527,118.76223160811813,204.56241452256256,118.48734126039592
floor_both__support,ADE_vs_original,hard,eu-locality-020,47,36.92354931828993,36.92354931828993,0.0,60.52355224102176,69.16719818649797,60.52355224102176
floor_both__support,ADE_vs_original,hard,eu-locality-048,2992,53.505515470141404,53.49984173495825,-0.010605143864284017,122.13867576602802,202.79147183299347,122.13867576602802
floor_both__support,ADE_vs_original,hard,eu-locality-067,2806,54.41397479038018,54.40462888289575,-0.017178515277715967,127.36920960317892,198.92434816893777,127.36920960317892
floor_both__support,ADE_vs_original,hard,eu-locality-110,2743,75.43262525602749,75.08751911306501,-0.4596052007562301,211.83016053994538,397.4520939232745,211.62896236269754
floor_both__support,ADE_vs_original,hard,eu-locality-119,1895,67.63119080919321,67.61649407686099,-0.02173542496231029,172.71391239328824,273.9914452410256,172.71391239328824
floor_both__support,ADE_vs_original,hard,eu-locality-124,1362,95.15486834631032,95.1002806791742,-0.05740011148891444,271.3821345043969,435.0646456287289,271.3821345043969
floor_both__support,FDE_vs_floor,endpoint,eu-locality-007,3935,27.378342929153696,28.021083104029973,2.293773486521078,98.75674920244208,170.8952492395845,99.74000009835866
floor_both__support,FDE_vs_floor,endpoint,eu-locality-008,121088,33.02459659725803,33.623565608115655,1.7813964700788665,128.1754281749431,266.28378882679493,128.79015975416985
floor_both__support,FDE_vs_floor,endpoint,eu-locality-020,622,14.468570827150092,14.627580582394309,1.0870543788738418,52.375808020598235,102.34943144507893,52.375808020598235
floor_both__support,FDE_vs_floor,endpoint,eu-locality-048,5582,53.24379581691975,53.81633147703995,1.063869729515965,199.35238083131281,335.7568772699859,199.98144871686628
floor_both__support,FDE_vs_floor,endpoint,eu-locality-067,4600,58.17078729491805,58.9192547164766,1.2703273745742871,195.84787627467875,367.0313156604077,196.65546131977956
floor_both__support,FDE_vs_floor,endpoint,eu-locality-110,7204,53.18033609913724,54.21226435414351,1.903495947457856,233.2609036442401,522.3464241323134,235.26017178763956
floor_both__support,FDE_vs_floor,endpoint,eu-locality-119,4147,61.04437890960121,61.43987867856576,0.6437183429897186,247.74174405968162,445.5820913837266,247.02998619753183
floor_both__support,FDE_vs_floor,endpoint,eu-locality-124,2645,78.79143412023625,80.00543159398303,1.5173938188442815,358.33466421881184,711.5918971049587,363.62977622543167
floor_both__support,ADE_vs_CV,easy,eu-locality-007,2133,1.7515694225835792,1.8525004364762494,5.448366537751381,4.2122584886944825,4.850593696500727,4.355450553983238
floor_both__support,ADE_vs_CV,easy,eu-locality-008,52276,2.105035728522132,2.3343046202023725,9.821721196797528,4.171813040611255,4.736303186528916,4.477191635123733
floor_both__support,ADE_vs_CV,easy,eu-locality-020,695,1.6808893830735179,1.6834998531827923,0.15506209307586394,4.347720547838401,6.376550887893464,4.294862621440125
floor_both__support,ADE_vs_CV,easy,eu-locality-048,2050,2.0608495621279843,2.2919612794697164,10.083578610682453,4.210687426461756,4.72373440178062,4.484449431559784
floor_both__support,ADE_vs_CV,easy,eu-locality-067,1508,2.013890599626693,2.126958008841005,5.315921082801401,4.305100490481949,4.8492954635048875,4.431771346846858
floor_both__support,ADE_vs_CV,easy,eu-locality-110,2579,2.038727182508516,2.356118809479549,13.470951706427014,4.004004758180282,4.552503303521646,4.476255197977273
floor_both__support,ADE_vs_CV,easy,eu-locality-119,1658,2.1279977433480575,2.3455260977767742,9.274181798058134,4.161233964387031,5.903202900920345,4.423775218674889
floor_both__support,ADE_vs_CV,easy,eu-locality-124,1006,2.2695535848900166,2.5758364727079335,11.890618486969661,4.175611238101195,4.74090412080723,4.529853536161329
floor_both__support,matched_risk,all,eu-locality-007,5526,12.822730808188567,12.833086645101801,0.08069638427312675,44.03919063744113,76.43866311332394,44.03919063744113
floor_both__support,matched_risk,all,eu-locality-008,157961,17.092338149700236,17.098665722028322,0.03700623446853957,60.62374404800723,126.25490197889216,60.65048438340756
floor_both__support,matched_risk,all,eu-locality-020,1225,6.418226270514254,6.418226270514254,0.0,20.840106881217874,41.37090371937323,20.840106881217874
floor_both__support,matched_risk,all,eu-locality-048,8058,24.880597618745647,24.88946735567774,0.0356365076252696,84.58564324825383,149.41133462060048,84.58564324825383
floor_both__support,matched_risk,all,eu-locality-067,6903,27.205213987767888,27.205796230914405,0.0021401437457546635,89.25687888032896,162.6235251701382,88.92690474713947
floor_both__support,matched_risk,all,eu-locality-110,8550,28.78631701045555,28.704371585708824,-0.2854806436087376,115.8374534339325,261.4152450345212,115.8374534339325
floor_both__support,matched_risk,all,eu-locality-119,5639,27.56567058930964,27.573092687331272,0.02691790183203535,110.34400428139483,195.19579909519848,110.34400428139483
floor_both__support,matched_risk,all,eu-locality-124,3550,40.854746287261854,40.84465992697015,-0.024694440619010827,180.44841436942855,334.55067044545154,180.44841436942855
floor_both__support,matched_risk,easy,eu-locality-007,2133,1.7515694225835792,1.7546331495562717,0.17460783602927243,4.2122584886944825,4.850593696500727,4.2122584886944825
floor_both__support,matched_risk,easy,eu-locality-008,52276,2.105035728522132,2.1071579881519327,0.10071668293187841,4.171813040611255,4.736303186528916,4.174845203832622
floor_both__support,matched_risk,easy,eu-locality-020,695,1.6808893830735179,1.6808893830735179,0.0,4.347720547838401,6.376550887893464,4.347720547838401
floor_both__support,matched_risk,easy,eu-locality-048,2050,2.0608495621279843,2.0657572909488526,0.2375752873956527,4.210687426461756,4.72373440178062,4.215975861076558
floor_both__support,matched_risk,easy,eu-locality-067,1508,2.013890599626693,2.0151065088926696,0.06033970217508289,4.305100490481949,4.8492954635048875,4.305100490481949
floor_both__support,matched_risk,easy,eu-locality-110,2579,2.038727182508516,2.0410568889674963,0.11414216191488746,4.004004758180282,4.552503303521646,4.005175541490715
floor_both__support,matched_risk,easy,eu-locality-119,1658,2.1279977433480575,2.1282104993984365,0.009996945811474589,4.161233964387031,5.903202900920345,4.166128263311494
floor_both__support,matched_risk,easy,eu-locality-124,1006,2.2695535848900166,2.274491508779547,0.21710012415830926,4.175611238101195,4.74090412080723,4.175611238101195
floor_both__support,matched_risk,hard,eu-locality-007,1023,38.545173395927186,38.61011463977363,0.16819749035280607,78.11265794064077,106.93881724198937,78.11265794064077
floor_both__support,matched_risk,hard,eu-locality-008,36762,49.34629875056158,49.35094820224746,0.009421200311743316,118.76223160811813,204.56241452256256,118.76223160811813
floor_both__support,matched_risk,hard,eu-locality-020,47,36.92354931828993,36.92354931828993,0.0,60.52355224102176,69.16719818649797,60.52355224102176
floor_both__support,matched_risk,hard,eu-locality-048,2992,53.505515470141404,53.51637549117286,0.020292893402784618,122.13867576602802,202.79147183299347,122.13867576602802
floor_both__support,matched_risk,hard,eu-locality-067,2806,54.41397479038018,54.41001303980909,-0.007281289508598299,127.36920960317892,198.92434816893777,127.36920960317892
floor_both__support,matched_risk,hard,eu-locality-110,2743,75.43262525602749,75.15004916927786,-0.37601583747886025,211.83016053994538,397.4520939232745,211.83016053994538
floor_both__support,matched_risk,hard,eu-locality-119,1895,67.63119080919321,67.63798166665907,0.010040006071332375,172.71391239328824,273.9914452410256,172.71391239328824
floor_both__support,matched_risk,hard,eu-locality-124,1362,95.15486834631032,95.10554936815993,-0.051857098221974596,271.3821345043969,435.0646456287289,271.3821345043969
floor_both__support,matched_risk,complete,eu-locality-007,2882,12.722634135653413,12.748904089983634,0.206056568821944,45.41788125230695,76.86890219592341,45.47448265068489
floor_both__support,matched_risk,complete,eu-locality-008,97352,15.354163071683054,15.360783697223312,0.04310083177236912,55.81706777720679,114.10054856740905,55.81706777720679
floor_both__support,matched_risk,complete,eu-locality-020,364,6.836005257110406,6.836005257110406,0.0,22.682718227503177,49.70629992513765,22.682718227503177
floor_both__support,matched_risk,complete,eu-locality-048,4716,24.481526553764887,24.49121446437287,0.03955667703647858,87.4297223139065,150.53843627794993,87.4297223139065
floor_both__support,matched_risk,complete,eu-locality-067,3417,27.872202886266418,27.86701051010688,-0.01863269889554875,87.55740326540852,160.33713288337748,87.49455596529795
floor_both__support,matched_risk,complete,eu-locality-110,5804,26.595004307931784,26.498516872780833,-0.3641239078178815,109.10545060557648,261.2510570653189,109.10545060557648
floor_both__support,matched_risk,complete,eu-locality-119,3148,26.76052820851378,26.771196250143504,0.03984895381605735,103.39939289346599,189.99779782669526,103.39939289346599
floor_both__support,matched_risk,complete,eu-locality-124,2077,36.80365409013919,36.82278820122808,0.051962689474582824,168.5167299033246,315.79700044017295,168.5167299033246
floor_both__support,matched_random,all,eu-locality-007,5526,12.822730808188567,12.827101856088692,0.034076660099569,44.03919063744113,76.43866311332394,44.174784236650225
floor_both__support,matched_random,all,eu-locality-008,157961,17.092338149700236,17.08762233071278,-0.027597865262851684,60.62374404800723,126.25490197889216,60.60275779881743
floor_both__support,matched_random,all,eu-locality-020,1225,6.418226270514254,6.418226270514254,0.0,20.840106881217874,41.37090371937323,20.840106881217874
floor_both__support,matched_random,all,eu-locality-048,8058,24.880597618745647,24.879135930186504,-0.005875158057122576,84.58564324825383,149.41133462060048,84.58564324825383
floor_both__support,matched_random,all,eu-locality-067,6903,27.205213987767888,27.206160437850574,0.0034788079885439416,89.25687888032896,162.6235251701382,89.25687888032896
floor_both__support,matched_random,all,eu-locality-110,8550,28.78631701045555,28.78024089315709,-0.021112114109889113,115.8374534339325,261.4152450345212,116.08119632478927
floor_both__support,matched_random,all,eu-locality-119,5639,27.56567058930964,27.565007562895254,-0.0024053191818529385,110.34400428139483,195.19579909519848,110.34400428139483
floor_both__support,matched_random,all,eu-locality-124,3550,40.854746287261854,40.87122280946403,0.040313259720625716,180.44841436942855,334.55067044545154,181.20786734733102
floor_both__support,matched_random,easy,eu-locality-007,2133,1.7515694225835792,1.752480598088569,0.05199347176702007,4.2122584886944825,4.850593696500727,4.2122584886944825
floor_both__support,matched_random,easy,eu-locality-008,52276,2.105035728522132,2.1077860487756883,0.13048384370670796,4.171813040611255,4.736303186528916,4.174845203832622
floor_both__support,matched_random,easy,eu-locality-020,695,1.6808893830735179,1.6808893830735179,0.0,4.347720547838401,6.376550887893464,4.347720547838401
floor_both__support,matched_random,easy,eu-locality-048,2050,2.0608495621279843,2.063955820612509,0.1505002410178924,4.210687426461756,4.72373440178062,4.210687426461756
floor_both__support,matched_random,easy,eu-locality-067,1508,2.013890599626693,2.0173904381750876,0.17348345080688832,4.305100490481949,4.8492954635048875,4.317351028176637
floor_both__support,matched_random,easy,eu-locality-110,2579,2.038727182508516,2.0444019405610323,0.27757545812928663,4.004004758180282,4.552503303521646,4.025016145228815
floor_both__support,matched_random,easy,eu-locality-119,1658,2.1279977433480575,2.1298673690131786,0.08778131879579876,4.161233964387031,5.903202900920345,4.176146941161517
floor_both__support,matched_random,easy,eu-locality-124,1006,2.2695535848900166,2.2769311917025234,0.3240153606482221,4.175611238101195,4.74090412080723,4.195300731378602
floor_both__support,matched_random,hard,eu-locality-007,1023,38.545173395927186,38.57525128301706,0.07797197967474023,78.11265794064077,106.93881724198937,78.11265794064077
floor_both__support,matched_random,hard,eu-locality-008,36762,49.34629875056158,49.32220711207886,-0.04884541851093438,118.76223160811813,204.56241452256256,118.7347590037351
floor_both__support,matched_random,hard,eu-locality-020,47,36.92354931828993,36.92354931828993,0.0,60.52355224102176,69.16719818649797,60.52355224102176
floor_both__support,matched_random,hard,eu-locality-048,2992,53.505515470141404,53.50006792607237,-0.010182312434747764,122.13867576602802,202.79147183299347,122.13867576602802
floor_both__support,matched_random,hard,eu-locality-067,2806,54.41397479038018,54.41421042872584,0.00043304560297663386,127.36920960317892,198.92434816893777,127.36920960317892
floor_both__support,matched_random,hard,eu-locality-110,2743,75.43262525602749,75.39728747521744,-0.04686876941251139,211.83016053994538,397.4520939232745,211.62896236269754
floor_both__support,matched_random,hard,eu-locality-119,1895,67.63119080919321,67.62522142698887,-0.00882715365417841,172.71391239328824,273.9914452410256,172.71391239328824
floor_both__support,matched_random,hard,eu-locality-124,1362,95.15486834631032,95.18583791236654,0.03253589686811331,271.3821345043969,435.0646456287289,271.3821345043969
floor_both__support,matched_random,complete,eu-locality-007,2882,12.722634135653413,12.732547061859194,0.07785501327911559,45.41788125230695,76.86890219592341,45.565413951794106
floor_both__support,matched_random,complete,eu-locality-008,97352,15.354163071683054,15.350505406478135,-0.02382765327957337,55.81706777720679,114.10054856740905,55.8064918534911
floor_both__support,matched_random,complete,eu-locality-020,364,6.836005257110406,6.836005257110406,0.0,22.682718227503177,49.70629992513765,22.682718227503177
floor_both__support,matched_random,complete,eu-locality-048,4716,24.481526553764887,24.481590903818564,0.0002628507842050709,87.4297223139065,150.53843627794993,87.4297223139065
floor_both__support,matched_random,complete,eu-locality-067,3417,27.872202886266418,27.872034255489826,-0.0006050178291472363,87.55740326540852,160.33713288337748,87.55740326540852
floor_both__support,matched_random,complete,eu-locality-110,5804,26.595004307931784,26.583689982199743,-0.042561155880238566,109.10545060557648,261.2510570653189,109.10545060557648
floor_both__support,matched_random,complete,eu-locality-119,3148,26.76052820851378,26.75911620242454,-0.005276729166081573,103.39939289346599,189.99779782669526,103.39939289346599
floor_both__support,matched_random,complete,eu-locality-124,2077,36.80365409013919,36.807398286327924,0.010172401101560258,168.5167299033246,315.79700044017295,168.5167299033246
floor_both__support_risk,ADE_vs_floor,all,eu-locality-007,5526,12.833086645101801,13.03007789912518,1.5118194653049977,44.03919063744113,76.43866311332394,44.69396378264957
floor_both__support_risk,ADE_vs_floor,all,eu-locality-008,157961,17.098665722028322,17.303707458293164,1.1849584070873331,60.65048438340756,126.26463375678044,60.851472194022485
floor_both__support_risk,ADE_vs_floor,all,eu-locality-020,1225,6.418226270514254,6.465710721017629,0.7344041908497467,20.840106881217874,41.37090371937323,20.649557710350873
floor_both__support_risk,ADE_vs_floor,all,eu-locality-048,8058,24.88946735567774,25.081786899115574,0.7667697050907307,84.58564324825383,149.41133462060048,84.94302472678147
floor_both__support_risk,ADE_vs_floor,all,eu-locality-067,6903,27.205796230914405,27.46038603063451,0.9271166087617466,88.92690474713947,162.6235251701382,89.6517956862803
floor_both__support_risk,ADE_vs_floor,all,eu-locality-110,8550,28.704371585708824,29.15799863842907,1.5557551063274389,115.8374534339325,260.7935481375995,117.19208997565195
floor_both__support_risk,ADE_vs_floor,all,eu-locality-119,5639,27.573092687331272,27.707160085187788,0.4838727514632102,110.34400428139483,195.19579909519848,110.34400428139483
floor_both__support_risk,ADE_vs_floor,all,eu-locality-124,3550,40.84465992697015,41.28618629430454,1.0694288016505404,180.44841436942855,334.5241333078915,182.70620705979104
floor_both__support_risk,ADE_vs_floor,easy,eu-locality-007,2133,1.7546331495562717,1.8208803442437398,3.6381959362070226,4.2122584886944825,4.850593696500727,4.231677560310645
floor_both__support_risk,ADE_vs_floor,easy,eu-locality-008,52276,2.1071579881519327,2.243755079189184,6.087878855592955,4.174845203832622,4.734791977841097,4.269920362702182
floor_both__support_risk,ADE_vs_floor,easy,eu-locality-020,695,1.6808893830735179,1.7041860561795545,1.3670263890236956,4.347720547838401,6.376550887893464,4.333966156328703
floor_both__support_risk,ADE_vs_floor,easy,eu-locality-048,2050,2.0657572909488526,2.1853076350211285,5.470641394209008,4.215975861076558,4.748427081671313,4.279426052271072
floor_both__support_risk,ADE_vs_floor,easy,eu-locality-067,1508,2.0151065088926696,2.0760134319354244,2.93384050920964,4.305100490481949,4.8492954635048875,4.333274063846627
floor_both__support_risk,ADE_vs_floor,easy,eu-locality-110,2579,2.0410568889674963,2.212478061615281,7.747926436957919,4.005175541490715,4.560634953159135,4.203897765463916
floor_both__support_risk,ADE_vs_floor,easy,eu-locality-119,1658,2.1282104993984365,2.2702471919597778,6.256441724248052,4.166128263311494,5.903202900920345,4.2442330009580065
floor_both__support_risk,ADE_vs_floor,easy,eu-locality-124,1006,2.274491508779547,2.445639210289273,6.998076445195789,4.175611238101195,4.74090412080723,4.3295911457613965
floor_both__support_risk,ADE_vs_floor,hard,eu-locality-007,1023,38.61011463977363,39.29723477145136,1.7485203110955472,78.11265794064077,106.93881724198937,79.09141428093004
floor_both__support_risk,ADE_vs_floor,hard,eu-locality-008,36762,49.35094820224746,49.6651159299373,0.6325722225898778,118.76223160811813,204.33578652178383,119.6000434566927
floor_both__support_risk,ADE_vs_floor,hard,eu-locality-020,47,36.92354931828993,36.92354931828993,0.0,60.52355224102176,69.16719818649797,60.52355224102176
floor_both__support_risk,ADE_vs_floor,hard,eu-locality-048,2992,53.51637549117286,53.792738563058535,0.5137553492683966,122.13867576602802,202.79147183299347,122.60258245083135
floor_both__support_risk,ADE_vs_floor,hard,eu-locality-067,2806,54.41001303980909,54.910481269926386,0.9114256851203373,127.36920960317892,198.92434816893777,127.36920960317892
floor_both__support_risk,ADE_vs_floor,hard,eu-locality-110,2743,75.15004916927786,75.97472072201377,1.0854551946999913,211.83016053994538,380.35594110435846,216.0693714569461
floor_both__support_risk,ADE_vs_floor,hard,eu-locality-119,1895,67.63798166665907,67.75657981295986,0.17503561518035227,172.71391239328824,273.9914452410256,172.71391239328824
floor_both__support_risk,ADE_vs_floor,hard,eu-locality-124,1362,95.10554936815993,95.90581572544342,0.8344294360359439,271.3821345043969,435.0646456287289,274.4684238324386
floor_both__support_risk,ADE_vs_floor,complete,eu-locality-007,2882,12.748904089983634,13.000634704824002,1.9362948083370135,45.47448265068489,76.86890219592341,46.10523368271999
floor_both__support_risk,ADE_vs_floor,complete,eu-locality-008,97352,15.360783697223312,15.598244315124525,1.522354779832269,55.81706777720679,114.1371122645666,55.94798986313879
floor_both__support_risk,ADE_vs_floor,complete,eu-locality-020,364,6.836005257110406,6.916345990279542,1.1616066241054046,22.682718227503177,49.70629992513765,22.682718227503177
floor_both__support_risk,ADE_vs_floor,complete,eu-locality-048,4716,24.49121446437287,24.73400441013314,0.9816038751121137,87.4297223139065,150.53843627794993,87.79424185591918
floor_both__support_risk,ADE_vs_floor,complete,eu-locality-067,3417,27.86701051010688,28.18803041865701,1.138851859396517,87.49455596529795,160.33713288337748,87.55740326540852
floor_both__support_risk,ADE_vs_floor,complete,eu-locality-110,5804,26.498516872780833,27.023399686932656,1.9423270951568483,109.10545060557648,260.19859731101656,109.83042543804812
floor_both__support_risk,ADE_vs_floor,complete,eu-locality-119,3148,26.771196250143504,26.934654676344703,0.6068703243660156,103.39939289346599,189.99779782669526,103.20378997279019
floor_both__support_risk,ADE_vs_floor,complete,eu-locality-124,2077,36.82278820122808,37.29493004175377,1.2659678942877894,168.5167299033246,315.79700044017295,171.59254389597885
floor_both__support_risk,ADE_vs_original,all,eu-locality-007,5526,12.833086645101801,12.822978122988419,-0.07883131372781182,44.03919063744113,76.43866311332394,44.03919063744113
floor_both__support_risk,ADE_vs_original,all,eu-locality-008,157961,17.098665722028322,17.074451273007295,-0.141816850415033,60.65048438340756,126.26463375678044,60.60769056489148
floor_both__support_risk,ADE_vs_original,all,eu-locality-020,1225,6.418226270514254,6.413161884786122,-0.07896862451182152,20.840106881217874,41.37090371937323,20.840106881217874
floor_both__support_risk,ADE_vs_original,all,eu-locality-048,8058,24.88946735567774,24.876969483250214,-0.05023872556479958,84.58564324825383,149.41133462060048,84.58564324825383
floor_both__support_risk,ADE_vs_original,all,eu-locality-067,6903,27.205796230914405,27.198696423377903,-0.026103484615536132,88.92690474713947,162.6235251701382,88.92690474713947
floor_both__support_risk,ADE_vs_original,all,eu-locality-110,8550,28.704371585708824,28.671522275683127,-0.11457121010123306,115.8374534339325,260.7935481375995,115.8374534339325
floor_both__support_risk,ADE_vs_original,all,eu-locality-119,5639,27.573092687331272,27.556481177890173,-0.06028167868699086,110.34400428139483,195.19579909519848,110.34400428139483
floor_both__support_risk,ADE_vs_original,all,eu-locality-124,3550,40.84465992697015,40.82779999213906,-0.041295232254334735,180.44841436942855,334.5241333078915,180.44841436942855
floor_both__support_risk,ADE_vs_original,easy,eu-locality-007,2133,1.7546331495562717,1.7496705130532437,-0.28363263060129373,4.2122584886944825,4.850593696500727,4.200198112143838
floor_both__support_risk,ADE_vs_original,easy,eu-locality-008,52276,2.1071579881519327,2.101565003704113,-0.26613425889572273,4.174845203832622,4.734791977841097,4.167812125995798
floor_both__support_risk,ADE_vs_original,easy,eu-locality-020,695,1.6808893830735179,1.6799259509989088,-0.05734967508752575,4.347720547838401,6.376550887893464,4.347720547838401
floor_both__support_risk,ADE_vs_original,easy,eu-locality-048,2050,2.0657572909488526,2.0619545929776995,-0.18442200347688065,4.215975861076558,4.748427081671313,4.210687426461756
floor_both__support_risk,ADE_vs_original,easy,eu-locality-067,1508,2.0151065088926696,2.0159702879674635,0.04284681574671101,4.305100490481949,4.8492954635048875,4.317351028176637
floor_both__support_risk,ADE_vs_original,easy,eu-locality-110,2579,2.0410568889674963,2.036358405509314,-0.23072969107356123,4.005175541490715,4.560634953159135,4.000881404249527
floor_both__support_risk,ADE_vs_original,easy,eu-locality-119,1658,2.1282104993984365,2.1238292972798116,-0.20628786523646525,4.166128263311494,5.903202900920345,4.161233964387031
floor_both__support_risk,ADE_vs_original,easy,eu-locality-124,1006,2.274491508779547,2.2688965272650763,-0.2465948291267006,4.175611238101195,4.74090412080723,4.175611238101195
floor_both__support_risk,ADE_vs_original,hard,eu-locality-007,1023,38.61011463977363,38.558057102182765,-0.13501079022966156,78.11265794064077,106.93881724198937,78.11265794064077
floor_both__support_risk,ADE_vs_original,hard,eu-locality-008,36762,49.35094820224746,49.29287555538899,-0.11781144070852623,118.76223160811813,204.33578652178383,118.48734126039592
floor_both__support_risk,ADE_vs_original,hard,eu-locality-020,47,36.92354931828993,36.92354931828993,0.0,60.52355224102176,69.16719818649797,60.52355224102176
floor_both__support_risk,ADE_vs_original,hard,eu-locality-048,2992,53.51637549117286,53.49984173495825,-0.03090430864547411,122.13867576602802,202.79147183299347,122.13867576602802
floor_both__support_risk,ADE_vs_original,hard,eu-locality-067,2806,54.41001303980909,54.40462888289575,-0.009896505175932546,127.36920960317892,198.92434816893777,127.36920960317892
floor_both__support_risk,ADE_vs_original,hard,eu-locality-110,2743,75.15004916927786,75.08751911306501,-0.08327623145825136,211.83016053994538,380.35594110435846,211.62896236269754
floor_both__support_risk,ADE_vs_original,hard,eu-locality-119,1895,67.63798166665907,67.61649407686099,-0.03177862160919087,172.71391239328824,273.9914452410256,172.71391239328824
floor_both__support_risk,ADE_vs_original,hard,eu-locality-124,1362,95.10554936815993,95.1002806791742,-0.005540140310933417,271.3821345043969,435.0646456287289,271.3821345043969
floor_both__support_risk,FDE_vs_floor,endpoint,eu-locality-007,3935,27.41457494567581,28.021083104029973,2.1644707883077374,98.75674920244208,170.8952492395845,99.74000009835866
floor_both__support_risk,FDE_vs_floor,endpoint,eu-locality-008,121088,33.04006493591516,33.623565608115655,1.7353920134503986,128.22171469364585,265.9819059823482,128.79015975416985
floor_both__support_risk,FDE_vs_floor,endpoint,eu-locality-020,622,14.468570827150092,14.627580582394309,1.0870543788738418,52.375808020598235,102.34943144507893,52.375808020598235
floor_both__support_risk,FDE_vs_floor,endpoint,eu-locality-048,5582,53.27181167961528,53.81633147703995,1.0118114380520016,199.35238083131281,335.7568772699859,199.98144871686628
floor_both__support_risk,FDE_vs_floor,endpoint,eu-locality-067,4600,58.166735071224124,58.9192547164766,1.2772049627471582,195.84787627467875,367.0313156604077,196.65546131977956
floor_both__support_risk,FDE_vs_floor,endpoint,eu-locality-110,7204,53.016665836124226,54.21226435414351,2.2054022872186163,232.84943130023348,522.1553550339783,235.26017178763956
floor_both__support_risk,FDE_vs_floor,endpoint,eu-locality-119,4147,61.06744704001271,61.43987867856576,0.6061724836754601,247.74174405968162,445.5820913837266,247.02998619753183
floor_both__support_risk,FDE_vs_floor,endpoint,eu-locality-124,2645,78.76327776800639,80.00543159398303,1.552586869702055,358.33466421881184,706.7772214329127,363.62977622543167
floor_both__support_risk,ADE_vs_CV,easy,eu-locality-007,2133,1.7546331495562717,1.8525004364762494,5.282983204373048,4.2122584886944825,4.850593696500727,4.355450553983238
floor_both__support_risk,ADE_vs_CV,easy,eu-locality-008,52276,2.1071579881519327,2.3343046202023725,9.730805057942582,4.174845203832622,4.734791977841097,4.477191635123733
floor_both__support_risk,ADE_vs_CV,easy,eu-locality-020,695,1.6808893830735179,1.6834998531827923,0.15506209307586394,4.347720547838401,6.376550887893464,4.294862621440125
floor_both__support_risk,ADE_vs_CV,easy,eu-locality-048,2050,2.0657572909488526,2.2919612794697164,9.869450699149674,4.215975861076558,4.748427081671313,4.484449431559784
floor_both__support_risk,ADE_vs_CV,easy,eu-locality-067,1508,2.0151065088926696,2.126958008841005,5.258754497428186,4.305100490481949,4.8492954635048875,4.431771346846858
floor_both__support_risk,ADE_vs_CV,easy,eu-locality-110,2579,2.0410568889674963,2.356118809479549,13.372072717404604,4.005175541490715,4.560634953159135,4.476255197977273
floor_both__support_risk,ADE_vs_CV,easy,eu-locality-119,1658,2.1282104993984365,2.3455260977767742,9.265111080380727,4.166128263311494,5.903202900920345,4.423775218674889
floor_both__support_risk,ADE_vs_CV,easy,eu-locality-124,1006,2.274491508779547,2.5758364727079335,11.698916725547692,4.175611238101195,4.74090412080723,4.529853536161329
floor_both__support_random,ADE_vs_floor,all,eu-locality-007,5526,12.827101856088692,13.03007789912518,1.5577500350179463,44.174784236650225,76.43866311332394,44.69396378264957
floor_both__support_random,ADE_vs_floor,all,eu-locality-008,157961,17.08762233071278,17.303707458293164,1.2487793618865317,60.60275779881743,126.25490197889216,60.851472194022485
floor_both__support_random,ADE_vs_floor,all,eu-locality-020,1225,6.418226270514254,6.465710721017629,0.7344041908497467,20.840106881217874,41.37090371937323,20.649557710350873
floor_both__support_random,ADE_vs_floor,all,eu-locality-048,8058,24.879135930186504,25.081786899115574,0.8079606518633486,84.58564324825383,149.41133462060048,84.94302472678147
floor_both__support_random,ADE_vs_floor,all,eu-locality-067,6903,27.206160437850574,27.46038603063451,0.9257903093580877,89.25687888032896,162.6235251701382,89.6517956862803
floor_both__support_random,ADE_vs_floor,all,eu-locality-110,8550,28.78024089315709,29.15799863842907,1.2955544375878758,116.08119632478927,260.7935481375995,117.19208997565195
floor_both__support_random,ADE_vs_floor,all,eu-locality-119,5639,27.565007562895254,27.707160085187788,0.5130533835134177,110.34400428139483,195.19579909519848,110.34400428139483
floor_both__support_random,ADE_vs_floor,all,eu-locality-124,3550,40.87122280946403,41.28618629430454,1.0050903754647789,181.20786734733102,334.5241333078915,182.70620705979104
floor_both__support_random,ADE_vs_floor,easy,eu-locality-007,2133,1.752480598088569,1.8208803442437398,3.7564108136704077,4.2122584886944825,4.850593696500727,4.231677560310645
floor_both__support_random,ADE_vs_floor,easy,eu-locality-008,52276,2.1077860487756883,2.243755079189184,6.059887359124327,4.174845203832622,4.737022655045908,4.269920362702182
floor_both__support_random,ADE_vs_floor,easy,eu-locality-020,695,1.6808893830735179,1.7041860561795545,1.3670263890236956,4.347720547838401,6.376550887893464,4.333966156328703
floor_both__support_random,ADE_vs_floor,easy,eu-locality-048,2050,2.063955820612509,2.1853076350211285,5.553076942754842,4.210687426461756,4.748427081671313,4.279426052271072
floor_both__support_random,ADE_vs_floor,easy,eu-locality-067,1508,2.0173904381750876,2.0760134319354244,2.823825359630927,4.317351028176637,4.8492954635048875,4.333274063846627
floor_both__support_random,ADE_vs_floor,easy,eu-locality-110,2579,2.0444019405610323,2.212478061615281,7.596736165218287,4.025016145228815,4.595043369670406,4.203897765463916
floor_both__support_random,ADE_vs_floor,easy,eu-locality-119,1658,2.1298673690131786,2.2702471919597778,6.18345982075269,4.176146941161517,5.903202900920345,4.2442330009580065
floor_both__support_random,ADE_vs_floor,easy,eu-locality-124,1006,2.2769311917025234,2.445639210289273,6.89831999245688,4.195300731378602,4.740170764217352,4.3295911457613965
floor_both__support_random,ADE_vs_floor,hard,eu-locality-007,1023,38.57525128301706,39.29723477145136,1.8372373848523416,78.11265794064077,106.93881724198937,79.09141428093004
floor_both__support_random,ADE_vs_floor,hard,eu-locality-008,36762,49.32220711207886,49.6651159299373,0.6904419962337038,118.7347590037351,204.47317555711012,119.6000434566927
floor_both__support_random,ADE_vs_floor,hard,eu-locality-020,47,36.92354931828993,36.92354931828993,0.0,60.52355224102176,69.16719818649797,60.52355224102176
floor_both__support_random,ADE_vs_floor,hard,eu-locality-048,2992,53.50006792607237,53.792738563058535,0.5440709002816124,122.13867576602802,202.79147183299347,122.60258245083135
floor_both__support_random,ADE_vs_floor,hard,eu-locality-067,2806,54.41421042872584,54.910481269926386,0.9037816273381405,127.36920960317892,198.92434816893777,127.36920960317892
floor_both__support_random,ADE_vs_floor,hard,eu-locality-110,2743,75.39728747521744,75.97472072201377,0.7600333917766156,211.62896236269754,397.4520939232745,216.0693714569461
floor_both__support_random,ADE_vs_floor,hard,eu-locality-119,1895,67.62522142698887,67.75657981295986,0.19386808828544266,172.71391239328824,273.9914452410256,172.71391239328824
floor_both__support_random,ADE_vs_floor,hard,eu-locality-124,1362,95.18583791236654,95.90581572544342,0.7507134031767282,271.3821345043969,435.0646456287289,274.4684238324386
floor_both__support_random,ADE_vs_floor,complete,eu-locality-007,2882,12.732547061859194,13.000634704824002,2.062111958774837,45.565413951794106,76.86890219592341,46.10523368271999
floor_both__support_random,ADE_vs_floor,complete,eu-locality-008,97352,15.350505406478135,15.598244315124525,1.5882486749241087,55.8064918534911,114.10054856740905,55.94798986313879
floor_both__support_random,ADE_vs_floor,complete,eu-locality-020,364,6.836005257110406,6.916345990279542,1.1616066241054046,22.682718227503177,49.70629992513765,22.682718227503177
floor_both__support_random,ADE_vs_floor,complete,eu-locality-048,4716,24.481590903818564,24.73400441013314,1.0205120939137724,87.4297223139065,150.53843627794993,87.79424185591918
floor_both__support_random,ADE_vs_floor,complete,eu-locality-067,3417,27.872034255489826,28.18803041865701,1.1210295947390314,87.55740326540852,160.33713288337748,87.55740326540852
floor_both__support_random,ADE_vs_floor,complete,eu-locality-110,5804,26.583689982199743,27.023399686932656,1.6271442891233945,109.10545060557648,260.19859731101656,109.83042543804812
floor_both__support_random,ADE_vs_floor,complete,eu-locality-119,3148,26.75911620242454,26.934654676344703,0.651719786384819,103.39939289346599,189.99779782669526,103.20378997279019
floor_both__support_random,ADE_vs_floor,complete,eu-locality-124,2077,36.807398286327924,37.29493004175377,1.307233328712587,168.5167299033246,315.79700044017295,171.59254389597885
floor_both__support_random,ADE_vs_original,all,eu-locality-007,5526,12.827101856088692,12.822978122988419,-0.032158934225123836,44.174784236650225,76.43866311332394,44.03919063744113
floor_both__support_random,ADE_vs_original,all,eu-locality-008,157961,17.08762233071278,17.074451273007295,-0.07713898089543036,60.60275779881743,126.25490197889216,60.60769056489148
floor_both__support_random,ADE_vs_original,all,eu-locality-020,1225,6.418226270514254,6.413161884786122,-0.07896862451182152,20.840106881217874,41.37090371937323,20.840106881217874
floor_both__support_random,ADE_vs_original,all,eu-locality-048,8058,24.879135930186504,24.876969483250214,-0.008708644908494989,84.58564324825383,149.41133462060048,84.58564324825383
floor_both__support_random,ADE_vs_original,all,eu-locality-067,6903,27.206160437850574,27.198696423377903,-0.027442544879674458,89.25687888032896,162.6235251701382,88.92690474713947
floor_both__support_random,ADE_vs_original,all,eu-locality-110,8550,28.78024089315709,28.671522275683127,-0.3791867638857971,116.08119632478927,260.7935481375995,115.8374534339325
floor_both__support_random,ADE_vs_original,all,eu-locality-119,5639,27.565007562895254,27.556481177890173,-0.030941486868507617,110.34400428139483,195.19579909519848,110.34400428139483
floor_both__support_random,ADE_vs_original,all,eu-locality-124,3550,40.87122280946403,40.82779999213906,-0.10635600579342874,181.20786734733102,334.5241333078915,180.44841436942855
floor_both__support_random,ADE_vs_original,easy,eu-locality-007,2133,1.752480598088569,1.7496705130532437,-0.16060652644944717,4.2122584886944825,4.850593696500727,4.200198112143838
floor_both__support_random,ADE_vs_original,easy,eu-locality-008,52276,2.1077860487756883,2.101565003704113,-0.2960196358718692,4.174845203832622,4.737022655045908,4.167812125995798
floor_both__support_random,ADE_vs_original,easy,eu-locality-020,695,1.6808893830735179,1.6799259509989088,-0.05734967508752575,4.347720547838401,6.376550887893464,4.347720547838401
floor_both__support_random,ADE_vs_original,easy,eu-locality-048,2050,2.063955820612509,2.0619545929776995,-0.09705488382842908,4.210687426461756,4.748427081671313,4.210687426461756
floor_both__support_random,ADE_vs_original,easy,eu-locality-067,1508,2.0173904381750876,2.0159702879674635,-0.070444996937713,4.317351028176637,4.8492954635048875,4.317351028176637
floor_both__support_random,ADE_vs_original,easy,eu-locality-110,2579,2.0444019405610323,2.036358405509314,-0.3949960394966201,4.025016145228815,4.595043369670406,4.000881404249527
floor_both__support_random,ADE_vs_original,easy,eu-locality-119,1658,2.1298673690131786,2.1238292972798116,-0.2843011790589989,4.176146941161517,5.903202900920345,4.161233964387031
floor_both__support_random,ADE_vs_original,easy,eu-locality-124,1006,2.2769311917025234,2.2688965272650763,-0.35412211799417115,4.195300731378602,4.740170764217352,4.175611238101195
floor_both__support_random,ADE_vs_original,hard,eu-locality-007,1023,38.57525128301706,38.558057102182765,-0.04459296480818775,78.11265794064077,106.93881724198937,78.11265794064077
floor_both__support_random,ADE_vs_original,hard,eu-locality-008,36762,49.32220711207886,49.29287555538899,-0.059504657335129885,118.7347590037351,204.47317555711012,118.48734126039592
floor_both__support_random,ADE_vs_original,hard,eu-locality-020,47,36.92354931828993,36.92354931828993,0.0,60.52355224102176,69.16719818649797,60.52355224102176
floor_both__support_random,ADE_vs_original,hard,eu-locality-048,2992,53.50006792607237,53.49984173495825,-0.0004227883798835208,122.13867576602802,202.79147183299347,122.13867576602802
floor_both__support_random,ADE_vs_original,hard,eu-locality-067,2806,54.41421042872584,54.40462888289575,-0.017611637147108006,127.36920960317892,198.92434816893777,127.36920960317892
floor_both__support_random,ADE_vs_original,hard,eu-locality-110,2743,75.39728747521744,75.08751911306501,-0.41254307747999874,211.62896236269754,397.4520939232745,211.62896236269754
floor_both__support_random,ADE_vs_original,hard,eu-locality-119,1895,67.62522142698887,67.61649407686099,-0.012907131975770092,172.71391239328824,273.9914452410256,172.71391239328824
floor_both__support_random,ADE_vs_original,hard,eu-locality-124,1362,95.18583791236654,95.1002806791742,-0.08996527936753207,271.3821345043969,435.0646456287289,271.3821345043969
floor_both__support_random,FDE_vs_floor,endpoint,eu-locality-007,3935,27.392016918745078,28.021083104029973,2.24497455344409,98.75674920244208,170.8952492395845,99.74000009835866
floor_both__support_random,FDE_vs_floor,endpoint,eu-locality-008,121088,33.010309952931834,33.623565608115655,1.8238864442020941,128.15982179334083,265.6909254712743,128.79015975416985
floor_both__support_random,FDE_vs_floor,endpoint,eu-locality-020,622,14.468570827150092,14.627580582394309,1.0870543788738418,52.375808020598235,102.34943144507893,52.375808020598235
floor_both__support_random,FDE_vs_floor,endpoint,eu-locality-048,5582,53.24543768025616,53.81633147703995,1.0608188650453765,199.35238083131281,335.7568772699859,199.98144871686628
floor_both__support_random,FDE_vs_floor,endpoint,eu-locality-067,4600,58.171553211096,58.9192547164766,1.2690274325067308,195.84787627467875,367.0313156604077,196.65546131977956
floor_both__support_random,FDE_vs_floor,endpoint,eu-locality-110,7204,53.16342343799544,54.21226435414351,1.9346930600361523,232.96404711868965,522.3464241323134,235.26017178763956
floor_both__support_random,FDE_vs_floor,endpoint,eu-locality-119,4147,61.04325580481788,61.43987867856576,0.6455463166242348,247.74174405968162,445.5820913837266,247.02998619753183
floor_both__support_random,FDE_vs_floor,endpoint,eu-locality-124,2645,78.86888881750242,80.00543159398303,1.4205820202913388,359.8268030394561,706.7772214329127,363.62977622543167
floor_both__support_random,ADE_vs_CV,easy,eu-locality-007,2133,1.752480598088569,1.8525004364762494,5.399180287262661,4.2122584886944825,4.850593696500727,4.355450553983238
floor_both__support_random,ADE_vs_CV,easy,eu-locality-008,52276,2.1077860487756883,2.3343046202023725,9.703899373983427,4.174845203832622,4.737022655045908,4.477191635123733
floor_both__support_random,ADE_vs_CV,easy,eu-locality-020,695,1.6808893830735179,1.6834998531827923,0.15506209307586394,4.347720547838401,6.376550887893464,4.294862621440125
floor_both__support_random,ADE_vs_CV,easy,eu-locality-048,2050,2.063955820612509,2.2919612794697164,9.948050209205983,4.210687426461756,4.748427081671313,4.484449431559784
floor_both__support_random,ADE_vs_CV,easy,eu-locality-067,1508,2.0173904381750876,2.126958008841005,5.151374414092058,4.317351028176637,4.8492954635048875,4.431771346846858
floor_both__support_random,ADE_vs_CV,easy,eu-locality-110,2579,2.0444019405610323,2.356118809479549,13.230099758312818,4.025016145228815,4.595043369670406,4.476255197977273
floor_both__support_random,ADE_vs_CV,easy,eu-locality-119,1658,2.1298673690131786,2.3455260977767742,9.194471507608014,4.176146941161517,5.903202900920345,4.423775218674889
floor_both__support_random,ADE_vs_CV,easy,eu-locality-124,1006,2.2769311917025234,2.5758364727079335,11.60420252498312,4.195300731378602,4.740170764217352,4.529853536161329
floor_both__combined,ADE_vs_floor,all,eu-locality-007,5526,12.822730808188567,13.03007789912518,1.5912958659328846,44.03919063744113,76.43866311332394,44.69396378264957
floor_both__combined,ADE_vs_floor,all,eu-locality-008,157961,17.092338149700236,17.303707458293164,1.221526133069395,60.62374404800723,126.25490197889216,60.851472194022485
floor_both__combined,ADE_vs_floor,all,eu-locality-020,1225,6.418226270514254,6.465710721017629,0.7344041908497467,20.840106881217874,41.37090371937323,20.649557710350873
floor_both__combined,ADE_vs_floor,all,eu-locality-048,8058,24.880597618745647,25.081786899115574,0.8021329627715734,84.58564324825383,149.41133462060048,84.94302472678147
floor_both__combined,ADE_vs_floor,all,eu-locality-067,6903,27.205213987767888,27.46038603063451,0.929236910879383,89.25687888032896,162.6235251701382,89.6517956862803
floor_both__combined,ADE_vs_floor,all,eu-locality-110,8550,28.78631701045555,29.15799863842907,1.274715842409213,115.8374534339325,261.4152450345212,117.19208997565195
floor_both__combined,ADE_vs_floor,all,eu-locality-119,5639,27.56567058930964,27.707160085187788,0.5106604049030183,110.34400428139483,195.19579909519848,110.34400428139483
floor_both__combined,ADE_vs_floor,all,eu-locality-124,3550,40.854746287261854,41.28618629430454,1.0449984504919185,180.44841436942855,334.55067044545154,182.70620705979104
floor_both__combined,ADE_vs_floor,easy,eu-locality-007,2133,1.7515694225835792,1.8208803442437398,3.8064511970415715,4.2122584886944825,4.850593696500727,4.231677560310645
floor_both__combined,ADE_vs_floor,easy,eu-locality-008,52276,2.105035728522132,2.243755079189184,6.182464028880563,4.171813040611255,4.736303186528916,4.269920362702182
floor_both__combined,ADE_vs_floor,easy,eu-locality-020,695,1.6808893830735179,1.7041860561795545,1.3670263890236956,4.347720547838401,6.376550887893464,4.333966156328703
floor_both__combined,ADE_vs_floor,easy,eu-locality-048,2050,2.0608495621279843,2.1853076350211285,5.695219789589978,4.210687426461756,4.72373440178062,4.279426052271072
floor_both__combined,ADE_vs_floor,easy,eu-locality-067,1508,2.013890599626693,2.0760134319354244,2.9924099407591664,4.305100490481949,4.8492954635048875,4.333274063846627
floor_both__combined,ADE_vs_floor,easy,eu-locality-110,2579,2.038727182508516,2.212478061615281,7.8532249481340966,4.004004758180282,4.552503303521646,4.203897765463916
floor_both__combined,ADE_vs_floor,easy,eu-locality-119,1658,2.1279977433480575,2.2702471919597778,6.265813216970628,4.161233964387031,5.903202900920345,4.2442330009580065
floor_both__combined,ADE_vs_floor,easy,eu-locality-124,1006,2.2695535848900166,2.445639210289273,7.199983736702887,4.175611238101195,4.74090412080723,4.3295911457613965
floor_both__combined,ADE_vs_floor,hard,eu-locality-007,1023,38.545173395927186,39.29723477145136,1.9137768341667805,78.11265794064077,106.93881724198937,79.09141428093004
floor_both__combined,ADE_vs_floor,hard,eu-locality-008,36762,49.34629875056158,49.6651159299373,0.6419338270054142,118.76223160811813,204.56241452256256,119.6000434566927
floor_both__combined,ADE_vs_floor,hard,eu-locality-020,47,36.92354931828993,36.92354931828993,0.0,60.52355224102176,69.16719818649797,60.52355224102176
floor_both__combined,ADE_vs_floor,hard,eu-locality-048,2992,53.505515470141404,53.792738563058535,0.5339439868457974,122.13867576602802,202.79147183299347,122.60258245083135
floor_both__combined,ADE_vs_floor,hard,eu-locality-067,2806,54.41397479038018,54.910481269926386,0.9042107591545223,127.36920960317892,198.92434816893777,127.36920960317892
floor_both__combined,ADE_vs_floor,hard,eu-locality-110,2743,75.43262525602749,75.97472072201377,0.7135208406619409,211.83016053994538,397.4520939232745,216.0693714569461
floor_both__combined,ADE_vs_floor,hard,eu-locality-119,1895,67.63119080919321,67.75657981295986,0.18505804766529854,172.71391239328824,273.9914452410256,172.71391239328824
floor_both__combined,ADE_vs_floor,hard,eu-locality-124,1362,95.15486834631032,95.90581572544342,0.783005048706209,271.3821345043969,435.0646456287289,274.4684238324386
floor_both__combined,ADE_vs_floor,complete,eu-locality-007,2882,12.722634135653413,13.000634704824002,2.1383615145146195,45.41788125230695,76.86890219592341,46.10523368271999
floor_both__combined,ADE_vs_floor,complete,eu-locality-008,97352,15.354163071683054,15.598244315124525,1.5647994640320073,55.81706777720679,114.10054856740905,55.94798986313879
floor_both__combined,ADE_vs_floor,complete,eu-locality-020,364,6.836005257110406,6.916345990279542,1.1616066241054046,22.682718227503177,49.70629992513765,22.682718227503177
floor_both__combined,ADE_vs_floor,complete,eu-locality-048,4716,24.481526553764887,24.73400441013314,1.020772262273939,87.4297223139065,150.53843627794993,87.79424185591918
floor_both__combined,ADE_vs_floor,complete,eu-locality-067,3417,27.872202886266418,28.18803041865701,1.1204313593388027,87.55740326540852,160.33713288337748,87.55740326540852
floor_both__combined,ADE_vs_floor,complete,eu-locality-110,5804,26.595004307931784,27.023399686932656,1.585275664660446,109.10545060557648,261.2510570653189,109.83042543804812
floor_both__combined,ADE_vs_floor,complete,eu-locality-119,3148,26.76052820851378,26.934654676344703,0.6464774467067835,103.39939289346599,189.99779782669526,103.20378997279019
floor_both__combined,ADE_vs_floor,complete,eu-locality-124,2077,36.80365409013919,37.29493004175377,1.3172727527966166,168.5167299033246,315.79700044017295,171.59254389597885
floor_both__combined,ADE_vs_original,all,eu-locality-007,5526,12.822730808188567,12.822978122988419,0.0019286845651556028,44.03919063744113,76.43866311332394,44.03919063744113
floor_both__combined,ADE_vs_original,all,eu-locality-008,157961,17.092338149700236,17.074451273007295,-0.1047581348702975,60.62374404800723,126.25490197889216,60.60769056489148
floor_both__combined,ADE_vs_original,all,eu-locality-020,1225,6.418226270514254,6.413161884786122,-0.07896862451182152,20.840106881217874,41.37090371937323,20.840106881217874
floor_both__combined,ADE_vs_original,all,eu-locality-048,8058,24.880597618745647,24.876969483250214,-0.014584314612253735,84.58564324825383,149.41133462060048,84.58564324825383
floor_both__combined,ADE_vs_original,all,eu-locality-067,6903,27.205213987767888,27.198696423377903,-0.023962782217679113,89.25687888032896,162.6235251701382,88.92690474713947
floor_both__combined,ADE_vs_original,all,eu-locality-110,8550,28.78631701045555,28.671522275683127,-0.4003789323379747,115.8374534339325,261.4152450345212,115.8374534339325
floor_both__combined,ADE_vs_original,all,eu-locality-119,5639,27.56567058930964,27.556481177890173,-0.03334755029187342,110.34400428139483,195.19579909519848,110.34400428139483
floor_both__combined,ADE_vs_original,all,eu-locality-124,3550,40.854746287261854,40.82779999213906,-0.06599987049995537,180.44841436942855,334.55067044545154,180.44841436942855
floor_both__combined,ADE_vs_original,easy,eu-locality-007,2133,1.7515694225835792,1.7496705130532437,-0.10852954977345064,4.2122584886944825,4.850593696500727,4.200198112143838
floor_both__combined,ADE_vs_original,easy,eu-locality-008,52276,2.105035728522132,2.101565003704113,-0.1651495343661269,4.171813040611255,4.736303186528916,4.167812125995798
floor_both__combined,ADE_vs_original,easy,eu-locality-020,695,1.6808893830735179,1.6799259509989088,-0.05734967508752575,4.347720547838401,6.376550887893464,4.347720547838401
floor_both__combined,ADE_vs_original,easy,eu-locality-048,2050,2.0608495621279843,2.0619545929776995,0.05359142502354697,4.210687426461756,4.72373440178062,4.210687426461756
floor_both__combined,ADE_vs_original,easy,eu-locality-067,1508,2.013890599626693,2.0159702879674635,0.10316066428077697,4.305100490481949,4.8492954635048875,4.317351028176637
floor_both__combined,ADE_vs_original,easy,eu-locality-110,2579,2.038727182508516,2.036358405509314,-0.11632416930111855,4.004004758180282,4.552503303521646,4.000881404249527
floor_both__combined,ADE_vs_original,easy,eu-locality-119,1658,2.1279977433480575,2.1238292972798116,-0.19627029693887188,4.161233964387031,5.903202900920345,4.161233964387031
floor_both__combined,ADE_vs_original,easy,eu-locality-124,1006,2.2695535848900166,2.2688965272650763,-0.02895934728819327,4.175611238101195,4.74090412080723,4.175611238101195
floor_both__combined,ADE_vs_original,hard,eu-locality-007,1023,38.545173395927186,38.558057102182765,0.033413784884017694,78.11265794064077,106.93881724198937,78.11265794064077
floor_both__combined,ADE_vs_original,hard,eu-locality-008,36762,49.34629875056158,49.29287555538899,-0.10837914114496527,118.76223160811813,204.56241452256256,118.48734126039592
floor_both__combined,ADE_vs_original,hard,eu-locality-020,47,36.92354931828993,36.92354931828993,0.0,60.52355224102176,69.16719818649797,60.52355224102176
floor_both__combined,ADE_vs_original,hard,eu-locality-048,2992,53.505515470141404,53.49984173495825,-0.010605143864284017,122.13867576602802,202.79147183299347,122.13867576602802
floor_both__combined,ADE_vs_original,hard,eu-locality-067,2806,54.41397479038018,54.40462888289575,-0.017178515277715967,127.36920960317892,198.92434816893777,127.36920960317892
floor_both__combined,ADE_vs_original,hard,eu-locality-110,2743,75.43262525602749,75.08751911306501,-0.4596052007562301,211.83016053994538,397.4520939232745,211.62896236269754
floor_both__combined,ADE_vs_original,hard,eu-locality-119,1895,67.63119080919321,67.61649407686099,-0.02173542496231029,172.71391239328824,273.9914452410256,172.71391239328824
floor_both__combined,ADE_vs_original,hard,eu-locality-124,1362,95.15486834631032,95.1002806791742,-0.05740011148891444,271.3821345043969,435.0646456287289,271.3821345043969
floor_both__combined,FDE_vs_floor,endpoint,eu-locality-007,3935,27.378342929153696,28.021083104029973,2.293773486521078,98.75674920244208,170.8952492395845,99.74000009835866
floor_both__combined,FDE_vs_floor,endpoint,eu-locality-008,121088,33.02459659725803,33.623565608115655,1.7813964700788665,128.1754281749431,266.28378882679493,128.79015975416985
floor_both__combined,FDE_vs_floor,endpoint,eu-locality-020,622,14.468570827150092,14.627580582394309,1.0870543788738418,52.375808020598235,102.34943144507893,52.375808020598235
floor_both__combined,FDE_vs_floor,endpoint,eu-locality-048,5582,53.24379581691975,53.81633147703995,1.063869729515965,199.35238083131281,335.7568772699859,199.98144871686628
floor_both__combined,FDE_vs_floor,endpoint,eu-locality-067,4600,58.17078729491805,58.9192547164766,1.2703273745742871,195.84787627467875,367.0313156604077,196.65546131977956
floor_both__combined,FDE_vs_floor,endpoint,eu-locality-110,7204,53.18033609913724,54.21226435414351,1.903495947457856,233.2609036442401,522.3464241323134,235.26017178763956
floor_both__combined,FDE_vs_floor,endpoint,eu-locality-119,4147,61.04437890960121,61.43987867856576,0.6437183429897186,247.74174405968162,445.5820913837266,247.02998619753183
floor_both__combined,FDE_vs_floor,endpoint,eu-locality-124,2645,78.79143412023625,80.00543159398303,1.5173938188442815,358.33466421881184,711.5918971049587,363.62977622543167
floor_both__combined,ADE_vs_CV,easy,eu-locality-007,2133,1.7515694225835792,1.8525004364762494,5.448366537751381,4.2122584886944825,4.850593696500727,4.355450553983238
floor_both__combined,ADE_vs_CV,easy,eu-locality-008,52276,2.105035728522132,2.3343046202023725,9.821721196797528,4.171813040611255,4.736303186528916,4.477191635123733
floor_both__combined,ADE_vs_CV,easy,eu-locality-020,695,1.6808893830735179,1.6834998531827923,0.15506209307586394,4.347720547838401,6.376550887893464,4.294862621440125
floor_both__combined,ADE_vs_CV,easy,eu-locality-048,2050,2.0608495621279843,2.2919612794697164,10.083578610682453,4.210687426461756,4.72373440178062,4.484449431559784
floor_both__combined,ADE_vs_CV,easy,eu-locality-067,1508,2.013890599626693,2.126958008841005,5.315921082801401,4.305100490481949,4.8492954635048875,4.431771346846858
floor_both__combined,ADE_vs_CV,easy,eu-locality-110,2579,2.038727182508516,2.356118809479549,13.470951706427014,4.004004758180282,4.552503303521646,4.476255197977273
floor_both__combined,ADE_vs_CV,easy,eu-locality-119,1658,2.1279977433480575,2.3455260977767742,9.274181798058134,4.161233964387031,5.903202900920345,4.423775218674889
floor_both__combined,ADE_vs_CV,easy,eu-locality-124,1006,2.2695535848900166,2.5758364727079335,11.890618486969661,4.175611238101195,4.74090412080723,4.529853536161329
floor_both__combined,matched_risk,all,eu-locality-007,5526,12.822730808188567,12.833086645101801,0.08069638427312675,44.03919063744113,76.43866311332394,44.03919063744113
floor_both__combined,matched_risk,all,eu-locality-008,157961,17.092338149700236,17.098665722028322,0.03700623446853957,60.62374404800723,126.25490197889216,60.65048438340756
floor_both__combined,matched_risk,all,eu-locality-020,1225,6.418226270514254,6.418226270514254,0.0,20.840106881217874,41.37090371937323,20.840106881217874
floor_both__combined,matched_risk,all,eu-locality-048,8058,24.880597618745647,24.88946735567774,0.0356365076252696,84.58564324825383,149.41133462060048,84.58564324825383
floor_both__combined,matched_risk,all,eu-locality-067,6903,27.205213987767888,27.205796230914405,0.0021401437457546635,89.25687888032896,162.6235251701382,88.92690474713947
floor_both__combined,matched_risk,all,eu-locality-110,8550,28.78631701045555,28.704371585708824,-0.2854806436087376,115.8374534339325,261.4152450345212,115.8374534339325
floor_both__combined,matched_risk,all,eu-locality-119,5639,27.56567058930964,27.573092687331272,0.02691790183203535,110.34400428139483,195.19579909519848,110.34400428139483
floor_both__combined,matched_risk,all,eu-locality-124,3550,40.854746287261854,40.84465992697015,-0.024694440619010827,180.44841436942855,334.55067044545154,180.44841436942855
floor_both__combined,matched_risk,easy,eu-locality-007,2133,1.7515694225835792,1.7546331495562717,0.17460783602927243,4.2122584886944825,4.850593696500727,4.2122584886944825
floor_both__combined,matched_risk,easy,eu-locality-008,52276,2.105035728522132,2.1071579881519327,0.10071668293187841,4.171813040611255,4.736303186528916,4.174845203832622
floor_both__combined,matched_risk,easy,eu-locality-020,695,1.6808893830735179,1.6808893830735179,0.0,4.347720547838401,6.376550887893464,4.347720547838401
floor_both__combined,matched_risk,easy,eu-locality-048,2050,2.0608495621279843,2.0657572909488526,0.2375752873956527,4.210687426461756,4.72373440178062,4.215975861076558
floor_both__combined,matched_risk,easy,eu-locality-067,1508,2.013890599626693,2.0151065088926696,0.06033970217508289,4.305100490481949,4.8492954635048875,4.305100490481949
floor_both__combined,matched_risk,easy,eu-locality-110,2579,2.038727182508516,2.0410568889674963,0.11414216191488746,4.004004758180282,4.552503303521646,4.005175541490715
floor_both__combined,matched_risk,easy,eu-locality-119,1658,2.1279977433480575,2.1282104993984365,0.009996945811474589,4.161233964387031,5.903202900920345,4.166128263311494
floor_both__combined,matched_risk,easy,eu-locality-124,1006,2.2695535848900166,2.274491508779547,0.21710012415830926,4.175611238101195,4.74090412080723,4.175611238101195
floor_both__combined,matched_risk,hard,eu-locality-007,1023,38.545173395927186,38.61011463977363,0.16819749035280607,78.11265794064077,106.93881724198937,78.11265794064077
floor_both__combined,matched_risk,hard,eu-locality-008,36762,49.34629875056158,49.35094820224746,0.009421200311743316,118.76223160811813,204.56241452256256,118.76223160811813
floor_both__combined,matched_risk,hard,eu-locality-020,47,36.92354931828993,36.92354931828993,0.0,60.52355224102176,69.16719818649797,60.52355224102176
floor_both__combined,matched_risk,hard,eu-locality-048,2992,53.505515470141404,53.51637549117286,0.020292893402784618,122.13867576602802,202.79147183299347,122.13867576602802
floor_both__combined,matched_risk,hard,eu-locality-067,2806,54.41397479038018,54.41001303980909,-0.007281289508598299,127.36920960317892,198.92434816893777,127.36920960317892
floor_both__combined,matched_risk,hard,eu-locality-110,2743,75.43262525602749,75.15004916927786,-0.37601583747886025,211.83016053994538,397.4520939232745,211.83016053994538
floor_both__combined,matched_risk,hard,eu-locality-119,1895,67.63119080919321,67.63798166665907,0.010040006071332375,172.71391239328824,273.9914452410256,172.71391239328824
floor_both__combined,matched_risk,hard,eu-locality-124,1362,95.15486834631032,95.10554936815993,-0.051857098221974596,271.3821345043969,435.0646456287289,271.3821345043969
floor_both__combined,matched_risk,complete,eu-locality-007,2882,12.722634135653413,12.748904089983634,0.206056568821944,45.41788125230695,76.86890219592341,45.47448265068489
floor_both__combined,matched_risk,complete,eu-locality-008,97352,15.354163071683054,15.360783697223312,0.04310083177236912,55.81706777720679,114.10054856740905,55.81706777720679
floor_both__combined,matched_risk,complete,eu-locality-020,364,6.836005257110406,6.836005257110406,0.0,22.682718227503177,49.70629992513765,22.682718227503177
floor_both__combined,matched_risk,complete,eu-locality-048,4716,24.481526553764887,24.49121446437287,0.03955667703647858,87.4297223139065,150.53843627794993,87.4297223139065
floor_both__combined,matched_risk,complete,eu-locality-067,3417,27.872202886266418,27.86701051010688,-0.01863269889554875,87.55740326540852,160.33713288337748,87.49455596529795
floor_both__combined,matched_risk,complete,eu-locality-110,5804,26.595004307931784,26.498516872780833,-0.3641239078178815,109.10545060557648,261.2510570653189,109.10545060557648
floor_both__combined,matched_risk,complete,eu-locality-119,3148,26.76052820851378,26.771196250143504,0.03984895381605735,103.39939289346599,189.99779782669526,103.39939289346599
floor_both__combined,matched_risk,complete,eu-locality-124,2077,36.80365409013919,36.82278820122808,0.051962689474582824,168.5167299033246,315.79700044017295,168.5167299033246
floor_both__combined,matched_random,all,eu-locality-007,5526,12.822730808188567,12.827101856088692,0.034076660099569,44.03919063744113,76.43866311332394,44.174784236650225
floor_both__combined,matched_random,all,eu-locality-008,157961,17.092338149700236,17.08762233071278,-0.027597865262851684,60.62374404800723,126.25490197889216,60.60275779881743
floor_both__combined,matched_random,all,eu-locality-020,1225,6.418226270514254,6.418226270514254,0.0,20.840106881217874,41.37090371937323,20.840106881217874
floor_both__combined,matched_random,all,eu-locality-048,8058,24.880597618745647,24.879135930186504,-0.005875158057122576,84.58564324825383,149.41133462060048,84.58564324825383
floor_both__combined,matched_random,all,eu-locality-067,6903,27.205213987767888,27.206160437850574,0.0034788079885439416,89.25687888032896,162.6235251701382,89.25687888032896
floor_both__combined,matched_random,all,eu-locality-110,8550,28.78631701045555,28.78024089315709,-0.021112114109889113,115.8374534339325,261.4152450345212,116.08119632478927
floor_both__combined,matched_random,all,eu-locality-119,5639,27.56567058930964,27.565007562895254,-0.0024053191818529385,110.34400428139483,195.19579909519848,110.34400428139483
floor_both__combined,matched_random,all,eu-locality-124,3550,40.854746287261854,40.87122280946403,0.040313259720625716,180.44841436942855,334.55067044545154,181.20786734733102
floor_both__combined,matched_random,easy,eu-locality-007,2133,1.7515694225835792,1.752480598088569,0.05199347176702007,4.2122584886944825,4.850593696500727,4.2122584886944825
floor_both__combined,matched_random,easy,eu-locality-008,52276,2.105035728522132,2.1077860487756883,0.13048384370670796,4.171813040611255,4.736303186528916,4.174845203832622
floor_both__combined,matched_random,easy,eu-locality-020,695,1.6808893830735179,1.6808893830735179,0.0,4.347720547838401,6.376550887893464,4.347720547838401
floor_both__combined,matched_random,easy,eu-locality-048,2050,2.0608495621279843,2.063955820612509,0.1505002410178924,4.210687426461756,4.72373440178062,4.210687426461756
floor_both__combined,matched_random,easy,eu-locality-067,1508,2.013890599626693,2.0173904381750876,0.17348345080688832,4.305100490481949,4.8492954635048875,4.317351028176637
floor_both__combined,matched_random,easy,eu-locality-110,2579,2.038727182508516,2.0444019405610323,0.27757545812928663,4.004004758180282,4.552503303521646,4.025016145228815
floor_both__combined,matched_random,easy,eu-locality-119,1658,2.1279977433480575,2.1298673690131786,0.08778131879579876,4.161233964387031,5.903202900920345,4.176146941161517
floor_both__combined,matched_random,easy,eu-locality-124,1006,2.2695535848900166,2.2769311917025234,0.3240153606482221,4.175611238101195,4.74090412080723,4.195300731378602
floor_both__combined,matched_random,hard,eu-locality-007,1023,38.545173395927186,38.57525128301706,0.07797197967474023,78.11265794064077,106.93881724198937,78.11265794064077
floor_both__combined,matched_random,hard,eu-locality-008,36762,49.34629875056158,49.32220711207886,-0.04884541851093438,118.76223160811813,204.56241452256256,118.7347590037351
floor_both__combined,matched_random,hard,eu-locality-020,47,36.92354931828993,36.92354931828993,0.0,60.52355224102176,69.16719818649797,60.52355224102176
floor_both__combined,matched_random,hard,eu-locality-048,2992,53.505515470141404,53.50006792607237,-0.010182312434747764,122.13867576602802,202.79147183299347,122.13867576602802
floor_both__combined,matched_random,hard,eu-locality-067,2806,54.41397479038018,54.41421042872584,0.00043304560297663386,127.36920960317892,198.92434816893777,127.36920960317892
floor_both__combined,matched_random,hard,eu-locality-110,2743,75.43262525602749,75.39728747521744,-0.04686876941251139,211.83016053994538,397.4520939232745,211.62896236269754
floor_both__combined,matched_random,hard,eu-locality-119,1895,67.63119080919321,67.62522142698887,-0.00882715365417841,172.71391239328824,273.9914452410256,172.71391239328824
floor_both__combined,matched_random,hard,eu-locality-124,1362,95.15486834631032,95.18583791236654,0.03253589686811331,271.3821345043969,435.0646456287289,271.3821345043969
floor_both__combined,matched_random,complete,eu-locality-007,2882,12.722634135653413,12.732547061859194,0.07785501327911559,45.41788125230695,76.86890219592341,45.565413951794106
floor_both__combined,matched_random,complete,eu-locality-008,97352,15.354163071683054,15.350505406478135,-0.02382765327957337,55.81706777720679,114.10054856740905,55.8064918534911
floor_both__combined,matched_random,complete,eu-locality-020,364,6.836005257110406,6.836005257110406,0.0,22.682718227503177,49.70629992513765,22.682718227503177
floor_both__combined,matched_random,complete,eu-locality-048,4716,24.481526553764887,24.481590903818564,0.0002628507842050709,87.4297223139065,150.53843627794993,87.4297223139065
floor_both__combined,matched_random,complete,eu-locality-067,3417,27.872202886266418,27.872034255489826,-0.0006050178291472363,87.55740326540852,160.33713288337748,87.55740326540852
floor_both__combined,matched_random,complete,eu-locality-110,5804,26.595004307931784,26.583689982199743,-0.042561155880238566,109.10545060557648,261.2510570653189,109.10545060557648
floor_both__combined,matched_random,complete,eu-locality-119,3148,26.76052820851378,26.75911620242454,-0.005276729166081573,103.39939289346599,189.99779782669526,103.39939289346599
floor_both__combined,matched_random,complete,eu-locality-124,2077,36.80365409013919,36.807398286327924,0.010172401101560258,168.5167299033246,315.79700044017295,168.5167299033246
floor_both__combined_risk,ADE_vs_floor,all,eu-locality-007,5526,12.833086645101801,13.03007789912518,1.5118194653049977,44.03919063744113,76.43866311332394,44.69396378264957
floor_both__combined_risk,ADE_vs_floor,all,eu-locality-008,157961,17.098665722028322,17.303707458293164,1.1849584070873331,60.65048438340756,126.26463375678044,60.851472194022485
floor_both__combined_risk,ADE_vs_floor,all,eu-locality-020,1225,6.418226270514254,6.465710721017629,0.7344041908497467,20.840106881217874,41.37090371937323,20.649557710350873
floor_both__combined_risk,ADE_vs_floor,all,eu-locality-048,8058,24.88946735567774,25.081786899115574,0.7667697050907307,84.58564324825383,149.41133462060048,84.94302472678147
floor_both__combined_risk,ADE_vs_floor,all,eu-locality-067,6903,27.205796230914405,27.46038603063451,0.9271166087617466,88.92690474713947,162.6235251701382,89.6517956862803
floor_both__combined_risk,ADE_vs_floor,all,eu-locality-110,8550,28.704371585708824,29.15799863842907,1.5557551063274389,115.8374534339325,260.7935481375995,117.19208997565195
floor_both__combined_risk,ADE_vs_floor,all,eu-locality-119,5639,27.573092687331272,27.707160085187788,0.4838727514632102,110.34400428139483,195.19579909519848,110.34400428139483
floor_both__combined_risk,ADE_vs_floor,all,eu-locality-124,3550,40.84465992697015,41.28618629430454,1.0694288016505404,180.44841436942855,334.5241333078915,182.70620705979104
floor_both__combined_risk,ADE_vs_floor,easy,eu-locality-007,2133,1.7546331495562717,1.8208803442437398,3.6381959362070226,4.2122584886944825,4.850593696500727,4.231677560310645
floor_both__combined_risk,ADE_vs_floor,easy,eu-locality-008,52276,2.1071579881519327,2.243755079189184,6.087878855592955,4.174845203832622,4.734791977841097,4.269920362702182
floor_both__combined_risk,ADE_vs_floor,easy,eu-locality-020,695,1.6808893830735179,1.7041860561795545,1.3670263890236956,4.347720547838401,6.376550887893464,4.333966156328703
floor_both__combined_risk,ADE_vs_floor,easy,eu-locality-048,2050,2.0657572909488526,2.1853076350211285,5.470641394209008,4.215975861076558,4.748427081671313,4.279426052271072
floor_both__combined_risk,ADE_vs_floor,easy,eu-locality-067,1508,2.0151065088926696,2.0760134319354244,2.93384050920964,4.305100490481949,4.8492954635048875,4.333274063846627
floor_both__combined_risk,ADE_vs_floor,easy,eu-locality-110,2579,2.0410568889674963,2.212478061615281,7.747926436957919,4.005175541490715,4.560634953159135,4.203897765463916
floor_both__combined_risk,ADE_vs_floor,easy,eu-locality-119,1658,2.1282104993984365,2.2702471919597778,6.256441724248052,4.166128263311494,5.903202900920345,4.2442330009580065
floor_both__combined_risk,ADE_vs_floor,easy,eu-locality-124,1006,2.274491508779547,2.445639210289273,6.998076445195789,4.175611238101195,4.74090412080723,4.3295911457613965
floor_both__combined_risk,ADE_vs_floor,hard,eu-locality-007,1023,38.61011463977363,39.29723477145136,1.7485203110955472,78.11265794064077,106.93881724198937,79.09141428093004
floor_both__combined_risk,ADE_vs_floor,hard,eu-locality-008,36762,49.35094820224746,49.6651159299373,0.6325722225898778,118.76223160811813,204.33578652178383,119.6000434566927
floor_both__combined_risk,ADE_vs_floor,hard,eu-locality-020,47,36.92354931828993,36.92354931828993,0.0,60.52355224102176,69.16719818649797,60.52355224102176
floor_both__combined_risk,ADE_vs_floor,hard,eu-locality-048,2992,53.51637549117286,53.792738563058535,0.5137553492683966,122.13867576602802,202.79147183299347,122.60258245083135
floor_both__combined_risk,ADE_vs_floor,hard,eu-locality-067,2806,54.41001303980909,54.910481269926386,0.9114256851203373,127.36920960317892,198.92434816893777,127.36920960317892
floor_both__combined_risk,ADE_vs_floor,hard,eu-locality-110,2743,75.15004916927786,75.97472072201377,1.0854551946999913,211.83016053994538,380.35594110435846,216.0693714569461
floor_both__combined_risk,ADE_vs_floor,hard,eu-locality-119,1895,67.63798166665907,67.75657981295986,0.17503561518035227,172.71391239328824,273.9914452410256,172.71391239328824
floor_both__combined_risk,ADE_vs_floor,hard,eu-locality-124,1362,95.10554936815993,95.90581572544342,0.8344294360359439,271.3821345043969,435.0646456287289,274.4684238324386
floor_both__combined_risk,ADE_vs_floor,complete,eu-locality-007,2882,12.748904089983634,13.000634704824002,1.9362948083370135,45.47448265068489,76.86890219592341,46.10523368271999
floor_both__combined_risk,ADE_vs_floor,complete,eu-locality-008,97352,15.360783697223312,15.598244315124525,1.522354779832269,55.81706777720679,114.1371122645666,55.94798986313879
floor_both__combined_risk,ADE_vs_floor,complete,eu-locality-020,364,6.836005257110406,6.916345990279542,1.1616066241054046,22.682718227503177,49.70629992513765,22.682718227503177
floor_both__combined_risk,ADE_vs_floor,complete,eu-locality-048,4716,24.49121446437287,24.73400441013314,0.9816038751121137,87.4297223139065,150.53843627794993,87.79424185591918
floor_both__combined_risk,ADE_vs_floor,complete,eu-locality-067,3417,27.86701051010688,28.18803041865701,1.138851859396517,87.49455596529795,160.33713288337748,87.55740326540852
floor_both__combined_risk,ADE_vs_floor,complete,eu-locality-110,5804,26.498516872780833,27.023399686932656,1.9423270951568483,109.10545060557648,260.19859731101656,109.83042543804812
floor_both__combined_risk,ADE_vs_floor,complete,eu-locality-119,3148,26.771196250143504,26.934654676344703,0.6068703243660156,103.39939289346599,189.99779782669526,103.20378997279019
floor_both__combined_risk,ADE_vs_floor,complete,eu-locality-124,2077,36.82278820122808,37.29493004175377,1.2659678942877894,168.5167299033246,315.79700044017295,171.59254389597885
floor_both__combined_risk,ADE_vs_original,all,eu-locality-007,5526,12.833086645101801,12.822978122988419,-0.07883131372781182,44.03919063744113,76.43866311332394,44.03919063744113
floor_both__combined_risk,ADE_vs_original,all,eu-locality-008,157961,17.098665722028322,17.074451273007295,-0.141816850415033,60.65048438340756,126.26463375678044,60.60769056489148
floor_both__combined_risk,ADE_vs_original,all,eu-locality-020,1225,6.418226270514254,6.413161884786122,-0.07896862451182152,20.840106881217874,41.37090371937323,20.840106881217874
floor_both__combined_risk,ADE_vs_original,all,eu-locality-048,8058,24.88946735567774,24.876969483250214,-0.05023872556479958,84.58564324825383,149.41133462060048,84.58564324825383
floor_both__combined_risk,ADE_vs_original,all,eu-locality-067,6903,27.205796230914405,27.198696423377903,-0.026103484615536132,88.92690474713947,162.6235251701382,88.92690474713947
floor_both__combined_risk,ADE_vs_original,all,eu-locality-110,8550,28.704371585708824,28.671522275683127,-0.11457121010123306,115.8374534339325,260.7935481375995,115.8374534339325
floor_both__combined_risk,ADE_vs_original,all,eu-locality-119,5639,27.573092687331272,27.556481177890173,-0.06028167868699086,110.34400428139483,195.19579909519848,110.34400428139483
floor_both__combined_risk,ADE_vs_original,all,eu-locality-124,3550,40.84465992697015,40.82779999213906,-0.041295232254334735,180.44841436942855,334.5241333078915,180.44841436942855
floor_both__combined_risk,ADE_vs_original,easy,eu-locality-007,2133,1.7546331495562717,1.7496705130532437,-0.28363263060129373,4.2122584886944825,4.850593696500727,4.200198112143838
floor_both__combined_risk,ADE_vs_original,easy,eu-locality-008,52276,2.1071579881519327,2.101565003704113,-0.26613425889572273,4.174845203832622,4.734791977841097,4.167812125995798
floor_both__combined_risk,ADE_vs_original,easy,eu-locality-020,695,1.6808893830735179,1.6799259509989088,-0.05734967508752575,4.347720547838401,6.376550887893464,4.347720547838401
floor_both__combined_risk,ADE_vs_original,easy,eu-locality-048,2050,2.0657572909488526,2.0619545929776995,-0.18442200347688065,4.215975861076558,4.748427081671313,4.210687426461756
floor_both__combined_risk,ADE_vs_original,easy,eu-locality-067,1508,2.0151065088926696,2.0159702879674635,0.04284681574671101,4.305100490481949,4.8492954635048875,4.317351028176637
floor_both__combined_risk,ADE_vs_original,easy,eu-locality-110,2579,2.0410568889674963,2.036358405509314,-0.23072969107356123,4.005175541490715,4.560634953159135,4.000881404249527
floor_both__combined_risk,ADE_vs_original,easy,eu-locality-119,1658,2.1282104993984365,2.1238292972798116,-0.20628786523646525,4.166128263311494,5.903202900920345,4.161233964387031
floor_both__combined_risk,ADE_vs_original,easy,eu-locality-124,1006,2.274491508779547,2.2688965272650763,-0.2465948291267006,4.175611238101195,4.74090412080723,4.175611238101195
floor_both__combined_risk,ADE_vs_original,hard,eu-locality-007,1023,38.61011463977363,38.558057102182765,-0.13501079022966156,78.11265794064077,106.93881724198937,78.11265794064077
floor_both__combined_risk,ADE_vs_original,hard,eu-locality-008,36762,49.35094820224746,49.29287555538899,-0.11781144070852623,118.76223160811813,204.33578652178383,118.48734126039592
floor_both__combined_risk,ADE_vs_original,hard,eu-locality-020,47,36.92354931828993,36.92354931828993,0.0,60.52355224102176,69.16719818649797,60.52355224102176
floor_both__combined_risk,ADE_vs_original,hard,eu-locality-048,2992,53.51637549117286,53.49984173495825,-0.03090430864547411,122.13867576602802,202.79147183299347,122.13867576602802
floor_both__combined_risk,ADE_vs_original,hard,eu-locality-067,2806,54.41001303980909,54.40462888289575,-0.009896505175932546,127.36920960317892,198.92434816893777,127.36920960317892
floor_both__combined_risk,ADE_vs_original,hard,eu-locality-110,2743,75.15004916927786,75.08751911306501,-0.08327623145825136,211.83016053994538,380.35594110435846,211.62896236269754
floor_both__combined_risk,ADE_vs_original,hard,eu-locality-119,1895,67.63798166665907,67.61649407686099,-0.03177862160919087,172.71391239328824,273.9914452410256,172.71391239328824
floor_both__combined_risk,ADE_vs_original,hard,eu-locality-124,1362,95.10554936815993,95.1002806791742,-0.005540140310933417,271.3821345043969,435.0646456287289,271.3821345043969
floor_both__combined_risk,FDE_vs_floor,endpoint,eu-locality-007,3935,27.41457494567581,28.021083104029973,2.1644707883077374,98.75674920244208,170.8952492395845,99.74000009835866
floor_both__combined_risk,FDE_vs_floor,endpoint,eu-locality-008,121088,33.04006493591516,33.623565608115655,1.7353920134503986,128.22171469364585,265.9819059823482,128.79015975416985
floor_both__combined_risk,FDE_vs_floor,endpoint,eu-locality-020,622,14.468570827150092,14.627580582394309,1.0870543788738418,52.375808020598235,102.34943144507893,52.375808020598235
floor_both__combined_risk,FDE_vs_floor,endpoint,eu-locality-048,5582,53.27181167961528,53.81633147703995,1.0118114380520016,199.35238083131281,335.7568772699859,199.98144871686628
floor_both__combined_risk,FDE_vs_floor,endpoint,eu-locality-067,4600,58.166735071224124,58.9192547164766,1.2772049627471582,195.84787627467875,367.0313156604077,196.65546131977956
floor_both__combined_risk,FDE_vs_floor,endpoint,eu-locality-110,7204,53.016665836124226,54.21226435414351,2.2054022872186163,232.84943130023348,522.1553550339783,235.26017178763956
floor_both__combined_risk,FDE_vs_floor,endpoint,eu-locality-119,4147,61.06744704001271,61.43987867856576,0.6061724836754601,247.74174405968162,445.5820913837266,247.02998619753183
floor_both__combined_risk,FDE_vs_floor,endpoint,eu-locality-124,2645,78.76327776800639,80.00543159398303,1.552586869702055,358.33466421881184,706.7772214329127,363.62977622543167
floor_both__combined_risk,ADE_vs_CV,easy,eu-locality-007,2133,1.7546331495562717,1.8525004364762494,5.282983204373048,4.2122584886944825,4.850593696500727,4.355450553983238
floor_both__combined_risk,ADE_vs_CV,easy,eu-locality-008,52276,2.1071579881519327,2.3343046202023725,9.730805057942582,4.174845203832622,4.734791977841097,4.477191635123733
floor_both__combined_risk,ADE_vs_CV,easy,eu-locality-020,695,1.6808893830735179,1.6834998531827923,0.15506209307586394,4.347720547838401,6.376550887893464,4.294862621440125
floor_both__combined_risk,ADE_vs_CV,easy,eu-locality-048,2050,2.0657572909488526,2.2919612794697164,9.869450699149674,4.215975861076558,4.748427081671313,4.484449431559784
floor_both__combined_risk,ADE_vs_CV,easy,eu-locality-067,1508,2.0151065088926696,2.126958008841005,5.258754497428186,4.305100490481949,4.8492954635048875,4.431771346846858
floor_both__combined_risk,ADE_vs_CV,easy,eu-locality-110,2579,2.0410568889674963,2.356118809479549,13.372072717404604,4.005175541490715,4.560634953159135,4.476255197977273
floor_both__combined_risk,ADE_vs_CV,easy,eu-locality-119,1658,2.1282104993984365,2.3455260977767742,9.265111080380727,4.166128263311494,5.903202900920345,4.423775218674889
floor_both__combined_risk,ADE_vs_CV,easy,eu-locality-124,1006,2.274491508779547,2.5758364727079335,11.698916725547692,4.175611238101195,4.74090412080723,4.529853536161329
floor_both__combined_random,ADE_vs_floor,all,eu-locality-007,5526,12.827101856088692,13.03007789912518,1.5577500350179463,44.174784236650225,76.43866311332394,44.69396378264957
floor_both__combined_random,ADE_vs_floor,all,eu-locality-008,157961,17.08762233071278,17.303707458293164,1.2487793618865317,60.60275779881743,126.25490197889216,60.851472194022485
floor_both__combined_random,ADE_vs_floor,all,eu-locality-020,1225,6.418226270514254,6.465710721017629,0.7344041908497467,20.840106881217874,41.37090371937323,20.649557710350873
floor_both__combined_random,ADE_vs_floor,all,eu-locality-048,8058,24.879135930186504,25.081786899115574,0.8079606518633486,84.58564324825383,149.41133462060048,84.94302472678147
floor_both__combined_random,ADE_vs_floor,all,eu-locality-067,6903,27.206160437850574,27.46038603063451,0.9257903093580877,89.25687888032896,162.6235251701382,89.6517956862803
floor_both__combined_random,ADE_vs_floor,all,eu-locality-110,8550,28.78024089315709,29.15799863842907,1.2955544375878758,116.08119632478927,260.7935481375995,117.19208997565195
floor_both__combined_random,ADE_vs_floor,all,eu-locality-119,5639,27.565007562895254,27.707160085187788,0.5130533835134177,110.34400428139483,195.19579909519848,110.34400428139483
floor_both__combined_random,ADE_vs_floor,all,eu-locality-124,3550,40.87122280946403,41.28618629430454,1.0050903754647789,181.20786734733102,334.5241333078915,182.70620705979104
floor_both__combined_random,ADE_vs_floor,easy,eu-locality-007,2133,1.752480598088569,1.8208803442437398,3.7564108136704077,4.2122584886944825,4.850593696500727,4.231677560310645
floor_both__combined_random,ADE_vs_floor,easy,eu-locality-008,52276,2.1077860487756883,2.243755079189184,6.059887359124327,4.174845203832622,4.737022655045908,4.269920362702182
floor_both__combined_random,ADE_vs_floor,easy,eu-locality-020,695,1.6808893830735179,1.7041860561795545,1.3670263890236956,4.347720547838401,6.376550887893464,4.333966156328703
floor_both__combined_random,ADE_vs_floor,easy,eu-locality-048,2050,2.063955820612509,2.1853076350211285,5.553076942754842,4.210687426461756,4.748427081671313,4.279426052271072
floor_both__combined_random,ADE_vs_floor,easy,eu-locality-067,1508,2.0173904381750876,2.0760134319354244,2.823825359630927,4.317351028176637,4.8492954635048875,4.333274063846627
floor_both__combined_random,ADE_vs_floor,easy,eu-locality-110,2579,2.0444019405610323,2.212478061615281,7.596736165218287,4.025016145228815,4.595043369670406,4.203897765463916
floor_both__combined_random,ADE_vs_floor,easy,eu-locality-119,1658,2.1298673690131786,2.2702471919597778,6.18345982075269,4.176146941161517,5.903202900920345,4.2442330009580065
floor_both__combined_random,ADE_vs_floor,easy,eu-locality-124,1006,2.2769311917025234,2.445639210289273,6.89831999245688,4.195300731378602,4.740170764217352,4.3295911457613965
floor_both__combined_random,ADE_vs_floor,hard,eu-locality-007,1023,38.57525128301706,39.29723477145136,1.8372373848523416,78.11265794064077,106.93881724198937,79.09141428093004
floor_both__combined_random,ADE_vs_floor,hard,eu-locality-008,36762,49.32220711207886,49.6651159299373,0.6904419962337038,118.7347590037351,204.47317555711012,119.6000434566927
floor_both__combined_random,ADE_vs_floor,hard,eu-locality-020,47,36.92354931828993,36.92354931828993,0.0,60.52355224102176,69.16719818649797,60.52355224102176
floor_both__combined_random,ADE_vs_floor,hard,eu-locality-048,2992,53.50006792607237,53.792738563058535,0.5440709002816124,122.13867576602802,202.79147183299347,122.60258245083135
floor_both__combined_random,ADE_vs_floor,hard,eu-locality-067,2806,54.41421042872584,54.910481269926386,0.9037816273381405,127.36920960317892,198.92434816893777,127.36920960317892
floor_both__combined_random,ADE_vs_floor,hard,eu-locality-110,2743,75.39728747521744,75.97472072201377,0.7600333917766156,211.62896236269754,397.4520939232745,216.0693714569461
floor_both__combined_random,ADE_vs_floor,hard,eu-locality-119,1895,67.62522142698887,67.75657981295986,0.19386808828544266,172.71391239328824,273.9914452410256,172.71391239328824
floor_both__combined_random,ADE_vs_floor,hard,eu-locality-124,1362,95.18583791236654,95.90581572544342,0.7507134031767282,271.3821345043969,435.0646456287289,274.4684238324386
floor_both__combined_random,ADE_vs_floor,complete,eu-locality-007,2882,12.732547061859194,13.000634704824002,2.062111958774837,45.565413951794106,76.86890219592341,46.10523368271999
floor_both__combined_random,ADE_vs_floor,complete,eu-locality-008,97352,15.350505406478135,15.598244315124525,1.5882486749241087,55.8064918534911,114.10054856740905,55.94798986313879
floor_both__combined_random,ADE_vs_floor,complete,eu-locality-020,364,6.836005257110406,6.916345990279542,1.1616066241054046,22.682718227503177,49.70629992513765,22.682718227503177
floor_both__combined_random,ADE_vs_floor,complete,eu-locality-048,4716,24.481590903818564,24.73400441013314,1.0205120939137724,87.4297223139065,150.53843627794993,87.79424185591918
floor_both__combined_random,ADE_vs_floor,complete,eu-locality-067,3417,27.872034255489826,28.18803041865701,1.1210295947390314,87.55740326540852,160.33713288337748,87.55740326540852
floor_both__combined_random,ADE_vs_floor,complete,eu-locality-110,5804,26.583689982199743,27.023399686932656,1.6271442891233945,109.10545060557648,260.19859731101656,109.83042543804812
floor_both__combined_random,ADE_vs_floor,complete,eu-locality-119,3148,26.75911620242454,26.934654676344703,0.651719786384819,103.39939289346599,189.99779782669526,103.20378997279019
floor_both__combined_random,ADE_vs_floor,complete,eu-locality-124,2077,36.807398286327924,37.29493004175377,1.307233328712587,168.5167299033246,315.79700044017295,171.59254389597885
floor_both__combined_random,ADE_vs_original,all,eu-locality-007,5526,12.827101856088692,12.822978122988419,-0.032158934225123836,44.174784236650225,76.43866311332394,44.03919063744113
floor_both__combined_random,ADE_vs_original,all,eu-locality-008,157961,17.08762233071278,17.074451273007295,-0.07713898089543036,60.60275779881743,126.25490197889216,60.60769056489148
floor_both__combined_random,ADE_vs_original,all,eu-locality-020,1225,6.418226270514254,6.413161884786122,-0.07896862451182152,20.840106881217874,41.37090371937323,20.840106881217874
floor_both__combined_random,ADE_vs_original,all,eu-locality-048,8058,24.879135930186504,24.876969483250214,-0.008708644908494989,84.58564324825383,149.41133462060048,84.58564324825383
floor_both__combined_random,ADE_vs_original,all,eu-locality-067,6903,27.206160437850574,27.198696423377903,-0.027442544879674458,89.25687888032896,162.6235251701382,88.92690474713947
floor_both__combined_random,ADE_vs_original,all,eu-locality-110,8550,28.78024089315709,28.671522275683127,-0.3791867638857971,116.08119632478927,260.7935481375995,115.8374534339325
floor_both__combined_random,ADE_vs_original,all,eu-locality-119,5639,27.565007562895254,27.556481177890173,-0.030941486868507617,110.34400428139483,195.19579909519848,110.34400428139483
floor_both__combined_random,ADE_vs_original,all,eu-locality-124,3550,40.87122280946403,40.82779999213906,-0.10635600579342874,181.20786734733102,334.5241333078915,180.44841436942855
floor_both__combined_random,ADE_vs_original,easy,eu-locality-007,2133,1.752480598088569,1.7496705130532437,-0.16060652644944717,4.2122584886944825,4.850593696500727,4.200198112143838
floor_both__combined_random,ADE_vs_original,easy,eu-locality-008,52276,2.1077860487756883,2.101565003704113,-0.2960196358718692,4.174845203832622,4.737022655045908,4.167812125995798
floor_both__combined_random,ADE_vs_original,easy,eu-locality-020,695,1.6808893830735179,1.6799259509989088,-0.05734967508752575,4.347720547838401,6.376550887893464,4.347720547838401
floor_both__combined_random,ADE_vs_original,easy,eu-locality-048,2050,2.063955820612509,2.0619545929776995,-0.09705488382842908,4.210687426461756,4.748427081671313,4.210687426461756
floor_both__combined_random,ADE_vs_original,easy,eu-locality-067,1508,2.0173904381750876,2.0159702879674635,-0.070444996937713,4.317351028176637,4.8492954635048875,4.317351028176637
floor_both__combined_random,ADE_vs_original,easy,eu-locality-110,2579,2.0444019405610323,2.036358405509314,-0.3949960394966201,4.025016145228815,4.595043369670406,4.000881404249527
floor_both__combined_random,ADE_vs_original,easy,eu-locality-119,1658,2.1298673690131786,2.1238292972798116,-0.2843011790589989,4.176146941161517,5.903202900920345,4.161233964387031
floor_both__combined_random,ADE_vs_original,easy,eu-locality-124,1006,2.2769311917025234,2.2688965272650763,-0.35412211799417115,4.195300731378602,4.740170764217352,4.175611238101195
floor_both__combined_random,ADE_vs_original,hard,eu-locality-007,1023,38.57525128301706,38.558057102182765,-0.04459296480818775,78.11265794064077,106.93881724198937,78.11265794064077
floor_both__combined_random,ADE_vs_original,hard,eu-locality-008,36762,49.32220711207886,49.29287555538899,-0.059504657335129885,118.7347590037351,204.47317555711012,118.48734126039592
floor_both__combined_random,ADE_vs_original,hard,eu-locality-020,47,36.92354931828993,36.92354931828993,0.0,60.52355224102176,69.16719818649797,60.52355224102176
floor_both__combined_random,ADE_vs_original,hard,eu-locality-048,2992,53.50006792607237,53.49984173495825,-0.0004227883798835208,122.13867576602802,202.79147183299347,122.13867576602802
floor_both__combined_random,ADE_vs_original,hard,eu-locality-067,2806,54.41421042872584,54.40462888289575,-0.017611637147108006,127.36920960317892,198.92434816893777,127.36920960317892
floor_both__combined_random,ADE_vs_original,hard,eu-locality-110,2743,75.39728747521744,75.08751911306501,-0.41254307747999874,211.62896236269754,397.4520939232745,211.62896236269754
floor_both__combined_random,ADE_vs_original,hard,eu-locality-119,1895,67.62522142698887,67.61649407686099,-0.012907131975770092,172.71391239328824,273.9914452410256,172.71391239328824
floor_both__combined_random,ADE_vs_original,hard,eu-locality-124,1362,95.18583791236654,95.1002806791742,-0.08996527936753207,271.3821345043969,435.0646456287289,271.3821345043969
floor_both__combined_random,FDE_vs_floor,endpoint,eu-locality-007,3935,27.392016918745078,28.021083104029973,2.24497455344409,98.75674920244208,170.8952492395845,99.74000009835866
floor_both__combined_random,FDE_vs_floor,endpoint,eu-locality-008,121088,33.010309952931834,33.623565608115655,1.8238864442020941,128.15982179334083,265.6909254712743,128.79015975416985
floor_both__combined_random,FDE_vs_floor,endpoint,eu-locality-020,622,14.468570827150092,14.627580582394309,1.0870543788738418,52.375808020598235,102.34943144507893,52.375808020598235
floor_both__combined_random,FDE_vs_floor,endpoint,eu-locality-048,5582,53.24543768025616,53.81633147703995,1.0608188650453765,199.35238083131281,335.7568772699859,199.98144871686628
floor_both__combined_random,FDE_vs_floor,endpoint,eu-locality-067,4600,58.171553211096,58.9192547164766,1.2690274325067308,195.84787627467875,367.0313156604077,196.65546131977956
floor_both__combined_random,FDE_vs_floor,endpoint,eu-locality-110,7204,53.16342343799544,54.21226435414351,1.9346930600361523,232.96404711868965,522.3464241323134,235.26017178763956
floor_both__combined_random,FDE_vs_floor,endpoint,eu-locality-119,4147,61.04325580481788,61.43987867856576,0.6455463166242348,247.74174405968162,445.5820913837266,247.02998619753183
floor_both__combined_random,FDE_vs_floor,endpoint,eu-locality-124,2645,78.86888881750242,80.00543159398303,1.4205820202913388,359.8268030394561,706.7772214329127,363.62977622543167
floor_both__combined_random,ADE_vs_CV,easy,eu-locality-007,2133,1.752480598088569,1.8525004364762494,5.399180287262661,4.2122584886944825,4.850593696500727,4.355450553983238
floor_both__combined_random,ADE_vs_CV,easy,eu-locality-008,52276,2.1077860487756883,2.3343046202023725,9.703899373983427,4.174845203832622,4.737022655045908,4.477191635123733
floor_both__combined_random,ADE_vs_CV,easy,eu-locality-020,695,1.6808893830735179,1.6834998531827923,0.15506209307586394,4.347720547838401,6.376550887893464,4.294862621440125
floor_both__combined_random,ADE_vs_CV,easy,eu-locality-048,2050,2.063955820612509,2.2919612794697164,9.948050209205983,4.210687426461756,4.748427081671313,4.484449431559784
floor_both__combined_random,ADE_vs_CV,easy,eu-locality-067,1508,2.0173904381750876,2.126958008841005,5.151374414092058,4.317351028176637,4.8492954635048875,4.431771346846858
floor_both__combined_random,ADE_vs_CV,easy,eu-locality-110,2579,2.0444019405610323,2.356118809479549,13.230099758312818,4.025016145228815,4.595043369670406,4.476255197977273
floor_both__combined_random,ADE_vs_CV,easy,eu-locality-119,1658,2.1298673690131786,2.3455260977767742,9.194471507608014,4.176146941161517,5.903202900920345,4.423775218674889
floor_both__combined_random,ADE_vs_CV,easy,eu-locality-124,1006,2.2769311917025234,2.5758364727079335,11.60420252498312,4.195300731378602,4.740170764217352,4.529853536161329
