policy,comparison,subset,locality,rows,model_error,reference_error,gain_percent,model_p95,model_p99,reference_p95
cv_targets__original,ADE_vs_floor,all,eu-locality-008,157961,17.23148512650427,17.466975925577778,1.3482058948089848,60.94730001686062,125.18700416068928,61.24959048903298
cv_targets__original,ADE_vs_floor,all,eu-locality-020,1225,6.398133656550564,6.448501284113131,0.781074940415305,20.950455289077674,39.464285429778364,20.950455289077674
cv_targets__original,ADE_vs_floor,all,eu-locality-048,8058,24.98901466193343,25.2057165027749,0.8597329134349851,85.64713396327933,147.54204672889855,86.31775306667878
cv_targets__original,ADE_vs_floor,all,eu-locality-067,6903,26.759697513854874,27.401641879979564,2.342722268017494,87.8102175620978,160.9846648617185,88.7408126959883
cv_targets__original,ADE_vs_floor,all,eu-locality-074,102348,18.2909357715842,18.62450223451202,1.7910087406776798,60.64563623321335,125.37413785251155,61.509130432529204
cv_targets__original,ADE_vs_floor,all,eu-locality-082,1368,13.011774670130581,13.174770524047632,1.2371817301829902,50.06667229821833,99.68977167861865,50.57497731631109
cv_targets__original,ADE_vs_floor,all,eu-locality-112,5004,23.28439726404607,23.65488959344297,1.5662399434728247,83.55800123644538,176.7432925302825,83.91872194267576
cv_targets__original,ADE_vs_floor,all,eu-locality-126,5790,18.5286221854853,18.76141831163623,1.2408237068438743,81.8083058627529,152.0324442482678,82.1707199959473
cv_targets__original,ADE_vs_floor,easy,eu-locality-008,39889,1.6198130470017402,1.7241720949012762,6.052704843567913,3.027999354637201,3.4225514469356346,3.1033643965504147
cv_targets__original,ADE_vs_floor,easy,eu-locality-020,593,1.2470705919558411,1.2736100237440386,2.083795768988961,3.1058809634637834,3.4635576182980197,3.0839156726310635
cv_targets__original,ADE_vs_floor,easy,eu-locality-048,1582,1.624263603755499,1.6938727305913583,4.109466170552123,3.097178001185482,4.004102987330692,3.091778570545298
cv_targets__original,ADE_vs_floor,easy,eu-locality-067,1219,1.579378976301011,1.611886085015975,2.0167125342881675,3.140556250142567,3.480652568687754,3.1321490509109946
cv_targets__original,ADE_vs_floor,easy,eu-locality-074,17048,1.947178844056168,2.009092341676263,3.0816651049716537,3.3634936902110275,5.85316366648104,3.3126905574851873
cv_targets__original,ADE_vs_floor,easy,eu-locality-082,513,1.5113277172013309,1.578078341351625,4.229867580155888,2.984061586701978,3.4065016070252896,3.0061798004979905
cv_targets__original,ADE_vs_floor,easy,eu-locality-112,571,1.9555720731071375,2.024035064897236,3.3825002826013084,3.252410621186774,3.9100439491929566,3.2155185149690704
cv_targets__original,ADE_vs_floor,easy,eu-locality-126,2160,1.3231998905870987,1.415028582644297,6.4895291291993455,2.890201948251488,3.4948352555088547,2.9758368738441074
cv_targets__original,ADE_vs_floor,hard,eu-locality-008,28100,56.86075496928675,57.62387890293079,1.3243189250233267,130.35717176616848,218.53150980171708,132.8382820550419
cv_targets__original,ADE_vs_floor,hard,eu-locality-020,30,43.04818478161064,43.04818478161064,0.0,64.72063289570352,69.65016417684733,64.72063289570352
cv_targets__original,ADE_vs_floor,hard,eu-locality-048,2478,59.280728023853655,60.05940424544668,1.2965100659520057,127.21298326534132,211.76191803930743,129.96960939889047
cv_targets__original,ADE_vs_floor,hard,eu-locality-067,2296,59.45972029478938,61.33773875305253,3.0617666976999303,135.4659665220667,210.41573167431284,137.54280661418298
cv_targets__original,ADE_vs_floor,hard,eu-locality-074,19310,55.453958955179644,56.82896386115632,2.419549491234907,127.70741040028658,228.94316663691012,129.7771624011152
cv_targets__original,ADE_vs_floor,hard,eu-locality-082,184,52.734561718668,53.15494887110422,0.7908711443888716,110.41707800047281,199.45076524670506,110.41707800047281
cv_targets__original,ADE_vs_floor,hard,eu-locality-112,1153,66.74324993384185,67.4193884187777,1.002884334601184,170.48331975237295,282.2924395893853,170.91978833603577
cv_targets__original,ADE_vs_floor,hard,eu-locality-126,1110,69.3099694423669,69.8871553107803,0.8258826186968271,153.44137522662362,237.31079754913677,153.2366053199402
cv_targets__original,ADE_vs_floor,complete,eu-locality-008,97352,15.52370197438475,15.768574512732343,1.5529148696977746,56.41470894182748,113.35369194984504,56.424237953830755
cv_targets__original,ADE_vs_floor,complete,eu-locality-020,364,6.75465666943491,6.872005536476916,1.7076363867740363,22.937980186983854,49.70629992513765,22.937980186983854
cv_targets__original,ADE_vs_floor,complete,eu-locality-048,4716,24.77682996668955,24.91504683636528,0.5547525982330992,88.27800245298431,148.93476953887537,88.3433852319625
cv_targets__original,ADE_vs_floor,complete,eu-locality-067,3417,27.411996068379786,28.232630411573602,2.906687514520112,87.49455596529795,160.33713288337748,88.08569753027201
cv_targets__original,ADE_vs_floor,complete,eu-locality-074,67309,17.784172380700664,18.16953654665365,2.120935583378758,58.30115774440925,123.85629542586919,59.42379356510969
cv_targets__original,ADE_vs_floor,complete,eu-locality-082,582,10.057152334237866,10.222557460893151,1.6180405665416897,46.30650206106486,88.77064559267427,46.30650206106486
cv_targets__original,ADE_vs_floor,complete,eu-locality-112,2417,19.503980555748143,19.95082719378455,2.239739904998117,66.96118973625356,157.72654095861347,68.8472149626773
cv_targets__original,ADE_vs_floor,complete,eu-locality-126,3637,17.999977697062388,18.278461410717412,1.5235621171688862,79.61625828652348,152.8276987104273,79.33620099124832
cv_targets__original,ADE_vs_original,all,eu-locality-008,157961,17.23148512650427,17.23148512650427,0.0,60.94730001686062,125.18700416068928,60.94730001686062
cv_targets__original,ADE_vs_original,all,eu-locality-020,1225,6.398133656550564,6.398133656550564,0.0,20.950455289077674,39.464285429778364,20.950455289077674
cv_targets__original,ADE_vs_original,all,eu-locality-048,8058,24.98901466193343,24.98901466193343,0.0,85.64713396327933,147.54204672889855,85.64713396327933
cv_targets__original,ADE_vs_original,all,eu-locality-067,6903,26.759697513854874,26.759697513854874,0.0,87.8102175620978,160.9846648617185,87.8102175620978
cv_targets__original,ADE_vs_original,all,eu-locality-074,102348,18.2909357715842,18.2909357715842,0.0,60.64563623321335,125.37413785251155,60.64563623321335
cv_targets__original,ADE_vs_original,all,eu-locality-082,1368,13.011774670130581,13.011774670130581,0.0,50.06667229821833,99.68977167861865,50.06667229821833
cv_targets__original,ADE_vs_original,all,eu-locality-112,5004,23.28439726404607,23.28439726404607,0.0,83.55800123644538,176.7432925302825,83.55800123644538
cv_targets__original,ADE_vs_original,all,eu-locality-126,5790,18.5286221854853,18.5286221854853,0.0,81.8083058627529,152.0324442482678,81.8083058627529
cv_targets__original,ADE_vs_original,easy,eu-locality-008,39889,1.6198130470017402,1.6198130470017402,0.0,3.027999354637201,3.4225514469356346,3.027999354637201
cv_targets__original,ADE_vs_original,easy,eu-locality-020,593,1.2470705919558411,1.2470705919558411,0.0,3.1058809634637834,3.4635576182980197,3.1058809634637834
cv_targets__original,ADE_vs_original,easy,eu-locality-048,1582,1.624263603755499,1.624263603755499,0.0,3.097178001185482,4.004102987330692,3.097178001185482
cv_targets__original,ADE_vs_original,easy,eu-locality-067,1219,1.579378976301011,1.579378976301011,0.0,3.140556250142567,3.480652568687754,3.140556250142567
cv_targets__original,ADE_vs_original,easy,eu-locality-074,17048,1.947178844056168,1.947178844056168,0.0,3.3634936902110275,5.85316366648104,3.3634936902110275
cv_targets__original,ADE_vs_original,easy,eu-locality-082,513,1.5113277172013309,1.5113277172013309,0.0,2.984061586701978,3.4065016070252896,2.984061586701978
cv_targets__original,ADE_vs_original,easy,eu-locality-112,571,1.9555720731071375,1.9555720731071375,0.0,3.252410621186774,3.9100439491929566,3.252410621186774
cv_targets__original,ADE_vs_original,easy,eu-locality-126,2160,1.3231998905870987,1.3231998905870987,0.0,2.890201948251488,3.4948352555088547,2.890201948251488
cv_targets__original,ADE_vs_original,hard,eu-locality-008,28100,56.86075496928675,56.86075496928675,0.0,130.35717176616848,218.53150980171708,130.35717176616848
cv_targets__original,ADE_vs_original,hard,eu-locality-020,30,43.04818478161064,43.04818478161064,0.0,64.72063289570352,69.65016417684733,64.72063289570352
cv_targets__original,ADE_vs_original,hard,eu-locality-048,2478,59.280728023853655,59.280728023853655,0.0,127.21298326534132,211.76191803930743,127.21298326534132
cv_targets__original,ADE_vs_original,hard,eu-locality-067,2296,59.45972029478938,59.45972029478938,0.0,135.4659665220667,210.41573167431284,135.4659665220667
cv_targets__original,ADE_vs_original,hard,eu-locality-074,19310,55.453958955179644,55.453958955179644,0.0,127.70741040028658,228.94316663691012,127.70741040028658
cv_targets__original,ADE_vs_original,hard,eu-locality-082,184,52.734561718668,52.734561718668,0.0,110.41707800047281,199.45076524670506,110.41707800047281
cv_targets__original,ADE_vs_original,hard,eu-locality-112,1153,66.74324993384185,66.74324993384185,0.0,170.48331975237295,282.2924395893853,170.48331975237295
cv_targets__original,ADE_vs_original,hard,eu-locality-126,1110,69.3099694423669,69.3099694423669,0.0,153.44137522662362,237.31079754913677,153.44137522662362
cv_targets__original,FDE_vs_floor,endpoint,eu-locality-008,121088,33.54582680655201,34.1268805578543,1.70262778725776,129.85482060312742,264.0168751048198,129.9408074196934
cv_targets__original,FDE_vs_floor,endpoint,eu-locality-020,622,14.318372565814675,14.535865331661961,1.496249180112752,53.963574416924075,102.34943144507893,52.375808020598235
cv_targets__original,FDE_vs_floor,endpoint,eu-locality-048,5582,53.97744721452811,54.312413544533996,0.6167399092497083,200.74529675278757,330.78309819520825,202.36516697858983
cv_targets__original,FDE_vs_floor,endpoint,eu-locality-067,4600,57.202728020803896,58.86831067946084,2.829336597963672,194.5344124718005,381.6312506904558,196.12059702120067
cv_targets__original,FDE_vs_floor,endpoint,eu-locality-074,81289,37.07975879185826,37.93165819072686,2.2458796675460357,128.2612035166889,264.76525084602144,130.65766401607394
cv_targets__original,FDE_vs_floor,endpoint,eu-locality-082,859,23.756935484924757,24.253513715154355,2.0474486132676106,107.79588538582226,229.79762677801716,108.48198577750496
cv_targets__original,FDE_vs_floor,endpoint,eu-locality-112,3719,44.604212223214645,45.68331959042426,2.3621474465612358,168.66020962034,394.2574142197964,169.85900374901303
cv_targets__original,FDE_vs_floor,endpoint,eu-locality-126,4579,36.582644894178465,37.293258892704124,1.9054757337516603,170.7701979760524,343.4616066783118,171.97826910961012
cv_targets__original,ADE_vs_CV,easy,eu-locality-008,39889,1.6198130470017402,1.791172498853141,9.56688716252173,3.027999354637201,3.4225514469356346,3.2504176960159774
cv_targets__original,ADE_vs_CV,easy,eu-locality-020,593,1.2470705919558411,1.2706472215919324,1.8554819335734551,3.1058809634637834,3.4635576182980197,3.051349724629029
cv_targets__original,ADE_vs_CV,easy,eu-locality-048,1582,1.624263603755499,1.7551327263969017,7.456366158134542,3.097178001185482,4.004102987330692,3.2298308573246963
cv_targets__original,ADE_vs_CV,easy,eu-locality-067,1219,1.579378976301011,1.6528940070695597,4.447655473013934,3.140556250142567,3.480652568687754,3.222473275402277
cv_targets__original,ADE_vs_CV,easy,eu-locality-074,17048,1.947178844056168,2.0239574238081066,3.7934878890623414,3.3634936902110275,5.85316366648104,3.3016095862663026
cv_targets__original,ADE_vs_CV,easy,eu-locality-082,513,1.5113277172013309,1.6221340438704122,6.830898290297727,2.984061586701978,3.4065016070252896,3.137173321764387
cv_targets__original,ADE_vs_CV,easy,eu-locality-112,571,1.9555720731071375,2.110763890677913,7.352400628804235,3.252410621186774,3.9100439491929566,3.3318797717711783
cv_targets__original,ADE_vs_CV,easy,eu-locality-126,2160,1.3231998905870987,1.4931553251754432,11.382301072286305,2.890201948251488,3.4948352555088547,3.15811922069773
cv_targets__stop,ADE_vs_floor,all,eu-locality-008,157961,17.23134532301242,17.466975925577778,1.349006282308507,60.94730001686062,125.18700416068928,61.24959048903298
cv_targets__stop,ADE_vs_floor,all,eu-locality-020,1225,6.398133656550564,6.448501284113131,0.781074940415305,20.950455289077674,39.464285429778364,20.950455289077674
cv_targets__stop,ADE_vs_floor,all,eu-locality-048,8058,24.98901466193343,25.2057165027749,0.8597329134349851,85.64713396327933,147.54204672889855,86.31775306667878
cv_targets__stop,ADE_vs_floor,all,eu-locality-067,6903,26.759697513854874,27.401641879979564,2.342722268017494,87.8102175620978,160.9846648617185,88.7408126959883
cv_targets__stop,ADE_vs_floor,all,eu-locality-074,102348,18.2909357715842,18.62450223451202,1.7910087406776798,60.64563623321335,125.37413785251155,61.509130432529204
cv_targets__stop,ADE_vs_floor,all,eu-locality-082,1368,13.011774670130581,13.174770524047632,1.2371817301829902,50.06667229821833,99.68977167861865,50.57497731631109
cv_targets__stop,ADE_vs_floor,all,eu-locality-112,5004,23.28439726404607,23.65488959344297,1.5662399434728247,83.55800123644538,176.7432925302825,83.91872194267576
cv_targets__stop,ADE_vs_floor,all,eu-locality-126,5790,18.5286221854853,18.76141831163623,1.2408237068438743,81.8083058627529,152.0324442482678,82.1707199959473
cv_targets__stop,ADE_vs_floor,easy,eu-locality-008,39889,1.61975574887676,1.7241720949012762,6.056028068966923,3.0279106350880904,3.4225514469356346,3.1033643965504147
cv_targets__stop,ADE_vs_floor,easy,eu-locality-020,593,1.2470705919558411,1.2736100237440386,2.083795768988961,3.1058809634637834,3.4635576182980197,3.0839156726310635
cv_targets__stop,ADE_vs_floor,easy,eu-locality-048,1582,1.624263603755499,1.6938727305913583,4.109466170552123,3.097178001185482,4.004102987330692,3.091778570545298
cv_targets__stop,ADE_vs_floor,easy,eu-locality-067,1219,1.579378976301011,1.611886085015975,2.0167125342881675,3.140556250142567,3.480652568687754,3.1321490509109946
cv_targets__stop,ADE_vs_floor,easy,eu-locality-074,17048,1.947178844056168,2.009092341676263,3.0816651049716537,3.3634936902110275,5.85316366648104,3.3126905574851873
cv_targets__stop,ADE_vs_floor,easy,eu-locality-082,513,1.5113277172013309,1.578078341351625,4.229867580155888,2.984061586701978,3.4065016070252896,3.0061798004979905
cv_targets__stop,ADE_vs_floor,easy,eu-locality-112,571,1.9555720731071375,2.024035064897236,3.3825002826013084,3.252410621186774,3.9100439491929566,3.2155185149690704
cv_targets__stop,ADE_vs_floor,easy,eu-locality-126,2160,1.3231998905870987,1.415028582644297,6.4895291291993455,2.890201948251488,3.4948352555088547,2.9758368738441074
cv_targets__stop,ADE_vs_floor,hard,eu-locality-008,28100,56.860317721526734,57.62387890293079,1.325077721148038,130.35717176616848,218.53150980171708,132.8382820550419
cv_targets__stop,ADE_vs_floor,hard,eu-locality-020,30,43.04818478161064,43.04818478161064,0.0,64.72063289570352,69.65016417684733,64.72063289570352
cv_targets__stop,ADE_vs_floor,hard,eu-locality-048,2478,59.280728023853655,60.05940424544668,1.2965100659520057,127.21298326534132,211.76191803930743,129.96960939889047
cv_targets__stop,ADE_vs_floor,hard,eu-locality-067,2296,59.45972029478938,61.33773875305253,3.0617666976999303,135.4659665220667,210.41573167431284,137.54280661418298
cv_targets__stop,ADE_vs_floor,hard,eu-locality-074,19310,55.453958955179644,56.82896386115632,2.419549491234907,127.70741040028658,228.94316663691012,129.7771624011152
cv_targets__stop,ADE_vs_floor,hard,eu-locality-082,184,52.734561718668,53.15494887110422,0.7908711443888716,110.41707800047281,199.45076524670506,110.41707800047281
cv_targets__stop,ADE_vs_floor,hard,eu-locality-112,1153,66.74324993384185,67.4193884187777,1.002884334601184,170.48331975237295,282.2924395893853,170.91978833603577
cv_targets__stop,ADE_vs_floor,hard,eu-locality-126,1110,69.3099694423669,69.8871553107803,0.8258826186968271,153.44137522662362,237.31079754913677,153.2366053199402
cv_targets__stop,ADE_vs_floor,complete,eu-locality-008,97352,15.52363121346052,15.768574512732343,1.5533636161851105,56.41470894182748,113.35369194984504,56.424237953830755
cv_targets__stop,ADE_vs_floor,complete,eu-locality-020,364,6.75465666943491,6.872005536476916,1.7076363867740363,22.937980186983854,49.70629992513765,22.937980186983854
cv_targets__stop,ADE_vs_floor,complete,eu-locality-048,4716,24.77682996668955,24.91504683636528,0.5547525982330992,88.27800245298431,148.93476953887537,88.3433852319625
cv_targets__stop,ADE_vs_floor,complete,eu-locality-067,3417,27.411996068379786,28.232630411573602,2.906687514520112,87.49455596529795,160.33713288337748,88.08569753027201
cv_targets__stop,ADE_vs_floor,complete,eu-locality-074,67309,17.784172380700664,18.16953654665365,2.120935583378758,58.30115774440925,123.85629542586919,59.42379356510969
cv_targets__stop,ADE_vs_floor,complete,eu-locality-082,582,10.057152334237866,10.222557460893151,1.6180405665416897,46.30650206106486,88.77064559267427,46.30650206106486
cv_targets__stop,ADE_vs_floor,complete,eu-locality-112,2417,19.503980555748143,19.95082719378455,2.239739904998117,66.96118973625356,157.72654095861347,68.8472149626773
cv_targets__stop,ADE_vs_floor,complete,eu-locality-126,3637,17.999977697062388,18.278461410717412,1.5235621171688862,79.61625828652348,152.8276987104273,79.33620099124832
cv_targets__stop,ADE_vs_original,all,eu-locality-008,157961,17.23134532301242,17.23148512650427,0.0008113258423425584,60.94730001686062,125.18700416068928,60.94730001686062
cv_targets__stop,ADE_vs_original,all,eu-locality-020,1225,6.398133656550564,6.398133656550564,0.0,20.950455289077674,39.464285429778364,20.950455289077674
cv_targets__stop,ADE_vs_original,all,eu-locality-048,8058,24.98901466193343,24.98901466193343,0.0,85.64713396327933,147.54204672889855,85.64713396327933
cv_targets__stop,ADE_vs_original,all,eu-locality-067,6903,26.759697513854874,26.759697513854874,0.0,87.8102175620978,160.9846648617185,87.8102175620978
cv_targets__stop,ADE_vs_original,all,eu-locality-074,102348,18.2909357715842,18.2909357715842,0.0,60.64563623321335,125.37413785251155,60.64563623321335
cv_targets__stop,ADE_vs_original,all,eu-locality-082,1368,13.011774670130581,13.011774670130581,0.0,50.06667229821833,99.68977167861865,50.06667229821833
cv_targets__stop,ADE_vs_original,all,eu-locality-112,5004,23.28439726404607,23.28439726404607,0.0,83.55800123644538,176.7432925302825,83.55800123644538
cv_targets__stop,ADE_vs_original,all,eu-locality-126,5790,18.5286221854853,18.5286221854853,0.0,81.8083058627529,152.0324442482678,81.8083058627529
cv_targets__stop,ADE_vs_original,easy,eu-locality-008,39889,1.61975574887676,1.6198130470017402,0.003537329513814136,3.0279106350880904,3.4225514469356346,3.027999354637201
cv_targets__stop,ADE_vs_original,easy,eu-locality-020,593,1.2470705919558411,1.2470705919558411,0.0,3.1058809634637834,3.4635576182980197,3.1058809634637834
cv_targets__stop,ADE_vs_original,easy,eu-locality-048,1582,1.624263603755499,1.624263603755499,0.0,3.097178001185482,4.004102987330692,3.097178001185482
cv_targets__stop,ADE_vs_original,easy,eu-locality-067,1219,1.579378976301011,1.579378976301011,0.0,3.140556250142567,3.480652568687754,3.140556250142567
cv_targets__stop,ADE_vs_original,easy,eu-locality-074,17048,1.947178844056168,1.947178844056168,0.0,3.3634936902110275,5.85316366648104,3.3634936902110275
cv_targets__stop,ADE_vs_original,easy,eu-locality-082,513,1.5113277172013309,1.5113277172013309,0.0,2.984061586701978,3.4065016070252896,2.984061586701978
cv_targets__stop,ADE_vs_original,easy,eu-locality-112,571,1.9555720731071375,1.9555720731071375,0.0,3.252410621186774,3.9100439491929566,3.252410621186774
cv_targets__stop,ADE_vs_original,easy,eu-locality-126,2160,1.3231998905870987,1.3231998905870987,0.0,2.890201948251488,3.4948352555088547,2.890201948251488
cv_targets__stop,ADE_vs_original,hard,eu-locality-008,28100,56.860317721526734,56.86075496928675,0.0007689798706578266,130.35717176616848,218.53150980171708,130.35717176616848
cv_targets__stop,ADE_vs_original,hard,eu-locality-020,30,43.04818478161064,43.04818478161064,0.0,64.72063289570352,69.65016417684733,64.72063289570352
cv_targets__stop,ADE_vs_original,hard,eu-locality-048,2478,59.280728023853655,59.280728023853655,0.0,127.21298326534132,211.76191803930743,127.21298326534132
cv_targets__stop,ADE_vs_original,hard,eu-locality-067,2296,59.45972029478938,59.45972029478938,0.0,135.4659665220667,210.41573167431284,135.4659665220667
cv_targets__stop,ADE_vs_original,hard,eu-locality-074,19310,55.453958955179644,55.453958955179644,0.0,127.70741040028658,228.94316663691012,127.70741040028658
cv_targets__stop,ADE_vs_original,hard,eu-locality-082,184,52.734561718668,52.734561718668,0.0,110.41707800047281,199.45076524670506,110.41707800047281
cv_targets__stop,ADE_vs_original,hard,eu-locality-112,1153,66.74324993384185,66.74324993384185,0.0,170.48331975237295,282.2924395893853,170.48331975237295
cv_targets__stop,ADE_vs_original,hard,eu-locality-126,1110,69.3099694423669,69.3099694423669,0.0,153.44137522662362,237.31079754913677,153.44137522662362
cv_targets__stop,FDE_vs_floor,endpoint,eu-locality-008,121088,33.545734388754035,34.1268805578543,1.7028985937201702,129.85482060312742,264.0168751048198,129.9408074196934
cv_targets__stop,FDE_vs_floor,endpoint,eu-locality-020,622,14.318372565814675,14.535865331661961,1.496249180112752,53.963574416924075,102.34943144507893,52.375808020598235
cv_targets__stop,FDE_vs_floor,endpoint,eu-locality-048,5582,53.97744721452811,54.312413544533996,0.6167399092497083,200.74529675278757,330.78309819520825,202.36516697858983
cv_targets__stop,FDE_vs_floor,endpoint,eu-locality-067,4600,57.202728020803896,58.86831067946084,2.829336597963672,194.5344124718005,381.6312506904558,196.12059702120067
cv_targets__stop,FDE_vs_floor,endpoint,eu-locality-074,81289,37.07975879185826,37.93165819072686,2.2458796675460357,128.2612035166889,264.76525084602144,130.65766401607394
cv_targets__stop,FDE_vs_floor,endpoint,eu-locality-082,859,23.756935484924757,24.253513715154355,2.0474486132676106,107.79588538582226,229.79762677801716,108.48198577750496
cv_targets__stop,FDE_vs_floor,endpoint,eu-locality-112,3719,44.604212223214645,45.68331959042426,2.3621474465612358,168.66020962034,394.2574142197964,169.85900374901303
cv_targets__stop,FDE_vs_floor,endpoint,eu-locality-126,4579,36.582644894178465,37.293258892704124,1.9054757337516603,170.7701979760524,343.4616066783118,171.97826910961012
cv_targets__stop,ADE_vs_CV,easy,eu-locality-008,39889,1.61975574887676,1.791172498853141,9.570086079712393,3.0279106350880904,3.4225514469356346,3.2504176960159774
cv_targets__stop,ADE_vs_CV,easy,eu-locality-020,593,1.2470705919558411,1.2706472215919324,1.8554819335734551,3.1058809634637834,3.4635576182980197,3.051349724629029
cv_targets__stop,ADE_vs_CV,easy,eu-locality-048,1582,1.624263603755499,1.7551327263969017,7.456366158134542,3.097178001185482,4.004102987330692,3.2298308573246963
cv_targets__stop,ADE_vs_CV,easy,eu-locality-067,1219,1.579378976301011,1.6528940070695597,4.447655473013934,3.140556250142567,3.480652568687754,3.222473275402277
cv_targets__stop,ADE_vs_CV,easy,eu-locality-074,17048,1.947178844056168,2.0239574238081066,3.7934878890623414,3.3634936902110275,5.85316366648104,3.3016095862663026
cv_targets__stop,ADE_vs_CV,easy,eu-locality-082,513,1.5113277172013309,1.6221340438704122,6.830898290297727,2.984061586701978,3.4065016070252896,3.137173321764387
cv_targets__stop,ADE_vs_CV,easy,eu-locality-112,571,1.9555720731071375,2.110763890677913,7.352400628804235,3.252410621186774,3.9100439491929566,3.3318797717711783
cv_targets__stop,ADE_vs_CV,easy,eu-locality-126,2160,1.3231998905870987,1.4931553251754432,11.382301072286305,2.890201948251488,3.4948352555088547,3.15811922069773
cv_targets__stop,matched_risk,all,eu-locality-008,157961,17.23134532301242,17.23134532301242,0.0,60.94730001686062,125.18700416068928,60.94730001686062
cv_targets__stop,matched_risk,all,eu-locality-020,1225,6.398133656550564,6.398133656550564,0.0,20.950455289077674,39.464285429778364,20.950455289077674
cv_targets__stop,matched_risk,all,eu-locality-048,8058,24.98901466193343,24.98901466193343,0.0,85.64713396327933,147.54204672889855,85.64713396327933
cv_targets__stop,matched_risk,all,eu-locality-067,6903,26.759697513854874,26.759697513854874,0.0,87.8102175620978,160.9846648617185,87.8102175620978
cv_targets__stop,matched_risk,all,eu-locality-074,102348,18.2909357715842,18.2909357715842,0.0,60.64563623321335,125.37413785251155,60.64563623321335
cv_targets__stop,matched_risk,all,eu-locality-082,1368,13.011774670130581,13.011774670130581,0.0,50.06667229821833,99.68977167861865,50.06667229821833
cv_targets__stop,matched_risk,all,eu-locality-112,5004,23.28439726404607,23.28439726404607,0.0,83.55800123644538,176.7432925302825,83.55800123644538
cv_targets__stop,matched_risk,all,eu-locality-126,5790,18.5286221854853,18.5286221854853,0.0,81.8083058627529,152.0324442482678,81.8083058627529
cv_targets__stop,matched_risk,easy,eu-locality-008,39889,1.61975574887676,1.61975574887676,0.0,3.0279106350880904,3.4225514469356346,3.0279106350880904
cv_targets__stop,matched_risk,easy,eu-locality-020,593,1.2470705919558411,1.2470705919558411,0.0,3.1058809634637834,3.4635576182980197,3.1058809634637834
cv_targets__stop,matched_risk,easy,eu-locality-048,1582,1.624263603755499,1.624263603755499,0.0,3.097178001185482,4.004102987330692,3.097178001185482
cv_targets__stop,matched_risk,easy,eu-locality-067,1219,1.579378976301011,1.579378976301011,0.0,3.140556250142567,3.480652568687754,3.140556250142567
cv_targets__stop,matched_risk,easy,eu-locality-074,17048,1.947178844056168,1.947178844056168,0.0,3.3634936902110275,5.85316366648104,3.3634936902110275
cv_targets__stop,matched_risk,easy,eu-locality-082,513,1.5113277172013309,1.5113277172013309,0.0,2.984061586701978,3.4065016070252896,2.984061586701978
cv_targets__stop,matched_risk,easy,eu-locality-112,571,1.9555720731071375,1.9555720731071375,0.0,3.252410621186774,3.9100439491929566,3.252410621186774
cv_targets__stop,matched_risk,easy,eu-locality-126,2160,1.3231998905870987,1.3231998905870987,0.0,2.890201948251488,3.4948352555088547,2.890201948251488
cv_targets__stop,matched_risk,hard,eu-locality-008,28100,56.860317721526734,56.860317721526734,0.0,130.35717176616848,218.53150980171708,130.35717176616848
cv_targets__stop,matched_risk,hard,eu-locality-020,30,43.04818478161064,43.04818478161064,0.0,64.72063289570352,69.65016417684733,64.72063289570352
cv_targets__stop,matched_risk,hard,eu-locality-048,2478,59.280728023853655,59.280728023853655,0.0,127.21298326534132,211.76191803930743,127.21298326534132
cv_targets__stop,matched_risk,hard,eu-locality-067,2296,59.45972029478938,59.45972029478938,0.0,135.4659665220667,210.41573167431284,135.4659665220667
cv_targets__stop,matched_risk,hard,eu-locality-074,19310,55.453958955179644,55.453958955179644,0.0,127.70741040028658,228.94316663691012,127.70741040028658
cv_targets__stop,matched_risk,hard,eu-locality-082,184,52.734561718668,52.734561718668,0.0,110.41707800047281,199.45076524670506,110.41707800047281
cv_targets__stop,matched_risk,hard,eu-locality-112,1153,66.74324993384185,66.74324993384185,0.0,170.48331975237295,282.2924395893853,170.48331975237295
cv_targets__stop,matched_risk,hard,eu-locality-126,1110,69.3099694423669,69.3099694423669,0.0,153.44137522662362,237.31079754913677,153.44137522662362
cv_targets__stop,matched_risk,complete,eu-locality-008,97352,15.52363121346052,15.52363121346052,0.0,56.41470894182748,113.35369194984504,56.41470894182748
cv_targets__stop,matched_risk,complete,eu-locality-020,364,6.75465666943491,6.75465666943491,0.0,22.937980186983854,49.70629992513765,22.937980186983854
cv_targets__stop,matched_risk,complete,eu-locality-048,4716,24.77682996668955,24.77682996668955,0.0,88.27800245298431,148.93476953887537,88.27800245298431
cv_targets__stop,matched_risk,complete,eu-locality-067,3417,27.411996068379786,27.411996068379786,0.0,87.49455596529795,160.33713288337748,87.49455596529795
cv_targets__stop,matched_risk,complete,eu-locality-074,67309,17.784172380700664,17.784172380700664,0.0,58.30115774440925,123.85629542586919,58.30115774440925
cv_targets__stop,matched_risk,complete,eu-locality-082,582,10.057152334237866,10.057152334237866,0.0,46.30650206106486,88.77064559267427,46.30650206106486
cv_targets__stop,matched_risk,complete,eu-locality-112,2417,19.503980555748143,19.503980555748143,0.0,66.96118973625356,157.72654095861347,66.96118973625356
cv_targets__stop,matched_risk,complete,eu-locality-126,3637,17.999977697062388,17.999977697062388,0.0,79.61625828652348,152.8276987104273,79.61625828652348
cv_targets__stop,matched_random,all,eu-locality-008,157961,17.23134532301242,17.23134532301242,0.0,60.94730001686062,125.18700416068928,60.94730001686062
cv_targets__stop,matched_random,all,eu-locality-020,1225,6.398133656550564,6.398133656550564,0.0,20.950455289077674,39.464285429778364,20.950455289077674
cv_targets__stop,matched_random,all,eu-locality-048,8058,24.98901466193343,24.98901466193343,0.0,85.64713396327933,147.54204672889855,85.64713396327933
cv_targets__stop,matched_random,all,eu-locality-067,6903,26.759697513854874,26.759697513854874,0.0,87.8102175620978,160.9846648617185,87.8102175620978
cv_targets__stop,matched_random,all,eu-locality-074,102348,18.2909357715842,18.2909357715842,0.0,60.64563623321335,125.37413785251155,60.64563623321335
cv_targets__stop,matched_random,all,eu-locality-082,1368,13.011774670130581,13.011774670130581,0.0,50.06667229821833,99.68977167861865,50.06667229821833
cv_targets__stop,matched_random,all,eu-locality-112,5004,23.28439726404607,23.28439726404607,0.0,83.55800123644538,176.7432925302825,83.55800123644538
cv_targets__stop,matched_random,all,eu-locality-126,5790,18.5286221854853,18.5286221854853,0.0,81.8083058627529,152.0324442482678,81.8083058627529
cv_targets__stop,matched_random,easy,eu-locality-008,39889,1.61975574887676,1.61975574887676,0.0,3.0279106350880904,3.4225514469356346,3.0279106350880904
cv_targets__stop,matched_random,easy,eu-locality-020,593,1.2470705919558411,1.2470705919558411,0.0,3.1058809634637834,3.4635576182980197,3.1058809634637834
cv_targets__stop,matched_random,easy,eu-locality-048,1582,1.624263603755499,1.624263603755499,0.0,3.097178001185482,4.004102987330692,3.097178001185482
cv_targets__stop,matched_random,easy,eu-locality-067,1219,1.579378976301011,1.579378976301011,0.0,3.140556250142567,3.480652568687754,3.140556250142567
cv_targets__stop,matched_random,easy,eu-locality-074,17048,1.947178844056168,1.947178844056168,0.0,3.3634936902110275,5.85316366648104,3.3634936902110275
cv_targets__stop,matched_random,easy,eu-locality-082,513,1.5113277172013309,1.5113277172013309,0.0,2.984061586701978,3.4065016070252896,2.984061586701978
cv_targets__stop,matched_random,easy,eu-locality-112,571,1.9555720731071375,1.9555720731071375,0.0,3.252410621186774,3.9100439491929566,3.252410621186774
cv_targets__stop,matched_random,easy,eu-locality-126,2160,1.3231998905870987,1.3231998905870987,0.0,2.890201948251488,3.4948352555088547,2.890201948251488
cv_targets__stop,matched_random,hard,eu-locality-008,28100,56.860317721526734,56.860317721526734,0.0,130.35717176616848,218.53150980171708,130.35717176616848
cv_targets__stop,matched_random,hard,eu-locality-020,30,43.04818478161064,43.04818478161064,0.0,64.72063289570352,69.65016417684733,64.72063289570352
cv_targets__stop,matched_random,hard,eu-locality-048,2478,59.280728023853655,59.280728023853655,0.0,127.21298326534132,211.76191803930743,127.21298326534132
cv_targets__stop,matched_random,hard,eu-locality-067,2296,59.45972029478938,59.45972029478938,0.0,135.4659665220667,210.41573167431284,135.4659665220667
cv_targets__stop,matched_random,hard,eu-locality-074,19310,55.453958955179644,55.453958955179644,0.0,127.70741040028658,228.94316663691012,127.70741040028658
cv_targets__stop,matched_random,hard,eu-locality-082,184,52.734561718668,52.734561718668,0.0,110.41707800047281,199.45076524670506,110.41707800047281
cv_targets__stop,matched_random,hard,eu-locality-112,1153,66.74324993384185,66.74324993384185,0.0,170.48331975237295,282.2924395893853,170.48331975237295
cv_targets__stop,matched_random,hard,eu-locality-126,1110,69.3099694423669,69.3099694423669,0.0,153.44137522662362,237.31079754913677,153.44137522662362
cv_targets__stop,matched_random,complete,eu-locality-008,97352,15.52363121346052,15.52363121346052,0.0,56.41470894182748,113.35369194984504,56.41470894182748
cv_targets__stop,matched_random,complete,eu-locality-020,364,6.75465666943491,6.75465666943491,0.0,22.937980186983854,49.70629992513765,22.937980186983854
cv_targets__stop,matched_random,complete,eu-locality-048,4716,24.77682996668955,24.77682996668955,0.0,88.27800245298431,148.93476953887537,88.27800245298431
cv_targets__stop,matched_random,complete,eu-locality-067,3417,27.411996068379786,27.411996068379786,0.0,87.49455596529795,160.33713288337748,87.49455596529795
cv_targets__stop,matched_random,complete,eu-locality-074,67309,17.784172380700664,17.784172380700664,0.0,58.30115774440925,123.85629542586919,58.30115774440925
cv_targets__stop,matched_random,complete,eu-locality-082,582,10.057152334237866,10.057152334237866,0.0,46.30650206106486,88.77064559267427,46.30650206106486
cv_targets__stop,matched_random,complete,eu-locality-112,2417,19.503980555748143,19.503980555748143,0.0,66.96118973625356,157.72654095861347,66.96118973625356
cv_targets__stop,matched_random,complete,eu-locality-126,3637,17.999977697062388,17.999977697062388,0.0,79.61625828652348,152.8276987104273,79.61625828652348
cv_targets__stop_risk,ADE_vs_floor,all,eu-locality-008,157961,17.23134532301242,17.466975925577778,1.349006282308507,60.94730001686062,125.18700416068928,61.24959048903298
cv_targets__stop_risk,ADE_vs_floor,all,eu-locality-020,1225,6.398133656550564,6.448501284113131,0.781074940415305,20.950455289077674,39.464285429778364,20.950455289077674
cv_targets__stop_risk,ADE_vs_floor,all,eu-locality-048,8058,24.98901466193343,25.2057165027749,0.8597329134349851,85.64713396327933,147.54204672889855,86.31775306667878
cv_targets__stop_risk,ADE_vs_floor,all,eu-locality-067,6903,26.759697513854874,27.401641879979564,2.342722268017494,87.8102175620978,160.9846648617185,88.7408126959883
cv_targets__stop_risk,ADE_vs_floor,all,eu-locality-074,102348,18.2909357715842,18.62450223451202,1.7910087406776798,60.64563623321335,125.37413785251155,61.509130432529204
cv_targets__stop_risk,ADE_vs_floor,all,eu-locality-082,1368,13.011774670130581,13.174770524047632,1.2371817301829902,50.06667229821833,99.68977167861865,50.57497731631109
cv_targets__stop_risk,ADE_vs_floor,all,eu-locality-112,5004,23.28439726404607,23.65488959344297,1.5662399434728247,83.55800123644538,176.7432925302825,83.91872194267576
cv_targets__stop_risk,ADE_vs_floor,all,eu-locality-126,5790,18.5286221854853,18.76141831163623,1.2408237068438743,81.8083058627529,152.0324442482678,82.1707199959473
cv_targets__stop_risk,ADE_vs_floor,easy,eu-locality-008,39889,1.61975574887676,1.7241720949012762,6.056028068966923,3.0279106350880904,3.4225514469356346,3.1033643965504147
cv_targets__stop_risk,ADE_vs_floor,easy,eu-locality-020,593,1.2470705919558411,1.2736100237440386,2.083795768988961,3.1058809634637834,3.4635576182980197,3.0839156726310635
cv_targets__stop_risk,ADE_vs_floor,easy,eu-locality-048,1582,1.624263603755499,1.6938727305913583,4.109466170552123,3.097178001185482,4.004102987330692,3.091778570545298
cv_targets__stop_risk,ADE_vs_floor,easy,eu-locality-067,1219,1.579378976301011,1.611886085015975,2.0167125342881675,3.140556250142567,3.480652568687754,3.1321490509109946
cv_targets__stop_risk,ADE_vs_floor,easy,eu-locality-074,17048,1.947178844056168,2.009092341676263,3.0816651049716537,3.3634936902110275,5.85316366648104,3.3126905574851873
cv_targets__stop_risk,ADE_vs_floor,easy,eu-locality-082,513,1.5113277172013309,1.578078341351625,4.229867580155888,2.984061586701978,3.4065016070252896,3.0061798004979905
cv_targets__stop_risk,ADE_vs_floor,easy,eu-locality-112,571,1.9555720731071375,2.024035064897236,3.3825002826013084,3.252410621186774,3.9100439491929566,3.2155185149690704
cv_targets__stop_risk,ADE_vs_floor,easy,eu-locality-126,2160,1.3231998905870987,1.415028582644297,6.4895291291993455,2.890201948251488,3.4948352555088547,2.9758368738441074
cv_targets__stop_risk,ADE_vs_floor,hard,eu-locality-008,28100,56.860317721526734,57.62387890293079,1.325077721148038,130.35717176616848,218.53150980171708,132.8382820550419
cv_targets__stop_risk,ADE_vs_floor,hard,eu-locality-020,30,43.04818478161064,43.04818478161064,0.0,64.72063289570352,69.65016417684733,64.72063289570352
cv_targets__stop_risk,ADE_vs_floor,hard,eu-locality-048,2478,59.280728023853655,60.05940424544668,1.2965100659520057,127.21298326534132,211.76191803930743,129.96960939889047
cv_targets__stop_risk,ADE_vs_floor,hard,eu-locality-067,2296,59.45972029478938,61.33773875305253,3.0617666976999303,135.4659665220667,210.41573167431284,137.54280661418298
cv_targets__stop_risk,ADE_vs_floor,hard,eu-locality-074,19310,55.453958955179644,56.82896386115632,2.419549491234907,127.70741040028658,228.94316663691012,129.7771624011152
cv_targets__stop_risk,ADE_vs_floor,hard,eu-locality-082,184,52.734561718668,53.15494887110422,0.7908711443888716,110.41707800047281,199.45076524670506,110.41707800047281
cv_targets__stop_risk,ADE_vs_floor,hard,eu-locality-112,1153,66.74324993384185,67.4193884187777,1.002884334601184,170.48331975237295,282.2924395893853,170.91978833603577
cv_targets__stop_risk,ADE_vs_floor,hard,eu-locality-126,1110,69.3099694423669,69.8871553107803,0.8258826186968271,153.44137522662362,237.31079754913677,153.2366053199402
cv_targets__stop_risk,ADE_vs_floor,complete,eu-locality-008,97352,15.52363121346052,15.768574512732343,1.5533636161851105,56.41470894182748,113.35369194984504,56.424237953830755
cv_targets__stop_risk,ADE_vs_floor,complete,eu-locality-020,364,6.75465666943491,6.872005536476916,1.7076363867740363,22.937980186983854,49.70629992513765,22.937980186983854
cv_targets__stop_risk,ADE_vs_floor,complete,eu-locality-048,4716,24.77682996668955,24.91504683636528,0.5547525982330992,88.27800245298431,148.93476953887537,88.3433852319625
cv_targets__stop_risk,ADE_vs_floor,complete,eu-locality-067,3417,27.411996068379786,28.232630411573602,2.906687514520112,87.49455596529795,160.33713288337748,88.08569753027201
cv_targets__stop_risk,ADE_vs_floor,complete,eu-locality-074,67309,17.784172380700664,18.16953654665365,2.120935583378758,58.30115774440925,123.85629542586919,59.42379356510969
cv_targets__stop_risk,ADE_vs_floor,complete,eu-locality-082,582,10.057152334237866,10.222557460893151,1.6180405665416897,46.30650206106486,88.77064559267427,46.30650206106486
cv_targets__stop_risk,ADE_vs_floor,complete,eu-locality-112,2417,19.503980555748143,19.95082719378455,2.239739904998117,66.96118973625356,157.72654095861347,68.8472149626773
cv_targets__stop_risk,ADE_vs_floor,complete,eu-locality-126,3637,17.999977697062388,18.278461410717412,1.5235621171688862,79.61625828652348,152.8276987104273,79.33620099124832
cv_targets__stop_risk,ADE_vs_original,all,eu-locality-008,157961,17.23134532301242,17.23148512650427,0.0008113258423425584,60.94730001686062,125.18700416068928,60.94730001686062
cv_targets__stop_risk,ADE_vs_original,all,eu-locality-020,1225,6.398133656550564,6.398133656550564,0.0,20.950455289077674,39.464285429778364,20.950455289077674
cv_targets__stop_risk,ADE_vs_original,all,eu-locality-048,8058,24.98901466193343,24.98901466193343,0.0,85.64713396327933,147.54204672889855,85.64713396327933
cv_targets__stop_risk,ADE_vs_original,all,eu-locality-067,6903,26.759697513854874,26.759697513854874,0.0,87.8102175620978,160.9846648617185,87.8102175620978
cv_targets__stop_risk,ADE_vs_original,all,eu-locality-074,102348,18.2909357715842,18.2909357715842,0.0,60.64563623321335,125.37413785251155,60.64563623321335
cv_targets__stop_risk,ADE_vs_original,all,eu-locality-082,1368,13.011774670130581,13.011774670130581,0.0,50.06667229821833,99.68977167861865,50.06667229821833
cv_targets__stop_risk,ADE_vs_original,all,eu-locality-112,5004,23.28439726404607,23.28439726404607,0.0,83.55800123644538,176.7432925302825,83.55800123644538
cv_targets__stop_risk,ADE_vs_original,all,eu-locality-126,5790,18.5286221854853,18.5286221854853,0.0,81.8083058627529,152.0324442482678,81.8083058627529
cv_targets__stop_risk,ADE_vs_original,easy,eu-locality-008,39889,1.61975574887676,1.6198130470017402,0.003537329513814136,3.0279106350880904,3.4225514469356346,3.027999354637201
cv_targets__stop_risk,ADE_vs_original,easy,eu-locality-020,593,1.2470705919558411,1.2470705919558411,0.0,3.1058809634637834,3.4635576182980197,3.1058809634637834
cv_targets__stop_risk,ADE_vs_original,easy,eu-locality-048,1582,1.624263603755499,1.624263603755499,0.0,3.097178001185482,4.004102987330692,3.097178001185482
cv_targets__stop_risk,ADE_vs_original,easy,eu-locality-067,1219,1.579378976301011,1.579378976301011,0.0,3.140556250142567,3.480652568687754,3.140556250142567
cv_targets__stop_risk,ADE_vs_original,easy,eu-locality-074,17048,1.947178844056168,1.947178844056168,0.0,3.3634936902110275,5.85316366648104,3.3634936902110275
cv_targets__stop_risk,ADE_vs_original,easy,eu-locality-082,513,1.5113277172013309,1.5113277172013309,0.0,2.984061586701978,3.4065016070252896,2.984061586701978
cv_targets__stop_risk,ADE_vs_original,easy,eu-locality-112,571,1.9555720731071375,1.9555720731071375,0.0,3.252410621186774,3.9100439491929566,3.252410621186774
cv_targets__stop_risk,ADE_vs_original,easy,eu-locality-126,2160,1.3231998905870987,1.3231998905870987,0.0,2.890201948251488,3.4948352555088547,2.890201948251488
cv_targets__stop_risk,ADE_vs_original,hard,eu-locality-008,28100,56.860317721526734,56.86075496928675,0.0007689798706578266,130.35717176616848,218.53150980171708,130.35717176616848
cv_targets__stop_risk,ADE_vs_original,hard,eu-locality-020,30,43.04818478161064,43.04818478161064,0.0,64.72063289570352,69.65016417684733,64.72063289570352
cv_targets__stop_risk,ADE_vs_original,hard,eu-locality-048,2478,59.280728023853655,59.280728023853655,0.0,127.21298326534132,211.76191803930743,127.21298326534132
cv_targets__stop_risk,ADE_vs_original,hard,eu-locality-067,2296,59.45972029478938,59.45972029478938,0.0,135.4659665220667,210.41573167431284,135.4659665220667
cv_targets__stop_risk,ADE_vs_original,hard,eu-locality-074,19310,55.453958955179644,55.453958955179644,0.0,127.70741040028658,228.94316663691012,127.70741040028658
cv_targets__stop_risk,ADE_vs_original,hard,eu-locality-082,184,52.734561718668,52.734561718668,0.0,110.41707800047281,199.45076524670506,110.41707800047281
cv_targets__stop_risk,ADE_vs_original,hard,eu-locality-112,1153,66.74324993384185,66.74324993384185,0.0,170.48331975237295,282.2924395893853,170.48331975237295
cv_targets__stop_risk,ADE_vs_original,hard,eu-locality-126,1110,69.3099694423669,69.3099694423669,0.0,153.44137522662362,237.31079754913677,153.44137522662362
cv_targets__stop_risk,FDE_vs_floor,endpoint,eu-locality-008,121088,33.545734388754035,34.1268805578543,1.7028985937201702,129.85482060312742,264.0168751048198,129.9408074196934
cv_targets__stop_risk,FDE_vs_floor,endpoint,eu-locality-020,622,14.318372565814675,14.535865331661961,1.496249180112752,53.963574416924075,102.34943144507893,52.375808020598235
cv_targets__stop_risk,FDE_vs_floor,endpoint,eu-locality-048,5582,53.97744721452811,54.312413544533996,0.6167399092497083,200.74529675278757,330.78309819520825,202.36516697858983
cv_targets__stop_risk,FDE_vs_floor,endpoint,eu-locality-067,4600,57.202728020803896,58.86831067946084,2.829336597963672,194.5344124718005,381.6312506904558,196.12059702120067
cv_targets__stop_risk,FDE_vs_floor,endpoint,eu-locality-074,81289,37.07975879185826,37.93165819072686,2.2458796675460357,128.2612035166889,264.76525084602144,130.65766401607394
cv_targets__stop_risk,FDE_vs_floor,endpoint,eu-locality-082,859,23.756935484924757,24.253513715154355,2.0474486132676106,107.79588538582226,229.79762677801716,108.48198577750496
cv_targets__stop_risk,FDE_vs_floor,endpoint,eu-locality-112,3719,44.604212223214645,45.68331959042426,2.3621474465612358,168.66020962034,394.2574142197964,169.85900374901303
cv_targets__stop_risk,FDE_vs_floor,endpoint,eu-locality-126,4579,36.582644894178465,37.293258892704124,1.9054757337516603,170.7701979760524,343.4616066783118,171.97826910961012
cv_targets__stop_risk,ADE_vs_CV,easy,eu-locality-008,39889,1.61975574887676,1.791172498853141,9.570086079712393,3.0279106350880904,3.4225514469356346,3.2504176960159774
cv_targets__stop_risk,ADE_vs_CV,easy,eu-locality-020,593,1.2470705919558411,1.2706472215919324,1.8554819335734551,3.1058809634637834,3.4635576182980197,3.051349724629029
cv_targets__stop_risk,ADE_vs_CV,easy,eu-locality-048,1582,1.624263603755499,1.7551327263969017,7.456366158134542,3.097178001185482,4.004102987330692,3.2298308573246963
cv_targets__stop_risk,ADE_vs_CV,easy,eu-locality-067,1219,1.579378976301011,1.6528940070695597,4.447655473013934,3.140556250142567,3.480652568687754,3.222473275402277
cv_targets__stop_risk,ADE_vs_CV,easy,eu-locality-074,17048,1.947178844056168,2.0239574238081066,3.7934878890623414,3.3634936902110275,5.85316366648104,3.3016095862663026
cv_targets__stop_risk,ADE_vs_CV,easy,eu-locality-082,513,1.5113277172013309,1.6221340438704122,6.830898290297727,2.984061586701978,3.4065016070252896,3.137173321764387
cv_targets__stop_risk,ADE_vs_CV,easy,eu-locality-112,571,1.9555720731071375,2.110763890677913,7.352400628804235,3.252410621186774,3.9100439491929566,3.3318797717711783
cv_targets__stop_risk,ADE_vs_CV,easy,eu-locality-126,2160,1.3231998905870987,1.4931553251754432,11.382301072286305,2.890201948251488,3.4948352555088547,3.15811922069773
cv_targets__stop_random,ADE_vs_floor,all,eu-locality-008,157961,17.23134532301242,17.466975925577778,1.349006282308507,60.94730001686062,125.18700416068928,61.24959048903298
cv_targets__stop_random,ADE_vs_floor,all,eu-locality-020,1225,6.398133656550564,6.448501284113131,0.781074940415305,20.950455289077674,39.464285429778364,20.950455289077674
cv_targets__stop_random,ADE_vs_floor,all,eu-locality-048,8058,24.98901466193343,25.2057165027749,0.8597329134349851,85.64713396327933,147.54204672889855,86.31775306667878
cv_targets__stop_random,ADE_vs_floor,all,eu-locality-067,6903,26.759697513854874,27.401641879979564,2.342722268017494,87.8102175620978,160.9846648617185,88.7408126959883
cv_targets__stop_random,ADE_vs_floor,all,eu-locality-074,102348,18.2909357715842,18.62450223451202,1.7910087406776798,60.64563623321335,125.37413785251155,61.509130432529204
cv_targets__stop_random,ADE_vs_floor,all,eu-locality-082,1368,13.011774670130581,13.174770524047632,1.2371817301829902,50.06667229821833,99.68977167861865,50.57497731631109
cv_targets__stop_random,ADE_vs_floor,all,eu-locality-112,5004,23.28439726404607,23.65488959344297,1.5662399434728247,83.55800123644538,176.7432925302825,83.91872194267576
cv_targets__stop_random,ADE_vs_floor,all,eu-locality-126,5790,18.5286221854853,18.76141831163623,1.2408237068438743,81.8083058627529,152.0324442482678,82.1707199959473
cv_targets__stop_random,ADE_vs_floor,easy,eu-locality-008,39889,1.61975574887676,1.7241720949012762,6.056028068966923,3.0279106350880904,3.4225514469356346,3.1033643965504147
cv_targets__stop_random,ADE_vs_floor,easy,eu-locality-020,593,1.2470705919558411,1.2736100237440386,2.083795768988961,3.1058809634637834,3.4635576182980197,3.0839156726310635
cv_targets__stop_random,ADE_vs_floor,easy,eu-locality-048,1582,1.624263603755499,1.6938727305913583,4.109466170552123,3.097178001185482,4.004102987330692,3.091778570545298
cv_targets__stop_random,ADE_vs_floor,easy,eu-locality-067,1219,1.579378976301011,1.611886085015975,2.0167125342881675,3.140556250142567,3.480652568687754,3.1321490509109946
cv_targets__stop_random,ADE_vs_floor,easy,eu-locality-074,17048,1.947178844056168,2.009092341676263,3.0816651049716537,3.3634936902110275,5.85316366648104,3.3126905574851873
cv_targets__stop_random,ADE_vs_floor,easy,eu-locality-082,513,1.5113277172013309,1.578078341351625,4.229867580155888,2.984061586701978,3.4065016070252896,3.0061798004979905
cv_targets__stop_random,ADE_vs_floor,easy,eu-locality-112,571,1.9555720731071375,2.024035064897236,3.3825002826013084,3.252410621186774,3.9100439491929566,3.2155185149690704
cv_targets__stop_random,ADE_vs_floor,easy,eu-locality-126,2160,1.3231998905870987,1.415028582644297,6.4895291291993455,2.890201948251488,3.4948352555088547,2.9758368738441074
cv_targets__stop_random,ADE_vs_floor,hard,eu-locality-008,28100,56.860317721526734,57.62387890293079,1.325077721148038,130.35717176616848,218.53150980171708,132.8382820550419
cv_targets__stop_random,ADE_vs_floor,hard,eu-locality-020,30,43.04818478161064,43.04818478161064,0.0,64.72063289570352,69.65016417684733,64.72063289570352
cv_targets__stop_random,ADE_vs_floor,hard,eu-locality-048,2478,59.280728023853655,60.05940424544668,1.2965100659520057,127.21298326534132,211.76191803930743,129.96960939889047
cv_targets__stop_random,ADE_vs_floor,hard,eu-locality-067,2296,59.45972029478938,61.33773875305253,3.0617666976999303,135.4659665220667,210.41573167431284,137.54280661418298
cv_targets__stop_random,ADE_vs_floor,hard,eu-locality-074,19310,55.453958955179644,56.82896386115632,2.419549491234907,127.70741040028658,228.94316663691012,129.7771624011152
cv_targets__stop_random,ADE_vs_floor,hard,eu-locality-082,184,52.734561718668,53.15494887110422,0.7908711443888716,110.41707800047281,199.45076524670506,110.41707800047281
cv_targets__stop_random,ADE_vs_floor,hard,eu-locality-112,1153,66.74324993384185,67.4193884187777,1.002884334601184,170.48331975237295,282.2924395893853,170.91978833603577
cv_targets__stop_random,ADE_vs_floor,hard,eu-locality-126,1110,69.3099694423669,69.8871553107803,0.8258826186968271,153.44137522662362,237.31079754913677,153.2366053199402
cv_targets__stop_random,ADE_vs_floor,complete,eu-locality-008,97352,15.52363121346052,15.768574512732343,1.5533636161851105,56.41470894182748,113.35369194984504,56.424237953830755
cv_targets__stop_random,ADE_vs_floor,complete,eu-locality-020,364,6.75465666943491,6.872005536476916,1.7076363867740363,22.937980186983854,49.70629992513765,22.937980186983854
cv_targets__stop_random,ADE_vs_floor,complete,eu-locality-048,4716,24.77682996668955,24.91504683636528,0.5547525982330992,88.27800245298431,148.93476953887537,88.3433852319625
cv_targets__stop_random,ADE_vs_floor,complete,eu-locality-067,3417,27.411996068379786,28.232630411573602,2.906687514520112,87.49455596529795,160.33713288337748,88.08569753027201
cv_targets__stop_random,ADE_vs_floor,complete,eu-locality-074,67309,17.784172380700664,18.16953654665365,2.120935583378758,58.30115774440925,123.85629542586919,59.42379356510969
cv_targets__stop_random,ADE_vs_floor,complete,eu-locality-082,582,10.057152334237866,10.222557460893151,1.6180405665416897,46.30650206106486,88.77064559267427,46.30650206106486
cv_targets__stop_random,ADE_vs_floor,complete,eu-locality-112,2417,19.503980555748143,19.95082719378455,2.239739904998117,66.96118973625356,157.72654095861347,68.8472149626773
cv_targets__stop_random,ADE_vs_floor,complete,eu-locality-126,3637,17.999977697062388,18.278461410717412,1.5235621171688862,79.61625828652348,152.8276987104273,79.33620099124832
cv_targets__stop_random,ADE_vs_original,all,eu-locality-008,157961,17.23134532301242,17.23148512650427,0.0008113258423425584,60.94730001686062,125.18700416068928,60.94730001686062
cv_targets__stop_random,ADE_vs_original,all,eu-locality-020,1225,6.398133656550564,6.398133656550564,0.0,20.950455289077674,39.464285429778364,20.950455289077674
cv_targets__stop_random,ADE_vs_original,all,eu-locality-048,8058,24.98901466193343,24.98901466193343,0.0,85.64713396327933,147.54204672889855,85.64713396327933
cv_targets__stop_random,ADE_vs_original,all,eu-locality-067,6903,26.759697513854874,26.759697513854874,0.0,87.8102175620978,160.9846648617185,87.8102175620978
cv_targets__stop_random,ADE_vs_original,all,eu-locality-074,102348,18.2909357715842,18.2909357715842,0.0,60.64563623321335,125.37413785251155,60.64563623321335
cv_targets__stop_random,ADE_vs_original,all,eu-locality-082,1368,13.011774670130581,13.011774670130581,0.0,50.06667229821833,99.68977167861865,50.06667229821833
cv_targets__stop_random,ADE_vs_original,all,eu-locality-112,5004,23.28439726404607,23.28439726404607,0.0,83.55800123644538,176.7432925302825,83.55800123644538
cv_targets__stop_random,ADE_vs_original,all,eu-locality-126,5790,18.5286221854853,18.5286221854853,0.0,81.8083058627529,152.0324442482678,81.8083058627529
cv_targets__stop_random,ADE_vs_original,easy,eu-locality-008,39889,1.61975574887676,1.6198130470017402,0.003537329513814136,3.0279106350880904,3.4225514469356346,3.027999354637201
cv_targets__stop_random,ADE_vs_original,easy,eu-locality-020,593,1.2470705919558411,1.2470705919558411,0.0,3.1058809634637834,3.4635576182980197,3.1058809634637834
cv_targets__stop_random,ADE_vs_original,easy,eu-locality-048,1582,1.624263603755499,1.624263603755499,0.0,3.097178001185482,4.004102987330692,3.097178001185482
cv_targets__stop_random,ADE_vs_original,easy,eu-locality-067,1219,1.579378976301011,1.579378976301011,0.0,3.140556250142567,3.480652568687754,3.140556250142567
cv_targets__stop_random,ADE_vs_original,easy,eu-locality-074,17048,1.947178844056168,1.947178844056168,0.0,3.3634936902110275,5.85316366648104,3.3634936902110275
cv_targets__stop_random,ADE_vs_original,easy,eu-locality-082,513,1.5113277172013309,1.5113277172013309,0.0,2.984061586701978,3.4065016070252896,2.984061586701978
cv_targets__stop_random,ADE_vs_original,easy,eu-locality-112,571,1.9555720731071375,1.9555720731071375,0.0,3.252410621186774,3.9100439491929566,3.252410621186774
cv_targets__stop_random,ADE_vs_original,easy,eu-locality-126,2160,1.3231998905870987,1.3231998905870987,0.0,2.890201948251488,3.4948352555088547,2.890201948251488
cv_targets__stop_random,ADE_vs_original,hard,eu-locality-008,28100,56.860317721526734,56.86075496928675,0.0007689798706578266,130.35717176616848,218.53150980171708,130.35717176616848
cv_targets__stop_random,ADE_vs_original,hard,eu-locality-020,30,43.04818478161064,43.04818478161064,0.0,64.72063289570352,69.65016417684733,64.72063289570352
cv_targets__stop_random,ADE_vs_original,hard,eu-locality-048,2478,59.280728023853655,59.280728023853655,0.0,127.21298326534132,211.76191803930743,127.21298326534132
cv_targets__stop_random,ADE_vs_original,hard,eu-locality-067,2296,59.45972029478938,59.45972029478938,0.0,135.4659665220667,210.41573167431284,135.4659665220667
cv_targets__stop_random,ADE_vs_original,hard,eu-locality-074,19310,55.453958955179644,55.453958955179644,0.0,127.70741040028658,228.94316663691012,127.70741040028658
cv_targets__stop_random,ADE_vs_original,hard,eu-locality-082,184,52.734561718668,52.734561718668,0.0,110.41707800047281,199.45076524670506,110.41707800047281
cv_targets__stop_random,ADE_vs_original,hard,eu-locality-112,1153,66.74324993384185,66.74324993384185,0.0,170.48331975237295,282.2924395893853,170.48331975237295
cv_targets__stop_random,ADE_vs_original,hard,eu-locality-126,1110,69.3099694423669,69.3099694423669,0.0,153.44137522662362,237.31079754913677,153.44137522662362
cv_targets__stop_random,FDE_vs_floor,endpoint,eu-locality-008,121088,33.545734388754035,34.1268805578543,1.7028985937201702,129.85482060312742,264.0168751048198,129.9408074196934
cv_targets__stop_random,FDE_vs_floor,endpoint,eu-locality-020,622,14.318372565814675,14.535865331661961,1.496249180112752,53.963574416924075,102.34943144507893,52.375808020598235
cv_targets__stop_random,FDE_vs_floor,endpoint,eu-locality-048,5582,53.97744721452811,54.312413544533996,0.6167399092497083,200.74529675278757,330.78309819520825,202.36516697858983
cv_targets__stop_random,FDE_vs_floor,endpoint,eu-locality-067,4600,57.202728020803896,58.86831067946084,2.829336597963672,194.5344124718005,381.6312506904558,196.12059702120067
cv_targets__stop_random,FDE_vs_floor,endpoint,eu-locality-074,81289,37.07975879185826,37.93165819072686,2.2458796675460357,128.2612035166889,264.76525084602144,130.65766401607394
cv_targets__stop_random,FDE_vs_floor,endpoint,eu-locality-082,859,23.756935484924757,24.253513715154355,2.0474486132676106,107.79588538582226,229.79762677801716,108.48198577750496
cv_targets__stop_random,FDE_vs_floor,endpoint,eu-locality-112,3719,44.604212223214645,45.68331959042426,2.3621474465612358,168.66020962034,394.2574142197964,169.85900374901303
cv_targets__stop_random,FDE_vs_floor,endpoint,eu-locality-126,4579,36.582644894178465,37.293258892704124,1.9054757337516603,170.7701979760524,343.4616066783118,171.97826910961012
cv_targets__stop_random,ADE_vs_CV,easy,eu-locality-008,39889,1.61975574887676,1.791172498853141,9.570086079712393,3.0279106350880904,3.4225514469356346,3.2504176960159774
cv_targets__stop_random,ADE_vs_CV,easy,eu-locality-020,593,1.2470705919558411,1.2706472215919324,1.8554819335734551,3.1058809634637834,3.4635576182980197,3.051349724629029
cv_targets__stop_random,ADE_vs_CV,easy,eu-locality-048,1582,1.624263603755499,1.7551327263969017,7.456366158134542,3.097178001185482,4.004102987330692,3.2298308573246963
cv_targets__stop_random,ADE_vs_CV,easy,eu-locality-067,1219,1.579378976301011,1.6528940070695597,4.447655473013934,3.140556250142567,3.480652568687754,3.222473275402277
cv_targets__stop_random,ADE_vs_CV,easy,eu-locality-074,17048,1.947178844056168,2.0239574238081066,3.7934878890623414,3.3634936902110275,5.85316366648104,3.3016095862663026
cv_targets__stop_random,ADE_vs_CV,easy,eu-locality-082,513,1.5113277172013309,1.6221340438704122,6.830898290297727,2.984061586701978,3.4065016070252896,3.137173321764387
cv_targets__stop_random,ADE_vs_CV,easy,eu-locality-112,571,1.9555720731071375,2.110763890677913,7.352400628804235,3.252410621186774,3.9100439491929566,3.3318797717711783
cv_targets__stop_random,ADE_vs_CV,easy,eu-locality-126,2160,1.3231998905870987,1.4931553251754432,11.382301072286305,2.890201948251488,3.4948352555088547,3.15811922069773
cv_targets__support,ADE_vs_floor,all,eu-locality-008,157961,17.26430515105609,17.466975925577778,1.160308317737524,61.020561699939755,126.04694701181518,61.24959048903298
cv_targets__support,ADE_vs_floor,all,eu-locality-020,1225,6.401511166670346,6.448501284113131,0.7286982722412128,20.950455289077674,39.464285429778364,20.950455289077674
cv_targets__support,ADE_vs_floor,all,eu-locality-048,8058,24.99321586128074,25.2057165027749,0.8430652684313422,85.6125630241161,147.54204672889855,86.31775306667878
cv_targets__support,ADE_vs_floor,all,eu-locality-067,6903,26.76755601364872,27.401641879979564,2.3140433303528662,87.83008176063767,160.9846648617185,88.7408126959883
cv_targets__support,ADE_vs_floor,all,eu-locality-074,102348,18.30998414707431,18.62450223451202,1.688732850292729,60.69185006152282,125.64009874526437,61.509130432529204
cv_targets__support,ADE_vs_floor,all,eu-locality-082,1368,13.050765264508414,13.174770524047632,0.9412327851394009,50.06667229821833,100.8002615042556,50.57497731631109
cv_targets__support,ADE_vs_floor,all,eu-locality-112,5004,23.32460384779974,23.65488959344297,1.3962683881423965,83.91872194267576,176.7432925302825,83.91872194267576
cv_targets__support,ADE_vs_floor,all,eu-locality-126,5790,18.53356814413707,18.76141831163623,1.214461314781523,81.8083058627529,152.0324442482678,82.1707199959473
cv_targets__support,ADE_vs_floor,easy,eu-locality-008,39889,1.6192868669729104,1.7241720949012762,6.083222680527811,3.026169297728112,3.412168615624435,3.1033643965504147
cv_targets__support,ADE_vs_floor,easy,eu-locality-020,593,1.2470754606666357,1.2736100237440386,2.0834134925696635,3.1058809634637834,3.4635576182980197,3.0839156726310635
cv_targets__support,ADE_vs_floor,easy,eu-locality-048,1582,1.6190120832224988,1.6938727305913583,4.4194965782774265,3.096124259208806,3.973858609270807,3.091778570545298
cv_targets__support,ADE_vs_floor,easy,eu-locality-067,1219,1.5747218899349154,1.611886085015975,2.3056340908043427,3.1263504056718783,3.4188772394610956,3.1321490509109946
cv_targets__support,ADE_vs_floor,easy,eu-locality-074,17048,1.9475774350766675,2.009092341676263,3.0618257470570676,3.36076448175679,5.840987078644187,3.3126905574851873
cv_targets__support,ADE_vs_floor,easy,eu-locality-082,513,1.5076452016344628,1.578078341351625,4.463222000552658,2.984061586701978,3.4065016070252896,3.0061798004979905
cv_targets__support,ADE_vs_floor,easy,eu-locality-112,571,1.9521821374731614,2.024035064897236,3.549984319452626,3.2514896778368834,3.8622394793202206,3.2155185149690704
cv_targets__support,ADE_vs_floor,easy,eu-locality-126,2160,1.3205280273220807,1.415028582644297,6.678349574085695,2.887760776081712,3.4793448720406004,2.9758368738441074
cv_targets__support,ADE_vs_floor,hard,eu-locality-008,28100,57.018265778175206,57.62387890293079,1.0509759778160044,131.23058347007867,221.0174298365999,132.8382820550419
cv_targets__support,ADE_vs_floor,hard,eu-locality-020,30,43.04818478161064,43.04818478161064,0.0,64.72063289570352,69.65016417684733,64.72063289570352
cv_targets__support,ADE_vs_floor,hard,eu-locality-048,2478,59.28353026019342,60.05940424544668,1.2918442914992445,127.21298326534132,211.76191803930743,129.96960939889047
cv_targets__support,ADE_vs_floor,hard,eu-locality-067,2296,59.47744066627646,61.33773875305253,3.0328768627511438,135.4659665220667,210.41573167431284,137.54280661418298
cv_targets__support,ADE_vs_floor,hard,eu-locality-074,19310,55.55104035843924,56.82896386115632,2.2487186390363956,128.2809138272224,230.6134714460459,129.7771624011152
cv_targets__support,ADE_vs_floor,hard,eu-locality-082,184,52.89676830475371,53.15494887110422,0.4857131308254603,110.41707800047281,199.45076524670506,110.41707800047281
cv_targets__support,ADE_vs_floor,hard,eu-locality-112,1153,66.89602769945068,67.4193884187777,0.7762762783847021,170.48331975237295,282.2924395893853,170.91978833603577
cv_targets__support,ADE_vs_floor,hard,eu-locality-126,1110,69.31810601550757,69.8871553107803,0.8142401743814531,153.44137522662362,237.31079754913677,153.2366053199402
cv_targets__support,ADE_vs_floor,complete,eu-locality-008,97352,15.547258227398142,15.768574512732343,1.4035275360845034,56.43227990526874,113.764949414557,56.424237953830755
cv_targets__support,ADE_vs_floor,complete,eu-locality-020,364,6.75466460115332,6.872005536476916,1.7075209660519786,22.937980186983854,49.70629992513765,22.937980186983854
cv_targets__support,ADE_vs_floor,complete,eu-locality-048,4716,24.772789656052474,24.91504683636528,0.5709689459831635,88.22093822243187,148.93476953887537,88.3433852319625
cv_targets__support,ADE_vs_floor,complete,eu-locality-067,3417,27.413352263037012,28.232630411573602,2.901883871935418,87.49455596529795,160.33713288337748,88.08569753027201
cv_targets__support,ADE_vs_floor,complete,eu-locality-074,67309,17.79366127288581,18.16953654665365,2.0687113994498962,58.313493170878914,123.73766807541985,59.42379356510969
cv_targets__support,ADE_vs_floor,complete,eu-locality-082,582,10.085467888703464,10.222557460893151,1.341049661145266,46.30650206106486,88.77064559267427,46.30650206106486
cv_targets__support,ADE_vs_floor,complete,eu-locality-112,2417,19.51956314790421,19.95082719378455,2.1616349121338474,67.36289050825208,157.72654095861347,68.8472149626773
cv_targets__support,ADE_vs_floor,complete,eu-locality-126,3637,18.00709312128719,18.278461410717412,1.4846342005082946,79.61625828652348,152.8276987104273,79.33620099124832
cv_targets__support,ADE_vs_original,all,eu-locality-008,157961,17.26430515105609,17.23148512650427,-0.19046544340706184,61.020561699939755,126.04694701181518,60.94730001686062
cv_targets__support,ADE_vs_original,all,eu-locality-020,1225,6.401511166670346,6.398133656550564,-0.052788989744279036,20.950455289077674,39.464285429778364,20.950455289077674
cv_targets__support,ADE_vs_original,all,eu-locality-048,8058,24.99321586128074,24.98901466193343,-0.016812184890624415,85.6125630241161,147.54204672889855,85.64713396327933
cv_targets__support,ADE_vs_original,all,eu-locality-067,6903,26.76755601364872,26.759697513854874,-0.02936692311179545,87.83008176063767,160.9846648617185,87.8102175620978
cv_targets__support,ADE_vs_original,all,eu-locality-074,102348,18.30998414707431,18.2909357715842,-0.10414106597926853,60.69185006152282,125.64009874526437,60.64563623321335
cv_targets__support,ADE_vs_original,all,eu-locality-082,1368,13.050765264508414,13.011774670130581,-0.2996562372643785,50.06667229821833,100.8002615042556,50.06667229821833
cv_targets__support,ADE_vs_original,all,eu-locality-112,5004,23.32460384779974,23.28439726404607,-0.17267607702156074,83.91872194267576,176.7432925302825,83.55800123644538
cv_targets__support,ADE_vs_original,all,eu-locality-126,5790,18.53356814413707,18.5286221854853,-0.026693612737416217,81.8083058627529,152.0324442482678,81.8083058627529
cv_targets__support,ADE_vs_original,easy,eu-locality-008,39889,1.6192868669729104,1.6198130470017402,0.032483997446730584,3.026169297728112,3.412168615624435,3.027999354637201
cv_targets__support,ADE_vs_original,easy,eu-locality-020,593,1.2470754606666357,1.2470705919558411,-0.000390411803952162,3.1058809634637834,3.4635576182980197,3.1058809634637834
cv_targets__support,ADE_vs_original,easy,eu-locality-048,1582,1.6190120832224988,1.624263603755499,0.32331701091239395,3.096124259208806,3.973858609270807,3.097178001185482
cv_targets__support,ADE_vs_original,easy,eu-locality-067,1219,1.5747218899349154,1.579378976301011,0.2948682004747738,3.1263504056718783,3.4188772394610956,3.140556250142567
cv_targets__support,ADE_vs_original,easy,eu-locality-074,17048,1.9475774350766675,1.947178844056168,-0.020470180318366005,3.36076448175679,5.840987078644187,3.3634936902110275
cv_targets__support,ADE_vs_original,easy,eu-locality-082,513,1.5076452016344628,1.5113277172013309,0.24366095618806316,2.984061586701978,3.4065016070252896,2.984061586701978
cv_targets__support,ADE_vs_original,easy,eu-locality-112,571,1.9521821374731614,1.9555720731071375,0.1733475171073584,3.2514896778368834,3.8622394793202206,3.252410621186774
cv_targets__support,ADE_vs_original,easy,eu-locality-126,2160,1.3205280273220807,1.3231998905870987,0.20192438678576785,2.887760776081712,3.4793448720406004,2.890201948251488
cv_targets__support,ADE_vs_original,hard,eu-locality-008,28100,57.018265778175206,56.86075496928675,-0.27701146242875563,131.23058347007867,221.0174298365999,130.35717176616848
cv_targets__support,ADE_vs_original,hard,eu-locality-020,30,43.04818478161064,43.04818478161064,0.0,64.72063289570352,69.65016417684733,64.72063289570352
cv_targets__support,ADE_vs_original,hard,eu-locality-048,2478,59.28353026019342,59.280728023853655,-0.004727061278053668,127.21298326534132,211.76191803930743,127.21298326534132
cv_targets__support,ADE_vs_original,hard,eu-locality-067,2296,59.47744066627646,59.45972029478938,-0.029802312219473492,135.4659665220667,210.41573167431284,135.4659665220667
cv_targets__support,ADE_vs_original,hard,eu-locality-074,19310,55.55104035843924,55.453958955179644,-0.17506667709343837,128.2809138272224,230.6134714460459,127.70741040028658
cv_targets__support,ADE_vs_original,hard,eu-locality-082,184,52.89676830475371,52.734561718668,-0.307590659330903,110.41707800047281,199.45076524670506,110.41707800047281
cv_targets__support,ADE_vs_original,hard,eu-locality-112,1153,66.89602769945068,66.74324993384185,-0.2289036955201773,170.48331975237295,282.2924395893853,170.48331975237295
cv_targets__support,ADE_vs_original,hard,eu-locality-126,1110,69.31810601550757,69.3099694423669,-0.011739397962684528,153.44137522662362,237.31079754913677,153.44137522662362
cv_targets__support,FDE_vs_floor,endpoint,eu-locality-008,121088,33.63554047686533,34.1268805578543,1.4397450717946958,130.04414575330082,266.4282722798066,129.9408074196934
cv_targets__support,FDE_vs_floor,endpoint,eu-locality-020,622,14.333099496230382,14.535865331661961,1.394934741104925,53.963574416924075,102.34943144507893,52.375808020598235
cv_targets__support,FDE_vs_floor,endpoint,eu-locality-048,5582,53.9756497924351,54.312413544533996,0.6200493222838666,200.74529675278757,330.78309819520825,202.36516697858983
cv_targets__support,FDE_vs_floor,endpoint,eu-locality-067,4600,57.22629125587254,58.86831067946084,2.7893095701847614,194.5344124718005,381.6312506904558,196.12059702120067
cv_targets__support,FDE_vs_floor,endpoint,eu-locality-074,81289,37.12317959447906,37.93165819072686,2.1314085247278847,128.40486966691017,266.3342347543057,130.65766401607394
cv_targets__support,FDE_vs_floor,endpoint,eu-locality-082,859,23.879300689979427,24.253513715154355,1.5429229330227279,108.48198577750496,229.79762677801716,108.48198577750496
cv_targets__support,FDE_vs_floor,endpoint,eu-locality-112,3719,44.725979168093374,45.68331959042426,2.0956017008263883,170.8716214440192,394.2574142197964,169.85900374901303
cv_targets__support,FDE_vs_floor,endpoint,eu-locality-126,4579,36.59241624836158,37.293258892704124,1.8792743384506205,170.7701979760524,343.4616066783118,171.97826910961012
cv_targets__support,ADE_vs_CV,easy,eu-locality-008,39889,1.6192868669729104,1.791172498853141,9.59626345258685,3.026169297728112,3.412168615624435,3.2504176960159774
cv_targets__support,ADE_vs_CV,easy,eu-locality-020,593,1.2470754606666357,1.2706472215919324,1.8550987657899976,3.1058809634637834,3.4635576182980197,3.051349724629029
cv_targets__support,ADE_vs_CV,easy,eu-locality-048,1582,1.6190120832224988,1.7551327263969017,7.755575468861775,3.096124259208806,3.973858609270807,3.2298308573246963
cv_targets__support,ADE_vs_CV,easy,eu-locality-067,1219,1.5747218899349154,1.6528940070695597,4.729408951832115,3.1263504056718783,3.4188772394610956,3.222473275402277
cv_targets__support,ADE_vs_CV,easy,eu-locality-074,17048,1.9475774350766675,2.0239574238081066,3.7737942425552173,3.36076448175679,5.840987078644187,3.3016095862663026
cv_targets__support,ADE_vs_CV,easy,eu-locality-082,513,1.5076452016344628,1.6221340438704122,7.057915014395421,2.984061586701978,3.4065016070252896,3.137173321764387
cv_targets__support,ADE_vs_CV,easy,eu-locality-112,571,1.9521821374731614,2.110763890677913,7.513002941973779,3.2514896778368834,3.8622394793202206,3.3318797717711783
cv_targets__support,ADE_vs_CV,easy,eu-locality-126,2160,1.3205280273220807,1.4931553251754432,11.561241817429746,2.887760776081712,3.4793448720406004,3.15811922069773
cv_targets__support,matched_risk,all,eu-locality-008,157961,17.26430515105609,17.248294169623485,-0.09282646315715848,61.020561699939755,126.04694701181518,60.98238942069789
cv_targets__support,matched_risk,all,eu-locality-020,1225,6.401511166670346,6.401511166670346,0.0,20.950455289077674,39.464285429778364,20.950455289077674
cv_targets__support,matched_risk,all,eu-locality-048,8058,24.99321586128074,24.983969655271405,-0.0370085544327603,85.6125630241161,147.54204672889855,85.6125630241161
cv_targets__support,matched_risk,all,eu-locality-067,6903,26.76755601364872,26.77440319491494,0.02557360930278696,87.83008176063767,160.9846648617185,87.83008176063767
cv_targets__support,matched_risk,all,eu-locality-074,102348,18.30998414707431,18.30457475131899,-0.029552152010126065,60.69185006152282,125.64009874526437,60.68439535267725
cv_targets__support,matched_risk,all,eu-locality-082,1368,13.050765264508414,13.029903162089806,-0.16010942030102449,50.06667229821833,100.8002615042556,50.06667229821833
cv_targets__support,matched_risk,all,eu-locality-112,5004,23.32460384779974,23.302710088788924,-0.09395370292724081,83.91872194267576,176.7432925302825,83.55800123644538
cv_targets__support,matched_risk,all,eu-locality-126,5790,18.53356814413707,18.536802509642776,0.01744834635867276,81.8083058627529,152.0324442482678,81.8083058627529
cv_targets__support,matched_risk,easy,eu-locality-008,39889,1.6192868669729104,1.6202161627839988,0.05735628568793727,3.026169297728112,3.412168615624435,3.028716690779768
cv_targets__support,matched_risk,easy,eu-locality-020,593,1.2470754606666357,1.2470754606666357,0.0,3.1058809634637834,3.4635576182980197,3.1058809634637834
cv_targets__support,matched_risk,easy,eu-locality-048,1582,1.6190120832224988,1.6206831533648902,0.10310899690182396,3.096124259208806,3.973858609270807,3.0954051681898043
cv_targets__support,matched_risk,easy,eu-locality-067,1219,1.5747218899349154,1.5771839793437967,0.15610667120178334,3.1263504056718783,3.4188772394610956,3.1321490509109946
cv_targets__support,matched_risk,easy,eu-locality-074,17048,1.9475774350766675,1.9481359494558501,0.028669168562833747,3.36076448175679,5.840987078644187,3.360246818117998
cv_targets__support,matched_risk,easy,eu-locality-082,513,1.5076452016344628,1.5093121882977685,0.11044677676562697,2.984061586701978,3.4065016070252896,2.984061586701978
cv_targets__support,matched_risk,easy,eu-locality-112,571,1.9521821374731614,1.9510187717216083,-0.05962862933022173,3.2514896778368834,3.8622394793202206,3.2514896778368834
cv_targets__support,matched_risk,easy,eu-locality-126,2160,1.3205280273220807,1.3209474598449826,0.03175240012582847,2.887760776081712,3.4793448720406004,2.890201948251488
cv_targets__support,matched_risk,hard,eu-locality-008,28100,57.018265778175206,56.93655106624916,-0.14351890024206782,131.23058347007867,221.0174298365999,130.50570486933321
cv_targets__support,matched_risk,hard,eu-locality-020,30,43.04818478161064,43.04818478161064,0.0,64.72063289570352,69.65016417684733,64.72063289570352
cv_targets__support,matched_risk,hard,eu-locality-048,2478,59.28353026019342,59.2901252122126,0.011123187875849982,127.21298326534132,211.76191803930743,127.21298326534132
cv_targets__support,matched_risk,hard,eu-locality-067,2296,59.47744066627646,59.48878663978452,0.019072457430957535,135.4659665220667,210.41573167431284,135.4659665220667
cv_targets__support,matched_risk,hard,eu-locality-074,19310,55.55104035843924,55.50177497450844,-0.08876361873728644,128.2809138272224,230.6134714460459,127.73874045145256
cv_targets__support,matched_risk,hard,eu-locality-082,184,52.89676830475371,52.73829103484316,-0.30049754514389626,110.41707800047281,199.45076524670506,110.41707800047281
cv_targets__support,matched_risk,hard,eu-locality-112,1153,66.89602769945068,66.79290163372075,-0.15439674457544683,170.48331975237295,282.2924395893853,170.48331975237295
cv_targets__support,matched_risk,hard,eu-locality-126,1110,69.31810601550757,69.3159878551605,-0.0030558034482597307,153.44137522662362,237.31079754913677,153.44137522662362
cv_targets__support,matched_risk,complete,eu-locality-008,97352,15.547258227398142,15.541451366989387,-0.03736369449438559,56.43227990526874,113.764949414557,56.418334050204756
cv_targets__support,matched_risk,complete,eu-locality-020,364,6.75466460115332,6.75466460115332,0.0,22.937980186983854,49.70629992513765,22.937980186983854
cv_targets__support,matched_risk,complete,eu-locality-048,4716,24.772789656052474,24.777237272005568,0.017950411114309173,88.22093822243187,148.93476953887537,88.22093822243187
cv_targets__support,matched_risk,complete,eu-locality-067,3417,27.413352263037012,27.42592198825697,0.045831550258690346,87.49455596529795,160.33713288337748,87.49455596529795
cv_targets__support,matched_risk,complete,eu-locality-074,67309,17.79366127288581,17.800060627651646,0.035951308816861705,58.313493170878914,123.73766807541985,58.374150970120084
cv_targets__support,matched_risk,complete,eu-locality-082,582,10.085467888703464,10.089161145178286,0.036606179856557564,46.30650206106486,88.77064559267427,46.30650206106486
cv_targets__support,matched_risk,complete,eu-locality-112,2417,19.51956314790421,19.514609606448232,-0.02538375891640854,67.36289050825208,157.72654095861347,66.96118973625356
cv_targets__support,matched_risk,complete,eu-locality-126,3637,18.00709312128719,18.009590137819185,0.013864927035456276,79.61625828652348,152.8276987104273,79.61625828652348
cv_targets__support,matched_random,all,eu-locality-008,157961,17.26430515105609,17.24833662994947,-0.09258006409087471,61.020561699939755,126.04694701181518,60.93829520031638
cv_targets__support,matched_random,all,eu-locality-020,1225,6.401511166670346,6.401511166670346,0.0,20.950455289077674,39.464285429778364,20.950455289077674
cv_targets__support,matched_random,all,eu-locality-048,8058,24.99321586128074,24.98325658859171,-0.03986378898888088,85.6125630241161,147.54204672889855,85.80471967053724
cv_targets__support,matched_random,all,eu-locality-067,6903,26.76755601364872,26.7727387395867,0.0193582210187504,87.83008176063767,160.9846648617185,87.83008176063767
cv_targets__support,matched_random,all,eu-locality-074,102348,18.30998414707431,18.299718653826098,-0.05609645395321383,60.69185006152282,125.64009874526437,60.63936277807512
cv_targets__support,matched_random,all,eu-locality-082,1368,13.050765264508414,13.026783136637754,-0.18409861912271897,50.06667229821833,100.8002615042556,50.06667229821833
cv_targets__support,matched_random,all,eu-locality-112,5004,23.32460384779974,23.318485443630408,-0.026238428666913727,83.91872194267576,176.7432925302825,83.91872194267576
cv_targets__support,matched_random,all,eu-locality-126,5790,18.53356814413707,18.532579155285628,-0.005336487939189283,81.8083058627529,152.0324442482678,81.8083058627529
cv_targets__support,matched_random,easy,eu-locality-008,39889,1.6192868669729104,1.6231801575729434,0.2398557290063552,3.026169297728112,3.412168615624435,3.0299092026013756
cv_targets__support,matched_random,easy,eu-locality-020,593,1.2470754606666357,1.2470754606666357,0.0,3.1058809634637834,3.4635576182980197,3.1058809634637834
cv_targets__support,matched_random,easy,eu-locality-048,1582,1.6190120832224988,1.625313803072557,0.3877232715396306,3.096124259208806,3.973858609270807,3.097178001185482
cv_targets__support,matched_random,easy,eu-locality-067,1219,1.5747218899349154,1.5772741336763672,0.16181357995790346,3.1263504056718783,3.4188772394610956,3.127728021577087
cv_targets__support,matched_random,easy,eu-locality-074,17048,1.9475774350766675,1.9486368350261392,0.054366207721689985,3.36076448175679,5.840987078644187,3.359413327128495
cv_targets__support,matched_random,easy,eu-locality-082,513,1.5076452016344628,1.5105762189668024,0.19403306470323622,2.984061586701978,3.4065016070252896,2.984061586701978
cv_targets__support,matched_random,easy,eu-locality-112,571,1.9521821374731614,1.957889577060179,0.29150977940173295,3.2514896778368834,3.8622394793202206,3.252410621186774
cv_targets__support,matched_random,easy,eu-locality-126,2160,1.3205280273220807,1.321836420307286,0.09898297286294877,2.887760776081712,3.4793448720406004,2.890201948251488
cv_targets__support,matched_random,hard,eu-locality-008,28100,57.018265778175206,56.928080708718305,-0.15841930438222906,131.23058347007867,221.0174298365999,130.68545228260626
cv_targets__support,matched_random,hard,eu-locality-020,30,43.04818478161064,43.04818478161064,0.0,64.72063289570352,69.65016417684733,64.72063289570352
cv_targets__support,matched_random,hard,eu-locality-048,2478,59.28353026019342,59.286043585341375,0.004239320075949404,127.21298326534132,211.76191803930743,127.21298326534132
cv_targets__support,matched_random,hard,eu-locality-067,2296,59.47744066627646,59.49085479890835,0.022548226407637095,135.4659665220667,210.41573167431284,135.4659665220667
cv_targets__support,matched_random,hard,eu-locality-074,19310,55.55104035843924,55.48554956279464,-0.11803216542081163,128.2809138272224,230.6134714460459,127.76315172716821
cv_targets__support,matched_random,hard,eu-locality-082,184,52.89676830475371,52.734561718668,-0.307590659330903,110.41707800047281,199.45076524670506,110.41707800047281
cv_targets__support,matched_random,hard,eu-locality-112,1153,66.89602769945068,66.8624838996371,-0.05016834233071421,170.48331975237295,282.2924395893853,170.48331975237295
cv_targets__support,matched_random,hard,eu-locality-126,1110,69.31810601550757,69.31254340267411,-0.008025405735212487,153.44137522662362,237.31079754913677,153.44137522662362
cv_targets__support,matched_random,complete,eu-locality-008,97352,15.547258227398142,15.540570406237725,-0.04303459258956366,56.43227990526874,113.764949414557,56.42073435768344
cv_targets__support,matched_random,complete,eu-locality-020,364,6.75466460115332,6.75466460115332,0.0,22.937980186983854,49.70629992513765,22.937980186983854
cv_targets__support,matched_random,complete,eu-locality-048,4716,24.772789656052474,24.76909486074878,-0.014916957298871658,88.22093822243187,148.93476953887537,88.27800245298431
cv_targets__support,matched_random,complete,eu-locality-067,3417,27.413352263037012,27.422906404674865,0.03484000381602792,87.49455596529795,160.33713288337748,87.49455596529795
cv_targets__support,matched_random,complete,eu-locality-074,67309,17.79366127288581,17.7974507714431,0.021292367125802514,58.313493170878914,123.73766807541985,58.328088620521875
cv_targets__support,matched_random,complete,eu-locality-082,582,10.085467888703464,10.080902410388317,-0.04528838916684208,46.30650206106486,88.77064559267427,46.30650206106486
cv_targets__support,matched_random,complete,eu-locality-112,2417,19.51956314790421,19.513474535828504,-0.031202090968096563,67.36289050825208,157.72654095861347,66.96118973625356
cv_targets__support,matched_random,complete,eu-locality-126,3637,18.00709312128719,18.004883265825868,-0.012273645036731118,79.61625828652348,152.8276987104273,79.61625828652348
cv_targets__support_risk,ADE_vs_floor,all,eu-locality-008,157961,17.248294169623485,17.466975925577778,1.2519726189927693,60.98238942069789,125.30520994572605,61.24959048903298
cv_targets__support_risk,ADE_vs_floor,all,eu-locality-020,1225,6.401511166670346,6.448501284113131,0.7286982722412128,20.950455289077674,39.464285429778364,20.950455289077674
cv_targets__support_risk,ADE_vs_floor,all,eu-locality-048,8058,24.983969655271405,25.2057165027749,0.8797482407575496,85.6125630241161,147.54204672889855,86.31775306667878
cv_targets__support_risk,ADE_vs_floor,all,eu-locality-067,6903,26.77440319491494,27.401641879979564,2.289055115061933,87.83008176063767,160.9846648617185,88.7408126959883
cv_targets__support_risk,ADE_vs_floor,all,eu-locality-074,102348,18.30457475131899,18.62450223451202,1.7177773621256165,60.68439535267725,125.39189664374686,61.509130432529204
cv_targets__support_risk,ADE_vs_floor,all,eu-locality-082,1368,13.029903162089806,13.174770524047632,1.0995816716003026,50.06667229821833,99.68977167861865,50.57497731631109
cv_targets__support_risk,ADE_vs_floor,all,eu-locality-112,5004,23.302710088788924,23.65488959344297,1.48882328646196,83.55800123644538,176.7432925302825,83.91872194267576
cv_targets__support_risk,ADE_vs_floor,all,eu-locality-126,5790,18.536802509642776,18.76141831163623,1.1972218638403476,81.8083058627529,152.0324442482678,82.1707199959473
cv_targets__support_risk,ADE_vs_floor,easy,eu-locality-008,39889,1.6202161627839988,1.7241720949012762,6.029324591477614,3.028716690779768,3.418159579528476,3.1033643965504147
cv_targets__support_risk,ADE_vs_floor,easy,eu-locality-020,593,1.2470754606666357,1.2736100237440386,2.0834134925696635,3.1058809634637834,3.4635576182980197,3.0839156726310635
cv_targets__support_risk,ADE_vs_floor,easy,eu-locality-048,1582,1.6206831533648902,1.6938727305913583,4.320842759002119,3.0954051681898043,3.962496106579232,3.091778570545298
cv_targets__support_risk,ADE_vs_floor,easy,eu-locality-067,1219,1.5771839793437967,1.611886085015975,2.1528882217402123,3.1321490509109946,3.4251367321296815,3.1321490509109946
cv_targets__support_risk,ADE_vs_floor,easy,eu-locality-074,17048,1.9481359494558501,2.009092341676263,3.0340264086395785,3.360246818117998,5.810288385732695,3.3126905574851873
cv_targets__support_risk,ADE_vs_floor,easy,eu-locality-082,513,1.5093121882977685,1.578078341351625,4.357588039321191,2.984061586701978,3.4065016070252896,3.0061798004979905
cv_targets__support_risk,ADE_vs_floor,easy,eu-locality-112,571,1.9510187717216083,2.024035064897236,3.6074618687169324,3.2514896778368834,3.8622394793202206,3.2155185149690704
cv_targets__support_risk,ADE_vs_floor,easy,eu-locality-126,2160,1.3209474598449826,1.415028582644297,6.64870829842198,2.890201948251488,3.4793448720406004,2.9758368738441074
cv_targets__support_risk,ADE_vs_floor,hard,eu-locality-008,28100,56.93655106624916,57.62387890293079,1.1927830090012859,130.50570486933321,219.31282218564667,132.8382820550419
cv_targets__support_risk,ADE_vs_floor,hard,eu-locality-020,30,43.04818478161064,43.04818478161064,0.0,64.72063289570352,69.65016417684733,64.72063289570352
cv_targets__support_risk,ADE_vs_floor,hard,eu-locality-048,2478,59.2901252122126,60.05940424544668,1.280863576485447,127.21298326534132,211.76191803930743,129.96960939889047
cv_targets__support_risk,ADE_vs_floor,hard,eu-locality-067,2296,59.48878663978452,61.33773875305253,3.0143793215330894,135.4659665220667,210.41573167431284,137.54280661418298
cv_targets__support_risk,ADE_vs_floor,hard,eu-locality-074,19310,55.50177497450844,56.82896386115632,2.3354092639986224,127.73874045145256,228.94316663691012,129.7771624011152
cv_targets__support_risk,ADE_vs_floor,hard,eu-locality-082,184,52.73829103484316,53.15494887110422,0.7838552103049068,110.41707800047281,199.45076524670506,110.41707800047281
cv_targets__support_risk,ADE_vs_floor,hard,eu-locality-112,1153,66.79290163372075,67.4193884187777,0.9292383092612932,170.48331975237295,282.2924395893853,170.91978833603577
cv_targets__support_risk,ADE_vs_floor,hard,eu-locality-126,1110,69.3159878551605,69.8871553107803,0.8172710036341901,153.44137522662362,237.31079754913677,153.2366053199402
cv_targets__support_risk,ADE_vs_floor,complete,eu-locality-008,97352,15.541451366989387,15.768574512732343,1.4403530614613635,56.418334050204756,113.52625825938212,56.424237953830755
cv_targets__support_risk,ADE_vs_floor,complete,eu-locality-020,364,6.75466460115332,6.872005536476916,1.7075209660519786,22.937980186983854,49.70629992513765,22.937980186983854
cv_targets__support_risk,ADE_vs_floor,complete,eu-locality-048,4716,24.777237272005568,24.91504683636528,0.5531178217918153,88.22093822243187,148.93476953887537,88.3433852319625
cv_targets__support_risk,ADE_vs_floor,complete,eu-locality-067,3417,27.42592198825697,28.232630411573602,2.8573618949296775,87.49455596529795,160.33713288337748,88.08569753027201
cv_targets__support_risk,ADE_vs_floor,complete,eu-locality-074,67309,17.800060627651646,18.16953654665365,2.0334911573187675,58.374150970120084,123.85629542586919,59.42379356510969
cv_targets__support_risk,ADE_vs_floor,complete,eu-locality-082,582,10.089161145178286,10.222557460893151,1.3049211630766444,46.30650206106486,88.77064559267427,46.30650206106486
cv_targets__support_risk,ADE_vs_floor,complete,eu-locality-112,2417,19.514609606448232,19.95082719378455,2.1864636643848967,66.96118973625356,157.72654095861347,68.8472149626773
cv_targets__support_risk,ADE_vs_floor,complete,eu-locality-126,3637,18.009590137819185,18.278461410717412,1.470973222836891,79.61625828652348,152.8276987104273,79.33620099124832
cv_targets__support_risk,ADE_vs_original,all,eu-locality-008,157961,17.248294169623485,17.23148512650427,-0.09754842949294407,60.98238942069789,125.30520994572605,60.94730001686062
cv_targets__support_risk,ADE_vs_original,all,eu-locality-020,1225,6.401511166670346,6.398133656550564,-0.052788989744279036,20.950455289077674,39.464285429778364,20.950455289077674
cv_targets__support_risk,ADE_vs_original,all,eu-locality-048,8058,24.983969655271405,24.98901466193343,0.020188897922857052,85.6125630241161,147.54204672889855,85.64713396327933
cv_targets__support_risk,ADE_vs_original,all,eu-locality-067,6903,26.77440319491494,26.759697513854874,-0.054954586285771434,87.83008176063767,160.9846648617185,87.8102175620978
cv_targets__support_risk,ADE_vs_original,all,eu-locality-074,102348,18.30457475131899,18.2909357715842,-0.07456687785203364,60.68439535267725,125.39189664374686,60.64563623321335
cv_targets__support_risk,ADE_vs_original,all,eu-locality-082,1368,13.029903162089806,13.011774670130581,-0.13932374652043666,50.06667229821833,99.68977167861865,50.06667229821833
cv_targets__support_risk,ADE_vs_original,all,eu-locality-112,5004,23.302710088788924,23.28439726404607,-0.07864848093419585,83.55800123644538,176.7432925302825,83.55800123644538
cv_targets__support_risk,ADE_vs_original,all,eu-locality-126,5790,18.536802509642776,18.5286221854853,-0.04414966248209584,81.8083058627529,152.0324442482678,81.8083058627529
cv_targets__support_risk,ADE_vs_original,easy,eu-locality-008,39889,1.6202161627839988,1.6198130470017402,-0.02488656224894914,3.028716690779768,3.418159579528476,3.027999354637201
cv_targets__support_risk,ADE_vs_original,easy,eu-locality-020,593,1.2470754606666357,1.2470705919558411,-0.000390411803952162,3.1058809634637834,3.4635576182980197,3.1058809634637834
cv_targets__support_risk,ADE_vs_original,easy,eu-locality-048,1582,1.6206831533648902,1.624263603755499,0.22043530263993194,3.0954051681898043,3.962496106579232,3.097178001185482
cv_targets__support_risk,ADE_vs_original,easy,eu-locality-067,1219,1.5771839793437967,1.579378976301011,0.1389784839579855,3.1321490509109946,3.4251367321296815,3.140556250142567
cv_targets__support_risk,ADE_vs_original,easy,eu-locality-074,17048,1.9481359494558501,1.947178844056168,-0.04915344076399375,3.360246818117998,5.810288385732695,3.3634936902110275
cv_targets__support_risk,ADE_vs_original,easy,eu-locality-082,513,1.5093121882977685,1.5113277172013309,0.13336147287067446,2.984061586701978,3.4065016070252896,2.984061586701978
cv_targets__support_risk,ADE_vs_original,easy,eu-locality-112,571,1.9510187717216083,1.9555720731071375,0.23283730874181785,3.2514896778368834,3.8622394793202206,3.252410621186774
cv_targets__support_risk,ADE_vs_original,easy,eu-locality-126,2160,1.3209474598449826,1.3231998905870987,0.17022603751249976,2.890201948251488,3.4793448720406004,2.890201948251488
cv_targets__support_risk,ADE_vs_original,hard,eu-locality-008,28100,56.93655106624916,56.86075496928675,-0.13330124969910262,130.50570486933321,219.31282218564667,130.35717176616848
cv_targets__support_risk,ADE_vs_original,hard,eu-locality-020,30,43.04818478161064,43.04818478161064,0.0,64.72063289570352,69.65016417684733,64.72063289570352
cv_targets__support_risk,ADE_vs_original,hard,eu-locality-048,2478,59.2901252122126,59.280728023853655,-0.015852012403017035,127.21298326534132,211.76191803930743,127.21298326534132
cv_targets__support_risk,ADE_vs_original,hard,eu-locality-067,2296,59.48878663978452,59.45972029478938,-0.04888409304826258,135.4659665220667,210.41573167431284,135.4659665220667
cv_targets__support_risk,ADE_vs_original,hard,eu-locality-074,19310,55.50177497450844,55.453958955179644,-0.08622652057619362,127.73874045145256,228.94316663691012,127.70741040028658
cv_targets__support_risk,ADE_vs_original,hard,eu-locality-082,184,52.73829103484316,52.734561718668,-0.007071863411045598,110.41707800047281,199.45076524670506,110.41707800047281
cv_targets__support_risk,ADE_vs_original,hard,eu-locality-112,1153,66.79290163372075,66.74324993384185,-0.07439209197650509,170.48331975237295,282.2924395893853,170.48331975237295
cv_targets__support_risk,ADE_vs_original,hard,eu-locality-126,1110,69.3159878551605,69.3099694423669,-0.00868332916896808,153.44137522662362,237.31079754913677,153.44137522662362
cv_targets__support_risk,FDE_vs_floor,endpoint,eu-locality-008,121088,33.58826929801329,34.1268805578543,1.5782610394991181,129.83254866579782,264.6510416544213,129.9408074196934
cv_targets__support_risk,FDE_vs_floor,endpoint,eu-locality-020,622,14.333099496230382,14.535865331661961,1.394934741104925,53.963574416924075,102.34943144507893,52.375808020598235
cv_targets__support_risk,FDE_vs_floor,endpoint,eu-locality-048,5582,53.98107099780433,54.312413544533996,0.6100678005369398,200.74529675278757,330.78309819520825,202.36516697858983
cv_targets__support_risk,FDE_vs_floor,endpoint,eu-locality-067,4600,57.253665064219334,58.86831067946084,2.742809495644072,194.55701812363193,381.6312506904558,196.12059702120067
cv_targets__support_risk,FDE_vs_floor,endpoint,eu-locality-074,81289,37.116520968794966,37.93165819072686,2.148962794701048,128.31031342714422,264.76525084602144,130.65766401607394
cv_targets__support_risk,FDE_vs_floor,endpoint,eu-locality-082,859,23.815133862308514,24.253513715154355,1.8074900733741073,107.79588538582226,229.79762677801716,108.48198577750496
cv_targets__support_risk,FDE_vs_floor,endpoint,eu-locality-112,3719,44.6501807083133,45.68331959042426,2.261523224173745,168.66020962034,394.2574142197964,169.85900374901303
cv_targets__support_risk,FDE_vs_floor,endpoint,eu-locality-126,4579,36.60167900813559,37.293258892704124,1.8544367135043593,170.7701979760524,343.4616066783118,171.97826910961012
cv_targets__support_risk,ADE_vs_CV,easy,eu-locality-008,39889,1.6202161627839988,1.791172498853141,9.54438146960177,3.028716690779768,3.418159579528476,3.2504176960159774
cv_targets__support_risk,ADE_vs_CV,easy,eu-locality-020,593,1.2470754606666357,1.2706472215919324,1.8550987657899976,3.1058809634637834,3.4635576182980197,3.051349724629029
cv_targets__support_risk,ADE_vs_CV,easy,eu-locality-048,1582,1.6206831533648902,1.7551327263969017,7.66036499746785,3.0954051681898043,3.962496106579232,3.2298308573246963
cv_targets__support_risk,ADE_vs_CV,easy,eu-locality-067,1219,1.5771839793437967,1.6528940070695597,4.580452672823854,3.1321490509109946,3.4251367321296815,3.222473275402277
cv_targets__support_risk,ADE_vs_CV,easy,eu-locality-074,17048,1.9481359494558501,2.0239574238081066,3.746199078120782,3.360246818117998,5.810288385732695,3.3016095862663026
cv_targets__support_risk,ADE_vs_CV,easy,eu-locality-082,513,1.5093121882977685,1.6221340438704122,6.955149976598152,2.984061586701978,3.4065016070252896,3.137173321764387
cv_targets__support_risk,ADE_vs_CV,easy,eu-locality-112,571,1.9510187717216083,2.110763890677913,7.5681188057940325,3.2514896778368834,3.8622394793202206,3.3318797717711783
cv_targets__support_risk,ADE_vs_CV,easy,eu-locality-126,2160,1.3209474598449826,1.4931553251754432,11.533151469705704,2.890201948251488,3.4793448720406004,3.15811922069773
cv_targets__support_random,ADE_vs_floor,all,eu-locality-008,157961,17.24833662994947,17.466975925577778,1.251729529827439,60.93829520031638,125.38396560905882,61.24959048903298
cv_targets__support_random,ADE_vs_floor,all,eu-locality-020,1225,6.401511166670346,6.448501284113131,0.7286982722412128,20.950455289077674,39.464285429778364,20.950455289077674
cv_targets__support_random,ADE_vs_floor,all,eu-locality-048,8058,24.98325658859171,25.2057165027749,0.8825772286961131,85.80471967053724,147.54204672889855,86.31775306667878
cv_targets__support_random,ADE_vs_floor,all,eu-locality-067,6903,26.7727387395867,27.401641879979564,2.295129405557117,87.83008176063767,160.9846648617185,88.7408126959883
cv_targets__support_random,ADE_vs_floor,all,eu-locality-074,102348,18.299718653826098,18.62450223451202,1.743851065635904,60.63936277807512,125.41013551784869,61.509130432529204
cv_targets__support_random,ADE_vs_floor,all,eu-locality-082,1368,13.026783136637754,13.174770524047632,1.1232634916848117,50.06667229821833,99.68977167861865,50.57497731631109
cv_targets__support_random,ADE_vs_floor,all,eu-locality-112,5004,23.318485443630408,23.65488959344297,1.4221336712804233,83.91872194267576,176.7432925302825,83.91872194267576
cv_targets__support_random,ADE_vs_floor,all,eu-locality-126,5790,18.532579155285628,18.76141831163623,1.2197327118316559,81.8083058627529,152.0324442482678,82.1707199959473
cv_targets__support_random,ADE_vs_floor,easy,eu-locality-008,39889,1.6231801575729434,1.7241720949012762,5.857416300088969,3.0299092026013756,3.4195205891712304,3.1033643965504147
cv_targets__support_random,ADE_vs_floor,easy,eu-locality-020,593,1.2470754606666357,1.2736100237440386,2.0834134925696635,3.1058809634637834,3.4635576182980197,3.0839156726310635
cv_targets__support_random,ADE_vs_floor,easy,eu-locality-048,1582,1.625313803072557,1.6938727305913583,4.047466275395228,3.097178001185482,4.004102987330692,3.091778570545298
cv_targets__support_random,ADE_vs_floor,easy,eu-locality-067,1219,1.5772741336763672,1.611886085015975,2.147295125962012,3.127728021577087,3.428429839970685,3.1321490509109946
cv_targets__support_random,ADE_vs_floor,easy,eu-locality-074,17048,1.9486368350261392,2.009092341676263,3.0090954704293793,3.359413327128495,5.826480532378023,3.3126905574851873
cv_targets__support_random,ADE_vs_floor,easy,eu-locality-082,513,1.5105762189668024,1.578078341351625,4.277488678224117,2.984061586701978,3.4065016070252896,3.0061798004979905
cv_targets__support_random,ADE_vs_floor,easy,eu-locality-112,571,1.957889577060179,2.024035064897236,3.268001082798211,3.252410621186774,3.9100439491929566,3.2155185149690704
cv_targets__support_random,ADE_vs_floor,easy,eu-locality-126,2160,1.321836420307286,1.415028582644297,6.585885506486411,2.890201948251488,3.4793448720406004,2.9758368738441074
cv_targets__support_random,ADE_vs_floor,hard,eu-locality-008,28100,56.928080708718305,57.62387890293079,1.2074823969843829,130.68545228260626,219.8210874516695,132.8382820550419
cv_targets__support_random,ADE_vs_floor,hard,eu-locality-020,30,43.04818478161064,43.04818478161064,0.0,64.72063289570352,69.65016417684733,64.72063289570352
cv_targets__support_random,ADE_vs_floor,hard,eu-locality-048,2478,59.286043585341375,60.05940424544668,1.287659559433496,127.21298326534132,211.76191803930743,129.96960939889047
cv_targets__support_random,ADE_vs_floor,hard,eu-locality-067,2296,59.49085479890835,61.33773875305253,3.0110075651464507,135.4659665220667,210.41573167431284,137.54280661418298
cv_targets__support_random,ADE_vs_floor,hard,eu-locality-074,19310,55.48554956279464,56.82896386115632,2.3639605706060163,127.76315172716821,228.3562604875419,129.7771624011152
cv_targets__support_random,ADE_vs_floor,hard,eu-locality-082,184,52.734561718668,53.15494887110422,0.7908711443888716,110.41707800047281,199.45076524670506,110.41707800047281
cv_targets__support_random,ADE_vs_floor,hard,eu-locality-112,1153,66.8624838996371,67.4193884187777,0.8260302150493781,170.48331975237295,282.2924395893853,170.91978833603577
cv_targets__support_random,ADE_vs_floor,hard,eu-locality-126,1110,69.31254340267411,69.8871553107803,0.8221995952631844,153.44137522662362,237.31079754913677,153.2366053199402
cv_targets__support_random,ADE_vs_floor,complete,eu-locality-008,97352,15.540570406237725,15.768574512732343,1.445939874340041,56.42073435768344,113.52625825938212,56.424237953830755
cv_targets__support_random,ADE_vs_floor,complete,eu-locality-020,364,6.75466460115332,6.872005536476916,1.7075209660519786,22.937980186983854,49.70629992513765,22.937980186983854
cv_targets__support_random,ADE_vs_floor,complete,eu-locality-048,4716,24.76909486074878,24.91504683636528,0.5857985199669513,88.27800245298431,148.93476953887537,88.3433852319625
cv_targets__support_random,ADE_vs_floor,complete,eu-locality-067,3417,27.422906404674865,28.232630411573602,2.8680430944429514,87.49455596529795,160.33713288337748,88.08569753027201
cv_targets__support_random,ADE_vs_floor,complete,eu-locality-074,67309,17.7974507714431,18.16953654665365,2.0478550691436226,58.328088620521875,123.98139555212273,59.42379356510969
cv_targets__support_random,ADE_vs_floor,complete,eu-locality-082,582,10.080902410388317,10.222557460893151,1.3857104843552293,46.30650206106486,88.77064559267427,46.30650206106486
cv_targets__support_random,ADE_vs_floor,complete,eu-locality-112,2417,19.513474535828504,19.95082719378455,2.192153005527009,66.96118973625356,157.72654095861347,68.8472149626773
cv_targets__support_random,ADE_vs_floor,complete,eu-locality-126,3637,18.004883265825868,18.278461410717412,1.496724142936534,79.61625828652348,152.8276987104273,79.33620099124832
cv_targets__support_random,ADE_vs_original,all,eu-locality-008,157961,17.24833662994947,17.23148512650427,-0.09779484078988876,60.93829520031638,125.38396560905882,60.94730001686062
cv_targets__support_random,ADE_vs_original,all,eu-locality-020,1225,6.401511166670346,6.398133656550564,-0.052788989744279036,20.950455289077674,39.464285429778364,20.950455289077674
cv_targets__support_random,ADE_vs_original,all,eu-locality-048,8058,24.98325658859171,24.98901466193343,0.023042418517171814,85.80471967053724,147.54204672889855,85.64713396327933
cv_targets__support_random,ADE_vs_original,all,eu-locality-067,6903,26.7727387395867,26.759697513854874,-0.04873457827792027,87.83008176063767,160.9846648617185,87.8102175620978
cv_targets__support_random,ADE_vs_original,all,eu-locality-074,102348,18.299718653826098,18.2909357715842,-0.04801767581263938,60.63936277807512,125.41013551784869,60.64563623321335
cv_targets__support_random,ADE_vs_original,all,eu-locality-082,1368,13.026783136637754,13.011774670130581,-0.11534526909404708,50.06667229821833,99.68977167861865,50.06667229821833
cv_targets__support_random,ADE_vs_original,all,eu-locality-112,5004,23.318485443630408,23.28439726404607,-0.14639923549566447,83.91872194267576,176.7432925302825,83.55800123644538
cv_targets__support_random,ADE_vs_original,all,eu-locality-126,5790,18.532579155285628,18.5286221854853,-0.02135598513863801,81.8083058627529,152.0324442482678,81.8083058627529
cv_targets__support_random,ADE_vs_original,easy,eu-locality-008,39889,1.6231801575729434,1.6198130470017402,-0.20787032043207976,3.0299092026013756,3.4195205891712304,3.027999354637201
cv_targets__support_random,ADE_vs_original,easy,eu-locality-020,593,1.2470754606666357,1.2470705919558411,-0.000390411803952162,3.1058809634637834,3.4635576182980197,3.1058809634637834
cv_targets__support_random,ADE_vs_original,easy,eu-locality-048,1582,1.625313803072557,1.624263603755499,-0.06465695067165989,3.097178001185482,4.004102987330692,3.097178001185482
cv_targets__support_random,ADE_vs_original,easy,eu-locality-067,1219,1.5772741336763672,1.579378976301011,0.13327026991163393,3.127728021577087,3.428429839970685,3.140556250142567
cv_targets__support_random,ADE_vs_original,easy,eu-locality-074,17048,1.9486368350261392,1.947178844056168,-0.07487709587754576,3.359413327128495,5.826480532378023,3.3634936902110275
cv_targets__support_random,ADE_vs_original,easy,eu-locality-082,513,1.5105762189668024,1.5113277172013309,0.049724373210069395,2.984061586701978,3.4065016070252896,2.984061586701978
cv_targets__support_random,ADE_vs_original,easy,eu-locality-112,571,1.957889577060179,1.9555720731071375,-0.1185077238988752,3.252410621186774,3.9100439491929566,3.252410621186774
cv_targets__support_random,ADE_vs_original,easy,eu-locality-126,2160,1.321836420307286,1.3231998905870987,0.10304340935274325,2.890201948251488,3.4793448720406004,2.890201948251488
cv_targets__support_random,ADE_vs_original,hard,eu-locality-008,28100,56.928080708718305,56.86075496928675,-0.11840458233085549,130.68545228260626,219.8210874516695,130.35717176616848
cv_targets__support_random,ADE_vs_original,hard,eu-locality-020,30,43.04818478161064,43.04818478161064,0.0,64.72063289570352,69.65016417684733,64.72063289570352
cv_targets__support_random,ADE_vs_original,hard,eu-locality-048,2478,59.286043585341375,59.280728023853655,-0.00896676148374187,127.21298326534132,211.76191803930743,127.21298326534132
cv_targets__support_random,ADE_vs_original,hard,eu-locality-067,2296,59.49085479890835,59.45972029478938,-0.05236234540730855,135.4659665220667,210.41573167431284,135.4659665220667
cv_targets__support_random,ADE_vs_original,hard,eu-locality-074,19310,55.48554956279464,55.453958955179644,-0.056967271967955924,127.76315172716821,228.3562604875419,127.70741040028658
cv_targets__support_random,ADE_vs_original,hard,eu-locality-082,184,52.734561718668,52.734561718668,0.0,110.41707800047281,199.45076524670506,110.41707800047281
cv_targets__support_random,ADE_vs_original,hard,eu-locality-112,1153,66.8624838996371,66.74324993384185,-0.17864572958827818,170.48331975237295,282.2924395893853,170.48331975237295
cv_targets__support_random,ADE_vs_original,hard,eu-locality-126,1110,69.31254340267411,69.3099694423669,-0.0037136941884563512,153.44137522662362,237.31079754913677,153.44137522662362
cv_targets__support_random,FDE_vs_floor,endpoint,eu-locality-008,121088,33.58880934567045,34.1268805578543,1.576678569468648,129.7983426675058,265.01024299288963,129.9408074196934
cv_targets__support_random,FDE_vs_floor,endpoint,eu-locality-020,622,14.333099496230382,14.535865331661961,1.394934741104925,53.963574416924075,102.34943144507893,52.375808020598235
cv_targets__support_random,FDE_vs_floor,endpoint,eu-locality-048,5582,53.98771796854278,54.312413544533996,0.5978293999492013,201.11482859332256,330.78309819520825,202.36516697858983
cv_targets__support_random,FDE_vs_floor,endpoint,eu-locality-067,4600,57.25016995241325,58.86831067946084,2.748746665856272,194.55701812363193,381.6312506904558,196.12059702120067
cv_targets__support_random,FDE_vs_floor,endpoint,eu-locality-074,81289,37.106313551793534,37.93165819072686,2.1758728152176943,128.2612035166889,265.1938142939046,130.65766401607394
cv_targets__support_random,FDE_vs_floor,endpoint,eu-locality-082,859,23.80169313134889,24.253513715154355,1.8629077382843362,107.79588538582226,229.79762677801716,108.48198577750496
cv_targets__support_random,FDE_vs_floor,endpoint,eu-locality-112,3719,44.713920981341275,45.68331959042426,2.121996864006759,170.8716214440192,394.2574142197964,169.85900374901303
cv_targets__support_random,FDE_vs_floor,endpoint,eu-locality-126,4579,36.586746885653355,37.293258892704124,1.894476449707616,170.7701979760524,343.4616066783118,171.97826910961012
cv_targets__support_random,ADE_vs_CV,easy,eu-locality-008,39889,1.6231801575729434,1.791172498853141,9.378903561089757,3.0299092026013756,3.4195205891712304,3.2504176960159774
cv_targets__support_random,ADE_vs_CV,easy,eu-locality-020,593,1.2470754606666357,1.2706472215919324,1.8550987657899976,3.1058809634637834,3.4635576182980197,3.051349724629029
cv_targets__support_random,ADE_vs_CV,easy,eu-locality-048,1582,1.625313803072557,1.7551327263969017,7.39653026645164,3.097178001185482,4.004102987330692,3.2298308573246963
cv_targets__support_random,ADE_vs_CV,easy,eu-locality-067,1219,1.5772741336763672,1.6528940070695597,4.574998340471947,3.127728021577087,3.428429839970685,3.222473275402277
cv_targets__support_random,ADE_vs_CV,easy,eu-locality-074,17048,1.9486368350261392,2.0239574238081066,3.721451246748586,3.359413327128495,5.826480532378023,3.3016095862663026
cv_targets__support_random,ADE_vs_CV,easy,eu-locality-082,513,1.5105762189668024,1.6221340438704122,6.877226042148332,2.984061586701978,3.4065016070252896,3.137173321764387
cv_targets__support_random,ADE_vs_CV,easy,eu-locality-112,571,1.957889577060179,2.110763890677913,7.242606067542479,3.252410621186774,3.9100439491929566,3.3318797717711783
cv_targets__support_random,ADE_vs_CV,easy,eu-locality-126,2160,1.321836420307286,1.4931553251754432,11.47361577055136,2.890201948251488,3.4793448720406004,3.15811922069773
cv_targets__combined,ADE_vs_floor,all,eu-locality-008,157961,17.26430515105609,17.466975925577778,1.160308317737524,61.020561699939755,126.04694701181518,61.24959048903298
cv_targets__combined,ADE_vs_floor,all,eu-locality-020,1225,6.401511166670346,6.448501284113131,0.7286982722412128,20.950455289077674,39.464285429778364,20.950455289077674
cv_targets__combined,ADE_vs_floor,all,eu-locality-048,8058,24.99321586128074,25.2057165027749,0.8430652684313422,85.6125630241161,147.54204672889855,86.31775306667878
cv_targets__combined,ADE_vs_floor,all,eu-locality-067,6903,26.76755601364872,27.401641879979564,2.3140433303528662,87.83008176063767,160.9846648617185,88.7408126959883
cv_targets__combined,ADE_vs_floor,all,eu-locality-074,102348,18.30998414707431,18.62450223451202,1.688732850292729,60.69185006152282,125.64009874526437,61.509130432529204
cv_targets__combined,ADE_vs_floor,all,eu-locality-082,1368,13.050765264508414,13.174770524047632,0.9412327851394009,50.06667229821833,100.8002615042556,50.57497731631109
cv_targets__combined,ADE_vs_floor,all,eu-locality-112,5004,23.32460384779974,23.65488959344297,1.3962683881423965,83.91872194267576,176.7432925302825,83.91872194267576
cv_targets__combined,ADE_vs_floor,all,eu-locality-126,5790,18.53356814413707,18.76141831163623,1.214461314781523,81.8083058627529,152.0324442482678,82.1707199959473
cv_targets__combined,ADE_vs_floor,easy,eu-locality-008,39889,1.6192868669729104,1.7241720949012762,6.083222680527811,3.026169297728112,3.412168615624435,3.1033643965504147
cv_targets__combined,ADE_vs_floor,easy,eu-locality-020,593,1.2470754606666357,1.2736100237440386,2.0834134925696635,3.1058809634637834,3.4635576182980197,3.0839156726310635
cv_targets__combined,ADE_vs_floor,easy,eu-locality-048,1582,1.6190120832224988,1.6938727305913583,4.4194965782774265,3.096124259208806,3.973858609270807,3.091778570545298
cv_targets__combined,ADE_vs_floor,easy,eu-locality-067,1219,1.5747218899349154,1.611886085015975,2.3056340908043427,3.1263504056718783,3.4188772394610956,3.1321490509109946
cv_targets__combined,ADE_vs_floor,easy,eu-locality-074,17048,1.9475774350766675,2.009092341676263,3.0618257470570676,3.36076448175679,5.840987078644187,3.3126905574851873
cv_targets__combined,ADE_vs_floor,easy,eu-locality-082,513,1.5076452016344628,1.578078341351625,4.463222000552658,2.984061586701978,3.4065016070252896,3.0061798004979905
cv_targets__combined,ADE_vs_floor,easy,eu-locality-112,571,1.9521821374731614,2.024035064897236,3.549984319452626,3.2514896778368834,3.8622394793202206,3.2155185149690704
cv_targets__combined,ADE_vs_floor,easy,eu-locality-126,2160,1.3205280273220807,1.415028582644297,6.678349574085695,2.887760776081712,3.4793448720406004,2.9758368738441074
cv_targets__combined,ADE_vs_floor,hard,eu-locality-008,28100,57.018265778175206,57.62387890293079,1.0509759778160044,131.23058347007867,221.0174298365999,132.8382820550419
cv_targets__combined,ADE_vs_floor,hard,eu-locality-020,30,43.04818478161064,43.04818478161064,0.0,64.72063289570352,69.65016417684733,64.72063289570352
cv_targets__combined,ADE_vs_floor,hard,eu-locality-048,2478,59.28353026019342,60.05940424544668,1.2918442914992445,127.21298326534132,211.76191803930743,129.96960939889047
cv_targets__combined,ADE_vs_floor,hard,eu-locality-067,2296,59.47744066627646,61.33773875305253,3.0328768627511438,135.4659665220667,210.41573167431284,137.54280661418298
cv_targets__combined,ADE_vs_floor,hard,eu-locality-074,19310,55.55104035843924,56.82896386115632,2.2487186390363956,128.2809138272224,230.6134714460459,129.7771624011152
cv_targets__combined,ADE_vs_floor,hard,eu-locality-082,184,52.89676830475371,53.15494887110422,0.4857131308254603,110.41707800047281,199.45076524670506,110.41707800047281
cv_targets__combined,ADE_vs_floor,hard,eu-locality-112,1153,66.89602769945068,67.4193884187777,0.7762762783847021,170.48331975237295,282.2924395893853,170.91978833603577
cv_targets__combined,ADE_vs_floor,hard,eu-locality-126,1110,69.31810601550757,69.8871553107803,0.8142401743814531,153.44137522662362,237.31079754913677,153.2366053199402
cv_targets__combined,ADE_vs_floor,complete,eu-locality-008,97352,15.547258227398142,15.768574512732343,1.4035275360845034,56.43227990526874,113.764949414557,56.424237953830755
cv_targets__combined,ADE_vs_floor,complete,eu-locality-020,364,6.75466460115332,6.872005536476916,1.7075209660519786,22.937980186983854,49.70629992513765,22.937980186983854
cv_targets__combined,ADE_vs_floor,complete,eu-locality-048,4716,24.772789656052474,24.91504683636528,0.5709689459831635,88.22093822243187,148.93476953887537,88.3433852319625
cv_targets__combined,ADE_vs_floor,complete,eu-locality-067,3417,27.413352263037012,28.232630411573602,2.901883871935418,87.49455596529795,160.33713288337748,88.08569753027201
cv_targets__combined,ADE_vs_floor,complete,eu-locality-074,67309,17.79366127288581,18.16953654665365,2.0687113994498962,58.313493170878914,123.73766807541985,59.42379356510969
cv_targets__combined,ADE_vs_floor,complete,eu-locality-082,582,10.085467888703464,10.222557460893151,1.341049661145266,46.30650206106486,88.77064559267427,46.30650206106486
cv_targets__combined,ADE_vs_floor,complete,eu-locality-112,2417,19.51956314790421,19.95082719378455,2.1616349121338474,67.36289050825208,157.72654095861347,68.8472149626773
cv_targets__combined,ADE_vs_floor,complete,eu-locality-126,3637,18.00709312128719,18.278461410717412,1.4846342005082946,79.61625828652348,152.8276987104273,79.33620099124832
cv_targets__combined,ADE_vs_original,all,eu-locality-008,157961,17.26430515105609,17.23148512650427,-0.19046544340706184,61.020561699939755,126.04694701181518,60.94730001686062
cv_targets__combined,ADE_vs_original,all,eu-locality-020,1225,6.401511166670346,6.398133656550564,-0.052788989744279036,20.950455289077674,39.464285429778364,20.950455289077674
cv_targets__combined,ADE_vs_original,all,eu-locality-048,8058,24.99321586128074,24.98901466193343,-0.016812184890624415,85.6125630241161,147.54204672889855,85.64713396327933
cv_targets__combined,ADE_vs_original,all,eu-locality-067,6903,26.76755601364872,26.759697513854874,-0.02936692311179545,87.83008176063767,160.9846648617185,87.8102175620978
cv_targets__combined,ADE_vs_original,all,eu-locality-074,102348,18.30998414707431,18.2909357715842,-0.10414106597926853,60.69185006152282,125.64009874526437,60.64563623321335
cv_targets__combined,ADE_vs_original,all,eu-locality-082,1368,13.050765264508414,13.011774670130581,-0.2996562372643785,50.06667229821833,100.8002615042556,50.06667229821833
cv_targets__combined,ADE_vs_original,all,eu-locality-112,5004,23.32460384779974,23.28439726404607,-0.17267607702156074,83.91872194267576,176.7432925302825,83.55800123644538
cv_targets__combined,ADE_vs_original,all,eu-locality-126,5790,18.53356814413707,18.5286221854853,-0.026693612737416217,81.8083058627529,152.0324442482678,81.8083058627529
cv_targets__combined,ADE_vs_original,easy,eu-locality-008,39889,1.6192868669729104,1.6198130470017402,0.032483997446730584,3.026169297728112,3.412168615624435,3.027999354637201
cv_targets__combined,ADE_vs_original,easy,eu-locality-020,593,1.2470754606666357,1.2470705919558411,-0.000390411803952162,3.1058809634637834,3.4635576182980197,3.1058809634637834
cv_targets__combined,ADE_vs_original,easy,eu-locality-048,1582,1.6190120832224988,1.624263603755499,0.32331701091239395,3.096124259208806,3.973858609270807,3.097178001185482
cv_targets__combined,ADE_vs_original,easy,eu-locality-067,1219,1.5747218899349154,1.579378976301011,0.2948682004747738,3.1263504056718783,3.4188772394610956,3.140556250142567
cv_targets__combined,ADE_vs_original,easy,eu-locality-074,17048,1.9475774350766675,1.947178844056168,-0.020470180318366005,3.36076448175679,5.840987078644187,3.3634936902110275
cv_targets__combined,ADE_vs_original,easy,eu-locality-082,513,1.5076452016344628,1.5113277172013309,0.24366095618806316,2.984061586701978,3.4065016070252896,2.984061586701978
cv_targets__combined,ADE_vs_original,easy,eu-locality-112,571,1.9521821374731614,1.9555720731071375,0.1733475171073584,3.2514896778368834,3.8622394793202206,3.252410621186774
cv_targets__combined,ADE_vs_original,easy,eu-locality-126,2160,1.3205280273220807,1.3231998905870987,0.20192438678576785,2.887760776081712,3.4793448720406004,2.890201948251488
cv_targets__combined,ADE_vs_original,hard,eu-locality-008,28100,57.018265778175206,56.86075496928675,-0.27701146242875563,131.23058347007867,221.0174298365999,130.35717176616848
cv_targets__combined,ADE_vs_original,hard,eu-locality-020,30,43.04818478161064,43.04818478161064,0.0,64.72063289570352,69.65016417684733,64.72063289570352
cv_targets__combined,ADE_vs_original,hard,eu-locality-048,2478,59.28353026019342,59.280728023853655,-0.004727061278053668,127.21298326534132,211.76191803930743,127.21298326534132
cv_targets__combined,ADE_vs_original,hard,eu-locality-067,2296,59.47744066627646,59.45972029478938,-0.029802312219473492,135.4659665220667,210.41573167431284,135.4659665220667
cv_targets__combined,ADE_vs_original,hard,eu-locality-074,19310,55.55104035843924,55.453958955179644,-0.17506667709343837,128.2809138272224,230.6134714460459,127.70741040028658
cv_targets__combined,ADE_vs_original,hard,eu-locality-082,184,52.89676830475371,52.734561718668,-0.307590659330903,110.41707800047281,199.45076524670506,110.41707800047281
cv_targets__combined,ADE_vs_original,hard,eu-locality-112,1153,66.89602769945068,66.74324993384185,-0.2289036955201773,170.48331975237295,282.2924395893853,170.48331975237295
cv_targets__combined,ADE_vs_original,hard,eu-locality-126,1110,69.31810601550757,69.3099694423669,-0.011739397962684528,153.44137522662362,237.31079754913677,153.44137522662362
cv_targets__combined,FDE_vs_floor,endpoint,eu-locality-008,121088,33.63554047686533,34.1268805578543,1.4397450717946958,130.04414575330082,266.4282722798066,129.9408074196934
cv_targets__combined,FDE_vs_floor,endpoint,eu-locality-020,622,14.333099496230382,14.535865331661961,1.394934741104925,53.963574416924075,102.34943144507893,52.375808020598235
cv_targets__combined,FDE_vs_floor,endpoint,eu-locality-048,5582,53.9756497924351,54.312413544533996,0.6200493222838666,200.74529675278757,330.78309819520825,202.36516697858983
cv_targets__combined,FDE_vs_floor,endpoint,eu-locality-067,4600,57.22629125587254,58.86831067946084,2.7893095701847614,194.5344124718005,381.6312506904558,196.12059702120067
cv_targets__combined,FDE_vs_floor,endpoint,eu-locality-074,81289,37.12317959447906,37.93165819072686,2.1314085247278847,128.40486966691017,266.3342347543057,130.65766401607394
cv_targets__combined,FDE_vs_floor,endpoint,eu-locality-082,859,23.879300689979427,24.253513715154355,1.5429229330227279,108.48198577750496,229.79762677801716,108.48198577750496
cv_targets__combined,FDE_vs_floor,endpoint,eu-locality-112,3719,44.725979168093374,45.68331959042426,2.0956017008263883,170.8716214440192,394.2574142197964,169.85900374901303
cv_targets__combined,FDE_vs_floor,endpoint,eu-locality-126,4579,36.59241624836158,37.293258892704124,1.8792743384506205,170.7701979760524,343.4616066783118,171.97826910961012
cv_targets__combined,ADE_vs_CV,easy,eu-locality-008,39889,1.6192868669729104,1.791172498853141,9.59626345258685,3.026169297728112,3.412168615624435,3.2504176960159774
cv_targets__combined,ADE_vs_CV,easy,eu-locality-020,593,1.2470754606666357,1.2706472215919324,1.8550987657899976,3.1058809634637834,3.4635576182980197,3.051349724629029
cv_targets__combined,ADE_vs_CV,easy,eu-locality-048,1582,1.6190120832224988,1.7551327263969017,7.755575468861775,3.096124259208806,3.973858609270807,3.2298308573246963
cv_targets__combined,ADE_vs_CV,easy,eu-locality-067,1219,1.5747218899349154,1.6528940070695597,4.729408951832115,3.1263504056718783,3.4188772394610956,3.222473275402277
cv_targets__combined,ADE_vs_CV,easy,eu-locality-074,17048,1.9475774350766675,2.0239574238081066,3.7737942425552173,3.36076448175679,5.840987078644187,3.3016095862663026
cv_targets__combined,ADE_vs_CV,easy,eu-locality-082,513,1.5076452016344628,1.6221340438704122,7.057915014395421,2.984061586701978,3.4065016070252896,3.137173321764387
cv_targets__combined,ADE_vs_CV,easy,eu-locality-112,571,1.9521821374731614,2.110763890677913,7.513002941973779,3.2514896778368834,3.8622394793202206,3.3318797717711783
cv_targets__combined,ADE_vs_CV,easy,eu-locality-126,2160,1.3205280273220807,1.4931553251754432,11.561241817429746,2.887760776081712,3.4793448720406004,3.15811922069773
cv_targets__combined,matched_risk,all,eu-locality-008,157961,17.26430515105609,17.248294169623485,-0.09282646315715848,61.020561699939755,126.04694701181518,60.98238942069789
cv_targets__combined,matched_risk,all,eu-locality-020,1225,6.401511166670346,6.401511166670346,0.0,20.950455289077674,39.464285429778364,20.950455289077674
cv_targets__combined,matched_risk,all,eu-locality-048,8058,24.99321586128074,24.983969655271405,-0.0370085544327603,85.6125630241161,147.54204672889855,85.6125630241161
cv_targets__combined,matched_risk,all,eu-locality-067,6903,26.76755601364872,26.77440319491494,0.02557360930278696,87.83008176063767,160.9846648617185,87.83008176063767
cv_targets__combined,matched_risk,all,eu-locality-074,102348,18.30998414707431,18.30457475131899,-0.029552152010126065,60.69185006152282,125.64009874526437,60.68439535267725
cv_targets__combined,matched_risk,all,eu-locality-082,1368,13.050765264508414,13.029903162089806,-0.16010942030102449,50.06667229821833,100.8002615042556,50.06667229821833
cv_targets__combined,matched_risk,all,eu-locality-112,5004,23.32460384779974,23.302710088788924,-0.09395370292724081,83.91872194267576,176.7432925302825,83.55800123644538
cv_targets__combined,matched_risk,all,eu-locality-126,5790,18.53356814413707,18.536802509642776,0.01744834635867276,81.8083058627529,152.0324442482678,81.8083058627529
cv_targets__combined,matched_risk,easy,eu-locality-008,39889,1.6192868669729104,1.6202161627839988,0.05735628568793727,3.026169297728112,3.412168615624435,3.028716690779768
cv_targets__combined,matched_risk,easy,eu-locality-020,593,1.2470754606666357,1.2470754606666357,0.0,3.1058809634637834,3.4635576182980197,3.1058809634637834
cv_targets__combined,matched_risk,easy,eu-locality-048,1582,1.6190120832224988,1.6206831533648902,0.10310899690182396,3.096124259208806,3.973858609270807,3.0954051681898043
cv_targets__combined,matched_risk,easy,eu-locality-067,1219,1.5747218899349154,1.5771839793437967,0.15610667120178334,3.1263504056718783,3.4188772394610956,3.1321490509109946
cv_targets__combined,matched_risk,easy,eu-locality-074,17048,1.9475774350766675,1.9481359494558501,0.028669168562833747,3.36076448175679,5.840987078644187,3.360246818117998
cv_targets__combined,matched_risk,easy,eu-locality-082,513,1.5076452016344628,1.5093121882977685,0.11044677676562697,2.984061586701978,3.4065016070252896,2.984061586701978
cv_targets__combined,matched_risk,easy,eu-locality-112,571,1.9521821374731614,1.9510187717216083,-0.05962862933022173,3.2514896778368834,3.8622394793202206,3.2514896778368834
cv_targets__combined,matched_risk,easy,eu-locality-126,2160,1.3205280273220807,1.3209474598449826,0.03175240012582847,2.887760776081712,3.4793448720406004,2.890201948251488
cv_targets__combined,matched_risk,hard,eu-locality-008,28100,57.018265778175206,56.93655106624916,-0.14351890024206782,131.23058347007867,221.0174298365999,130.50570486933321
cv_targets__combined,matched_risk,hard,eu-locality-020,30,43.04818478161064,43.04818478161064,0.0,64.72063289570352,69.65016417684733,64.72063289570352
cv_targets__combined,matched_risk,hard,eu-locality-048,2478,59.28353026019342,59.2901252122126,0.011123187875849982,127.21298326534132,211.76191803930743,127.21298326534132
cv_targets__combined,matched_risk,hard,eu-locality-067,2296,59.47744066627646,59.48878663978452,0.019072457430957535,135.4659665220667,210.41573167431284,135.4659665220667
cv_targets__combined,matched_risk,hard,eu-locality-074,19310,55.55104035843924,55.50177497450844,-0.08876361873728644,128.2809138272224,230.6134714460459,127.73874045145256
cv_targets__combined,matched_risk,hard,eu-locality-082,184,52.89676830475371,52.73829103484316,-0.30049754514389626,110.41707800047281,199.45076524670506,110.41707800047281
cv_targets__combined,matched_risk,hard,eu-locality-112,1153,66.89602769945068,66.79290163372075,-0.15439674457544683,170.48331975237295,282.2924395893853,170.48331975237295
cv_targets__combined,matched_risk,hard,eu-locality-126,1110,69.31810601550757,69.3159878551605,-0.0030558034482597307,153.44137522662362,237.31079754913677,153.44137522662362
cv_targets__combined,matched_risk,complete,eu-locality-008,97352,15.547258227398142,15.541451366989387,-0.03736369449438559,56.43227990526874,113.764949414557,56.418334050204756
cv_targets__combined,matched_risk,complete,eu-locality-020,364,6.75466460115332,6.75466460115332,0.0,22.937980186983854,49.70629992513765,22.937980186983854
cv_targets__combined,matched_risk,complete,eu-locality-048,4716,24.772789656052474,24.777237272005568,0.017950411114309173,88.22093822243187,148.93476953887537,88.22093822243187
cv_targets__combined,matched_risk,complete,eu-locality-067,3417,27.413352263037012,27.42592198825697,0.045831550258690346,87.49455596529795,160.33713288337748,87.49455596529795
cv_targets__combined,matched_risk,complete,eu-locality-074,67309,17.79366127288581,17.800060627651646,0.035951308816861705,58.313493170878914,123.73766807541985,58.374150970120084
cv_targets__combined,matched_risk,complete,eu-locality-082,582,10.085467888703464,10.089161145178286,0.036606179856557564,46.30650206106486,88.77064559267427,46.30650206106486
cv_targets__combined,matched_risk,complete,eu-locality-112,2417,19.51956314790421,19.514609606448232,-0.02538375891640854,67.36289050825208,157.72654095861347,66.96118973625356
cv_targets__combined,matched_risk,complete,eu-locality-126,3637,18.00709312128719,18.009590137819185,0.013864927035456276,79.61625828652348,152.8276987104273,79.61625828652348
cv_targets__combined,matched_random,all,eu-locality-008,157961,17.26430515105609,17.24833662994947,-0.09258006409087471,61.020561699939755,126.04694701181518,60.93829520031638
cv_targets__combined,matched_random,all,eu-locality-020,1225,6.401511166670346,6.401511166670346,0.0,20.950455289077674,39.464285429778364,20.950455289077674
cv_targets__combined,matched_random,all,eu-locality-048,8058,24.99321586128074,24.98325658859171,-0.03986378898888088,85.6125630241161,147.54204672889855,85.80471967053724
cv_targets__combined,matched_random,all,eu-locality-067,6903,26.76755601364872,26.7727387395867,0.0193582210187504,87.83008176063767,160.9846648617185,87.83008176063767
cv_targets__combined,matched_random,all,eu-locality-074,102348,18.30998414707431,18.299718653826098,-0.05609645395321383,60.69185006152282,125.64009874526437,60.63936277807512
cv_targets__combined,matched_random,all,eu-locality-082,1368,13.050765264508414,13.026783136637754,-0.18409861912271897,50.06667229821833,100.8002615042556,50.06667229821833
cv_targets__combined,matched_random,all,eu-locality-112,5004,23.32460384779974,23.318485443630408,-0.026238428666913727,83.91872194267576,176.7432925302825,83.91872194267576
cv_targets__combined,matched_random,all,eu-locality-126,5790,18.53356814413707,18.532579155285628,-0.005336487939189283,81.8083058627529,152.0324442482678,81.8083058627529
cv_targets__combined,matched_random,easy,eu-locality-008,39889,1.6192868669729104,1.6231801575729434,0.2398557290063552,3.026169297728112,3.412168615624435,3.0299092026013756
cv_targets__combined,matched_random,easy,eu-locality-020,593,1.2470754606666357,1.2470754606666357,0.0,3.1058809634637834,3.4635576182980197,3.1058809634637834
cv_targets__combined,matched_random,easy,eu-locality-048,1582,1.6190120832224988,1.625313803072557,0.3877232715396306,3.096124259208806,3.973858609270807,3.097178001185482
cv_targets__combined,matched_random,easy,eu-locality-067,1219,1.5747218899349154,1.5772741336763672,0.16181357995790346,3.1263504056718783,3.4188772394610956,3.127728021577087
cv_targets__combined,matched_random,easy,eu-locality-074,17048,1.9475774350766675,1.9486368350261392,0.054366207721689985,3.36076448175679,5.840987078644187,3.359413327128495
cv_targets__combined,matched_random,easy,eu-locality-082,513,1.5076452016344628,1.5105762189668024,0.19403306470323622,2.984061586701978,3.4065016070252896,2.984061586701978
cv_targets__combined,matched_random,easy,eu-locality-112,571,1.9521821374731614,1.957889577060179,0.29150977940173295,3.2514896778368834,3.8622394793202206,3.252410621186774
cv_targets__combined,matched_random,easy,eu-locality-126,2160,1.3205280273220807,1.321836420307286,0.09898297286294877,2.887760776081712,3.4793448720406004,2.890201948251488
cv_targets__combined,matched_random,hard,eu-locality-008,28100,57.018265778175206,56.928080708718305,-0.15841930438222906,131.23058347007867,221.0174298365999,130.68545228260626
cv_targets__combined,matched_random,hard,eu-locality-020,30,43.04818478161064,43.04818478161064,0.0,64.72063289570352,69.65016417684733,64.72063289570352
cv_targets__combined,matched_random,hard,eu-locality-048,2478,59.28353026019342,59.286043585341375,0.004239320075949404,127.21298326534132,211.76191803930743,127.21298326534132
cv_targets__combined,matched_random,hard,eu-locality-067,2296,59.47744066627646,59.49085479890835,0.022548226407637095,135.4659665220667,210.41573167431284,135.4659665220667
cv_targets__combined,matched_random,hard,eu-locality-074,19310,55.55104035843924,55.48554956279464,-0.11803216542081163,128.2809138272224,230.6134714460459,127.76315172716821
cv_targets__combined,matched_random,hard,eu-locality-082,184,52.89676830475371,52.734561718668,-0.307590659330903,110.41707800047281,199.45076524670506,110.41707800047281
cv_targets__combined,matched_random,hard,eu-locality-112,1153,66.89602769945068,66.8624838996371,-0.05016834233071421,170.48331975237295,282.2924395893853,170.48331975237295
cv_targets__combined,matched_random,hard,eu-locality-126,1110,69.31810601550757,69.31254340267411,-0.008025405735212487,153.44137522662362,237.31079754913677,153.44137522662362
cv_targets__combined,matched_random,complete,eu-locality-008,97352,15.547258227398142,15.540570406237725,-0.04303459258956366,56.43227990526874,113.764949414557,56.42073435768344
cv_targets__combined,matched_random,complete,eu-locality-020,364,6.75466460115332,6.75466460115332,0.0,22.937980186983854,49.70629992513765,22.937980186983854
cv_targets__combined,matched_random,complete,eu-locality-048,4716,24.772789656052474,24.76909486074878,-0.014916957298871658,88.22093822243187,148.93476953887537,88.27800245298431
cv_targets__combined,matched_random,complete,eu-locality-067,3417,27.413352263037012,27.422906404674865,0.03484000381602792,87.49455596529795,160.33713288337748,87.49455596529795
cv_targets__combined,matched_random,complete,eu-locality-074,67309,17.79366127288581,17.7974507714431,0.021292367125802514,58.313493170878914,123.73766807541985,58.328088620521875
cv_targets__combined,matched_random,complete,eu-locality-082,582,10.085467888703464,10.080902410388317,-0.04528838916684208,46.30650206106486,88.77064559267427,46.30650206106486
cv_targets__combined,matched_random,complete,eu-locality-112,2417,19.51956314790421,19.513474535828504,-0.031202090968096563,67.36289050825208,157.72654095861347,66.96118973625356
cv_targets__combined,matched_random,complete,eu-locality-126,3637,18.00709312128719,18.004883265825868,-0.012273645036731118,79.61625828652348,152.8276987104273,79.61625828652348
cv_targets__combined_risk,ADE_vs_floor,all,eu-locality-008,157961,17.248294169623485,17.466975925577778,1.2519726189927693,60.98238942069789,125.30520994572605,61.24959048903298
cv_targets__combined_risk,ADE_vs_floor,all,eu-locality-020,1225,6.401511166670346,6.448501284113131,0.7286982722412128,20.950455289077674,39.464285429778364,20.950455289077674
cv_targets__combined_risk,ADE_vs_floor,all,eu-locality-048,8058,24.983969655271405,25.2057165027749,0.8797482407575496,85.6125630241161,147.54204672889855,86.31775306667878
cv_targets__combined_risk,ADE_vs_floor,all,eu-locality-067,6903,26.77440319491494,27.401641879979564,2.289055115061933,87.83008176063767,160.9846648617185,88.7408126959883
cv_targets__combined_risk,ADE_vs_floor,all,eu-locality-074,102348,18.30457475131899,18.62450223451202,1.7177773621256165,60.68439535267725,125.39189664374686,61.509130432529204
cv_targets__combined_risk,ADE_vs_floor,all,eu-locality-082,1368,13.029903162089806,13.174770524047632,1.0995816716003026,50.06667229821833,99.68977167861865,50.57497731631109
cv_targets__combined_risk,ADE_vs_floor,all,eu-locality-112,5004,23.302710088788924,23.65488959344297,1.48882328646196,83.55800123644538,176.7432925302825,83.91872194267576
cv_targets__combined_risk,ADE_vs_floor,all,eu-locality-126,5790,18.536802509642776,18.76141831163623,1.1972218638403476,81.8083058627529,152.0324442482678,82.1707199959473
cv_targets__combined_risk,ADE_vs_floor,easy,eu-locality-008,39889,1.6202161627839988,1.7241720949012762,6.029324591477614,3.028716690779768,3.418159579528476,3.1033643965504147
cv_targets__combined_risk,ADE_vs_floor,easy,eu-locality-020,593,1.2470754606666357,1.2736100237440386,2.0834134925696635,3.1058809634637834,3.4635576182980197,3.0839156726310635
cv_targets__combined_risk,ADE_vs_floor,easy,eu-locality-048,1582,1.6206831533648902,1.6938727305913583,4.320842759002119,3.0954051681898043,3.962496106579232,3.091778570545298
cv_targets__combined_risk,ADE_vs_floor,easy,eu-locality-067,1219,1.5771839793437967,1.611886085015975,2.1528882217402123,3.1321490509109946,3.4251367321296815,3.1321490509109946
cv_targets__combined_risk,ADE_vs_floor,easy,eu-locality-074,17048,1.9481359494558501,2.009092341676263,3.0340264086395785,3.360246818117998,5.810288385732695,3.3126905574851873
cv_targets__combined_risk,ADE_vs_floor,easy,eu-locality-082,513,1.5093121882977685,1.578078341351625,4.357588039321191,2.984061586701978,3.4065016070252896,3.0061798004979905
cv_targets__combined_risk,ADE_vs_floor,easy,eu-locality-112,571,1.9510187717216083,2.024035064897236,3.6074618687169324,3.2514896778368834,3.8622394793202206,3.2155185149690704
cv_targets__combined_risk,ADE_vs_floor,easy,eu-locality-126,2160,1.3209474598449826,1.415028582644297,6.64870829842198,2.890201948251488,3.4793448720406004,2.9758368738441074
cv_targets__combined_risk,ADE_vs_floor,hard,eu-locality-008,28100,56.93655106624916,57.62387890293079,1.1927830090012859,130.50570486933321,219.31282218564667,132.8382820550419
cv_targets__combined_risk,ADE_vs_floor,hard,eu-locality-020,30,43.04818478161064,43.04818478161064,0.0,64.72063289570352,69.65016417684733,64.72063289570352
cv_targets__combined_risk,ADE_vs_floor,hard,eu-locality-048,2478,59.2901252122126,60.05940424544668,1.280863576485447,127.21298326534132,211.76191803930743,129.96960939889047
cv_targets__combined_risk,ADE_vs_floor,hard,eu-locality-067,2296,59.48878663978452,61.33773875305253,3.0143793215330894,135.4659665220667,210.41573167431284,137.54280661418298
cv_targets__combined_risk,ADE_vs_floor,hard,eu-locality-074,19310,55.50177497450844,56.82896386115632,2.3354092639986224,127.73874045145256,228.94316663691012,129.7771624011152
cv_targets__combined_risk,ADE_vs_floor,hard,eu-locality-082,184,52.73829103484316,53.15494887110422,0.7838552103049068,110.41707800047281,199.45076524670506,110.41707800047281
cv_targets__combined_risk,ADE_vs_floor,hard,eu-locality-112,1153,66.79290163372075,67.4193884187777,0.9292383092612932,170.48331975237295,282.2924395893853,170.91978833603577
cv_targets__combined_risk,ADE_vs_floor,hard,eu-locality-126,1110,69.3159878551605,69.8871553107803,0.8172710036341901,153.44137522662362,237.31079754913677,153.2366053199402
cv_targets__combined_risk,ADE_vs_floor,complete,eu-locality-008,97352,15.541451366989387,15.768574512732343,1.4403530614613635,56.418334050204756,113.52625825938212,56.424237953830755
cv_targets__combined_risk,ADE_vs_floor,complete,eu-locality-020,364,6.75466460115332,6.872005536476916,1.7075209660519786,22.937980186983854,49.70629992513765,22.937980186983854
cv_targets__combined_risk,ADE_vs_floor,complete,eu-locality-048,4716,24.777237272005568,24.91504683636528,0.5531178217918153,88.22093822243187,148.93476953887537,88.3433852319625
cv_targets__combined_risk,ADE_vs_floor,complete,eu-locality-067,3417,27.42592198825697,28.232630411573602,2.8573618949296775,87.49455596529795,160.33713288337748,88.08569753027201
cv_targets__combined_risk,ADE_vs_floor,complete,eu-locality-074,67309,17.800060627651646,18.16953654665365,2.0334911573187675,58.374150970120084,123.85629542586919,59.42379356510969
cv_targets__combined_risk,ADE_vs_floor,complete,eu-locality-082,582,10.089161145178286,10.222557460893151,1.3049211630766444,46.30650206106486,88.77064559267427,46.30650206106486
cv_targets__combined_risk,ADE_vs_floor,complete,eu-locality-112,2417,19.514609606448232,19.95082719378455,2.1864636643848967,66.96118973625356,157.72654095861347,68.8472149626773
cv_targets__combined_risk,ADE_vs_floor,complete,eu-locality-126,3637,18.009590137819185,18.278461410717412,1.470973222836891,79.61625828652348,152.8276987104273,79.33620099124832
cv_targets__combined_risk,ADE_vs_original,all,eu-locality-008,157961,17.248294169623485,17.23148512650427,-0.09754842949294407,60.98238942069789,125.30520994572605,60.94730001686062
cv_targets__combined_risk,ADE_vs_original,all,eu-locality-020,1225,6.401511166670346,6.398133656550564,-0.052788989744279036,20.950455289077674,39.464285429778364,20.950455289077674
cv_targets__combined_risk,ADE_vs_original,all,eu-locality-048,8058,24.983969655271405,24.98901466193343,0.020188897922857052,85.6125630241161,147.54204672889855,85.64713396327933
cv_targets__combined_risk,ADE_vs_original,all,eu-locality-067,6903,26.77440319491494,26.759697513854874,-0.054954586285771434,87.83008176063767,160.9846648617185,87.8102175620978
cv_targets__combined_risk,ADE_vs_original,all,eu-locality-074,102348,18.30457475131899,18.2909357715842,-0.07456687785203364,60.68439535267725,125.39189664374686,60.64563623321335
cv_targets__combined_risk,ADE_vs_original,all,eu-locality-082,1368,13.029903162089806,13.011774670130581,-0.13932374652043666,50.06667229821833,99.68977167861865,50.06667229821833
cv_targets__combined_risk,ADE_vs_original,all,eu-locality-112,5004,23.302710088788924,23.28439726404607,-0.07864848093419585,83.55800123644538,176.7432925302825,83.55800123644538
cv_targets__combined_risk,ADE_vs_original,all,eu-locality-126,5790,18.536802509642776,18.5286221854853,-0.04414966248209584,81.8083058627529,152.0324442482678,81.8083058627529
cv_targets__combined_risk,ADE_vs_original,easy,eu-locality-008,39889,1.6202161627839988,1.6198130470017402,-0.02488656224894914,3.028716690779768,3.418159579528476,3.027999354637201
cv_targets__combined_risk,ADE_vs_original,easy,eu-locality-020,593,1.2470754606666357,1.2470705919558411,-0.000390411803952162,3.1058809634637834,3.4635576182980197,3.1058809634637834
cv_targets__combined_risk,ADE_vs_original,easy,eu-locality-048,1582,1.6206831533648902,1.624263603755499,0.22043530263993194,3.0954051681898043,3.962496106579232,3.097178001185482
cv_targets__combined_risk,ADE_vs_original,easy,eu-locality-067,1219,1.5771839793437967,1.579378976301011,0.1389784839579855,3.1321490509109946,3.4251367321296815,3.140556250142567
cv_targets__combined_risk,ADE_vs_original,easy,eu-locality-074,17048,1.9481359494558501,1.947178844056168,-0.04915344076399375,3.360246818117998,5.810288385732695,3.3634936902110275
cv_targets__combined_risk,ADE_vs_original,easy,eu-locality-082,513,1.5093121882977685,1.5113277172013309,0.13336147287067446,2.984061586701978,3.4065016070252896,2.984061586701978
cv_targets__combined_risk,ADE_vs_original,easy,eu-locality-112,571,1.9510187717216083,1.9555720731071375,0.23283730874181785,3.2514896778368834,3.8622394793202206,3.252410621186774
cv_targets__combined_risk,ADE_vs_original,easy,eu-locality-126,2160,1.3209474598449826,1.3231998905870987,0.17022603751249976,2.890201948251488,3.4793448720406004,2.890201948251488
cv_targets__combined_risk,ADE_vs_original,hard,eu-locality-008,28100,56.93655106624916,56.86075496928675,-0.13330124969910262,130.50570486933321,219.31282218564667,130.35717176616848
cv_targets__combined_risk,ADE_vs_original,hard,eu-locality-020,30,43.04818478161064,43.04818478161064,0.0,64.72063289570352,69.65016417684733,64.72063289570352
cv_targets__combined_risk,ADE_vs_original,hard,eu-locality-048,2478,59.2901252122126,59.280728023853655,-0.015852012403017035,127.21298326534132,211.76191803930743,127.21298326534132
cv_targets__combined_risk,ADE_vs_original,hard,eu-locality-067,2296,59.48878663978452,59.45972029478938,-0.04888409304826258,135.4659665220667,210.41573167431284,135.4659665220667
cv_targets__combined_risk,ADE_vs_original,hard,eu-locality-074,19310,55.50177497450844,55.453958955179644,-0.08622652057619362,127.73874045145256,228.94316663691012,127.70741040028658
cv_targets__combined_risk,ADE_vs_original,hard,eu-locality-082,184,52.73829103484316,52.734561718668,-0.007071863411045598,110.41707800047281,199.45076524670506,110.41707800047281
cv_targets__combined_risk,ADE_vs_original,hard,eu-locality-112,1153,66.79290163372075,66.74324993384185,-0.07439209197650509,170.48331975237295,282.2924395893853,170.48331975237295
cv_targets__combined_risk,ADE_vs_original,hard,eu-locality-126,1110,69.3159878551605,69.3099694423669,-0.00868332916896808,153.44137522662362,237.31079754913677,153.44137522662362
cv_targets__combined_risk,FDE_vs_floor,endpoint,eu-locality-008,121088,33.58826929801329,34.1268805578543,1.5782610394991181,129.83254866579782,264.6510416544213,129.9408074196934
cv_targets__combined_risk,FDE_vs_floor,endpoint,eu-locality-020,622,14.333099496230382,14.535865331661961,1.394934741104925,53.963574416924075,102.34943144507893,52.375808020598235
cv_targets__combined_risk,FDE_vs_floor,endpoint,eu-locality-048,5582,53.98107099780433,54.312413544533996,0.6100678005369398,200.74529675278757,330.78309819520825,202.36516697858983
cv_targets__combined_risk,FDE_vs_floor,endpoint,eu-locality-067,4600,57.253665064219334,58.86831067946084,2.742809495644072,194.55701812363193,381.6312506904558,196.12059702120067
cv_targets__combined_risk,FDE_vs_floor,endpoint,eu-locality-074,81289,37.116520968794966,37.93165819072686,2.148962794701048,128.31031342714422,264.76525084602144,130.65766401607394
cv_targets__combined_risk,FDE_vs_floor,endpoint,eu-locality-082,859,23.815133862308514,24.253513715154355,1.8074900733741073,107.79588538582226,229.79762677801716,108.48198577750496
cv_targets__combined_risk,FDE_vs_floor,endpoint,eu-locality-112,3719,44.6501807083133,45.68331959042426,2.261523224173745,168.66020962034,394.2574142197964,169.85900374901303
cv_targets__combined_risk,FDE_vs_floor,endpoint,eu-locality-126,4579,36.60167900813559,37.293258892704124,1.8544367135043593,170.7701979760524,343.4616066783118,171.97826910961012
cv_targets__combined_risk,ADE_vs_CV,easy,eu-locality-008,39889,1.6202161627839988,1.791172498853141,9.54438146960177,3.028716690779768,3.418159579528476,3.2504176960159774
cv_targets__combined_risk,ADE_vs_CV,easy,eu-locality-020,593,1.2470754606666357,1.2706472215919324,1.8550987657899976,3.1058809634637834,3.4635576182980197,3.051349724629029
cv_targets__combined_risk,ADE_vs_CV,easy,eu-locality-048,1582,1.6206831533648902,1.7551327263969017,7.66036499746785,3.0954051681898043,3.962496106579232,3.2298308573246963
cv_targets__combined_risk,ADE_vs_CV,easy,eu-locality-067,1219,1.5771839793437967,1.6528940070695597,4.580452672823854,3.1321490509109946,3.4251367321296815,3.222473275402277
cv_targets__combined_risk,ADE_vs_CV,easy,eu-locality-074,17048,1.9481359494558501,2.0239574238081066,3.746199078120782,3.360246818117998,5.810288385732695,3.3016095862663026
cv_targets__combined_risk,ADE_vs_CV,easy,eu-locality-082,513,1.5093121882977685,1.6221340438704122,6.955149976598152,2.984061586701978,3.4065016070252896,3.137173321764387
cv_targets__combined_risk,ADE_vs_CV,easy,eu-locality-112,571,1.9510187717216083,2.110763890677913,7.5681188057940325,3.2514896778368834,3.8622394793202206,3.3318797717711783
cv_targets__combined_risk,ADE_vs_CV,easy,eu-locality-126,2160,1.3209474598449826,1.4931553251754432,11.533151469705704,2.890201948251488,3.4793448720406004,3.15811922069773
cv_targets__combined_random,ADE_vs_floor,all,eu-locality-008,157961,17.24833662994947,17.466975925577778,1.251729529827439,60.93829520031638,125.38396560905882,61.24959048903298
cv_targets__combined_random,ADE_vs_floor,all,eu-locality-020,1225,6.401511166670346,6.448501284113131,0.7286982722412128,20.950455289077674,39.464285429778364,20.950455289077674
cv_targets__combined_random,ADE_vs_floor,all,eu-locality-048,8058,24.98325658859171,25.2057165027749,0.8825772286961131,85.80471967053724,147.54204672889855,86.31775306667878
cv_targets__combined_random,ADE_vs_floor,all,eu-locality-067,6903,26.7727387395867,27.401641879979564,2.295129405557117,87.83008176063767,160.9846648617185,88.7408126959883
cv_targets__combined_random,ADE_vs_floor,all,eu-locality-074,102348,18.299718653826098,18.62450223451202,1.743851065635904,60.63936277807512,125.41013551784869,61.509130432529204
cv_targets__combined_random,ADE_vs_floor,all,eu-locality-082,1368,13.026783136637754,13.174770524047632,1.1232634916848117,50.06667229821833,99.68977167861865,50.57497731631109
cv_targets__combined_random,ADE_vs_floor,all,eu-locality-112,5004,23.318485443630408,23.65488959344297,1.4221336712804233,83.91872194267576,176.7432925302825,83.91872194267576
cv_targets__combined_random,ADE_vs_floor,all,eu-locality-126,5790,18.532579155285628,18.76141831163623,1.2197327118316559,81.8083058627529,152.0324442482678,82.1707199959473
cv_targets__combined_random,ADE_vs_floor,easy,eu-locality-008,39889,1.6231801575729434,1.7241720949012762,5.857416300088969,3.0299092026013756,3.4195205891712304,3.1033643965504147
cv_targets__combined_random,ADE_vs_floor,easy,eu-locality-020,593,1.2470754606666357,1.2736100237440386,2.0834134925696635,3.1058809634637834,3.4635576182980197,3.0839156726310635
cv_targets__combined_random,ADE_vs_floor,easy,eu-locality-048,1582,1.625313803072557,1.6938727305913583,4.047466275395228,3.097178001185482,4.004102987330692,3.091778570545298
cv_targets__combined_random,ADE_vs_floor,easy,eu-locality-067,1219,1.5772741336763672,1.611886085015975,2.147295125962012,3.127728021577087,3.428429839970685,3.1321490509109946
cv_targets__combined_random,ADE_vs_floor,easy,eu-locality-074,17048,1.9486368350261392,2.009092341676263,3.0090954704293793,3.359413327128495,5.826480532378023,3.3126905574851873
cv_targets__combined_random,ADE_vs_floor,easy,eu-locality-082,513,1.5105762189668024,1.578078341351625,4.277488678224117,2.984061586701978,3.4065016070252896,3.0061798004979905
cv_targets__combined_random,ADE_vs_floor,easy,eu-locality-112,571,1.957889577060179,2.024035064897236,3.268001082798211,3.252410621186774,3.9100439491929566,3.2155185149690704
cv_targets__combined_random,ADE_vs_floor,easy,eu-locality-126,2160,1.321836420307286,1.415028582644297,6.585885506486411,2.890201948251488,3.4793448720406004,2.9758368738441074
cv_targets__combined_random,ADE_vs_floor,hard,eu-locality-008,28100,56.928080708718305,57.62387890293079,1.2074823969843829,130.68545228260626,219.8210874516695,132.8382820550419
cv_targets__combined_random,ADE_vs_floor,hard,eu-locality-020,30,43.04818478161064,43.04818478161064,0.0,64.72063289570352,69.65016417684733,64.72063289570352
cv_targets__combined_random,ADE_vs_floor,hard,eu-locality-048,2478,59.286043585341375,60.05940424544668,1.287659559433496,127.21298326534132,211.76191803930743,129.96960939889047
cv_targets__combined_random,ADE_vs_floor,hard,eu-locality-067,2296,59.49085479890835,61.33773875305253,3.0110075651464507,135.4659665220667,210.41573167431284,137.54280661418298
cv_targets__combined_random,ADE_vs_floor,hard,eu-locality-074,19310,55.48554956279464,56.82896386115632,2.3639605706060163,127.76315172716821,228.3562604875419,129.7771624011152
cv_targets__combined_random,ADE_vs_floor,hard,eu-locality-082,184,52.734561718668,53.15494887110422,0.7908711443888716,110.41707800047281,199.45076524670506,110.41707800047281
cv_targets__combined_random,ADE_vs_floor,hard,eu-locality-112,1153,66.8624838996371,67.4193884187777,0.8260302150493781,170.48331975237295,282.2924395893853,170.91978833603577
cv_targets__combined_random,ADE_vs_floor,hard,eu-locality-126,1110,69.31254340267411,69.8871553107803,0.8221995952631844,153.44137522662362,237.31079754913677,153.2366053199402
cv_targets__combined_random,ADE_vs_floor,complete,eu-locality-008,97352,15.540570406237725,15.768574512732343,1.445939874340041,56.42073435768344,113.52625825938212,56.424237953830755
cv_targets__combined_random,ADE_vs_floor,complete,eu-locality-020,364,6.75466460115332,6.872005536476916,1.7075209660519786,22.937980186983854,49.70629992513765,22.937980186983854
cv_targets__combined_random,ADE_vs_floor,complete,eu-locality-048,4716,24.76909486074878,24.91504683636528,0.5857985199669513,88.27800245298431,148.93476953887537,88.3433852319625
cv_targets__combined_random,ADE_vs_floor,complete,eu-locality-067,3417,27.422906404674865,28.232630411573602,2.8680430944429514,87.49455596529795,160.33713288337748,88.08569753027201
cv_targets__combined_random,ADE_vs_floor,complete,eu-locality-074,67309,17.7974507714431,18.16953654665365,2.0478550691436226,58.328088620521875,123.98139555212273,59.42379356510969
cv_targets__combined_random,ADE_vs_floor,complete,eu-locality-082,582,10.080902410388317,10.222557460893151,1.3857104843552293,46.30650206106486,88.77064559267427,46.30650206106486
cv_targets__combined_random,ADE_vs_floor,complete,eu-locality-112,2417,19.513474535828504,19.95082719378455,2.192153005527009,66.96118973625356,157.72654095861347,68.8472149626773
cv_targets__combined_random,ADE_vs_floor,complete,eu-locality-126,3637,18.004883265825868,18.278461410717412,1.496724142936534,79.61625828652348,152.8276987104273,79.33620099124832
cv_targets__combined_random,ADE_vs_original,all,eu-locality-008,157961,17.24833662994947,17.23148512650427,-0.09779484078988876,60.93829520031638,125.38396560905882,60.94730001686062
cv_targets__combined_random,ADE_vs_original,all,eu-locality-020,1225,6.401511166670346,6.398133656550564,-0.052788989744279036,20.950455289077674,39.464285429778364,20.950455289077674
cv_targets__combined_random,ADE_vs_original,all,eu-locality-048,8058,24.98325658859171,24.98901466193343,0.023042418517171814,85.80471967053724,147.54204672889855,85.64713396327933
cv_targets__combined_random,ADE_vs_original,all,eu-locality-067,6903,26.7727387395867,26.759697513854874,-0.04873457827792027,87.83008176063767,160.9846648617185,87.8102175620978
cv_targets__combined_random,ADE_vs_original,all,eu-locality-074,102348,18.299718653826098,18.2909357715842,-0.04801767581263938,60.63936277807512,125.41013551784869,60.64563623321335
cv_targets__combined_random,ADE_vs_original,all,eu-locality-082,1368,13.026783136637754,13.011774670130581,-0.11534526909404708,50.06667229821833,99.68977167861865,50.06667229821833
cv_targets__combined_random,ADE_vs_original,all,eu-locality-112,5004,23.318485443630408,23.28439726404607,-0.14639923549566447,83.91872194267576,176.7432925302825,83.55800123644538
cv_targets__combined_random,ADE_vs_original,all,eu-locality-126,5790,18.532579155285628,18.5286221854853,-0.02135598513863801,81.8083058627529,152.0324442482678,81.8083058627529
cv_targets__combined_random,ADE_vs_original,easy,eu-locality-008,39889,1.6231801575729434,1.6198130470017402,-0.20787032043207976,3.0299092026013756,3.4195205891712304,3.027999354637201
cv_targets__combined_random,ADE_vs_original,easy,eu-locality-020,593,1.2470754606666357,1.2470705919558411,-0.000390411803952162,3.1058809634637834,3.4635576182980197,3.1058809634637834
cv_targets__combined_random,ADE_vs_original,easy,eu-locality-048,1582,1.625313803072557,1.624263603755499,-0.06465695067165989,3.097178001185482,4.004102987330692,3.097178001185482
cv_targets__combined_random,ADE_vs_original,easy,eu-locality-067,1219,1.5772741336763672,1.579378976301011,0.13327026991163393,3.127728021577087,3.428429839970685,3.140556250142567
cv_targets__combined_random,ADE_vs_original,easy,eu-locality-074,17048,1.9486368350261392,1.947178844056168,-0.07487709587754576,3.359413327128495,5.826480532378023,3.3634936902110275
cv_targets__combined_random,ADE_vs_original,easy,eu-locality-082,513,1.5105762189668024,1.5113277172013309,0.049724373210069395,2.984061586701978,3.4065016070252896,2.984061586701978
cv_targets__combined_random,ADE_vs_original,easy,eu-locality-112,571,1.957889577060179,1.9555720731071375,-0.1185077238988752,3.252410621186774,3.9100439491929566,3.252410621186774
cv_targets__combined_random,ADE_vs_original,easy,eu-locality-126,2160,1.321836420307286,1.3231998905870987,0.10304340935274325,2.890201948251488,3.4793448720406004,2.890201948251488
cv_targets__combined_random,ADE_vs_original,hard,eu-locality-008,28100,56.928080708718305,56.86075496928675,-0.11840458233085549,130.68545228260626,219.8210874516695,130.35717176616848
cv_targets__combined_random,ADE_vs_original,hard,eu-locality-020,30,43.04818478161064,43.04818478161064,0.0,64.72063289570352,69.65016417684733,64.72063289570352
cv_targets__combined_random,ADE_vs_original,hard,eu-locality-048,2478,59.286043585341375,59.280728023853655,-0.00896676148374187,127.21298326534132,211.76191803930743,127.21298326534132
cv_targets__combined_random,ADE_vs_original,hard,eu-locality-067,2296,59.49085479890835,59.45972029478938,-0.05236234540730855,135.4659665220667,210.41573167431284,135.4659665220667
cv_targets__combined_random,ADE_vs_original,hard,eu-locality-074,19310,55.48554956279464,55.453958955179644,-0.056967271967955924,127.76315172716821,228.3562604875419,127.70741040028658
cv_targets__combined_random,ADE_vs_original,hard,eu-locality-082,184,52.734561718668,52.734561718668,0.0,110.41707800047281,199.45076524670506,110.41707800047281
cv_targets__combined_random,ADE_vs_original,hard,eu-locality-112,1153,66.8624838996371,66.74324993384185,-0.17864572958827818,170.48331975237295,282.2924395893853,170.48331975237295
cv_targets__combined_random,ADE_vs_original,hard,eu-locality-126,1110,69.31254340267411,69.3099694423669,-0.0037136941884563512,153.44137522662362,237.31079754913677,153.44137522662362
cv_targets__combined_random,FDE_vs_floor,endpoint,eu-locality-008,121088,33.58880934567045,34.1268805578543,1.576678569468648,129.7983426675058,265.01024299288963,129.9408074196934
cv_targets__combined_random,FDE_vs_floor,endpoint,eu-locality-020,622,14.333099496230382,14.535865331661961,1.394934741104925,53.963574416924075,102.34943144507893,52.375808020598235
cv_targets__combined_random,FDE_vs_floor,endpoint,eu-locality-048,5582,53.98771796854278,54.312413544533996,0.5978293999492013,201.11482859332256,330.78309819520825,202.36516697858983
cv_targets__combined_random,FDE_vs_floor,endpoint,eu-locality-067,4600,57.25016995241325,58.86831067946084,2.748746665856272,194.55701812363193,381.6312506904558,196.12059702120067
cv_targets__combined_random,FDE_vs_floor,endpoint,eu-locality-074,81289,37.106313551793534,37.93165819072686,2.1758728152176943,128.2612035166889,265.1938142939046,130.65766401607394
cv_targets__combined_random,FDE_vs_floor,endpoint,eu-locality-082,859,23.80169313134889,24.253513715154355,1.8629077382843362,107.79588538582226,229.79762677801716,108.48198577750496
cv_targets__combined_random,FDE_vs_floor,endpoint,eu-locality-112,3719,44.713920981341275,45.68331959042426,2.121996864006759,170.8716214440192,394.2574142197964,169.85900374901303
cv_targets__combined_random,FDE_vs_floor,endpoint,eu-locality-126,4579,36.586746885653355,37.293258892704124,1.894476449707616,170.7701979760524,343.4616066783118,171.97826910961012
cv_targets__combined_random,ADE_vs_CV,easy,eu-locality-008,39889,1.6231801575729434,1.791172498853141,9.378903561089757,3.0299092026013756,3.4195205891712304,3.2504176960159774
cv_targets__combined_random,ADE_vs_CV,easy,eu-locality-020,593,1.2470754606666357,1.2706472215919324,1.8550987657899976,3.1058809634637834,3.4635576182980197,3.051349724629029
cv_targets__combined_random,ADE_vs_CV,easy,eu-locality-048,1582,1.625313803072557,1.7551327263969017,7.39653026645164,3.097178001185482,4.004102987330692,3.2298308573246963
cv_targets__combined_random,ADE_vs_CV,easy,eu-locality-067,1219,1.5772741336763672,1.6528940070695597,4.574998340471947,3.127728021577087,3.428429839970685,3.222473275402277
cv_targets__combined_random,ADE_vs_CV,easy,eu-locality-074,17048,1.9486368350261392,2.0239574238081066,3.721451246748586,3.359413327128495,5.826480532378023,3.3016095862663026
cv_targets__combined_random,ADE_vs_CV,easy,eu-locality-082,513,1.5105762189668024,1.6221340438704122,6.877226042148332,2.984061586701978,3.4065016070252896,3.137173321764387
cv_targets__combined_random,ADE_vs_CV,easy,eu-locality-112,571,1.957889577060179,2.110763890677913,7.242606067542479,3.252410621186774,3.9100439491929566,3.3318797717711783
cv_targets__combined_random,ADE_vs_CV,easy,eu-locality-126,2160,1.321836420307286,1.4931553251754432,11.47361577055136,2.890201948251488,3.4793448720406004,3.15811922069773
floor_both__original,ADE_vs_floor,all,eu-locality-008,157961,17.22648962321291,17.466975925577778,1.376805598115649,60.93675003770371,125.43403462124073,61.24959048903298
floor_both__original,ADE_vs_floor,all,eu-locality-020,1225,6.426101672196769,6.448501284113131,0.34736151749781286,21.020763749430696,43.524176184662124,20.950455289077674
floor_both__original,ADE_vs_floor,all,eu-locality-048,8058,24.99555073017434,25.2057165027749,0.833802017004448,85.80471967053724,148.43911878187527,86.31775306667878
floor_both__original,ADE_vs_floor,all,eu-locality-067,6903,26.93729462684132,27.401641879979564,1.6945964594826335,88.08734144382846,160.9846648617185,88.7408126959883
floor_both__original,ADE_vs_floor,all,eu-locality-074,102348,18.338643144676595,18.62450223451202,1.5348549251733234,60.832514719760034,125.61521052190585,61.509130432529204
floor_both__original,ADE_vs_floor,all,eu-locality-082,1368,13.030229525992757,13.174770524047632,1.0971044830803467,50.57497731631109,99.68977167861865,50.57497731631109
floor_both__original,ADE_vs_floor,all,eu-locality-112,5004,23.311496680808833,23.65488959344297,1.4516783571432268,83.58149871210851,176.7432925302825,83.91872194267576
floor_both__original,ADE_vs_floor,all,eu-locality-126,5790,18.56414896843217,18.76141831163623,1.0514628474634469,81.8083058627529,151.13785009152224,82.1707199959473
floor_both__original,ADE_vs_floor,easy,eu-locality-008,39889,1.6300247966369759,1.7241720949012762,5.460435100574523,3.035650860574167,3.4074910337802446,3.1033643965504147
floor_both__original,ADE_vs_floor,easy,eu-locality-020,593,1.253223968051889,1.2736100237440386,1.6006513227825092,3.1058809634637834,3.4635576182980197,3.0839156726310635
floor_both__original,ADE_vs_floor,easy,eu-locality-048,1582,1.6249482722324062,1.6938727305913583,4.069045868333299,3.08991480406743,3.7502350435442273,3.091778570545298
floor_both__original,ADE_vs_floor,easy,eu-locality-067,1219,1.5818995838314864,1.611886085015975,1.8603362522477185,3.1479878813784223,3.480652568687754,3.1321490509109946
floor_both__original,ADE_vs_floor,easy,eu-locality-074,17048,1.9522243420391074,2.009092341676263,2.830531900276345,3.3586062285789375,5.629159649112313,3.3126905574851873
floor_both__original,ADE_vs_floor,easy,eu-locality-082,513,1.517535347812425,1.578078341351625,3.836501138932369,2.984061586701978,3.4065016070252896,3.0061798004979905
floor_both__original,ADE_vs_floor,easy,eu-locality-112,571,1.973569015770039,2.024035064897236,2.4933386778928868,3.2618785383107034,3.9100439491929566,3.2155185149690704
floor_both__original,ADE_vs_floor,easy,eu-locality-126,2160,1.3271163176002305,1.415028582644297,6.212755425744321,2.937492106428995,3.4701725568083637,2.9758368738441074
floor_both__original,ADE_vs_floor,hard,eu-locality-008,28100,56.995059108118966,57.62387890293079,1.0912486399450638,130.67167096666645,219.69365048384066,132.8382820550419
floor_both__original,ADE_vs_floor,hard,eu-locality-020,30,43.8408185890737,43.04818478161064,-1.8412711511163637,64.72063289570352,69.65016417684733,64.72063289570352
floor_both__original,ADE_vs_floor,hard,eu-locality-048,2478,59.519232000665944,60.05940424544668,0.8993966083532867,127.6705045940677,211.76191803930743,129.96960939889047
floor_both__original,ADE_vs_floor,hard,eu-locality-067,2296,60.065845577445224,61.33773875305253,2.0735899325013962,137.04587330589663,210.41573167431284,137.54280661418298
floor_both__original,ADE_vs_floor,hard,eu-locality-074,19310,55.79451623093243,56.82896386115632,1.8202824052031552,128.31736205306856,231.35397485851166,129.7771624011152
floor_both__original,ADE_vs_floor,hard,eu-locality-082,184,52.814339014742565,53.15494887110422,0.6407867255927568,110.41707800047281,199.45076524670506,110.41707800047281
floor_both__original,ADE_vs_floor,hard,eu-locality-112,1153,66.80873393935553,67.4193884187777,0.905754996810515,170.48331975237295,282.2924395893853,170.91978833603577
floor_both__original,ADE_vs_floor,hard,eu-locality-126,1110,69.44217784163409,69.8871553107803,0.6367085155597585,153.2366053199402,237.31079754913677,153.2366053199402
floor_both__original,ADE_vs_floor,complete,eu-locality-008,97352,15.506370315392434,15.768574512732343,1.6628275252667413,56.34344470676385,113.70891488429915,56.424237953830755
floor_both__original,ADE_vs_floor,complete,eu-locality-020,364,6.7544794377828605,6.872005536476916,1.7102154250345336,22.937980186983854,49.70629992513765,22.937980186983854
floor_both__original,ADE_vs_floor,complete,eu-locality-048,4716,24.67950273884263,24.91504683636528,0.9453889413479244,88.08727981259585,148.93476953887537,88.3433852319625
floor_both__original,ADE_vs_floor,complete,eu-locality-067,3417,27.601522528390486,28.232630411573602,2.235384638210691,87.81611306924334,159.2669354365236,88.08569753027201
floor_both__original,ADE_vs_floor,complete,eu-locality-074,67309,17.841495605922614,18.16953654665365,1.8054447337648383,58.63113076344245,124.42527932715154,59.42379356510969
floor_both__original,ADE_vs_floor,complete,eu-locality-082,582,10.084185342008832,10.222557460893151,1.353595902137683,48.079933354230526,93.25443506324511,46.30650206106486
floor_both__original,ADE_vs_floor,complete,eu-locality-112,2417,19.51559260535711,19.95082719378455,2.1815365558528477,66.96118973625356,157.72654095861347,68.8472149626773
floor_both__original,ADE_vs_floor,complete,eu-locality-126,3637,18.041347224200546,18.278461410717412,1.2972327439870646,79.33620099124832,151.5920844545885,79.33620099124832
floor_both__original,ADE_vs_original,all,eu-locality-008,157961,17.22648962321291,17.22648962321291,0.0,60.93675003770371,125.43403462124073,60.93675003770371
floor_both__original,ADE_vs_original,all,eu-locality-020,1225,6.426101672196769,6.426101672196769,0.0,21.020763749430696,43.524176184662124,21.020763749430696
floor_both__original,ADE_vs_original,all,eu-locality-048,8058,24.99555073017434,24.99555073017434,0.0,85.80471967053724,148.43911878187527,85.80471967053724
floor_both__original,ADE_vs_original,all,eu-locality-067,6903,26.93729462684132,26.93729462684132,0.0,88.08734144382846,160.9846648617185,88.08734144382846
floor_both__original,ADE_vs_original,all,eu-locality-074,102348,18.338643144676595,18.338643144676595,0.0,60.832514719760034,125.61521052190585,60.832514719760034
floor_both__original,ADE_vs_original,all,eu-locality-082,1368,13.030229525992757,13.030229525992757,0.0,50.57497731631109,99.68977167861865,50.57497731631109
floor_both__original,ADE_vs_original,all,eu-locality-112,5004,23.311496680808833,23.311496680808833,0.0,83.58149871210851,176.7432925302825,83.58149871210851
floor_both__original,ADE_vs_original,all,eu-locality-126,5790,18.56414896843217,18.56414896843217,0.0,81.8083058627529,151.13785009152224,81.8083058627529
floor_both__original,ADE_vs_original,easy,eu-locality-008,39889,1.6300247966369759,1.6300247966369759,0.0,3.035650860574167,3.4074910337802446,3.035650860574167
floor_both__original,ADE_vs_original,easy,eu-locality-020,593,1.253223968051889,1.253223968051889,0.0,3.1058809634637834,3.4635576182980197,3.1058809634637834
floor_both__original,ADE_vs_original,easy,eu-locality-048,1582,1.6249482722324062,1.6249482722324062,0.0,3.08991480406743,3.7502350435442273,3.08991480406743
floor_both__original,ADE_vs_original,easy,eu-locality-067,1219,1.5818995838314864,1.5818995838314864,0.0,3.1479878813784223,3.480652568687754,3.1479878813784223
floor_both__original,ADE_vs_original,easy,eu-locality-074,17048,1.9522243420391074,1.9522243420391074,0.0,3.3586062285789375,5.629159649112313,3.3586062285789375
floor_both__original,ADE_vs_original,easy,eu-locality-082,513,1.517535347812425,1.517535347812425,0.0,2.984061586701978,3.4065016070252896,2.984061586701978
floor_both__original,ADE_vs_original,easy,eu-locality-112,571,1.973569015770039,1.973569015770039,0.0,3.2618785383107034,3.9100439491929566,3.2618785383107034
floor_both__original,ADE_vs_original,easy,eu-locality-126,2160,1.3271163176002305,1.3271163176002305,0.0,2.937492106428995,3.4701725568083637,2.937492106428995
floor_both__original,ADE_vs_original,hard,eu-locality-008,28100,56.995059108118966,56.995059108118966,0.0,130.67167096666645,219.69365048384066,130.67167096666645
floor_both__original,ADE_vs_original,hard,eu-locality-020,30,43.8408185890737,43.8408185890737,0.0,64.72063289570352,69.65016417684733,64.72063289570352
floor_both__original,ADE_vs_original,hard,eu-locality-048,2478,59.519232000665944,59.519232000665944,0.0,127.6705045940677,211.76191803930743,127.6705045940677
floor_both__original,ADE_vs_original,hard,eu-locality-067,2296,60.065845577445224,60.065845577445224,0.0,137.04587330589663,210.41573167431284,137.04587330589663
floor_both__original,ADE_vs_original,hard,eu-locality-074,19310,55.79451623093243,55.79451623093243,0.0,128.31736205306856,231.35397485851166,128.31736205306856
floor_both__original,ADE_vs_original,hard,eu-locality-082,184,52.814339014742565,52.814339014742565,0.0,110.41707800047281,199.45076524670506,110.41707800047281
floor_both__original,ADE_vs_original,hard,eu-locality-112,1153,66.80873393935553,66.80873393935553,0.0,170.48331975237295,282.2924395893853,170.48331975237295
floor_both__original,ADE_vs_original,hard,eu-locality-126,1110,69.44217784163409,69.44217784163409,0.0,153.2366053199402,237.31079754913677,153.2366053199402
floor_both__original,FDE_vs_floor,endpoint,eu-locality-008,121088,33.4951798950953,34.1268805578543,1.8510354665674744,129.4825721872423,264.9039959570446,129.9408074196934
floor_both__original,FDE_vs_floor,endpoint,eu-locality-020,622,14.460197618286735,14.535865331661961,0.5205587121834943,53.963574416924075,102.34943144507893,52.375808020598235
floor_both__original,FDE_vs_floor,endpoint,eu-locality-048,5582,53.77118516658936,54.312413544533996,0.9965095318418271,200.74529675278757,336.4545610699454,202.36516697858983
floor_both__original,FDE_vs_floor,endpoint,eu-locality-067,4600,57.6416933175866,58.86831067946084,2.083663260787616,195.19184470752597,381.6312506904558,196.12059702120067
floor_both__original,FDE_vs_floor,endpoint,eu-locality-074,81289,37.18264123210037,37.93165819072686,1.9746486031807509,129.03500009145984,267.04611095806325,130.65766401607394
floor_both__original,FDE_vs_floor,endpoint,eu-locality-082,859,23.822883122125983,24.253513715154355,1.7755389923535092,107.79588538582226,229.79762677801716,108.48198577750496
floor_both__original,FDE_vs_floor,endpoint,eu-locality-112,3719,44.65426482405875,45.68331959042426,2.252583165127986,168.66020962034,394.2574142197964,169.85900374901303
floor_both__original,FDE_vs_floor,endpoint,eu-locality-126,4579,36.67865724408213,37.293258892704124,1.6480234414220862,171.46528391189617,339.0230904102163,171.97826910961012
floor_both__original,ADE_vs_CV,easy,eu-locality-008,39889,1.6300247966369759,1.791172498853141,8.996771797208003,3.035650860574167,3.4074910337802446,3.2504176960159774
floor_both__original,ADE_vs_CV,easy,eu-locality-020,593,1.253223968051889,1.2706472215919324,1.3712109265240913,3.1058809634637834,3.4635576182980197,3.051349724629029
floor_both__original,ADE_vs_CV,easy,eu-locality-048,1582,1.6249482722324062,1.7551327263969017,7.4173566595017615,3.08991480406743,3.7502350435442273,3.2298308573246963
floor_both__original,ADE_vs_CV,easy,eu-locality-067,1219,1.5818995838314864,1.6528940070695597,4.295158850744474,3.1479878813784223,3.480652568687754,3.222473275402277
floor_both__original,ADE_vs_CV,easy,eu-locality-074,17048,1.9522243420391074,2.0239574238081066,3.5441991479263524,3.3586062285789375,5.629159649112313,3.3016095862663026
floor_both__original,ADE_vs_CV,easy,eu-locality-082,513,1.517535347812425,1.6221340438704122,6.448215328026452,2.984061586701978,3.4065016070252896,3.137173321764387
floor_both__original,ADE_vs_CV,easy,eu-locality-112,571,1.973569015770039,2.110763890677913,6.4997736371078085,3.2618785383107034,3.9100439491929566,3.3318797717711783
floor_both__original,ADE_vs_CV,easy,eu-locality-126,2160,1.3271163176002305,1.4931553251754432,11.120009069096904,2.937492106428995,3.4701725568083637,3.15811922069773
floor_both__stop,ADE_vs_floor,all,eu-locality-008,157961,17.2263494521696,17.466975925577778,1.3776080898801446,60.93675003770371,125.43403462124073,61.24959048903298
floor_both__stop,ADE_vs_floor,all,eu-locality-020,1225,6.426101672196769,6.448501284113131,0.34736151749781286,21.020763749430696,43.524176184662124,20.950455289077674
floor_both__stop,ADE_vs_floor,all,eu-locality-048,8058,24.99555073017434,25.2057165027749,0.833802017004448,85.80471967053724,148.43911878187527,86.31775306667878
floor_both__stop,ADE_vs_floor,all,eu-locality-067,6903,26.93729462684132,27.401641879979564,1.6945964594826335,88.08734144382846,160.9846648617185,88.7408126959883
floor_both__stop,ADE_vs_floor,all,eu-locality-074,102348,18.338643144676595,18.62450223451202,1.5348549251733234,60.832514719760034,125.61521052190585,61.509130432529204
floor_both__stop,ADE_vs_floor,all,eu-locality-082,1368,13.030229525992757,13.174770524047632,1.0971044830803467,50.57497731631109,99.68977167861865,50.57497731631109
floor_both__stop,ADE_vs_floor,all,eu-locality-112,5004,23.311496680808833,23.65488959344297,1.4516783571432268,83.58149871210851,176.7432925302825,83.91872194267576
floor_both__stop,ADE_vs_floor,all,eu-locality-126,5790,18.56414896843217,18.76141831163623,1.0514628474634469,81.8083058627529,151.13785009152224,82.1707199959473
floor_both__stop,ADE_vs_floor,easy,eu-locality-008,39889,1.629964871984259,1.7241720949012762,5.463910661563709,3.035631174573637,3.4075418357895786,3.1033643965504147
floor_both__stop,ADE_vs_floor,easy,eu-locality-020,593,1.253223968051889,1.2736100237440386,1.6006513227825092,3.1058809634637834,3.4635576182980197,3.0839156726310635
floor_both__stop,ADE_vs_floor,easy,eu-locality-048,1582,1.6249482722324062,1.6938727305913583,4.069045868333299,3.08991480406743,3.7502350435442273,3.091778570545298
floor_both__stop,ADE_vs_floor,easy,eu-locality-067,1219,1.5818995838314864,1.611886085015975,1.8603362522477185,3.1479878813784223,3.480652568687754,3.1321490509109946
floor_both__stop,ADE_vs_floor,easy,eu-locality-074,17048,1.9522243420391074,2.009092341676263,2.830531900276345,3.3586062285789375,5.629159649112313,3.3126905574851873
floor_both__stop,ADE_vs_floor,easy,eu-locality-082,513,1.517535347812425,1.578078341351625,3.836501138932369,2.984061586701978,3.4065016070252896,3.0061798004979905
floor_both__stop,ADE_vs_floor,easy,eu-locality-112,571,1.973569015770039,2.024035064897236,2.4933386778928868,3.2618785383107034,3.9100439491929566,3.2155185149690704
floor_both__stop,ADE_vs_floor,easy,eu-locality-126,2160,1.3271163176002305,1.415028582644297,6.212755425744321,2.937492106428995,3.4701725568083637,2.9758368738441074
floor_both__stop,ADE_vs_floor,hard,eu-locality-008,28100,56.99462186035894,57.62387890293079,1.0920074360697862,130.67167096666645,219.69365048384066,132.8382820550419
floor_both__stop,ADE_vs_floor,hard,eu-locality-020,30,43.8408185890737,43.04818478161064,-1.8412711511163637,64.72063289570352,69.65016417684733,64.72063289570352
floor_both__stop,ADE_vs_floor,hard,eu-locality-048,2478,59.519232000665944,60.05940424544668,0.8993966083532867,127.6705045940677,211.76191803930743,129.96960939889047
floor_both__stop,ADE_vs_floor,hard,eu-locality-067,2296,60.065845577445224,61.33773875305253,2.0735899325013962,137.04587330589663,210.41573167431284,137.54280661418298
floor_both__stop,ADE_vs_floor,hard,eu-locality-074,19310,55.79451623093243,56.82896386115632,1.8202824052031552,128.31736205306856,231.35397485851166,129.7771624011152
floor_both__stop,ADE_vs_floor,hard,eu-locality-082,184,52.814339014742565,53.15494887110422,0.6407867255927568,110.41707800047281,199.45076524670506,110.41707800047281
floor_both__stop,ADE_vs_floor,hard,eu-locality-112,1153,66.80873393935553,67.4193884187777,0.905754996810515,170.48331975237295,282.2924395893853,170.91978833603577
floor_both__stop,ADE_vs_floor,hard,eu-locality-126,1110,69.44217784163409,69.8871553107803,0.6367085155597585,153.2366053199402,237.31079754913677,153.2366053199402
floor_both__stop,ADE_vs_floor,complete,eu-locality-008,97352,15.506298412287897,15.768574512732343,1.663283515150149,56.34344470676385,113.70891488429915,56.424237953830755
floor_both__stop,ADE_vs_floor,complete,eu-locality-020,364,6.7544794377828605,6.872005536476916,1.7102154250345336,22.937980186983854,49.70629992513765,22.937980186983854
floor_both__stop,ADE_vs_floor,complete,eu-locality-048,4716,24.67950273884263,24.91504683636528,0.9453889413479244,88.08727981259585,148.93476953887537,88.3433852319625
floor_both__stop,ADE_vs_floor,complete,eu-locality-067,3417,27.601522528390486,28.232630411573602,2.235384638210691,87.81611306924334,159.2669354365236,88.08569753027201
floor_both__stop,ADE_vs_floor,complete,eu-locality-074,67309,17.841495605922614,18.16953654665365,1.8054447337648383,58.63113076344245,124.42527932715154,59.42379356510969
floor_both__stop,ADE_vs_floor,complete,eu-locality-082,582,10.084185342008832,10.222557460893151,1.353595902137683,48.079933354230526,93.25443506324511,46.30650206106486
floor_both__stop,ADE_vs_floor,complete,eu-locality-112,2417,19.51559260535711,19.95082719378455,2.1815365558528477,66.96118973625356,157.72654095861347,68.8472149626773
floor_both__stop,ADE_vs_floor,complete,eu-locality-126,3637,18.041347224200546,18.278461410717412,1.2972327439870646,79.33620099124832,151.5920844545885,79.33620099124832
floor_both__stop,ADE_vs_original,all,eu-locality-008,157961,17.2263494521696,17.22648962321291,0.0008136947594938881,60.93675003770371,125.43403462124073,60.93675003770371
floor_both__stop,ADE_vs_original,all,eu-locality-020,1225,6.426101672196769,6.426101672196769,0.0,21.020763749430696,43.524176184662124,21.020763749430696
floor_both__stop,ADE_vs_original,all,eu-locality-048,8058,24.99555073017434,24.99555073017434,0.0,85.80471967053724,148.43911878187527,85.80471967053724
floor_both__stop,ADE_vs_original,all,eu-locality-067,6903,26.93729462684132,26.93729462684132,0.0,88.08734144382846,160.9846648617185,88.08734144382846
floor_both__stop,ADE_vs_original,all,eu-locality-074,102348,18.338643144676595,18.338643144676595,0.0,60.832514719760034,125.61521052190585,60.832514719760034
floor_both__stop,ADE_vs_original,all,eu-locality-082,1368,13.030229525992757,13.030229525992757,0.0,50.57497731631109,99.68977167861865,50.57497731631109
floor_both__stop,ADE_vs_original,all,eu-locality-112,5004,23.311496680808833,23.311496680808833,0.0,83.58149871210851,176.7432925302825,83.58149871210851
floor_both__stop,ADE_vs_original,all,eu-locality-126,5790,18.56414896843217,18.56414896843217,0.0,81.8083058627529,151.13785009152224,81.8083058627529
floor_both__stop,ADE_vs_original,easy,eu-locality-008,39889,1.629964871984259,1.6300247966369759,0.003676303136035397,3.035631174573637,3.4075418357895786,3.035650860574167
floor_both__stop,ADE_vs_original,easy,eu-locality-020,593,1.253223968051889,1.253223968051889,0.0,3.1058809634637834,3.4635576182980197,3.1058809634637834
floor_both__stop,ADE_vs_original,easy,eu-locality-048,1582,1.6249482722324062,1.6249482722324062,0.0,3.08991480406743,3.7502350435442273,3.08991480406743
floor_both__stop,ADE_vs_original,easy,eu-locality-067,1219,1.5818995838314864,1.5818995838314864,0.0,3.1479878813784223,3.480652568687754,3.1479878813784223
floor_both__stop,ADE_vs_original,easy,eu-locality-074,17048,1.9522243420391074,1.9522243420391074,0.0,3.3586062285789375,5.629159649112313,3.3586062285789375
floor_both__stop,ADE_vs_original,easy,eu-locality-082,513,1.517535347812425,1.517535347812425,0.0,2.984061586701978,3.4065016070252896,2.984061586701978
floor_both__stop,ADE_vs_original,easy,eu-locality-112,571,1.973569015770039,1.973569015770039,0.0,3.2618785383107034,3.9100439491929566,3.2618785383107034
floor_both__stop,ADE_vs_original,easy,eu-locality-126,2160,1.3271163176002305,1.3271163176002305,0.0,2.937492106428995,3.4701725568083637,2.937492106428995
floor_both__stop,ADE_vs_original,hard,eu-locality-008,28100,56.99462186035894,56.995059108118966,0.0007671678332599186,130.67167096666645,219.69365048384066,130.67167096666645
floor_both__stop,ADE_vs_original,hard,eu-locality-020,30,43.8408185890737,43.8408185890737,0.0,64.72063289570352,69.65016417684733,64.72063289570352
floor_both__stop,ADE_vs_original,hard,eu-locality-048,2478,59.519232000665944,59.519232000665944,0.0,127.6705045940677,211.76191803930743,127.6705045940677
floor_both__stop,ADE_vs_original,hard,eu-locality-067,2296,60.065845577445224,60.065845577445224,0.0,137.04587330589663,210.41573167431284,137.04587330589663
floor_both__stop,ADE_vs_original,hard,eu-locality-074,19310,55.79451623093243,55.79451623093243,0.0,128.31736205306856,231.35397485851166,128.31736205306856
floor_both__stop,ADE_vs_original,hard,eu-locality-082,184,52.814339014742565,52.814339014742565,0.0,110.41707800047281,199.45076524670506,110.41707800047281
floor_both__stop,ADE_vs_original,hard,eu-locality-112,1153,66.80873393935553,66.80873393935553,0.0,170.48331975237295,282.2924395893853,170.48331975237295
floor_both__stop,ADE_vs_original,hard,eu-locality-126,1110,69.44217784163409,69.44217784163409,0.0,153.2366053199402,237.31079754913677,153.2366053199402
floor_both__stop,FDE_vs_floor,endpoint,eu-locality-008,121088,33.49508541807329,34.1268805578543,1.851312307053521,129.4825721872423,264.9039959570446,129.9408074196934
floor_both__stop,FDE_vs_floor,endpoint,eu-locality-020,622,14.460197618286735,14.535865331661961,0.5205587121834943,53.963574416924075,102.34943144507893,52.375808020598235
floor_both__stop,FDE_vs_floor,endpoint,eu-locality-048,5582,53.77118516658936,54.312413544533996,0.9965095318418271,200.74529675278757,336.4545610699454,202.36516697858983
floor_both__stop,FDE_vs_floor,endpoint,eu-locality-067,4600,57.6416933175866,58.86831067946084,2.083663260787616,195.19184470752597,381.6312506904558,196.12059702120067
floor_both__stop,FDE_vs_floor,endpoint,eu-locality-074,81289,37.18264123210037,37.93165819072686,1.9746486031807509,129.03500009145984,267.04611095806325,130.65766401607394
floor_both__stop,FDE_vs_floor,endpoint,eu-locality-082,859,23.822883122125983,24.253513715154355,1.7755389923535092,107.79588538582226,229.79762677801716,108.48198577750496
floor_both__stop,FDE_vs_floor,endpoint,eu-locality-112,3719,44.65426482405875,45.68331959042426,2.252583165127986,168.66020962034,394.2574142197964,169.85900374901303
floor_both__stop,FDE_vs_floor,endpoint,eu-locality-126,4579,36.67865724408213,37.293258892704124,1.6480234414220862,171.46528391189617,339.0230904102163,171.97826910961012
floor_both__stop,ADE_vs_CV,easy,eu-locality-008,39889,1.629964871984259,1.791172498853141,9.000117351740311,3.035631174573637,3.4075418357895786,3.2504176960159774
floor_both__stop,ADE_vs_CV,easy,eu-locality-020,593,1.253223968051889,1.2706472215919324,1.3712109265240913,3.1058809634637834,3.4635576182980197,3.051349724629029
floor_both__stop,ADE_vs_CV,easy,eu-locality-048,1582,1.6249482722324062,1.7551327263969017,7.4173566595017615,3.08991480406743,3.7502350435442273,3.2298308573246963
floor_both__stop,ADE_vs_CV,easy,eu-locality-067,1219,1.5818995838314864,1.6528940070695597,4.295158850744474,3.1479878813784223,3.480652568687754,3.222473275402277
floor_both__stop,ADE_vs_CV,easy,eu-locality-074,17048,1.9522243420391074,2.0239574238081066,3.5441991479263524,3.3586062285789375,5.629159649112313,3.3016095862663026
floor_both__stop,ADE_vs_CV,easy,eu-locality-082,513,1.517535347812425,1.6221340438704122,6.448215328026452,2.984061586701978,3.4065016070252896,3.137173321764387
floor_both__stop,ADE_vs_CV,easy,eu-locality-112,571,1.973569015770039,2.110763890677913,6.4997736371078085,3.2618785383107034,3.9100439491929566,3.3318797717711783
floor_both__stop,ADE_vs_CV,easy,eu-locality-126,2160,1.3271163176002305,1.4931553251754432,11.120009069096904,2.937492106428995,3.4701725568083637,3.15811922069773
floor_both__stop,matched_risk,all,eu-locality-008,157961,17.2263494521696,17.2263494521696,0.0,60.93675003770371,125.43403462124073,60.93675003770371
floor_both__stop,matched_risk,all,eu-locality-020,1225,6.426101672196769,6.426101672196769,0.0,21.020763749430696,43.524176184662124,21.020763749430696
floor_both__stop,matched_risk,all,eu-locality-048,8058,24.99555073017434,24.99555073017434,0.0,85.80471967053724,148.43911878187527,85.80471967053724
floor_both__stop,matched_risk,all,eu-locality-067,6903,26.93729462684132,26.93729462684132,0.0,88.08734144382846,160.9846648617185,88.08734144382846
floor_both__stop,matched_risk,all,eu-locality-074,102348,18.338643144676595,18.338643144676595,0.0,60.832514719760034,125.61521052190585,60.832514719760034
floor_both__stop,matched_risk,all,eu-locality-082,1368,13.030229525992757,13.030229525992757,0.0,50.57497731631109,99.68977167861865,50.57497731631109
floor_both__stop,matched_risk,all,eu-locality-112,5004,23.311496680808833,23.311496680808833,0.0,83.58149871210851,176.7432925302825,83.58149871210851
floor_both__stop,matched_risk,all,eu-locality-126,5790,18.56414896843217,18.56414896843217,0.0,81.8083058627529,151.13785009152224,81.8083058627529
floor_both__stop,matched_risk,easy,eu-locality-008,39889,1.629964871984259,1.629964871984259,0.0,3.035631174573637,3.4075418357895786,3.035631174573637
floor_both__stop,matched_risk,easy,eu-locality-020,593,1.253223968051889,1.253223968051889,0.0,3.1058809634637834,3.4635576182980197,3.1058809634637834
floor_both__stop,matched_risk,easy,eu-locality-048,1582,1.6249482722324062,1.6249482722324062,0.0,3.08991480406743,3.7502350435442273,3.08991480406743
floor_both__stop,matched_risk,easy,eu-locality-067,1219,1.5818995838314864,1.5818995838314864,0.0,3.1479878813784223,3.480652568687754,3.1479878813784223
floor_both__stop,matched_risk,easy,eu-locality-074,17048,1.9522243420391074,1.9522243420391074,0.0,3.3586062285789375,5.629159649112313,3.3586062285789375
floor_both__stop,matched_risk,easy,eu-locality-082,513,1.517535347812425,1.517535347812425,0.0,2.984061586701978,3.4065016070252896,2.984061586701978
floor_both__stop,matched_risk,easy,eu-locality-112,571,1.973569015770039,1.973569015770039,0.0,3.2618785383107034,3.9100439491929566,3.2618785383107034
floor_both__stop,matched_risk,easy,eu-locality-126,2160,1.3271163176002305,1.3271163176002305,0.0,2.937492106428995,3.4701725568083637,2.937492106428995
floor_both__stop,matched_risk,hard,eu-locality-008,28100,56.99462186035894,56.99462186035894,0.0,130.67167096666645,219.69365048384066,130.67167096666645
floor_both__stop,matched_risk,hard,eu-locality-020,30,43.8408185890737,43.8408185890737,0.0,64.72063289570352,69.65016417684733,64.72063289570352
floor_both__stop,matched_risk,hard,eu-locality-048,2478,59.519232000665944,59.519232000665944,0.0,127.6705045940677,211.76191803930743,127.6705045940677
floor_both__stop,matched_risk,hard,eu-locality-067,2296,60.065845577445224,60.065845577445224,0.0,137.04587330589663,210.41573167431284,137.04587330589663
floor_both__stop,matched_risk,hard,eu-locality-074,19310,55.79451623093243,55.79451623093243,0.0,128.31736205306856,231.35397485851166,128.31736205306856
floor_both__stop,matched_risk,hard,eu-locality-082,184,52.814339014742565,52.814339014742565,0.0,110.41707800047281,199.45076524670506,110.41707800047281
floor_both__stop,matched_risk,hard,eu-locality-112,1153,66.80873393935553,66.80873393935553,0.0,170.48331975237295,282.2924395893853,170.48331975237295
floor_both__stop,matched_risk,hard,eu-locality-126,1110,69.44217784163409,69.44217784163409,0.0,153.2366053199402,237.31079754913677,153.2366053199402
floor_both__stop,matched_risk,complete,eu-locality-008,97352,15.506298412287897,15.506298412287897,0.0,56.34344470676385,113.70891488429915,56.34344470676385
floor_both__stop,matched_risk,complete,eu-locality-020,364,6.7544794377828605,6.7544794377828605,0.0,22.937980186983854,49.70629992513765,22.937980186983854
floor_both__stop,matched_risk,complete,eu-locality-048,4716,24.67950273884263,24.67950273884263,0.0,88.08727981259585,148.93476953887537,88.08727981259585
floor_both__stop,matched_risk,complete,eu-locality-067,3417,27.601522528390486,27.601522528390486,0.0,87.81611306924334,159.2669354365236,87.81611306924334
floor_both__stop,matched_risk,complete,eu-locality-074,67309,17.841495605922614,17.841495605922614,0.0,58.63113076344245,124.42527932715154,58.63113076344245
floor_both__stop,matched_risk,complete,eu-locality-082,582,10.084185342008832,10.084185342008832,0.0,48.079933354230526,93.25443506324511,48.079933354230526
floor_both__stop,matched_risk,complete,eu-locality-112,2417,19.51559260535711,19.51559260535711,0.0,66.96118973625356,157.72654095861347,66.96118973625356
floor_both__stop,matched_risk,complete,eu-locality-126,3637,18.041347224200546,18.041347224200546,0.0,79.33620099124832,151.5920844545885,79.33620099124832
floor_both__stop,matched_random,all,eu-locality-008,157961,17.2263494521696,17.2263494521696,0.0,60.93675003770371,125.43403462124073,60.93675003770371
floor_both__stop,matched_random,all,eu-locality-020,1225,6.426101672196769,6.426101672196769,0.0,21.020763749430696,43.524176184662124,21.020763749430696
floor_both__stop,matched_random,all,eu-locality-048,8058,24.99555073017434,24.99555073017434,0.0,85.80471967053724,148.43911878187527,85.80471967053724
floor_both__stop,matched_random,all,eu-locality-067,6903,26.93729462684132,26.93729462684132,0.0,88.08734144382846,160.9846648617185,88.08734144382846
floor_both__stop,matched_random,all,eu-locality-074,102348,18.338643144676595,18.338643144676595,0.0,60.832514719760034,125.61521052190585,60.832514719760034
floor_both__stop,matched_random,all,eu-locality-082,1368,13.030229525992757,13.030229525992757,0.0,50.57497731631109,99.68977167861865,50.57497731631109
floor_both__stop,matched_random,all,eu-locality-112,5004,23.311496680808833,23.311496680808833,0.0,83.58149871210851,176.7432925302825,83.58149871210851
floor_both__stop,matched_random,all,eu-locality-126,5790,18.56414896843217,18.56414896843217,0.0,81.8083058627529,151.13785009152224,81.8083058627529
floor_both__stop,matched_random,easy,eu-locality-008,39889,1.629964871984259,1.629964871984259,0.0,3.035631174573637,3.4075418357895786,3.035631174573637
floor_both__stop,matched_random,easy,eu-locality-020,593,1.253223968051889,1.253223968051889,0.0,3.1058809634637834,3.4635576182980197,3.1058809634637834
floor_both__stop,matched_random,easy,eu-locality-048,1582,1.6249482722324062,1.6249482722324062,0.0,3.08991480406743,3.7502350435442273,3.08991480406743
floor_both__stop,matched_random,easy,eu-locality-067,1219,1.5818995838314864,1.5818995838314864,0.0,3.1479878813784223,3.480652568687754,3.1479878813784223
floor_both__stop,matched_random,easy,eu-locality-074,17048,1.9522243420391074,1.9522243420391074,0.0,3.3586062285789375,5.629159649112313,3.3586062285789375
floor_both__stop,matched_random,easy,eu-locality-082,513,1.517535347812425,1.517535347812425,0.0,2.984061586701978,3.4065016070252896,2.984061586701978
floor_both__stop,matched_random,easy,eu-locality-112,571,1.973569015770039,1.973569015770039,0.0,3.2618785383107034,3.9100439491929566,3.2618785383107034
floor_both__stop,matched_random,easy,eu-locality-126,2160,1.3271163176002305,1.3271163176002305,0.0,2.937492106428995,3.4701725568083637,2.937492106428995
floor_both__stop,matched_random,hard,eu-locality-008,28100,56.99462186035894,56.99462186035894,0.0,130.67167096666645,219.69365048384066,130.67167096666645
floor_both__stop,matched_random,hard,eu-locality-020,30,43.8408185890737,43.8408185890737,0.0,64.72063289570352,69.65016417684733,64.72063289570352
floor_both__stop,matched_random,hard,eu-locality-048,2478,59.519232000665944,59.519232000665944,0.0,127.6705045940677,211.76191803930743,127.6705045940677
floor_both__stop,matched_random,hard,eu-locality-067,2296,60.065845577445224,60.065845577445224,0.0,137.04587330589663,210.41573167431284,137.04587330589663
floor_both__stop,matched_random,hard,eu-locality-074,19310,55.79451623093243,55.79451623093243,0.0,128.31736205306856,231.35397485851166,128.31736205306856
floor_both__stop,matched_random,hard,eu-locality-082,184,52.814339014742565,52.814339014742565,0.0,110.41707800047281,199.45076524670506,110.41707800047281
floor_both__stop,matched_random,hard,eu-locality-112,1153,66.80873393935553,66.80873393935553,0.0,170.48331975237295,282.2924395893853,170.48331975237295
floor_both__stop,matched_random,hard,eu-locality-126,1110,69.44217784163409,69.44217784163409,0.0,153.2366053199402,237.31079754913677,153.2366053199402
floor_both__stop,matched_random,complete,eu-locality-008,97352,15.506298412287897,15.506298412287897,0.0,56.34344470676385,113.70891488429915,56.34344470676385
floor_both__stop,matched_random,complete,eu-locality-020,364,6.7544794377828605,6.7544794377828605,0.0,22.937980186983854,49.70629992513765,22.937980186983854
floor_both__stop,matched_random,complete,eu-locality-048,4716,24.67950273884263,24.67950273884263,0.0,88.08727981259585,148.93476953887537,88.08727981259585
floor_both__stop,matched_random,complete,eu-locality-067,3417,27.601522528390486,27.601522528390486,0.0,87.81611306924334,159.2669354365236,87.81611306924334
floor_both__stop,matched_random,complete,eu-locality-074,67309,17.841495605922614,17.841495605922614,0.0,58.63113076344245,124.42527932715154,58.63113076344245
floor_both__stop,matched_random,complete,eu-locality-082,582,10.084185342008832,10.084185342008832,0.0,48.079933354230526,93.25443506324511,48.079933354230526
floor_both__stop,matched_random,complete,eu-locality-112,2417,19.51559260535711,19.51559260535711,0.0,66.96118973625356,157.72654095861347,66.96118973625356
floor_both__stop,matched_random,complete,eu-locality-126,3637,18.041347224200546,18.041347224200546,0.0,79.33620099124832,151.5920844545885,79.33620099124832
floor_both__stop_risk,ADE_vs_floor,all,eu-locality-008,157961,17.2263494521696,17.466975925577778,1.3776080898801446,60.93675003770371,125.43403462124073,61.24959048903298
floor_both__stop_risk,ADE_vs_floor,all,eu-locality-020,1225,6.426101672196769,6.448501284113131,0.34736151749781286,21.020763749430696,43.524176184662124,20.950455289077674
floor_both__stop_risk,ADE_vs_floor,all,eu-locality-048,8058,24.99555073017434,25.2057165027749,0.833802017004448,85.80471967053724,148.43911878187527,86.31775306667878
floor_both__stop_risk,ADE_vs_floor,all,eu-locality-067,6903,26.93729462684132,27.401641879979564,1.6945964594826335,88.08734144382846,160.9846648617185,88.7408126959883
floor_both__stop_risk,ADE_vs_floor,all,eu-locality-074,102348,18.338643144676595,18.62450223451202,1.5348549251733234,60.832514719760034,125.61521052190585,61.509130432529204
floor_both__stop_risk,ADE_vs_floor,all,eu-locality-082,1368,13.030229525992757,13.174770524047632,1.0971044830803467,50.57497731631109,99.68977167861865,50.57497731631109
floor_both__stop_risk,ADE_vs_floor,all,eu-locality-112,5004,23.311496680808833,23.65488959344297,1.4516783571432268,83.58149871210851,176.7432925302825,83.91872194267576
floor_both__stop_risk,ADE_vs_floor,all,eu-locality-126,5790,18.56414896843217,18.76141831163623,1.0514628474634469,81.8083058627529,151.13785009152224,82.1707199959473
floor_both__stop_risk,ADE_vs_floor,easy,eu-locality-008,39889,1.629964871984259,1.7241720949012762,5.463910661563709,3.035631174573637,3.4075418357895786,3.1033643965504147
floor_both__stop_risk,ADE_vs_floor,easy,eu-locality-020,593,1.253223968051889,1.2736100237440386,1.6006513227825092,3.1058809634637834,3.4635576182980197,3.0839156726310635
floor_both__stop_risk,ADE_vs_floor,easy,eu-locality-048,1582,1.6249482722324062,1.6938727305913583,4.069045868333299,3.08991480406743,3.7502350435442273,3.091778570545298
floor_both__stop_risk,ADE_vs_floor,easy,eu-locality-067,1219,1.5818995838314864,1.611886085015975,1.8603362522477185,3.1479878813784223,3.480652568687754,3.1321490509109946
floor_both__stop_risk,ADE_vs_floor,easy,eu-locality-074,17048,1.9522243420391074,2.009092341676263,2.830531900276345,3.3586062285789375,5.629159649112313,3.3126905574851873
floor_both__stop_risk,ADE_vs_floor,easy,eu-locality-082,513,1.517535347812425,1.578078341351625,3.836501138932369,2.984061586701978,3.4065016070252896,3.0061798004979905
floor_both__stop_risk,ADE_vs_floor,easy,eu-locality-112,571,1.973569015770039,2.024035064897236,2.4933386778928868,3.2618785383107034,3.9100439491929566,3.2155185149690704
floor_both__stop_risk,ADE_vs_floor,easy,eu-locality-126,2160,1.3271163176002305,1.415028582644297,6.212755425744321,2.937492106428995,3.4701725568083637,2.9758368738441074
floor_both__stop_risk,ADE_vs_floor,hard,eu-locality-008,28100,56.99462186035894,57.62387890293079,1.0920074360697862,130.67167096666645,219.69365048384066,132.8382820550419
floor_both__stop_risk,ADE_vs_floor,hard,eu-locality-020,30,43.8408185890737,43.04818478161064,-1.8412711511163637,64.72063289570352,69.65016417684733,64.72063289570352
floor_both__stop_risk,ADE_vs_floor,hard,eu-locality-048,2478,59.519232000665944,60.05940424544668,0.8993966083532867,127.6705045940677,211.76191803930743,129.96960939889047
floor_both__stop_risk,ADE_vs_floor,hard,eu-locality-067,2296,60.065845577445224,61.33773875305253,2.0735899325013962,137.04587330589663,210.41573167431284,137.54280661418298
floor_both__stop_risk,ADE_vs_floor,hard,eu-locality-074,19310,55.79451623093243,56.82896386115632,1.8202824052031552,128.31736205306856,231.35397485851166,129.7771624011152
floor_both__stop_risk,ADE_vs_floor,hard,eu-locality-082,184,52.814339014742565,53.15494887110422,0.6407867255927568,110.41707800047281,199.45076524670506,110.41707800047281
floor_both__stop_risk,ADE_vs_floor,hard,eu-locality-112,1153,66.80873393935553,67.4193884187777,0.905754996810515,170.48331975237295,282.2924395893853,170.91978833603577
floor_both__stop_risk,ADE_vs_floor,hard,eu-locality-126,1110,69.44217784163409,69.8871553107803,0.6367085155597585,153.2366053199402,237.31079754913677,153.2366053199402
floor_both__stop_risk,ADE_vs_floor,complete,eu-locality-008,97352,15.506298412287897,15.768574512732343,1.663283515150149,56.34344470676385,113.70891488429915,56.424237953830755
floor_both__stop_risk,ADE_vs_floor,complete,eu-locality-020,364,6.7544794377828605,6.872005536476916,1.7102154250345336,22.937980186983854,49.70629992513765,22.937980186983854
floor_both__stop_risk,ADE_vs_floor,complete,eu-locality-048,4716,24.67950273884263,24.91504683636528,0.9453889413479244,88.08727981259585,148.93476953887537,88.3433852319625
floor_both__stop_risk,ADE_vs_floor,complete,eu-locality-067,3417,27.601522528390486,28.232630411573602,2.235384638210691,87.81611306924334,159.2669354365236,88.08569753027201
floor_both__stop_risk,ADE_vs_floor,complete,eu-locality-074,67309,17.841495605922614,18.16953654665365,1.8054447337648383,58.63113076344245,124.42527932715154,59.42379356510969
floor_both__stop_risk,ADE_vs_floor,complete,eu-locality-082,582,10.084185342008832,10.222557460893151,1.353595902137683,48.079933354230526,93.25443506324511,46.30650206106486
floor_both__stop_risk,ADE_vs_floor,complete,eu-locality-112,2417,19.51559260535711,19.95082719378455,2.1815365558528477,66.96118973625356,157.72654095861347,68.8472149626773
floor_both__stop_risk,ADE_vs_floor,complete,eu-locality-126,3637,18.041347224200546,18.278461410717412,1.2972327439870646,79.33620099124832,151.5920844545885,79.33620099124832
floor_both__stop_risk,ADE_vs_original,all,eu-locality-008,157961,17.2263494521696,17.22648962321291,0.0008136947594938881,60.93675003770371,125.43403462124073,60.93675003770371
floor_both__stop_risk,ADE_vs_original,all,eu-locality-020,1225,6.426101672196769,6.426101672196769,0.0,21.020763749430696,43.524176184662124,21.020763749430696
floor_both__stop_risk,ADE_vs_original,all,eu-locality-048,8058,24.99555073017434,24.99555073017434,0.0,85.80471967053724,148.43911878187527,85.80471967053724
floor_both__stop_risk,ADE_vs_original,all,eu-locality-067,6903,26.93729462684132,26.93729462684132,0.0,88.08734144382846,160.9846648617185,88.08734144382846
floor_both__stop_risk,ADE_vs_original,all,eu-locality-074,102348,18.338643144676595,18.338643144676595,0.0,60.832514719760034,125.61521052190585,60.832514719760034
floor_both__stop_risk,ADE_vs_original,all,eu-locality-082,1368,13.030229525992757,13.030229525992757,0.0,50.57497731631109,99.68977167861865,50.57497731631109
floor_both__stop_risk,ADE_vs_original,all,eu-locality-112,5004,23.311496680808833,23.311496680808833,0.0,83.58149871210851,176.7432925302825,83.58149871210851
floor_both__stop_risk,ADE_vs_original,all,eu-locality-126,5790,18.56414896843217,18.56414896843217,0.0,81.8083058627529,151.13785009152224,81.8083058627529
floor_both__stop_risk,ADE_vs_original,easy,eu-locality-008,39889,1.629964871984259,1.6300247966369759,0.003676303136035397,3.035631174573637,3.4075418357895786,3.035650860574167
floor_both__stop_risk,ADE_vs_original,easy,eu-locality-020,593,1.253223968051889,1.253223968051889,0.0,3.1058809634637834,3.4635576182980197,3.1058809634637834
floor_both__stop_risk,ADE_vs_original,easy,eu-locality-048,1582,1.6249482722324062,1.6249482722324062,0.0,3.08991480406743,3.7502350435442273,3.08991480406743
floor_both__stop_risk,ADE_vs_original,easy,eu-locality-067,1219,1.5818995838314864,1.5818995838314864,0.0,3.1479878813784223,3.480652568687754,3.1479878813784223
floor_both__stop_risk,ADE_vs_original,easy,eu-locality-074,17048,1.9522243420391074,1.9522243420391074,0.0,3.3586062285789375,5.629159649112313,3.3586062285789375
floor_both__stop_risk,ADE_vs_original,easy,eu-locality-082,513,1.517535347812425,1.517535347812425,0.0,2.984061586701978,3.4065016070252896,2.984061586701978
floor_both__stop_risk,ADE_vs_original,easy,eu-locality-112,571,1.973569015770039,1.973569015770039,0.0,3.2618785383107034,3.9100439491929566,3.2618785383107034
floor_both__stop_risk,ADE_vs_original,easy,eu-locality-126,2160,1.3271163176002305,1.3271163176002305,0.0,2.937492106428995,3.4701725568083637,2.937492106428995
floor_both__stop_risk,ADE_vs_original,hard,eu-locality-008,28100,56.99462186035894,56.995059108118966,0.0007671678332599186,130.67167096666645,219.69365048384066,130.67167096666645
floor_both__stop_risk,ADE_vs_original,hard,eu-locality-020,30,43.8408185890737,43.8408185890737,0.0,64.72063289570352,69.65016417684733,64.72063289570352
floor_both__stop_risk,ADE_vs_original,hard,eu-locality-048,2478,59.519232000665944,59.519232000665944,0.0,127.6705045940677,211.76191803930743,127.6705045940677
floor_both__stop_risk,ADE_vs_original,hard,eu-locality-067,2296,60.065845577445224,60.065845577445224,0.0,137.04587330589663,210.41573167431284,137.04587330589663
floor_both__stop_risk,ADE_vs_original,hard,eu-locality-074,19310,55.79451623093243,55.79451623093243,0.0,128.31736205306856,231.35397485851166,128.31736205306856
floor_both__stop_risk,ADE_vs_original,hard,eu-locality-082,184,52.814339014742565,52.814339014742565,0.0,110.41707800047281,199.45076524670506,110.41707800047281
floor_both__stop_risk,ADE_vs_original,hard,eu-locality-112,1153,66.80873393935553,66.80873393935553,0.0,170.48331975237295,282.2924395893853,170.48331975237295
floor_both__stop_risk,ADE_vs_original,hard,eu-locality-126,1110,69.44217784163409,69.44217784163409,0.0,153.2366053199402,237.31079754913677,153.2366053199402
floor_both__stop_risk,FDE_vs_floor,endpoint,eu-locality-008,121088,33.49508541807329,34.1268805578543,1.851312307053521,129.4825721872423,264.9039959570446,129.9408074196934
floor_both__stop_risk,FDE_vs_floor,endpoint,eu-locality-020,622,14.460197618286735,14.535865331661961,0.5205587121834943,53.963574416924075,102.34943144507893,52.375808020598235
floor_both__stop_risk,FDE_vs_floor,endpoint,eu-locality-048,5582,53.77118516658936,54.312413544533996,0.9965095318418271,200.74529675278757,336.4545610699454,202.36516697858983
floor_both__stop_risk,FDE_vs_floor,endpoint,eu-locality-067,4600,57.6416933175866,58.86831067946084,2.083663260787616,195.19184470752597,381.6312506904558,196.12059702120067
floor_both__stop_risk,FDE_vs_floor,endpoint,eu-locality-074,81289,37.18264123210037,37.93165819072686,1.9746486031807509,129.03500009145984,267.04611095806325,130.65766401607394
floor_both__stop_risk,FDE_vs_floor,endpoint,eu-locality-082,859,23.822883122125983,24.253513715154355,1.7755389923535092,107.79588538582226,229.79762677801716,108.48198577750496
floor_both__stop_risk,FDE_vs_floor,endpoint,eu-locality-112,3719,44.65426482405875,45.68331959042426,2.252583165127986,168.66020962034,394.2574142197964,169.85900374901303
floor_both__stop_risk,FDE_vs_floor,endpoint,eu-locality-126,4579,36.67865724408213,37.293258892704124,1.6480234414220862,171.46528391189617,339.0230904102163,171.97826910961012
floor_both__stop_risk,ADE_vs_CV,easy,eu-locality-008,39889,1.629964871984259,1.791172498853141,9.000117351740311,3.035631174573637,3.4075418357895786,3.2504176960159774
floor_both__stop_risk,ADE_vs_CV,easy,eu-locality-020,593,1.253223968051889,1.2706472215919324,1.3712109265240913,3.1058809634637834,3.4635576182980197,3.051349724629029
floor_both__stop_risk,ADE_vs_CV,easy,eu-locality-048,1582,1.6249482722324062,1.7551327263969017,7.4173566595017615,3.08991480406743,3.7502350435442273,3.2298308573246963
floor_both__stop_risk,ADE_vs_CV,easy,eu-locality-067,1219,1.5818995838314864,1.6528940070695597,4.295158850744474,3.1479878813784223,3.480652568687754,3.222473275402277
floor_both__stop_risk,ADE_vs_CV,easy,eu-locality-074,17048,1.9522243420391074,2.0239574238081066,3.5441991479263524,3.3586062285789375,5.629159649112313,3.3016095862663026
floor_both__stop_risk,ADE_vs_CV,easy,eu-locality-082,513,1.517535347812425,1.6221340438704122,6.448215328026452,2.984061586701978,3.4065016070252896,3.137173321764387
floor_both__stop_risk,ADE_vs_CV,easy,eu-locality-112,571,1.973569015770039,2.110763890677913,6.4997736371078085,3.2618785383107034,3.9100439491929566,3.3318797717711783
floor_both__stop_risk,ADE_vs_CV,easy,eu-locality-126,2160,1.3271163176002305,1.4931553251754432,11.120009069096904,2.937492106428995,3.4701725568083637,3.15811922069773
floor_both__stop_random,ADE_vs_floor,all,eu-locality-008,157961,17.2263494521696,17.466975925577778,1.3776080898801446,60.93675003770371,125.43403462124073,61.24959048903298
floor_both__stop_random,ADE_vs_floor,all,eu-locality-020,1225,6.426101672196769,6.448501284113131,0.34736151749781286,21.020763749430696,43.524176184662124,20.950455289077674
floor_both__stop_random,ADE_vs_floor,all,eu-locality-048,8058,24.99555073017434,25.2057165027749,0.833802017004448,85.80471967053724,148.43911878187527,86.31775306667878
floor_both__stop_random,ADE_vs_floor,all,eu-locality-067,6903,26.93729462684132,27.401641879979564,1.6945964594826335,88.08734144382846,160.9846648617185,88.7408126959883
floor_both__stop_random,ADE_vs_floor,all,eu-locality-074,102348,18.338643144676595,18.62450223451202,1.5348549251733234,60.832514719760034,125.61521052190585,61.509130432529204
floor_both__stop_random,ADE_vs_floor,all,eu-locality-082,1368,13.030229525992757,13.174770524047632,1.0971044830803467,50.57497731631109,99.68977167861865,50.57497731631109
floor_both__stop_random,ADE_vs_floor,all,eu-locality-112,5004,23.311496680808833,23.65488959344297,1.4516783571432268,83.58149871210851,176.7432925302825,83.91872194267576
floor_both__stop_random,ADE_vs_floor,all,eu-locality-126,5790,18.56414896843217,18.76141831163623,1.0514628474634469,81.8083058627529,151.13785009152224,82.1707199959473
floor_both__stop_random,ADE_vs_floor,easy,eu-locality-008,39889,1.629964871984259,1.7241720949012762,5.463910661563709,3.035631174573637,3.4075418357895786,3.1033643965504147
floor_both__stop_random,ADE_vs_floor,easy,eu-locality-020,593,1.253223968051889,1.2736100237440386,1.6006513227825092,3.1058809634637834,3.4635576182980197,3.0839156726310635
floor_both__stop_random,ADE_vs_floor,easy,eu-locality-048,1582,1.6249482722324062,1.6938727305913583,4.069045868333299,3.08991480406743,3.7502350435442273,3.091778570545298
floor_both__stop_random,ADE_vs_floor,easy,eu-locality-067,1219,1.5818995838314864,1.611886085015975,1.8603362522477185,3.1479878813784223,3.480652568687754,3.1321490509109946
floor_both__stop_random,ADE_vs_floor,easy,eu-locality-074,17048,1.9522243420391074,2.009092341676263,2.830531900276345,3.3586062285789375,5.629159649112313,3.3126905574851873
floor_both__stop_random,ADE_vs_floor,easy,eu-locality-082,513,1.517535347812425,1.578078341351625,3.836501138932369,2.984061586701978,3.4065016070252896,3.0061798004979905
floor_both__stop_random,ADE_vs_floor,easy,eu-locality-112,571,1.973569015770039,2.024035064897236,2.4933386778928868,3.2618785383107034,3.9100439491929566,3.2155185149690704
floor_both__stop_random,ADE_vs_floor,easy,eu-locality-126,2160,1.3271163176002305,1.415028582644297,6.212755425744321,2.937492106428995,3.4701725568083637,2.9758368738441074
floor_both__stop_random,ADE_vs_floor,hard,eu-locality-008,28100,56.99462186035894,57.62387890293079,1.0920074360697862,130.67167096666645,219.69365048384066,132.8382820550419
floor_both__stop_random,ADE_vs_floor,hard,eu-locality-020,30,43.8408185890737,43.04818478161064,-1.8412711511163637,64.72063289570352,69.65016417684733,64.72063289570352
floor_both__stop_random,ADE_vs_floor,hard,eu-locality-048,2478,59.519232000665944,60.05940424544668,0.8993966083532867,127.6705045940677,211.76191803930743,129.96960939889047
floor_both__stop_random,ADE_vs_floor,hard,eu-locality-067,2296,60.065845577445224,61.33773875305253,2.0735899325013962,137.04587330589663,210.41573167431284,137.54280661418298
floor_both__stop_random,ADE_vs_floor,hard,eu-locality-074,19310,55.79451623093243,56.82896386115632,1.8202824052031552,128.31736205306856,231.35397485851166,129.7771624011152
floor_both__stop_random,ADE_vs_floor,hard,eu-locality-082,184,52.814339014742565,53.15494887110422,0.6407867255927568,110.41707800047281,199.45076524670506,110.41707800047281
floor_both__stop_random,ADE_vs_floor,hard,eu-locality-112,1153,66.80873393935553,67.4193884187777,0.905754996810515,170.48331975237295,282.2924395893853,170.91978833603577
floor_both__stop_random,ADE_vs_floor,hard,eu-locality-126,1110,69.44217784163409,69.8871553107803,0.6367085155597585,153.2366053199402,237.31079754913677,153.2366053199402
floor_both__stop_random,ADE_vs_floor,complete,eu-locality-008,97352,15.506298412287897,15.768574512732343,1.663283515150149,56.34344470676385,113.70891488429915,56.424237953830755
floor_both__stop_random,ADE_vs_floor,complete,eu-locality-020,364,6.7544794377828605,6.872005536476916,1.7102154250345336,22.937980186983854,49.70629992513765,22.937980186983854
floor_both__stop_random,ADE_vs_floor,complete,eu-locality-048,4716,24.67950273884263,24.91504683636528,0.9453889413479244,88.08727981259585,148.93476953887537,88.3433852319625
floor_both__stop_random,ADE_vs_floor,complete,eu-locality-067,3417,27.601522528390486,28.232630411573602,2.235384638210691,87.81611306924334,159.2669354365236,88.08569753027201
floor_both__stop_random,ADE_vs_floor,complete,eu-locality-074,67309,17.841495605922614,18.16953654665365,1.8054447337648383,58.63113076344245,124.42527932715154,59.42379356510969
floor_both__stop_random,ADE_vs_floor,complete,eu-locality-082,582,10.084185342008832,10.222557460893151,1.353595902137683,48.079933354230526,93.25443506324511,46.30650206106486
floor_both__stop_random,ADE_vs_floor,complete,eu-locality-112,2417,19.51559260535711,19.95082719378455,2.1815365558528477,66.96118973625356,157.72654095861347,68.8472149626773
floor_both__stop_random,ADE_vs_floor,complete,eu-locality-126,3637,18.041347224200546,18.278461410717412,1.2972327439870646,79.33620099124832,151.5920844545885,79.33620099124832
floor_both__stop_random,ADE_vs_original,all,eu-locality-008,157961,17.2263494521696,17.22648962321291,0.0008136947594938881,60.93675003770371,125.43403462124073,60.93675003770371
floor_both__stop_random,ADE_vs_original,all,eu-locality-020,1225,6.426101672196769,6.426101672196769,0.0,21.020763749430696,43.524176184662124,21.020763749430696
floor_both__stop_random,ADE_vs_original,all,eu-locality-048,8058,24.99555073017434,24.99555073017434,0.0,85.80471967053724,148.43911878187527,85.80471967053724
floor_both__stop_random,ADE_vs_original,all,eu-locality-067,6903,26.93729462684132,26.93729462684132,0.0,88.08734144382846,160.9846648617185,88.08734144382846
floor_both__stop_random,ADE_vs_original,all,eu-locality-074,102348,18.338643144676595,18.338643144676595,0.0,60.832514719760034,125.61521052190585,60.832514719760034
floor_both__stop_random,ADE_vs_original,all,eu-locality-082,1368,13.030229525992757,13.030229525992757,0.0,50.57497731631109,99.68977167861865,50.57497731631109
floor_both__stop_random,ADE_vs_original,all,eu-locality-112,5004,23.311496680808833,23.311496680808833,0.0,83.58149871210851,176.7432925302825,83.58149871210851
floor_both__stop_random,ADE_vs_original,all,eu-locality-126,5790,18.56414896843217,18.56414896843217,0.0,81.8083058627529,151.13785009152224,81.8083058627529
floor_both__stop_random,ADE_vs_original,easy,eu-locality-008,39889,1.629964871984259,1.6300247966369759,0.003676303136035397,3.035631174573637,3.4075418357895786,3.035650860574167
floor_both__stop_random,ADE_vs_original,easy,eu-locality-020,593,1.253223968051889,1.253223968051889,0.0,3.1058809634637834,3.4635576182980197,3.1058809634637834
floor_both__stop_random,ADE_vs_original,easy,eu-locality-048,1582,1.6249482722324062,1.6249482722324062,0.0,3.08991480406743,3.7502350435442273,3.08991480406743
floor_both__stop_random,ADE_vs_original,easy,eu-locality-067,1219,1.5818995838314864,1.5818995838314864,0.0,3.1479878813784223,3.480652568687754,3.1479878813784223
floor_both__stop_random,ADE_vs_original,easy,eu-locality-074,17048,1.9522243420391074,1.9522243420391074,0.0,3.3586062285789375,5.629159649112313,3.3586062285789375
floor_both__stop_random,ADE_vs_original,easy,eu-locality-082,513,1.517535347812425,1.517535347812425,0.0,2.984061586701978,3.4065016070252896,2.984061586701978
floor_both__stop_random,ADE_vs_original,easy,eu-locality-112,571,1.973569015770039,1.973569015770039,0.0,3.2618785383107034,3.9100439491929566,3.2618785383107034
floor_both__stop_random,ADE_vs_original,easy,eu-locality-126,2160,1.3271163176002305,1.3271163176002305,0.0,2.937492106428995,3.4701725568083637,2.937492106428995
floor_both__stop_random,ADE_vs_original,hard,eu-locality-008,28100,56.99462186035894,56.995059108118966,0.0007671678332599186,130.67167096666645,219.69365048384066,130.67167096666645
floor_both__stop_random,ADE_vs_original,hard,eu-locality-020,30,43.8408185890737,43.8408185890737,0.0,64.72063289570352,69.65016417684733,64.72063289570352
floor_both__stop_random,ADE_vs_original,hard,eu-locality-048,2478,59.519232000665944,59.519232000665944,0.0,127.6705045940677,211.76191803930743,127.6705045940677
floor_both__stop_random,ADE_vs_original,hard,eu-locality-067,2296,60.065845577445224,60.065845577445224,0.0,137.04587330589663,210.41573167431284,137.04587330589663
floor_both__stop_random,ADE_vs_original,hard,eu-locality-074,19310,55.79451623093243,55.79451623093243,0.0,128.31736205306856,231.35397485851166,128.31736205306856
floor_both__stop_random,ADE_vs_original,hard,eu-locality-082,184,52.814339014742565,52.814339014742565,0.0,110.41707800047281,199.45076524670506,110.41707800047281
floor_both__stop_random,ADE_vs_original,hard,eu-locality-112,1153,66.80873393935553,66.80873393935553,0.0,170.48331975237295,282.2924395893853,170.48331975237295
floor_both__stop_random,ADE_vs_original,hard,eu-locality-126,1110,69.44217784163409,69.44217784163409,0.0,153.2366053199402,237.31079754913677,153.2366053199402
floor_both__stop_random,FDE_vs_floor,endpoint,eu-locality-008,121088,33.49508541807329,34.1268805578543,1.851312307053521,129.4825721872423,264.9039959570446,129.9408074196934
floor_both__stop_random,FDE_vs_floor,endpoint,eu-locality-020,622,14.460197618286735,14.535865331661961,0.5205587121834943,53.963574416924075,102.34943144507893,52.375808020598235
floor_both__stop_random,FDE_vs_floor,endpoint,eu-locality-048,5582,53.77118516658936,54.312413544533996,0.9965095318418271,200.74529675278757,336.4545610699454,202.36516697858983
floor_both__stop_random,FDE_vs_floor,endpoint,eu-locality-067,4600,57.6416933175866,58.86831067946084,2.083663260787616,195.19184470752597,381.6312506904558,196.12059702120067
floor_both__stop_random,FDE_vs_floor,endpoint,eu-locality-074,81289,37.18264123210037,37.93165819072686,1.9746486031807509,129.03500009145984,267.04611095806325,130.65766401607394
floor_both__stop_random,FDE_vs_floor,endpoint,eu-locality-082,859,23.822883122125983,24.253513715154355,1.7755389923535092,107.79588538582226,229.79762677801716,108.48198577750496
floor_both__stop_random,FDE_vs_floor,endpoint,eu-locality-112,3719,44.65426482405875,45.68331959042426,2.252583165127986,168.66020962034,394.2574142197964,169.85900374901303
floor_both__stop_random,FDE_vs_floor,endpoint,eu-locality-126,4579,36.67865724408213,37.293258892704124,1.6480234414220862,171.46528391189617,339.0230904102163,171.97826910961012
floor_both__stop_random,ADE_vs_CV,easy,eu-locality-008,39889,1.629964871984259,1.791172498853141,9.000117351740311,3.035631174573637,3.4075418357895786,3.2504176960159774
floor_both__stop_random,ADE_vs_CV,easy,eu-locality-020,593,1.253223968051889,1.2706472215919324,1.3712109265240913,3.1058809634637834,3.4635576182980197,3.051349724629029
floor_both__stop_random,ADE_vs_CV,easy,eu-locality-048,1582,1.6249482722324062,1.7551327263969017,7.4173566595017615,3.08991480406743,3.7502350435442273,3.2298308573246963
floor_both__stop_random,ADE_vs_CV,easy,eu-locality-067,1219,1.5818995838314864,1.6528940070695597,4.295158850744474,3.1479878813784223,3.480652568687754,3.222473275402277
floor_both__stop_random,ADE_vs_CV,easy,eu-locality-074,17048,1.9522243420391074,2.0239574238081066,3.5441991479263524,3.3586062285789375,5.629159649112313,3.3016095862663026
floor_both__stop_random,ADE_vs_CV,easy,eu-locality-082,513,1.517535347812425,1.6221340438704122,6.448215328026452,2.984061586701978,3.4065016070252896,3.137173321764387
floor_both__stop_random,ADE_vs_CV,easy,eu-locality-112,571,1.973569015770039,2.110763890677913,6.4997736371078085,3.2618785383107034,3.9100439491929566,3.3318797717711783
floor_both__stop_random,ADE_vs_CV,easy,eu-locality-126,2160,1.3271163176002305,1.4931553251754432,11.120009069096904,2.937492106428995,3.4701725568083637,3.15811922069773
floor_both__support,ADE_vs_floor,all,eu-locality-008,157961,17.256107898508336,17.466975925577778,1.207238322007742,60.98418256408891,126.24853487422469,61.24959048903298
floor_both__support,ADE_vs_floor,all,eu-locality-020,1225,6.429894523167752,6.448501284113131,0.28854395968284097,21.020763749430696,43.524176184662124,20.950455289077674
floor_both__support,ADE_vs_floor,all,eu-locality-048,8058,24.99500789729267,25.2057165027749,0.8359556272047874,85.64713396327933,148.43911878187527,86.31775306667878
floor_both__support,ADE_vs_floor,all,eu-locality-067,6903,26.946587218909055,27.401641879979564,1.6606839220206893,88.5042343006725,160.9846648617185,88.7408126959883
floor_both__support,ADE_vs_floor,all,eu-locality-074,102348,18.356217930533546,18.62450223451202,1.4404911368923967,60.91713957895328,125.95317433223634,61.509130432529204
floor_both__support,ADE_vs_floor,all,eu-locality-082,1368,13.06851313341802,13.174770524047632,0.8065217563802296,50.57497731631109,100.8002615042556,50.57497731631109
floor_both__support,ADE_vs_floor,all,eu-locality-112,5004,23.33918670032476,23.65488959344297,1.3346200237845163,83.91872194267576,176.7432925302825,83.91872194267576
floor_both__support,ADE_vs_floor,all,eu-locality-126,5790,18.568496134822198,18.76141831163623,1.0282920705114162,81.8083058627529,151.13785009152224,82.1707199959473
floor_both__support,ADE_vs_floor,easy,eu-locality-008,39889,1.6289295480836445,1.7241720949012762,5.523958257953665,3.034028085945305,3.399736877256542,3.1033643965504147
floor_both__support,ADE_vs_floor,easy,eu-locality-020,593,1.254086834305215,1.2736100237440386,1.5329016790737282,3.1058809634637834,3.4635576182980197,3.0839156726310635
floor_both__support,ADE_vs_floor,easy,eu-locality-048,1582,1.6191774552753284,1.6938727305913583,4.409733622073997,3.0868858511986756,3.7154966017495004,3.091778570545298
floor_both__support,ADE_vs_floor,easy,eu-locality-067,1219,1.5784254165338796,1.611886085015975,2.0758705465072524,3.140556250142567,3.4251367321296815,3.1321490509109946
floor_both__support,ADE_vs_floor,easy,eu-locality-074,17048,1.9525616347292185,2.009092341676263,2.8137435883050954,3.357694777488396,5.62120837379879,3.3126905574851873
floor_both__support,ADE_vs_floor,easy,eu-locality-082,513,1.5138791475445503,1.578078341351625,4.068188005931828,2.984061586701978,3.4065016070252896,3.0061798004979905
floor_both__support,ADE_vs_floor,easy,eu-locality-112,571,1.9703770800885703,2.024035064897236,2.651040277871375,3.25529012366641,3.8622394793202206,3.2155185149690704
floor_both__support,ADE_vs_floor,easy,eu-locality-126,2160,1.3250522194308525,1.415028582644297,6.358625141359586,2.9364172948042953,3.4646340240959734,2.9758368738441074
floor_both__support,ADE_vs_floor,hard,eu-locality-008,28100,57.13560713641694,57.62387890293079,0.8473427610389828,131.45634384408638,221.0174298365999,132.8382820550419
floor_both__support,ADE_vs_floor,hard,eu-locality-020,30,43.8408185890737,43.04818478161064,-1.8412711511163637,64.72063289570352,69.65016417684733,64.72063289570352
floor_both__support,ADE_vs_floor,hard,eu-locality-048,2478,59.51498290344526,60.05940424544668,0.906471432477951,127.6705045940677,211.76191803930743,129.96960939889047
floor_both__support,ADE_vs_floor,hard,eu-locality-067,2296,60.08356594893229,61.33773875305253,2.044700097552621,137.04587330589663,210.41573167431284,137.54280661418298
floor_both__support,ADE_vs_floor,hard,eu-locality-074,19310,55.87838616530519,56.82896386115632,1.6726993266559798,128.85358624031193,231.35397485851166,129.7771624011152
floor_both__support,ADE_vs_floor,hard,eu-locality-082,184,52.97654560082826,53.15494887110422,0.3356287120293677,110.41707800047281,199.45076524670506,110.41707800047281
floor_both__support,ADE_vs_floor,hard,eu-locality-112,1153,66.91658860719896,67.4193884187777,0.7457792533737906,170.48331975237295,282.2924395893853,170.91978833603577
floor_both__support,ADE_vs_floor,hard,eu-locality-126,1110,69.45059271817873,69.8871553107803,0.624667852998495,153.2366053199402,237.31079754913677,153.2366053199402
floor_both__support,ADE_vs_floor,complete,eu-locality-008,97352,15.529901049961508,15.768574512732343,1.5136020226693137,56.406211100758455,114.113075765354,56.424237953830755
floor_both__support,ADE_vs_floor,complete,eu-locality-020,364,6.754456650832978,6.872005536476916,1.7105470160054925,22.937980186983854,49.70629992513765,22.937980186983854
floor_both__support,ADE_vs_floor,complete,eu-locality-048,4716,24.66776370082174,24.91504683636528,0.9925052004422175,88.06005689575474,148.93476953887537,88.3433852319625
floor_both__support,ADE_vs_floor,complete,eu-locality-067,3417,27.60484155791398,28.232630411573602,2.2236286329249344,87.81611306924334,159.2669354365236,88.08569753027201
floor_both__support,ADE_vs_floor,complete,eu-locality-074,67309,17.852801329415996,18.16953654665365,1.7432212231961786,58.651931705414896,124.42527932715154,59.42379356510969
floor_both__support,ADE_vs_floor,complete,eu-locality-082,582,10.112500896474431,10.222557460893151,1.0766049967412372,48.079933354230526,93.25443506324511,46.30650206106486
floor_both__support,ADE_vs_floor,complete,eu-locality-112,2417,19.529188727407742,19.95082719378455,2.1133883937813125,67.36289050825208,157.72654095861347,68.8472149626773
floor_both__support,ADE_vs_floor,complete,eu-locality-126,3637,18.047208624444245,18.278461410717412,1.265165492198228,79.33620099124832,151.5920844545885,79.33620099124832
floor_both__support,ADE_vs_original,all,eu-locality-008,157961,17.256107898508336,17.22648962321291,-0.17193447964880537,60.98418256408891,126.24853487422469,60.93675003770371
floor_both__support,ADE_vs_original,all,eu-locality-020,1225,6.429894523167752,6.426101672196769,-0.05902257954293333,21.020763749430696,43.524176184662124,21.020763749430696
floor_both__support,ADE_vs_original,all,eu-locality-048,8058,24.99500789729267,24.99555073017434,0.0021717180290647953,85.64713396327933,148.43911878187527,85.80471967053724
floor_both__support,ADE_vs_original,all,eu-locality-067,6903,26.946587218909055,26.93729462684132,-0.03449712451255582,88.5042343006725,160.9846648617185,88.08734144382846
floor_both__support,ADE_vs_original,all,eu-locality-074,102348,18.356217930533546,18.338643144676595,-0.09583471207930128,60.91713957895328,125.95317433223634,60.832514719760034
floor_both__support,ADE_vs_original,all,eu-locality-082,1368,13.06851313341802,13.030229525992757,-0.2938060864460912,50.57497731631109,100.8002615042556,50.57497731631109
floor_both__support,ADE_vs_original,all,eu-locality-112,5004,23.33918670032476,23.311496680808833,-0.1187826757546695,83.91872194267576,176.7432925302825,83.58149871210851
floor_both__support,ADE_vs_original,all,eu-locality-126,5790,18.568496134822198,18.56414896843217,-0.023416997985847843,81.8083058627529,151.13785009152224,81.8083058627529
floor_both__support,ADE_vs_original,easy,eu-locality-008,39889,1.6289295480836445,1.6300247966369759,0.06719214060982859,3.034028085945305,3.399736877256542,3.035650860574167
floor_both__support,ADE_vs_original,easy,eu-locality-020,593,1.254086834305215,1.253223968051889,-0.06885171967043746,3.1058809634637834,3.4635576182980197,3.1058809634637834
floor_both__support,ADE_vs_original,easy,eu-locality-048,1582,1.6191774552753284,1.6249482722324062,0.3551385022951936,3.0868858511986756,3.7154966017495004,3.08991480406743
floor_both__support,ADE_vs_original,easy,eu-locality-067,1219,1.5784254165338796,1.5818995838314864,0.2196199640682739,3.140556250142567,3.4251367321296815,3.1479878813784223
floor_both__support,ADE_vs_original,easy,eu-locality-074,17048,1.9525616347292185,1.9522243420391074,-0.01727735295824484,3.357694777488396,5.62120837379879,3.3586062285789375
floor_both__support,ADE_vs_original,easy,eu-locality-082,513,1.5138791475445503,1.517535347812425,0.24093015514565774,2.984061586701978,3.4065016070252896,2.984061586701978
floor_both__support,ADE_vs_original,easy,eu-locality-112,571,1.9703770800885703,1.973569015770039,0.1617341808653805,3.25529012366641,3.8622394793202206,3.2618785383107034
floor_both__support,ADE_vs_original,easy,eu-locality-126,2160,1.3250522194308525,1.3271163176002305,0.15553257404825604,2.9364172948042953,3.4646340240959734,2.937492106428995
floor_both__support,ADE_vs_original,hard,eu-locality-008,28100,57.13560713641694,56.995059108118966,-0.2465968638287519,131.45634384408638,221.0174298365999,130.67167096666645
floor_both__support,ADE_vs_original,hard,eu-locality-020,30,43.8408185890737,43.8408185890737,0.0,64.72063289570352,69.65016417684733,64.72063289570352
floor_both__support,ADE_vs_original,hard,eu-locality-048,2478,59.51498290344526,59.519232000665944,0.007139032339398277,127.6705045940677,211.76191803930743,127.6705045940677
floor_both__support,ADE_vs_original,hard,eu-locality-067,2296,60.08356594893229,60.065845577445224,-0.029501576672585905,137.04587330589663,210.41573167431284,137.04587330589663
floor_both__support,ADE_vs_original,hard,eu-locality-074,19310,55.87838616530519,55.79451623093243,-0.15031931458213688,128.85358624031193,231.35397485851166,128.31736205306856
floor_both__support,ADE_vs_original,hard,eu-locality-082,184,52.97654560082826,52.814339014742565,-0.3071260364357009,110.41707800047281,199.45076524670506,110.41707800047281
floor_both__support,ADE_vs_original,hard,eu-locality-112,1153,66.91658860719896,66.80873393935553,-0.16143797597081289,170.48331975237295,282.2924395893853,170.48331975237295
floor_both__support,ADE_vs_original,hard,eu-locality-126,1110,69.45059271817873,69.44217784163409,-0.012117817738710457,153.2366053199402,237.31079754913677,153.2366053199402
floor_both__support,FDE_vs_floor,endpoint,eu-locality-008,121088,33.57825539717185,34.1268805578543,1.6076041868297364,129.79487204668862,267.12875760831554,129.9408074196934
floor_both__support,FDE_vs_floor,endpoint,eu-locality-020,622,14.475004943794081,14.535865331661961,0.4186911922974046,53.963574416924075,102.34943144507893,52.375808020598235
floor_both__support,FDE_vs_floor,endpoint,eu-locality-048,5582,53.75670822798798,54.312413544533996,1.0231644669783657,200.74529675278757,336.4545610699454,202.36516697858983
floor_both__support,FDE_vs_floor,endpoint,eu-locality-067,4600,57.67062131627044,58.86831067946084,2.0345230725438035,195.19184470752597,381.6312506904558,196.12059702120067
floor_both__support,FDE_vs_floor,endpoint,eu-locality-074,81289,37.22322226711763,37.93165819072686,1.867663997305613,129.23728590326678,267.63239225660595,130.65766401607394
floor_both__support,FDE_vs_floor,endpoint,eu-locality-082,859,23.94553020918886,24.253513715154355,1.2698510804768803,108.48198577750496,229.79762677801716,108.48198577750496
floor_both__support,FDE_vs_floor,endpoint,eu-locality-112,3719,44.725890802643164,45.68331959042426,2.095795131275413,169.77715484984088,394.2574142197964,169.85900374901303
floor_both__support,FDE_vs_floor,endpoint,eu-locality-126,4579,36.693509355724494,37.293258892704124,1.6081982502659797,171.46528391189617,339.0230904102163,171.97826910961012
floor_both__support,ADE_vs_CV,easy,eu-locality-008,39889,1.6289295480836445,1.791172498853141,9.057918814261502,3.034028085945305,3.399736877256542,3.2504176960159774
floor_both__support,ADE_vs_CV,easy,eu-locality-020,593,1.254086834305215,1.2706472215919324,1.3033033091568669,3.1058809634637834,3.4635576182980197,3.051349724629029
floor_both__support,ADE_vs_CV,easy,eu-locality-048,1582,1.6191774552753284,1.7551327263969017,7.746153272446509,3.0868858511986756,3.7154966017495004,3.2298308573246963
floor_both__support,ADE_vs_CV,easy,eu-locality-067,1219,1.5784254165338796,1.6528940070695597,4.505345788488069,3.140556250142567,3.4251367321296815,3.222473275402277
floor_both__support,ADE_vs_CV,easy,eu-locality-074,17048,1.9525616347292185,2.0239574238081066,3.527534138764432,3.357694777488396,5.62120837379879,3.3016095862663026
floor_both__support,ADE_vs_CV,easy,eu-locality-082,513,1.5138791475445503,1.6221340438704122,6.6736097879781635,2.984061586701978,3.4065016070252896,3.137173321764387
floor_both__support,ADE_vs_CV,easy,eu-locality-112,571,1.9703770800885703,2.110763890677913,6.650995462323117,3.25529012366641,3.8622394793202206,3.3318797717711783
floor_both__support,ADE_vs_CV,easy,eu-locality-126,2160,1.3250522194308525,1.4931553251754432,11.258246406805593,2.9364172948042953,3.4646340240959734,3.15811922069773
floor_both__support,matched_risk,all,eu-locality-008,157961,17.256107898508336,17.24364372623214,-0.07228270587169572,60.98418256408891,126.24853487422469,60.98176630138927
floor_both__support,matched_risk,all,eu-locality-020,1225,6.429894523167752,6.429894523167752,0.0,21.020763749430696,43.524176184662124,21.020763749430696
floor_both__support,matched_risk,all,eu-locality-048,8058,24.99500789729267,24.985755805711065,-0.03702946452190936,85.64713396327933,148.43911878187527,85.80471967053724
floor_both__support,matched_risk,all,eu-locality-067,6903,26.946587218909055,26.955594828805932,0.033416476075132096,88.5042343006725,160.9846648617185,88.5042343006725
floor_both__support,matched_risk,all,eu-locality-074,102348,18.356217930533546,18.349135282297365,-0.03859935701173711,60.91713957895328,125.95317433223634,60.87344791742416
floor_both__support,matched_risk,all,eu-locality-082,1368,13.06851313341802,13.04632366054961,-0.17008218901932715,50.57497731631109,100.8002615042556,50.57497731631109
floor_both__support,matched_risk,all,eu-locality-112,5004,23.33918670032476,23.327599701673538,-0.04967077110120677,83.91872194267576,176.7432925302825,83.58149871210851
floor_both__support,matched_risk,all,eu-locality-126,5790,18.568496134822198,18.57212553620462,0.01954219712411165,81.8083058627529,151.13785009152224,81.8083058627529
floor_both__support,matched_risk,easy,eu-locality-008,39889,1.6289295480836445,1.630379671123345,0.08894388622382454,3.034028085945305,3.399736877256542,3.036968094549346
floor_both__support,matched_risk,easy,eu-locality-020,593,1.254086834305215,1.254086834305215,0.0,3.1058809634637834,3.4635576182980197,3.1058809634637834
floor_both__support,matched_risk,easy,eu-locality-048,1582,1.6191774552753284,1.6225222697474913,0.2061490639930219,3.0868858511986756,3.7154966017495004,3.0868858511986756
floor_both__support,matched_risk,easy,eu-locality-067,1219,1.5784254165338796,1.5798457776592785,0.08990504930824761,3.140556250142567,3.4251367321296815,3.1469768305902517
floor_both__support,matched_risk,easy,eu-locality-074,17048,1.9525616347292185,1.9519977682579286,-0.028886635039193642,3.357694777488396,5.62120837379879,3.35712364671583
floor_both__support,matched_risk,easy,eu-locality-082,513,1.5138791475445503,1.5154701539051327,0.10498434142584001,2.984061586701978,3.4065016070252896,2.984061586701978
floor_both__support,matched_risk,easy,eu-locality-112,571,1.9703770800885703,1.9709942762189554,0.03131394838797874,3.25529012366641,3.8622394793202206,3.25529012366641
floor_both__support,matched_risk,easy,eu-locality-126,2160,1.3250522194308525,1.3278167262827512,0.2081994297238543,2.9364172948042953,3.4646340240959734,2.940895828981818
floor_both__support,matched_risk,hard,eu-locality-008,28100,57.13560713641694,57.06344195156435,-0.1264648299936777,131.45634384408638,221.0174298365999,130.7851322010849
floor_both__support,matched_risk,hard,eu-locality-020,30,43.8408185890737,43.8408185890737,0.0,64.72063289570352,69.65016417684733,64.72063289570352
floor_both__support,matched_risk,hard,eu-locality-048,2478,59.51498290344526,59.496503412657184,-0.031059792976240175,127.6705045940677,211.76191803930743,127.6705045940677
floor_both__support,matched_risk,hard,eu-locality-067,2296,60.08356594893229,60.10609206579066,0.0374772607637075,137.04587330589663,210.41573167431284,137.04587330589663
floor_both__support,matched_risk,hard,eu-locality-074,19310,55.87838616530519,55.831185691828004,-0.08454141335580978,128.85358624031193,231.35397485851166,128.50443244852033
floor_both__support,matched_risk,hard,eu-locality-082,184,52.97654560082826,52.81806833091772,-0.30004366861287046,110.41707800047281,199.45076524670506,110.41707800047281
floor_both__support,matched_risk,hard,eu-locality-112,1153,66.91658860719896,66.83865789786012,-0.11659526356428973,170.48331975237295,282.2924395893853,170.48331975237295
floor_both__support,matched_risk,hard,eu-locality-126,1110,69.45059271817873,69.4499156820517,-0.0009748552181498837,153.2366053199402,237.31079754913677,153.2366053199402
floor_both__support,matched_risk,complete,eu-locality-008,97352,15.529901049961508,15.524295429199174,-0.03610869677079798,56.406211100758455,114.113075765354,56.40369644646209
floor_both__support,matched_risk,complete,eu-locality-020,364,6.754456650832978,6.754456650832978,0.0,22.937980186983854,49.70629992513765,22.937980186983854
floor_both__support,matched_risk,complete,eu-locality-048,4716,24.66776370082174,24.664364745170857,-0.013780835979360084,88.06005689575474,148.93476953887537,88.06005689575474
floor_both__support,matched_risk,complete,eu-locality-067,3417,27.60484155791398,27.623084096490437,0.066040918938437,87.81611306924334,159.2669354365236,87.81611306924334
floor_both__support,matched_risk,complete,eu-locality-074,67309,17.852801329415996,17.854913924073145,0.011832006954126673,58.651931705414896,124.42527932715154,58.66637830854569
floor_both__support,matched_risk,complete,eu-locality-082,582,10.112500896474431,10.110446976851685,-0.0203148251254337,48.079933354230526,93.25443506324511,48.079933354230526
floor_both__support,matched_risk,complete,eu-locality-112,2417,19.529188727407742,19.531303565898394,0.01082794337570192,67.36289050825208,157.72654095861347,66.96118973625356
floor_both__support,matched_risk,complete,eu-locality-126,3637,18.047208624444245,18.051782287448248,0.0253363514536864,79.33620099124832,151.5920844545885,79.33620099124832
floor_both__support,matched_random,all,eu-locality-008,157961,17.256107898508336,17.24157528862898,-0.08428817921841691,60.98418256408891,126.24853487422469,60.94730001686062
floor_both__support,matched_random,all,eu-locality-020,1225,6.429894523167752,6.429894523167752,0.0,21.020763749430696,43.524176184662124,21.020763749430696
floor_both__support,matched_random,all,eu-locality-048,8058,24.99500789729267,24.990566853295135,-0.01777088140340055,85.64713396327933,148.43911878187527,85.86707355613386
floor_both__support,matched_random,all,eu-locality-067,6903,26.946587218909055,26.945474875495258,-0.0041281269635762285,88.5042343006725,160.9846648617185,88.65184990830237
floor_both__support,matched_random,all,eu-locality-074,102348,18.356217930533546,18.349757884996453,-0.03520507233707448,60.91713957895328,125.95317433223634,60.84914444413855
floor_both__support,matched_random,all,eu-locality-082,1368,13.06851313341802,13.043153902010877,-0.1944256090026908,50.57497731631109,100.8002615042556,50.57497731631109
floor_both__support,matched_random,all,eu-locality-112,5004,23.33918670032476,23.3366071802489,-0.011053535143035198,83.91872194267576,176.7432925302825,83.91872194267576
floor_both__support,matched_random,all,eu-locality-126,5790,18.568496134822198,18.568371655074785,-0.000670385910650495,81.8083058627529,151.13785009152224,81.8083058627529
floor_both__support,matched_random,easy,eu-locality-008,39889,1.6289295480836445,1.6322177995942246,0.2014591135691357,3.034028085945305,3.399736877256542,3.0381044060906137
floor_both__support,matched_random,easy,eu-locality-020,593,1.254086834305215,1.254086834305215,0.0,3.1058809634637834,3.4635576182980197,3.1058809634637834
floor_both__support,matched_random,easy,eu-locality-048,1582,1.6191774552753284,1.625387957747435,0.38209354526740347,3.0868858511986756,3.7154966017495004,3.08991480406743
floor_both__support,matched_random,easy,eu-locality-067,1219,1.5784254165338796,1.5810380944431233,0.16525078797445802,3.140556250142567,3.4251367321296815,3.1461894703954236
floor_both__support,matched_random,easy,eu-locality-074,17048,1.9525616347292185,1.9528753929945735,0.016066476462373025,3.357694777488396,5.62120837379879,3.3547904347516644
floor_both__support,matched_random,easy,eu-locality-082,513,1.5138791475445503,1.5166015630096752,0.17950762622994665,2.984061586701978,3.4065016070252896,2.984061586701978
floor_both__support,matched_random,easy,eu-locality-112,571,1.9703770800885703,1.9761909572940421,0.29419612431749176,3.25529012366641,3.8622394793202206,3.2618785383107034
floor_both__support,matched_random,easy,eu-locality-126,2160,1.3250522194308525,1.3256760276274522,0.047055855548361336,2.9364172948042953,3.4646340240959734,2.937492106428995
floor_both__support,matched_random,hard,eu-locality-008,28100,57.13560713641694,57.0492038075606,-0.151454048592492,131.45634384408638,221.0174298365999,131.0540308206859
floor_both__support,matched_random,hard,eu-locality-020,30,43.8408185890737,43.8408185890737,0.0,64.72063289570352,69.65016417684733,64.72063289570352
floor_both__support,matched_random,hard,eu-locality-048,2478,59.51498290344526,59.52274662117912,0.013043278703639416,127.6705045940677,211.76191803930743,127.6705045940677
floor_both__support,matched_random,hard,eu-locality-067,2296,60.08356594893229,60.08704968480422,0.0057978148206738744,137.04587330589663,210.41573167431284,137.04587330589663
floor_both__support,matched_random,hard,eu-locality-074,19310,55.87838616530519,55.83845184346485,-0.07151760215753367,128.85358624031193,231.35397485851166,128.48090206015135
floor_both__support,matched_random,hard,eu-locality-082,184,52.97654560082826,52.814339014742565,-0.3071260364357009,110.41707800047281,199.45076524670506,110.41707800047281
floor_both__support,matched_random,hard,eu-locality-112,1153,66.91658860719896,66.8881965371838,-0.04244705566156526,170.48331975237295,282.2924395893853,170.48331975237295
floor_both__support,matched_random,hard,eu-locality-126,1110,69.45059271817873,69.4461584618095,-0.0063851715738305614,153.2366053199402,237.31079754913677,153.2366053199402
floor_both__support,matched_random,complete,eu-locality-008,97352,15.529901049961508,15.523419603446483,-0.041752698056196635,56.406211100758455,114.113075765354,56.404853947087744
floor_both__support,matched_random,complete,eu-locality-020,364,6.754456650832978,6.754456650832978,0.0,22.937980186983854,49.70629992513765,22.937980186983854
floor_both__support,matched_random,complete,eu-locality-048,4716,24.66776370082174,24.672466713649655,0.01906178608931386,88.06005689575474,148.93476953887537,88.08727981259585
floor_both__support,matched_random,complete,eu-locality-067,3417,27.60484155791398,27.601797226700644,-0.011029467350742728,87.81611306924334,159.2669354365236,88.07447888556281
floor_both__support,matched_random,complete,eu-locality-074,67309,17.852801329415996,17.85409041746517,0.007220127259532916,58.651931705414896,124.42527932715154,58.651931705414896
floor_both__support,matched_random,complete,eu-locality-082,582,10.112500896474431,10.102188242061716,-0.10208337209336449,48.079933354230526,93.25443506324511,48.079933354230526
floor_both__support,matched_random,complete,eu-locality-112,2417,19.529188727407742,19.525246440492197,-0.020190715275014703,67.36289050825208,157.72654095861347,66.96118973625356
floor_both__support,matched_random,complete,eu-locality-126,3637,18.047208624444245,18.046351548479358,-0.004749303273765548,79.33620099124832,151.5920844545885,79.33620099124832
floor_both__support_risk,ADE_vs_floor,all,eu-locality-008,157961,17.24364372623214,17.466975925577778,1.2785968234982237,60.98176630138927,125.8168436990386,61.24959048903298
floor_both__support_risk,ADE_vs_floor,all,eu-locality-020,1225,6.429894523167752,6.448501284113131,0.28854395968284097,21.020763749430696,43.524176184662124,20.950455289077674
floor_both__support_risk,ADE_vs_floor,all,eu-locality-048,8058,24.985755805711065,25.2057165027749,0.8726619496796317,85.80471967053724,148.43911878187527,86.31775306667878
floor_both__support_risk,ADE_vs_floor,all,eu-locality-067,6903,26.955594828805932,27.401641879979564,1.627811403153645,88.5042343006725,160.9846648617185,88.7408126959883
floor_both__support_risk,ADE_vs_floor,all,eu-locality-074,102348,18.349135282297365,18.62450223451202,1.4785197947700723,60.87344791742416,125.69872280292789,61.509130432529204
floor_both__support_risk,ADE_vs_floor,all,eu-locality-082,1368,13.04632366054961,13.174770524047632,0.9749457363494196,50.57497731631109,99.68977167861865,50.57497731631109
floor_both__support_risk,ADE_vs_floor,all,eu-locality-112,5004,23.327599701673538,23.65488959344297,1.383603548334278,83.58149871210851,176.7432925302825,83.91872194267576
floor_both__support_risk,ADE_vs_floor,all,eu-locality-126,5790,18.57212553620462,18.76141831163623,1.0089470438074843,81.8083058627529,151.13785009152224,82.1707199959473
floor_both__support_risk,ADE_vs_floor,easy,eu-locality-008,39889,1.630379671123345,1.7241720949012762,5.439852788204513,3.036968094549346,3.403278748073187,3.1033643965504147
floor_both__support_risk,ADE_vs_floor,easy,eu-locality-020,593,1.254086834305215,1.2736100237440386,1.5329016790737282,3.1058809634637834,3.4635576182980197,3.0839156726310635
floor_both__support_risk,ADE_vs_floor,easy,eu-locality-048,1582,1.6225222697474913,1.6938727305913583,4.212268109361295,3.0868858511986756,3.7154966017495004,3.091778570545298
floor_both__support_risk,ADE_vs_floor,easy,eu-locality-067,1219,1.5798457776592785,1.611886085015975,1.9877525871425994,3.1469768305902517,3.4251367321296815,3.1321490509109946
floor_both__support_risk,ADE_vs_floor,easy,eu-locality-074,17048,1.9519977682579286,2.009092341676263,2.841809320257449,3.35712364671583,5.592450492572548,3.3126905574851873
floor_both__support_risk,ADE_vs_floor,easy,eu-locality-082,513,1.5154701539051327,1.578078341351625,3.96736878049212,2.984061586701978,3.4065016070252896,3.0061798004979905
floor_both__support_risk,ADE_vs_floor,easy,eu-locality-112,571,1.9709942762189554,2.024035064897236,2.620546926195355,3.25529012366641,3.8622394793202206,3.2155185149690704
floor_both__support_risk,ADE_vs_floor,easy,eu-locality-126,2160,1.3278167262827512,1.415028582644297,6.1632575787671335,2.940895828981818,3.4701725568083637,2.9758368738441074
floor_both__support_risk,ADE_vs_floor,hard,eu-locality-008,28100,57.06344195156435,57.62387890293079,0.9725776223959426,130.7851322010849,219.81770871754114,132.8382820550419
floor_both__support_risk,ADE_vs_floor,hard,eu-locality-020,30,43.8408185890737,43.04818478161064,-1.8412711511163637,64.72063289570352,69.65016417684733,64.72063289570352
floor_both__support_risk,ADE_vs_floor,hard,eu-locality-048,2478,59.496503412657184,60.05940424544668,0.9372401206130365,127.6705045940677,211.76191803930743,129.96960939889047
floor_both__support_risk,ADE_vs_floor,hard,eu-locality-067,2296,60.10609206579066,61.33773875305253,2.007975370954751,137.04587330589663,210.41573167431284,137.54280661418298
floor_both__support_risk,ADE_vs_floor,hard,eu-locality-074,19310,55.831185691828004,56.82896386115632,1.7557563987372182,128.50443244852033,231.35397485851166,129.7771624011152
floor_both__support_risk,ADE_vs_floor,hard,eu-locality-082,184,52.81806833091772,53.15494887110422,0.6337707915088031,110.41707800047281,199.45076524670506,110.41707800047281
floor_both__support_risk,ADE_vs_floor,hard,eu-locality-112,1153,66.83865789786012,67.4193884187777,0.8613702000830337,170.48331975237295,282.2924395893853,170.91978833603577
floor_both__support_risk,ADE_vs_floor,hard,eu-locality-126,1110,69.4499156820517,69.8871553107803,0.6256366091655141,153.2366053199402,237.31079754913677,153.2366053199402
floor_both__support_risk,ADE_vs_floor,complete,eu-locality-008,97352,15.524295429199174,15.768574512732343,1.5491513410798463,56.40369644646209,113.84694582856272,56.424237953830755
floor_both__support_risk,ADE_vs_floor,complete,eu-locality-020,364,6.754456650832978,6.872005536476916,1.7105470160054925,22.937980186983854,49.70629992513765,22.937980186983854
floor_both__support_risk,ADE_vs_floor,complete,eu-locality-048,4716,24.664364745170857,24.91504683636528,1.0061473809013122,88.06005689575474,148.93476953887537,88.3433852319625
floor_both__support_risk,ADE_vs_floor,complete,eu-locality-067,3417,27.623084096490437,28.232630411573602,2.1590135463725346,87.81611306924334,159.2669354365236,88.08569753027201
floor_both__support_risk,ADE_vs_floor,complete,eu-locality-074,67309,17.854913924073145,18.16953654665365,1.7315940985762168,58.66637830854569,124.49483645127741,59.42379356510969
floor_both__support_risk,ADE_vs_floor,complete,eu-locality-082,582,10.110446976851685,10.222557460893151,1.0966970297829004,48.079933354230526,93.25443506324511,46.30650206106486
floor_both__support_risk,ADE_vs_floor,complete,eu-locality-112,2417,19.531303565898394,19.95082719378455,2.102788139114631,66.96118973625356,157.72654095861347,68.8472149626773
floor_both__support_risk,ADE_vs_floor,complete,eu-locality-126,3637,18.051782287448248,18.278461410717412,1.2401433478216761,79.33620099124832,151.5920844545885,79.33620099124832
floor_both__support_risk,ADE_vs_original,all,eu-locality-008,157961,17.24364372623214,17.22648962321291,-0.09957979480692547,60.98176630138927,125.8168436990386,60.93675003770371
floor_both__support_risk,ADE_vs_original,all,eu-locality-020,1225,6.429894523167752,6.426101672196769,-0.05902257954293333,21.020763749430696,43.524176184662124,21.020763749430696
floor_both__support_risk,ADE_vs_original,all,eu-locality-048,8058,24.985755805711065,24.99555073017434,0.03918667193617553,85.80471967053724,148.43911878187527,85.80471967053724
floor_both__support_risk,ADE_vs_original,all,eu-locality-067,6903,26.955594828805932,26.93729462684132,-0.06793630250594429,88.5042343006725,160.9846648617185,88.08734144382846
floor_both__support_risk,ADE_vs_original,all,eu-locality-074,102348,18.349135282297365,18.338643144676595,-0.05721327111278818,60.87344791742416,125.69872280292789,60.832514719760034
floor_both__support_risk,ADE_vs_original,all,eu-locality-082,1368,13.04632366054961,13.030229525992757,-0.12351382241386766,50.57497731631109,99.68977167861865,50.57497731631109
floor_both__support_risk,ADE_vs_original,all,eu-locality-112,5004,23.327599701673538,23.311496680808833,-0.06907759328023122,83.58149871210851,176.7432925302825,83.58149871210851
floor_both__support_risk,ADE_vs_original,all,eu-locality-126,5790,18.57212553620462,18.56414896843217,-0.04296759192146116,81.8083058627529,151.13785009152224,81.8083058627529
floor_both__support_risk,ADE_vs_original,easy,eu-locality-008,39889,1.630379671123345,1.6300247966369759,-0.02177110968504259,3.036968094549346,3.403278748073187,3.035650860574167
floor_both__support_risk,ADE_vs_original,easy,eu-locality-020,593,1.254086834305215,1.253223968051889,-0.06885171967043746,3.1058809634637834,3.4635576182980197,3.1058809634637834
floor_both__support_risk,ADE_vs_original,easy,eu-locality-048,1582,1.6225222697474913,1.6249482722324062,0.14929721310956712,3.0868858511986756,3.7154966017495004,3.08991480406743
floor_both__support_risk,ADE_vs_original,easy,eu-locality-067,1219,1.5798457776592785,1.5818995838314864,0.12983163995994307,3.1469768305902517,3.4251367321296815,3.1479878813784223
floor_both__support_risk,ADE_vs_original,easy,eu-locality-074,17048,1.9519977682579286,1.9522243420391074,0.011605929518443414,3.35712364671583,5.592450492572548,3.3586062285789375
floor_both__support_risk,ADE_vs_original,easy,eu-locality-082,513,1.5154701539051327,1.517535347812425,0.13608868553007802,2.984061586701978,3.4065016070252896,2.984061586701978
floor_both__support_risk,ADE_vs_original,easy,eu-locality-112,571,1.9709942762189554,1.973569015770039,0.1304610849942267,3.25529012366641,3.8622394793202206,3.2618785383107034
floor_both__support_risk,ADE_vs_original,easy,eu-locality-126,2160,1.3278167262827512,1.3271163176002305,-0.05277673654011661,2.940895828981818,3.4701725568083637,2.937492106428995
floor_both__support_risk,ADE_vs_original,hard,eu-locality-008,28100,57.06344195156435,56.995059108118966,-0.11998030095146106,130.7851322010849,219.81770871754114,130.67167096666645
floor_both__support_risk,ADE_vs_original,hard,eu-locality-020,30,43.8408185890737,43.8408185890737,0.0,64.72063289570352,69.65016417684733,64.72063289570352
floor_both__support_risk,ADE_vs_original,hard,eu-locality-048,2478,59.496503412657184,59.519232000665944,0.038186964523512223,127.6705045940677,211.76191803930743,127.6705045940677
floor_both__support_risk,ADE_vs_original,hard,eu-locality-067,2296,60.10609206579066,60.065845577445224,-0.06700394868086601,137.04587330589663,210.41573167431284,137.04587330589663
floor_both__support_risk,ADE_vs_original,hard,eu-locality-074,19310,55.831185691828004,55.79451623093243,-0.06572233863235688,128.50443244852033,231.35397485851166,128.31736205306856
floor_both__support_risk,ADE_vs_original,hard,eu-locality-082,184,52.81806833091772,52.814339014742565,-0.007061181195711086,110.41707800047281,199.45076524670506,110.41707800047281
floor_both__support_risk,ADE_vs_original,hard,eu-locality-112,1153,66.83865789786012,66.80873393935553,-0.04479048881804726,170.48331975237295,282.2924395893853,170.48331975237295
floor_both__support_risk,ADE_vs_original,hard,eu-locality-126,1110,69.4499156820517,69.44217784163409,-0.011142853893852944,153.2366053199402,237.31079754913677,153.2366053199402
floor_both__support_risk,FDE_vs_floor,endpoint,eu-locality-008,121088,33.54051519911312,34.1268805578543,1.7181920795459993,129.61006199558372,265.01024299288963,129.9408074196934
floor_both__support_risk,FDE_vs_floor,endpoint,eu-locality-020,622,14.475004943794081,14.535865331661961,0.4186911922974046,53.963574416924075,102.34943144507893,52.375808020598235
floor_both__support_risk,FDE_vs_floor,endpoint,eu-locality-048,5582,53.7843093365696,54.312413544533996,0.972345313896561,201.11482859332256,336.4545610699454,202.36516697858983
floor_both__support_risk,FDE_vs_floor,endpoint,eu-locality-067,4600,57.69770342608226,58.86831067946084,1.9885185082897272,195.19184470752597,381.6312506904558,196.12059702120067
floor_both__support_risk,FDE_vs_floor,endpoint,eu-locality-074,81289,37.212223306874634,37.93165819072686,1.8966607793278634,129.09690591004863,267.04611095806325,130.65766401607394
floor_both__support_risk,FDE_vs_floor,endpoint,eu-locality-082,859,23.871361947910284,24.253513715154355,1.575655270952725,107.79588538582226,229.79762677801716,108.48198577750496
floor_both__support_risk,FDE_vs_floor,endpoint,eu-locality-112,3719,44.699129385603385,45.68331959042426,2.154375412392695,168.66020962034,394.2574142197964,169.85900374901303
floor_both__support_risk,FDE_vs_floor,endpoint,eu-locality-126,4579,36.70526857943597,37.293258892704124,1.576666482700928,171.46528391189617,339.0230904102163,171.97826910961012
floor_both__support_risk,ADE_vs_CV,easy,eu-locality-008,39889,1.630379671123345,1.791172498853141,8.976959384579054,3.036968094549346,3.403278748073187,3.2504176960159774
floor_both__support_risk,ADE_vs_CV,easy,eu-locality-020,593,1.254086834305215,1.2706472215919324,1.3033033091568669,3.1058809634637834,3.4635576182980197,3.051349724629029
floor_both__support_risk,ADE_vs_CV,easy,eu-locality-048,1582,1.6225222697474913,1.7551327263969017,7.555579965832293,3.0868858511986756,3.7154966017495004,3.2298308573246963
floor_both__support_risk,ADE_vs_CV,easy,eu-locality-067,1219,1.5798457776592785,1.6528940070695597,4.419414015529622,3.1469768305902517,3.4251367321296815,3.222473275402277
floor_both__support_risk,ADE_vs_CV,easy,eu-locality-074,17048,1.9519977682579286,2.0239574238081066,3.555393740189694,3.35712364671583,5.592450492572548,3.3016095862663026
floor_both__support_risk,ADE_vs_CV,easy,eu-locality-082,513,1.5154701539051327,1.6221340438704122,6.575528722076463,2.984061586701978,3.4065016070252896,3.137173321764387
floor_both__support_risk,ADE_vs_CV,easy,eu-locality-112,571,1.9709942762189554,2.110763890677913,6.621755046892908,3.25529012366641,3.8622394793202206,3.3318797717711783
floor_both__support_risk,ADE_vs_CV,easy,eu-locality-126,2160,1.3278167262827512,1.4931553251754432,11.073101110446437,2.940895828981818,3.4701725568083637,3.15811922069773
floor_both__support_random,ADE_vs_floor,all,eu-locality-008,157961,17.24157528862898,17.466975925577778,1.2904388138460288,60.94730001686062,125.75379408815205,61.24959048903298
floor_both__support_random,ADE_vs_floor,all,eu-locality-020,1225,6.429894523167752,6.448501284113131,0.28854395968284097,21.020763749430696,43.524176184662124,20.950455289077674
floor_both__support_random,ADE_vs_floor,all,eu-locality-048,8058,24.990566853295135,25.2057165027749,0.8535748208390759,85.86707355613386,148.43911878187527,86.31775306667878
floor_both__support_random,ADE_vs_floor,all,eu-locality-067,6903,26.945474875495258,27.401641879979564,1.6647433262661382,88.65184990830237,160.9846648617185,88.7408126959883
floor_both__support_random,ADE_vs_floor,all,eu-locality-074,102348,18.349757884996453,18.62450223451202,1.4751768721445457,60.84914444413855,125.69872280292789,61.509130432529204
floor_both__support_random,ADE_vs_floor,all,eu-locality-082,1368,13.043153902010877,13.174770524047632,0.9990050437426512,50.57497731631109,99.68977167861865,50.57497731631109
floor_both__support_random,ADE_vs_floor,all,eu-locality-112,5004,23.3366071802489,23.65488959344297,1.345524830867506,83.91872194267576,176.7432925302825,83.91872194267576
floor_both__support_random,ADE_vs_floor,all,eu-locality-126,5790,18.568371655074785,18.76141831163623,1.0289555584489851,81.8083058627529,151.13785009152224,82.1707199959473
floor_both__support_random,ADE_vs_floor,easy,eu-locality-008,39889,1.6322177995942246,1.7241720949012762,5.333243449362102,3.0381044060906137,3.4047206174920834,3.1033643965504147
floor_both__support_random,ADE_vs_floor,easy,eu-locality-020,593,1.254086834305215,1.2736100237440386,1.5329016790737282,3.1058809634637834,3.4635576182980197,3.0839156726310635
floor_both__support_random,ADE_vs_floor,easy,eu-locality-048,1582,1.625387957747435,1.6938727305913583,4.0430884568295795,3.08991480406743,3.7502350435442273,3.091778570545298
floor_both__support_random,ADE_vs_floor,easy,eu-locality-067,1219,1.5810380944431233,1.611886085015975,1.913782298861777,3.1461894703954236,3.428429839970685,3.1321490509109946
floor_both__support_random,ADE_vs_floor,easy,eu-locality-074,17048,1.9528753929945735,2.009092341676263,2.798126672205903,3.3547904347516644,5.61127047610571,3.3126905574851873
floor_both__support_random,ADE_vs_floor,easy,eu-locality-082,513,1.5166015630096752,1.578078341351625,3.895673410566869,2.984061586701978,3.4065016070252896,3.0061798004979905
floor_both__support_random,ADE_vs_floor,easy,eu-locality-112,571,1.9761909572940421,2.024035064897236,2.363798356705993,3.2618785383107034,3.9100439491929566,3.2155185149690704
floor_both__support_random,ADE_vs_floor,easy,eu-locality-126,2160,1.3256760276274522,1.415028582644297,6.3145406469365835,2.937492106428995,3.4646340240959734,2.9758368738441074
floor_both__support_random,ADE_vs_floor,hard,eu-locality-008,28100,57.0492038075606,57.62387890293079,0.9972863790343678,131.0540308206859,219.88245266532314,132.8382820550419
floor_both__support_random,ADE_vs_floor,hard,eu-locality-020,30,43.8408185890737,43.04818478161064,-1.8412711511163637,64.72063289570352,69.65016417684733,64.72063289570352
floor_both__support_random,ADE_vs_floor,hard,eu-locality-048,2478,59.52274662117912,60.05940424544668,0.8935447013000419,127.6705045940677,211.76191803930743,129.96960939889047
floor_both__support_random,ADE_vs_floor,hard,eu-locality-067,2296,60.08704968480422,61.33773875305253,2.0390205013647744,137.04587330589663,210.41573167431284,137.54280661418298
floor_both__support_random,ADE_vs_floor,hard,eu-locality-074,19310,55.83845184346485,56.82896386115632,1.7429703981784117,128.48090206015135,230.62482444645585,129.7771624011152
floor_both__support_random,ADE_vs_floor,hard,eu-locality-082,184,52.814339014742565,53.15494887110422,0.6407867255927568,110.41707800047281,199.45076524670506,110.41707800047281
floor_both__support_random,ADE_vs_floor,hard,eu-locality-112,1153,66.8881965371838,67.4193884187777,0.7878918721338501,170.48331975237295,282.2924395893853,170.91978833603577
floor_both__support_random,ADE_vs_floor,hard,eu-locality-126,1110,69.4461584618095,69.8871553107803,0.6310127333266524,153.2366053199402,237.31079754913677,153.2366053199402
floor_both__support_random,ADE_vs_floor,complete,eu-locality-008,97352,15.523419603446483,15.768574512732343,1.5547055891952044,56.404853947087744,113.764949414557,56.424237953830755
floor_both__support_random,ADE_vs_floor,complete,eu-locality-020,364,6.754456650832978,6.872005536476916,1.7105470160054925,22.937980186983854,49.70629992513765,22.937980186983854
floor_both__support_random,ADE_vs_floor,complete,eu-locality-048,4716,24.672466713649655,24.91504683636528,0.9736290054312202,88.08727981259585,148.93476953887537,88.3433852319625
floor_both__support_random,ADE_vs_floor,complete,eu-locality-067,3417,27.601797226700644,28.232630411573602,2.2344116565715333,88.07447888556281,159.2669354365236,88.08569753027201
floor_both__support_random,ADE_vs_floor,complete,eu-locality-074,67309,17.85409041746517,18.16953654665365,1.7361264464754722,58.651931705414896,124.42527932715154,59.42379356510969
floor_both__support_random,ADE_vs_floor,complete,eu-locality-082,582,10.102188242061716,10.222557460893151,1.1774863510614852,48.079933354230526,93.25443506324511,46.30650206106486
floor_both__support_random,ADE_vs_floor,complete,eu-locality-112,2417,19.525246440492197,19.95082719378455,2.1331484111342447,66.96118973625356,157.72654095861347,68.8472149626773
floor_both__support_random,ADE_vs_floor,complete,eu-locality-126,3637,18.046351548479358,18.278461410717412,1.2698544862313144,79.33620099124832,151.5920844545885,79.33620099124832
floor_both__support_random,ADE_vs_original,all,eu-locality-008,157961,17.24157528862898,17.22648962321291,-0.08757248717545796,60.94730001686062,125.75379408815205,60.93675003770371
floor_both__support_random,ADE_vs_original,all,eu-locality-020,1225,6.429894523167752,6.426101672196769,-0.05902257954293333,21.020763749430696,43.524176184662124,21.020763749430696
floor_both__support_random,ADE_vs_original,all,eu-locality-048,8058,24.990566853295135,24.99555073017434,0.019939056086448748,85.86707355613386,148.43911878187527,85.80471967053724
floor_both__support_random,ADE_vs_original,all,eu-locality-067,6903,26.945474875495258,26.93729462684132,-0.030367743929948787,88.65184990830237,160.9846648617185,88.08734144382846
floor_both__support_random,ADE_vs_original,all,eu-locality-074,102348,18.349757884996453,18.338643144676595,-0.06060830254546179,60.84914444413855,125.69872280292789,60.832514719760034
floor_both__support_random,ADE_vs_original,all,eu-locality-082,1368,13.043153902010877,13.030229525992757,-0.09918763128722308,50.57497731631109,99.68977167861865,50.57497731631109
floor_both__support_random,ADE_vs_original,all,eu-locality-112,5004,23.3366071802489,23.311496680808833,-0.10771723404932043,83.91872194267576,176.7432925302825,83.58149871210851
floor_both__support_random,ADE_vs_original,all,eu-locality-126,5790,18.568371655074785,18.56414896843217,-0.02274645958613153,81.8083058627529,151.13785009152224,81.8083058627529
floor_both__support_random,ADE_vs_original,easy,eu-locality-008,39889,1.6322177995942246,1.6300247966369759,-0.13453801204579285,3.0381044060906137,3.4047206174920834,3.035650860574167
floor_both__support_random,ADE_vs_original,easy,eu-locality-020,593,1.254086834305215,1.253223968051889,-0.06885171967043746,3.1058809634637834,3.4635576182980197,3.1058809634637834
floor_both__support_random,ADE_vs_original,easy,eu-locality-048,1582,1.625387957747435,1.6249482722324062,-0.027058431492399393,3.08991480406743,3.7502350435442273,3.08991480406743
floor_both__support_random,ADE_vs_original,easy,eu-locality-067,1219,1.5810380944431233,1.5818995838314864,0.054459170301857096,3.1461894703954236,3.428429839970685,3.1479878813784223
floor_both__support_random,ADE_vs_original,easy,eu-locality-074,17048,1.9528753929945735,1.9522243420391074,-0.03334918745998561,3.3547904347516644,5.61127047610571,3.3586062285789375
floor_both__support_random,ADE_vs_original,easy,eu-locality-082,513,1.5166015630096752,1.517535347812425,0.06153298531700324,2.984061586701978,3.4065016070252896,2.984061586701978
floor_both__support_random,ADE_vs_original,easy,eu-locality-112,571,1.9761909572940421,1.973569015770039,-0.13285279121491023,3.2618785383107034,3.9100439491929566,3.2618785383107034
floor_both__support_random,ADE_vs_original,easy,eu-locality-126,2160,1.3256760276274522,1.3271163176002305,0.1085277871786472,2.937492106428995,3.4646340240959734,2.937492106428995
floor_both__support_random,ADE_vs_original,hard,eu-locality-008,28100,57.0492038075606,56.995059108118966,-0.09499893550233285,131.0540308206859,219.88245266532314,130.67167096666645
floor_both__support_random,ADE_vs_original,hard,eu-locality-020,30,43.8408185890737,43.8408185890737,0.0,64.72063289570352,69.65016417684733,64.72063289570352
floor_both__support_random,ADE_vs_original,hard,eu-locality-048,2478,59.52274662117912,59.519232000665944,-0.005905016572005373,127.6705045940677,211.76191803930743,127.6705045940677
floor_both__support_random,ADE_vs_original,hard,eu-locality-067,2296,60.08704968480422,60.065845577445224,-0.03530143820527076,137.04587330589663,210.41573167431284,137.04587330589663
floor_both__support_random,ADE_vs_original,hard,eu-locality-074,19310,55.83845184346485,55.79451623093243,-0.07874539560586147,128.48090206015135,230.62482444645585,128.31736205306856
floor_both__support_random,ADE_vs_original,hard,eu-locality-082,184,52.814339014742565,52.814339014742565,0.0,110.41707800047281,199.45076524670506,110.41707800047281
floor_both__support_random,ADE_vs_original,hard,eu-locality-112,1153,66.8881965371838,66.80873393935553,-0.1189404335971922,170.48331975237295,282.2924395893853,170.48331975237295
floor_both__support_random,ADE_vs_original,hard,eu-locality-126,1110,69.4461584618095,69.44217784163409,-0.005732280148951219,153.2366053199402,237.31079754913677,153.2366053199402
floor_both__support_random,FDE_vs_floor,endpoint,eu-locality-008,121088,33.53424308800283,34.1268805578543,1.7365708795059276,129.50928708604323,265.3982590324786,129.9408074196934
floor_both__support_random,FDE_vs_floor,endpoint,eu-locality-020,622,14.475004943794081,14.535865331661961,0.4186911922974046,53.963574416924075,102.34943144507893,52.375808020598235
floor_both__support_random,FDE_vs_floor,endpoint,eu-locality-048,5582,53.78387789577099,54.312413544533996,0.9731396825693017,201.11482859332256,336.4545610699454,202.36516697858983
floor_both__support_random,FDE_vs_floor,endpoint,eu-locality-067,4600,57.669079454960425,58.86831067946084,2.0371422428448027,195.19184470752597,381.6312506904558,196.12059702120067
floor_both__support_random,FDE_vs_floor,endpoint,eu-locality-074,81289,37.2128843072902,37.93165819072686,1.8949181705227192,129.09690591004863,267.1150552279769,130.65766401607394
floor_both__support_random,FDE_vs_floor,endpoint,eu-locality-082,859,23.85763933494245,24.253513715154355,1.6322351674947222,107.79588538582226,229.79762677801716,108.48198577750496
floor_both__support_random,FDE_vs_floor,endpoint,eu-locality-112,3719,44.72486065653018,45.68331959042426,2.0980501033794896,169.77715484984088,394.2574142197964,169.85900374901303
floor_both__support_random,FDE_vs_floor,endpoint,eu-locality-126,4579,36.69199299155835,37.293258892704124,1.6122643045909824,171.46528391189617,339.0230904102163,171.97826910961012
floor_both__support_random,ADE_vs_CV,easy,eu-locality-008,39889,1.6322177995942246,1.791172498853141,8.874337863086467,3.0381044060906137,3.4047206174920834,3.2504176960159774
floor_both__support_random,ADE_vs_CV,easy,eu-locality-020,593,1.254086834305215,1.2706472215919324,1.3033033091568669,3.1058809634637834,3.4635576182980197,3.051349724629029
floor_both__support_random,ADE_vs_CV,easy,eu-locality-048,1582,1.625387957747435,1.7551327263969017,7.3923052483796265,3.08991480406743,3.7502350435442273,3.2298308573246963
floor_both__support_random,ADE_vs_CV,easy,eu-locality-067,1219,1.5810380944431233,1.6528940070695597,4.347278913173069,3.1461894703954236,3.428429839970685,3.222473275402277
floor_both__support_random,ADE_vs_CV,easy,eu-locality-074,17048,1.9528753929945735,2.0239574238081066,3.512031922084169,3.3547904347516644,5.61127047610571,3.3016095862663026
floor_both__support_random,ADE_vs_CV,easy,eu-locality-082,513,1.5166015630096752,1.6221340438704122,6.505780533952454,2.984061586701978,3.4065016070252896,3.137173321764387
floor_both__support_random,ADE_vs_CV,easy,eu-locality-112,571,1.9761909572940421,2.110763890677913,6.375555976592451,3.2618785383107034,3.9100439491929566,3.3318797717711783
floor_both__support_random,ADE_vs_CV,easy,eu-locality-126,2160,1.3256760276274522,1.4931553251754432,11.216468556498803,2.937492106428995,3.4646340240959734,3.15811922069773
floor_both__combined,ADE_vs_floor,all,eu-locality-008,157961,17.256107898508336,17.466975925577778,1.207238322007742,60.98418256408891,126.24853487422469,61.24959048903298
floor_both__combined,ADE_vs_floor,all,eu-locality-020,1225,6.429894523167752,6.448501284113131,0.28854395968284097,21.020763749430696,43.524176184662124,20.950455289077674
floor_both__combined,ADE_vs_floor,all,eu-locality-048,8058,24.99500789729267,25.2057165027749,0.8359556272047874,85.64713396327933,148.43911878187527,86.31775306667878
floor_both__combined,ADE_vs_floor,all,eu-locality-067,6903,26.946587218909055,27.401641879979564,1.6606839220206893,88.5042343006725,160.9846648617185,88.7408126959883
floor_both__combined,ADE_vs_floor,all,eu-locality-074,102348,18.356217930533546,18.62450223451202,1.4404911368923967,60.91713957895328,125.95317433223634,61.509130432529204
floor_both__combined,ADE_vs_floor,all,eu-locality-082,1368,13.06851313341802,13.174770524047632,0.8065217563802296,50.57497731631109,100.8002615042556,50.57497731631109
floor_both__combined,ADE_vs_floor,all,eu-locality-112,5004,23.33918670032476,23.65488959344297,1.3346200237845163,83.91872194267576,176.7432925302825,83.91872194267576
floor_both__combined,ADE_vs_floor,all,eu-locality-126,5790,18.568496134822198,18.76141831163623,1.0282920705114162,81.8083058627529,151.13785009152224,82.1707199959473
floor_both__combined,ADE_vs_floor,easy,eu-locality-008,39889,1.6289295480836445,1.7241720949012762,5.523958257953665,3.034028085945305,3.399736877256542,3.1033643965504147
floor_both__combined,ADE_vs_floor,easy,eu-locality-020,593,1.254086834305215,1.2736100237440386,1.5329016790737282,3.1058809634637834,3.4635576182980197,3.0839156726310635
floor_both__combined,ADE_vs_floor,easy,eu-locality-048,1582,1.6191774552753284,1.6938727305913583,4.409733622073997,3.0868858511986756,3.7154966017495004,3.091778570545298
floor_both__combined,ADE_vs_floor,easy,eu-locality-067,1219,1.5784254165338796,1.611886085015975,2.0758705465072524,3.140556250142567,3.4251367321296815,3.1321490509109946
floor_both__combined,ADE_vs_floor,easy,eu-locality-074,17048,1.9525616347292185,2.009092341676263,2.8137435883050954,3.357694777488396,5.62120837379879,3.3126905574851873
floor_both__combined,ADE_vs_floor,easy,eu-locality-082,513,1.5138791475445503,1.578078341351625,4.068188005931828,2.984061586701978,3.4065016070252896,3.0061798004979905
floor_both__combined,ADE_vs_floor,easy,eu-locality-112,571,1.9703770800885703,2.024035064897236,2.651040277871375,3.25529012366641,3.8622394793202206,3.2155185149690704
floor_both__combined,ADE_vs_floor,easy,eu-locality-126,2160,1.3250522194308525,1.415028582644297,6.358625141359586,2.9364172948042953,3.4646340240959734,2.9758368738441074
floor_both__combined,ADE_vs_floor,hard,eu-locality-008,28100,57.13560713641694,57.62387890293079,0.8473427610389828,131.45634384408638,221.0174298365999,132.8382820550419
floor_both__combined,ADE_vs_floor,hard,eu-locality-020,30,43.8408185890737,43.04818478161064,-1.8412711511163637,64.72063289570352,69.65016417684733,64.72063289570352
floor_both__combined,ADE_vs_floor,hard,eu-locality-048,2478,59.51498290344526,60.05940424544668,0.906471432477951,127.6705045940677,211.76191803930743,129.96960939889047
floor_both__combined,ADE_vs_floor,hard,eu-locality-067,2296,60.08356594893229,61.33773875305253,2.044700097552621,137.04587330589663,210.41573167431284,137.54280661418298
floor_both__combined,ADE_vs_floor,hard,eu-locality-074,19310,55.87838616530519,56.82896386115632,1.6726993266559798,128.85358624031193,231.35397485851166,129.7771624011152
floor_both__combined,ADE_vs_floor,hard,eu-locality-082,184,52.97654560082826,53.15494887110422,0.3356287120293677,110.41707800047281,199.45076524670506,110.41707800047281
floor_both__combined,ADE_vs_floor,hard,eu-locality-112,1153,66.91658860719896,67.4193884187777,0.7457792533737906,170.48331975237295,282.2924395893853,170.91978833603577
floor_both__combined,ADE_vs_floor,hard,eu-locality-126,1110,69.45059271817873,69.8871553107803,0.624667852998495,153.2366053199402,237.31079754913677,153.2366053199402
floor_both__combined,ADE_vs_floor,complete,eu-locality-008,97352,15.529901049961508,15.768574512732343,1.5136020226693137,56.406211100758455,114.113075765354,56.424237953830755
floor_both__combined,ADE_vs_floor,complete,eu-locality-020,364,6.754456650832978,6.872005536476916,1.7105470160054925,22.937980186983854,49.70629992513765,22.937980186983854
floor_both__combined,ADE_vs_floor,complete,eu-locality-048,4716,24.66776370082174,24.91504683636528,0.9925052004422175,88.06005689575474,148.93476953887537,88.3433852319625
floor_both__combined,ADE_vs_floor,complete,eu-locality-067,3417,27.60484155791398,28.232630411573602,2.2236286329249344,87.81611306924334,159.2669354365236,88.08569753027201
floor_both__combined,ADE_vs_floor,complete,eu-locality-074,67309,17.852801329415996,18.16953654665365,1.7432212231961786,58.651931705414896,124.42527932715154,59.42379356510969
floor_both__combined,ADE_vs_floor,complete,eu-locality-082,582,10.112500896474431,10.222557460893151,1.0766049967412372,48.079933354230526,93.25443506324511,46.30650206106486
floor_both__combined,ADE_vs_floor,complete,eu-locality-112,2417,19.529188727407742,19.95082719378455,2.1133883937813125,67.36289050825208,157.72654095861347,68.8472149626773
floor_both__combined,ADE_vs_floor,complete,eu-locality-126,3637,18.047208624444245,18.278461410717412,1.265165492198228,79.33620099124832,151.5920844545885,79.33620099124832
floor_both__combined,ADE_vs_original,all,eu-locality-008,157961,17.256107898508336,17.22648962321291,-0.17193447964880537,60.98418256408891,126.24853487422469,60.93675003770371
floor_both__combined,ADE_vs_original,all,eu-locality-020,1225,6.429894523167752,6.426101672196769,-0.05902257954293333,21.020763749430696,43.524176184662124,21.020763749430696
floor_both__combined,ADE_vs_original,all,eu-locality-048,8058,24.99500789729267,24.99555073017434,0.0021717180290647953,85.64713396327933,148.43911878187527,85.80471967053724
floor_both__combined,ADE_vs_original,all,eu-locality-067,6903,26.946587218909055,26.93729462684132,-0.03449712451255582,88.5042343006725,160.9846648617185,88.08734144382846
floor_both__combined,ADE_vs_original,all,eu-locality-074,102348,18.356217930533546,18.338643144676595,-0.09583471207930128,60.91713957895328,125.95317433223634,60.832514719760034
floor_both__combined,ADE_vs_original,all,eu-locality-082,1368,13.06851313341802,13.030229525992757,-0.2938060864460912,50.57497731631109,100.8002615042556,50.57497731631109
floor_both__combined,ADE_vs_original,all,eu-locality-112,5004,23.33918670032476,23.311496680808833,-0.1187826757546695,83.91872194267576,176.7432925302825,83.58149871210851
floor_both__combined,ADE_vs_original,all,eu-locality-126,5790,18.568496134822198,18.56414896843217,-0.023416997985847843,81.8083058627529,151.13785009152224,81.8083058627529
floor_both__combined,ADE_vs_original,easy,eu-locality-008,39889,1.6289295480836445,1.6300247966369759,0.06719214060982859,3.034028085945305,3.399736877256542,3.035650860574167
floor_both__combined,ADE_vs_original,easy,eu-locality-020,593,1.254086834305215,1.253223968051889,-0.06885171967043746,3.1058809634637834,3.4635576182980197,3.1058809634637834
floor_both__combined,ADE_vs_original,easy,eu-locality-048,1582,1.6191774552753284,1.6249482722324062,0.3551385022951936,3.0868858511986756,3.7154966017495004,3.08991480406743
floor_both__combined,ADE_vs_original,easy,eu-locality-067,1219,1.5784254165338796,1.5818995838314864,0.2196199640682739,3.140556250142567,3.4251367321296815,3.1479878813784223
floor_both__combined,ADE_vs_original,easy,eu-locality-074,17048,1.9525616347292185,1.9522243420391074,-0.01727735295824484,3.357694777488396,5.62120837379879,3.3586062285789375
floor_both__combined,ADE_vs_original,easy,eu-locality-082,513,1.5138791475445503,1.517535347812425,0.24093015514565774,2.984061586701978,3.4065016070252896,2.984061586701978
floor_both__combined,ADE_vs_original,easy,eu-locality-112,571,1.9703770800885703,1.973569015770039,0.1617341808653805,3.25529012366641,3.8622394793202206,3.2618785383107034
floor_both__combined,ADE_vs_original,easy,eu-locality-126,2160,1.3250522194308525,1.3271163176002305,0.15553257404825604,2.9364172948042953,3.4646340240959734,2.937492106428995
floor_both__combined,ADE_vs_original,hard,eu-locality-008,28100,57.13560713641694,56.995059108118966,-0.2465968638287519,131.45634384408638,221.0174298365999,130.67167096666645
floor_both__combined,ADE_vs_original,hard,eu-locality-020,30,43.8408185890737,43.8408185890737,0.0,64.72063289570352,69.65016417684733,64.72063289570352
floor_both__combined,ADE_vs_original,hard,eu-locality-048,2478,59.51498290344526,59.519232000665944,0.007139032339398277,127.6705045940677,211.76191803930743,127.6705045940677
floor_both__combined,ADE_vs_original,hard,eu-locality-067,2296,60.08356594893229,60.065845577445224,-0.029501576672585905,137.04587330589663,210.41573167431284,137.04587330589663
floor_both__combined,ADE_vs_original,hard,eu-locality-074,19310,55.87838616530519,55.79451623093243,-0.15031931458213688,128.85358624031193,231.35397485851166,128.31736205306856
floor_both__combined,ADE_vs_original,hard,eu-locality-082,184,52.97654560082826,52.814339014742565,-0.3071260364357009,110.41707800047281,199.45076524670506,110.41707800047281
floor_both__combined,ADE_vs_original,hard,eu-locality-112,1153,66.91658860719896,66.80873393935553,-0.16143797597081289,170.48331975237295,282.2924395893853,170.48331975237295
floor_both__combined,ADE_vs_original,hard,eu-locality-126,1110,69.45059271817873,69.44217784163409,-0.012117817738710457,153.2366053199402,237.31079754913677,153.2366053199402
floor_both__combined,FDE_vs_floor,endpoint,eu-locality-008,121088,33.57825539717185,34.1268805578543,1.6076041868297364,129.79487204668862,267.12875760831554,129.9408074196934
floor_both__combined,FDE_vs_floor,endpoint,eu-locality-020,622,14.475004943794081,14.535865331661961,0.4186911922974046,53.963574416924075,102.34943144507893,52.375808020598235
floor_both__combined,FDE_vs_floor,endpoint,eu-locality-048,5582,53.75670822798798,54.312413544533996,1.0231644669783657,200.74529675278757,336.4545610699454,202.36516697858983
floor_both__combined,FDE_vs_floor,endpoint,eu-locality-067,4600,57.67062131627044,58.86831067946084,2.0345230725438035,195.19184470752597,381.6312506904558,196.12059702120067
floor_both__combined,FDE_vs_floor,endpoint,eu-locality-074,81289,37.22322226711763,37.93165819072686,1.867663997305613,129.23728590326678,267.63239225660595,130.65766401607394
floor_both__combined,FDE_vs_floor,endpoint,eu-locality-082,859,23.94553020918886,24.253513715154355,1.2698510804768803,108.48198577750496,229.79762677801716,108.48198577750496
floor_both__combined,FDE_vs_floor,endpoint,eu-locality-112,3719,44.725890802643164,45.68331959042426,2.095795131275413,169.77715484984088,394.2574142197964,169.85900374901303
floor_both__combined,FDE_vs_floor,endpoint,eu-locality-126,4579,36.693509355724494,37.293258892704124,1.6081982502659797,171.46528391189617,339.0230904102163,171.97826910961012
floor_both__combined,ADE_vs_CV,easy,eu-locality-008,39889,1.6289295480836445,1.791172498853141,9.057918814261502,3.034028085945305,3.399736877256542,3.2504176960159774
floor_both__combined,ADE_vs_CV,easy,eu-locality-020,593,1.254086834305215,1.2706472215919324,1.3033033091568669,3.1058809634637834,3.4635576182980197,3.051349724629029
floor_both__combined,ADE_vs_CV,easy,eu-locality-048,1582,1.6191774552753284,1.7551327263969017,7.746153272446509,3.0868858511986756,3.7154966017495004,3.2298308573246963
floor_both__combined,ADE_vs_CV,easy,eu-locality-067,1219,1.5784254165338796,1.6528940070695597,4.505345788488069,3.140556250142567,3.4251367321296815,3.222473275402277
floor_both__combined,ADE_vs_CV,easy,eu-locality-074,17048,1.9525616347292185,2.0239574238081066,3.527534138764432,3.357694777488396,5.62120837379879,3.3016095862663026
floor_both__combined,ADE_vs_CV,easy,eu-locality-082,513,1.5138791475445503,1.6221340438704122,6.6736097879781635,2.984061586701978,3.4065016070252896,3.137173321764387
floor_both__combined,ADE_vs_CV,easy,eu-locality-112,571,1.9703770800885703,2.110763890677913,6.650995462323117,3.25529012366641,3.8622394793202206,3.3318797717711783
floor_both__combined,ADE_vs_CV,easy,eu-locality-126,2160,1.3250522194308525,1.4931553251754432,11.258246406805593,2.9364172948042953,3.4646340240959734,3.15811922069773
floor_both__combined,matched_risk,all,eu-locality-008,157961,17.256107898508336,17.24364372623214,-0.07228270587169572,60.98418256408891,126.24853487422469,60.98176630138927
floor_both__combined,matched_risk,all,eu-locality-020,1225,6.429894523167752,6.429894523167752,0.0,21.020763749430696,43.524176184662124,21.020763749430696
floor_both__combined,matched_risk,all,eu-locality-048,8058,24.99500789729267,24.985755805711065,-0.03702946452190936,85.64713396327933,148.43911878187527,85.80471967053724
floor_both__combined,matched_risk,all,eu-locality-067,6903,26.946587218909055,26.955594828805932,0.033416476075132096,88.5042343006725,160.9846648617185,88.5042343006725
floor_both__combined,matched_risk,all,eu-locality-074,102348,18.356217930533546,18.349135282297365,-0.03859935701173711,60.91713957895328,125.95317433223634,60.87344791742416
floor_both__combined,matched_risk,all,eu-locality-082,1368,13.06851313341802,13.04632366054961,-0.17008218901932715,50.57497731631109,100.8002615042556,50.57497731631109
floor_both__combined,matched_risk,all,eu-locality-112,5004,23.33918670032476,23.327599701673538,-0.04967077110120677,83.91872194267576,176.7432925302825,83.58149871210851
floor_both__combined,matched_risk,all,eu-locality-126,5790,18.568496134822198,18.57212553620462,0.01954219712411165,81.8083058627529,151.13785009152224,81.8083058627529
floor_both__combined,matched_risk,easy,eu-locality-008,39889,1.6289295480836445,1.630379671123345,0.08894388622382454,3.034028085945305,3.399736877256542,3.036968094549346
floor_both__combined,matched_risk,easy,eu-locality-020,593,1.254086834305215,1.254086834305215,0.0,3.1058809634637834,3.4635576182980197,3.1058809634637834
floor_both__combined,matched_risk,easy,eu-locality-048,1582,1.6191774552753284,1.6225222697474913,0.2061490639930219,3.0868858511986756,3.7154966017495004,3.0868858511986756
floor_both__combined,matched_risk,easy,eu-locality-067,1219,1.5784254165338796,1.5798457776592785,0.08990504930824761,3.140556250142567,3.4251367321296815,3.1469768305902517
floor_both__combined,matched_risk,easy,eu-locality-074,17048,1.9525616347292185,1.9519977682579286,-0.028886635039193642,3.357694777488396,5.62120837379879,3.35712364671583
floor_both__combined,matched_risk,easy,eu-locality-082,513,1.5138791475445503,1.5154701539051327,0.10498434142584001,2.984061586701978,3.4065016070252896,2.984061586701978
floor_both__combined,matched_risk,easy,eu-locality-112,571,1.9703770800885703,1.9709942762189554,0.03131394838797874,3.25529012366641,3.8622394793202206,3.25529012366641
floor_both__combined,matched_risk,easy,eu-locality-126,2160,1.3250522194308525,1.3278167262827512,0.2081994297238543,2.9364172948042953,3.4646340240959734,2.940895828981818
floor_both__combined,matched_risk,hard,eu-locality-008,28100,57.13560713641694,57.06344195156435,-0.1264648299936777,131.45634384408638,221.0174298365999,130.7851322010849
floor_both__combined,matched_risk,hard,eu-locality-020,30,43.8408185890737,43.8408185890737,0.0,64.72063289570352,69.65016417684733,64.72063289570352
floor_both__combined,matched_risk,hard,eu-locality-048,2478,59.51498290344526,59.496503412657184,-0.031059792976240175,127.6705045940677,211.76191803930743,127.6705045940677
floor_both__combined,matched_risk,hard,eu-locality-067,2296,60.08356594893229,60.10609206579066,0.0374772607637075,137.04587330589663,210.41573167431284,137.04587330589663
floor_both__combined,matched_risk,hard,eu-locality-074,19310,55.87838616530519,55.831185691828004,-0.08454141335580978,128.85358624031193,231.35397485851166,128.50443244852033
floor_both__combined,matched_risk,hard,eu-locality-082,184,52.97654560082826,52.81806833091772,-0.30004366861287046,110.41707800047281,199.45076524670506,110.41707800047281
floor_both__combined,matched_risk,hard,eu-locality-112,1153,66.91658860719896,66.83865789786012,-0.11659526356428973,170.48331975237295,282.2924395893853,170.48331975237295
floor_both__combined,matched_risk,hard,eu-locality-126,1110,69.45059271817873,69.4499156820517,-0.0009748552181498837,153.2366053199402,237.31079754913677,153.2366053199402
floor_both__combined,matched_risk,complete,eu-locality-008,97352,15.529901049961508,15.524295429199174,-0.03610869677079798,56.406211100758455,114.113075765354,56.40369644646209
floor_both__combined,matched_risk,complete,eu-locality-020,364,6.754456650832978,6.754456650832978,0.0,22.937980186983854,49.70629992513765,22.937980186983854
floor_both__combined,matched_risk,complete,eu-locality-048,4716,24.66776370082174,24.664364745170857,-0.013780835979360084,88.06005689575474,148.93476953887537,88.06005689575474
floor_both__combined,matched_risk,complete,eu-locality-067,3417,27.60484155791398,27.623084096490437,0.066040918938437,87.81611306924334,159.2669354365236,87.81611306924334
floor_both__combined,matched_risk,complete,eu-locality-074,67309,17.852801329415996,17.854913924073145,0.011832006954126673,58.651931705414896,124.42527932715154,58.66637830854569
floor_both__combined,matched_risk,complete,eu-locality-082,582,10.112500896474431,10.110446976851685,-0.0203148251254337,48.079933354230526,93.25443506324511,48.079933354230526
floor_both__combined,matched_risk,complete,eu-locality-112,2417,19.529188727407742,19.531303565898394,0.01082794337570192,67.36289050825208,157.72654095861347,66.96118973625356
floor_both__combined,matched_risk,complete,eu-locality-126,3637,18.047208624444245,18.051782287448248,0.0253363514536864,79.33620099124832,151.5920844545885,79.33620099124832
floor_both__combined,matched_random,all,eu-locality-008,157961,17.256107898508336,17.24157528862898,-0.08428817921841691,60.98418256408891,126.24853487422469,60.94730001686062
floor_both__combined,matched_random,all,eu-locality-020,1225,6.429894523167752,6.429894523167752,0.0,21.020763749430696,43.524176184662124,21.020763749430696
floor_both__combined,matched_random,all,eu-locality-048,8058,24.99500789729267,24.990566853295135,-0.01777088140340055,85.64713396327933,148.43911878187527,85.86707355613386
floor_both__combined,matched_random,all,eu-locality-067,6903,26.946587218909055,26.945474875495258,-0.0041281269635762285,88.5042343006725,160.9846648617185,88.65184990830237
floor_both__combined,matched_random,all,eu-locality-074,102348,18.356217930533546,18.349757884996453,-0.03520507233707448,60.91713957895328,125.95317433223634,60.84914444413855
floor_both__combined,matched_random,all,eu-locality-082,1368,13.06851313341802,13.043153902010877,-0.1944256090026908,50.57497731631109,100.8002615042556,50.57497731631109
floor_both__combined,matched_random,all,eu-locality-112,5004,23.33918670032476,23.3366071802489,-0.011053535143035198,83.91872194267576,176.7432925302825,83.91872194267576
floor_both__combined,matched_random,all,eu-locality-126,5790,18.568496134822198,18.568371655074785,-0.000670385910650495,81.8083058627529,151.13785009152224,81.8083058627529
floor_both__combined,matched_random,easy,eu-locality-008,39889,1.6289295480836445,1.6322177995942246,0.2014591135691357,3.034028085945305,3.399736877256542,3.0381044060906137
floor_both__combined,matched_random,easy,eu-locality-020,593,1.254086834305215,1.254086834305215,0.0,3.1058809634637834,3.4635576182980197,3.1058809634637834
floor_both__combined,matched_random,easy,eu-locality-048,1582,1.6191774552753284,1.625387957747435,0.38209354526740347,3.0868858511986756,3.7154966017495004,3.08991480406743
floor_both__combined,matched_random,easy,eu-locality-067,1219,1.5784254165338796,1.5810380944431233,0.16525078797445802,3.140556250142567,3.4251367321296815,3.1461894703954236
floor_both__combined,matched_random,easy,eu-locality-074,17048,1.9525616347292185,1.9528753929945735,0.016066476462373025,3.357694777488396,5.62120837379879,3.3547904347516644
floor_both__combined,matched_random,easy,eu-locality-082,513,1.5138791475445503,1.5166015630096752,0.17950762622994665,2.984061586701978,3.4065016070252896,2.984061586701978
floor_both__combined,matched_random,easy,eu-locality-112,571,1.9703770800885703,1.9761909572940421,0.29419612431749176,3.25529012366641,3.8622394793202206,3.2618785383107034
floor_both__combined,matched_random,easy,eu-locality-126,2160,1.3250522194308525,1.3256760276274522,0.047055855548361336,2.9364172948042953,3.4646340240959734,2.937492106428995
floor_both__combined,matched_random,hard,eu-locality-008,28100,57.13560713641694,57.0492038075606,-0.151454048592492,131.45634384408638,221.0174298365999,131.0540308206859
floor_both__combined,matched_random,hard,eu-locality-020,30,43.8408185890737,43.8408185890737,0.0,64.72063289570352,69.65016417684733,64.72063289570352
floor_both__combined,matched_random,hard,eu-locality-048,2478,59.51498290344526,59.52274662117912,0.013043278703639416,127.6705045940677,211.76191803930743,127.6705045940677
floor_both__combined,matched_random,hard,eu-locality-067,2296,60.08356594893229,60.08704968480422,0.0057978148206738744,137.04587330589663,210.41573167431284,137.04587330589663
floor_both__combined,matched_random,hard,eu-locality-074,19310,55.87838616530519,55.83845184346485,-0.07151760215753367,128.85358624031193,231.35397485851166,128.48090206015135
floor_both__combined,matched_random,hard,eu-locality-082,184,52.97654560082826,52.814339014742565,-0.3071260364357009,110.41707800047281,199.45076524670506,110.41707800047281
floor_both__combined,matched_random,hard,eu-locality-112,1153,66.91658860719896,66.8881965371838,-0.04244705566156526,170.48331975237295,282.2924395893853,170.48331975237295
floor_both__combined,matched_random,hard,eu-locality-126,1110,69.45059271817873,69.4461584618095,-0.0063851715738305614,153.2366053199402,237.31079754913677,153.2366053199402
floor_both__combined,matched_random,complete,eu-locality-008,97352,15.529901049961508,15.523419603446483,-0.041752698056196635,56.406211100758455,114.113075765354,56.404853947087744
floor_both__combined,matched_random,complete,eu-locality-020,364,6.754456650832978,6.754456650832978,0.0,22.937980186983854,49.70629992513765,22.937980186983854
floor_both__combined,matched_random,complete,eu-locality-048,4716,24.66776370082174,24.672466713649655,0.01906178608931386,88.06005689575474,148.93476953887537,88.08727981259585
floor_both__combined,matched_random,complete,eu-locality-067,3417,27.60484155791398,27.601797226700644,-0.011029467350742728,87.81611306924334,159.2669354365236,88.07447888556281
floor_both__combined,matched_random,complete,eu-locality-074,67309,17.852801329415996,17.85409041746517,0.007220127259532916,58.651931705414896,124.42527932715154,58.651931705414896
floor_both__combined,matched_random,complete,eu-locality-082,582,10.112500896474431,10.102188242061716,-0.10208337209336449,48.079933354230526,93.25443506324511,48.079933354230526
floor_both__combined,matched_random,complete,eu-locality-112,2417,19.529188727407742,19.525246440492197,-0.020190715275014703,67.36289050825208,157.72654095861347,66.96118973625356
floor_both__combined,matched_random,complete,eu-locality-126,3637,18.047208624444245,18.046351548479358,-0.004749303273765548,79.33620099124832,151.5920844545885,79.33620099124832
floor_both__combined_risk,ADE_vs_floor,all,eu-locality-008,157961,17.24364372623214,17.466975925577778,1.2785968234982237,60.98176630138927,125.8168436990386,61.24959048903298
floor_both__combined_risk,ADE_vs_floor,all,eu-locality-020,1225,6.429894523167752,6.448501284113131,0.28854395968284097,21.020763749430696,43.524176184662124,20.950455289077674
floor_both__combined_risk,ADE_vs_floor,all,eu-locality-048,8058,24.985755805711065,25.2057165027749,0.8726619496796317,85.80471967053724,148.43911878187527,86.31775306667878
floor_both__combined_risk,ADE_vs_floor,all,eu-locality-067,6903,26.955594828805932,27.401641879979564,1.627811403153645,88.5042343006725,160.9846648617185,88.7408126959883
floor_both__combined_risk,ADE_vs_floor,all,eu-locality-074,102348,18.349135282297365,18.62450223451202,1.4785197947700723,60.87344791742416,125.69872280292789,61.509130432529204
floor_both__combined_risk,ADE_vs_floor,all,eu-locality-082,1368,13.04632366054961,13.174770524047632,0.9749457363494196,50.57497731631109,99.68977167861865,50.57497731631109
floor_both__combined_risk,ADE_vs_floor,all,eu-locality-112,5004,23.327599701673538,23.65488959344297,1.383603548334278,83.58149871210851,176.7432925302825,83.91872194267576
floor_both__combined_risk,ADE_vs_floor,all,eu-locality-126,5790,18.57212553620462,18.76141831163623,1.0089470438074843,81.8083058627529,151.13785009152224,82.1707199959473
floor_both__combined_risk,ADE_vs_floor,easy,eu-locality-008,39889,1.630379671123345,1.7241720949012762,5.439852788204513,3.036968094549346,3.403278748073187,3.1033643965504147
floor_both__combined_risk,ADE_vs_floor,easy,eu-locality-020,593,1.254086834305215,1.2736100237440386,1.5329016790737282,3.1058809634637834,3.4635576182980197,3.0839156726310635
floor_both__combined_risk,ADE_vs_floor,easy,eu-locality-048,1582,1.6225222697474913,1.6938727305913583,4.212268109361295,3.0868858511986756,3.7154966017495004,3.091778570545298
floor_both__combined_risk,ADE_vs_floor,easy,eu-locality-067,1219,1.5798457776592785,1.611886085015975,1.9877525871425994,3.1469768305902517,3.4251367321296815,3.1321490509109946
floor_both__combined_risk,ADE_vs_floor,easy,eu-locality-074,17048,1.9519977682579286,2.009092341676263,2.841809320257449,3.35712364671583,5.592450492572548,3.3126905574851873
floor_both__combined_risk,ADE_vs_floor,easy,eu-locality-082,513,1.5154701539051327,1.578078341351625,3.96736878049212,2.984061586701978,3.4065016070252896,3.0061798004979905
floor_both__combined_risk,ADE_vs_floor,easy,eu-locality-112,571,1.9709942762189554,2.024035064897236,2.620546926195355,3.25529012366641,3.8622394793202206,3.2155185149690704
floor_both__combined_risk,ADE_vs_floor,easy,eu-locality-126,2160,1.3278167262827512,1.415028582644297,6.1632575787671335,2.940895828981818,3.4701725568083637,2.9758368738441074
floor_both__combined_risk,ADE_vs_floor,hard,eu-locality-008,28100,57.06344195156435,57.62387890293079,0.9725776223959426,130.7851322010849,219.81770871754114,132.8382820550419
floor_both__combined_risk,ADE_vs_floor,hard,eu-locality-020,30,43.8408185890737,43.04818478161064,-1.8412711511163637,64.72063289570352,69.65016417684733,64.72063289570352
floor_both__combined_risk,ADE_vs_floor,hard,eu-locality-048,2478,59.496503412657184,60.05940424544668,0.9372401206130365,127.6705045940677,211.76191803930743,129.96960939889047
floor_both__combined_risk,ADE_vs_floor,hard,eu-locality-067,2296,60.10609206579066,61.33773875305253,2.007975370954751,137.04587330589663,210.41573167431284,137.54280661418298
floor_both__combined_risk,ADE_vs_floor,hard,eu-locality-074,19310,55.831185691828004,56.82896386115632,1.7557563987372182,128.50443244852033,231.35397485851166,129.7771624011152
floor_both__combined_risk,ADE_vs_floor,hard,eu-locality-082,184,52.81806833091772,53.15494887110422,0.6337707915088031,110.41707800047281,199.45076524670506,110.41707800047281
floor_both__combined_risk,ADE_vs_floor,hard,eu-locality-112,1153,66.83865789786012,67.4193884187777,0.8613702000830337,170.48331975237295,282.2924395893853,170.91978833603577
floor_both__combined_risk,ADE_vs_floor,hard,eu-locality-126,1110,69.4499156820517,69.8871553107803,0.6256366091655141,153.2366053199402,237.31079754913677,153.2366053199402
floor_both__combined_risk,ADE_vs_floor,complete,eu-locality-008,97352,15.524295429199174,15.768574512732343,1.5491513410798463,56.40369644646209,113.84694582856272,56.424237953830755
floor_both__combined_risk,ADE_vs_floor,complete,eu-locality-020,364,6.754456650832978,6.872005536476916,1.7105470160054925,22.937980186983854,49.70629992513765,22.937980186983854
floor_both__combined_risk,ADE_vs_floor,complete,eu-locality-048,4716,24.664364745170857,24.91504683636528,1.0061473809013122,88.06005689575474,148.93476953887537,88.3433852319625
floor_both__combined_risk,ADE_vs_floor,complete,eu-locality-067,3417,27.623084096490437,28.232630411573602,2.1590135463725346,87.81611306924334,159.2669354365236,88.08569753027201
floor_both__combined_risk,ADE_vs_floor,complete,eu-locality-074,67309,17.854913924073145,18.16953654665365,1.7315940985762168,58.66637830854569,124.49483645127741,59.42379356510969
floor_both__combined_risk,ADE_vs_floor,complete,eu-locality-082,582,10.110446976851685,10.222557460893151,1.0966970297829004,48.079933354230526,93.25443506324511,46.30650206106486
floor_both__combined_risk,ADE_vs_floor,complete,eu-locality-112,2417,19.531303565898394,19.95082719378455,2.102788139114631,66.96118973625356,157.72654095861347,68.8472149626773
floor_both__combined_risk,ADE_vs_floor,complete,eu-locality-126,3637,18.051782287448248,18.278461410717412,1.2401433478216761,79.33620099124832,151.5920844545885,79.33620099124832
floor_both__combined_risk,ADE_vs_original,all,eu-locality-008,157961,17.24364372623214,17.22648962321291,-0.09957979480692547,60.98176630138927,125.8168436990386,60.93675003770371
floor_both__combined_risk,ADE_vs_original,all,eu-locality-020,1225,6.429894523167752,6.426101672196769,-0.05902257954293333,21.020763749430696,43.524176184662124,21.020763749430696
floor_both__combined_risk,ADE_vs_original,all,eu-locality-048,8058,24.985755805711065,24.99555073017434,0.03918667193617553,85.80471967053724,148.43911878187527,85.80471967053724
floor_both__combined_risk,ADE_vs_original,all,eu-locality-067,6903,26.955594828805932,26.93729462684132,-0.06793630250594429,88.5042343006725,160.9846648617185,88.08734144382846
floor_both__combined_risk,ADE_vs_original,all,eu-locality-074,102348,18.349135282297365,18.338643144676595,-0.05721327111278818,60.87344791742416,125.69872280292789,60.832514719760034
floor_both__combined_risk,ADE_vs_original,all,eu-locality-082,1368,13.04632366054961,13.030229525992757,-0.12351382241386766,50.57497731631109,99.68977167861865,50.57497731631109
floor_both__combined_risk,ADE_vs_original,all,eu-locality-112,5004,23.327599701673538,23.311496680808833,-0.06907759328023122,83.58149871210851,176.7432925302825,83.58149871210851
floor_both__combined_risk,ADE_vs_original,all,eu-locality-126,5790,18.57212553620462,18.56414896843217,-0.04296759192146116,81.8083058627529,151.13785009152224,81.8083058627529
floor_both__combined_risk,ADE_vs_original,easy,eu-locality-008,39889,1.630379671123345,1.6300247966369759,-0.02177110968504259,3.036968094549346,3.403278748073187,3.035650860574167
floor_both__combined_risk,ADE_vs_original,easy,eu-locality-020,593,1.254086834305215,1.253223968051889,-0.06885171967043746,3.1058809634637834,3.4635576182980197,3.1058809634637834
floor_both__combined_risk,ADE_vs_original,easy,eu-locality-048,1582,1.6225222697474913,1.6249482722324062,0.14929721310956712,3.0868858511986756,3.7154966017495004,3.08991480406743
floor_both__combined_risk,ADE_vs_original,easy,eu-locality-067,1219,1.5798457776592785,1.5818995838314864,0.12983163995994307,3.1469768305902517,3.4251367321296815,3.1479878813784223
floor_both__combined_risk,ADE_vs_original,easy,eu-locality-074,17048,1.9519977682579286,1.9522243420391074,0.011605929518443414,3.35712364671583,5.592450492572548,3.3586062285789375
floor_both__combined_risk,ADE_vs_original,easy,eu-locality-082,513,1.5154701539051327,1.517535347812425,0.13608868553007802,2.984061586701978,3.4065016070252896,2.984061586701978
floor_both__combined_risk,ADE_vs_original,easy,eu-locality-112,571,1.9709942762189554,1.973569015770039,0.1304610849942267,3.25529012366641,3.8622394793202206,3.2618785383107034
floor_both__combined_risk,ADE_vs_original,easy,eu-locality-126,2160,1.3278167262827512,1.3271163176002305,-0.05277673654011661,2.940895828981818,3.4701725568083637,2.937492106428995
floor_both__combined_risk,ADE_vs_original,hard,eu-locality-008,28100,57.06344195156435,56.995059108118966,-0.11998030095146106,130.7851322010849,219.81770871754114,130.67167096666645
floor_both__combined_risk,ADE_vs_original,hard,eu-locality-020,30,43.8408185890737,43.8408185890737,0.0,64.72063289570352,69.65016417684733,64.72063289570352
floor_both__combined_risk,ADE_vs_original,hard,eu-locality-048,2478,59.496503412657184,59.519232000665944,0.038186964523512223,127.6705045940677,211.76191803930743,127.6705045940677
floor_both__combined_risk,ADE_vs_original,hard,eu-locality-067,2296,60.10609206579066,60.065845577445224,-0.06700394868086601,137.04587330589663,210.41573167431284,137.04587330589663
floor_both__combined_risk,ADE_vs_original,hard,eu-locality-074,19310,55.831185691828004,55.79451623093243,-0.06572233863235688,128.50443244852033,231.35397485851166,128.31736205306856
floor_both__combined_risk,ADE_vs_original,hard,eu-locality-082,184,52.81806833091772,52.814339014742565,-0.007061181195711086,110.41707800047281,199.45076524670506,110.41707800047281
floor_both__combined_risk,ADE_vs_original,hard,eu-locality-112,1153,66.83865789786012,66.80873393935553,-0.04479048881804726,170.48331975237295,282.2924395893853,170.48331975237295
floor_both__combined_risk,ADE_vs_original,hard,eu-locality-126,1110,69.4499156820517,69.44217784163409,-0.011142853893852944,153.2366053199402,237.31079754913677,153.2366053199402
floor_both__combined_risk,FDE_vs_floor,endpoint,eu-locality-008,121088,33.54051519911312,34.1268805578543,1.7181920795459993,129.61006199558372,265.01024299288963,129.9408074196934
floor_both__combined_risk,FDE_vs_floor,endpoint,eu-locality-020,622,14.475004943794081,14.535865331661961,0.4186911922974046,53.963574416924075,102.34943144507893,52.375808020598235
floor_both__combined_risk,FDE_vs_floor,endpoint,eu-locality-048,5582,53.7843093365696,54.312413544533996,0.972345313896561,201.11482859332256,336.4545610699454,202.36516697858983
floor_both__combined_risk,FDE_vs_floor,endpoint,eu-locality-067,4600,57.69770342608226,58.86831067946084,1.9885185082897272,195.19184470752597,381.6312506904558,196.12059702120067
floor_both__combined_risk,FDE_vs_floor,endpoint,eu-locality-074,81289,37.212223306874634,37.93165819072686,1.8966607793278634,129.09690591004863,267.04611095806325,130.65766401607394
floor_both__combined_risk,FDE_vs_floor,endpoint,eu-locality-082,859,23.871361947910284,24.253513715154355,1.575655270952725,107.79588538582226,229.79762677801716,108.48198577750496
floor_both__combined_risk,FDE_vs_floor,endpoint,eu-locality-112,3719,44.699129385603385,45.68331959042426,2.154375412392695,168.66020962034,394.2574142197964,169.85900374901303
floor_both__combined_risk,FDE_vs_floor,endpoint,eu-locality-126,4579,36.70526857943597,37.293258892704124,1.576666482700928,171.46528391189617,339.0230904102163,171.97826910961012
floor_both__combined_risk,ADE_vs_CV,easy,eu-locality-008,39889,1.630379671123345,1.791172498853141,8.976959384579054,3.036968094549346,3.403278748073187,3.2504176960159774
floor_both__combined_risk,ADE_vs_CV,easy,eu-locality-020,593,1.254086834305215,1.2706472215919324,1.3033033091568669,3.1058809634637834,3.4635576182980197,3.051349724629029
floor_both__combined_risk,ADE_vs_CV,easy,eu-locality-048,1582,1.6225222697474913,1.7551327263969017,7.555579965832293,3.0868858511986756,3.7154966017495004,3.2298308573246963
floor_both__combined_risk,ADE_vs_CV,easy,eu-locality-067,1219,1.5798457776592785,1.6528940070695597,4.419414015529622,3.1469768305902517,3.4251367321296815,3.222473275402277
floor_both__combined_risk,ADE_vs_CV,easy,eu-locality-074,17048,1.9519977682579286,2.0239574238081066,3.555393740189694,3.35712364671583,5.592450492572548,3.3016095862663026
floor_both__combined_risk,ADE_vs_CV,easy,eu-locality-082,513,1.5154701539051327,1.6221340438704122,6.575528722076463,2.984061586701978,3.4065016070252896,3.137173321764387
floor_both__combined_risk,ADE_vs_CV,easy,eu-locality-112,571,1.9709942762189554,2.110763890677913,6.621755046892908,3.25529012366641,3.8622394793202206,3.3318797717711783
floor_both__combined_risk,ADE_vs_CV,easy,eu-locality-126,2160,1.3278167262827512,1.4931553251754432,11.073101110446437,2.940895828981818,3.4701725568083637,3.15811922069773
floor_both__combined_random,ADE_vs_floor,all,eu-locality-008,157961,17.24157528862898,17.466975925577778,1.2904388138460288,60.94730001686062,125.75379408815205,61.24959048903298
floor_both__combined_random,ADE_vs_floor,all,eu-locality-020,1225,6.429894523167752,6.448501284113131,0.28854395968284097,21.020763749430696,43.524176184662124,20.950455289077674
floor_both__combined_random,ADE_vs_floor,all,eu-locality-048,8058,24.990566853295135,25.2057165027749,0.8535748208390759,85.86707355613386,148.43911878187527,86.31775306667878
floor_both__combined_random,ADE_vs_floor,all,eu-locality-067,6903,26.945474875495258,27.401641879979564,1.6647433262661382,88.65184990830237,160.9846648617185,88.7408126959883
floor_both__combined_random,ADE_vs_floor,all,eu-locality-074,102348,18.349757884996453,18.62450223451202,1.4751768721445457,60.84914444413855,125.69872280292789,61.509130432529204
floor_both__combined_random,ADE_vs_floor,all,eu-locality-082,1368,13.043153902010877,13.174770524047632,0.9990050437426512,50.57497731631109,99.68977167861865,50.57497731631109
floor_both__combined_random,ADE_vs_floor,all,eu-locality-112,5004,23.3366071802489,23.65488959344297,1.345524830867506,83.91872194267576,176.7432925302825,83.91872194267576
floor_both__combined_random,ADE_vs_floor,all,eu-locality-126,5790,18.568371655074785,18.76141831163623,1.0289555584489851,81.8083058627529,151.13785009152224,82.1707199959473
floor_both__combined_random,ADE_vs_floor,easy,eu-locality-008,39889,1.6322177995942246,1.7241720949012762,5.333243449362102,3.0381044060906137,3.4047206174920834,3.1033643965504147
floor_both__combined_random,ADE_vs_floor,easy,eu-locality-020,593,1.254086834305215,1.2736100237440386,1.5329016790737282,3.1058809634637834,3.4635576182980197,3.0839156726310635
floor_both__combined_random,ADE_vs_floor,easy,eu-locality-048,1582,1.625387957747435,1.6938727305913583,4.0430884568295795,3.08991480406743,3.7502350435442273,3.091778570545298
floor_both__combined_random,ADE_vs_floor,easy,eu-locality-067,1219,1.5810380944431233,1.611886085015975,1.913782298861777,3.1461894703954236,3.428429839970685,3.1321490509109946
floor_both__combined_random,ADE_vs_floor,easy,eu-locality-074,17048,1.9528753929945735,2.009092341676263,2.798126672205903,3.3547904347516644,5.61127047610571,3.3126905574851873
floor_both__combined_random,ADE_vs_floor,easy,eu-locality-082,513,1.5166015630096752,1.578078341351625,3.895673410566869,2.984061586701978,3.4065016070252896,3.0061798004979905
floor_both__combined_random,ADE_vs_floor,easy,eu-locality-112,571,1.9761909572940421,2.024035064897236,2.363798356705993,3.2618785383107034,3.9100439491929566,3.2155185149690704
floor_both__combined_random,ADE_vs_floor,easy,eu-locality-126,2160,1.3256760276274522,1.415028582644297,6.3145406469365835,2.937492106428995,3.4646340240959734,2.9758368738441074
floor_both__combined_random,ADE_vs_floor,hard,eu-locality-008,28100,57.0492038075606,57.62387890293079,0.9972863790343678,131.0540308206859,219.88245266532314,132.8382820550419
floor_both__combined_random,ADE_vs_floor,hard,eu-locality-020,30,43.8408185890737,43.04818478161064,-1.8412711511163637,64.72063289570352,69.65016417684733,64.72063289570352
floor_both__combined_random,ADE_vs_floor,hard,eu-locality-048,2478,59.52274662117912,60.05940424544668,0.8935447013000419,127.6705045940677,211.76191803930743,129.96960939889047
floor_both__combined_random,ADE_vs_floor,hard,eu-locality-067,2296,60.08704968480422,61.33773875305253,2.0390205013647744,137.04587330589663,210.41573167431284,137.54280661418298
floor_both__combined_random,ADE_vs_floor,hard,eu-locality-074,19310,55.83845184346485,56.82896386115632,1.7429703981784117,128.48090206015135,230.62482444645585,129.7771624011152
floor_both__combined_random,ADE_vs_floor,hard,eu-locality-082,184,52.814339014742565,53.15494887110422,0.6407867255927568,110.41707800047281,199.45076524670506,110.41707800047281
floor_both__combined_random,ADE_vs_floor,hard,eu-locality-112,1153,66.8881965371838,67.4193884187777,0.7878918721338501,170.48331975237295,282.2924395893853,170.91978833603577
floor_both__combined_random,ADE_vs_floor,hard,eu-locality-126,1110,69.4461584618095,69.8871553107803,0.6310127333266524,153.2366053199402,237.31079754913677,153.2366053199402
floor_both__combined_random,ADE_vs_floor,complete,eu-locality-008,97352,15.523419603446483,15.768574512732343,1.5547055891952044,56.404853947087744,113.764949414557,56.424237953830755
floor_both__combined_random,ADE_vs_floor,complete,eu-locality-020,364,6.754456650832978,6.872005536476916,1.7105470160054925,22.937980186983854,49.70629992513765,22.937980186983854
floor_both__combined_random,ADE_vs_floor,complete,eu-locality-048,4716,24.672466713649655,24.91504683636528,0.9736290054312202,88.08727981259585,148.93476953887537,88.3433852319625
floor_both__combined_random,ADE_vs_floor,complete,eu-locality-067,3417,27.601797226700644,28.232630411573602,2.2344116565715333,88.07447888556281,159.2669354365236,88.08569753027201
floor_both__combined_random,ADE_vs_floor,complete,eu-locality-074,67309,17.85409041746517,18.16953654665365,1.7361264464754722,58.651931705414896,124.42527932715154,59.42379356510969
floor_both__combined_random,ADE_vs_floor,complete,eu-locality-082,582,10.102188242061716,10.222557460893151,1.1774863510614852,48.079933354230526,93.25443506324511,46.30650206106486
floor_both__combined_random,ADE_vs_floor,complete,eu-locality-112,2417,19.525246440492197,19.95082719378455,2.1331484111342447,66.96118973625356,157.72654095861347,68.8472149626773
floor_both__combined_random,ADE_vs_floor,complete,eu-locality-126,3637,18.046351548479358,18.278461410717412,1.2698544862313144,79.33620099124832,151.5920844545885,79.33620099124832
floor_both__combined_random,ADE_vs_original,all,eu-locality-008,157961,17.24157528862898,17.22648962321291,-0.08757248717545796,60.94730001686062,125.75379408815205,60.93675003770371
floor_both__combined_random,ADE_vs_original,all,eu-locality-020,1225,6.429894523167752,6.426101672196769,-0.05902257954293333,21.020763749430696,43.524176184662124,21.020763749430696
floor_both__combined_random,ADE_vs_original,all,eu-locality-048,8058,24.990566853295135,24.99555073017434,0.019939056086448748,85.86707355613386,148.43911878187527,85.80471967053724
floor_both__combined_random,ADE_vs_original,all,eu-locality-067,6903,26.945474875495258,26.93729462684132,-0.030367743929948787,88.65184990830237,160.9846648617185,88.08734144382846
floor_both__combined_random,ADE_vs_original,all,eu-locality-074,102348,18.349757884996453,18.338643144676595,-0.06060830254546179,60.84914444413855,125.69872280292789,60.832514719760034
floor_both__combined_random,ADE_vs_original,all,eu-locality-082,1368,13.043153902010877,13.030229525992757,-0.09918763128722308,50.57497731631109,99.68977167861865,50.57497731631109
floor_both__combined_random,ADE_vs_original,all,eu-locality-112,5004,23.3366071802489,23.311496680808833,-0.10771723404932043,83.91872194267576,176.7432925302825,83.58149871210851
floor_both__combined_random,ADE_vs_original,all,eu-locality-126,5790,18.568371655074785,18.56414896843217,-0.02274645958613153,81.8083058627529,151.13785009152224,81.8083058627529
floor_both__combined_random,ADE_vs_original,easy,eu-locality-008,39889,1.6322177995942246,1.6300247966369759,-0.13453801204579285,3.0381044060906137,3.4047206174920834,3.035650860574167
floor_both__combined_random,ADE_vs_original,easy,eu-locality-020,593,1.254086834305215,1.253223968051889,-0.06885171967043746,3.1058809634637834,3.4635576182980197,3.1058809634637834
floor_both__combined_random,ADE_vs_original,easy,eu-locality-048,1582,1.625387957747435,1.6249482722324062,-0.027058431492399393,3.08991480406743,3.7502350435442273,3.08991480406743
floor_both__combined_random,ADE_vs_original,easy,eu-locality-067,1219,1.5810380944431233,1.5818995838314864,0.054459170301857096,3.1461894703954236,3.428429839970685,3.1479878813784223
floor_both__combined_random,ADE_vs_original,easy,eu-locality-074,17048,1.9528753929945735,1.9522243420391074,-0.03334918745998561,3.3547904347516644,5.61127047610571,3.3586062285789375
floor_both__combined_random,ADE_vs_original,easy,eu-locality-082,513,1.5166015630096752,1.517535347812425,0.06153298531700324,2.984061586701978,3.4065016070252896,2.984061586701978
floor_both__combined_random,ADE_vs_original,easy,eu-locality-112,571,1.9761909572940421,1.973569015770039,-0.13285279121491023,3.2618785383107034,3.9100439491929566,3.2618785383107034
floor_both__combined_random,ADE_vs_original,easy,eu-locality-126,2160,1.3256760276274522,1.3271163176002305,0.1085277871786472,2.937492106428995,3.4646340240959734,2.937492106428995
floor_both__combined_random,ADE_vs_original,hard,eu-locality-008,28100,57.0492038075606,56.995059108118966,-0.09499893550233285,131.0540308206859,219.88245266532314,130.67167096666645
floor_both__combined_random,ADE_vs_original,hard,eu-locality-020,30,43.8408185890737,43.8408185890737,0.0,64.72063289570352,69.65016417684733,64.72063289570352
floor_both__combined_random,ADE_vs_original,hard,eu-locality-048,2478,59.52274662117912,59.519232000665944,-0.005905016572005373,127.6705045940677,211.76191803930743,127.6705045940677
floor_both__combined_random,ADE_vs_original,hard,eu-locality-067,2296,60.08704968480422,60.065845577445224,-0.03530143820527076,137.04587330589663,210.41573167431284,137.04587330589663
floor_both__combined_random,ADE_vs_original,hard,eu-locality-074,19310,55.83845184346485,55.79451623093243,-0.07874539560586147,128.48090206015135,230.62482444645585,128.31736205306856
floor_both__combined_random,ADE_vs_original,hard,eu-locality-082,184,52.814339014742565,52.814339014742565,0.0,110.41707800047281,199.45076524670506,110.41707800047281
floor_both__combined_random,ADE_vs_original,hard,eu-locality-112,1153,66.8881965371838,66.80873393935553,-0.1189404335971922,170.48331975237295,282.2924395893853,170.48331975237295
floor_both__combined_random,ADE_vs_original,hard,eu-locality-126,1110,69.4461584618095,69.44217784163409,-0.005732280148951219,153.2366053199402,237.31079754913677,153.2366053199402
floor_both__combined_random,FDE_vs_floor,endpoint,eu-locality-008,121088,33.53424308800283,34.1268805578543,1.7365708795059276,129.50928708604323,265.3982590324786,129.9408074196934
floor_both__combined_random,FDE_vs_floor,endpoint,eu-locality-020,622,14.475004943794081,14.535865331661961,0.4186911922974046,53.963574416924075,102.34943144507893,52.375808020598235
floor_both__combined_random,FDE_vs_floor,endpoint,eu-locality-048,5582,53.78387789577099,54.312413544533996,0.9731396825693017,201.11482859332256,336.4545610699454,202.36516697858983
floor_both__combined_random,FDE_vs_floor,endpoint,eu-locality-067,4600,57.669079454960425,58.86831067946084,2.0371422428448027,195.19184470752597,381.6312506904558,196.12059702120067
floor_both__combined_random,FDE_vs_floor,endpoint,eu-locality-074,81289,37.2128843072902,37.93165819072686,1.8949181705227192,129.09690591004863,267.1150552279769,130.65766401607394
floor_both__combined_random,FDE_vs_floor,endpoint,eu-locality-082,859,23.85763933494245,24.253513715154355,1.6322351674947222,107.79588538582226,229.79762677801716,108.48198577750496
floor_both__combined_random,FDE_vs_floor,endpoint,eu-locality-112,3719,44.72486065653018,45.68331959042426,2.0980501033794896,169.77715484984088,394.2574142197964,169.85900374901303
floor_both__combined_random,FDE_vs_floor,endpoint,eu-locality-126,4579,36.69199299155835,37.293258892704124,1.6122643045909824,171.46528391189617,339.0230904102163,171.97826910961012
floor_both__combined_random,ADE_vs_CV,easy,eu-locality-008,39889,1.6322177995942246,1.791172498853141,8.874337863086467,3.0381044060906137,3.4047206174920834,3.2504176960159774
floor_both__combined_random,ADE_vs_CV,easy,eu-locality-020,593,1.254086834305215,1.2706472215919324,1.3033033091568669,3.1058809634637834,3.4635576182980197,3.051349724629029
floor_both__combined_random,ADE_vs_CV,easy,eu-locality-048,1582,1.625387957747435,1.7551327263969017,7.3923052483796265,3.08991480406743,3.7502350435442273,3.2298308573246963
floor_both__combined_random,ADE_vs_CV,easy,eu-locality-067,1219,1.5810380944431233,1.6528940070695597,4.347278913173069,3.1461894703954236,3.428429839970685,3.222473275402277
floor_both__combined_random,ADE_vs_CV,easy,eu-locality-074,17048,1.9528753929945735,2.0239574238081066,3.512031922084169,3.3547904347516644,5.61127047610571,3.3016095862663026
floor_both__combined_random,ADE_vs_CV,easy,eu-locality-082,513,1.5166015630096752,1.6221340438704122,6.505780533952454,2.984061586701978,3.4065016070252896,3.137173321764387
floor_both__combined_random,ADE_vs_CV,easy,eu-locality-112,571,1.9761909572940421,2.110763890677913,6.375555976592451,3.2618785383107034,3.9100439491929566,3.3318797717711783
floor_both__combined_random,ADE_vs_CV,easy,eu-locality-126,2160,1.3256760276274522,1.4931553251754432,11.216468556498803,2.937492106428995,3.4646340240959734,3.15811922069773
