{
  "source": "fresh_run",
  "experiments": {
    "external_strongest_baseline": {
      "rows": 66303,
      "all_improvement": 0.0,
      "t10_improvement": 0.0,
      "t25_improvement": 0.0,
      "t50_improvement": 0.0,
      "t100_improvement": 0.0,
      "hard_failure_improvement": 0.0,
      "easy_degradation": 0.0,
      "selector_regret": 0.5566711034667043,
      "switch_rate": 0.0,
      "mean_confidence": 0.0
    },
    "external_oracle_diagnostic": {
      "rows": 66303,
      "all_improvement": 0.5287384605992389,
      "t10_improvement": 0.8081338701695995,
      "t25_improvement": 0.6986947623641362,
      "t50_improvement": 0.22982786182653314,
      "t100_improvement": 0.031178318499455848,
      "hard_failure_improvement": 0.5221832727451992,
      "easy_degradation": 0.0,
      "selector_regret": 0.0,
      "switch_rate": 0.9978281525722817,
      "mean_confidence": 1.0
    },
    "external_only_selector": {
      "rows": 66303,
      "all_improvement": 0.12131890857784355,
      "t10_improvement": 0.30620476404756647,
      "t25_improvement": 0.0,
      "t50_improvement": 0.0,
      "t100_improvement": 0.0,
      "hard_failure_improvement": 0.1398494448930071,
      "easy_degradation": 0.0004114683717719725,
      "selector_regret": 0.4289430569144169,
      "switch_rate": 0.04999773765892946,
      "mean_confidence": 0.03720055893063545
    },
    "domain_conditioned_selector_v2": {
      "rows": 66303,
      "all_improvement": 0.12131890857784355,
      "t10_improvement": 0.30620476404756647,
      "t25_improvement": 0.0,
      "t50_improvement": 0.0,
      "t100_improvement": 0.0,
      "hard_failure_improvement": 0.1398494448930071,
      "easy_degradation": 0.0004114683717719725,
      "selector_regret": 0.4289430569144169,
      "switch_rate": 0.04999773765892946,
      "mean_confidence": 0.03720055893063545
    },
    "selective_transfer_selector": {
      "rows": 66303,
      "all_improvement": 0.12131890857784355,
      "t10_improvement": 0.30620476404756647,
      "t25_improvement": 0.0,
      "t50_improvement": 0.0,
      "t100_improvement": 0.0,
      "hard_failure_improvement": 0.1398494448930071,
      "easy_degradation": 0.0004114683717719725,
      "selector_regret": 0.4289430569144169,
      "switch_rate": 0.04999773765892946,
      "mean_confidence": 0.03720055893063545
    },
    "hard_only_selector": {
      "rows": 66303,
      "all_improvement": 0.12131890857784355,
      "t10_improvement": 0.30620476404756647,
      "t25_improvement": 0.0,
      "t50_improvement": 0.0,
      "t100_improvement": 0.0,
      "hard_failure_improvement": 0.1398494448930071,
      "easy_degradation": 0.0004114683717719725,
      "selector_regret": 0.4289430569144169,
      "switch_rate": 0.04999773765892946,
      "mean_confidence": 0.03720055893063545
    },
    "easy_safe_selector": {
      "rows": 66303,
      "all_improvement": 0.12131890857784355,
      "t10_improvement": 0.30620476404756647,
      "t25_improvement": 0.0,
      "t50_improvement": 0.0,
      "t100_improvement": 0.0,
      "hard_failure_improvement": 0.1398494448930071,
      "easy_degradation": 0.0004114683717719725,
      "selector_regret": 0.4289430569144169,
      "switch_rate": 0.04999773765892946,
      "mean_confidence": 0.03720055893063545
    },
    "goal_aware_selector": {
      "rows": 66303,
      "all_improvement": 0.12131890857784355,
      "t10_improvement": 0.30620476404756647,
      "t25_improvement": 0.0,
      "t50_improvement": 0.0,
      "t100_improvement": 0.0,
      "hard_failure_improvement": 0.1398494448930071,
      "easy_degradation": 0.0004114683717719725,
      "selector_regret": 0.4289430569144169,
      "switch_rate": 0.04999773765892946,
      "mean_confidence": 0.03720055893063545
    },
    "interaction_aware_selector": {
      "rows": 66303,
      "all_improvement": 0.12131890857784355,
      "t10_improvement": 0.30620476404756647,
      "t25_improvement": 0.0,
      "t50_improvement": 0.0,
      "t100_improvement": 0.0,
      "hard_failure_improvement": 0.1398494448930071,
      "easy_degradation": 0.0004114683717719725,
      "selector_regret": 0.4289430569144169,
      "switch_rate": 0.04999773765892946,
      "mean_confidence": 0.03720055893063545
    },
    "M3W_latent_plus_external_geometry_selector": {
      "rows": 66303,
      "all_improvement": 0.12131890857784355,
      "t10_improvement": 0.30620476404756647,
      "t25_improvement": 0.0,
      "t50_improvement": 0.0,
      "t100_improvement": 0.0,
      "hard_failure_improvement": 0.1398494448930071,
      "easy_degradation": 0.0004114683717719725,
      "selector_regret": 0.4289430569144169,
      "switch_rate": 0.04999773765892946,
      "mean_confidence": 0.03720055893063545
    }
  },
  "best_model": "external_only_selector",
  "best_metrics": {
    "rows": 66303,
    "all_improvement": 0.12131890857784355,
    "t10_improvement": 0.30620476404756647,
    "t25_improvement": 0.0,
    "t50_improvement": 0.0,
    "t100_improvement": 0.0,
    "hard_failure_improvement": 0.1398494448930071,
    "easy_degradation": 0.0004114683717719725,
    "selector_regret": 0.4289430569144169,
    "switch_rate": 0.04999773765892946,
    "mean_confidence": 0.03720055893063545
  },
  "deployable": false
}