{
  "source": "fresh_run",
  "strongest_baseline": "scene_clamped_baseline",
  "easy_threshold": 0.43915146589279175,
  "failure_threshold": 2.197258472442627,
  "splits": {
    "train": {
      "rows": 158942,
      "easy": 39736,
      "hard": 131433,
      "failure": 64528,
      "oracle_headroom": 0.46283990144729614
    },
    "val": {
      "rows": 112746,
      "easy": 35967,
      "hard": 78283,
      "failure": 39068,
      "oracle_headroom": 0.5199509859085083
    },
    "test": {
      "rows": 66303,
      "easy": 20798,
      "hard": 45917,
      "failure": 22891,
      "oracle_headroom": 0.5287383794784546
    }
  },
  "enough_hard": true,
  "enough_failure": true,
  "learning_space": true
}