{
  "model": "stage6_baseline_failure_predictor",
  "uses_future_inputs": false,
  "central_velocity_used": false,
  "x_mean": [
    1.3128787538786368,
    0.943262758369271,
    0.2033051982458561,
    -0.07101912415792525,
    1.7985890948003833,
    0.21153601952004808,
    0.27842376556818393,
    0.03408133905742233,
    0.0009257856252408781,
    0.8178967647049248,
    0.2570900542613785,
    0.012952283036045646,
    0.0030965026998517158,
    0.0694173022613314,
    0.41633699633699595,
    0.7509157509157509,
    0.2490842490842491,
    0.7509157509157509,
    0.26982369806757117,
    0.38865029484109137,
    0.6717194748174021,
    0.06598696523428768,
    0.1952625152625156,
    0.23311941680641163,
    0.08222593554737537,
    0.1564285714285714,
    0.009483608282226427
  ],
  "x_scale": [
    2.032797592185044,
    1.7266045497187201,
    1.7137971171700108,
    0.8675975031966611,
    2.5479210704841515,
    0.6976778361821231,
    0.6252826205918014,
    0.6514946558297564,
    0.053386818523293335,
    1.7513559167721604,
    0.2767507821868956,
    0.020722434969547628,
    0.005181354292451464,
    0.14501229644121652,
    0.38869433453662283,
    0.4324827001654333,
    0.4324827001654333,
    0.4324827001654333,
    0.3414668238091057,
    0.3194570726112704,
    0.4286224664745009,
    0.187795202946754,
    0.28116425753311053,
    0.25485725225790307,
    0.09853589169879123,
    0.10356100743328368,
    0.015901941316515088
  ],
  "coef": [
    -2.2553891033948275,
    0.23486080686186822,
    -0.7775078780934326,
    0.6956433382106071,
    -0.05977454752618993,
    0.6353697340740333,
    -0.3884817870131855,
    -0.294058097920879,
    0.3244336918545938,
    -0.3322354586815137,
    -0.28604827356975626,
    -0.15842285564992495,
    0.3783878259261821,
    0.17586573549678633,
    0.8414324945104713,
    0.7609063774624826,
    0.03067115565588174,
    -0.03067115565588174,
    0.03067115565588174,
    -0.3093507649087192,
    -0.5690246225283067,
    -0.39409598235911186,
    0.2409704147602888,
    -0.28298666631495434,
    -0.3232425764181019,
    -0.49097231944418757,
    0.28655080321518667,
    -0.3560467814964196
  ],
  "train_samples": 273,
  "val_samples": 76,
  "test_samples": 76
}