group,action,metric,subset,locality,rows,model_error,reference_error,gain_percent,model_p95,model_p99,reference_p95
fold1_seed17_all,original_neural,ADE_vs_floor,all,eu-locality-008,157961,17.451634628991744,17.39461485452092,-0.32780130487342074,62.87302414194277,128.51404258376382,60.901524840130136
fold1_seed17_all,original_neural,ADE_vs_floor,all,eu-locality-020,1225,6.439493951730469,6.454131713950232,0.22679676939538762,20.950455289077674,42.958840384020256,20.840106881217874
fold1_seed17_all,original_neural,ADE_vs_floor,all,eu-locality-048,8058,25.786901478425918,25.144477231120284,-2.5549318102765506,87.73057049295781,157.41281262375918,85.65711123273013
fold1_seed17_all,original_neural,ADE_vs_floor,all,eu-locality-067,6903,27.759314784141008,27.34478547410642,-1.51593549866067,91.30935437858474,165.05475528355058,88.61761282974824
fold1_seed17_all,original_neural,ADE_vs_floor,all,eu-locality-074,102348,19.007863864897327,18.646452258173927,-1.9382325480439277,63.23144042409485,130.82214262899737,61.67655316701959
fold1_seed17_all,original_neural,ADE_vs_floor,all,eu-locality-082,1368,13.435323974091496,13.31492526900714,-0.9042386844228423,51.77887705037489,100.89176991053361,51.33307131828658
fold1_seed17_all,original_neural,ADE_vs_floor,all,eu-locality-112,5004,23.721897963479805,23.67403823868376,-0.20216122113818624,84.75159849780272,185.7800808901213,83.91872194267576
fold1_seed17_all,original_neural,ADE_vs_floor,all,eu-locality-126,5790,19.183798231178837,18.815797357405835,-1.9558080201589778,85.50485641980151,157.09863889864567,82.70914875351129
fold1_seed17_all,original_neural,ADE_vs_floor,easy,eu-locality-008,39889,1.5366009382434336,1.7243479527289463,10.888000544691979,2.8777468091938565,3.4011930810888926,3.10302716520485
fold1_seed17_all,original_neural,ADE_vs_floor,easy,eu-locality-020,593,1.2241077852665543,1.2634681870928663,3.1152665518929257,3.0318566298574696,3.3279908748399865,3.0462253444924383
fold1_seed17_all,original_neural,ADE_vs_floor,easy,eu-locality-048,1582,1.5626612820564845,1.691706559598439,7.628112382125307,3.033568116033023,4.072799562578827,3.080321842954575
fold1_seed17_all,original_neural,ADE_vs_floor,easy,eu-locality-067,1219,1.5462550268117954,1.6070554939116386,3.7833458352985905,3.137297774569242,3.4360957796123297,3.125280103751406
fold1_seed17_all,original_neural,ADE_vs_floor,easy,eu-locality-074,17048,1.8385125551726027,2.006190904847624,8.358045551390681,3.2519953789774925,5.264497973072901,3.3143761140128665
fold1_seed17_all,original_neural,ADE_vs_floor,easy,eu-locality-082,513,1.5060909527345225,1.5710258646135113,4.133280892543645,2.9699561025970858,3.399770284704364,2.9984720219030083
fold1_seed17_all,original_neural,ADE_vs_floor,easy,eu-locality-112,571,1.8838260251265722,2.0131556427536705,6.42422348677405,3.2012554596203366,3.7999425096836634,3.1756828589252075
fold1_seed17_all,original_neural,ADE_vs_floor,easy,eu-locality-126,2160,1.2912373881994457,1.4157682242008178,8.795990323322034,2.780660997830115,3.4578024321712837,2.969935701845944
fold1_seed17_all,original_neural,ADE_vs_floor,hard,eu-locality-008,28100,58.82571724924267,57.401958434538855,-2.4803314268928123,134.7183688185524,225.46389059620284,133.17983950050248
fold1_seed17_all,original_neural,ADE_vs_floor,hard,eu-locality-020,30,43.81825835804657,43.880918153877474,0.14279508831418486,64.04793996418368,69.65016417684733,64.72063289570352
fold1_seed17_all,original_neural,ADE_vs_floor,hard,eu-locality-048,2478,61.73556647968492,59.97138276134088,-2.9417092571713654,131.3036714713954,215.9780862126551,129.86404667789589
fold1_seed17_all,original_neural,ADE_vs_floor,hard,eu-locality-067,2296,61.97804207397322,61.203434924820094,-1.265626921274321,142.53039066070582,211.98572422895387,136.10693578016483
fold1_seed17_all,original_neural,ADE_vs_floor,hard,eu-locality-074,19310,58.28188375660267,56.94403787206682,-2.3494046690919923,134.48011203704453,237.59120440092207,129.62403299007295
fold1_seed17_all,original_neural,ADE_vs_floor,hard,eu-locality-082,184,55.35174536540634,54.163490799463844,-2.1938293643995577,115.9007203365748,199.4350034906187,111.15642414153585
fold1_seed17_all,original_neural,ADE_vs_floor,hard,eu-locality-112,1153,68.855634707951,67.48585912533657,-2.029722374979981,173.29575179437632,312.16727648534334,172.32982222631605
fold1_seed17_all,original_neural,ADE_vs_floor,hard,eu-locality-126,1110,72.86806886994209,70.19633186651023,-3.806092045539655,160.69598223874476,234.6020391416837,153.398248311701
fold1_seed17_all,original_neural,ADE_vs_floor,complete,eu-locality-008,97352,15.739579518533164,15.696217938750706,-0.2762549548665838,58.38953477922299,117.65526956368456,56.042965125667955
fold1_seed17_all,original_neural,ADE_vs_floor,complete,eu-locality-020,364,6.77929010339328,6.855459049754582,1.1110699634917842,22.682718227503177,49.70629992513765,22.937980186983854
fold1_seed17_all,original_neural,ADE_vs_floor,complete,eu-locality-048,4716,25.777404896716906,24.87267307818552,-3.6374531023964485,90.44939469547495,158.47641501717695,88.08727981259585
fold1_seed17_all,original_neural,ADE_vs_floor,complete,eu-locality-067,3417,28.469836166330012,28.11187429576858,-1.2733475783054171,90.7467838815698,162.91253676157967,88.05258726870653
fold1_seed17_all,original_neural,ADE_vs_floor,complete,eu-locality-074,67309,18.671846817843164,18.199967308464785,-2.5927492142192365,61.7626949615376,129.197076596412,59.587760388307856
fold1_seed17_all,original_neural,ADE_vs_floor,complete,eu-locality-082,582,10.322008630660662,10.14404468275235,-1.7543687303635425,48.19172118275565,93.54065837621897,46.30650206106486
fold1_seed17_all,original_neural,ADE_vs_floor,complete,eu-locality-112,2417,19.92557009955364,20.019693847691933,0.4701557818734825,69.87075222657477,166.89078526843704,68.16569900614174
fold1_seed17_all,original_neural,ADE_vs_floor,complete,eu-locality-126,3637,18.76311549232992,18.343236245897547,-2.2890140038744677,84.08239065345869,164.23264234057686,79.33620099124832
fold1_seed17_all,original_neural,ADE_vs_floor,partial,eu-locality-008,60609,20.20158907657154,20.122631098710094,-0.3923839654671468,69.5588105296115,145.6709748276955,69.08712050222117
fold1_seed17_all,original_neural,ADE_vs_floor,partial,eu-locality-020,861,6.295840294116922,6.284464872797172,-0.18100859102561095,19.979117977348317,40.11869080861428,19.65836635238612
fold1_seed17_all,original_neural,ADE_vs_floor,partial,eu-locality-048,3342,25.800302399832177,25.528028513358578,-1.0665684047286295,81.28024626091147,153.4931695486789,83.2032682819049
fold1_seed17_all,original_neural,ADE_vs_floor,partial,eu-locality-067,3486,27.062857078191545,26.59287999400901,-1.7673041967940728,92.42691025873694,165.54385505546844,89.57756281025205
fold1_seed17_all,original_neural,ADE_vs_floor,partial,eu-locality-074,35039,19.653343799261002,19.50413813619479,-0.764994905308436,65.77737999635153,134.61264880743056,65.55358316900735
fold1_seed17_all,original_neural,ADE_vs_floor,partial,eu-locality-082,786,15.740603274189134,15.66282921455458,-0.4965517951398102,54.22413936680799,102.3730102006377,52.84963841574215
fold1_seed17_all,original_neural,ADE_vs_floor,partial,eu-locality-112,2587,27.268757046243458,27.088244034210344,-0.6663887544912095,98.9014372044378,197.23458912134922,96.80442825231987
fold1_seed17_all,original_neural,ADE_vs_floor,partial,eu-locality-126,2153,19.894445291649586,19.614081037180867,-1.4294029576876532,86.85407428116426,149.32359671746252,84.69814760496907
fold1_seed17_all,original_neural,ADE_vs_floor,endpoint,eu-locality-008,121088,17.30941854508382,17.277517010624432,-0.18464189292806132,64.0880252500895,129.89719962836386,61.78320290721466
fold1_seed17_all,original_neural,ADE_vs_floor,endpoint,eu-locality-020,622,7.045020523516331,7.069019877632898,0.339500447473684,24.767553584165828,41.43936474820229,23.193478034070854
fold1_seed17_all,original_neural,ADE_vs_floor,endpoint,eu-locality-048,5582,26.497019032302983,25.703981949845993,-3.085269371898791,91.80743637126339,163.93658182955238,89.32464647691123
fold1_seed17_all,original_neural,ADE_vs_floor,endpoint,eu-locality-067,4600,28.989746273911447,28.473017294693364,-1.814802322739384,91.4345891139224,172.3080192547819,88.95975759903506
fold1_seed17_all,original_neural,ADE_vs_floor,endpoint,eu-locality-074,81289,19.65288464139081,19.209055108174876,-2.310522463059894,65.00433551632563,137.12272794460588,63.35850818893647
fold1_seed17_all,original_neural,ADE_vs_floor,endpoint,eu-locality-082,859,12.087826477573767,11.976887656079086,-0.9262742097974952,52.352177285238206,101.93554190315359,51.850390589866755
fold1_seed17_all,original_neural,ADE_vs_floor,endpoint,eu-locality-112,3719,23.85735453904455,23.779980311052185,-0.325375492242963,86.61979315746174,190.7905379998893,85.42925749298479
fold1_seed17_all,original_neural,ADE_vs_floor,endpoint,eu-locality-126,4579,18.759969976220972,18.389525005463984,-2.0144346884811926,84.06714217371301,157.17576759316756,79.75066184792317
fold1_seed17_all,original_neural,ADE_vs_floor,easy_complete,eu-locality-008,28571,1.4819841344095686,1.7009472782492556,12.873011799934241,2.7033165491682025,3.26241781243502,3.053032277788849
fold1_seed17_all,original_neural,ADE_vs_floor,easy_complete,eu-locality-020,178,1.3010152277668818,1.3548644219460297,3.9745079512681247,3.0263611567801405,3.325721298545609,3.007716293724164
fold1_seed17_all,original_neural,ADE_vs_floor,easy_complete,eu-locality-048,1146,1.518626388982901,1.6711733295859044,9.128133982415964,2.800543491493108,3.710517106626515,3.0203870000949595
fold1_seed17_all,original_neural,ADE_vs_floor,easy_complete,eu-locality-067,551,1.582812116658903,1.6682729803277236,5.122714608255075,3.078780325807186,3.5055461836758575,3.089622175604263
fold1_seed17_all,original_neural,ADE_vs_floor,easy_complete,eu-locality-074,11433,1.785004095442548,1.9943198059111846,10.495594029012945,3.161808507895965,5.858557351817226,3.3069480676375833
fold1_seed17_all,original_neural,ADE_vs_floor,easy_complete,eu-locality-082,284,1.4174597339080144,1.4889217129831498,4.799579350075889,2.799013808148283,3.2661781630222095,2.8676160103460266
fold1_seed17_all,original_neural,ADE_vs_floor,easy_complete,eu-locality-112,330,1.799165336413737,1.956737718044224,8.052810562060507,3.2081805210892744,3.879411120243982,3.16520642651851
fold1_seed17_all,original_neural,ADE_vs_floor,easy_complete,eu-locality-126,1425,1.2914069051795163,1.4499730601132752,10.935800070752444,2.742838981406517,3.3389632542798435,2.9533926629715967
fold1_seed17_all,original_neural,ADE_vs_floor,hard_complete,eu-locality-008,16020,56.86499993817315,54.921144484156265,-3.5393571497361,126.07013139939137,216.880389944044,123.16838044417278
fold1_seed17_all,original_neural,ADE_vs_floor,hard_complete,eu-locality-020,12,43.781301733230265,43.9907556570682,0.4761316797345816,62.9047951209938,66.68741576262705,62.9047951209938
fold1_seed17_all,original_neural,ADE_vs_floor,hard_complete,eu-locality-048,1483,63.032704233430174,60.378206679641636,-4.396449811556891,133.18605442676267,213.03629916569784,129.74665839250656
fold1_seed17_all,original_neural,ADE_vs_floor,hard_complete,eu-locality-067,1231,58.89296492168835,58.65182479915897,-0.4111383121584211,142.04291380604946,208.1196815417212,130.37937798369035
fold1_seed17_all,original_neural,ADE_vs_floor,hard_complete,eu-locality-074,12476,57.746661446927185,56.057235908205485,-3.0137510552395996,132.48933258744938,239.32415377954004,127.76191447574689
fold1_seed17_all,original_neural,ADE_vs_floor,hard_complete,eu-locality-082,57,56.60681375392227,54.1959623212826,-4.448396761271156,112.22482304349282,129.3054324794315,111.63859838617915
fold1_seed17_all,original_neural,ADE_vs_floor,hard_complete,eu-locality-112,449,66.92586369734026,65.38808168452798,-2.351777224833551,172.23780707090177,316.334053662744,172.51160488506287
fold1_seed17_all,original_neural,ADE_vs_floor,hard_complete,eu-locality-126,695,72.86451992190887,69.59249739210061,-4.701688619353472,168.71374132685642,230.9857209846146,154.53201140826133
fold1_seed17_all,original_neural,FDE_vs_floor,all,eu-locality-008,121088,34.26017314048652,33.920480040806694,-1.001439541159721,134.94567912363564,273.9316855931774,129.00917729467994
fold1_seed17_all,original_neural,FDE_vs_floor,all,eu-locality-020,622,14.384067134787053,14.468038958219397,0.5803953367476855,54.18434016797015,99.18086841907973,52.375808020598235
fold1_seed17_all,original_neural,FDE_vs_floor,all,eu-locality-048,5582,56.89823966249913,54.1956623095951,-4.986704171019141,213.11270170767014,353.53464147564245,202.36516697858983
fold1_seed17_all,original_neural,FDE_vs_floor,all,eu-locality-067,4600,60.52937372294642,58.626755102909264,-3.2453077382458506,203.62276209978012,394.0447029702928,195.84787627467875
fold1_seed17_all,original_neural,FDE_vs_floor,all,eu-locality-074,81289,39.58047268308184,38.0223297944879,-4.097967949401715,136.37360446246305,281.2297935382183,130.69053585883913
fold1_seed17_all,original_neural,FDE_vs_floor,all,eu-locality-082,859,25.18161837706169,24.8160625538385,-1.4730613385186109,113.02788739776699,242.82094698920608,113.0556753805091
fold1_seed17_all,original_neural,FDE_vs_floor,all,eu-locality-112,3719,46.13139452259298,45.757921344492864,-0.8161934963967887,181.0853954643256,420.67114394082915,167.8142942957759
fold1_seed17_all,original_neural,FDE_vs_floor,all,eu-locality-126,4579,38.7031643977614,37.4635453730063,-3.3088673600237595,183.3071952225856,369.7432829866043,174.73891138116818
fold1_seed17_all,original_neural,FDE_vs_floor,easy,eu-locality-008,32900,2.262480158603964,2.82349163161948,19.8694221981361,4.861541627340801,8.517908604507676,5.764499652301305
fold1_seed17_all,original_neural,FDE_vs_floor,easy,eu-locality-020,290,2.1776002062233357,2.284297764907499,4.6709128872471695,5.650319203253406,8.117093400465636,5.510004780476717
fold1_seed17_all,original_neural,FDE_vs_floor,easy,eu-locality-048,1250,2.4197015789398604,2.8583911979365233,15.34743107638148,5.351732213351233,10.95640517539204,5.940635535827595
fold1_seed17_all,original_neural,FDE_vs_floor,easy,eu-locality-067,734,2.5243824499551133,2.7400933197188144,7.872391360227004,6.283198648209014,11.272529747130795,6.159309644436956
fold1_seed17_all,original_neural,FDE_vs_floor,easy,eu-locality-074,12940,3.0642496570966613,3.575026705405718,14.28736315554573,7.767609097890822,15.760815457719014,7.881170996318663
fold1_seed17_all,original_neural,FDE_vs_floor,easy,eu-locality-082,391,2.3232375074168883,2.519829557692073,7.801799517553265,5.290271741315822,7.239878371521971,5.4370479440029476
fold1_seed17_all,original_neural,FDE_vs_floor,easy,eu-locality-112,423,2.931651401004335,3.3809167898867476,13.288271105230653,7.728486336185604,12.160143033600434,7.2959124108582305
fold1_seed17_all,original_neural,FDE_vs_floor,easy,eu-locality-126,1768,2.0064735477657587,2.3730464513429483,15.447354743930097,4.917536242060464,7.788709946383802,5.254428126600292
fold1_seed17_all,original_neural,FDE_vs_floor,hard,eu-locality-008,22002,121.14350268376336,115.9381896498327,-4.489731165936117,284.2495092006082,484.809236798081,279.2095497143285
fold1_seed17_all,original_neural,FDE_vs_floor,hard,eu-locality-020,18,89.28776442359735,89.46963811272323,0.20327978626306642,117.3151892488592,125.35412109059021,117.3151892488592
fold1_seed17_all,original_neural,FDE_vs_floor,hard,eu-locality-048,1769,139.7824875635142,132.18967240185162,-5.743879248433803,303.22185375480325,450.330153257117,292.6400508335233
fold1_seed17_all,original_neural,FDE_vs_floor,hard,eu-locality-067,1633,129.6497373281237,126.27915355531397,-2.6691529661966973,311.0635396217242,454.6588358272158,292.2990598362391
fold1_seed17_all,original_neural,FDE_vs_floor,hard,eu-locality-074,16042,119.36214853321898,114.42829091104564,-4.3117463198055095,283.1514388806379,488.6598631930599,271.50954843675544
fold1_seed17_all,original_neural,FDE_vs_floor,hard,eu-locality-082,103,128.87594863417215,125.0338087432191,-3.072880790861632,275.8757296900002,384.9003515886814,277.93782304116826
fold1_seed17_all,original_neural,FDE_vs_floor,hard,eu-locality-112,847,141.6529449707762,136.74504090803208,-3.5890910779316165,385.8889937020062,625.456663177057,387.3095468654183
fold1_seed17_all,original_neural,FDE_vs_floor,hard,eu-locality-126,868,155.12895630751729,146.42752549081254,-5.942483004843724,381.7058653169035,543.5917133284125,362.11048170639896
fold1_seed17_all,original_neural,FDE_vs_floor,complete,eu-locality-008,97352,31.212246997387176,30.86206198965393,-1.134677935164019,124.24828741060233,247.04726319369587,117.94458295541463
fold1_seed17_all,original_neural,FDE_vs_floor,complete,eu-locality-020,364,14.02880130158953,14.24866361962751,1.5430381676996063,57.42336195362734,104.22276055606251,57.42336195362734
fold1_seed17_all,original_neural,FDE_vs_floor,complete,eu-locality-048,4716,55.77849958127751,52.78505756254611,-5.671002660524538,209.00184909361826,340.22507437862686,197.12872882760925
fold1_seed17_all,original_neural,FDE_vs_floor,complete,eu-locality-067,3417,59.84575696734962,58.35896627307172,-2.547664547930739,200.3081849231849,394.5902657386637,190.6097981763269
fold1_seed17_all,original_neural,FDE_vs_floor,complete,eu-locality-074,67309,37.69947562603061,36.04335386518785,-4.594804820431309,129.54574394270168,266.3013494259623,123.4280672175055
fold1_seed17_all,original_neural,FDE_vs_floor,complete,eu-locality-082,582,20.71963751281581,20.19108037638645,-2.6177754066469605,101.05798186988082,206.35026306181413,100.06965657397332
fold1_seed17_all,original_neural,FDE_vs_floor,complete,eu-locality-112,2417,37.95211033900204,38.02515032457592,0.19208335785768638,139.5127512900511,359.9272270213915,133.10947546944618
fold1_seed17_all,original_neural,FDE_vs_floor,complete,eu-locality-126,3637,38.964669791550364,37.59226649752005,-3.650759642600554,184.64280308512886,381.72102862533023,174.7819372754886
fold1_seed17_all,original_neural,FDE_vs_floor,partial,eu-locality-008,23736,46.76108761145922,46.464426540462256,-0.6384692399864722,178.3187247245241,353.38356306424123,173.86584801165313
fold1_seed17_all,original_neural,FDE_vs_floor,partial,eu-locality-020,258,14.885294899453324,14.777545249876168,-0.7291444401299252,50.52160752263893,80.91138501947854,48.995983895651484
fold1_seed17_all,original_neural,FDE_vs_floor,partial,eu-locality-048,866,62.996038996264936,61.87743134779728,-1.8077797091806458,233.6736663665784,393.48486748673645,227.03540839811407
fold1_seed17_all,original_neural,FDE_vs_floor,partial,eu-locality-067,1183,62.50394553518164,59.40024152011548,-5.225069689346484,210.32556433996805,388.8132633418334,207.11494222439552
fold1_seed17_all,original_neural,FDE_vs_floor,partial,eu-locality-074,13980,48.63684113179861,47.55043357311858,-2.284747955051669,167.4643152295511,343.4473631952292,163.41250061332315
fold1_seed17_all,original_neural,FDE_vs_floor,partial,eu-locality-082,277,34.55661066222812,34.53353413245617,-0.066823539355787,135.9362830544737,306.87588104153093,146.71054103169644
fold1_seed17_all,original_neural,FDE_vs_floor,partial,eu-locality-112,1302,61.315211628383516,60.112842661804144,-2.000186504810486,239.7598237941613,485.4941194884967,229.09118762773232
fold1_seed17_all,original_neural,FDE_vs_floor,partial,eu-locality-126,942,37.69350928394985,36.96656158334969,-1.966500722446396,181.51222162026784,323.58180657766553,173.3733834589796
fold1_seed17_all,original_neural,FDE_vs_floor,endpoint,eu-locality-008,121088,34.26017314048652,33.920480040806694,-1.001439541159721,134.94567912363564,273.9316855931774,129.00917729467994
fold1_seed17_all,original_neural,FDE_vs_floor,endpoint,eu-locality-020,622,14.384067134787053,14.468038958219397,0.5803953367476855,54.18434016797015,99.18086841907973,52.375808020598235
fold1_seed17_all,original_neural,FDE_vs_floor,endpoint,eu-locality-048,5582,56.89823966249913,54.1956623095951,-4.986704171019141,213.11270170767014,353.53464147564245,202.36516697858983
fold1_seed17_all,original_neural,FDE_vs_floor,endpoint,eu-locality-067,4600,60.52937372294642,58.626755102909264,-3.2453077382458506,203.62276209978012,394.0447029702928,195.84787627467875
fold1_seed17_all,original_neural,FDE_vs_floor,endpoint,eu-locality-074,81289,39.58047268308184,38.0223297944879,-4.097967949401715,136.37360446246305,281.2297935382183,130.69053585883913
fold1_seed17_all,original_neural,FDE_vs_floor,endpoint,eu-locality-082,859,25.18161837706169,24.8160625538385,-1.4730613385186109,113.02788739776699,242.82094698920608,113.0556753805091
fold1_seed17_all,original_neural,FDE_vs_floor,endpoint,eu-locality-112,3719,46.13139452259298,45.757921344492864,-0.8161934963967887,181.0853954643256,420.67114394082915,167.8142942957759
fold1_seed17_all,original_neural,FDE_vs_floor,endpoint,eu-locality-126,4579,38.7031643977614,37.4635453730063,-3.3088673600237595,183.3071952225856,369.7432829866043,174.73891138116818
fold1_seed17_all,original_neural,FDE_vs_floor,easy_complete,eu-locality-008,28571,2.2138343376861305,2.7833419735930254,20.461288670601817,4.758883957393486,8.16630776283431,5.69059865603448
fold1_seed17_all,original_neural,FDE_vs_floor,easy_complete,eu-locality-020,178,2.120168463443852,2.250636482624173,5.796938785431916,5.5162220566344535,7.634992483488128,5.486303503667565
fold1_seed17_all,original_neural,FDE_vs_floor,easy_complete,eu-locality-048,1146,2.404400191734215,2.808351682605539,14.383935365835121,5.3443428930242645,10.141867372283643,5.819425013630099
fold1_seed17_all,original_neural,FDE_vs_floor,easy_complete,eu-locality-067,551,2.5394553385165746,2.777591331230789,8.573471195587768,6.8439493639255975,11.216517615079804,6.524621771064362
fold1_seed17_all,original_neural,FDE_vs_floor,easy_complete,eu-locality-074,11433,3.047503201448464,3.562488483810335,14.455773954139428,7.694947800142466,15.344861289806119,7.714182344687595
fold1_seed17_all,original_neural,FDE_vs_floor,easy_complete,eu-locality-082,284,2.2326240977673932,2.421242064724888,7.790132581350406,5.082419159169048,7.21743103881443,5.203489563006431
fold1_seed17_all,original_neural,FDE_vs_floor,easy_complete,eu-locality-112,330,2.8296069605367777,3.3025544559716806,14.320656986585611,7.468550772002023,12.114991962201312,7.419917915140831
fold1_seed17_all,original_neural,FDE_vs_floor,easy_complete,eu-locality-126,1425,1.9836584173108165,2.388822985463119,16.96084517847828,4.953384106504121,7.740791659042141,5.241750232337358
fold1_seed17_all,original_neural,FDE_vs_floor,hard_complete,eu-locality-008,16020,117.10793618215374,111.15224754512592,-5.35813604183748,267.4054503184341,460.73262466214965,261.4899989984168
fold1_seed17_all,original_neural,FDE_vs_floor,hard_complete,eu-locality-020,12,91.67652097939975,92.21205210121825,0.580760442496886,118.43938924577421,125.57896108997323,118.43938924577421
fold1_seed17_all,original_neural,FDE_vs_floor,hard_complete,eu-locality-048,1483,139.17956306404443,130.7343194951434,-6.4598520124738545,301.2749809992164,444.5243192358309,290.29367509265694
fold1_seed17_all,original_neural,FDE_vs_floor,hard_complete,eu-locality-067,1231,125.35414557877239,123.48295359238352,-1.5153443709855274,300.1127604707125,450.3860621876974,287.0731696517077
fold1_seed17_all,original_neural,FDE_vs_floor,hard_complete,eu-locality-074,12476,117.3988668765446,112.05593832471493,-4.7680905016804775,274.39809746518335,469.7984489662116,262.2211053746031
fold1_seed17_all,original_neural,FDE_vs_floor,hard_complete,eu-locality-082,57,119.83638147876991,113.19779252660057,-5.864592236292343,243.99478619891514,282.8539699287314,236.13883358876924
fold1_seed17_all,original_neural,FDE_vs_floor,hard_complete,eu-locality-112,449,132.95582601919398,128.4940700162524,-3.472343900677455,377.56725978623444,593.1207759351969,387.5177952946917
fold1_seed17_all,original_neural,FDE_vs_floor,hard_complete,eu-locality-126,695,156.79465273747488,147.44564258941972,-6.340648651170122,386.522648619538,545.6894492950704,368.7116566311405
fold1_seed17_all,original_neural,ADE_vs_CV,all,eu-locality-008,157961,17.451634628991744,18.214515006924465,4.188310134212758,62.87302414194277,128.51404258376382,63.9700524103003
fold1_seed17_all,original_neural,ADE_vs_CV,all,eu-locality-020,1225,6.439493951730469,6.529874789510041,1.3841128764791044,20.950455289077674,42.958840384020256,21.020763749430696
fold1_seed17_all,original_neural,ADE_vs_CV,all,eu-locality-048,8058,25.786901478425918,26.698045849916497,3.412775514030475,87.73057049295781,157.41281262375918,89.55098636922551
fold1_seed17_all,original_neural,ADE_vs_CV,all,eu-locality-067,6903,27.759314784141008,29.011553933538778,4.316346350376355,91.30935437858474,165.05475528355058,93.29868317030169
fold1_seed17_all,original_neural,ADE_vs_CV,all,eu-locality-074,102348,19.007863864897327,19.761464600296893,3.8134862503472755,63.23144042409485,130.82214262899737,64.81408896393752
fold1_seed17_all,original_neural,ADE_vs_CV,all,eu-locality-082,1368,13.435323974091496,13.688548886436024,1.8499032618092048,51.77887705037489,100.89176991053361,51.85945295918717
fold1_seed17_all,original_neural,ADE_vs_CV,all,eu-locality-112,5004,23.721897963479805,24.679682084525158,3.8808608545484846,84.75159849780272,185.7800808901213,86.2710070848162
fold1_seed17_all,original_neural,ADE_vs_CV,all,eu-locality-126,5790,19.183798231178837,19.860903597678185,3.409237465804449,85.50485641980151,157.09863889864567,86.5533275336093
fold1_seed17_all,original_neural,ADE_vs_CV,easy,eu-locality-008,39889,1.5366009382434336,1.791172498853141,14.212565276248124,2.8777468091938565,3.4011930810888926,3.2504176960159774
fold1_seed17_all,original_neural,ADE_vs_CV,easy,eu-locality-020,593,1.2241077852665543,1.2706472215919324,3.662655970480233,3.0318566298574696,3.3279908748399865,3.051349724629029
fold1_seed17_all,original_neural,ADE_vs_CV,easy,eu-locality-048,1582,1.5626612820564845,1.7551327263969017,10.966204518078825,3.033568116033023,4.072799562578827,3.2298308573246963
fold1_seed17_all,original_neural,ADE_vs_CV,easy,eu-locality-067,1219,1.5462550268117954,1.6528940070695597,6.451652665062668,3.137297774569242,3.4360957796123297,3.222473275402277
fold1_seed17_all,original_neural,ADE_vs_CV,easy,eu-locality-074,17048,1.8385125551726027,2.0239574238081066,9.162488620268828,3.2519953789774925,5.264497973072901,3.3016095862663026
fold1_seed17_all,original_neural,ADE_vs_CV,easy,eu-locality-082,513,1.5060909527345225,1.6221340438704122,7.153730086264066,2.9699561025970858,3.399770284704364,3.137173321764387
fold1_seed17_all,original_neural,ADE_vs_CV,easy,eu-locality-112,571,1.8838260251265722,2.110763890677913,10.751456690802852,3.2012554596203366,3.7999425096836634,3.3318797717711783
fold1_seed17_all,original_neural,ADE_vs_CV,easy,eu-locality-126,2160,1.2912373881994457,1.4931553251754432,13.522902378041113,2.780660997830115,3.4578024321712837,3.15811922069773
fold1_seed17_all,original_neural,ADE_vs_CV,hard,eu-locality-008,28100,58.82571724924267,60.74188321281993,3.1546041416984583,134.7183688185524,225.46389059620284,138.48767980783674
fold1_seed17_all,original_neural,ADE_vs_CV,hard,eu-locality-020,30,43.81825835804657,43.81825835804657,0.0,64.04793996418368,69.65016417684733,64.04793996418368
fold1_seed17_all,original_neural,ADE_vs_CV,hard,eu-locality-048,2478,61.73556647968492,63.88573915651315,3.3656535953361044,131.3036714713954,215.9780862126551,138.97729297348553
fold1_seed17_all,original_neural,ADE_vs_CV,hard,eu-locality-067,2296,61.97804207397322,65.07172046247634,4.754259402572714,142.53039066070582,211.98572422895387,143.40335944857748
fold1_seed17_all,original_neural,ADE_vs_CV,hard,eu-locality-074,19310,58.28188375660267,60.351879335065945,3.4298775800682635,134.48011203704453,237.59120440092207,136.81762092091788
fold1_seed17_all,original_neural,ADE_vs_CV,hard,eu-locality-082,184,55.35174536540634,55.75797833667997,0.7285647424673414,115.9007203365748,199.4350034906187,112.9711774505625
fold1_seed17_all,original_neural,ADE_vs_CV,hard,eu-locality-112,1153,68.855634707951,70.01758802603055,1.6595163455895845,173.29575179437632,312.16727648534334,174.675987810338
fold1_seed17_all,original_neural,ADE_vs_CV,hard,eu-locality-126,1110,72.86806886994209,74.02161712516786,1.5583937504028866,160.69598223874476,234.6020391416837,160.69598223874476
fold1_seed17_all,rebased_neural,ADE_vs_floor,all,eu-locality-008,157961,16.989160782829337,17.39461485452092,2.3309172124969746,60.75988402143345,124.47575241549568,60.901524840130136
fold1_seed17_all,rebased_neural,ADE_vs_floor,all,eu-locality-020,1225,6.3897091904484125,6.454131713950232,0.9981594172082664,20.840106881217874,42.41115215338725,20.840106881217874
fold1_seed17_all,rebased_neural,ADE_vs_floor,all,eu-locality-048,8058,24.713456023178413,25.144477231120284,1.7141784415721117,84.99637064138004,147.49292963797856,85.65711123273013
fold1_seed17_all,rebased_neural,ADE_vs_floor,all,eu-locality-067,6903,26.642712462497364,27.34478547410642,2.567484072141901,87.50852732716584,160.46757978837815,88.61761282974824
fold1_seed17_all,rebased_neural,ADE_vs_floor,all,eu-locality-074,102348,18.213109237625925,18.646452258173927,2.3239971580011343,60.71855269027774,125.50522898145782,61.67655316701959
fold1_seed17_all,rebased_neural,ADE_vs_floor,all,eu-locality-082,1368,13.136217883133487,13.31492526900714,1.3421583843930995,51.02473347103528,99.68977167861865,51.33307131828658
fold1_seed17_all,rebased_neural,ADE_vs_floor,all,eu-locality-112,5004,23.03270469591373,23.67403823868376,2.7090162493785375,82.81905922714938,181.26239158697405,83.91872194267576
fold1_seed17_all,rebased_neural,ADE_vs_floor,all,eu-locality-126,5790,18.415825326378393,18.815797357405835,2.125724588918443,82.22639820132775,153.12653237687047,82.70914875351129
fold1_seed17_all,rebased_neural,ADE_vs_floor,easy,eu-locality-008,39889,1.545963181912008,1.7243479527289463,10.345056549325038,2.8806099590321264,3.4879881090256077,3.10302716520485
fold1_seed17_all,rebased_neural,ADE_vs_floor,easy,eu-locality-020,593,1.2264935152996344,1.2634681870928663,2.9264426418450284,3.0322894967483243,3.3784565222962084,3.0462253444924383
fold1_seed17_all,rebased_neural,ADE_vs_floor,easy,eu-locality-048,1582,1.5733729308701399,1.691706559598439,6.994926398842372,3.044395024196817,4.288433408899471,3.080321842954575
fold1_seed17_all,rebased_neural,ADE_vs_floor,easy,eu-locality-067,1219,1.5407001922888435,1.6070554939116386,4.128998772860271,3.111270708570159,3.5598152500977176,3.125280103751406
fold1_seed17_all,rebased_neural,ADE_vs_floor,easy,eu-locality-074,17048,1.878585962464879,2.006190904847624,6.360558313488962,3.387557883820855,6.344941780227472,3.3143761140128665
fold1_seed17_all,rebased_neural,ADE_vs_floor,easy,eu-locality-082,513,1.4890393123075394,1.5710258646135113,5.218663432135251,2.8946437621546455,3.3963414460134995,2.9984720219030083
fold1_seed17_all,rebased_neural,ADE_vs_floor,easy,eu-locality-112,571,1.8775286338171995,2.0131556427536705,6.737035431148053,3.1910316111597683,3.7999425096836634,3.1756828589252075
fold1_seed17_all,rebased_neural,ADE_vs_floor,easy,eu-locality-126,2160,1.287622271307204,1.4157682242008178,9.051336984621926,2.780660997830115,3.609805542672797,2.969935701845944
fold1_seed17_all,rebased_neural,ADE_vs_floor,hard,eu-locality-008,28100,56.34983585406196,57.401958434538855,1.8329036311134472,130.09845505775286,217.69235128339093,133.17983950050248
fold1_seed17_all,rebased_neural,ADE_vs_floor,hard,eu-locality-020,30,43.880918153877474,43.880918153877474,0.0,64.72063289570352,69.65016417684733,64.72063289570352
fold1_seed17_all,rebased_neural,ADE_vs_floor,hard,eu-locality-048,2478,58.814197235607395,59.97138276134088,1.9295628555682343,127.0605365794992,211.76191803930743,129.86404667789589
fold1_seed17_all,rebased_neural,ADE_vs_floor,hard,eu-locality-067,2296,59.25021103402858,61.203434924820094,3.1913631860544744,134.83953979695352,207.89093610426318,136.10693578016483
fold1_seed17_all,rebased_neural,ADE_vs_floor,hard,eu-locality-074,19310,55.60073615696628,56.94403787206682,2.3589857082465193,128.08287195363368,230.49986789005342,129.62403299007295
fold1_seed17_all,rebased_neural,ADE_vs_floor,hard,eu-locality-082,184,53.884391610765896,54.163490799463844,0.5152902528592351,112.16831500740484,199.4350034906187,111.15642414153585
fold1_seed17_all,rebased_neural,ADE_vs_floor,hard,eu-locality-112,1153,66.68518176412366,67.48585912533657,1.1864372352819563,171.97692338953817,282.2924395893853,172.32982222631605
fold1_seed17_all,rebased_neural,ADE_vs_floor,hard,eu-locality-126,1110,69.59370091983614,70.19633186651023,0.8584935005152339,153.57359506673993,234.6020391416837,153.398248311701
fold1_seed17_all,rebased_neural,ADE_vs_floor,complete,eu-locality-008,97352,15.24197961817336,15.696217938750706,2.8939348469157355,56.395487776913676,113.14765974149877,56.042965125667955
fold1_seed17_all,rebased_neural,ADE_vs_floor,complete,eu-locality-020,364,6.721125787166747,6.855459049754582,1.959507913516667,22.937980186983854,49.70629992513765,22.937980186983854
fold1_seed17_all,rebased_neural,ADE_vs_floor,complete,eu-locality-048,4716,24.484761934975722,24.87267307818552,1.5595876727460212,87.71462321552522,146.93892931170916,88.08727981259585
fold1_seed17_all,rebased_neural,ADE_vs_floor,complete,eu-locality-067,3417,27.225787500359377,28.11187429576858,3.152001841238228,87.38895239599044,159.15505183698042,88.05258726870653
fold1_seed17_all,rebased_neural,ADE_vs_floor,complete,eu-locality-074,67309,17.707677391586262,18.199967308464785,2.704894511813538,58.539835789015676,123.86482348052078,59.587760388307856
fold1_seed17_all,rebased_neural,ADE_vs_floor,complete,eu-locality-082,582,9.959616692104387,10.14404468275235,1.8180912684813144,46.30650206106486,93.54065837621897,46.30650206106486
fold1_seed17_all,rebased_neural,ADE_vs_floor,complete,eu-locality-112,2417,19.20588765181196,20.019693847691933,4.065028177110697,64.79377050663366,169.05702310244467,68.16569900614174
fold1_seed17_all,rebased_neural,ADE_vs_floor,complete,eu-locality-126,3637,17.857414605020313,18.343236245897547,2.648505609177265,79.33620099124832,153.59571868506458,79.33620099124832
fold1_seed17_all,rebased_neural,ADE_vs_floor,partial,eu-locality-008,60609,19.79553575587935,20.122631098710094,1.6255098114466349,67.95860623337809,140.9041733033458,69.08712050222117
fold1_seed17_all,rebased_neural,ADE_vs_floor,partial,eu-locality-020,861,6.249598108908955,6.284464872797172,0.5548087958791914,19.62078876402344,38.822664079512556,19.65836635238612
fold1_seed17_all,rebased_neural,ADE_vs_floor,partial,eu-locality-048,3342,25.03617335410716,25.528028513358578,1.9267259866700415,80.08562820930175,147.2620141849548,83.2032682819049
fold1_seed17_all,rebased_neural,ADE_vs_floor,partial,eu-locality-067,3486,26.071178496813346,26.59287999400901,1.9618089402621885,87.827845581941,162.14883735591587,89.57756281025205
fold1_seed17_all,rebased_neural,ADE_vs_floor,partial,eu-locality-074,35039,19.18403055744338,19.50413813619479,1.6412290382489259,64.87615944878283,130.40712092200198,65.55358316900735
fold1_seed17_all,rebased_neural,ADE_vs_floor,partial,eu-locality-082,786,15.488357696338241,15.66282921455458,1.1139208365638864,52.84963841574215,102.15855402949464,52.84963841574215
fold1_seed17_all,rebased_neural,ADE_vs_floor,partial,eu-locality-112,2587,26.608049417828674,27.088244034210344,1.7727048522422573,96.00568807175664,195.79567231670023,96.80442825231987
fold1_seed17_all,rebased_neural,ADE_vs_floor,partial,eu-locality-126,2153,19.35913224397214,19.614081037180867,1.2998253281682692,84.42232298046828,148.2752970211623,84.69814760496907
fold1_seed17_all,rebased_neural,ADE_vs_floor,endpoint,eu-locality-008,121088,16.778126907864134,17.277517010624432,2.8904043471825736,61.70954331732235,126.10310999080869,61.78320290721466
fold1_seed17_all,rebased_neural,ADE_vs_floor,endpoint,eu-locality-020,622,6.959311027774034,7.069019877632898,1.5519669170261263,23.193478034070854,39.48581945801882,23.193478034070854
fold1_seed17_all,rebased_neural,ADE_vs_floor,endpoint,eu-locality-048,5582,25.25419281882752,25.703981949845993,1.7498811347444465,88.5607047052211,153.9818197891492,89.32464647691123
fold1_seed17_all,rebased_neural,ADE_vs_floor,endpoint,eu-locality-067,4600,27.63091626972547,28.473017294693364,2.9575405242522,87.86738578894239,164.6074327332223,88.95975759903506
fold1_seed17_all,rebased_neural,ADE_vs_floor,endpoint,eu-locality-074,81289,18.710481248304106,19.209055108174876,2.5955147562598757,62.30741176045814,131.54055071069777,63.35850818893647
fold1_seed17_all,rebased_neural,ADE_vs_floor,endpoint,eu-locality-082,859,11.76386236958097,11.976887656079086,1.778636425549096,51.50337092564544,100.93852753980698,51.850390589866755
fold1_seed17_all,rebased_neural,ADE_vs_floor,endpoint,eu-locality-112,3719,23.036025380276605,23.779980311052185,3.1284926271777147,84.29381688871625,188.53836485607965,85.42925749298479
fold1_seed17_all,rebased_neural,ADE_vs_floor,endpoint,eu-locality-126,4579,17.908465380349508,18.389525005463984,2.61594372324212,79.60247192498909,152.16426749345035,79.75066184792317
fold1_seed17_all,rebased_neural,ADE_vs_floor,easy_complete,eu-locality-008,28571,1.4881185598194804,1.7009472782492556,12.512364207363014,2.702067237213253,3.2865963911513756,3.053032277788849
fold1_seed17_all,rebased_neural,ADE_vs_floor,easy_complete,eu-locality-020,178,1.2972565881880431,1.3548644219460297,4.251926083883939,2.971724014237926,3.284249282803893,3.007716293724164
fold1_seed17_all,rebased_neural,ADE_vs_floor,easy_complete,eu-locality-048,1146,1.5168242824013045,1.6711733295859044,9.235968792228489,2.785725595454786,3.710517106626515,3.0203870000949595
fold1_seed17_all,rebased_neural,ADE_vs_floor,easy_complete,eu-locality-067,551,1.5747895653714183,1.6682729803277236,5.60360420978232,3.0206094195731468,3.572815535926599,3.089622175604263
fold1_seed17_all,rebased_neural,ADE_vs_floor,easy_complete,eu-locality-074,11433,1.8306398877720913,1.9943198059111846,8.207305450908342,3.364119263596444,6.78387647675113,3.3069480676375833
fold1_seed17_all,rebased_neural,ADE_vs_floor,easy_complete,eu-locality-082,284,1.4013214574514006,1.4889217129831498,5.883469544965969,2.7540635477041393,3.2256126465032557,2.8676160103460266
fold1_seed17_all,rebased_neural,ADE_vs_floor,easy_complete,eu-locality-112,330,1.794039135416683,1.956737718044224,8.314787471371465,3.1786405164443776,3.879411120243982,3.16520642651851
fold1_seed17_all,rebased_neural,ADE_vs_floor,easy_complete,eu-locality-126,1425,1.2880092512128631,1.4499730601132752,11.170125387554375,2.7341349006216737,3.3565822838436077,2.9533926629715967
fold1_seed17_all,rebased_neural,ADE_vs_floor,hard_complete,eu-locality-008,16020,54.00658209347867,54.921144484156265,1.6652282090396486,121.65896478119502,209.6238885276708,123.16838044417278
fold1_seed17_all,rebased_neural,ADE_vs_floor,hard_complete,eu-locality-020,12,43.9907556570682,43.9907556570682,0.0,62.9047951209938,66.68741576262705,62.9047951209938
fold1_seed17_all,rebased_neural,ADE_vs_floor,hard_complete,eu-locality-048,1483,59.40218439552506,60.378206679641636,1.6165141990639342,126.23232564260651,202.87448251554758,129.74665839250656
fold1_seed17_all,rebased_neural,ADE_vs_floor,hard_complete,eu-locality-067,1231,56.08862642498723,58.65182479915897,4.370193737277372,130.37937798369035,193.72653147185426,130.37937798369035
fold1_seed17_all,rebased_neural,ADE_vs_floor,hard_complete,eu-locality-074,12476,54.49130902887058,56.057235908205485,2.7934429052105414,126.60706499966479,231.537210211077,127.76191447574689
fold1_seed17_all,rebased_neural,ADE_vs_floor,hard_complete,eu-locality-082,57,54.10231077622126,54.1959623212826,0.17280170154773122,111.63859838617915,125.27330700637128,111.63859838617915
fold1_seed17_all,rebased_neural,ADE_vs_floor,hard_complete,eu-locality-112,449,64.3323910769982,65.38808168452798,1.6145000439423574,172.22941806554624,301.08209388840936,172.51160488506287
fold1_seed17_all,rebased_neural,ADE_vs_floor,hard_complete,eu-locality-126,695,68.91433521133474,69.59249739210061,0.9744759940787051,157.01461623192483,222.86623149246955,154.53201140826133
fold1_seed17_all,rebased_neural,FDE_vs_floor,all,eu-locality-008,121088,32.777894202704715,33.920480040806694,3.368424729624808,129.3071149397889,262.78841387397773,129.00917729467994
fold1_seed17_all,rebased_neural,FDE_vs_floor,all,eu-locality-020,622,14.190761664942771,14.468038958219397,1.9164815223220222,52.375808020598235,102.34943144507893,52.375808020598235
fold1_seed17_all,rebased_neural,FDE_vs_floor,all,eu-locality-048,5582,53.35384541141045,54.1956623095951,1.553292020633934,200.5564549786317,336.4545610699454,202.36516697858983
fold1_seed17_all,rebased_neural,FDE_vs_floor,all,eu-locality-067,4600,56.6751729120474,58.626755102909264,3.3288251881520514,194.26787276322682,360.5719324022884,195.84787627467875
fold1_seed17_all,rebased_neural,FDE_vs_floor,all,eu-locality-074,81289,36.90333028256815,38.0223297944879,2.9430061702372945,128.4200690528141,267.03903589329065,130.69053585883913
fold1_seed17_all,rebased_neural,FDE_vs_floor,all,eu-locality-082,859,24.314558304500636,24.8160625538385,2.020885659237237,112.62203890720869,239.04785965318956,113.0556753805091
fold1_seed17_all,rebased_neural,FDE_vs_floor,all,eu-locality-112,3719,43.927594287666366,45.757921344492864,4.000022297880856,167.28408353823684,400.66163220090374,167.8142942957759
fold1_seed17_all,rebased_neural,FDE_vs_floor,all,eu-locality-126,4579,36.25500086585808,37.4635453730063,3.2259213459786773,172.02837005720806,349.48587338392406,174.73891138116818
fold1_seed17_all,rebased_neural,FDE_vs_floor,easy,eu-locality-008,32900,2.2792660790311183,2.82349163161948,19.274912894861618,4.854297149657338,8.891961858873872,5.764499652301305
fold1_seed17_all,rebased_neural,FDE_vs_floor,easy,eu-locality-020,290,2.1404239952026884,2.284297764907499,6.298380706537909,5.405307793874968,8.542501431887002,5.510004780476717
fold1_seed17_all,rebased_neural,FDE_vs_floor,easy,eu-locality-048,1250,2.4360009829520224,2.8583911979365233,14.77720108043381,5.305996771443498,11.541899433827354,5.940635535827595
fold1_seed17_all,rebased_neural,FDE_vs_floor,easy,eu-locality-067,734,2.493387845463917,2.7400933197188144,9.003542780076346,6.230617896075224,10.696771997168288,6.159309644436956
fold1_seed17_all,rebased_neural,FDE_vs_floor,easy,eu-locality-074,12940,3.1752281636959765,3.575026705405718,11.183092453693144,8.795116204775024,17.013622622160366,7.881170996318663
fold1_seed17_all,rebased_neural,FDE_vs_floor,easy,eu-locality-082,391,2.2753968917447875,2.519829557692073,9.700365058467009,5.190502761256049,7.240385182082315,5.4370479440029476
fold1_seed17_all,rebased_neural,FDE_vs_floor,easy,eu-locality-112,423,2.9112449157208253,3.3809167898867476,13.89184955899655,7.709492334465206,12.160143033600434,7.2959124108582305
fold1_seed17_all,rebased_neural,FDE_vs_floor,easy,eu-locality-126,1768,1.9981060724742405,2.3730464513429483,15.799959526983653,4.817213245813208,8.217566457002741,5.254428126600292
fold1_seed17_all,rebased_neural,FDE_vs_floor,hard,eu-locality-008,22002,113.48982709092228,115.9381896498327,2.111782637201076,272.8291691169497,459.90823041501824,279.2095497143285
fold1_seed17_all,rebased_neural,FDE_vs_floor,hard,eu-locality-020,18,89.46963811272323,89.46963811272323,0.0,117.3151892488592,125.35412109059021,117.3151892488592
fold1_seed17_all,rebased_neural,FDE_vs_floor,hard,eu-locality-048,1769,130.1551433826615,132.18967240185162,1.539098313978149,290.0972693205454,432.9026795681904,292.6400508335233
fold1_seed17_all,rebased_neural,FDE_vs_floor,hard,eu-locality-067,1633,120.88175027376667,126.27915355531397,4.274183924730757,290.8356905117485,446.1615861681835,292.2990598362391
fold1_seed17_all,rebased_neural,FDE_vs_floor,hard,eu-locality-074,16042,110.92536437526095,114.42829091104564,3.061241680615323,268.3825554550912,469.0273346745211,271.50954843675544
fold1_seed17_all,rebased_neural,FDE_vs_floor,hard,eu-locality-082,103,124.57325094944963,125.0338087432191,0.36834660832839594,277.93782304116826,384.9003515886814,277.93782304116826
fold1_seed17_all,rebased_neural,FDE_vs_floor,hard,eu-locality-112,847,134.6607170163171,136.74504090803208,1.5242409361790221,381.3818308097862,584.333819642106,387.3095468654183
fold1_seed17_all,rebased_neural,FDE_vs_floor,hard,eu-locality-126,868,144.53725560418783,146.42752549081254,1.290925241199481,363.329397312478,543.5917133284125,362.11048170639896
fold1_seed17_all,rebased_neural,FDE_vs_floor,complete,eu-locality-008,97352,29.82120368815655,30.86206198965393,3.3726142532093717,119.2095695478101,235.682278759177,117.94458295541463
fold1_seed17_all,rebased_neural,FDE_vs_floor,complete,eu-locality-020,364,13.901358787040587,14.24866361962751,2.4374554825514427,57.42336195362734,104.22276055606251,57.42336195362734
fold1_seed17_all,rebased_neural,FDE_vs_floor,complete,eu-locality-048,4716,52.123448374771314,52.78505756254611,1.253402417892291,196.65595802909684,335.7448231075512,197.12872882760925
fold1_seed17_all,rebased_neural,FDE_vs_floor,complete,eu-locality-067,3417,56.31674448324538,58.35896627307172,3.4994139208539665,189.4351667854224,354.3244700016258,190.6097981763269
fold1_seed17_all,rebased_neural,FDE_vs_floor,complete,eu-locality-074,67309,34.95237169918546,36.04335386518785,3.0268608467540536,121.00077499602288,249.99974704424892,123.4280672175055
fold1_seed17_all,rebased_neural,FDE_vs_floor,complete,eu-locality-082,582,19.74940045265886,20.19108037638645,2.1875002005545707,100.06965657397332,202.1090164724104,100.06965657397332
fold1_seed17_all,rebased_neural,FDE_vs_floor,complete,eu-locality-112,2417,35.996085468948564,38.02515032457592,5.336112647307423,130.6012441551685,371.03335958247357,133.10947546944618
fold1_seed17_all,rebased_neural,FDE_vs_floor,complete,eu-locality-126,3637,36.36997739599884,37.59226649752005,3.2514376370518794,169.81412618170683,366.3229427533872,174.7819372754886
fold1_seed17_all,rebased_neural,FDE_vs_floor,partial,eu-locality-008,23736,44.90461037106894,46.464426540462256,3.357011558154044,171.07580908091083,339.21107219160945,173.86584801165313
fold1_seed17_all,rebased_neural,FDE_vs_floor,partial,eu-locality-020,258,14.59906650043267,14.777545249876168,1.2077699403085451,48.995983895651484,76.8281978108241,48.995983895651484
fold1_seed17_all,rebased_neural,FDE_vs_floor,partial,eu-locality-048,866,60.05425236844301,61.87743134779728,2.9464361070624334,222.28468420407978,342.49836256619284,227.03540839811407
fold1_seed17_all,rebased_neural,FDE_vs_floor,partial,eu-locality-067,1183,57.71046449380269,59.40024152011548,2.8447309018778233,203.57594921268537,383.3741837954649,207.11494222439552
fold1_seed17_all,rebased_neural,FDE_vs_floor,partial,eu-locality-074,13980,46.29653995988614,47.55043357311858,2.6369761935068903,162.26050607071608,331.7630603399679,163.41250061332315
fold1_seed17_all,rebased_neural,FDE_vs_floor,partial,eu-locality-082,277,33.90633400764835,34.53353413245617,1.8162060170330174,135.9362830544737,306.87588104153093,146.71054103169644
fold1_seed17_all,rebased_neural,FDE_vs_floor,partial,eu-locality-112,1302,58.65144744806647,60.112842661804144,2.4310865183327146,232.41788829223034,425.7311243724036,229.09118762773232
fold1_seed17_all,rebased_neural,FDE_vs_floor,partial,eu-locality-126,942,35.81108405044203,36.96656158334969,3.1257371078518337,176.68912259972225,323.58180657766553,173.3733834589796
fold1_seed17_all,rebased_neural,FDE_vs_floor,endpoint,eu-locality-008,121088,32.777894202704715,33.920480040806694,3.368424729624808,129.3071149397889,262.78841387397773,129.00917729467994
fold1_seed17_all,rebased_neural,FDE_vs_floor,endpoint,eu-locality-020,622,14.190761664942771,14.468038958219397,1.9164815223220222,52.375808020598235,102.34943144507893,52.375808020598235
fold1_seed17_all,rebased_neural,FDE_vs_floor,endpoint,eu-locality-048,5582,53.35384541141045,54.1956623095951,1.553292020633934,200.5564549786317,336.4545610699454,202.36516697858983
fold1_seed17_all,rebased_neural,FDE_vs_floor,endpoint,eu-locality-067,4600,56.6751729120474,58.626755102909264,3.3288251881520514,194.26787276322682,360.5719324022884,195.84787627467875
fold1_seed17_all,rebased_neural,FDE_vs_floor,endpoint,eu-locality-074,81289,36.90333028256815,38.0223297944879,2.9430061702372945,128.4200690528141,267.03903589329065,130.69053585883913
fold1_seed17_all,rebased_neural,FDE_vs_floor,endpoint,eu-locality-082,859,24.314558304500636,24.8160625538385,2.020885659237237,112.62203890720869,239.04785965318956,113.0556753805091
fold1_seed17_all,rebased_neural,FDE_vs_floor,endpoint,eu-locality-112,3719,43.927594287666366,45.757921344492864,4.000022297880856,167.28408353823684,400.66163220090374,167.8142942957759
fold1_seed17_all,rebased_neural,FDE_vs_floor,endpoint,eu-locality-126,4579,36.25500086585808,37.4635453730063,3.2259213459786773,172.02837005720806,349.48587338392406,174.73891138116818
fold1_seed17_all,rebased_neural,FDE_vs_floor,easy_complete,eu-locality-008,28571,2.2294982549980173,2.7833419735930254,19.89851494532845,4.751286078475443,8.399299850422862,5.69059865603448
fold1_seed17_all,rebased_neural,FDE_vs_floor,easy_complete,eu-locality-020,178,2.0862763271045317,2.250636482624173,7.302829967814373,5.14835461083629,7.634992483488128,5.486303503667565
fold1_seed17_all,rebased_neural,FDE_vs_floor,easy_complete,eu-locality-048,1146,2.3994149569367806,2.808351682605539,14.561449985115605,5.182194613051076,10.141867372283643,5.819425013630099
fold1_seed17_all,rebased_neural,FDE_vs_floor,easy_complete,eu-locality-067,551,2.520180568388707,2.777591331230789,9.267409497855105,6.8439493639255975,11.216517615079804,6.524621771064362
fold1_seed17_all,rebased_neural,FDE_vs_floor,easy_complete,eu-locality-074,11433,3.1600623934121863,3.562488483810335,11.296207474830211,8.727942200588192,16.864858027641947,7.714182344687595
fold1_seed17_all,rebased_neural,FDE_vs_floor,easy_complete,eu-locality-082,284,2.1927364034393038,2.421242064724888,9.437538881993113,4.991318502290189,7.234079569665457,5.203489563006431
fold1_seed17_all,rebased_neural,FDE_vs_floor,easy_complete,eu-locality-112,330,2.8146570186903968,3.3025544559716806,14.773335119397268,7.468550772002023,12.114991962201312,7.419917915140831
fold1_seed17_all,rebased_neural,FDE_vs_floor,easy_complete,eu-locality-126,1425,1.9771230773982393,2.388822985463119,17.234425094292348,4.833186084756481,7.800892724432928,5.241750232337358
fold1_seed17_all,rebased_neural,FDE_vs_floor,hard_complete,eu-locality-008,16020,109.218168433488,111.15224754512592,1.740026993923549,254.33283111593303,434.0934666723532,261.4899989984168
fold1_seed17_all,rebased_neural,FDE_vs_floor,hard_complete,eu-locality-020,12,92.21205210121825,92.21205210121825,0.0,118.43938924577421,125.57896108997323,118.43938924577421
fold1_seed17_all,rebased_neural,FDE_vs_floor,hard_complete,eu-locality-048,1483,129.03307680567443,130.7343194951434,1.3012976975278367,285.9439810944139,421.58800440550743,290.29367509265694
fold1_seed17_all,rebased_neural,FDE_vs_floor,hard_complete,eu-locality-067,1231,117.57275941009503,123.48295359238352,4.786242967428533,286.319290489113,437.04747475691244,287.0731696517077
fold1_seed17_all,rebased_neural,FDE_vs_floor,hard_complete,eu-locality-074,12476,108.36763485499672,112.05593832471493,3.291484168407266,259.27415147891065,452.87739480147144,262.2211053746031
fold1_seed17_all,rebased_neural,FDE_vs_floor,hard_complete,eu-locality-082,57,113.11249933053669,113.19779252660057,0.07534881569694063,236.13883358876924,284.1370502361249,236.13883358876924
fold1_seed17_all,rebased_neural,FDE_vs_floor,hard_complete,eu-locality-112,449,125.81591920906386,128.4940700162524,2.084260236172608,378.239071158384,525.2063121019382,387.5177952946917
fold1_seed17_all,rebased_neural,FDE_vs_floor,hard_complete,eu-locality-126,695,145.6592664488674,147.44564258941972,1.2115489540282187,369.2684399793874,545.6894492950704,368.7116566311405
fold1_seed17_all,rebased_neural,ADE_vs_CV,all,eu-locality-008,157961,16.989160782829337,18.214515006924465,6.727350267790799,60.75988402143345,124.47575241549568,63.9700524103003
fold1_seed17_all,rebased_neural,ADE_vs_CV,all,eu-locality-020,1225,6.3897091904484125,6.529874789510041,2.146528127718439,20.840106881217874,42.41115215338725,21.020763749430696
fold1_seed17_all,rebased_neural,ADE_vs_CV,all,eu-locality-048,8058,24.713456023178413,26.698045849916497,7.433464748298391,84.99637064138004,147.49292963797856,89.55098636922551
fold1_seed17_all,rebased_neural,ADE_vs_CV,all,eu-locality-067,6903,26.642712462497364,29.011553933538778,8.165165769707073,87.50852732716584,160.46757978837815,93.29868317030169
fold1_seed17_all,rebased_neural,ADE_vs_CV,all,eu-locality-074,102348,18.213109237625925,19.761464600296893,7.83522574864064,60.71855269027774,125.50522898145782,64.81408896393752
fold1_seed17_all,rebased_neural,ADE_vs_CV,all,eu-locality-082,1368,13.136217883133487,13.688548886436024,4.034985796411494,51.02473347103528,99.68977167861865,51.85945295918717
fold1_seed17_all,rebased_neural,ADE_vs_CV,all,eu-locality-112,5004,23.03270469591373,24.679682084525158,6.673414118426302,82.81905922714938,181.26239158697405,86.2710070848162
fold1_seed17_all,rebased_neural,ADE_vs_CV,all,eu-locality-126,5790,18.415825326378393,19.860903597678185,7.2759945900383265,82.22639820132775,153.12653237687047,86.5533275336093
fold1_seed17_all,rebased_neural,ADE_vs_CV,easy,eu-locality-008,39889,1.545963181912008,1.791172498853141,13.689877278605856,2.8806099590321264,3.4879881090256077,3.2504176960159774
fold1_seed17_all,rebased_neural,ADE_vs_CV,easy,eu-locality-020,593,1.2264935152996344,1.2706472215919324,3.4748988973493433,3.0322894967483243,3.3784565222962084,3.051349724629029
fold1_seed17_all,rebased_neural,ADE_vs_CV,easy,eu-locality-048,1582,1.5733729308701399,1.7551327263969017,10.35590031415431,3.044395024196817,4.288433408899471,3.2298308573246963
fold1_seed17_all,rebased_neural,ADE_vs_CV,easy,eu-locality-067,1219,1.5407001922888435,1.6528940070695597,6.78771985988541,3.111270708570159,3.5598152500977176,3.222473275402277
fold1_seed17_all,rebased_neural,ADE_vs_CV,easy,eu-locality-074,17048,1.878585962464879,2.0239574238081066,7.1825355431493705,3.387557883820855,6.344941780227472,3.3016095862663026
fold1_seed17_all,rebased_neural,ADE_vs_CV,easy,eu-locality-082,513,1.4890393123075394,1.6221340438704122,8.20491574452804,2.8946437621546455,3.3963414460134995,3.137173321764387
fold1_seed17_all,rebased_neural,ADE_vs_CV,easy,eu-locality-112,571,1.8775286338171995,2.110763890677913,11.049803243782307,3.1910316111597683,3.7999425096836634,3.3318797717711783
fold1_seed17_all,rebased_neural,ADE_vs_CV,easy,eu-locality-126,2160,1.287622271307204,1.4931553251754432,13.765014958781286,2.780660997830115,3.609805542672797,3.15811922069773
fold1_seed17_all,rebased_neural,ADE_vs_CV,hard,eu-locality-008,28100,56.34983585406196,60.74188321281993,7.230673674323951,130.09845505775286,217.69235128339093,138.48767980783674
fold1_seed17_all,rebased_neural,ADE_vs_CV,hard,eu-locality-020,30,43.880918153877474,43.81825835804657,-0.14299928426844133,64.72063289570352,69.65016417684733,64.04793996418368
fold1_seed17_all,rebased_neural,ADE_vs_CV,hard,eu-locality-048,2478,58.814197235607395,63.88573915651315,7.938456982521592,127.0605365794992,211.76191803930743,138.97729297348553
fold1_seed17_all,rebased_neural,ADE_vs_CV,hard,eu-locality-067,2296,59.25021103402858,65.07172046247634,8.946297081240894,134.83953979695352,207.89093610426318,143.40335944857748
fold1_seed17_all,rebased_neural,ADE_vs_CV,hard,eu-locality-074,19310,55.60073615696628,60.351879335065945,7.872403031100205,128.08287195363368,230.49986789005342,136.81762092091788
fold1_seed17_all,rebased_neural,ADE_vs_CV,hard,eu-locality-082,184,53.884391610765896,55.75797833667997,3.3602128014773247,112.16831500740484,199.4350034906187,112.9711774505625
fold1_seed17_all,rebased_neural,ADE_vs_CV,hard,eu-locality-112,1153,66.68518176412366,70.01758802603055,4.759384543020828,171.97692338953817,282.2924395893853,174.675987810338
fold1_seed17_all,rebased_neural,ADE_vs_CV,hard,eu-locality-126,1110,69.59370091983614,74.02161712516786,5.981923088554364,153.57359506673993,234.6020391416837,160.69598223874476
fold1_seed17_all,floor_neural_oracle,ADE_vs_floor,all,eu-locality-008,157961,14.952398705766447,17.39461485452092,14.040070269907323,52.325907429065715,105.76944710862689,60.901524840130136
fold1_seed17_all,floor_neural_oracle,ADE_vs_floor,all,eu-locality-020,1225,5.906752401139067,6.454131713950232,8.481068206712239,18.921737497937425,38.78548288034698,20.840106881217874
fold1_seed17_all,floor_neural_oracle,ADE_vs_floor,all,eu-locality-048,8058,21.65567958974315,25.144477231120284,13.875005669472385,73.49434626341241,129.93614743560093,85.65711123273013
fold1_seed17_all,floor_neural_oracle,ADE_vs_floor,all,eu-locality-067,6903,23.36476385837268,27.34478547410642,14.554956444995849,76.87098703557396,140.80858386280676,88.61761282974824
fold1_seed17_all,floor_neural_oracle,ADE_vs_floor,all,eu-locality-074,102348,15.681277062141138,18.646452258173927,15.90208772681121,52.71209643331134,104.9551573543222,61.67655316701959
fold1_seed17_all,floor_neural_oracle,ADE_vs_floor,all,eu-locality-082,1368,11.468337075293123,13.31492526900714,13.86855845156173,41.82934875571353,91.79697484853989,51.33307131828658
fold1_seed17_all,floor_neural_oracle,ADE_vs_floor,all,eu-locality-112,5004,19.769016201262023,23.67403823868376,16.494955351727313,70.7953404679135,143.99749990823352,83.91872194267576
fold1_seed17_all,floor_neural_oracle,ADE_vs_floor,all,eu-locality-126,5790,15.618774174959613,18.815797357405835,16.99116503924233,70.44205256319862,137.13420006237067,82.70914875351129
fold1_seed17_all,floor_neural_oracle,ADE_vs_floor,easy,eu-locality-008,39889,1.4976186289427362,1.7243479527289463,13.14869910260218,2.783080982272683,3.287536396997414,3.10302716520485
fold1_seed17_all,floor_neural_oracle,ADE_vs_floor,easy,eu-locality-020,593,1.141991407440239,1.2634681870928663,9.61454992643187,2.9359197163283857,3.3784565222962084,3.0462253444924383
fold1_seed17_all,floor_neural_oracle,ADE_vs_floor,easy,eu-locality-048,1582,1.480788319758707,1.691706559598439,12.467779275490765,2.8370345419264344,3.3353179311524155,3.080321842954575
fold1_seed17_all,floor_neural_oracle,ADE_vs_floor,easy,eu-locality-067,1219,1.4630345951472148,1.6070554939116386,8.961787524453879,2.936144784213768,3.3025554971832833,3.125280103751406
fold1_seed17_all,floor_neural_oracle,ADE_vs_floor,easy,eu-locality-074,17048,1.7628790794970548,2.006190904847624,12.128049467408463,3.1974637080242734,4.834957609482326,3.3143761140128665
fold1_seed17_all,floor_neural_oracle,ADE_vs_floor,easy,eu-locality-082,513,1.364203055486231,1.5710258646135113,13.16482521299297,2.7012301393781466,3.103869871699377,2.9984720219030083
fold1_seed17_all,floor_neural_oracle,ADE_vs_floor,easy,eu-locality-112,571,1.78401586010892,2.0131556427536705,11.38211958273253,2.989410537156318,3.1827190298978683,3.1756828589252075
fold1_seed17_all,floor_neural_oracle,ADE_vs_floor,easy,eu-locality-126,2160,1.2144268129205726,1.4157682242008178,14.22135402098742,2.6432489531211614,3.1787569021389275,2.969935701845944
fold1_seed17_all,floor_neural_oracle,ADE_vs_floor,hard,eu-locality-008,28100,48.01185278433484,57.401958434538855,16.358510939853176,110.50547883939791,182.0153902801124,133.17983950050248
fold1_seed17_all,floor_neural_oracle,ADE_vs_floor,hard,eu-locality-020,30,39.17918035288182,43.880918153877474,10.714766232803152,59.844390849546144,65.75616641653264,64.72063289570352
fold1_seed17_all,floor_neural_oracle,ADE_vs_floor,hard,eu-locality-048,2478,50.99641282492104,59.97138276134088,14.965421044460792,114.49093444017679,185.37081133033547,129.86404667789589
fold1_seed17_all,floor_neural_oracle,ADE_vs_floor,hard,eu-locality-067,2296,51.410054727007434,61.203434924820094,16.00135712945272,119.92001672445612,180.78884660848453,136.10693578016483
fold1_seed17_all,floor_neural_oracle,ADE_vs_floor,hard,eu-locality-074,19310,46.452971403035114,56.94403787206682,18.423467778314972,107.86275575454341,186.30099883210372,129.62403299007295
fold1_seed17_all,floor_neural_oracle,ADE_vs_floor,hard,eu-locality-082,184,45.33371805617137,54.163490799463844,16.302074724068337,103.76389729581066,176.89632495568267,111.15642414153585
fold1_seed17_all,floor_neural_oracle,ADE_vs_floor,hard,eu-locality-112,1153,55.709424964545995,67.48585912533657,17.450224852170983,141.01652442571864,223.82173566740366,172.32982222631605
fold1_seed17_all,floor_neural_oracle,ADE_vs_floor,hard,eu-locality-126,1110,57.281062631235514,70.19633186651023,18.398780807856475,139.25176245575557,219.73738366286378,153.398248311701
fold1_seed17_all,floor_neural_oracle,ADE_vs_floor,complete,eu-locality-008,97352,13.313820153456698,15.696217938750706,15.17816453995814,47.97486117424265,94.04184218196139,56.042965125667955
fold1_seed17_all,floor_neural_oracle,ADE_vs_floor,complete,eu-locality-020,364,6.227874034598606,6.855459049754582,9.154529413729684,22.651446992005944,39.345680798501014,22.937980186983854
fold1_seed17_all,floor_neural_oracle,ADE_vs_floor,complete,eu-locality-048,4716,21.221869281132957,24.87267307818552,14.67797122398753,74.10401541546044,129.80288066870045,88.08727981259585
fold1_seed17_all,floor_neural_oracle,ADE_vs_floor,complete,eu-locality-067,3417,23.62058897374059,28.11187429576858,15.976470564625512,74.80520726209735,137.2750578174486,88.05258726870653
fold1_seed17_all,floor_neural_oracle,ADE_vs_floor,complete,eu-locality-074,67309,14.967879287282383,18.199967308464785,17.758757290070303,49.98120716721793,101.16845751297282,59.587760388307856
fold1_seed17_all,floor_neural_oracle,ADE_vs_floor,complete,eu-locality-082,582,8.41760024116464,10.14404468275235,17.019290584584446,36.884160394076815,73.06245468785492,46.30650206106486
fold1_seed17_all,floor_neural_oracle,ADE_vs_floor,complete,eu-locality-112,2417,16.008936782882184,20.019693847691933,20.034057939762896,54.27970262516324,133.67595992944914,68.16569900614174
fold1_seed17_all,floor_neural_oracle,ADE_vs_floor,complete,eu-locality-126,3637,14.998414077841694,18.343236245897547,18.234634953272867,67.97101221224412,138.9043831994633,79.33620099124832
fold1_seed17_all,floor_neural_oracle,ADE_vs_floor,partial,eu-locality-008,60609,17.584332894161875,20.122631098710094,12.614146689350825,60.05243245433094,120.32579083821831,69.08712050222117
fold1_seed17_all,floor_neural_oracle,ADE_vs_floor,partial,eu-locality-020,861,5.770993661790319,6.284464872797172,8.170484224193142,17.03208423130221,36.733197315000396,19.65836635238612
fold1_seed17_all,floor_neural_oracle,ADE_vs_floor,partial,eu-locality-048,3342,22.267842790044067,25.528028513358578,12.771004708054468,71.21128083896456,130.17799484935517,83.2032682819049
fold1_seed17_all,floor_neural_oracle,ADE_vs_floor,partial,eu-locality-067,3486,23.11400240707832,26.59287999400901,13.081988816985712,78.20487297588991,146.43001310781318,89.57756281025205
fold1_seed17_all,floor_neural_oracle,ADE_vs_floor,partial,eu-locality-074,35039,17.05169547670685,19.50413813619479,12.573960676256801,57.845476057979475,111.16710101265095,65.55358316900735
fold1_seed17_all,floor_neural_oracle,ADE_vs_floor,partial,eu-locality-082,786,13.727279616594364,15.66282921455458,12.357598818491999,43.66972718165501,97.5129140442481,52.84963841574215
fold1_seed17_all,floor_neural_oracle,ADE_vs_floor,partial,eu-locality-112,2587,23.282008839153047,27.088244034210344,14.051243743412522,82.73509219771603,150.9491990496283,96.80442825231987
fold1_seed17_all,floor_neural_oracle,ADE_vs_floor,partial,eu-locality-126,2153,16.666730363170423,19.614081037180867,15.026707947333263,77.10173088118077,135.3681634951854,84.69814760496907
fold1_seed17_all,floor_neural_oracle,ADE_vs_floor,endpoint,eu-locality-008,121088,14.620188312826388,17.277517010624432,15.380269607976526,52.36804629135706,105.66197867149675,61.78320290721466
fold1_seed17_all,floor_neural_oracle,ADE_vs_floor,endpoint,eu-locality-020,622,6.494798380320516,7.069019877632898,8.123070910145236,22.76666844249399,38.80214210959773,23.193478034070854
fold1_seed17_all,floor_neural_oracle,ADE_vs_floor,endpoint,eu-locality-048,5582,21.792605914861884,25.703981949845993,15.217004286013136,76.12951451701423,130.83067461885224,89.32464647691123
fold1_seed17_all,floor_neural_oracle,ADE_vs_floor,endpoint,eu-locality-067,4600,23.72660475327625,28.473017294693364,16.66986147724402,75.31870856559837,140.54997572026008,88.95975759903506
fold1_seed17_all,floor_neural_oracle,ADE_vs_floor,endpoint,eu-locality-074,81289,15.86819506640192,19.209055108174876,17.392110246751137,53.10973935995777,108.05025999308113,63.35850818893647
fold1_seed17_all,floor_neural_oracle,ADE_vs_floor,endpoint,eu-locality-082,859,9.755777981008734,11.976887656079086,18.54496542716577,40.450065802231734,96.10963431605177,51.850390589866755
fold1_seed17_all,floor_neural_oracle,ADE_vs_floor,endpoint,eu-locality-112,3719,19.32454968049215,23.779980311052185,18.73605685236539,68.27979348581471,151.88381383841735,85.42925749298479
fold1_seed17_all,floor_neural_oracle,ADE_vs_floor,endpoint,eu-locality-126,4579,14.987375751513373,18.389525005463984,18.500473791137885,67.49612463469835,135.27308042527545,79.75066184792317
fold1_seed17_all,floor_neural_oracle,ADE_vs_floor,easy_complete,eu-locality-008,28571,1.4514825440306187,1.7009472782492556,14.666223780633869,2.636487224083071,3.0909371953136264,3.053032277788849
fold1_seed17_all,floor_neural_oracle,ADE_vs_floor,easy_complete,eu-locality-020,178,1.1953235411414749,1.3548644219460297,11.775412965335807,2.595243188930735,3.2788646422785734,3.007716293724164
fold1_seed17_all,floor_neural_oracle,ADE_vs_floor,easy_complete,eu-locality-048,1146,1.435980380869813,1.6711733295859044,14.073522150713668,2.6836822224111287,3.235048912887046,3.0203870000949595
fold1_seed17_all,floor_neural_oracle,ADE_vs_floor,easy_complete,eu-locality-067,551,1.4871460925557127,1.6682729803277236,10.857149274001276,2.8358720684774963,3.282068821718254,3.089622175604263
fold1_seed17_all,floor_neural_oracle,ADE_vs_floor,easy_complete,eu-locality-074,11433,1.710543276628649,1.9943198059111846,14.229238883423767,3.0964592122720123,5.057666872839813,3.3069480676375833
fold1_seed17_all,floor_neural_oracle,ADE_vs_floor,easy_complete,eu-locality-082,284,1.2647251011591567,1.4889217129831498,15.057649429720577,2.5432853805425792,3.0029844347184085,2.8676160103460266
fold1_seed17_all,floor_neural_oracle,ADE_vs_floor,easy_complete,eu-locality-112,330,1.7095083904497794,1.956737718044224,12.634770890068625,2.946255905694576,3.2186760037919506,3.16520642651851
fold1_seed17_all,floor_neural_oracle,ADE_vs_floor,easy_complete,eu-locality-126,1425,1.2244928142579148,1.4499730601132752,15.550650702278935,2.5846331130668556,2.9685526197704366,2.9533926629715967
fold1_seed17_all,floor_neural_oracle,ADE_vs_floor,hard_complete,eu-locality-008,16020,45.40795169720256,54.921144484156265,17.32154869732928,101.62022865836107,172.71043478103684,123.16838044417278
fold1_seed17_all,floor_neural_oracle,ADE_vs_floor,hard_complete,eu-locality-020,12,39.37177720899212,43.9907556570682,10.499884303155692,62.46425208392078,66.59930715521246,62.9047951209938
fold1_seed17_all,floor_neural_oracle,ADE_vs_floor,hard_complete,eu-locality-048,1483,50.87754743080311,60.378206679641636,15.735245830085187,114.7949554075996,178.92973555036056,129.74665839250656
fold1_seed17_all,floor_neural_oracle,ADE_vs_floor,hard_complete,eu-locality-067,1231,48.14916401624098,58.65182479915897,17.906792872825662,114.65367315334235,161.2857772917816,130.37937798369035
fold1_seed17_all,floor_neural_oracle,ADE_vs_floor,hard_complete,eu-locality-074,12476,44.41358497050366,56.057235908205485,20.771004401231032,104.57408637859382,182.04028524540087,127.76191447574689
fold1_seed17_all,floor_neural_oracle,ADE_vs_floor,hard_complete,eu-locality-082,57,44.65439461117189,54.1959623212826,17.60568002012166,100.69402297673425,114.65476172929398,111.63859838617915
fold1_seed17_all,floor_neural_oracle,ADE_vs_floor,hard_complete,eu-locality-112,449,51.214672950117404,65.38808168452798,21.675828942026087,138.95785503849638,211.39646020474197,172.51160488506287
fold1_seed17_all,floor_neural_oracle,ADE_vs_floor,hard_complete,eu-locality-126,695,55.90967196552457,69.59249739210061,19.6613513515455,141.09593016508083,218.9900869015282,154.53201140826133
fold1_seed17_all,floor_neural_oracle,FDE_vs_floor,all,eu-locality-008,121088,27.44047516819816,33.920480040806694,19.103517594129038,106.84080215974572,212.67158358702588,129.00917729467994
fold1_seed17_all,floor_neural_oracle,FDE_vs_floor,all,eu-locality-020,622,13.016425663642218,14.468038958219397,10.033241538601933,48.98614876904287,82.5590891536665,52.375808020598235
fold1_seed17_all,floor_neural_oracle,FDE_vs_floor,all,eu-locality-048,5582,44.84872311682904,54.1956623095951,17.24665553374227,170.75052555554805,285.29822829304345,202.36516697858983
fold1_seed17_all,floor_neural_oracle,FDE_vs_floor,all,eu-locality-067,4600,46.596229270995195,58.626755102909264,20.520538465409754,158.20539987251937,281.4058860757444,195.84787627467875
fold1_seed17_all,floor_neural_oracle,FDE_vs_floor,all,eu-locality-074,81289,29.748625689854713,38.0223297944879,21.760118723268317,106.47258318955514,208.4908509019655,130.69053585883913
fold1_seed17_all,floor_neural_oracle,FDE_vs_floor,all,eu-locality-082,859,19.25729531341352,24.8160625538385,22.399876001139273,85.98444549217147,217.66005499482785,113.0556753805091
fold1_seed17_all,floor_neural_oracle,FDE_vs_floor,all,eu-locality-112,3719,34.52957050708906,45.757921344492864,24.538594646531465,134.91243038741902,309.86649953398984,167.8142942957759
fold1_seed17_all,floor_neural_oracle,FDE_vs_floor,all,eu-locality-126,4579,29.069635372651746,37.4635453730063,22.405540951291382,139.08272558071567,283.38896628839495,174.73891138116818
fold1_seed17_all,floor_neural_oracle,FDE_vs_floor,easy,eu-locality-008,32900,2.1815221456805487,2.82349163161948,22.736723521674286,4.580441883853047,8.313324420853997,5.764499652301305
fold1_seed17_all,floor_neural_oracle,FDE_vs_floor,easy,eu-locality-020,290,1.8531371085151191,2.284297764907499,18.87497606555858,4.726066498582969,8.542501431887002,5.510004780476717
fold1_seed17_all,floor_neural_oracle,FDE_vs_floor,easy,eu-locality-048,1250,2.2579233623525687,2.8583911979365233,21.007195796622703,4.806350803791496,9.926853710054816,5.940635535827595
fold1_seed17_all,floor_neural_oracle,FDE_vs_floor,easy,eu-locality-067,734,2.281997389332807,2.7400933197188144,16.71826018075241,5.298358126044102,8.807156665274105,6.159309644436956
fold1_seed17_all,floor_neural_oracle,FDE_vs_floor,easy,eu-locality-074,12940,2.8673718626852525,3.575026705405718,19.794393190138592,7.623607438174983,13.017776230116885,7.881170996318663
fold1_seed17_all,floor_neural_oracle,FDE_vs_floor,easy,eu-locality-082,391,1.964196966391484,2.519829557692073,22.050403750700355,4.36044449075548,7.238429707852949,5.4370479440029476
fold1_seed17_all,floor_neural_oracle,FDE_vs_floor,easy,eu-locality-112,423,2.7157204631537946,3.3809167898867476,19.675028049277586,6.765966471035573,12.866835467323813,7.2959124108582305
fold1_seed17_all,floor_neural_oracle,FDE_vs_floor,easy,eu-locality-126,1768,1.8144250398253672,2.3730464513429483,23.54026450689356,4.182110737558398,6.576664742692137,5.254428126600292
fold1_seed17_all,floor_neural_oracle,FDE_vs_floor,hard,eu-locality-008,22002,91.34303356837938,115.9381896498327,21.2140246071962,220.41682770075877,369.51968184000583,279.2095497143285
fold1_seed17_all,floor_neural_oracle,FDE_vs_floor,hard,eu-locality-020,18,77.9053320656587,89.46963811272323,12.925397141424233,117.3151892488592,125.35412109059021,117.3151892488592
fold1_seed17_all,floor_neural_oracle,FDE_vs_floor,hard,eu-locality-048,1769,108.02059622106377,132.18967240185162,18.283634221677147,255.44456994623877,407.7109506768728,292.6400508335233
fold1_seed17_all,floor_neural_oracle,FDE_vs_floor,hard,eu-locality-067,1633,97.14853271160791,126.27915355531397,23.068432139075114,247.79967707632412,351.9944237524296,292.2990598362391
fold1_seed17_all,floor_neural_oracle,FDE_vs_floor,hard,eu-locality-074,16042,85.22284732918779,114.42829091104564,25.52292212820132,209.25919043130466,340.4114452926511,271.50954843675544
fold1_seed17_all,floor_neural_oracle,FDE_vs_floor,hard,eu-locality-082,103,94.05762438460216,125.0338087432191,24.774246797706102,264.4476020629474,371.890518068923,277.93782304116826
fold1_seed17_all,floor_neural_oracle,FDE_vs_floor,hard,eu-locality-112,847,102.0853510448897,136.74504090803208,25.346213385868055,284.3745241699975,476.10666480815945,387.3095468654183
fold1_seed17_all,floor_neural_oracle,FDE_vs_floor,hard,eu-locality-126,868,111.80035589245468,146.42752549081254,23.64799205770265,292.6670536754476,452.53675149058034,362.11048170639896
fold1_seed17_all,floor_neural_oracle,FDE_vs_floor,complete,eu-locality-008,97352,25.048408590030718,30.86206198965393,18.837540413120024,98.88620746980256,190.84943751224404,117.94458295541463
fold1_seed17_all,floor_neural_oracle,FDE_vs_floor,complete,eu-locality-020,364,12.588001350192416,14.24866361962751,11.654863317480068,51.119995394515605,82.86375181655934,57.42336195362734
fold1_seed17_all,floor_neural_oracle,FDE_vs_floor,complete,eu-locality-048,4716,44.149250623650815,52.78505756254611,16.360324943593263,170.24252280223237,288.22303735761466,197.12872882760925
fold1_seed17_all,floor_neural_oracle,FDE_vs_floor,complete,eu-locality-067,3417,47.11059932073939,58.35896627307172,19.274445163574818,157.05241780597564,277.96220292342736,190.6097981763269
fold1_seed17_all,floor_neural_oracle,FDE_vs_floor,complete,eu-locality-074,67309,28.046480023292204,36.04335386518785,22.186819439184745,100.1307448931229,194.8390196887251,123.4280672175055
fold1_seed17_all,floor_neural_oracle,FDE_vs_floor,complete,eu-locality-082,582,15.881460338475845,20.19108037638645,21.34417751588331,74.25172714711094,165.5398851728982,100.06965657397332
fold1_seed17_all,floor_neural_oracle,FDE_vs_floor,complete,eu-locality-112,2417,27.977305944754008,38.02515032457592,26.42420685797504,102.32985472286592,279.6377514124777,133.10947546944618
fold1_seed17_all,floor_neural_oracle,FDE_vs_floor,complete,eu-locality-126,3637,29.45108162560683,37.59226649752005,21.656541705061315,140.64565695450406,296.41039361840205,174.7819372754886
fold1_seed17_all,floor_neural_oracle,FDE_vs_floor,partial,eu-locality-008,23736,37.25141490184145,46.464426540462256,19.828097158581983,140.97169524042766,277.51826527030937,173.86584801165313
fold1_seed17_all,floor_neural_oracle,FDE_vs_floor,partial,eu-locality-020,258,13.620869268664425,14.777545249876168,7.827253861539929,48.58226719879105,77.80601098042474,48.995983895651484
fold1_seed17_all,floor_neural_oracle,FDE_vs_floor,partial,eu-locality-048,866,48.657859696307646,61.87743134779728,21.364124792423567,176.25738254225945,275.7284073754808,227.03540839811407
fold1_seed17_all,floor_neural_oracle,FDE_vs_floor,partial,eu-locality-067,1183,45.11051290584226,59.40024152011548,24.056684364547742,158.2785605698462,323.8731878074676,207.11494222439552
fold1_seed17_all,floor_neural_oracle,FDE_vs_floor,partial,eu-locality-074,13980,37.94388482223354,47.55043357311858,20.202862579818525,133.24436263652535,251.7294742422177,163.41250061332315
fold1_seed17_all,floor_neural_oracle,FDE_vs_floor,partial,eu-locality-082,277,26.35020489974466,34.53353413245617,23.69676153423419,103.08358276227756,288.800169579015,146.71054103169644
fold1_seed17_all,floor_neural_oracle,FDE_vs_floor,partial,eu-locality-112,1302,46.693029375878496,60.112842661804144,22.32436978804303,176.6405561773824,345.7377967970459,229.09118762773232
fold1_seed17_all,floor_neural_oracle,FDE_vs_floor,partial,eu-locality-126,942,27.59689649579649,36.96656158334969,25.34632566901608,126.24433446058082,240.46706112076282,173.3733834589796
fold1_seed17_all,floor_neural_oracle,FDE_vs_floor,endpoint,eu-locality-008,121088,27.44047516819816,33.920480040806694,19.103517594129038,106.84080215974572,212.67158358702588,129.00917729467994
fold1_seed17_all,floor_neural_oracle,FDE_vs_floor,endpoint,eu-locality-020,622,13.016425663642218,14.468038958219397,10.033241538601933,48.98614876904287,82.5590891536665,52.375808020598235
fold1_seed17_all,floor_neural_oracle,FDE_vs_floor,endpoint,eu-locality-048,5582,44.84872311682904,54.1956623095951,17.24665553374227,170.75052555554805,285.29822829304345,202.36516697858983
fold1_seed17_all,floor_neural_oracle,FDE_vs_floor,endpoint,eu-locality-067,4600,46.596229270995195,58.626755102909264,20.520538465409754,158.20539987251937,281.4058860757444,195.84787627467875
fold1_seed17_all,floor_neural_oracle,FDE_vs_floor,endpoint,eu-locality-074,81289,29.748625689854713,38.0223297944879,21.760118723268317,106.47258318955514,208.4908509019655,130.69053585883913
fold1_seed17_all,floor_neural_oracle,FDE_vs_floor,endpoint,eu-locality-082,859,19.25729531341352,24.8160625538385,22.399876001139273,85.98444549217147,217.66005499482785,113.0556753805091
fold1_seed17_all,floor_neural_oracle,FDE_vs_floor,endpoint,eu-locality-112,3719,34.52957050708906,45.757921344492864,24.538594646531465,134.91243038741902,309.86649953398984,167.8142942957759
fold1_seed17_all,floor_neural_oracle,FDE_vs_floor,endpoint,eu-locality-126,4579,29.069635372651746,37.4635453730063,22.405540951291382,139.08272558071567,283.38896628839495,174.73891138116818
fold1_seed17_all,floor_neural_oracle,FDE_vs_floor,easy_complete,eu-locality-008,28571,2.140799387009815,2.7833419735930254,23.085290728891273,4.495878233474158,7.9008153069690215,5.69059865603448
fold1_seed17_all,floor_neural_oracle,FDE_vs_floor,easy_complete,eu-locality-020,178,1.8097377488366877,2.250636482624173,19.58995764937619,4.430217624519518,7.634992483488128,5.486303503667565
fold1_seed17_all,floor_neural_oracle,FDE_vs_floor,easy_complete,eu-locality-048,1146,2.207459433684122,2.808351682605539,21.396616835535344,4.710222026458887,9.339573071600217,5.819425013630099
fold1_seed17_all,floor_neural_oracle,FDE_vs_floor,easy_complete,eu-locality-067,551,2.305614610770463,2.777591331230789,16.992302472775457,5.881407925642339,9.537265385836804,6.524621771064362
fold1_seed17_all,floor_neural_oracle,FDE_vs_floor,easy_complete,eu-locality-074,11433,2.850116487896642,3.562488483810335,19.996471543727225,7.499969935345991,12.909985084972574,7.714182344687595
fold1_seed17_all,floor_neural_oracle,FDE_vs_floor,easy_complete,eu-locality-082,284,1.887698902832627,2.421242064724888,22.035928157100003,4.208205153935359,7.2555047529086325,5.203489563006431
fold1_seed17_all,floor_neural_oracle,FDE_vs_floor,easy_complete,eu-locality-112,330,2.669588498618458,3.3025544559716806,19.165950654006426,6.648791134709214,12.758263280077726,7.419917915140831
fold1_seed17_all,floor_neural_oracle,FDE_vs_floor,easy_complete,eu-locality-126,1425,1.8171617893169267,2.388822985463119,23.930663746328808,4.185131904421001,6.397118306106241,5.241750232337358
fold1_seed17_all,floor_neural_oracle,FDE_vs_floor,hard_complete,eu-locality-008,16020,88.02195082605063,111.15224754512592,20.809562766317235,205.87645387711657,353.9052071936534,261.4899989984168
fold1_seed17_all,floor_neural_oracle,FDE_vs_floor,hard_complete,eu-locality-020,12,79.45625033681587,92.21205210121825,13.833117769031688,114.43867577212549,124.7788183952435,118.43938924577421
fold1_seed17_all,floor_neural_oracle,FDE_vs_floor,hard_complete,eu-locality-048,1483,108.31934364840833,130.7343194951434,17.14544117665121,255.54234242924406,386.5602524611069,290.29367509265694
fold1_seed17_all,floor_neural_oracle,FDE_vs_floor,hard_complete,eu-locality-067,1231,96.69978977032915,123.48295359238352,21.68976611173834,244.567477727322,332.53196317155675,287.0731696517077
fold1_seed17_all,floor_neural_oracle,FDE_vs_floor,hard_complete,eu-locality-074,12476,82.40155911707821,112.05593832471493,26.463906912014302,200.22719671600237,326.8129939711887,262.2211053746031
fold1_seed17_all,floor_neural_oracle,FDE_vs_floor,hard_complete,eu-locality-082,57,89.32436956246238,113.19779252660057,21.09000752689424,210.23514162904567,272.66499140726404,236.13883358876924
fold1_seed17_all,floor_neural_oracle,FDE_vs_floor,hard_complete,eu-locality-112,449,92.90292687898055,128.4940700162524,27.69866588611456,289.1466625019619,456.89724676020586,387.5177952946917
fold1_seed17_all,floor_neural_oracle,FDE_vs_floor,hard_complete,eu-locality-126,695,114.2119733756612,147.44564258941972,22.539607566635045,300.37705922808107,466.55436825232044,368.7116566311405
fold1_seed17_all,floor_neural_oracle,ADE_vs_CV,all,eu-locality-008,157961,14.952398705766447,18.214515006924465,17.909432669043813,52.325907429065715,105.76944710862689,63.9700524103003
fold1_seed17_all,floor_neural_oracle,ADE_vs_CV,all,eu-locality-020,1225,5.906752401139067,6.529874789510041,9.54263915400021,18.921737497937425,38.78548288034698,21.020763749430696
fold1_seed17_all,floor_neural_oracle,ADE_vs_CV,all,eu-locality-048,8058,21.65567958974315,26.698045849916497,18.886649189678863,73.49434626341241,129.93614743560093,89.55098636922551
fold1_seed17_all,floor_neural_oracle,ADE_vs_CV,all,eu-locality-067,6903,23.36476385837268,29.011553933538778,19.463935258697507,76.87098703557396,140.80858386280676,93.29868317030169
fold1_seed17_all,floor_neural_oracle,ADE_vs_CV,all,eu-locality-074,102348,15.681277062141138,19.761464600296893,20.647192000609383,52.71209643331134,104.9551573543222,64.81408896393752
fold1_seed17_all,floor_neural_oracle,ADE_vs_CV,all,eu-locality-082,1368,11.468337075293123,13.688548886436024,16.219482646132843,41.82934875571353,91.79697484853989,51.85945295918717
fold1_seed17_all,floor_neural_oracle,ADE_vs_CV,all,eu-locality-112,5004,19.769016201262023,24.679682084525158,19.897605919090257,70.7953404679135,143.99749990823352,86.2710070848162
fold1_seed17_all,floor_neural_oracle,ADE_vs_CV,all,eu-locality-126,5790,15.618774174959613,19.860903597678185,21.359196482956055,70.44205256319862,137.13420006237067,86.5533275336093
fold1_seed17_all,floor_neural_oracle,ADE_vs_CV,easy,eu-locality-008,39889,1.4976186289427362,1.791172498853141,16.38892234546715,2.783080982272683,3.287536396997414,3.2504176960159774
fold1_seed17_all,floor_neural_oracle,ADE_vs_CV,easy,eu-locality-020,593,1.141991407440239,1.2706472215919324,10.125219019525078,2.9359197163283857,3.3784565222962084,3.051349724629029
fold1_seed17_all,floor_neural_oracle,ADE_vs_CV,easy,eu-locality-048,1582,1.480788319758707,1.7551327263969017,15.63097778943443,2.8370345419264344,3.3353179311524155,3.2298308573246963
fold1_seed17_all,floor_neural_oracle,ADE_vs_CV,easy,eu-locality-067,1219,1.4630345951472148,1.6528940070695597,11.486484378931806,2.936144784213768,3.3025554971832833,3.222473275402277
fold1_seed17_all,floor_neural_oracle,ADE_vs_CV,easy,eu-locality-074,17048,1.7628790794970548,2.0239574238081066,12.899399030826885,3.1974637080242734,4.834957609482326,3.3016095862663026
fold1_seed17_all,floor_neural_oracle,ADE_vs_CV,easy,eu-locality-082,513,1.364203055486231,1.6221340438704122,15.900719756103376,2.7012301393781466,3.103869871699377,3.137173321764387
fold1_seed17_all,floor_neural_oracle,ADE_vs_CV,easy,eu-locality-112,571,1.78401586010892,2.110763890677913,15.480084343495736,2.989410537156318,3.1827190298978683,3.3318797717711783
fold1_seed17_all,floor_neural_oracle,ADE_vs_CV,easy,eu-locality-126,2160,1.2144268129205726,1.4931553251754432,18.667080882701903,2.6432489531211614,3.1787569021389275,3.15811922069773
fold1_seed17_all,floor_neural_oracle,ADE_vs_CV,hard,eu-locality-008,28100,48.01185278433484,60.74188321281993,20.957582733948456,110.50547883939791,182.0153902801124,138.48767980783674
fold1_seed17_all,floor_neural_oracle,ADE_vs_CV,hard,eu-locality-020,30,39.17918035288182,43.81825835804657,10.587088987558657,59.844390849546144,65.75616641653264,64.04793996418368
fold1_seed17_all,floor_neural_oracle,ADE_vs_CV,hard,eu-locality-048,2478,50.99641282492104,63.88573915651315,20.175592396316578,114.49093444017679,185.37081133033547,138.97729297348553
fold1_seed17_all,floor_neural_oracle,ADE_vs_CV,hard,eu-locality-067,2296,51.410054727007434,65.07172046247634,20.99478181669856,119.92001672445612,180.78884660848453,143.40335944857748
fold1_seed17_all,floor_neural_oracle,ADE_vs_CV,hard,eu-locality-074,19310,46.452971403035114,60.351879335065945,23.02978479736457,107.86275575454341,186.30099883210372,136.81762092091788
fold1_seed17_all,floor_neural_oracle,ADE_vs_CV,hard,eu-locality-082,184,45.33371805617137,55.75797833667997,18.695549213718664,103.76389729581066,176.89632495568267,112.9711774505625
fold1_seed17_all,floor_neural_oracle,ADE_vs_CV,hard,eu-locality-112,1153,55.709424964545995,70.01758802603055,20.43509847292253,141.01652442571864,223.82173566740366,174.675987810338
fold1_seed17_all,floor_neural_oracle,ADE_vs_CV,hard,eu-locality-126,1110,57.281062631235514,74.02161712516786,22.615764345737922,139.25176245575557,219.73738366286378,160.69598223874476
fold1_seed17_all,union_oracle,ADE_vs_floor,all,eu-locality-008,157961,14.577453084464537,17.39461485452092,16.195597278914132,51.061272541462706,104.90623221593532,60.901524840130136
fold1_seed17_all,union_oracle,ADE_vs_floor,all,eu-locality-020,1225,5.834212014409329,6.454131713950232,9.605005398340138,18.817914572053354,38.78548288034698,20.840106881217874
fold1_seed17_all,union_oracle,ADE_vs_floor,all,eu-locality-048,8058,21.28185800135269,25.144477231120284,15.361700282187574,72.74187510651537,129.6384092298167,85.65711123273013
fold1_seed17_all,union_oracle,ADE_vs_floor,all,eu-locality-067,6903,23.196517034509416,27.34478547410642,15.170235815253042,76.57878855784854,140.80858386280676,88.61761282974824
fold1_seed17_all,union_oracle,ADE_vs_floor,all,eu-locality-074,102348,15.47481983588393,18.646452258173927,17.009307606489433,52.25368606514948,104.71794453788908,61.67655316701959
fold1_seed17_all,union_oracle,ADE_vs_floor,all,eu-locality-082,1368,11.435748229064563,13.31492526900714,14.113312707182047,41.82934875571353,91.79697484853989,51.33307131828658
fold1_seed17_all,union_oracle,ADE_vs_floor,all,eu-locality-112,5004,19.62176688086939,23.67403823868376,17.116941845573653,70.20205481096507,142.2429209210359,83.91872194267576
fold1_seed17_all,union_oracle,ADE_vs_floor,all,eu-locality-126,5790,15.452719318919328,18.815797357405835,17.8736939742966,69.95153021699883,137.13420006237067,82.70914875351129
fold1_seed17_all,union_oracle,ADE_vs_floor,easy,eu-locality-008,39889,1.4814909972673724,1.7243479527289463,14.083987809840204,2.7642700302186203,3.205737586946278,3.10302716520485
fold1_seed17_all,union_oracle,ADE_vs_floor,easy,eu-locality-020,593,1.1261532828228753,1.2634681870928663,10.868093528016809,2.89535412823067,3.281873299441771,3.0462253444924383
fold1_seed17_all,union_oracle,ADE_vs_floor,easy,eu-locality-048,1582,1.459671882493354,1.691706559598439,13.716012141027779,2.7722603861308435,3.2492701767634977,3.080321842954575
fold1_seed17_all,union_oracle,ADE_vs_floor,easy,eu-locality-067,1219,1.4544863091672426,1.6070554939116386,9.493709789264116,2.9241459565104124,3.2421329991465377,3.125280103751406
fold1_seed17_all,union_oracle,ADE_vs_floor,easy,eu-locality-074,17048,1.6948033655825285,2.006190904847624,15.521331420289053,3.004210965144566,3.3441192175502352,3.3143761140128665
fold1_seed17_all,union_oracle,ADE_vs_floor,easy,eu-locality-082,513,1.3621421320150782,1.5710258646135113,13.296008506506718,2.7012301393781466,3.1019714340242155,2.9984720219030083
fold1_seed17_all,union_oracle,ADE_vs_floor,easy,eu-locality-112,571,1.7795655793392304,2.0131556427536705,11.60317952838097,2.989410537156318,3.17525183991918,3.1756828589252075
fold1_seed17_all,union_oracle,ADE_vs_floor,easy,eu-locality-126,2160,1.2053739312122733,1.4157682242008178,14.860786489773725,2.6265632930335334,3.075190938285168,2.969935701845944
fold1_seed17_all,union_oracle,ADE_vs_floor,hard,eu-locality-008,28100,47.40807101843693,57.401958434538855,17.41035966133272,109.59105437041538,181.59736318517892,133.17983950050248
fold1_seed17_all,union_oracle,ADE_vs_floor,hard,eu-locality-020,30,39.011187569482445,43.880918153877474,11.097604127876991,59.022210599910814,65.32265319399764,64.72063289570352
fold1_seed17_all,union_oracle,ADE_vs_floor,hard,eu-locality-048,2478,50.31470335565669,59.97138276134088,16.102145658560897,111.71632430823644,185.3158272090657,129.86404667789589
fold1_seed17_all,union_oracle,ADE_vs_floor,hard,eu-locality-067,2296,51.21054065539117,61.203434924820094,16.327342218134987,119.09062751142979,180.78884660848453,136.10693578016483
fold1_seed17_all,union_oracle,ADE_vs_floor,hard,eu-locality-074,19310,46.19883199349493,56.94403787206682,18.869764562029456,107.31007445144647,186.29577463872113,129.62403299007295
fold1_seed17_all,union_oracle,ADE_vs_floor,hard,eu-locality-082,184,45.30513364996527,54.163490799463844,16.354849029756892,103.76389729581066,176.89632495568267,111.15642414153585
fold1_seed17_all,union_oracle,ADE_vs_floor,hard,eu-locality-112,1153,55.30413920939682,67.48585912533657,18.050774004840818,139.17071778911446,218.49993663377958,172.32982222631605
fold1_seed17_all,union_oracle,ADE_vs_floor,hard,eu-locality-126,1110,56.84871470272777,70.19633186651023,19.01469323092998,139.25176245575557,219.73738366286378,153.398248311701
fold1_seed17_all,union_oracle,ADE_vs_floor,complete,eu-locality-008,97352,12.955599730306766,15.696217938750706,17.460373060174728,46.68235937122582,93.48492025093451,56.042965125667955
fold1_seed17_all,union_oracle,ADE_vs_floor,complete,eu-locality-020,364,6.145625861294504,6.855459049754582,10.354276545280939,21.61297716712974,39.345680798501014,22.937980186983854
fold1_seed17_all,union_oracle,ADE_vs_floor,complete,eu-locality-048,4716,20.79809089199619,24.87267307818552,16.38176231955917,73.286754342115,129.80288066870045,88.08727981259585
fold1_seed17_all,union_oracle,ADE_vs_floor,complete,eu-locality-067,3417,23.405047818930395,28.11187429576858,16.74319693990187,74.63056907459924,137.2750578174486,88.05258726870653
fold1_seed17_all,union_oracle,ADE_vs_floor,complete,eu-locality-074,67309,14.757496554037079,18.199967308464785,18.914708450199335,49.63125656443296,100.83100526496203,59.587760388307856
fold1_seed17_all,union_oracle,ADE_vs_floor,complete,eu-locality-082,582,8.398867392591644,10.14404468275235,17.203959019699354,36.884160394076815,73.06245468785492,46.30650206106486
fold1_seed17_all,union_oracle,ADE_vs_floor,complete,eu-locality-112,2417,15.919360886401368,20.019693847691933,20.481496832496727,53.42128289779872,128.6476626794744,68.16569900614174
fold1_seed17_all,union_oracle,ADE_vs_floor,complete,eu-locality-126,3637,14.81983290963831,18.343236245897547,19.208188179156473,66.98361726839288,138.9043831994633,79.33620099124832
fold1_seed17_all,union_oracle,ADE_vs_floor,partial,eu-locality-008,60609,17.18252275619592,20.122631098710094,14.610953846401543,59.02845374927907,119.46536384011328,69.08712050222117
fold1_seed17_all,union_oracle,ADE_vs_floor,partial,eu-locality-020,861,5.702557379953808,6.284464872797172,9.259459709325446,16.77305657160294,36.733197315000396,19.65836635238612
fold1_seed17_all,union_oracle,ADE_vs_floor,partial,eu-locality-048,3342,21.964516794807285,25.528028513358578,13.959212387617558,70.76086723001116,127.93028339409454,83.2032682819049
fold1_seed17_all,union_oracle,ADE_vs_floor,partial,eu-locality-067,3486,22.99211379573532,26.59287999400901,13.540339365592935,78.11326899390056,146.14432610159471,89.57756281025205
fold1_seed17_all,union_oracle,ADE_vs_floor,partial,eu-locality-074,35039,16.8527790464159,19.50413813619479,13.593828505852468,57.32569512984827,110.53999403102856,65.55358316900735
fold1_seed17_all,union_oracle,ADE_vs_floor,partial,eu-locality-082,786,13.684430985842218,15.66282921455458,12.631167725904524,43.66972718165501,97.5129140442481,52.84963841574215
fold1_seed17_all,union_oracle,ADE_vs_floor,partial,eu-locality-112,2587,23.080875999009788,27.088244034210344,14.79375344573669,82.39681389684033,149.2383790523268,96.80442825231987
fold1_seed17_all,union_oracle,ADE_vs_floor,partial,eu-locality-126,2153,16.521835840310438,19.614081037180867,15.765435000542238,76.71374254068928,135.3681634951854,84.69814760496907
fold1_seed17_all,union_oracle,ADE_vs_floor,endpoint,eu-locality-008,121088,14.237996241204863,17.277517010624432,17.5923471384834,51.06687591397665,104.85257021683718,61.78320290721466
fold1_seed17_all,union_oracle,ADE_vs_floor,endpoint,eu-locality-020,622,6.41068703890129,7.069019877632898,9.312929516786905,22.028947608274954,38.80214210959773,23.193478034070854
fold1_seed17_all,union_oracle,ADE_vs_floor,endpoint,eu-locality-048,5582,21.331548599238143,25.703981949845993,17.010723704752863,74.5550933563644,130.83067461885224,89.32464647691123
fold1_seed17_all,union_oracle,ADE_vs_floor,endpoint,eu-locality-067,4600,23.52049305577732,28.473017294693364,17.39374576167264,75.10169913967523,140.54795659156477,88.95975759903506
fold1_seed17_all,union_oracle,ADE_vs_floor,endpoint,eu-locality-074,81289,15.646869612758076,19.209055108174876,18.54430358680592,52.67333680060021,107.48881853929632,63.35850818893647
fold1_seed17_all,union_oracle,ADE_vs_floor,endpoint,eu-locality-082,859,9.737994351030155,11.976887656079086,18.69344832597257,40.450065802231734,96.10963431605177,51.850390589866755
fold1_seed17_all,union_oracle,ADE_vs_floor,endpoint,eu-locality-112,3719,19.191616258992983,23.779980311052185,19.29507086230292,67.02446361918153,147.77377300708113,85.42925749298479
fold1_seed17_all,union_oracle,ADE_vs_floor,endpoint,eu-locality-126,4579,14.803869406715133,18.389525005463984,19.498358971661656,66.72360805170317,135.27308042527545,79.75066184792317
fold1_seed17_all,union_oracle,ADE_vs_floor,easy_complete,eu-locality-008,28571,1.4410786905452897,1.7009472782492556,15.277874336672115,2.6294681737085015,3.045484699677618,3.053032277788849
fold1_seed17_all,union_oracle,ADE_vs_floor,easy_complete,eu-locality-020,178,1.178083356984956,1.3548644219460297,13.047878599333075,2.595243188930735,3.272867124230537,3.007716293724164
fold1_seed17_all,union_oracle,ADE_vs_floor,easy_complete,eu-locality-048,1146,1.4303551538368648,1.6711733295859044,14.410125597726676,2.6742464102623553,3.113925427342031,3.0203870000949595
fold1_seed17_all,union_oracle,ADE_vs_floor,easy_complete,eu-locality-067,551,1.4808183334861436,1.6682729803277236,11.23644925333236,2.8358720684774963,3.1307608334960535,3.089622175604263
fold1_seed17_all,union_oracle,ADE_vs_floor,easy_complete,eu-locality-074,11433,1.637841803212622,1.9943198059111846,17.87466592077951,2.8966952174913296,3.319971731520209,3.3069480676375833
fold1_seed17_all,union_oracle,ADE_vs_floor,easy_complete,eu-locality-082,284,1.2642952062244208,1.4889217129831498,15.086522333580277,2.5432853805425792,2.9901117315041197,2.8676160103460266
fold1_seed17_all,union_oracle,ADE_vs_floor,easy_complete,eu-locality-112,330,1.7075523330014506,1.956737718044224,12.734736124565348,2.936672851047673,3.2186760037919506,3.16520642651851
fold1_seed17_all,union_oracle,ADE_vs_floor,easy_complete,eu-locality-126,1425,1.2205845000069944,1.4499730601132752,15.82019462405464,2.568854423634412,2.9489421752334026,2.9533926629715967
fold1_seed17_all,union_oracle,ADE_vs_floor,hard_complete,eu-locality-008,16020,44.797346975794646,54.921144484156265,18.43333310594456,100.49008105987298,172.1153340939814,123.16838044417278
fold1_seed17_all,union_oracle,ADE_vs_floor,hard_complete,eu-locality-020,12,39.162323285154194,43.9907556570682,10.976015982890253,62.46425208392078,66.59930715521246,62.9047951209938
fold1_seed17_all,union_oracle,ADE_vs_floor,hard_complete,eu-locality-048,1483,50.05085041081114,60.378206679641636,17.104443534777403,112.63987403813942,178.92973555036056,129.74665839250656
fold1_seed17_all,union_oracle,ADE_vs_floor,hard_complete,eu-locality-067,1231,47.91913539500224,58.65182479915897,18.298986333176504,114.65367315334235,158.7406754123278,130.37937798369035
fold1_seed17_all,union_oracle,ADE_vs_floor,hard_complete,eu-locality-074,12476,44.191783626492445,56.057235908205485,21.166673828054748,104.3228166926907,182.04028524540087,127.76191447574689
fold1_seed17_all,union_oracle,ADE_vs_floor,hard_complete,eu-locality-082,57,44.63913462890021,54.1959623212826,17.633837066547397,100.69402297673425,114.16766309518187,111.63859838617915
fold1_seed17_all,union_oracle,ADE_vs_floor,hard_complete,eu-locality-112,449,50.85721790491064,65.38808168452798,22.222495912516738,132.91905517321499,205.32349576226375,172.51160488506287
fold1_seed17_all,union_oracle,ADE_vs_floor,hard_complete,eu-locality-126,695,55.36347637080679,69.59249739210061,20.446199740647543,140.74059440119984,218.9900869015282,154.53201140826133
fold1_seed17_all,union_oracle,FDE_vs_floor,all,eu-locality-008,121088,26.43063445129607,33.920480040806694,22.080600217037794,102.66132151258248,209.92803634475777,129.00917729467994
fold1_seed17_all,union_oracle,FDE_vs_floor,all,eu-locality-020,622,12.818493686750571,14.468038958219397,11.40130515429465,48.965422767887034,82.5590891536665,52.375808020598235
fold1_seed17_all,union_oracle,FDE_vs_floor,all,eu-locality-048,5582,43.63150140060704,54.1956623095951,19.492631806287054,167.4817191502768,279.0321338464825,202.36516697858983
fold1_seed17_all,union_oracle,FDE_vs_floor,all,eu-locality-067,4600,46.108278696320774,58.626755102909264,21.352838622254367,158.20539987251937,281.0122732467366,195.84787627467875
fold1_seed17_all,union_oracle,FDE_vs_floor,all,eu-locality-074,81289,29.19210045098409,38.0223297944879,23.22379872888255,104.70505424117476,206.79935364556763,130.69053585883913
fold1_seed17_all,union_oracle,FDE_vs_floor,all,eu-locality-082,859,19.207971339298098,24.8160625538385,22.598634261070373,85.98444549217147,217.35936552406693,113.0556753805091
fold1_seed17_all,union_oracle,FDE_vs_floor,all,eu-locality-112,3719,34.1762185152059,45.757921344492864,25.31081502171615,134.2821542464452,295.5828275761862,167.8142942957759
fold1_seed17_all,union_oracle,FDE_vs_floor,all,eu-locality-126,4579,28.61487140006275,37.4635453730063,23.619424923192945,135.580244840603,283.38896628839495,174.73891138116818
fold1_seed17_all,union_oracle,FDE_vs_floor,easy,eu-locality-008,32900,2.1514320296028826,2.82349163161948,23.802429392401702,4.553099391906365,7.80559884399714,5.764499652301305
fold1_seed17_all,union_oracle,FDE_vs_floor,easy,eu-locality-020,290,1.8341464001226875,2.284297764907499,19.70633477387481,4.726066498582969,8.117093400465636,5.510004780476717
fold1_seed17_all,union_oracle,FDE_vs_floor,easy,eu-locality-048,1250,2.2285096489512957,2.8583911979365233,22.036226162463002,4.78696993661611,9.456303876416118,5.940635535827595
fold1_seed17_all,union_oracle,FDE_vs_floor,easy,eu-locality-067,734,2.263649664916151,2.7400933197188144,17.38786235395645,5.255362211217492,8.15989123573772,6.159309644436956
fold1_seed17_all,union_oracle,FDE_vs_floor,easy,eu-locality-074,12940,2.683198088550421,3.575026705405718,24.946068668711842,6.4422042029240965,10.800288325445036,7.881170996318663
fold1_seed17_all,union_oracle,FDE_vs_floor,easy,eu-locality-082,391,1.9633334040787052,2.519829557692073,22.084674414370554,4.36044449075548,7.221908799624045,5.4370479440029476
fold1_seed17_all,union_oracle,FDE_vs_floor,easy,eu-locality-112,423,2.7137048325278514,3.3809167898867476,19.73464592073696,6.753411154699485,12.866835467323813,7.2959124108582305
fold1_seed17_all,union_oracle,FDE_vs_floor,easy,eu-locality-126,1768,1.7881460514807812,2.3730464513429483,24.647659110556464,4.163218930704975,6.23359010491642,5.254428126600292
fold1_seed17_all,union_oracle,FDE_vs_floor,hard,eu-locality-008,22002,89.6819569983024,115.9381896498327,22.64675059256299,217.84363132631958,366.7657813019295,279.2095497143285
fold1_seed17_all,union_oracle,FDE_vs_floor,hard,eu-locality-020,18,77.325486913701,89.46963811272323,13.57348867749052,117.3151892488592,125.35412109059021,117.3151892488592
fold1_seed17_all,union_oracle,FDE_vs_floor,hard,eu-locality-048,1769,105.72874272929204,132.18967240185162,20.017395604188625,253.8542637702569,407.7109506768728,292.6400508335233
fold1_seed17_all,union_oracle,FDE_vs_floor,hard,eu-locality-067,1633,96.61326603307089,126.27915355531397,23.49230786477243,246.90988909666663,351.9944237524296,292.2990598362391
fold1_seed17_all,union_oracle,FDE_vs_floor,hard,eu-locality-074,16042,84.60108213682079,114.42829091104564,26.066288796895464,207.94573935787596,340.4114452926511,271.50954843675544
fold1_seed17_all,union_oracle,FDE_vs_floor,hard,eu-locality-082,103,93.94591308351757,125.0338087432191,24.863591673470086,264.4476020629474,371.890518068923,277.93782304116826
fold1_seed17_all,union_oracle,FDE_vs_floor,hard,eu-locality-112,847,101.05406079627711,136.74504090803208,26.10038351281707,276.00755535664746,476.10666480815945,387.3095468654183
fold1_seed17_all,union_oracle,FDE_vs_floor,hard,eu-locality-126,868,110.43623604903819,146.42752549081254,24.579592751523073,292.6670536754476,452.53675149058034,362.11048170639896
fold1_seed17_all,union_oracle,FDE_vs_floor,complete,eu-locality-008,97352,24.087895566642516,30.86206198965393,21.949817952158735,94.16404479566263,188.5483549875279,117.94458295541463
fold1_seed17_all,union_oracle,FDE_vs_floor,complete,eu-locality-020,364,12.41378122852835,14.24866361962751,12.877575329742596,51.119995394515605,82.86375181655934,57.42336195362734
fold1_seed17_all,union_oracle,FDE_vs_floor,complete,eu-locality-048,4716,43.008164084494,52.78505756254611,18.522085471759254,167.66948964839543,283.6615034492335,197.12872882760925
fold1_seed17_all,union_oracle,FDE_vs_floor,complete,eu-locality-067,3417,46.58831685885322,58.35896627307172,20.16939326708015,156.91624266628605,277.5174976889607,190.6097981763269
fold1_seed17_all,union_oracle,FDE_vs_floor,complete,eu-locality-074,67309,27.51430000898727,36.04335386518785,23.663319146441275,98.75163877777176,193.93422869677926,123.4280672175055
fold1_seed17_all,union_oracle,FDE_vs_floor,complete,eu-locality-082,582,15.82928237095642,20.19108037638645,21.602598395532958,74.25172714711094,165.5398851728982,100.06965657397332
fold1_seed17_all,union_oracle,FDE_vs_floor,complete,eu-locality-112,2417,27.739708961354538,38.02515032457592,27.04904852558552,101.0657037156777,271.35380160125317,133.10947546944618
fold1_seed17_all,union_oracle,FDE_vs_floor,complete,eu-locality-126,3637,28.987820284681195,37.59226649752005,22.88887320323314,139.12961290820056,296.41039361840205,174.7819372754886
fold1_seed17_all,union_oracle,FDE_vs_floor,partial,eu-locality-008,23736,36.0392591521215,46.464426540462256,22.436879489435402,138.87326445133635,276.13502187730217,173.86584801165313
fold1_seed17_all,union_oracle,FDE_vs_floor,partial,eu-locality-020,258,13.38948335649045,14.777545249876168,9.393047829762857,47.52141327182181,77.80601098042474,48.995983895651484
fold1_seed17_all,union_oracle,FDE_vs_floor,partial,eu-locality-048,866,47.02602655394319,61.87743134779728,24.001327253515303,166.52906340327013,273.82277300155266,227.03540839811407
fold1_seed17_all,union_oracle,FDE_vs_floor,partial,eu-locality-067,1183,44.721727215869926,59.40024152011548,24.711203066867625,158.2785605698462,323.8731878074676,207.11494222439552
fold1_seed17_all,union_oracle,FDE_vs_floor,partial,eu-locality-074,13980,37.27014551181126,47.55043357311858,21.61975672734774,131.58217285355917,251.44288174070783,163.41250061332315
fold1_seed17_all,union_oracle,FDE_vs_floor,partial,eu-locality-082,277,26.306877402745236,34.53353413245617,23.82222652960141,103.08358276227756,288.800169579015,146.71054103169644
fold1_seed17_all,union_oracle,FDE_vs_floor,partial,eu-locality-112,1302,46.1247927023478,60.112842661804144,23.26965310583189,171.11317769100532,345.7377967970459,229.09118762773232
fold1_seed17_all,union_oracle,FDE_vs_floor,partial,eu-locality-126,942,27.1749403030805,36.96656158334969,26.487779390008193,123.22977913068112,240.46706112076282,173.3733834589796
fold1_seed17_all,union_oracle,FDE_vs_floor,endpoint,eu-locality-008,121088,26.43063445129607,33.920480040806694,22.080600217037794,102.66132151258248,209.92803634475777,129.00917729467994
fold1_seed17_all,union_oracle,FDE_vs_floor,endpoint,eu-locality-020,622,12.818493686750571,14.468038958219397,11.40130515429465,48.965422767887034,82.5590891536665,52.375808020598235
fold1_seed17_all,union_oracle,FDE_vs_floor,endpoint,eu-locality-048,5582,43.63150140060704,54.1956623095951,19.492631806287054,167.4817191502768,279.0321338464825,202.36516697858983
fold1_seed17_all,union_oracle,FDE_vs_floor,endpoint,eu-locality-067,4600,46.108278696320774,58.626755102909264,21.352838622254367,158.20539987251937,281.0122732467366,195.84787627467875
fold1_seed17_all,union_oracle,FDE_vs_floor,endpoint,eu-locality-074,81289,29.19210045098409,38.0223297944879,23.22379872888255,104.70505424117476,206.79935364556763,130.69053585883913
fold1_seed17_all,union_oracle,FDE_vs_floor,endpoint,eu-locality-082,859,19.207971339298098,24.8160625538385,22.598634261070373,85.98444549217147,217.35936552406693,113.0556753805091
fold1_seed17_all,union_oracle,FDE_vs_floor,endpoint,eu-locality-112,3719,34.1762185152059,45.757921344492864,25.31081502171615,134.2821542464452,295.5828275761862,167.8142942957759
fold1_seed17_all,union_oracle,FDE_vs_floor,endpoint,eu-locality-126,4579,28.61487140006275,37.4635453730063,23.619424923192945,135.580244840603,283.38896628839495,174.73891138116818
fold1_seed17_all,union_oracle,FDE_vs_floor,easy_complete,eu-locality-008,28571,2.114808642336214,2.7833419735930254,24.019087039951447,4.471144841203769,7.4853388459314925,5.69059865603448
fold1_seed17_all,union_oracle,FDE_vs_floor,easy_complete,eu-locality-020,178,1.7835770585255992,2.250636482624173,20.75232618436883,4.430217624519518,7.634992483488128,5.486303503667565
fold1_seed17_all,union_oracle,FDE_vs_floor,easy_complete,eu-locality-048,1146,2.197786524066578,2.808351682605539,21.741050535824968,4.714855659959753,8.824967458160057,5.819425013630099
fold1_seed17_all,union_oracle,FDE_vs_floor,easy_complete,eu-locality-067,551,2.2838305393121314,2.777591331230789,17.776581686689862,5.566366910127606,8.657058042951856,6.524621771064362
fold1_seed17_all,union_oracle,FDE_vs_floor,easy_complete,eu-locality-074,11433,2.668552422232908,3.562488483810335,25.09302319544059,6.317409565138097,10.425673339365934,7.714182344687595
fold1_seed17_all,union_oracle,FDE_vs_floor,easy_complete,eu-locality-082,284,1.886224884340757,2.421242064724888,22.096806766196753,4.208205153935359,7.227419208919501,5.203489563006431
fold1_seed17_all,union_oracle,FDE_vs_floor,easy_complete,eu-locality-112,330,2.671176878181448,3.3025544559716806,19.117855169611975,6.523218771578659,12.758263280077726,7.419917915140831
fold1_seed17_all,union_oracle,FDE_vs_floor,easy_complete,eu-locality-126,1425,1.8056277563806316,2.388822985463119,24.413497049862986,4.17494181235408,6.28301770145472,5.241750232337358
fold1_seed17_all,union_oracle,FDE_vs_floor,hard_complete,eu-locality-008,16020,86.35378723893466,111.15224754512592,22.310354359792417,203.40723980485004,351.3527641401263,261.4899989984168
fold1_seed17_all,union_oracle,FDE_vs_floor,hard_complete,eu-locality-020,12,78.92071921499736,92.21205210121825,14.413878211528585,114.43867577212549,124.7788183952435,118.43938924577421
fold1_seed17_all,union_oracle,FDE_vs_floor,hard_complete,eu-locality-048,1483,106.06895861887683,130.7343194951434,18.866783390556343,254.47215427972762,386.5602524611069,290.29367509265694
fold1_seed17_all,union_oracle,FDE_vs_floor,hard_complete,eu-locality-067,1231,96.11486419355717,123.48295359238352,22.163455442739288,244.567477727322,332.53196317155675,287.0731696517077
fold1_seed17_all,union_oracle,FDE_vs_floor,hard_complete,eu-locality-074,12476,81.84555500489871,112.05593832471493,26.96009133605466,199.03762724954302,326.8129939711887,262.2211053746031
fold1_seed17_all,union_oracle,FDE_vs_floor,hard_complete,eu-locality-082,57,89.28417281097762,113.19779252660057,21.125517717144028,210.23514162904567,271.6568568800263,236.13883358876924
fold1_seed17_all,union_oracle,FDE_vs_floor,hard_complete,eu-locality-112,449,92.02952029912188,128.4940700162524,28.37839109035798,279.88890690853896,449.40670633891176,387.5177952946917
fold1_seed17_all,union_oracle,FDE_vs_floor,hard_complete,eu-locality-126,695,112.78321038868539,147.44564258941972,23.508617543385856,300.37705922808107,466.55436825232044,368.7116566311405
fold1_seed17_all,union_oracle,ADE_vs_CV,all,eu-locality-008,157961,14.577453084464537,18.214515006924465,19.967931735087408,51.061272541462706,104.90623221593532,63.9700524103003
fold1_seed17_all,union_oracle,ADE_vs_CV,all,eu-locality-020,1225,5.834212014409329,6.529874789510041,10.653539271813662,18.817914572053354,38.78548288034698,21.020763749430696
fold1_seed17_all,union_oracle,ADE_vs_CV,all,eu-locality-048,8058,21.28185800135269,26.698045849916497,20.286832523290276,72.74187510651537,129.6384092298167,89.55098636922551
fold1_seed17_all,union_oracle,ADE_vs_CV,all,eu-locality-067,6903,23.196517034509416,29.011553933538778,20.043865669349394,76.57878855784854,140.80858386280676,93.29868317030169
fold1_seed17_all,union_oracle,ADE_vs_CV,all,eu-locality-074,102348,15.47481983588393,19.761464600296893,21.691938584089364,52.25368606514948,104.71794453788908,64.81408896393752
fold1_seed17_all,union_oracle,ADE_vs_CV,all,eu-locality-082,1368,11.435748229064563,13.688548886436024,16.457556429547914,41.82934875571353,91.79697484853989,51.85945295918717
fold1_seed17_all,union_oracle,ADE_vs_CV,all,eu-locality-112,5004,19.62176688086939,24.679682084525158,20.494247804055867,70.20205481096507,142.2429209210359,86.2710070848162
fold1_seed17_all,union_oracle,ADE_vs_CV,all,eu-locality-126,5790,15.452719318919328,19.860903597678185,22.195285612655557,69.95153021699883,137.13420006237067,86.5533275336093
fold1_seed17_all,union_oracle,ADE_vs_CV,easy,eu-locality-008,39889,1.4814909972673724,1.791172498853141,17.28931757181693,2.7642700302186203,3.205737586946278,3.2504176960159774
fold1_seed17_all,union_oracle,ADE_vs_CV,easy,eu-locality-020,593,1.1261532828228753,1.2706472215919324,11.371680220417723,2.89535412823067,3.281873299441771,3.051349724629029
fold1_seed17_all,union_oracle,ADE_vs_CV,easy,eu-locality-048,1582,1.459671882493354,1.7551327263969017,16.834102598616408,2.7722603861308435,3.2492701767634977,3.2298308573246963
fold1_seed17_all,union_oracle,ADE_vs_CV,easy,eu-locality-067,1219,1.4544863091672426,1.6528940070695597,12.0036552285695,2.9241459565104124,3.2421329991465377,3.222473275402277
fold1_seed17_all,union_oracle,ADE_vs_CV,easy,eu-locality-074,17048,1.6948033655825285,2.0239574238081066,16.26289438471832,3.004210965144566,3.3441192175502352,3.3016095862663026
fold1_seed17_all,union_oracle,ADE_vs_CV,easy,eu-locality-082,513,1.3621421320150782,1.6221340438704122,16.027769889780085,2.7012301393781466,3.1019714340242155,3.137173321764387
fold1_seed17_all,union_oracle,ADE_vs_CV,easy,eu-locality-112,571,1.7795655793392304,2.110763890677913,15.69092179383038,2.989410537156318,3.17525183991918,3.3318797717711783
fold1_seed17_all,union_oracle,ADE_vs_CV,easy,eu-locality-126,2160,1.2053739312122733,1.4931553251754432,19.27337291111064,2.6265632930335334,3.075190938285168,3.15811922069773
fold1_seed17_all,union_oracle,ADE_vs_CV,hard,eu-locality-008,28100,47.40807101843693,60.74188321281993,21.95159499363171,109.59105437041538,181.59736318517892,138.48767980783674
fold1_seed17_all,union_oracle,ADE_vs_CV,hard,eu-locality-020,30,39.011187569482445,43.81825835804657,10.970474338082358,59.022210599910814,65.32265319399764,64.04793996418368
fold1_seed17_all,union_oracle,ADE_vs_CV,hard,eu-locality-048,2478,50.31470335565669,63.88573915651315,21.242668520448493,111.71632430823644,185.3158272090657,138.97729297348553
fold1_seed17_all,union_oracle,ADE_vs_CV,hard,eu-locality-067,2296,51.21054065539117,65.07172046247634,21.301388235275297,119.09062751142979,180.78884660848453,143.40335944857748
fold1_seed17_all,union_oracle,ADE_vs_CV,hard,eu-locality-074,19310,46.19883199349493,60.351879335065945,23.450880896343097,107.31007445144647,186.29577463872113,136.81762092091788
fold1_seed17_all,union_oracle,ADE_vs_CV,hard,eu-locality-082,184,45.30513364996527,55.75797833667997,18.74681435470621,103.76389729581066,176.89632495568267,112.9711774505625
fold1_seed17_all,union_oracle,ADE_vs_CV,hard,eu-locality-112,1153,55.30413920939682,70.01758802603055,21.01393268668964,139.17071778911446,218.49993663377958,174.675987810338
fold1_seed17_all,union_oracle,ADE_vs_CV,hard,eu-locality-126,1110,56.84871470272777,74.02161712516786,23.19984767882245,139.25176245575557,219.73738366286378,160.69598223874476
fold1_seed17_easy,original_neural,ADE_vs_floor,all,eu-locality-008,157961,18.15525292859187,18.041144590837536,-0.6324894586360541,63.9700524103003,131.41344878582802,63.85471877568163
fold1_seed17_easy,original_neural,ADE_vs_floor,all,eu-locality-020,1225,6.445284622649609,6.514432089833121,1.0614504262225433,20.950455289077674,42.958840384020256,20.950455289077674
fold1_seed17_easy,original_neural,ADE_vs_floor,all,eu-locality-048,8058,26.67264048646838,26.568426516120656,-0.3922474305525503,89.55098636922551,160.14365905851415,89.49939807482255
fold1_seed17_easy,original_neural,ADE_vs_floor,all,eu-locality-067,6903,28.962906157748534,28.87697837044287,-0.2975650229167126,93.27746887497064,168.56927310186109,92.96468374261876
fold1_seed17_easy,original_neural,ADE_vs_floor,all,eu-locality-074,102348,19.692956042683193,19.540144919218633,-0.7820367970468034,64.65958366924889,133.06845035910678,64.46142956732993
fold1_seed17_easy,original_neural,ADE_vs_floor,all,eu-locality-082,1368,13.62751873965778,13.564534585131002,-0.4643296394099661,51.85945295918717,101.91283477915022,52.30649963956743
fold1_seed17_easy,original_neural,ADE_vs_floor,all,eu-locality-112,5004,24.643005601019663,24.377253499056568,-1.0901642466546901,86.2710070848162,186.18759729912014,86.2710070848162
fold1_seed17_easy,original_neural,ADE_vs_floor,all,eu-locality-126,5790,19.82010572429368,19.645962498046178,-0.8864072007916057,86.5533275336093,157.09863889864567,86.5533275336093
fold1_seed17_easy,original_neural,ADE_vs_floor,easy,eu-locality-008,39889,1.6829726584089455,1.7124634754637011,1.7221282367362645,3.1994429130163886,3.3955528950293528,3.0954122497682435
fold1_seed17_easy,original_neural,ADE_vs_floor,easy,eu-locality-020,593,1.2249998904543355,1.2667120183194382,3.2929448258052108,3.026728127816731,3.3279908748399865,3.0442506244225767
fold1_seed17_easy,original_neural,ADE_vs_floor,easy,eu-locality-048,1582,1.6675997764556525,1.6796162978639069,0.7154325320334554,3.1981969273902817,3.387418043580297,3.080321842954575
fold1_seed17_easy,original_neural,ADE_vs_floor,easy,eu-locality-067,1219,1.6063292944135616,1.6058934268181635,-0.027141751010328896,3.170585418152428,3.360678815055099,3.1204027321405072
fold1_seed17_easy,original_neural,ADE_vs_floor,easy,eu-locality-074,17048,1.9127198976760993,1.9698182133276747,2.898659138455084,3.281006465857617,3.418029717810527,3.248088316777988
fold1_seed17_easy,original_neural,ADE_vs_floor,easy,eu-locality-082,513,1.563615616968417,1.5717224694033087,0.5157941425860901,3.120549738586863,3.3906122048034333,2.9910454520185303
fold1_seed17_easy,original_neural,ADE_vs_floor,easy,eu-locality-112,571,2.0488417662410336,2.011879820091856,-1.8371845962195543,3.3047617247498016,3.419692302143374,3.1756828589252075
fold1_seed17_easy,original_neural,ADE_vs_floor,easy,eu-locality-126,2160,1.4076063039981699,1.4103792615006157,0.1966107683330054,3.095495096481306,3.349524493408059,2.9648916649582264
fold1_seed17_easy,original_neural,ADE_vs_floor,hard,eu-locality-008,28100,60.73836502568262,60.57267643715081,-0.2735368457818188,138.48767980783674,231.191604809736,138.38282192988999
fold1_seed17_easy,original_neural,ADE_vs_floor,hard,eu-locality-020,30,43.81825835804657,43.951869033620255,0.30399316004395827,64.04793996418368,69.65016417684733,64.72063289570352
fold1_seed17_easy,original_neural,ADE_vs_floor,hard,eu-locality-048,2478,63.886988664123365,63.81613301956246,-0.11103092777369206,138.97729297348553,219.8528418739297,138.97729297348553
fold1_seed17_easy,original_neural,ADE_vs_floor,hard,eu-locality-067,2296,64.99231760037355,64.95146996619232,-0.06288946840231624,143.40335944857748,213.5382101003649,143.40335944857748
fold1_seed17_easy,original_neural,ADE_vs_floor,hard,eu-locality-074,19310,60.24187687203905,60.00555441541746,-0.39383430238064676,136.31537143366728,238.5338149034194,136.34580362984687
fold1_seed17_easy,original_neural,ADE_vs_floor,hard,eu-locality-082,184,55.691445923486164,55.56439239170911,-0.2286599858437599,117.40532251206122,199.4350034906187,111.15642414153585
fold1_seed17_easy,original_neural,ADE_vs_floor,hard,eu-locality-112,1153,69.99914092313546,69.78349615436602,-0.309019726229276,174.675987810338,312.16727648534334,174.675987810338
fold1_seed17_easy,original_neural,ADE_vs_floor,hard,eu-locality-126,1110,74.02254583389534,73.83050161725946,-0.26011500996083736,160.69598223874476,237.31079754913677,160.69598223874476
fold1_seed17_easy,original_neural,ADE_vs_floor,complete,eu-locality-008,97352,16.521688187722344,16.389412229840747,-0.8070817673421882,59.09129528719755,120.3012545117399,59.01678952634717
fold1_seed17_easy,original_neural,ADE_vs_floor,complete,eu-locality-020,364,6.780296196959038,6.891806752673657,1.6180162868228765,22.682718227503177,49.70629992513765,22.682718227503177
fold1_seed17_easy,original_neural,ADE_vs_floor,complete,eu-locality-048,4716,26.69211914909497,26.563160393487802,-0.4854797158804436,91.38499461110202,161.22338275660073,91.22372192206632
fold1_seed17_easy,original_neural,ADE_vs_floor,complete,eu-locality-067,3417,30.174870808018632,30.057452024112813,-0.3906478294022575,93.05378910879755,166.36606324874677,92.43888499604662
fold1_seed17_easy,original_neural,ADE_vs_floor,complete,eu-locality-074,67309,19.468172056882107,19.28822811110901,-0.9329210787872189,63.55170750730452,131.29140322704703,63.36155246962371
fold1_seed17_easy,original_neural,ADE_vs_floor,complete,eu-locality-082,582,10.501404158412235,10.401712665936916,-0.95841421193823,48.19172118275565,88.77064559267427,48.19172118275565
fold1_seed17_easy,original_neural,ADE_vs_floor,complete,eu-locality-112,2417,21.09351666008316,20.722018417039262,-1.7927705475757394,70.63131723055629,171.1830006493205,70.00895081757096
fold1_seed17_easy,original_neural,ADE_vs_floor,complete,eu-locality-126,3637,19.54185662808854,19.334572553522406,-1.0720902879663985,85.5211371225543,163.85887416785963,85.5211371225543
fold1_seed17_easy,original_neural,ADE_vs_floor,partial,eu-locality-008,60609,20.779133782147124,20.69420682264732,-0.4103900199106114,71.16053543034285,149.64295460872688,71.10566036346505
fold1_seed17_easy,original_neural,ADE_vs_floor,partial,eu-locality-020,861,6.303653713185461,6.3548915819655765,0.8062744756420881,19.979117977348317,40.11869080861428,19.979117977348317
fold1_seed17_easy,original_neural,ADE_vs_floor,partial,eu-locality-048,3342,26.645153540643424,26.57585770532969,-0.2607473146570838,84.23221156137625,156.40296156578447,83.92332755854711
fold1_seed17_easy,original_neural,ADE_vs_floor,partial,eu-locality-067,3486,27.774930480762606,27.719870374289624,-0.19863046157695408,93.26159339897701,169.03718823289313,93.12027503694439
fold1_seed17_easy,original_neural,ADE_vs_floor,partial,eu-locality-074,35039,20.12476018379123,20.024070500343967,-0.5028432328258781,67.06676484988459,135.84343582305698,66.91976430799755
fold1_seed17_easy,original_neural,ADE_vs_floor,partial,eu-locality-082,786,15.942275337984631,15.906471426060971,-0.2250902224927076,54.22413936680799,113.90557698047235,54.22413936680799
fold1_seed17_easy,original_neural,ADE_vs_floor,partial,eu-locality-112,2587,27.959246331689748,27.792291455467783,-0.6007236808432292,99.24893977496998,197.23458912134922,99.8860341615789
fold1_seed17_easy,original_neural,ADE_vs_floor,partial,eu-locality-126,2153,20.290143793452103,20.171984434057773,-0.5857597192809205,89.50105669523992,149.32359671746252,89.50105669523992
fold1_seed17_easy,original_neural,ADE_vs_floor,endpoint,eu-locality-008,121088,18.145889051263243,18.007344127411486,-0.769380108868245,64.9495433918475,134.1023884296182,64.80683450223539
fold1_seed17_easy,original_neural,ADE_vs_floor,endpoint,eu-locality-020,622,7.058173894074653,7.147185591852769,1.2454090723428624,24.767553584165828,41.43936474820229,24.82301529514794
fold1_seed17_easy,original_neural,ADE_vs_floor,endpoint,eu-locality-048,5582,27.46435109453379,27.333325831554863,-0.4793608497787094,94.48789605087438,165.7475602615107,93.9788003607713
fold1_seed17_easy,original_neural,ADE_vs_floor,endpoint,eu-locality-067,4600,30.52114906116958,30.4023472016,-0.3907654194651444,93.9906584807217,172.94540871767404,93.62018597117152
fold1_seed17_easy,original_neural,ADE_vs_floor,endpoint,eu-locality-074,81289,20.447900592280426,20.267303751383963,-0.8910748223434961,66.64654821780844,139.24630825049616,66.44521637538631
fold1_seed17_easy,original_neural,ADE_vs_floor,endpoint,eu-locality-082,859,12.282722745105495,12.217716279679367,-0.5320672369373058,52.352177285238206,105.66192014750166,52.59920062873446
fold1_seed17_easy,original_neural,ADE_vs_floor,endpoint,eu-locality-112,3719,24.935180732772707,24.607332634583894,-1.3323187159588468,86.85175214551717,196.30345385094049,86.85175214551717
fold1_seed17_easy,original_neural,ADE_vs_floor,endpoint,eu-locality-126,4579,19.51877255611557,19.312507543613687,-1.0680384825019429,85.45362919136016,157.17576759316756,85.00384755239723
fold1_seed17_easy,original_neural,ADE_vs_floor,easy_complete,eu-locality-008,28571,1.6614066564976957,1.6929290428877433,1.8620028123729093,3.178013857810156,3.3875812535499237,3.0503287689738006
fold1_seed17_easy,original_neural,ADE_vs_floor,easy_complete,eu-locality-020,178,1.2959573253672847,1.3383549305356297,3.1678894888799713,2.9190626626343743,3.278251764755857,3.007716293724164
fold1_seed17_easy,original_neural,ADE_vs_floor,easy_complete,eu-locality-048,1146,1.6611282496860866,1.6689058093691296,0.46602747976429715,3.151208276417097,3.3887804899536644,3.0136856639768954
fold1_seed17_easy,original_neural,ADE_vs_floor,easy_complete,eu-locality-067,551,1.6649312029611911,1.6653724492415491,0.02649535126866276,3.1734628232984603,3.3792619012359557,3.084165865748682
fold1_seed17_easy,original_neural,ADE_vs_floor,easy_complete,eu-locality-074,11433,1.8815240341560997,1.951999366153912,3.6104177706098306,3.2693548575339983,3.4148833968361414,3.2069794206826
fold1_seed17_easy,original_neural,ADE_vs_floor,easy_complete,eu-locality-082,284,1.4857452367330013,1.4889217129831498,0.21334071646952335,2.946410916099962,3.2863102428947917,2.8676160103460266
fold1_seed17_easy,original_neural,ADE_vs_floor,easy_complete,eu-locality-112,330,2.0037159912472955,1.956737718044224,-2.400846713887983,3.3340228819777664,3.426406938602012,3.16520642651851
fold1_seed17_easy,original_neural,ADE_vs_floor,easy_complete,eu-locality-126,1425,1.4505514364825929,1.448898155332535,-0.11410609806996597,3.0957215576904975,3.3425949533242627,2.950095241022088
fold1_seed17_easy,original_neural,ADE_vs_floor,hard_complete,eu-locality-008,16020,58.73329328532835,58.561994191570825,-0.2925089832104488,128.73878673648508,222.13878514405027,128.63661763953132
fold1_seed17_easy,original_neural,ADE_vs_floor,hard_complete,eu-locality-020,12,43.781301733230265,43.9907556570682,0.4761316797345816,62.9047951209938,66.68741576262705,62.9047951209938
fold1_seed17_easy,original_neural,ADE_vs_floor,hard_complete,eu-locality-048,1483,65.17990257476679,65.1084915809641,-0.10968000036353232,141.58595211236764,214.40105615054253,141.58595211236764
fold1_seed17_easy,original_neural,ADE_vs_floor,hard_complete,eu-locality-067,1231,63.12798988886339,63.03907797977922,-0.14104252779947313,143.31244618430566,208.1196815417212,142.93137594304721
fold1_seed17_easy,original_neural,ADE_vs_floor,hard_complete,eu-locality-074,12476,60.05685983778438,59.773964311960924,-0.473275495577008,136.12512378055263,239.6829654038234,136.12512378055263
fold1_seed17_easy,original_neural,ADE_vs_floor,hard_complete,eu-locality-082,57,56.38705995321833,56.52284276133833,0.2402264314506075,112.22482304349282,129.3054324794315,112.92067823508157
fold1_seed17_easy,original_neural,ADE_vs_floor,hard_complete,eu-locality-112,449,68.42803789492491,68.03386705098437,-0.5793744513231225,177.03522847019997,316.334053662744,177.03522847019997
fold1_seed17_easy,original_neural,ADE_vs_floor,hard_complete,eu-locality-126,695,74.22313394611915,74.01392242256401,-0.2826650942246989,166.0065211709221,236.54700954561608,166.0065211709221
fold1_seed17_easy,original_neural,FDE_vs_floor,all,eu-locality-008,121088,36.348599197105536,35.96957473477451,-1.0537362899778469,137.22128790726046,282.4295914053778,136.94678016915063
fold1_seed17_easy,original_neural,FDE_vs_floor,all,eu-locality-020,622,14.416964899527615,14.67889508889477,1.7843999005437094,54.18434016797015,99.18086841907973,54.18434016797015
fold1_seed17_easy,original_neural,FDE_vs_floor,all,eu-locality-048,5582,59.22835828507884,58.86627761858265,-0.6150901350383542,216.2196458274127,355.1127410078038,216.55248685578948
fold1_seed17_easy,original_neural,FDE_vs_floor,all,eu-locality-067,4600,64.49236830006332,64.14804098569955,-0.5367698047716418,207.16877909819794,394.0447029702928,207.16877909819794
fold1_seed17_easy,original_neural,FDE_vs_floor,all,eu-locality-074,81289,41.557471907838455,41.035287783577374,-1.2725245818065556,140.33440915789075,286.29165148053147,139.8898647808847
fold1_seed17_easy,original_neural,FDE_vs_floor,all,eu-locality-082,859,25.662616243212167,25.471426904331437,-0.7506031742894548,114.36702966826617,242.82094698920608,115.16354557853296
fold1_seed17_easy,original_neural,FDE_vs_floor,all,eu-locality-112,3719,48.85872650824448,47.968287530342636,-1.856307622694664,180.57026348277316,421.94751964792783,180.87314969023402
fold1_seed17_easy,original_neural,FDE_vs_floor,all,eu-locality-126,4579,40.68726351631467,40.13090423960287,-1.3863611778843543,186.11115619235218,367.4904107537943,186.14679086195613
fold1_seed17_easy,original_neural,FDE_vs_floor,easy,eu-locality-008,32900,2.721867289983003,2.7993338294930106,2.7673205208268326,6.026055384890212,8.35234471101752,5.74202021860704
fold1_seed17_easy,original_neural,FDE_vs_floor,easy,eu-locality-020,290,2.1713237567262658,2.2660717362667073,4.181155345793963,5.5752032923371235,8.117093400465636,5.510004780476717
fold1_seed17_easy,original_neural,FDE_vs_floor,easy,eu-locality-048,1250,2.8048574946754763,2.8326032955745695,0.97951594360004,6.172983959630165,9.742018320071248,5.913711642538012
fold1_seed17_easy,original_neural,FDE_vs_floor,easy,eu-locality-067,734,2.7521261570698874,2.745554823210568,-0.2393444779818621,6.186213588498127,9.11483058784903,6.169823509516136
fold1_seed17_easy,original_neural,FDE_vs_floor,easy,eu-locality-074,12940,3.3089646955022847,3.4757101263493384,4.7974492919578555,7.040000233235721,11.049241229092287,7.295740427874027
fold1_seed17_easy,original_neural,FDE_vs_floor,easy,eu-locality-082,391,2.4988589710896756,2.519829557692073,0.8322224230754904,5.640775639090261,7.239878371521971,5.4370479440029476
fold1_seed17_easy,original_neural,FDE_vs_floor,easy,eu-locality-112,423,3.5141807484905474,3.3807078441023544,-3.9480756854229915,7.566288521654831,13.127818722411247,7.2959124108582305
fold1_seed17_easy,original_neural,FDE_vs_floor,easy,eu-locality-126,1768,2.3540424556381088,2.353412632833309,-0.02676210690861769,5.6939126927053465,7.626615705846535,5.213971288922478
fold1_seed17_easy,original_neural,FDE_vs_floor,hard,eu-locality-008,22002,126.1903982798503,125.68754262378131,-0.40008392683288374,294.70163466407155,497.40754675385443,294.10870122086897
fold1_seed17_easy,original_neural,FDE_vs_floor,hard,eu-locality-020,18,89.28776442359735,89.86760957555505,0.6452215149555074,117.3151892488592,125.35412109059021,117.3151892488592
fold1_seed17_easy,original_neural,FDE_vs_floor,hard,eu-locality-048,1769,145.01662303701045,144.78851173349167,-0.15754793027962233,310.51436902474313,453.113548358864,310.51436902474313
fold1_seed17_easy,original_neural,FDE_vs_floor,hard,eu-locality-067,1633,139.0139686508542,138.7464621754408,-0.19280237580050485,315.11114527743234,454.6588358272158,315.11114527743234
fold1_seed17_easy,original_neural,FDE_vs_floor,hard,eu-locality-074,16042,124.82390206127792,124.03553741476574,-0.6355957840340043,287.17511269172803,490.2911107208404,286.69235647443116
fold1_seed17_easy,original_neural,FDE_vs_floor,hard,eu-locality-082,103,129.05522793782447,128.8713701732166,-0.14266765718462526,275.8757296900002,384.9003515886814,277.93782304116826
fold1_seed17_easy,original_neural,FDE_vs_floor,hard,eu-locality-112,847,144.7841547135697,144.033137197232,-0.5214199530412911,394.2222345963048,625.456663177057,394.2222345963048
fold1_seed17_easy,original_neural,FDE_vs_floor,hard,eu-locality-126,868,158.83265552353686,158.2173508129262,-0.3888983777374566,381.7058653169035,549.0683679219857,381.7058653169035
fold1_seed17_easy,original_neural,FDE_vs_floor,complete,eu-locality-008,97352,33.17550777527209,32.812091362612115,-1.1075685747787167,125.35121888607713,253.1439335446307,125.22273210935192
fold1_seed17_easy,original_neural,FDE_vs_floor,complete,eu-locality-020,364,14.03304570377533,14.380465458717874,2.4159145330857723,57.42336195362734,104.22276055606251,57.42336195362734
fold1_seed17_easy,original_neural,FDE_vs_floor,complete,eu-locality-048,4716,57.95787358777784,57.608704296077974,-0.606105094649112,211.2217582163178,351.841151886696,211.65293564713784
fold1_seed17_easy,original_neural,FDE_vs_floor,complete,eu-locality-067,3417,64.26165336862515,63.941100678993024,-0.501324947847559,203.10046501216658,394.5902657386637,203.10046501216658
fold1_seed17_easy,original_neural,FDE_vs_floor,complete,eu-locality-074,67309,39.672859539109716,39.15089035936343,-1.3332242892949875,134.12900072643674,270.05514305522775,133.4786508282937
fold1_seed17_easy,original_neural,FDE_vs_floor,complete,eu-locality-082,582,21.16410255902275,20.90230724079295,-1.2524709124879907,103.85426721564687,196.24839397056274,101.05798186988082
fold1_seed17_easy,original_neural,FDE_vs_floor,complete,eu-locality-112,2417,40.94847602142698,39.942087793322784,-2.5196184869245464,140.54076003111032,380.5613452949926,140.72627676400472
fold1_seed17_easy,original_neural,FDE_vs_floor,complete,eu-locality-126,3637,41.00894844956624,40.44418234744324,-1.3964087523670843,188.76481719652378,381.72102862533023,188.76481719652378
fold1_seed17_easy,original_neural,FDE_vs_floor,partial,eu-locality-008,23736,49.36287270984273,48.919832623498564,-0.9056451393731013,185.66990896485396,363.34769248879445,184.485442678963
fold1_seed17_easy,original_neural,FDE_vs_floor,partial,eu-locality-020,258,14.95861833849596,15.099935342322638,0.9358782049257552,50.52160752263893,80.91138501947854,50.52160752263893
fold1_seed17_easy,original_neural,FDE_vs_floor,partial,eu-locality-048,866,66.14707171749392,65.71467922243025,-0.6579846393225397,242.34434814718622,393.48486748673645,242.34434814718622
fold1_seed17_easy,original_neural,FDE_vs_floor,partial,eu-locality-067,1183,65.1587697546062,64.74577135595837,-0.6378770226973529,230.00962682825545,388.8132633418334,231.95019440080293
fold1_seed17_easy,original_neural,FDE_vs_floor,partial,eu-locality-074,13980,50.63124686683439,50.10802785699767,-1.044182004787575,170.38835740135548,344.748777271747,170.25668098494387
fold1_seed17_easy,original_neural,FDE_vs_floor,partial,eu-locality-082,277,35.114367016491016,35.07152670281302,-0.12215126544394828,146.71054103169644,306.87588104153093,146.71054103169644
fold1_seed17_easy,original_neural,FDE_vs_floor,partial,eu-locality-112,1302,63.54311623684504,62.86792252602389,-1.0739876294491024,239.7956136939682,485.4941194884967,239.7956136939682
fold1_seed17_easy,original_neural,FDE_vs_floor,partial,eu-locality-126,942,39.44525916149938,38.92135808438485,-1.3460503510146493,183.72653083584885,323.58180657766553,183.72653083584885
fold1_seed17_easy,original_neural,FDE_vs_floor,endpoint,eu-locality-008,121088,36.348599197105536,35.96957473477451,-1.0537362899778469,137.22128790726046,282.4295914053778,136.94678016915063
fold1_seed17_easy,original_neural,FDE_vs_floor,endpoint,eu-locality-020,622,14.416964899527615,14.67889508889477,1.7843999005437094,54.18434016797015,99.18086841907973,54.18434016797015
fold1_seed17_easy,original_neural,FDE_vs_floor,endpoint,eu-locality-048,5582,59.22835828507884,58.86627761858265,-0.6150901350383542,216.2196458274127,355.1127410078038,216.55248685578948
fold1_seed17_easy,original_neural,FDE_vs_floor,endpoint,eu-locality-067,4600,64.49236830006332,64.14804098569955,-0.5367698047716418,207.16877909819794,394.0447029702928,207.16877909819794
fold1_seed17_easy,original_neural,FDE_vs_floor,endpoint,eu-locality-074,81289,41.557471907838455,41.035287783577374,-1.2725245818065556,140.33440915789075,286.29165148053147,139.8898647808847
fold1_seed17_easy,original_neural,FDE_vs_floor,endpoint,eu-locality-082,859,25.662616243212167,25.471426904331437,-0.7506031742894548,114.36702966826617,242.82094698920608,115.16354557853296
fold1_seed17_easy,original_neural,FDE_vs_floor,endpoint,eu-locality-112,3719,48.85872650824448,47.968287530342636,-1.856307622694664,180.57026348277316,421.94751964792783,180.87314969023402
fold1_seed17_easy,original_neural,FDE_vs_floor,endpoint,eu-locality-126,4579,40.68726351631467,40.13090423960287,-1.3863611778843543,186.11115619235218,367.4904107537943,186.14679086195613
fold1_seed17_easy,original_neural,FDE_vs_floor,easy_complete,eu-locality-008,28571,2.69071598438851,2.7629764959909724,2.6153140175933953,5.9645906360903,8.152634703829778,5.673856907185136
fold1_seed17_easy,original_neural,FDE_vs_floor,easy_complete,eu-locality-020,178,2.1074089590225364,2.224971751677579,5.283788100518705,5.217188068147729,7.634992483488128,5.486303503667565
fold1_seed17_easy,original_neural,FDE_vs_floor,easy_complete,eu-locality-048,1146,2.788033676826954,2.800108425650662,0.4312243309257613,6.080471981311646,9.638177889991416,5.780711599696689
fold1_seed17_easy,original_neural,FDE_vs_floor,easy_complete,eu-locality-067,551,2.767067868721271,2.7690810670702284,0.07270275951464233,6.392443675150393,9.103126889973707,6.524621771064362
fold1_seed17_easy,original_neural,FDE_vs_floor,easy_complete,eu-locality-074,11433,3.2934795134322874,3.4621854571816693,4.8728164864603745,6.983301265562686,10.807709757089867,7.149801990534299
fold1_seed17_easy,original_neural,FDE_vs_floor,easy_complete,eu-locality-082,284,2.4121895510307056,2.421242064724888,0.37387892049575155,5.294514841574329,7.21743103881443,5.203489563006431
fold1_seed17_easy,original_neural,FDE_vs_floor,easy_complete,eu-locality-112,330,3.4247447554653814,3.3025544559716806,-3.6998723600985883,7.23573659901525,13.041010277368935,7.419917915140831
fold1_seed17_easy,original_neural,FDE_vs_floor,easy_complete,eu-locality-126,1425,2.3999156722878388,2.3830052935519723,-0.7096240525198638,5.70834638004133,7.6391804811494834,5.241750232337358
fold1_seed17_easy,original_neural,FDE_vs_floor,hard_complete,eu-locality-008,16020,121.68292091808446,121.22935700782513,-0.37413702543194205,274.6304453522462,467.3282002469001,273.7373996899393
fold1_seed17_easy,original_neural,FDE_vs_floor,hard_complete,eu-locality-020,12,91.67652097939975,92.21205210121825,0.580760442496886,118.43938924577421,125.57896108997323,118.43938924577421
fold1_seed17_easy,original_neural,FDE_vs_floor,hard_complete,eu-locality-048,1483,144.20808050956023,144.02171649004276,-0.12939994332754612,309.0389558972078,448.12847767087516,309.0389558972078
fold1_seed17_easy,original_neural,FDE_vs_floor,hard_complete,eu-locality-067,1231,135.94659130322742,135.7079815460037,-0.1758258832718962,300.1127604707125,450.3860621876974,300.1127604707125
fold1_seed17_easy,original_neural,FDE_vs_floor,hard_complete,eu-locality-074,12476,123.17837507096087,122.3726326632857,-0.6584334995000107,278.8426092844597,472.58180056820163,278.7554990988674
fold1_seed17_easy,original_neural,FDE_vs_floor,hard_complete,eu-locality-082,57,119.14439871551554,119.42091110739061,0.23154436631823705,243.99478619891514,282.8539699287314,243.99478619891514
fold1_seed17_easy,original_neural,FDE_vs_floor,hard_complete,eu-locality-112,449,136.86342401518854,135.77060221498076,-0.8049031103783522,391.51283762831025,593.1207759351969,391.51283762831025
fold1_seed17_easy,original_neural,FDE_vs_floor,hard_complete,eu-locality-126,695,160.5410852182476,159.98722908112393,-0.34618771779766355,386.522648619538,556.109882484235,386.522648619538
fold1_seed17_easy,original_neural,ADE_vs_CV,all,eu-locality-008,157961,18.15525292859187,18.214515006924465,0.32535633427551724,63.9700524103003,131.41344878582802,63.9700524103003
fold1_seed17_easy,original_neural,ADE_vs_CV,all,eu-locality-020,1225,6.445284622649609,6.529874789510041,1.2954332140690084,20.950455289077674,42.958840384020256,21.020763749430696
fold1_seed17_easy,original_neural,ADE_vs_CV,all,eu-locality-048,8058,26.67264048646838,26.698045849916497,0.09515813850545785,89.55098636922551,160.14365905851415,89.55098636922551
fold1_seed17_easy,original_neural,ADE_vs_CV,all,eu-locality-067,6903,28.962906157748534,29.011553933538778,0.1676841437093901,93.27746887497064,168.56927310186109,93.29868317030169
fold1_seed17_easy,original_neural,ADE_vs_CV,all,eu-locality-074,102348,19.692956042683193,19.761464600296893,0.3466775312426562,64.65958366924889,133.06845035910678,64.81408896393752
fold1_seed17_easy,original_neural,ADE_vs_CV,all,eu-locality-082,1368,13.62751873965778,13.688548886436024,0.4458481851112639,51.85945295918717,101.91283477915022,51.85945295918717
fold1_seed17_easy,original_neural,ADE_vs_CV,all,eu-locality-112,5004,24.643005601019663,24.679682084525158,0.14861003225196123,86.2710070848162,186.18759729912014,86.2710070848162
fold1_seed17_easy,original_neural,ADE_vs_CV,all,eu-locality-126,5790,19.82010572429368,19.860903597678185,0.20541801224630563,86.5533275336093,157.09863889864567,86.5533275336093
fold1_seed17_easy,original_neural,ADE_vs_CV,easy,eu-locality-008,39889,1.6829726584089455,1.791172498853141,6.040726982659351,3.1994429130163886,3.3955528950293528,3.2504176960159774
fold1_seed17_easy,original_neural,ADE_vs_CV,easy,eu-locality-020,593,1.2249998904543355,1.2706472215919324,3.5924472475064806,3.026728127816731,3.3279908748399865,3.051349724629029
fold1_seed17_easy,original_neural,ADE_vs_CV,easy,eu-locality-048,1582,1.6675997764556525,1.7551327263969017,4.987255301252624,3.1981969273902817,3.387418043580297,3.2298308573246963
fold1_seed17_easy,original_neural,ADE_vs_CV,easy,eu-locality-067,1219,1.6063292944135616,1.6528940070695597,2.817162652707128,3.170585418152428,3.360678815055099,3.222473275402277
fold1_seed17_easy,original_neural,ADE_vs_CV,easy,eu-locality-074,17048,1.9127198976760993,2.0239574238081066,5.496040817040127,3.281006465857617,3.418029717810527,3.3016095862663026
fold1_seed17_easy,original_neural,ADE_vs_CV,easy,eu-locality-082,513,1.563615616968417,1.6221340438704122,3.607496379421904,3.120549738586863,3.3906122048034333,3.137173321764387
fold1_seed17_easy,original_neural,ADE_vs_CV,easy,eu-locality-112,571,2.0488417662410336,2.110763890677913,2.9336357661960966,3.3047617247498016,3.419692302143374,3.3318797717711783
fold1_seed17_easy,original_neural,ADE_vs_CV,easy,eu-locality-126,2160,1.4076063039981699,1.4931553251754432,5.7294120534460475,3.095495096481306,3.349524493408059,3.15811922069773
fold1_seed17_easy,original_neural,ADE_vs_CV,hard,eu-locality-008,28100,60.73836502568262,60.74188321281993,0.0057920284179946435,138.48767980783674,231.191604809736,138.48767980783674
fold1_seed17_easy,original_neural,ADE_vs_CV,hard,eu-locality-020,30,43.81825835804657,43.81825835804657,0.0,64.04793996418368,69.65016417684733,64.04793996418368
fold1_seed17_easy,original_neural,ADE_vs_CV,hard,eu-locality-048,2478,63.886988664123365,63.88573915651315,-0.0019558474656733438,138.97729297348553,219.8528418739297,138.97729297348553
fold1_seed17_easy,original_neural,ADE_vs_CV,hard,eu-locality-067,2296,64.99231760037355,65.07172046247634,0.12202360954720604,143.40335944857748,213.5382101003649,143.40335944857748
fold1_seed17_easy,original_neural,ADE_vs_CV,hard,eu-locality-074,19310,60.24187687203905,60.351879335065945,0.1822684964227439,136.31537143366728,238.5338149034194,136.81762092091788
fold1_seed17_easy,original_neural,ADE_vs_CV,hard,eu-locality-082,184,55.691445923486164,55.75797833667997,0.11932357516993841,117.40532251206122,199.4350034906187,112.9711774505625
fold1_seed17_easy,original_neural,ADE_vs_CV,hard,eu-locality-112,1153,69.99914092313546,70.01758802603055,0.026346384408781898,174.675987810338,312.16727648534334,174.675987810338
fold1_seed17_easy,original_neural,ADE_vs_CV,hard,eu-locality-126,1110,74.02254583389534,74.02161712516786,-0.0012546452827333354,160.69598223874476,237.31079754913677,160.69598223874476
fold1_seed17_easy,rebased_neural,ADE_vs_floor,all,eu-locality-008,157961,17.996253159370884,18.041144590837536,0.2488280676462784,63.85471877568163,131.2795710962386,63.85471877568163
fold1_seed17_easy,rebased_neural,ADE_vs_floor,all,eu-locality-020,1225,6.4485445759207405,6.514432089833121,1.0114084083432062,20.950455289077674,42.958840384020256,20.950455289077674
fold1_seed17_easy,rebased_neural,ADE_vs_floor,all,eu-locality-048,8058,26.55098716563662,26.568426516120656,0.06563938016221904,89.49939807482255,160.11545465691114,89.49939807482255
fold1_seed17_easy,rebased_neural,ADE_vs_floor,all,eu-locality-067,6903,28.84214709160377,28.87697837044287,0.12061954125627272,92.96468374261876,168.56927310186109,92.96468374261876
fold1_seed17_easy,rebased_neural,ADE_vs_floor,all,eu-locality-074,102348,19.486849438159048,19.540144919218633,0.2727486478729557,64.36448801619488,132.54971287002334,64.46142956732993
fold1_seed17_easy,rebased_neural,ADE_vs_floor,all,eu-locality-082,1368,13.523425346447446,13.564534585131002,0.3030641296651426,52.30649963956743,101.91283477915022,52.30649963956743
fold1_seed17_easy,rebased_neural,ADE_vs_floor,all,eu-locality-112,5004,24.350864405634212,24.377253499056568,0.10825293925493806,86.2710070848162,186.18759729912014,86.2710070848162
fold1_seed17_easy,rebased_neural,ADE_vs_floor,all,eu-locality-126,5790,19.618839401072556,19.645962498046178,0.1380593950350839,86.5533275336093,157.09863889864567,86.5533275336093
fold1_seed17_easy,rebased_neural,ADE_vs_floor,easy,eu-locality-008,39889,1.6314257254919262,1.7124634754637011,4.732232315193263,3.0469766291912133,3.3460380644024124,3.0954122497682435
fold1_seed17_easy,rebased_neural,ADE_vs_floor,easy,eu-locality-020,593,1.2308014678958923,1.2667120183194382,2.834941952409109,3.0318566298574696,3.3778827474411024,3.0442506244225767
fold1_seed17_easy,rebased_neural,ADE_vs_floor,easy,eu-locality-048,1582,1.6204370565351434,1.6796162978639069,3.5233786076037776,3.0569876975956762,3.380921428523672,3.080321842954575
fold1_seed17_easy,rebased_neural,ADE_vs_floor,easy,eu-locality-067,1219,1.5736656860928881,1.6058934268181635,2.006841810737703,3.0836295944181136,3.3420396127442933,3.1204027321405072
fold1_seed17_easy,rebased_neural,ADE_vs_floor,easy,eu-locality-074,17048,1.8826079051269335,1.9698182133276747,4.427327740736753,3.2172570016958484,3.5338963247787856,3.248088316777988
fold1_seed17_easy,rebased_neural,ADE_vs_floor,easy,eu-locality-082,513,1.5269635302338336,1.5717224694033087,2.847763523191693,2.9605515694827136,3.2935778043258535,2.9910454520185303
fold1_seed17_easy,rebased_neural,ADE_vs_floor,easy,eu-locality-112,571,1.9711161569206088,2.011879820091856,2.026148021574481,3.1747152979721918,3.3546779238942652,3.1756828589252075
fold1_seed17_easy,rebased_neural,ADE_vs_floor,easy,eu-locality-126,2160,1.3528147727267728,1.4103792615006157,4.081490017982503,2.916372763523388,3.2666607746245173,2.9648916649582264
fold1_seed17_easy,rebased_neural,ADE_vs_floor,hard,eu-locality-008,28100,60.570874802616466,60.57267643715081,0.0029743353609501533,138.38282192988999,231.14803055134072,138.38282192988999
fold1_seed17_easy,rebased_neural,ADE_vs_floor,hard,eu-locality-020,30,43.951869033620255,43.951869033620255,0.0,64.72063289570352,69.65016417684733,64.72063289570352
fold1_seed17_easy,rebased_neural,ADE_vs_floor,hard,eu-locality-048,2478,63.816991181684564,63.81613301956246,-0.0013447416530976142,138.97729297348553,219.8528418739297,138.97729297348553
fold1_seed17_easy,rebased_neural,ADE_vs_floor,hard,eu-locality-067,2296,64.89430444983451,64.95146996619232,0.08801265989448748,143.40335944857748,213.5382101003649,143.40335944857748
fold1_seed17_easy,rebased_neural,ADE_vs_floor,hard,eu-locality-074,19310,59.92187239289677,60.00555441541746,0.13945712748748562,136.088910051427,238.15645757790958,136.34580362984687
fold1_seed17_easy,rebased_neural,ADE_vs_floor,hard,eu-locality-082,184,55.541083223199365,55.56439239170911,0.04194983064950142,117.40532251206122,199.4350034906187,111.15642414153585
fold1_seed17_easy,rebased_neural,ADE_vs_floor,hard,eu-locality-112,1153,69.7693816998941,69.78349615436602,0.020226063825612428,174.675987810338,312.16727648534334,174.675987810338
fold1_seed17_easy,rebased_neural,ADE_vs_floor,hard,eu-locality-126,1110,73.8314969402524,73.83050161725946,-0.0013481189632180701,160.69598223874476,237.31079754913677,160.69598223874476
fold1_seed17_easy,rebased_neural,ADE_vs_floor,complete,eu-locality-008,97352,16.33302177284456,16.389412229840747,0.3440663777649955,59.00785104941188,120.28398950207574,59.01678952634717
fold1_seed17_easy,rebased_neural,ADE_vs_floor,complete,eu-locality-020,364,6.752256156641344,6.891806752673657,2.0248767999505257,22.682718227503177,49.70629992513765,22.682718227503177
fold1_seed17_easy,rebased_neural,ADE_vs_floor,complete,eu-locality-048,4716,26.53934028921201,26.563160393487802,0.08967345723527309,91.22372192206632,161.22338275660073,91.22372192206632
fold1_seed17_easy,rebased_neural,ADE_vs_floor,complete,eu-locality-067,3417,30.04418205563675,30.057452024112813,0.04414868055155896,92.43888499604662,166.36606324874677,92.43888499604662
fold1_seed17_easy,rebased_neural,ADE_vs_floor,complete,eu-locality-074,67309,19.226561886061784,19.28822811110901,0.3197091235752736,63.328289577825096,130.89806348161562,63.36155246962371
fold1_seed17_easy,rebased_neural,ADE_vs_floor,complete,eu-locality-082,582,10.34406420162972,10.401712665936916,0.5542208880272237,48.19172118275565,88.77064559267427,48.19172118275565
fold1_seed17_easy,rebased_neural,ADE_vs_floor,complete,eu-locality-112,2417,20.696332969903818,20.722018417039262,0.12395243850533699,70.00895081757096,171.1830006493205,70.00895081757096
fold1_seed17_easy,rebased_neural,ADE_vs_floor,complete,eu-locality-126,3637,19.305098565132734,19.334572553522406,0.1524418929256477,85.5211371225543,163.85887416785963,85.5211371225543
fold1_seed17_easy,rebased_neural,ADE_vs_floor,partial,eu-locality-008,60609,20.667785472082038,20.69420682264732,0.12767510633153734,71.1344387154913,149.65536015122737,71.10566036346505
fold1_seed17_easy,rebased_neural,ADE_vs_floor,partial,eu-locality-020,861,6.320146184071379,6.3548915819655765,0.5467504432774439,19.497570799148985,40.11869080861428,19.979117977348317
fold1_seed17_easy,rebased_neural,ADE_vs_floor,partial,eu-locality-048,3342,26.567422434702575,26.57585770532969,0.03174035141458864,83.92473986258045,156.40296156578447,83.92332755854711
fold1_seed17_easy,rebased_neural,ADE_vs_floor,partial,eu-locality-067,3486,27.663904558012067,27.719870374289624,0.2018978282433248,93.12027503694439,169.03718823289313,93.12027503694439
fold1_seed17_easy,rebased_neural,ADE_vs_floor,partial,eu-locality-074,35039,19.986854998937453,20.024070500343967,0.18585382730187394,66.91042680113753,135.53397172051908,66.91976430799755
fold1_seed17_easy,rebased_neural,ADE_vs_floor,partial,eu-locality-082,786,15.877608789556756,15.906471426060971,0.18145216328070424,54.22413936680799,105.15921336312094,54.22413936680799
fold1_seed17_easy,rebased_neural,ADE_vs_floor,partial,eu-locality-112,2587,27.765244954594532,27.792291455467783,0.09731655598311795,99.8860341615789,197.23458912134922,99.8860341615789
fold1_seed17_easy,rebased_neural,ADE_vs_floor,partial,eu-locality-126,2153,20.148832629271876,20.171984434057773,0.114772073424807,89.50105669523992,149.32359671746252,89.50105669523992
fold1_seed17_easy,rebased_neural,ADE_vs_floor,endpoint,eu-locality-008,121088,17.95253470253844,18.007344127411486,0.304372618667359,64.80683450223539,133.5049896397835,64.80683450223539
fold1_seed17_easy,rebased_neural,ADE_vs_floor,endpoint,eu-locality-020,622,7.038411062692915,7.147185591852769,1.5219211501076524,24.82301529514794,41.43936474820229,24.82301529514794
fold1_seed17_easy,rebased_neural,ADE_vs_floor,endpoint,eu-locality-048,5582,27.30979770525717,27.333325831554863,0.08607853446992442,93.9788003607713,165.7475602615107,93.9788003607713
fold1_seed17_easy,rebased_neural,ADE_vs_floor,endpoint,eu-locality-067,4600,30.371507372413394,30.4023472016,0.10143897437295823,93.62018597117152,172.94540871767404,93.62018597117152
fold1_seed17_easy,rebased_neural,ADE_vs_floor,endpoint,eu-locality-074,81289,20.20569252890444,20.267303751383963,0.3039931864410761,66.34634116185705,138.5548086448616,66.44521637538631
fold1_seed17_easy,rebased_neural,ADE_vs_floor,endpoint,eu-locality-082,859,12.14367096588015,12.217716279679367,0.6060487255083014,52.59920062873446,102.50896738252894,52.59920062873446
fold1_seed17_easy,rebased_neural,ADE_vs_floor,endpoint,eu-locality-112,3719,24.582940949403483,24.607332634583894,0.09912364555161313,86.85175214551717,196.30345385094049,86.85175214551717
fold1_seed17_easy,rebased_neural,ADE_vs_floor,endpoint,eu-locality-126,4579,19.280692569058164,19.312507543613687,0.16473766797850953,85.45362919136016,157.17576759316756,85.00384755239723
fold1_seed17_easy,rebased_neural,ADE_vs_floor,easy_complete,eu-locality-008,28571,1.6016037230836078,1.6929290428877433,5.394515510724284,2.9907662237483033,3.285532342176262,3.0503287689738006
fold1_seed17_easy,rebased_neural,ADE_vs_floor,easy_complete,eu-locality-020,178,1.2774427778793074,1.3383549305356297,4.551270463952662,2.91911918357881,3.278251764755857,3.007716293724164
fold1_seed17_easy,rebased_neural,ADE_vs_floor,easy_complete,eu-locality-048,1146,1.6029095156217086,1.6689058093691296,3.9544648581676722,2.9863060681201206,3.3124862968842805,3.0136856639768954
fold1_seed17_easy,rebased_neural,ADE_vs_floor,easy_complete,eu-locality-067,551,1.616804395672913,1.6653724492415491,2.916347847038969,3.031923667768856,3.3544150539788578,3.084165865748682
fold1_seed17_easy,rebased_neural,ADE_vs_floor,easy_complete,eu-locality-074,11433,1.8430910790138917,1.951999366153912,5.579319800426252,3.1643546525900543,3.6290161812470254,3.2069794206826
fold1_seed17_easy,rebased_neural,ADE_vs_floor,easy_complete,eu-locality-082,284,1.444916272029552,1.4889217129831498,2.9555241601944227,2.809962785137828,3.1920687794305813,2.8676160103460266
fold1_seed17_easy,rebased_neural,ADE_vs_floor,easy_complete,eu-locality-112,330,1.912106930349767,1.956737718044224,2.2808773645486724,3.1532675502239904,3.4084450311928793,3.16520642651851
fold1_seed17_easy,rebased_neural,ADE_vs_floor,easy_complete,eu-locality-126,1425,1.3860791132380545,1.448898155332535,4.335642354383628,2.9152967383638058,3.230666068423973,2.950095241022088
fold1_seed17_easy,rebased_neural,ADE_vs_floor,hard_complete,eu-locality-008,16020,58.559290845896456,58.561994191570825,0.004616211779817636,128.67239616629584,222.13878514405027,128.63661763953132
fold1_seed17_easy,rebased_neural,ADE_vs_floor,hard_complete,eu-locality-020,12,43.9907556570682,43.9907556570682,0.0,62.9047951209938,66.68741576262705,62.9047951209938
fold1_seed17_easy,rebased_neural,ADE_vs_floor,hard_complete,eu-locality-048,1483,65.10860011061806,65.1084915809641,-0.00016669047511186363,141.58595211236764,214.40105615054253,141.58595211236764
fold1_seed17_easy,rebased_neural,ADE_vs_floor,hard_complete,eu-locality-067,1231,63.039057294266655,63.03907797977922,3.281379301611764e-05,142.93137594304721,208.1196815417212,142.93137594304721
fold1_seed17_easy,rebased_neural,ADE_vs_floor,hard_complete,eu-locality-074,12476,59.687629690506625,59.773964311960924,0.1444351607728711,135.5480467126705,239.6829654038234,136.12512378055263
fold1_seed17_easy,rebased_neural,ADE_vs_floor,hard_complete,eu-locality-082,57,56.21602305195809,56.52284276133833,0.5428242713760079,112.92067823508157,129.3054324794315,112.92067823508157
fold1_seed17_easy,rebased_neural,ADE_vs_floor,hard_complete,eu-locality-112,449,68.03984875430281,68.03386705098437,-0.008792243595312499,177.03522847019997,316.334053662744,177.03522847019997
fold1_seed17_easy,rebased_neural,ADE_vs_floor,hard_complete,eu-locality-126,695,74.01518559715122,74.01392242256401,-0.0017066715907843033,166.0065211709221,236.54700954561608,166.0065211709221
fold1_seed17_easy,rebased_neural,FDE_vs_floor,all,eu-locality-008,121088,35.82884874382698,35.96957473477451,0.39123618220451295,136.95807869338222,281.9892935375493,136.94678016915063
fold1_seed17_easy,rebased_neural,FDE_vs_floor,all,eu-locality-020,622,14.398931346206552,14.67889508889477,1.9072535159681214,54.18434016797015,102.34943144507893,54.18434016797015
fold1_seed17_easy,rebased_neural,FDE_vs_floor,all,eu-locality-048,5582,58.803032861736966,58.86627761858265,0.10743800933952219,216.55248685578948,355.4563120785641,216.55248685578948
fold1_seed17_easy,rebased_neural,FDE_vs_floor,all,eu-locality-067,4600,64.08063385894661,64.14804098569955,0.10508056944087407,207.16877909819794,394.0447029702928,207.16877909819794
fold1_seed17_easy,rebased_neural,FDE_vs_floor,all,eu-locality-074,81289,40.88424950266458,41.035287783577374,0.3680692620199877,139.5840952912819,285.6194538020268,139.8898647808847
fold1_seed17_easy,rebased_neural,FDE_vs_floor,all,eu-locality-082,859,25.30129169733572,25.471426904331437,0.6679453319781814,114.66976098816347,242.82094698920608,115.16354557853296
fold1_seed17_easy,rebased_neural,FDE_vs_floor,all,eu-locality-112,3719,47.90713908145946,47.968287530342636,0.1274768227748302,180.87314969023402,421.63704764077704,180.87314969023402
fold1_seed17_easy,rebased_neural,FDE_vs_floor,all,eu-locality-126,4579,40.04805909516954,40.13090423960287,0.20643727322638972,186.16986536958748,367.4904107537943,186.14679086195613
fold1_seed17_easy,rebased_neural,FDE_vs_floor,easy,eu-locality-008,32900,2.5557295227275136,2.7993338294930106,8.702224229170131,5.554954267570794,8.193164243914183,5.74202021860704
fold1_seed17_easy,rebased_neural,FDE_vs_floor,easy,eu-locality-020,290,2.120420483096196,2.2660717362667073,6.427477596559572,5.405307793874968,8.117093400465636,5.510004780476717
fold1_seed17_easy,rebased_neural,FDE_vs_floor,easy,eu-locality-048,1250,2.6426833166089856,2.8326032955745695,6.704785638790279,5.773273371082326,9.742018320071248,5.913711642538012
fold1_seed17_easy,rebased_neural,FDE_vs_floor,easy,eu-locality-067,734,2.6256515952796953,2.745554823210568,4.367176605516166,6.1231784688074145,8.771492025594197,6.169823509516136
fold1_seed17_easy,rebased_neural,FDE_vs_floor,easy,eu-locality-074,12940,3.202410489347729,3.4757101263493384,7.863130901789717,7.158204485710488,11.708817311418311,7.295740427874027
fold1_seed17_easy,rebased_neural,FDE_vs_floor,easy,eu-locality-082,391,2.387901134024229,2.519829557692073,5.235609022249832,5.267474227265732,7.240385182082315,5.4370479440029476
fold1_seed17_easy,rebased_neural,FDE_vs_floor,easy,eu-locality-112,423,3.2436827421106247,3.3807078441023544,4.053148284634234,7.2959124108582305,13.127818722411247,7.2959124108582305
fold1_seed17_easy,rebased_neural,FDE_vs_floor,easy,eu-locality-126,1768,2.1815856223250596,2.353412632833309,7.301185015794875,5.092839226791709,7.179084789048056,5.213971288922478
fold1_seed17_easy,rebased_neural,FDE_vs_floor,hard,eu-locality-008,22002,125.68947289866918,125.68754262378131,-0.0015357726371068026,294.2118449918657,496.7182253427226,294.10870122086897
fold1_seed17_easy,rebased_neural,FDE_vs_floor,hard,eu-locality-020,18,89.86760957555505,89.86760957555505,0.0,117.3151892488592,125.35412109059021,117.3151892488592
fold1_seed17_easy,rebased_neural,FDE_vs_floor,hard,eu-locality-048,1769,144.7915553028461,144.78851173349167,-0.0021020793141479643,310.51436902474313,453.113548358864,310.51436902474313
fold1_seed17_easy,rebased_neural,FDE_vs_floor,hard,eu-locality-067,1633,138.6710076375897,138.7464621754408,0.05438303555134194,315.11114527743234,454.6588358272158,315.11114527743234
fold1_seed17_easy,rebased_neural,FDE_vs_floor,hard,eu-locality-074,16042,123.82728691596752,124.03553741476574,0.16789583303198352,286.43798159383414,490.2911107208404,286.69235647443116
fold1_seed17_easy,rebased_neural,FDE_vs_floor,hard,eu-locality-082,103,128.43929633327696,128.8713701732166,0.33527527437544613,277.93782304116826,384.9003515886814,277.93782304116826
fold1_seed17_easy,rebased_neural,FDE_vs_floor,hard,eu-locality-112,847,144.04189352894065,144.033137197232,-0.006079386923762975,394.2222345963048,625.456663177057,394.2222345963048
fold1_seed17_easy,rebased_neural,FDE_vs_floor,hard,eu-locality-126,868,158.2217099525126,158.2173508129262,-0.0027551590037422358,381.7058653169035,549.0591003829323,381.7058653169035
fold1_seed17_easy,rebased_neural,FDE_vs_floor,complete,eu-locality-008,97352,32.66602017844462,32.812091362612115,0.445174867256215,125.19834165713837,253.07101340479375,125.22273210935192
fold1_seed17_easy,rebased_neural,FDE_vs_floor,complete,eu-locality-020,364,14.020509384917661,14.380465458717874,2.503090562913568,57.42336195362734,104.22276055606251,57.42336195362734
fold1_seed17_easy,rebased_neural,FDE_vs_floor,complete,eu-locality-048,4716,57.54479305497262,57.608704296077974,0.11094025093305593,211.65293564713784,351.841151886696,211.65293564713784
fold1_seed17_easy,rebased_neural,FDE_vs_floor,complete,eu-locality-067,3417,63.90795397419205,63.941100678993024,0.0518394341808226,203.10046501216658,394.5902657386637,203.10046501216658
fold1_seed17_easy,rebased_neural,FDE_vs_floor,complete,eu-locality-074,67309,38.999721818968524,39.15089035936343,0.38611775877211985,133.22576960750516,269.54270020769366,133.4786508282937
fold1_seed17_easy,rebased_neural,FDE_vs_floor,complete,eu-locality-082,582,20.76311128205417,20.90230724079295,0.6659358564356288,103.85426721564687,196.24839397056274,101.05798186988082
fold1_seed17_easy,rebased_neural,FDE_vs_floor,complete,eu-locality-112,2417,39.87926425656506,39.942087793322784,0.15728656219174963,140.54076003111032,380.95923777200323,140.72627676400472
fold1_seed17_easy,rebased_neural,FDE_vs_floor,complete,eu-locality-126,3637,40.365712446183466,40.44418234744324,0.19402024396404371,188.76481719652378,381.72102862533023,188.76481719652378
fold1_seed17_easy,rebased_neural,FDE_vs_floor,partial,eu-locality-008,23736,48.80102967140972,48.919832623498564,0.24285232740509644,184.57523211312682,363.3759506049791,184.485442678963
fold1_seed17_easy,rebased_neural,FDE_vs_floor,partial,eu-locality-020,258,14.932828997017237,15.099935342322638,1.106669277165906,50.52160752263893,80.91138501947854,50.52160752263893
fold1_seed17_easy,rebased_neural,FDE_vs_floor,partial,eu-locality-048,866,65.6550639572342,65.71467922243025,0.09071833858346201,242.34434814718622,393.48486748673645,242.34434814718622
fold1_seed17_easy,rebased_neural,FDE_vs_floor,partial,eu-locality-067,1183,64.57940576613711,64.74577135595837,0.2569520546857218,231.95019440080293,388.8132633418334,231.95019440080293
fold1_seed17_easy,rebased_neural,FDE_vs_floor,partial,eu-locality-074,13980,49.957616731698735,50.10802785699767,0.3001737081495093,170.07510107202816,343.4473631952292,170.25668098494387
fold1_seed17_easy,rebased_neural,FDE_vs_floor,partial,eu-locality-082,277,34.83638556626663,35.07152670281302,0.670461649813292,146.71054103169644,306.87588104153093,146.71054103169644
fold1_seed17_easy,rebased_neural,FDE_vs_floor,partial,eu-locality-112,1302,62.80988366807221,62.86792252602389,0.09231871456807372,239.7956136939682,485.4941194884967,239.7956136939682
fold1_seed17_easy,rebased_neural,FDE_vs_floor,partial,eu-locality-126,942,38.821620414025546,38.92135808438485,0.2562543427777175,183.72653083584885,323.58180657766553,183.72653083584885
fold1_seed17_easy,rebased_neural,FDE_vs_floor,endpoint,eu-locality-008,121088,35.82884874382698,35.96957473477451,0.39123618220451295,136.95807869338222,281.9892935375493,136.94678016915063
fold1_seed17_easy,rebased_neural,FDE_vs_floor,endpoint,eu-locality-020,622,14.398931346206552,14.67889508889477,1.9072535159681214,54.18434016797015,102.34943144507893,54.18434016797015
fold1_seed17_easy,rebased_neural,FDE_vs_floor,endpoint,eu-locality-048,5582,58.803032861736966,58.86627761858265,0.10743800933952219,216.55248685578948,355.4563120785641,216.55248685578948
fold1_seed17_easy,rebased_neural,FDE_vs_floor,endpoint,eu-locality-067,4600,64.08063385894661,64.14804098569955,0.10508056944087407,207.16877909819794,394.0447029702928,207.16877909819794
fold1_seed17_easy,rebased_neural,FDE_vs_floor,endpoint,eu-locality-074,81289,40.88424950266458,41.035287783577374,0.3680692620199877,139.5840952912819,285.6194538020268,139.8898647808847
fold1_seed17_easy,rebased_neural,FDE_vs_floor,endpoint,eu-locality-082,859,25.30129169733572,25.471426904331437,0.6679453319781814,114.66976098816347,242.82094698920608,115.16354557853296
fold1_seed17_easy,rebased_neural,FDE_vs_floor,endpoint,eu-locality-112,3719,47.90713908145946,47.968287530342636,0.1274768227748302,180.87314969023402,421.63704764077704,180.87314969023402
fold1_seed17_easy,rebased_neural,FDE_vs_floor,endpoint,eu-locality-126,4579,40.04805909516954,40.13090423960287,0.20643727322638972,186.16986536958748,367.4904107537943,186.14679086195613
fold1_seed17_easy,rebased_neural,FDE_vs_floor,easy_complete,eu-locality-008,28571,2.5212164468175353,2.7629764959909724,8.749985731844856,5.483191144942181,7.92372486937087,5.673856907185136
fold1_seed17_easy,rebased_neural,FDE_vs_floor,easy_complete,eu-locality-020,178,2.052525298112453,2.224971751677579,7.750500806812721,5.004567265331197,7.634992483488128,5.486303503667565
fold1_seed17_easy,rebased_neural,FDE_vs_floor,easy_complete,eu-locality-048,1146,2.6186727562069056,2.800108425650662,6.479594425047885,5.661226773039742,9.356383264255218,5.780711599696689
fold1_seed17_easy,rebased_neural,FDE_vs_floor,easy_complete,eu-locality-067,551,2.634932799983557,2.7690810670702284,4.84450486776844,6.392443675150393,8.719279210928303,6.524621771064362
fold1_seed17_easy,rebased_neural,FDE_vs_floor,easy_complete,eu-locality-074,11433,3.184888029500971,3.4621854571816693,8.00931755707932,7.042733890787069,11.41116777881543,7.149801990534299
fold1_seed17_easy,rebased_neural,FDE_vs_floor,easy_complete,eu-locality-082,284,2.3035276698797564,2.421242064724888,4.861735906546249,5.0820509587016875,7.234079569665457,5.203489563006431
fold1_seed17_easy,rebased_neural,FDE_vs_floor,easy_complete,eu-locality-112,330,3.160589834087081,3.3025544559716806,4.298630765282285,7.23573659901525,13.041010277368935,7.419917915140831
fold1_seed17_easy,rebased_neural,FDE_vs_floor,easy_complete,eu-locality-126,1425,2.2152635844277477,2.3830052935519723,7.039082522313588,5.141448913388744,7.157148025987044,5.241750232337358
fold1_seed17_easy,rebased_neural,FDE_vs_floor,hard_complete,eu-locality-008,16020,121.22326475315667,121.22935700782513,0.005025395513780229,273.7583223594938,466.5606445111427,273.7373996899393
fold1_seed17_easy,rebased_neural,FDE_vs_floor,hard_complete,eu-locality-020,12,92.21205210121825,92.21205210121825,0.0,118.43938924577421,125.57896108997323,118.43938924577421
fold1_seed17_easy,rebased_neural,FDE_vs_floor,hard_complete,eu-locality-048,1483,144.0228198712087,144.02171649004276,-0.0007661213828225044,309.0389558972078,448.12847767087516,309.0389558972078
fold1_seed17_easy,rebased_neural,FDE_vs_floor,hard_complete,eu-locality-067,1231,135.71083190420035,135.7079815460037,-0.0021003614998571507,300.1127604707125,450.3860621876974,300.1127604707125
fold1_seed17_easy,rebased_neural,FDE_vs_floor,hard_complete,eu-locality-074,12476,122.16983635193817,122.3726326632857,0.1657203142025443,278.5742887925099,472.58180056820163,278.7554990988674
fold1_seed17_easy,rebased_neural,FDE_vs_floor,hard_complete,eu-locality-082,57,118.66183182759283,119.42091110739061,0.6356334688446319,243.99478619891514,284.1370502361249,243.99478619891514
fold1_seed17_easy,rebased_neural,FDE_vs_floor,hard_complete,eu-locality-112,449,135.790659461176,135.77060221498076,-0.014772893297987366,391.51283762831025,593.1207759351969,391.51283762831025
fold1_seed17_easy,rebased_neural,FDE_vs_floor,hard_complete,eu-locality-126,695,159.99138229040804,159.98722908112393,-0.0025959630077787565,386.522648619538,556.109882484235,386.522648619538
fold1_seed17_easy,rebased_neural,ADE_vs_CV,all,eu-locality-008,157961,17.996253159370884,18.214515006924465,1.1982852547575695,63.85471877568163,131.2795710962386,63.9700524103003
fold1_seed17_easy,rebased_neural,ADE_vs_CV,all,eu-locality-020,1225,6.4485445759207405,6.529874789510041,1.245509542081169,20.950455289077674,42.958840384020256,21.020763749430696
fold1_seed17_easy,rebased_neural,ADE_vs_CV,all,eu-locality-048,8058,26.55098716563662,26.698045849916497,0.5508219032455353,89.49939807482255,160.11545465691114,89.55098636922551
fold1_seed17_easy,rebased_neural,ADE_vs_CV,all,eu-locality-067,6903,28.84214709160377,29.011553933538778,0.5839288799320941,92.96468374261876,168.56927310186109,93.29868317030169
fold1_seed17_easy,rebased_neural,ADE_vs_CV,all,eu-locality-074,102348,19.486849438159048,19.761464600296893,1.3896498447474315,64.36448801619488,132.54971287002334,64.81408896393752
fold1_seed17_easy,rebased_neural,ADE_vs_CV,all,eu-locality-082,1368,13.523425346447446,13.688548886436024,1.2062895881695623,52.30649963956743,101.91283477915022,51.85945295918717
fold1_seed17_easy,rebased_neural,ADE_vs_CV,all,eu-locality-112,5004,24.350864405634212,24.679682084525158,1.3323416313256509,86.2710070848162,186.18759729912014,86.2710070848162
fold1_seed17_easy,rebased_neural,ADE_vs_CV,all,eu-locality-126,5790,19.618839401072556,19.860903597678185,1.2187975004013807,86.5533275336093,157.09863889864567,86.5533275336093
fold1_seed17_easy,rebased_neural,ADE_vs_CV,easy,eu-locality-008,39889,1.6314257254919262,1.791172498853141,8.918558846984205,3.0469766291912133,3.3460380644024124,3.2504176960159774
fold1_seed17_easy,rebased_neural,ADE_vs_CV,easy,eu-locality-020,593,1.2308014678958923,1.2706472215919324,3.135862812191048,3.0318566298574696,3.3778827474411024,3.051349724629029
fold1_seed17_easy,rebased_neural,ADE_vs_CV,easy,eu-locality-048,1582,1.6204370565351434,1.7551327263969017,7.674386548433521,3.0569876975956762,3.380921428523672,3.2298308573246963
fold1_seed17_easy,rebased_neural,ADE_vs_CV,easy,eu-locality-067,1219,1.5736656860928881,1.6528940070695597,4.793309228408216,3.0836295944181136,3.3420396127442933,3.222473275402277
fold1_seed17_easy,rebased_neural,ADE_vs_CV,easy,eu-locality-074,17048,1.8826079051269335,2.0239574238081066,6.983818780892226,3.2172570016958484,3.5338963247787856,3.3016095862663026
fold1_seed17_easy,rebased_neural,ADE_vs_CV,easy,eu-locality-082,513,1.5269635302338336,1.6221340438704122,5.8669944075337765,2.9605515694827136,3.2935778043258535,3.137173321764387
fold1_seed17_easy,rebased_neural,ADE_vs_CV,easy,eu-locality-112,571,1.9711161569206088,2.110763890677913,6.615980800792154,3.1747152979721918,3.3546779238942652,3.3318797717711783
fold1_seed17_easy,rebased_neural,ADE_vs_CV,easy,eu-locality-126,2160,1.3528147727267728,1.4931553251754432,9.398925221137377,2.916372763523388,3.2666607746245173,3.15811922069773
fold1_seed17_easy,rebased_neural,ADE_vs_CV,hard,eu-locality-008,28100,60.570874802616466,60.74188321281993,0.28153294095987214,138.38282192988999,231.14803055134072,138.48767980783674
fold1_seed17_easy,rebased_neural,ADE_vs_CV,hard,eu-locality-020,30,43.951869033620255,43.81825835804657,-0.30492009628024785,64.72063289570352,69.65016417684733,64.04793996418368
fold1_seed17_easy,rebased_neural,ADE_vs_CV,hard,eu-locality-048,2478,63.816991181684564,63.88573915651315,0.10761083104972036,138.97729297348553,219.8528418739297,138.97729297348553
fold1_seed17_easy,rebased_neural,ADE_vs_CV,hard,eu-locality-067,2296,64.89430444983451,65.07172046247634,0.2726468754489675,143.40335944857748,213.5382101003649,143.40335944857748
fold1_seed17_easy,rebased_neural,ADE_vs_CV,hard,eu-locality-074,19310,59.92187239289677,60.351879335065945,0.712499671769673,136.088910051427,238.15645757790958,136.81762092091788
fold1_seed17_easy,rebased_neural,ADE_vs_CV,hard,eu-locality-082,184,55.541083223199365,55.75797833667997,0.3889938623149791,117.40532251206122,199.4350034906187,112.9711774505625
fold1_seed17_easy,rebased_neural,ADE_vs_CV,hard,eu-locality-112,1153,69.7693816998941,70.01758802603055,0.35449139728175316,174.675987810338,312.16727648534334,174.675987810338
fold1_seed17_easy,rebased_neural,ADE_vs_CV,hard,eu-locality-126,1110,73.8314969402524,74.02161712516786,0.2568441386439413,160.69598223874476,237.31079754913677,160.69598223874476
fold1_seed17_easy,floor_neural_oracle,ADE_vs_floor,all,eu-locality-008,157961,14.943089182993884,18.041144590837536,17.172166611962336,51.896213407621225,105.43557196627127,63.85471877568163
fold1_seed17_easy,floor_neural_oracle,ADE_vs_floor,all,eu-locality-020,1225,5.931716629486649,6.514432089833121,8.944992476871438,18.817914572053354,38.78548288034698,20.950455289077674
fold1_seed17_easy,floor_neural_oracle,ADE_vs_floor,all,eu-locality-048,8058,21.835171080567193,26.568426516120656,17.815339695339183,74.00328908941691,130.49485402124438,89.49939807482255
fold1_seed17_easy,floor_neural_oracle,ADE_vs_floor,all,eu-locality-067,6903,23.396016205647815,28.87697837044287,18.98038670972969,76.57878855784854,140.80858386280676,92.96468374261876
fold1_seed17_easy,floor_neural_oracle,ADE_vs_floor,all,eu-locality-074,102348,15.662275515942936,19.540144919218633,19.845653240072103,52.454502638342085,104.88590464837988,64.46142956732993
fold1_seed17_easy,floor_neural_oracle,ADE_vs_floor,all,eu-locality-082,1368,11.486227747095468,13.564534585131002,15.32162290561525,42.13256807147018,91.79697484853989,52.30649963956743
fold1_seed17_easy,floor_neural_oracle,ADE_vs_floor,all,eu-locality-112,5004,19.718286551375456,24.377253499056568,19.11194363163766,70.62525547755236,142.67971589670117,86.2710070848162
fold1_seed17_easy,floor_neural_oracle,ADE_vs_floor,all,eu-locality-126,5790,15.633739319984498,19.645962498046178,20.42263482107686,70.27278644153341,137.74378399659582,86.5533275336093
fold1_seed17_easy,floor_neural_oracle,ADE_vs_floor,easy,eu-locality-008,39889,1.4851026348619472,1.7124634754637011,13.2768286074066,2.7737739054014985,3.2286375690528377,3.0954122497682435
fold1_seed17_easy,floor_neural_oracle,ADE_vs_floor,easy,eu-locality-020,593,1.1451024209101397,1.2667120183194382,9.600413957597043,2.958062000988265,3.3539693472567857,3.0442506244225767
fold1_seed17_easy,floor_neural_oracle,ADE_vs_floor,easy,eu-locality-048,1582,1.4678417880719714,1.6796162978639069,12.608505291432625,2.81329406885399,3.287846021756258,3.080321842954575
fold1_seed17_easy,floor_neural_oracle,ADE_vs_floor,easy,eu-locality-067,1219,1.4613390677205293,1.6058934268181635,9.001491424250164,2.936144784213768,3.2709477310132966,3.1204027321405072
fold1_seed17_easy,floor_neural_oracle,ADE_vs_floor,easy,eu-locality-074,17048,1.7242909641890034,1.9698182133276747,12.46446232842443,3.0843903940919053,3.459142683502938,3.248088316777988
fold1_seed17_easy,floor_neural_oracle,ADE_vs_floor,easy,eu-locality-082,513,1.364618231729869,1.5717224694033087,13.17689615725003,2.7012301393781466,3.103869871699377,2.9910454520185303
fold1_seed17_easy,floor_neural_oracle,ADE_vs_floor,easy,eu-locality-112,571,1.7823865171165745,2.011879820091856,11.406909134602472,2.989410537156318,3.1827190298978683,3.1756828589252075
fold1_seed17_easy,floor_neural_oracle,ADE_vs_floor,easy,eu-locality-126,2160,1.2085559920632782,1.4103792615006157,14.309857989729757,2.6334035030531306,3.155313482035813,2.9648916649582264
fold1_seed17_easy,floor_neural_oracle,ADE_vs_floor,hard,eu-locality-008,28100,48.33452259243895,60.57267643715081,20.204083036367003,110.1069157864244,181.90375413564962,138.38282192988999
fold1_seed17_easy,floor_neural_oracle,ADE_vs_floor,hard,eu-locality-020,30,39.14479824505613,43.951869033620255,10.937124846470203,59.844390849546144,65.75616641653264,64.72063289570352
fold1_seed17_easy,floor_neural_oracle,ADE_vs_floor,hard,eu-locality-048,2478,51.47030877561316,63.81613301956246,19.345929719942067,113.86996019742813,185.37081133033547,138.97729297348553
fold1_seed17_easy,floor_neural_oracle,ADE_vs_floor,hard,eu-locality-067,2296,51.41848731458651,64.95146996619232,20.83552944783208,119.92001672445612,180.78884660848453,143.40335944857748
fold1_seed17_easy,floor_neural_oracle,ADE_vs_floor,hard,eu-locality-074,19310,46.36895224352642,60.00555441541746,22.72556649920283,107.59143779103468,186.30099883210372,136.34580362984687
fold1_seed17_easy,floor_neural_oracle,ADE_vs_floor,hard,eu-locality-082,184,45.450767601872705,55.56439239170911,18.201629415001907,103.76389729581066,176.89632495568267,111.15642414153585
fold1_seed17_easy,floor_neural_oracle,ADE_vs_floor,hard,eu-locality-112,1153,55.588341954901615,69.78349615436602,20.341706824295137,139.8701114047021,218.49993663377958,174.675987810338
fold1_seed17_easy,floor_neural_oracle,ADE_vs_floor,hard,eu-locality-126,1110,57.40552970939059,73.83050161725946,22.246864843227854,139.25176245575557,219.73738366286378,160.69598223874476
fold1_seed17_easy,floor_neural_oracle,ADE_vs_floor,complete,eu-locality-008,97352,13.355520602895455,16.389412229840747,18.511289998682113,47.73551426540644,93.84453812318029,59.01678952634717
fold1_seed17_easy,floor_neural_oracle,ADE_vs_floor,complete,eu-locality-020,364,6.255321702434663,6.891806752673657,9.235387367645952,21.61297716712974,39.345680798501014,22.682718227503177
fold1_seed17_easy,floor_neural_oracle,ADE_vs_floor,complete,eu-locality-048,4716,21.46723153620839,26.563160393487802,19.18419639000758,75.08100312687708,130.42164723506968,91.22372192206632
fold1_seed17_easy,floor_neural_oracle,ADE_vs_floor,complete,eu-locality-067,3417,23.666071129277068,30.057452024112813,21.26388121557484,74.63056907459924,137.2750578174486,92.43888499604662
fold1_seed17_easy,floor_neural_oracle,ADE_vs_floor,complete,eu-locality-074,67309,14.970075362716706,19.28822811110901,22.38750352555855,49.780736495016875,101.04614045286864,63.36155246962371
fold1_seed17_easy,floor_neural_oracle,ADE_vs_floor,complete,eu-locality-082,582,8.43561021519673,10.401712665936916,18.90171853312863,36.884160394076815,73.06245468785492,48.19172118275565
fold1_seed17_easy,floor_neural_oracle,ADE_vs_floor,complete,eu-locality-112,2417,15.96260180709406,20.722018417039262,22.967919988101336,53.42128289779872,130.54219000472378,70.00895081757096
fold1_seed17_easy,floor_neural_oracle,ADE_vs_floor,complete,eu-locality-126,3637,15.050078307182801,19.334572553522406,22.159756749104076,67.88718639049085,138.9043831994633,85.5211371225543
fold1_seed17_easy,floor_neural_oracle,ADE_vs_floor,partial,eu-locality-008,60609,17.4930896187335,20.69420682264732,15.468663434882579,59.51185323968337,119.83279460223558,71.10566036346505
fold1_seed17_easy,floor_neural_oracle,ADE_vs_floor,partial,eu-locality-020,861,5.79490798076066,6.3548915819655765,8.81185137436622,16.77305657160294,36.733197315000396,19.979117977348317
fold1_seed17_easy,floor_neural_oracle,ADE_vs_floor,partial,eu-locality-048,3342,22.354381999536706,26.57585770532969,15.88462638760435,71.1439352315326,129.84155680147998,83.92332755854711
fold1_seed17_easy,floor_neural_oracle,ADE_vs_floor,partial,eu-locality-067,3486,23.13130660322637,27.719870374289624,16.553337764952825,78.20487297588991,146.14432610159471,93.12027503694439
fold1_seed17_easy,floor_neural_oracle,ADE_vs_floor,partial,eu-locality-074,35039,16.99197385532203,20.024070500343967,15.142259137420899,57.59484112374572,110.71641567501293,66.91976430799755
fold1_seed17_easy,floor_neural_oracle,ADE_vs_floor,partial,eu-locality-082,786,13.745081950104456,15.906471426060971,13.588114032728338,44.00970583699136,97.5129140442481,54.22413936680799
fold1_seed17_easy,floor_neural_oracle,ADE_vs_floor,partial,eu-locality-112,2587,23.227173303183783,27.792291455467783,16.4258429701588,82.521153258143,149.2383790523268,99.8860341615789
fold1_seed17_easy,floor_neural_oracle,ADE_vs_floor,partial,eu-locality-126,2153,16.619700817225453,20.171984434057773,17.60998591112707,77.10173088118077,136.11787525561505,89.50105669523992
fold1_seed17_easy,floor_neural_oracle,ADE_vs_floor,endpoint,eu-locality-008,121088,14.636816898973562,18.007344127411486,18.7175143907378,51.95077453510079,105.39239895704567,64.80683450223539
fold1_seed17_easy,floor_neural_oracle,ADE_vs_floor,endpoint,eu-locality-020,622,6.5220904209990715,7.147185591852769,8.746032446201713,22.028947608274954,38.80214210959773,24.82301529514794
fold1_seed17_easy,floor_neural_oracle,ADE_vs_floor,endpoint,eu-locality-048,5582,21.972688792194937,27.333325831554863,19.612092112008394,76.96149659674421,133.07929520359593,93.9788003607713
fold1_seed17_easy,floor_neural_oracle,ADE_vs_floor,endpoint,eu-locality-067,4600,23.767039361979048,30.4023472016,21.824985405310258,75.10169913967523,140.54795659156477,93.62018597117152
fold1_seed17_easy,floor_neural_oracle,ADE_vs_floor,endpoint,eu-locality-074,81289,15.86236710996254,20.267303751383963,21.734201527031594,52.864313476550535,107.772361670722,66.44521637538631
fold1_seed17_easy,floor_neural_oracle,ADE_vs_floor,endpoint,eu-locality-082,859,9.792502938159638,12.217716279679367,19.849972662676485,40.74558637031895,96.10963431605177,52.59920062873446
fold1_seed17_easy,floor_neural_oracle,ADE_vs_floor,endpoint,eu-locality-112,3719,19.286829533903564,24.607332634583894,21.621616530687003,68.20731612037035,147.86613863540313,86.85175214551717
fold1_seed17_easy,floor_neural_oracle,ADE_vs_floor,endpoint,eu-locality-126,4579,15.003465348989222,19.312507543613687,22.312183878211044,67.20351772121717,135.42755580203905,85.00384755239723
fold1_seed17_easy,floor_neural_oracle,ADE_vs_floor,easy_complete,eu-locality-008,28571,1.4433842466022817,1.6929290428877433,14.740416754844976,2.6334897993568793,3.0695248768989902,3.0503287689738006
fold1_seed17_easy,floor_neural_oracle,ADE_vs_floor,easy_complete,eu-locality-020,178,1.1788140497310748,1.3383549305356297,11.920670456282046,2.595243188930735,3.272867124230537,3.007716293724164
fold1_seed17_easy,floor_neural_oracle,ADE_vs_floor,easy_complete,eu-locality-048,1146,1.433712860653038,1.6689058093691296,14.092643658841231,2.681964867345928,3.2114459835659512,3.0136856639768954
fold1_seed17_easy,floor_neural_oracle,ADE_vs_floor,easy_complete,eu-locality-067,551,1.484245561469538,1.6653724492415491,10.876058857254467,2.8358720684774963,3.258552684281777,3.084165865748682
fold1_seed17_easy,floor_neural_oracle,ADE_vs_floor,easy_complete,eu-locality-074,11433,1.668030037181709,1.951999366153912,14.547613790045277,2.984624571177748,3.527643066776603,3.2069794206826
fold1_seed17_easy,floor_neural_oracle,ADE_vs_floor,easy_complete,eu-locality-082,284,1.2647251011591567,1.4889217129831498,15.057649429720577,2.5432853805425792,3.0029844347184085,2.8676160103460266
fold1_seed17_easy,floor_neural_oracle,ADE_vs_floor,easy_complete,eu-locality-112,330,1.7095083904497794,1.956737718044224,12.634770890068625,2.946255905694576,3.2186760037919506,3.16520642651851
fold1_seed17_easy,floor_neural_oracle,ADE_vs_floor,easy_complete,eu-locality-126,1425,1.2234179094771747,1.448898155332535,15.562187378422788,2.5836197637501352,2.9610903157742423,2.950095241022088
fold1_seed17_easy,floor_neural_oracle,ADE_vs_floor,hard_complete,eu-locality-008,16020,45.9710457315764,58.561994191570825,21.500204413815393,100.87156271752474,172.22931551102232,128.63661763953132
fold1_seed17_easy,floor_neural_oracle,ADE_vs_floor,hard_complete,eu-locality-020,12,39.37177720899212,43.9907556570682,10.499884303155692,62.46425208392078,66.59930715521246,62.9047951209938
fold1_seed17_easy,floor_neural_oracle,ADE_vs_floor,hard_complete,eu-locality-048,1483,51.56129394505583,65.1084915809641,20.807113337992135,114.39590513401119,178.92973555036056,141.58595211236764
fold1_seed17_easy,floor_neural_oracle,ADE_vs_floor,hard_complete,eu-locality-067,1231,48.13628321419825,63.03907797977922,23.640565888925725,114.72228788160105,161.2857772917816,142.93137594304721
fold1_seed17_easy,floor_neural_oracle,ADE_vs_floor,hard_complete,eu-locality-074,12476,44.33496009630761,59.773964311960924,25.82897820709531,104.41932321377149,182.04028524540087,136.12512378055263
fold1_seed17_easy,floor_neural_oracle,ADE_vs_floor,hard_complete,eu-locality-082,57,45.045144910045366,56.52284276133833,20.306299702151076,100.69402297673425,114.65476172929398,112.92067823508157
fold1_seed17_easy,floor_neural_oracle,ADE_vs_floor,hard_complete,eu-locality-112,449,51.00767581448269,68.03386705098437,25.026052427304045,132.91905517321499,205.32349576226375,177.03522847019997
fold1_seed17_easy,floor_neural_oracle,ADE_vs_floor,hard_complete,eu-locality-126,695,56.1548199796754,74.01392242256401,24.129382497696206,140.74059440119984,218.9900869015282,166.0065211709221
fold1_seed17_easy,floor_neural_oracle,FDE_vs_floor,all,eu-locality-008,121088,27.617759712392008,35.96957473477451,23.21910971693577,105.79391184195025,212.66277495611126,136.94678016915063
fold1_seed17_easy,floor_neural_oracle,FDE_vs_floor,all,eu-locality-020,622,13.156201523749251,14.67889508889477,10.373352734822006,48.98614876904287,82.5590891536665,54.18434016797015
fold1_seed17_easy,floor_neural_oracle,FDE_vs_floor,all,eu-locality-048,5582,45.64806725703191,58.86627761858265,22.454639389968957,173.33855364392312,284.4817214128402,216.55248685578948
fold1_seed17_easy,floor_neural_oracle,FDE_vs_floor,all,eu-locality-067,4600,46.85239589139051,64.14804098569955,26.962078387030928,158.42067913403872,282.18856019361965,207.16877909819794
fold1_seed17_easy,floor_neural_oracle,FDE_vs_floor,all,eu-locality-074,81289,29.883185709822413,41.035287783577374,27.17685844576461,105.63159455429017,207.16822501376632,139.8898647808847
fold1_seed17_easy,floor_neural_oracle,FDE_vs_floor,all,eu-locality-082,859,19.408990847208255,25.471426904331437,23.800928310350212,89.1629258041888,217.66005499482785,115.16354557853296
fold1_seed17_easy,floor_neural_oracle,FDE_vs_floor,all,eu-locality-112,3719,34.4317008301239,47.968287530342636,28.219866493370404,134.88245357950035,305.5426577683586,180.87314969023402
fold1_seed17_easy,floor_neural_oracle,FDE_vs_floor,all,eu-locality-126,4579,29.235333145151472,40.13090423960287,27.150076234014154,139.88726080100463,283.38896628839495,186.14679086195613
fold1_seed17_easy,floor_neural_oracle,FDE_vs_floor,easy,eu-locality-008,32900,2.1571423961715346,2.7993338294930106,22.940866378833558,4.56359110440208,7.940723610891269,5.74202021860704
fold1_seed17_easy,floor_neural_oracle,FDE_vs_floor,easy,eu-locality-020,290,1.8349110798743273,2.2660717362667073,19.02678761188318,4.726066498582969,8.117093400465636,5.510004780476717
fold1_seed17_easy,floor_neural_oracle,FDE_vs_floor,easy,eu-locality-048,1250,2.2321354599906145,2.8326032955745695,21.198444431738018,4.78696993661611,9.534290443827034,5.913711642538012
fold1_seed17_easy,floor_neural_oracle,FDE_vs_floor,easy,eu-locality-067,734,2.2874588928245605,2.745554823210568,16.685003938487164,5.400803716917471,8.807156665274105,6.169823509516136
fold1_seed17_easy,floor_neural_oracle,FDE_vs_floor,easy,eu-locality-074,12940,2.7657707742107265,3.4757101263493384,20.425735355677844,6.901602501460791,11.635110719420721,7.295740427874027
fold1_seed17_easy,floor_neural_oracle,FDE_vs_floor,easy,eu-locality-082,391,1.964196966391484,2.519829557692073,22.050403750700355,4.36044449075548,7.238429707852949,5.4370479440029476
fold1_seed17_easy,floor_neural_oracle,FDE_vs_floor,easy,eu-locality-112,423,2.7122244515031255,3.3807078441023544,19.77347417835582,6.765966471035573,12.866835467323813,7.2959124108582305
fold1_seed17_easy,floor_neural_oracle,FDE_vs_floor,easy,eu-locality-126,1768,1.7947912213157278,2.353412632833309,23.73665390097989,4.163218930704975,6.318685433389853,5.213971288922478
fold1_seed17_easy,floor_neural_oracle,FDE_vs_floor,hard,eu-locality-008,22002,92.85539486406921,125.68754262378131,26.12203809090937,220.4145566094974,367.59845609753455,294.10870122086897
fold1_seed17_easy,floor_neural_oracle,FDE_vs_floor,hard,eu-locality-020,18,77.9053320656587,89.86760957555505,13.310999999214646,117.3151892488592,125.35412109059021,117.3151892488592
fold1_seed17_easy,floor_neural_oracle,FDE_vs_floor,hard,eu-locality-048,1769,110.02829811060701,144.78851173349167,24.007577125225833,255.1855872193607,407.7109506768728,310.51436902474313
fold1_seed17_easy,floor_neural_oracle,FDE_vs_floor,hard,eu-locality-067,1633,97.14163814490551,138.7464621754408,29.9862233445111,247.79967707632412,351.9944237524296,315.11114527743234
fold1_seed17_easy,floor_neural_oracle,FDE_vs_floor,hard,eu-locality-074,16042,85.12307698571973,124.03553741476574,31.372025501792756,208.5157839434113,340.73551432800974,286.69235647443116
fold1_seed17_easy,floor_neural_oracle,FDE_vs_floor,hard,eu-locality-082,103,94.88253488469695,128.8713701732166,26.374232882629478,264.4476020629474,371.890518068923,277.93782304116826
fold1_seed17_easy,floor_neural_oracle,FDE_vs_floor,hard,eu-locality-112,847,101.84072221433291,144.033137197232,29.293547168331713,280.2137102415649,476.10666480815945,394.2222345963048
fold1_seed17_easy,floor_neural_oracle,FDE_vs_floor,hard,eu-locality-126,868,112.52231283882232,158.2173508129262,28.881180059785617,292.6670536754476,452.53675149058034,381.7058653169035
fold1_seed17_easy,floor_neural_oracle,FDE_vs_floor,complete,eu-locality-008,97352,25.284934734883716,32.812091362612115,22.94019160359053,98.22982313863568,190.19818900832567,125.22273210935192
fold1_seed17_easy,floor_neural_oracle,FDE_vs_floor,complete,eu-locality-020,364,12.758865593332272,14.380465458717874,11.276407359975526,51.119995394515605,82.86375181655934,57.42336195362734
fold1_seed17_easy,floor_neural_oracle,FDE_vs_floor,complete,eu-locality-048,4716,45.099753828976496,57.608704296077974,21.713646609394566,173.38745212280455,288.22303735761466,211.65293564713784
fold1_seed17_easy,floor_neural_oracle,FDE_vs_floor,complete,eu-locality-067,3417,47.41266116334046,63.941100678993024,25.84947606490414,158.35554361978123,278.0645848425183,203.10046501216658
fold1_seed17_easy,floor_neural_oracle,FDE_vs_floor,complete,eu-locality-074,67309,28.20930630258391,39.15089035936343,27.94721641410308,99.3348653856924,194.0313636858972,133.4786508282937
fold1_seed17_easy,floor_neural_oracle,FDE_vs_floor,complete,eu-locality-082,582,16.01397136198267,20.90230724079295,23.38658513865016,74.25172714711094,165.5398851728982,101.05798186988082
fold1_seed17_easy,floor_neural_oracle,FDE_vs_floor,complete,eu-locality-112,2417,27.85548882005326,39.942087793322784,30.260308464121078,101.92551108644612,276.9094034150585,140.72627676400472
fold1_seed17_easy,floor_neural_oracle,FDE_vs_floor,complete,eu-locality-126,3637,29.715561904796225,40.44418234744324,26.526980692750346,140.9917639449616,297.7482144409036,188.76481719652378
fold1_seed17_easy,floor_neural_oracle,FDE_vs_floor,partial,eu-locality-008,23736,37.18572302594052,48.919832623498564,23.986405856837667,140.2170336711077,278.055615936949,184.485442678963
fold1_seed17_easy,floor_neural_oracle,FDE_vs_floor,partial,eu-locality-020,258,13.71678399922127,15.099935342322638,9.159981892270896,48.58226719879105,77.80601098042474,50.52160752263893
fold1_seed17_easy,floor_neural_oracle,FDE_vs_floor,partial,eu-locality-048,866,48.63403276131523,65.71467922243025,25.992132447760497,167.61146649418748,273.82277300155266,242.34434814718622
fold1_seed17_easy,floor_neural_oracle,FDE_vs_floor,partial,eu-locality-067,1183,45.23411488187826,64.74577135595837,30.135800478473264,158.2785605698462,323.8731878074676,231.95019440080293
fold1_seed17_easy,floor_neural_oracle,FDE_vs_floor,partial,eu-locality-074,13980,37.94235230651887,50.10802785699767,24.278895160668046,132.66592670850403,251.44288174070783,170.25668098494387
fold1_seed17_easy,floor_neural_oracle,FDE_vs_floor,partial,eu-locality-082,277,26.542208682591973,35.07152670281302,24.319779667695286,103.08358276227756,288.800169579015,146.71054103169644
fold1_seed17_easy,floor_neural_oracle,FDE_vs_floor,partial,eu-locality-112,1302,46.639615137605254,62.86792252602389,25.813334903345986,176.80040779595413,345.7377967970459,239.7956136939682
fold1_seed17_easy,floor_neural_oracle,FDE_vs_floor,partial,eu-locality-126,942,27.381201511576144,38.92135808438485,29.649932943728874,123.22977913068112,240.46706112076282,183.72653083584885
fold1_seed17_easy,floor_neural_oracle,FDE_vs_floor,endpoint,eu-locality-008,121088,27.617759712392008,35.96957473477451,23.21910971693577,105.79391184195025,212.66277495611126,136.94678016915063
fold1_seed17_easy,floor_neural_oracle,FDE_vs_floor,endpoint,eu-locality-020,622,13.156201523749251,14.67889508889477,10.373352734822006,48.98614876904287,82.5590891536665,54.18434016797015
fold1_seed17_easy,floor_neural_oracle,FDE_vs_floor,endpoint,eu-locality-048,5582,45.64806725703191,58.86627761858265,22.454639389968957,173.33855364392312,284.4817214128402,216.55248685578948
fold1_seed17_easy,floor_neural_oracle,FDE_vs_floor,endpoint,eu-locality-067,4600,46.85239589139051,64.14804098569955,26.962078387030928,158.42067913403872,282.18856019361965,207.16877909819794
fold1_seed17_easy,floor_neural_oracle,FDE_vs_floor,endpoint,eu-locality-074,81289,29.883185709822413,41.035287783577374,27.17685844576461,105.63159455429017,207.16822501376632,139.8898647808847
fold1_seed17_easy,floor_neural_oracle,FDE_vs_floor,endpoint,eu-locality-082,859,19.408990847208255,25.471426904331437,23.800928310350212,89.1629258041888,217.66005499482785,115.16354557853296
fold1_seed17_easy,floor_neural_oracle,FDE_vs_floor,endpoint,eu-locality-112,3719,34.4317008301239,47.968287530342636,28.219866493370404,134.88245357950035,305.5426577683586,180.87314969023402
fold1_seed17_easy,floor_neural_oracle,FDE_vs_floor,endpoint,eu-locality-126,4579,29.235333145151472,40.13090423960287,27.150076234014154,139.88726080100463,283.38896628839495,186.14679086195613
fold1_seed17_easy,floor_neural_oracle,FDE_vs_floor,easy_complete,eu-locality-008,28571,2.120216014094681,2.7629764959909724,23.263335132561746,4.48557722528827,7.628431497511578,5.673856907185136
fold1_seed17_easy,floor_neural_oracle,FDE_vs_floor,easy_complete,eu-locality-020,178,1.7840730178900932,2.224971751677579,19.815925009162825,4.430217624519518,7.634992483488128,5.486303503667565
fold1_seed17_easy,floor_neural_oracle,FDE_vs_floor,easy_complete,eu-locality-048,1146,2.1992161767292453,2.800108425650662,21.45960647155252,4.710222026458887,9.144688996447789,5.780711599696689
fold1_seed17_easy,floor_neural_oracle,FDE_vs_floor,easy_complete,eu-locality-067,551,2.297104346609902,2.7690810670702284,17.044525206323836,5.881407925642339,8.657058042951856,6.524621771064362
fold1_seed17_easy,floor_neural_oracle,FDE_vs_floor,easy_complete,eu-locality-074,11433,2.7473171497685756,3.4621854571816693,20.647891808632913,6.78047133406066,11.35278230548991,7.149801990534299
fold1_seed17_easy,floor_neural_oracle,FDE_vs_floor,easy_complete,eu-locality-082,284,1.887698902832627,2.421242064724888,22.035928157100003,4.208205153935359,7.2555047529086325,5.203489563006431
fold1_seed17_easy,floor_neural_oracle,FDE_vs_floor,easy_complete,eu-locality-112,330,2.669588498618458,3.3025544559716806,19.165950654006426,6.648791134709214,12.758263280077726,7.419917915140831
fold1_seed17_easy,floor_neural_oracle,FDE_vs_floor,easy_complete,eu-locality-126,1425,1.81134409740578,2.3830052935519723,23.989086289191864,4.185131904421001,6.328499784723702,5.241750232337358
fold1_seed17_easy,floor_neural_oracle,FDE_vs_floor,hard_complete,eu-locality-008,16020,89.93263297400794,121.22935700782513,25.81612639568569,205.6430034893673,350.99963571146503,273.7373996899393
fold1_seed17_easy,floor_neural_oracle,FDE_vs_floor,hard_complete,eu-locality-020,12,79.45625033681587,92.21205210121825,13.833117769031688,114.43867577212549,124.7788183952435,118.43938924577421
fold1_seed17_easy,floor_neural_oracle,FDE_vs_floor,hard_complete,eu-locality-048,1483,110.768068063281,144.02171649004276,23.089329329761753,255.23316554001136,388.36434844252994,309.0389558972078
fold1_seed17_easy,floor_neural_oracle,FDE_vs_floor,hard_complete,eu-locality-067,1231,96.7269587420771,135.7079815460037,28.72419319766569,246.19699075121974,332.53196317155675,300.1127604707125
fold1_seed17_easy,floor_neural_oracle,FDE_vs_floor,hard_complete,eu-locality-074,12476,82.26478761955208,122.3726326632857,32.77517543819811,199.03762724954302,327.0721179882905,278.7554990988674
fold1_seed17_easy,floor_neural_oracle,FDE_vs_floor,hard_complete,eu-locality-082,57,90.9675695723719,119.42091110739061,23.826096511214622,210.23514162904567,272.66499140726404,243.99478619891514
fold1_seed17_easy,floor_neural_oracle,FDE_vs_floor,hard_complete,eu-locality-112,449,92.43514877545296,135.77060221498076,31.918141875006146,283.91932360866133,449.40670633891176,391.51283762831025
fold1_seed17_easy,floor_neural_oracle,FDE_vs_floor,hard_complete,eu-locality-126,695,115.25806560605794,159.98722908112393,27.95795872705902,304.40356842544156,466.55436825232044,386.522648619538
fold1_seed17_easy,floor_neural_oracle,ADE_vs_CV,all,eu-locality-008,157961,14.943089182993884,18.214515006924465,17.960543131051853,51.896213407621225,105.43557196627127,63.9700524103003
fold1_seed17_easy,floor_neural_oracle,ADE_vs_CV,all,eu-locality-020,1225,5.931716629486649,6.529874789510041,9.160331236125796,18.817914572053354,38.78548288034698,21.020763749430696
fold1_seed17_easy,floor_neural_oracle,ADE_vs_CV,all,eu-locality-048,8058,21.835171080567193,26.698045849916497,18.21434720985211,74.00328908941691,130.49485402124438,89.55098636922551
fold1_seed17_easy,floor_neural_oracle,ADE_vs_CV,all,eu-locality-067,6903,23.396016205647815,29.011553933538778,19.3562114623551,76.57878855784854,140.80858386280676,93.29868317030169
fold1_seed17_easy,floor_neural_oracle,ADE_vs_CV,all,eu-locality-074,102348,15.662275515942936,19.761464600296893,20.743346544731168,52.454502638342085,104.88590464837988,64.81408896393752
fold1_seed17_easy,floor_neural_oracle,ADE_vs_CV,all,eu-locality-082,1368,11.486227747095468,13.688548886436024,16.088784557162484,42.13256807147018,91.79697484853989,51.85945295918717
fold1_seed17_easy,floor_neural_oracle,ADE_vs_CV,all,eu-locality-112,5004,19.718286551375456,24.679682084525158,20.103158201785078,70.62525547755236,142.67971589670117,86.2710070848162
fold1_seed17_easy,floor_neural_oracle,ADE_vs_CV,all,eu-locality-126,5790,15.633739319984498,19.860903597678185,21.28384671374095,70.27278644153341,137.74378399659582,86.5533275336093
fold1_seed17_easy,floor_neural_oracle,ADE_vs_CV,easy,eu-locality-008,39889,1.4851026348619472,1.791172498853141,17.08768218511425,2.7737739054014985,3.2286375690528377,3.2504176960159774
fold1_seed17_easy,floor_neural_oracle,ADE_vs_CV,easy,eu-locality-020,593,1.1451024209101397,1.2706472215919324,9.880382103578977,2.958062000988265,3.3539693472567857,3.051349724629029
fold1_seed17_easy,floor_neural_oracle,ADE_vs_CV,easy,eu-locality-048,1582,1.4678417880719714,1.7551327263969017,16.36861611683964,2.81329406885399,3.287846021756258,3.2298308573246963
fold1_seed17_easy,floor_neural_oracle,ADE_vs_CV,easy,eu-locality-067,1219,1.4613390677205293,1.6528940070695597,11.589063698563528,2.936144784213768,3.2709477310132966,3.222473275402277
fold1_seed17_easy,floor_neural_oracle,ADE_vs_CV,easy,eu-locality-074,17048,1.7242909641890034,2.0239574238081066,14.80596657291714,3.0843903940919053,3.459142683502938,3.3016095862663026
fold1_seed17_easy,floor_neural_oracle,ADE_vs_CV,easy,eu-locality-082,513,1.364618231729869,1.6221340438704122,15.87512530876366,2.7012301393781466,3.103869871699377,3.137173321764387
fold1_seed17_easy,floor_neural_oracle,ADE_vs_CV,easy,eu-locality-112,571,1.7823865171165745,2.110763890677913,15.557276444400125,2.989410537156318,3.1827190298978683,3.3318797717711783
fold1_seed17_easy,floor_neural_oracle,ADE_vs_CV,easy,eu-locality-126,2160,1.2085559920632782,1.4931553251754432,19.060263076028285,2.6334035030531306,3.155313482035813,3.15811922069773
fold1_seed17_easy,floor_neural_oracle,ADE_vs_CV,hard,eu-locality-008,28100,48.33452259243895,60.74188321281993,20.426368041487287,110.1069157864244,181.90375413564962,138.48767980783674
fold1_seed17_easy,floor_neural_oracle,ADE_vs_CV,hard,eu-locality-020,30,39.14479824505613,43.81825835804657,10.6655542418021,59.844390849546144,65.75616641653264,64.04793996418368
fold1_seed17_easy,floor_neural_oracle,ADE_vs_CV,hard,eu-locality-048,2478,51.47030877561316,63.88573915651315,19.4338056424197,113.86996019742813,185.37081133033547,138.97729297348553
fold1_seed17_easy,floor_neural_oracle,ADE_vs_CV,hard,eu-locality-067,2296,51.41848731458651,65.07172046247634,20.981822903795788,119.92001672445612,180.78884660848453,143.40335944857748
fold1_seed17_easy,floor_neural_oracle,ADE_vs_CV,hard,eu-locality-074,19310,46.36895224352642,60.351879335065945,23.169000279027095,107.59143779103468,186.30099883210372,136.81762092091788
fold1_seed17_easy,floor_neural_oracle,ADE_vs_CV,hard,eu-locality-082,184,45.450767601872705,55.75797833667997,18.485624913747532,103.76389729581066,176.89632495568267,112.9711774505625
fold1_seed17_easy,floor_neural_oracle,ADE_vs_CV,hard,eu-locality-112,1153,55.588341954901615,70.01758802603055,20.608030750451668,139.8701114047021,218.49993663377958,174.675987810338
fold1_seed17_easy,floor_neural_oracle,ADE_vs_CV,hard,eu-locality-126,1110,57.40552970939059,74.02161712516786,22.447614711902432,139.25176245575557,219.73738366286378,160.69598223874476
fold1_seed17_easy,union_oracle,ADE_vs_floor,all,eu-locality-008,157961,14.903329708515258,18.041144590837536,17.392548829279175,51.769554772808334,105.39390356146235,63.85471877568163
fold1_seed17_easy,union_oracle,ADE_vs_floor,all,eu-locality-020,1225,5.874483897869231,6.514432089833121,9.823545370326869,18.763709465028253,38.78548288034698,20.950455289077674
fold1_seed17_easy,union_oracle,ADE_vs_floor,all,eu-locality-048,8058,21.794934910325647,26.568426516120656,17.96678325266513,73.98198457151597,130.49485402124438,89.49939807482255
fold1_seed17_easy,union_oracle,ADE_vs_floor,all,eu-locality-067,6903,23.370292569386844,28.87697837044287,19.06946679259355,76.57878855784854,140.80858386280676,92.96468374261876
fold1_seed17_easy,union_oracle,ADE_vs_floor,all,eu-locality-074,102348,15.612553275087706,19.540144919218633,20.10011522620777,52.39603478290861,104.86683953092522,64.46142956732993
fold1_seed17_easy,union_oracle,ADE_vs_floor,all,eu-locality-082,1368,11.452640345938583,13.564534585131002,15.569234800782683,41.82934875571353,91.79697484853989,52.30649963956743
fold1_seed17_easy,union_oracle,ADE_vs_floor,all,eu-locality-112,5004,19.677379039031237,24.377253499056568,19.279753809046706,70.44442593727165,142.2429209210359,86.2710070848162
fold1_seed17_easy,union_oracle,ADE_vs_floor,all,eu-locality-126,5790,15.603981266987853,19.645962498046178,20.574106417337944,70.18241512609285,137.74378399659582,86.5533275336093
fold1_seed17_easy,union_oracle,ADE_vs_floor,easy,eu-locality-008,39889,1.4821524086585987,1.7124634754637011,13.449108264498244,2.76764851348595,3.210088737466094,3.0954122497682435
fold1_seed17_easy,union_oracle,ADE_vs_floor,easy,eu-locality-020,593,1.1263749067514597,1.2667120183194382,11.078848983699185,2.89535412823067,3.281873299441771,3.0442506244225767
fold1_seed17_easy,union_oracle,ADE_vs_floor,easy,eu-locality-048,1582,1.4630298084748465,1.6796162978639069,12.894998081675524,2.7856124866279623,3.2751954476690037,3.080321842954575
fold1_seed17_easy,union_oracle,ADE_vs_floor,easy,eu-locality-067,1219,1.457451768365678,1.6058934268181635,9.24355601520832,2.9350513005212515,3.250301056909791,3.1204027321405072
fold1_seed17_easy,union_oracle,ADE_vs_floor,easy,eu-locality-074,17048,1.7005770481749847,1.9698182133276747,13.668325499836486,3.023948553223389,3.347268721823223,3.248088316777988
fold1_seed17_easy,union_oracle,ADE_vs_floor,easy,eu-locality-082,513,1.3635930507315592,1.5717224694033087,13.242122748984054,2.7012301393781466,3.1019714340242155,2.9910454520185303
fold1_seed17_easy,union_oracle,ADE_vs_floor,easy,eu-locality-112,571,1.779428145212428,2.011879820091856,11.553954294785617,2.989410537156318,3.17525183991918,3.1756828589252075
fold1_seed17_easy,union_oracle,ADE_vs_floor,easy,eu-locality-126,2160,1.2060242529882665,1.4103792615006157,14.489365668559206,2.630110322588133,3.075190938285168,2.9648916649582264
fold1_seed17_easy,union_oracle,ADE_vs_floor,hard,eu-locality-008,28100,48.26700628219676,60.57267643715081,20.315546346581215,109.9755453930309,181.86170715951528,138.38282192988999
fold1_seed17_easy,union_oracle,ADE_vs_floor,hard,eu-locality-020,30,39.011187569482445,43.951869033620255,11.241118006514162,59.022210599910814,65.32265319399764,64.72063289570352
fold1_seed17_easy,union_oracle,ADE_vs_floor,hard,eu-locality-048,2478,51.42620694829317,63.81613301956246,19.415037365976453,112.94423551616978,185.3158272090657,138.97729297348553
fold1_seed17_easy,union_oracle,ADE_vs_floor,hard,eu-locality-067,2296,51.38967854013779,64.95146996619232,20.87988375492277,119.09062751142979,180.78884660848453,143.40335944857748
fold1_seed17_easy,union_oracle,ADE_vs_floor,hard,eu-locality-074,19310,46.32703049940113,60.00555441541746,22.795429605266428,107.48505423869719,186.29577463872113,136.34580362984687
fold1_seed17_easy,union_oracle,ADE_vs_floor,hard,eu-locality-082,184,45.357255634949695,55.56439239170911,18.36992418598362,103.76389729581066,176.89632495568267,111.15642414153585
fold1_seed17_easy,union_oracle,ADE_vs_floor,hard,eu-locality-112,1153,55.49033827657531,69.78349615436602,20.482146446450944,139.17071778911446,218.49993663377958,174.675987810338
fold1_seed17_easy,union_oracle,ADE_vs_floor,hard,eu-locality-126,1110,57.33826608465506,73.83050161725946,22.337970312190023,139.25176245575557,219.73738366286378,160.69598223874476
fold1_seed17_easy,union_oracle,ADE_vs_floor,complete,eu-locality-008,97352,13.3154226152333,16.389412229840747,18.75594787353345,47.65771863511285,93.70850935088043,59.01678952634717
fold1_seed17_easy,union_oracle,ADE_vs_floor,complete,eu-locality-020,364,6.199396774086024,6.891806752673657,10.046857136831566,21.61297716712974,39.345680798501014,22.682718227503177
fold1_seed17_easy,union_oracle,ADE_vs_floor,complete,eu-locality-048,4716,21.418797140990087,26.563160393487802,19.36653310936187,75.08100312687708,130.42164723506968,91.22372192206632
fold1_seed17_easy,union_oracle,ADE_vs_floor,complete,eu-locality-067,3417,23.64445701282293,30.057452024112813,21.335790559177216,74.63056907459924,137.2750578174486,92.43888499604662
fold1_seed17_easy,union_oracle,ADE_vs_floor,complete,eu-locality-074,67309,14.917704758896496,19.28822811110901,22.659019413480085,49.727048640711836,101.04325017134049,63.36155246962371
fold1_seed17_easy,union_oracle,ADE_vs_floor,complete,eu-locality-082,582,8.406225107067426,10.401712665936916,19.184221127394018,36.884160394076815,73.06245468785492,48.19172118275565
fold1_seed17_easy,union_oracle,ADE_vs_floor,complete,eu-locality-112,2417,15.942148244341594,20.722018417039262,23.066624478855235,53.42128289779872,130.54219000472378,70.00895081757096
fold1_seed17_easy,union_oracle,ADE_vs_floor,complete,eu-locality-126,3637,15.019173659905663,19.334572553522406,22.319598127503248,67.66567189269918,138.9043831994633,85.5211371225543
fold1_seed17_easy,union_oracle,ADE_vs_floor,partial,eu-locality-008,60609,17.453873874318774,20.69420682264732,15.658164509994133,59.39852732877395,119.75658022570875,71.10566036346505
fold1_seed17_easy,union_oracle,ADE_vs_floor,partial,eu-locality-020,861,5.737122356704407,6.3548915819655765,9.721160735681556,16.725255572563178,36.733197315000396,19.979117977348317
fold1_seed17_easy,union_oracle,ADE_vs_floor,partial,eu-locality-048,3342,22.325714599190547,26.57585770532969,15.992496472792261,71.1439352315326,129.84155680147998,83.92332755854711
fold1_seed17_easy,union_oracle,ADE_vs_floor,partial,eu-locality-067,3486,23.101554788772646,27.719870374289624,16.660668044827865,78.11326899390056,146.14432610159471,93.12027503694439
fold1_seed17_easy,union_oracle,ADE_vs_floor,partial,eu-locality-074,35039,16.94733905026149,20.024070500343967,15.365164890073801,57.59484112374572,110.71641567501293,66.91976430799755
fold1_seed17_easy,union_oracle,ADE_vs_floor,partial,eu-locality-082,786,13.708382927392801,15.906471426060971,13.818831592447644,43.66972718165501,97.5129140442481,54.22413936680799
fold1_seed17_easy,union_oracle,ADE_vs_floor,partial,eu-locality-112,2587,23.16715593534545,27.792291455467783,16.641792662304557,82.521153258143,149.2383790523268,99.8860341615789
fold1_seed17_easy,union_oracle,ADE_vs_floor,partial,eu-locality-126,2153,16.591879672449036,20.171984434057773,17.747905632745763,76.93190804929118,136.11787525561505,89.50105669523992
fold1_seed17_easy,union_oracle,ADE_vs_floor,endpoint,eu-locality-008,121088,14.594979965166054,18.007344127411486,18.949847007427355,51.849049893647965,105.17445099000791,64.80683450223539
fold1_seed17_easy,union_oracle,ADE_vs_floor,endpoint,eu-locality-020,622,6.469511458575135,7.147185591852769,9.481692122982356,22.028947608274954,38.80214210959773,24.82301529514794
fold1_seed17_easy,union_oracle,ADE_vs_floor,endpoint,eu-locality-048,5582,21.92081077176358,27.333325831554863,19.801889799823858,76.96149659674421,133.07929520359593,93.9788003607713
fold1_seed17_easy,union_oracle,ADE_vs_floor,endpoint,eu-locality-067,4600,23.738292101565744,30.4023472016,21.91954146120516,75.10169913967523,140.54795659156477,93.62018597117152
fold1_seed17_easy,union_oracle,ADE_vs_floor,endpoint,eu-locality-074,81289,15.80801084699242,20.267303751383963,22.00239834115595,52.807962325554556,107.65381559515112,66.44521637538631
fold1_seed17_easy,union_oracle,ADE_vs_floor,endpoint,eu-locality-082,859,9.748678316208256,12.217716279679367,20.208669991605888,40.450065802231734,96.10963431605177,52.59920062873446
fold1_seed17_easy,union_oracle,ADE_vs_floor,endpoint,eu-locality-112,3719,19.24523750905908,24.607332634583894,21.79063942098609,67.02446361918153,147.77377300708113,86.85175214551717
fold1_seed17_easy,union_oracle,ADE_vs_floor,endpoint,eu-locality-126,4579,14.969792287126184,19.312507543613687,22.486542706483313,67.02545253513347,135.42755580203905,85.00384755239723
fold1_seed17_easy,union_oracle,ADE_vs_floor,easy_complete,eu-locality-008,28571,1.4411235255074069,1.6929290428877433,14.873955789122428,2.629885127934028,3.046112806574174,3.0503287689738006
fold1_seed17_easy,union_oracle,ADE_vs_floor,easy_complete,eu-locality-020,178,1.178083356984956,1.3383549305356297,11.975266791637296,2.595243188930735,3.272867124230537,3.007716293724164
fold1_seed17_easy,union_oracle,ADE_vs_floor,easy_complete,eu-locality-048,1146,1.4303551538368648,1.6689058093691296,14.293835769104323,2.6742464102623553,3.113925427342031,3.0136856639768954
fold1_seed17_easy,union_oracle,ADE_vs_floor,easy_complete,eu-locality-067,551,1.4808183334861436,1.6653724492415491,11.081852341165844,2.8358720684774963,3.1307608334960535,3.084165865748682
fold1_seed17_easy,union_oracle,ADE_vs_floor,easy_complete,eu-locality-074,11433,1.6425696502326812,1.951999366153912,15.851937315477215,2.9157461728944316,3.3250040844409234,3.2069794206826
fold1_seed17_easy,union_oracle,ADE_vs_floor,easy_complete,eu-locality-082,284,1.2642952062244208,1.4889217129831498,15.086522333580277,2.5432853805425792,2.9901117315041197,2.8676160103460266
fold1_seed17_easy,union_oracle,ADE_vs_floor,easy_complete,eu-locality-112,330,1.7075523330014506,1.956737718044224,12.734736124565348,2.936672851047673,3.2186760037919506,3.16520642651851
fold1_seed17_easy,union_oracle,ADE_vs_floor,easy_complete,eu-locality-126,1425,1.2205845000069944,1.448898155332535,15.757743529816326,2.568854423634412,2.9489421752334026,2.950095241022088
fold1_seed17_easy,union_oracle,ADE_vs_floor,hard_complete,eu-locality-008,16020,45.89598213765922,58.561994191570825,21.628382415526936,100.72503646809928,172.1153340939814,128.63661763953132
fold1_seed17_easy,union_oracle,ADE_vs_floor,hard_complete,eu-locality-020,12,39.162323285154194,43.9907556570682,10.976015982890253,62.46425208392078,66.59930715521246,62.9047951209938
fold1_seed17_easy,union_oracle,ADE_vs_floor,hard_complete,eu-locality-048,1483,51.498605123717255,65.1084915809641,20.903396971380605,114.29490890576238,178.92973555036056,141.58595211236764
fold1_seed17_easy,union_oracle,ADE_vs_floor,hard_complete,eu-locality-067,1231,48.111097646798484,63.03907797977922,23.680518198202584,114.72228788160105,158.7406754123278,142.93137594304721
fold1_seed17_easy,union_oracle,ADE_vs_floor,hard_complete,eu-locality-074,12476,44.297626432737054,59.773964311960924,25.891436275587655,104.41932321377149,182.04028524540087,136.12512378055263
fold1_seed17_easy,union_oracle,ADE_vs_floor,hard_complete,eu-locality-082,57,44.76095484696435,56.52284276133833,20.80908768873727,100.69402297673425,114.16766309518187,112.92067823508157
fold1_seed17_easy,union_oracle,ADE_vs_floor,hard_complete,eu-locality-112,449,50.951899009423606,68.03386705098437,25.108036308974746,132.91905517321499,205.32349576226375,177.03522847019997
fold1_seed17_easy,union_oracle,ADE_vs_floor,hard_complete,eu-locality-126,695,56.0783177315112,74.01392242256401,24.232744467525926,140.74059440119984,218.9900869015282,166.0065211709221
fold1_seed17_easy,union_oracle,FDE_vs_floor,all,eu-locality-008,121088,27.502700285327002,35.96957473477451,23.53898958183106,105.38492951598502,211.87567214092803,136.94678016915063
fold1_seed17_easy,union_oracle,FDE_vs_floor,all,eu-locality-020,622,13.012283279247626,14.67889508889477,11.353796042237596,48.965422767887034,82.5590891536665,54.18434016797015
fold1_seed17_easy,union_oracle,FDE_vs_floor,all,eu-locality-048,5582,45.50313610325499,58.86627761858265,22.700843430108865,171.81047279813558,284.4817214128402,216.55248685578948
fold1_seed17_easy,union_oracle,FDE_vs_floor,all,eu-locality-067,4600,46.777735591712535,64.14804098569955,27.07846588465478,158.40552955926947,281.4058860757444,207.16877909819794
fold1_seed17_easy,union_oracle,FDE_vs_floor,all,eu-locality-074,81289,29.73875800088718,41.035287783577374,27.528818226568276,105.39470497267496,206.79935364556763,139.8898647808847
fold1_seed17_easy,union_oracle,FDE_vs_floor,all,eu-locality-082,859,19.30024518984961,25.471426904331437,24.22786025164697,85.98444549217147,217.35936552406693,115.16354557853296
fold1_seed17_easy,union_oracle,FDE_vs_floor,all,eu-locality-112,3719,34.31412207031393,47.968287530342636,28.464984186462104,134.84596986338732,305.5426577683586,180.87314969023402
fold1_seed17_easy,union_oracle,FDE_vs_floor,all,eu-locality-126,4579,29.137746949159432,40.13090423960287,27.39324592540561,137.8970373150005,283.38896628839495,186.14679086195613
fold1_seed17_easy,union_oracle,FDE_vs_floor,easy,eu-locality-008,32900,2.151440210668772,2.7993338294930106,23.144564324490702,4.553099391906365,7.823438184610415,5.74202021860704
fold1_seed17_easy,union_oracle,FDE_vs_floor,easy,eu-locality-020,290,1.8341464001226875,2.2660717362667073,19.060532340234083,4.726066498582969,8.117093400465636,5.510004780476717
fold1_seed17_easy,union_oracle,FDE_vs_floor,easy,eu-locality-048,1250,2.2285096489512957,2.8326032955745695,21.326447214372056,4.78696993661611,9.456303876416118,5.913711642538012
fold1_seed17_easy,union_oracle,FDE_vs_floor,easy,eu-locality-067,734,2.275499663710996,2.745554823210568,17.12058908916282,5.258728015787497,8.807156665274105,6.169823509516136
fold1_seed17_easy,union_oracle,FDE_vs_floor,easy,eu-locality-074,12940,2.69717519643557,3.4757101263493384,22.399305512036214,6.546429062524266,10.855910670821759,7.295740427874027
fold1_seed17_easy,union_oracle,FDE_vs_floor,easy,eu-locality-082,391,1.9633334040787052,2.519829557692073,22.084674414370554,4.36044449075548,7.221908799624045,5.4370479440029476
fold1_seed17_easy,union_oracle,FDE_vs_floor,easy,eu-locality-112,423,2.7137048325278514,3.3807078441023544,19.729685093554885,6.753411154699485,12.866835467323813,7.2959124108582305
fold1_seed17_easy,union_oracle,FDE_vs_floor,easy,eu-locality-126,1768,1.7881460514807812,2.353412632833309,24.01901704215783,4.163218930704975,6.23359010491642,5.213971288922478
fold1_seed17_easy,union_oracle,FDE_vs_floor,hard,eu-locality-008,22002,92.65119999170302,125.68754262378131,26.284500390755106,219.94069457107017,367.59845609753455,294.10870122086897
fold1_seed17_easy,union_oracle,FDE_vs_floor,hard,eu-locality-020,18,77.325486913701,89.86760957555505,13.956221514170153,117.3151892488592,125.35412109059021,117.3151892488592
fold1_seed17_easy,union_oracle,FDE_vs_floor,hard,eu-locality-048,1769,109.86360721664943,144.78851173349167,24.121322954909285,255.1855872193607,407.7109506768728,310.51436902474313
fold1_seed17_easy,union_oracle,FDE_vs_floor,hard,eu-locality-067,1633,97.06374820149759,138.7464621754408,30.042361672066743,247.79967707632412,351.9944237524296,315.11114527743234
fold1_seed17_easy,union_oracle,FDE_vs_floor,hard,eu-locality-074,16042,85.01500694573917,124.03553741476574,31.459153789566596,207.94573935787596,340.73551432800974,286.69235647443116
fold1_seed17_easy,union_oracle,FDE_vs_floor,hard,eu-locality-082,103,94.46313731574688,128.8713701732166,26.699671782197598,264.4476020629474,371.890518068923,277.93782304116826
fold1_seed17_easy,union_oracle,FDE_vs_floor,hard,eu-locality-112,847,101.50133340748296,144.033137197232,29.529179616151836,280.2137102415649,476.10666480815945,394.2222345963048
fold1_seed17_easy,union_oracle,FDE_vs_floor,hard,eu-locality-126,868,112.28886339664392,158.2173508129262,29.02872989612083,292.6670536754476,452.53675149058034,381.7058653169035
fold1_seed17_easy,union_oracle,FDE_vs_floor,complete,eu-locality-008,97352,25.173033039300915,32.812091362612115,23.281229589698015,97.73565613526505,190.1475960871035,125.22273210935192
fold1_seed17_easy,union_oracle,FDE_vs_floor,complete,eu-locality-020,364,12.604385196563324,14.380465458717874,12.350645166897822,51.119995394515605,82.86375181655934,57.42336195362734
fold1_seed17_easy,union_oracle,FDE_vs_floor,complete,eu-locality-048,4716,44.96071143615413,57.608704296077974,21.95500317958883,172.0873513353335,288.22303735761466,211.65293564713784
fold1_seed17_easy,union_oracle,FDE_vs_floor,complete,eu-locality-067,3417,47.35291692343991,63.941100678993024,25.94291242941167,158.2949453207044,277.96220292342736,203.10046501216658
fold1_seed17_easy,union_oracle,FDE_vs_floor,complete,eu-locality-074,67309,28.068327579843864,39.15089035936343,28.307307133486514,99.14217680156315,193.39128887322406,133.4786508282937
fold1_seed17_easy,union_oracle,FDE_vs_floor,complete,eu-locality-082,582,15.9354034306883,20.90230724079295,23.762466759704115,74.25172714711094,165.5398851728982,101.05798186988082
fold1_seed17_easy,union_oracle,FDE_vs_floor,complete,eu-locality-112,2417,27.799097723894313,39.942087793322784,30.40149060875692,101.0657037156777,276.9094034150585,140.72627676400472
fold1_seed17_easy,union_oracle,FDE_vs_floor,complete,eu-locality-126,3637,29.62753133923665,40.44418234744324,26.74464009504295,140.68565430870555,297.7482144409036,188.76481719652378
fold1_seed17_easy,union_oracle,FDE_vs_floor,partial,eu-locality-008,23736,37.05771232337603,48.919832623498564,24.24808030603233,140.15557993175972,277.51826527030937,184.485442678963
fold1_seed17_easy,union_oracle,FDE_vs_floor,partial,eu-locality-020,258,13.587767395902993,15.099935342322638,10.014400142372038,47.52141327182181,77.80601098042474,50.52160752263893
fold1_seed17_easy,union_oracle,FDE_vs_floor,partial,eu-locality-048,866,48.45703302016916,65.71467922243025,26.26147826705144,167.61146649418748,273.82277300155266,242.34434814718622
fold1_seed17_easy,union_oracle,FDE_vs_floor,partial,eu-locality-067,1183,45.11637074766144,64.74577135595837,30.317656577722563,158.2785605698462,323.8731878074676,231.95019440080293
fold1_seed17_easy,union_oracle,FDE_vs_floor,partial,eu-locality-074,13980,37.78131888858421,50.10802785699767,24.600267652904673,132.11625959424907,251.44288174070783,170.25668098494387
fold1_seed17_easy,union_oracle,FDE_vs_floor,partial,eu-locality-082,277,26.370057117040506,35.07152670281302,24.81063815529474,103.08358276227756,288.800169579015,146.71054103169644
fold1_seed17_easy,union_oracle,FDE_vs_floor,partial,eu-locality-112,1302,46.408449140433895,62.86792252602389,26.181035930965702,172.6902628535383,345.7377967970459,239.7956136939682
fold1_seed17_easy,union_oracle,FDE_vs_floor,partial,eu-locality-126,942,27.24672165541119,38.92135808438485,29.995449808462602,123.22977913068112,240.46706112076282,183.72653083584885
fold1_seed17_easy,union_oracle,FDE_vs_floor,endpoint,eu-locality-008,121088,27.502700285327002,35.96957473477451,23.53898958183106,105.38492951598502,211.87567214092803,136.94678016915063
fold1_seed17_easy,union_oracle,FDE_vs_floor,endpoint,eu-locality-020,622,13.012283279247626,14.67889508889477,11.353796042237596,48.965422767887034,82.5590891536665,54.18434016797015
fold1_seed17_easy,union_oracle,FDE_vs_floor,endpoint,eu-locality-048,5582,45.50313610325499,58.86627761858265,22.700843430108865,171.81047279813558,284.4817214128402,216.55248685578948
fold1_seed17_easy,union_oracle,FDE_vs_floor,endpoint,eu-locality-067,4600,46.777735591712535,64.14804098569955,27.07846588465478,158.40552955926947,281.4058860757444,207.16877909819794
fold1_seed17_easy,union_oracle,FDE_vs_floor,endpoint,eu-locality-074,81289,29.73875800088718,41.035287783577374,27.528818226568276,105.39470497267496,206.79935364556763,139.8898647808847
fold1_seed17_easy,union_oracle,FDE_vs_floor,endpoint,eu-locality-082,859,19.30024518984961,25.471426904331437,24.22786025164697,85.98444549217147,217.35936552406693,115.16354557853296
fold1_seed17_easy,union_oracle,FDE_vs_floor,endpoint,eu-locality-112,3719,34.31412207031393,47.968287530342636,28.464984186462104,134.84596986338732,305.5426577683586,180.87314969023402
fold1_seed17_easy,union_oracle,FDE_vs_floor,endpoint,eu-locality-126,4579,29.137746949159432,40.13090423960287,27.39324592540561,137.8970373150005,283.38896628839495,186.14679086195613
fold1_seed17_easy,union_oracle,FDE_vs_floor,easy_complete,eu-locality-008,28571,2.114818062974895,2.7629764959909724,23.458702379717778,4.471144841203769,7.489171024744698,5.673856907185136
fold1_seed17_easy,union_oracle,FDE_vs_floor,easy_complete,eu-locality-020,178,1.7835770585255992,2.224971751677579,19.838215600677987,4.430217624519518,7.634992483488128,5.486303503667565
fold1_seed17_easy,union_oracle,FDE_vs_floor,easy_complete,eu-locality-048,1146,2.197786524066578,2.800108425650662,21.51066351811439,4.714855659959753,8.824967458160057,5.780711599696689
fold1_seed17_easy,union_oracle,FDE_vs_floor,easy_complete,eu-locality-067,551,2.2838305393121314,2.7690810670702284,17.523883050181222,5.566366910127606,8.657058042951856,6.524621771064362
fold1_seed17_easy,union_oracle,FDE_vs_floor,easy_complete,eu-locality-074,11433,2.6816641681333526,3.4621854571816693,22.544179065545677,6.456232504435325,10.503547079023477,7.149801990534299
fold1_seed17_easy,union_oracle,FDE_vs_floor,easy_complete,eu-locality-082,284,1.886224884340757,2.421242064724888,22.096806766196753,4.208205153935359,7.227419208919501,5.203489563006431
fold1_seed17_easy,union_oracle,FDE_vs_floor,easy_complete,eu-locality-112,330,2.671176878181448,3.3025544559716806,19.117855169611975,6.523218771578659,12.758263280077726,7.419917915140831
fold1_seed17_easy,union_oracle,FDE_vs_floor,easy_complete,eu-locality-126,1425,1.8056277563806316,2.3830052935519723,24.228965782561673,4.17494181235408,6.28301770145472,5.241750232337358
fold1_seed17_easy,union_oracle,FDE_vs_floor,hard_complete,eu-locality-008,16020,89.71642697997741,121.22935700782513,25.994470980996475,204.97048322394062,350.99963571146503,273.7373996899393
fold1_seed17_easy,union_oracle,FDE_vs_floor,hard_complete,eu-locality-020,12,78.92071921499736,92.21205210121825,14.413878211528585,114.43867577212549,124.7788183952435,118.43938924577421
fold1_seed17_easy,union_oracle,FDE_vs_floor,hard_complete,eu-locality-048,1483,110.58776571929744,144.02171649004276,23.214520410924866,255.23316554001136,388.36434844252994,309.0389558972078
fold1_seed17_easy,union_oracle,FDE_vs_floor,hard_complete,eu-locality-067,1231,96.66085763584567,135.7079815460037,28.77290153852995,246.19699075121974,332.53196317155675,300.1127604707125
fold1_seed17_easy,union_oracle,FDE_vs_floor,hard_complete,eu-locality-074,12476,82.16257773916345,122.3726326632857,32.8586989173978,198.93251520047667,327.0721179882905,278.7554990988674
fold1_seed17_easy,union_oracle,FDE_vs_floor,hard_complete,eu-locality-082,57,90.21880607272534,119.42091110739061,24.453091811035456,210.23514162904567,271.6568568800263,243.99478619891514
fold1_seed17_easy,union_oracle,FDE_vs_floor,hard_complete,eu-locality-112,449,92.28396834172149,135.77060221498076,32.02949177790493,283.91932360866133,449.40670633891176,391.51283762831025
fold1_seed17_easy,union_oracle,FDE_vs_floor,hard_complete,eu-locality-126,695,115.03806855593663,159.98722908112393,28.09546785912215,304.40356842544156,466.55436825232044,386.522648619538
fold1_seed17_easy,union_oracle,ADE_vs_CV,all,eu-locality-008,157961,14.903329708515258,18.214515006924465,18.178827694014476,51.769554772808334,105.39390356146235,63.9700524103003
fold1_seed17_easy,union_oracle,ADE_vs_CV,all,eu-locality-020,1225,5.874483897869231,6.529874789510041,10.036806413097942,18.763709465028253,38.78548288034698,21.020763749430696
fold1_seed17_easy,union_oracle,ADE_vs_CV,all,eu-locality-048,8058,21.794934910325647,26.698045849916497,18.365055506885287,73.98198457151597,130.49485402124438,89.55098636922551
fold1_seed17_easy,union_oracle,ADE_vs_CV,all,eu-locality-067,6903,23.370292569386844,29.011553933538778,19.444878330458405,76.57878855784854,140.80858386280676,93.29868317030169
fold1_seed17_easy,union_oracle,ADE_vs_CV,all,eu-locality-074,102348,15.612553275087706,19.761464600296893,20.994958668938203,52.39603478290861,104.86683953092522,64.81408896393752
fold1_seed17_easy,union_oracle,ADE_vs_CV,all,eu-locality-082,1368,11.452640345938583,13.688548886436024,16.33415316004022,41.82934875571353,91.79697484853989,51.85945295918717
fold1_seed17_easy,union_oracle,ADE_vs_CV,all,eu-locality-112,5004,19.677379039031237,24.679682084525158,20.26891200770573,70.44442593727165,142.2429209210359,86.2710070848162
fold1_seed17_easy,union_oracle,ADE_vs_CV,all,eu-locality-126,5790,15.603981266987853,19.860903597678185,21.433679035570073,70.18241512609285,137.74378399659582,86.5533275336093
fold1_seed17_easy,union_oracle,ADE_vs_CV,easy,eu-locality-008,39889,1.4821524086585987,1.791172498853141,17.25239140241395,2.76764851348595,3.210088737466094,3.2504176960159774
fold1_seed17_easy,union_oracle,ADE_vs_CV,easy,eu-locality-020,593,1.1263749067514597,1.2706472215919324,11.354238406134554,2.89535412823067,3.281873299441771,3.051349724629029
fold1_seed17_easy,union_oracle,ADE_vs_CV,easy,eu-locality-048,1582,1.4630298084748465,1.7551327263969017,16.642782253950163,2.7856124866279623,3.2751954476690037,3.2298308573246963
fold1_seed17_easy,union_oracle,ADE_vs_CV,easy,eu-locality-067,1219,1.457451768365678,1.6528940070695597,11.824245103918319,2.9350513005212515,3.250301056909791,3.222473275402277
fold1_seed17_easy,union_oracle,ADE_vs_CV,easy,eu-locality-074,17048,1.7005770481749847,2.0239574238081066,15.977627386285477,3.023948553223389,3.347268721823223,3.3016095862663026
fold1_seed17_easy,union_oracle,ADE_vs_CV,easy,eu-locality-082,513,1.3635930507315592,1.6221340438704122,15.938324833006657,2.7012301393781466,3.1019714340242155,3.137173321764387
fold1_seed17_easy,union_oracle,ADE_vs_CV,easy,eu-locality-112,571,1.779428145212428,2.110763890677913,15.697432902316233,2.989410537156318,3.17525183991918,3.3318797717711783
fold1_seed17_easy,union_oracle,ADE_vs_CV,easy,eu-locality-126,2160,1.2060242529882665,1.4931553251754432,19.22981938623427,2.630110322588133,3.075190938285168,3.15811922069773
fold1_seed17_easy,union_oracle,ADE_vs_CV,hard,eu-locality-008,28100,48.26700628219676,60.74188321281993,20.537520851823498,109.9755453930309,181.86170715951528,138.48767980783674
fold1_seed17_easy,union_oracle,ADE_vs_CV,hard,eu-locality-020,30,39.011187569482445,43.81825835804657,10.970474338082358,59.022210599910814,65.32265319399764,64.04793996418368
fold1_seed17_easy,union_oracle,ADE_vs_CV,hard,eu-locality-048,2478,51.42620694829317,63.88573915651315,19.502837992835097,112.94423551616978,185.3158272090657,138.97729297348553
fold1_seed17_easy,union_oracle,ADE_vs_CV,hard,eu-locality-067,2296,51.38967854013779,65.07172046247634,21.026095245519617,119.09062751142979,180.78884660848453,143.40335944857748
fold1_seed17_easy,union_oracle,ADE_vs_CV,hard,eu-locality-074,19310,46.32703049940113,60.351879335065945,23.23846248068041,107.48505423869719,186.29577463872113,136.81762092091788
fold1_seed17_easy,union_oracle,ADE_vs_CV,hard,eu-locality-082,184,45.357255634949695,55.75797833667997,18.65333538265722,103.76389729581066,176.89632495568267,112.9711774505625
fold1_seed17_easy,union_oracle,ADE_vs_CV,hard,eu-locality-112,1153,55.49033827657531,70.01758802603055,20.748000836667536,139.17071778911446,218.49993663377958,174.675987810338
fold1_seed17_easy,union_oracle,ADE_vs_CV,hard,eu-locality-126,1110,57.33826608465506,74.02161712516786,22.53848495676859,139.25176245575557,219.73738366286378,160.69598223874476
fold1_seed29_all,original_neural,ADE_vs_floor,all,eu-locality-008,157961,17.573781989017892,17.468989600658922,-0.5998766428655822,62.77603700243614,128.7649203792869,61.24495636887375
fold1_seed29_all,original_neural,ADE_vs_floor,all,eu-locality-020,1225,6.445375571966764,6.406913033691551,-0.6003287085832643,20.950455289077674,42.958840384020256,20.644745075118987
fold1_seed29_all,original_neural,ADE_vs_floor,all,eu-locality-048,8058,25.929898121114586,25.197379471305773,-2.907122348349711,87.89901517833607,156.15820240975742,85.90762156520124
fold1_seed29_all,original_neural,ADE_vs_floor,all,eu-locality-067,6903,27.67764351716487,27.390620927811216,-1.0478863918788495,91.12459467455416,163.64624188938356,88.65930359656943
fold1_seed29_all,original_neural,ADE_vs_floor,all,eu-locality-074,102348,18.99982799355263,18.643656085220975,-1.9104187864417588,62.9540796176295,130.37024334704023,61.61867548164824
fold1_seed29_all,original_neural,ADE_vs_floor,all,eu-locality-082,1368,13.248252001700834,13.32673464520734,0.5889112794388085,51.63995873727773,100.33835734515218,51.33307131828658
fold1_seed29_all,original_neural,ADE_vs_floor,all,eu-locality-112,5004,23.753580995740084,23.654705492525167,-0.41799507183111206,84.24891982432871,184.63921224037153,83.55800123644538
fold1_seed29_all,original_neural,ADE_vs_floor,all,eu-locality-126,5790,19.211152237011305,18.78017666708011,-2.294843001592506,85.3345761669921,154.13705580720486,82.70914875351129
fold1_seed29_all,original_neural,ADE_vs_floor,easy,eu-locality-008,39889,1.5804837661831912,1.7239712752933483,8.323080040051211,3.0335097729540506,3.425892492778589,3.105562241140559
fold1_seed29_all,original_neural,ADE_vs_floor,easy,eu-locality-020,593,1.215634430845804,1.2554408771118204,3.1707145268037085,3.0318566298574696,3.376951708691113,3.0442506244225767
fold1_seed29_all,original_neural,ADE_vs_floor,easy,eu-locality-048,1582,1.6031730053871185,1.6912168937183638,5.205948962446161,3.14179319466285,4.281862610793708,3.078837509497214
fold1_seed29_all,original_neural,ADE_vs_floor,easy,eu-locality-067,1219,1.5583159321522697,1.604267860679566,2.8643551151009805,3.1480528988953496,3.4888265653255197,3.1221577746709257
fold1_seed29_all,original_neural,ADE_vs_floor,easy,eu-locality-074,17048,1.8942758619238784,2.0150773261529302,5.994879832213639,3.2969132676811963,4.848409590836666,3.3305987055351305
fold1_seed29_all,original_neural,ADE_vs_floor,easy,eu-locality-082,513,1.4746877068657605,1.5525560397603957,5.015492574854341,2.9439450537389367,3.3884970700088544,2.9984720219030083
fold1_seed29_all,original_neural,ADE_vs_floor,easy,eu-locality-112,571,1.9364709554121529,2.0165811470589508,3.9725746600196676,3.3299895528145935,4.095984896564016,3.178153114730163
fold1_seed29_all,original_neural,ADE_vs_floor,easy,eu-locality-126,2160,1.3274127351138967,1.4127470894303247,6.040313581593582,2.8948011931866517,3.572254891653019,2.9658956351988905
fold1_seed29_all,original_neural,ADE_vs_floor,hard,eu-locality-008,28100,59.20715387794917,57.64722234882071,-2.7059959969786274,134.84298556764637,226.42865151045038,133.26205589400334
fold1_seed29_all,original_neural,ADE_vs_floor,hard,eu-locality-020,30,43.81825835804657,42.24365929490159,-3.72742108384303,64.04793996418368,69.65016417684733,64.72063289570352
fold1_seed29_all,original_neural,ADE_vs_floor,hard,eu-locality-048,2478,61.904991906385455,60.095303775606894,-3.0113636458779736,131.3036714713954,215.9372731220156,129.88669741957895
fold1_seed29_all,original_neural,ADE_vs_floor,hard,eu-locality-067,2296,61.703389611366404,61.34306811704575,-0.5873874675344615,142.08782544894174,211.98572422895387,138.2806398719763
fold1_seed29_all,original_neural,ADE_vs_floor,hard,eu-locality-074,19310,57.85937618787942,56.92156698949112,-1.6475463484015407,133.48435978127176,237.55983269666427,130.0314063047894
fold1_seed29_all,original_neural,ADE_vs_floor,hard,eu-locality-082,184,54.56393071793544,54.41238671377224,-0.27851012116115736,108.5489701099125,199.45076524670506,111.15642414153585
fold1_seed29_all,original_neural,ADE_vs_floor,hard,eu-locality-112,1153,68.70095007027055,67.42966883057493,-1.8853440358573836,174.11760278258583,312.16727648534334,171.97692338953817
fold1_seed29_all,original_neural,ADE_vs_floor,hard,eu-locality-126,1110,72.6476763532137,70.01648649782399,-3.757957571137882,159.04574845723522,237.31079754913677,152.55973722899552
fold1_seed29_all,original_neural,ADE_vs_floor,complete,eu-locality-008,97352,15.866381401754,15.770171126435711,-0.6100775606487252,58.270248184041925,117.6601542870258,56.394451458517665
fold1_seed29_all,original_neural,ADE_vs_floor,complete,eu-locality-020,364,6.845836866980675,6.757290231477205,-1.3103867448374107,22.937980186983854,49.70629992513765,22.682718227503177
fold1_seed29_all,original_neural,ADE_vs_floor,complete,eu-locality-048,4716,25.95085806515227,24.905169277151636,-4.198681712876229,90.64463261336981,158.47641501717695,88.06005689575474
fold1_seed29_all,original_neural,ADE_vs_floor,complete,eu-locality-067,3417,28.475133963386817,28.19998534332922,-0.9757048335583107,90.5279196828181,163.4844511858883,87.81611306924334
fold1_seed29_all,original_neural,ADE_vs_floor,complete,eu-locality-074,67309,18.646071061460635,18.192856636298394,-2.4911669136005177,61.2823759940772,129.14373685387272,59.67960932016846
fold1_seed29_all,original_neural,ADE_vs_floor,complete,eu-locality-082,582,10.03102009703136,10.072259719049734,0.4094376353339757,48.19172118275565,84.83714106028322,46.30650206106486
fold1_seed29_all,original_neural,ADE_vs_floor,complete,eu-locality-112,2417,19.93672334058143,19.949230009984944,0.0626924918769034,69.68715616447264,171.1830006493205,68.16569900614174
fold1_seed29_all,original_neural,ADE_vs_floor,complete,eu-locality-126,3637,18.778767252761174,18.324033257939625,-2.4816261159344766,83.55127912848953,162.307804100816,79.33620099124832
fold1_seed29_all,original_neural,ADE_vs_floor,partial,eu-locality-008,60609,20.316260201351287,20.197682964723302,-0.5870833641417716,69.78864592239637,147.1272318065007,69.15735156982349
fold1_seed29_all,original_neural,ADE_vs_floor,partial,eu-locality-020,861,6.276074861879582,6.258786088286235,-0.2762320576142452,19.65836635238612,40.11869080861428,19.65836635238612
fold1_seed29_all,original_neural,ADE_vs_floor,partial,eu-locality-048,3342,25.90032089308295,25.609726352104968,-1.1347038112888619,81.26672282118157,152.68116582599404,83.3801782051998
fold1_seed29_all,original_neural,ADE_vs_floor,partial,eu-locality-067,3486,26.895938165833723,26.59727663411501,-1.1229026784480567,92.09052105965576,163.83970721629203,89.64246435426605
fold1_seed29_all,original_neural,ADE_vs_floor,partial,eu-locality-074,35039,19.679385781793727,19.509630003070516,-0.8701127530173158,65.74479045248543,133.4162982243513,65.43688782140919
fold1_seed29_all,original_neural,ADE_vs_floor,partial,eu-locality-082,786,15.630477152486627,15.736536689766789,0.673970006050506,54.22413936680799,102.3730102006377,53.906912473240496
fold1_seed29_all,original_neural,ADE_vs_floor,partial,eu-locality-112,2587,27.319620791843086,27.116682392911603,-0.7483894821312287,98.56400467103042,197.23458912134922,97.4616852187702
fold1_seed29_all,original_neural,ADE_vs_floor,partial,eu-locality-126,2153,19.941567558756656,19.550726401889197,-1.9991132238937892,86.85407428116426,149.32359671746252,85.3688280516796
fold1_seed29_all,original_neural,ADE_vs_floor,endpoint,eu-locality-008,121088,17.454531253862484,17.351037394539063,-0.5964707295022853,64.00016487995482,130.47073023453157,62.15773207968107
fold1_seed29_all,original_neural,ADE_vs_floor,endpoint,eu-locality-020,622,7.062621299876653,7.036192197870345,-0.37561654461781835,24.71885080614361,41.43936474820229,23.162697824857958
fold1_seed29_all,original_neural,ADE_vs_floor,endpoint,eu-locality-048,5582,26.675513862800212,25.72253705107401,-3.7048321082558733,92.2162939809588,163.6659403065756,89.41600402170631
fold1_seed29_all,original_neural,ADE_vs_floor,endpoint,eu-locality-067,4600,28.921210357470667,28.53430341534545,-1.3559361744122533,91.12917856725983,171.64677780644087,89.30520850524337
fold1_seed29_all,original_neural,ADE_vs_floor,endpoint,eu-locality-074,81289,19.634293254162394,19.20351884399834,-2.2432056003042655,64.49453951865381,136.50775271540428,63.31527634673826
fold1_seed29_all,original_neural,ADE_vs_floor,endpoint,eu-locality-082,859,11.810966498915638,11.916340993982843,0.8842856638662244,51.856853750618754,100.93852753980698,51.50337092564544
fold1_seed29_all,original_neural,ADE_vs_floor,endpoint,eu-locality-112,3719,23.867933563339662,23.750696293382873,-0.49361613869591814,85.39532001408166,190.7905379998893,84.29381688871625
fold1_seed29_all,original_neural,ADE_vs_floor,endpoint,eu-locality-126,4579,18.795465763410235,18.36006236095048,-2.371470172050194,83.5320620477905,154.0921772448045,79.75066184792317
fold1_seed29_all,original_neural,ADE_vs_floor,easy_complete,eu-locality-008,28571,1.5384119731948558,1.7006011712760019,9.537168433175403,2.915288749161196,3.4052024531209923,3.054438740188515
fold1_seed29_all,original_neural,ADE_vs_floor,easy_complete,eu-locality-020,178,1.2895516400868061,1.3342823947266502,3.352420358436037,2.9413926168960103,3.3588222239648715,2.9829517203101314
fold1_seed29_all,original_neural,ADE_vs_floor,easy_complete,eu-locality-048,1146,1.565864589278402,1.6706141818740419,6.270124708155844,3.0118125913078693,4.1688845711891025,3.0060318810623277
fold1_seed29_all,original_neural,ADE_vs_floor,easy_complete,eu-locality-067,551,1.606020504012758,1.6658742329177891,3.592932030660978,3.154134625139743,3.587596009611377,3.089622175604263
fold1_seed29_all,original_neural,ADE_vs_floor,easy_complete,eu-locality-074,11433,1.8556858604919835,2.004272978887083,7.4135170189045585,3.2614635958899028,5.481553429275932,3.3259751873369785
fold1_seed29_all,original_neural,ADE_vs_floor,easy_complete,eu-locality-082,284,1.3706369728500534,1.4655555878059554,6.476630142566087,2.8239457171834896,3.3013223045443247,2.854845527349549
fold1_seed29_all,original_neural,ADE_vs_floor,easy_complete,eu-locality-112,330,1.8613751773192697,1.9656906728610462,5.306811340257623,3.307797776755602,4.125609070803872,3.1704725731684187
fold1_seed29_all,original_neural,ADE_vs_floor,easy_complete,eu-locality-126,1425,1.3579231820361175,1.4470061590423189,6.156364743130027,2.8756631619895585,3.600729457944358,2.9533926629715967
fold1_seed29_all,original_neural,ADE_vs_floor,hard_complete,eu-locality-008,16020,57.11156847994119,55.18006053782985,-3.500373003011026,125.52956920837092,216.80943589759812,123.48470720304141
fold1_seed29_all,original_neural,ADE_vs_floor,hard_complete,eu-locality-020,12,43.781301733230265,42.28702628985959,-3.5336498554616957,62.9047951209938,66.68741576262705,62.46425208392078
fold1_seed29_all,original_neural,ADE_vs_floor,hard_complete,eu-locality-048,1483,63.3877640027067,60.53509501144295,-4.712421762490848,133.18605442676267,211.69582460359797,128.6824664856046
fold1_seed29_all,original_neural,ADE_vs_floor,hard_complete,eu-locality-067,1231,58.89908305816654,58.89663226011281,-0.004161185384776722,141.46541751520306,208.1196815417212,131.7398144105738
fold1_seed29_all,original_neural,ADE_vs_floor,hard_complete,eu-locality-074,12476,57.20346157407727,56.02785784800246,-2.098248569959771,132.46713907142777,238.25106308304493,128.03388521052315
fold1_seed29_all,original_neural,ADE_vs_floor,hard_complete,eu-locality-082,57,55.195567162251685,53.90318389206825,-2.397600989157178,102.83952339325579,125.27330700637128,111.63859838617915
fold1_seed29_all,original_neural,ADE_vs_floor,hard_complete,eu-locality-112,449,66.70362886718553,65.0340778074704,-2.5671941788084407,173.88700765967042,316.334053662744,172.23780707090177
fold1_seed29_all,original_neural,ADE_vs_floor,hard_complete,eu-locality-126,695,72.47759583899938,69.47639530977948,-4.319741281680245,166.0065211709221,236.54700954561608,153.38521719022407
fold1_seed29_all,original_neural,FDE_vs_floor,all,eu-locality-008,121088,34.65876993933037,34.13233897520592,-1.5423231455273356,135.2258031551839,274.64150508419556,129.81114606818645
fold1_seed29_all,original_neural,FDE_vs_floor,all,eu-locality-020,622,14.470446318269923,14.365172239098978,-0.7328424429497105,54.90812841715668,99.18086841907973,50.3975578298127
fold1_seed29_all,original_neural,FDE_vs_floor,all,eu-locality-048,5582,57.29584670668422,54.24459491837431,-5.6249876930620335,212.05503779877273,349.9775806497874,201.83937703662744
fold1_seed29_all,original_neural,FDE_vs_floor,all,eu-locality-067,4600,60.431363112295664,58.79285143425324,-2.7869233045699993,203.09808019544076,391.3648137358953,196.09432617203103
fold1_seed29_all,original_neural,FDE_vs_floor,all,eu-locality-074,81289,39.518185698103565,38.00246535158953,-3.9884789907469465,135.00163437416214,279.8851345485658,130.777031162351
fold1_seed29_all,original_neural,FDE_vs_floor,all,eu-locality-082,859,24.466780660383073,24.63929931973401,0.7001768074336612,112.62203890720869,229.79762677801716,112.62203890720869
fold1_seed29_all,original_neural,FDE_vs_floor,all,eu-locality-112,3719,46.10661145252965,45.66397271089702,-0.969339098976385,175.18580342715,420.67114394082915,168.38951928167873
fold1_seed29_all,original_neural,FDE_vs_floor,all,eu-locality-126,4579,38.73934973119108,37.37550626098104,-3.649030091222749,183.83778003386632,367.4904107537943,173.34695827803273
fold1_seed29_all,original_neural,FDE_vs_floor,easy,eu-locality-008,32900,2.391055611447719,2.8234351673843894,15.313953758577847,5.415113912810876,8.724847880381118,5.775768148648531
fold1_seed29_all,original_neural,FDE_vs_floor,easy,eu-locality-020,290,2.145535910563623,2.25558902007044,4.879129510187996,5.478615425044672,8.117093400465636,5.640954657510774
fold1_seed29_all,original_neural,FDE_vs_floor,easy,eu-locality-048,1250,2.5235148747714726,2.8558171408391178,11.635978414570536,5.849215830191735,10.52606644101805,5.919185162009951
fold1_seed29_all,original_neural,FDE_vs_floor,easy,eu-locality-067,734,2.5808179737046273,2.7317654408802854,5.525637923255111,6.23312544386864,11.348535687647935,6.143109259261241
fold1_seed29_all,original_neural,FDE_vs_floor,easy,eu-locality-074,12940,3.2248330578352005,3.598382378294028,10.381034620226359,7.664224384951015,14.45735463732287,7.901761359730235
fold1_seed29_all,original_neural,FDE_vs_floor,easy,eu-locality-082,391,2.229149965229731,2.454382568823717,9.176752086449614,5.343099856732405,7.366825584227724,5.4370479440029476
fold1_seed29_all,original_neural,FDE_vs_floor,easy,eu-locality-112,423,3.04791440214406,3.3845202408739916,9.945452081060957,7.804349525045729,11.803790997218107,7.494707965226553
fold1_seed29_all,original_neural,FDE_vs_floor,easy,eu-locality-126,1768,2.0848395762425826,2.366221388518605,11.891609704879901,5.090514464761683,7.6421237862853,5.213971288922478
fold1_seed29_all,original_neural,FDE_vs_floor,hard,eu-locality-008,22002,122.2737635970066,116.64738390709066,-4.8234083795632765,285.38132051483467,486.498668670224,279.63763643970583
fold1_seed29_all,original_neural,FDE_vs_floor,hard,eu-locality-020,18,89.28776442359735,86.6435394127926,-3.0518432519324623,117.3151892488592,125.35412109059021,117.3151892488592
fold1_seed29_all,original_neural,FDE_vs_floor,hard,eu-locality-048,1769,140.52123213347883,132.414428681487,-6.122296136995864,304.7134971146412,448.4858438455082,293.56265861382957
fold1_seed29_all,original_neural,FDE_vs_floor,hard,eu-locality-067,1633,129.25106783672805,126.78609220408958,-1.9442003375816252,307.8730025075438,451.31987681449226,292.89822644705276
fold1_seed29_all,original_neural,FDE_vs_floor,hard,eu-locality-074,16042,118.12780687927825,114.35734910461873,-3.297083925240485,280.8489217091658,485.7169939675684,271.1113747613811
fold1_seed29_all,original_neural,FDE_vs_floor,hard,eu-locality-082,103,125.64597002681438,124.50535325844282,-0.916118655560072,281.3527280910841,384.9003515886814,277.93782304116826
fold1_seed29_all,original_neural,FDE_vs_floor,hard,eu-locality-112,847,140.9080712481865,136.4151601995013,-3.293556993309643,385.8889937020062,625.456663177057,387.3095468654183
fold1_seed29_all,original_neural,FDE_vs_floor,hard,eu-locality-126,868,154.46551945095177,145.97932069081295,-5.813288293149932,381.7058653169035,548.6473968982699,362.11048170639896
fold1_seed29_all,original_neural,FDE_vs_floor,complete,eu-locality-008,97352,31.578697261436634,31.077436498255736,-1.6129411549405948,124.39358604399766,246.6763598542141,118.85840798116594
fold1_seed29_all,original_neural,FDE_vs_floor,complete,eu-locality-020,364,14.26866948816732,13.952963756066742,-2.2626428163931234,60.48854007170671,104.22276055606251,56.33740351154471
fold1_seed29_all,original_neural,FDE_vs_floor,complete,eu-locality-048,4716,56.17359733971564,52.85642341176441,-6.275819879278699,209.55686478896445,339.765655128236,197.83802462557355
fold1_seed29_all,original_neural,FDE_vs_floor,complete,eu-locality-067,3417,59.9639996204316,58.599991471196795,-2.327659296512441,199.7660199289069,394.5902657386637,190.15693082645632
fold1_seed29_all,original_neural,FDE_vs_floor,complete,eu-locality-074,67309,37.61817160109075,36.01980029196504,-4.437479653329057,128.0432617508999,264.637855042462,123.42573599139313
fold1_seed29_all,original_neural,FDE_vs_floor,complete,eu-locality-082,582,19.96403593551626,19.975508120671154,0.05743125574373398,100.29983955393124,192.66900923239703,100.71659883440256
fold1_seed29_all,original_neural,FDE_vs_floor,complete,eu-locality-112,2417,37.95517321520226,37.82214160286299,-0.35172945449815085,138.77108723077274,359.9272270213915,129.96009353788176
fold1_seed29_all,original_neural,FDE_vs_floor,complete,eu-locality-126,3637,38.94238470947735,37.530012699891266,-3.763313433651394,184.64280308512886,381.72102862533023,173.03064763710094
fold1_seed29_all,original_neural,FDE_vs_floor,partial,eu-locality-008,23736,47.291531792140944,46.6618665255958,-1.349421515746152,179.83492658587733,357.80561278141306,174.2060188957321
fold1_seed29_all,original_neural,FDE_vs_floor,partial,eu-locality-020,258,14.755123706476697,14.946737695780119,1.2819786712221504,50.52160752263893,80.91138501947854,48.995983895651484
fold1_seed29_all,original_neural,FDE_vs_floor,partial,eu-locality-048,866,63.40731092680413,61.80419864259175,-2.593856597806621,230.94209477504887,390.31304012535855,226.50797878652108
fold1_seed29_all,original_neural,FDE_vs_floor,partial,eu-locality-067,1183,61.78130482970862,59.34991186854226,-4.096708629579426,210.32556433996805,382.8200148978525,206.57636008729673
fold1_seed29_all,original_neural,FDE_vs_floor,partial,eu-locality-074,13980,48.66611480080996,47.54833105246688,-2.3508369770322,166.92271697669216,341.84988196647726,164.0443203849563
fold1_seed29_all,original_neural,FDE_vs_floor,partial,eu-locality-082,277,33.927421201438975,34.43831187516572,1.483495113171207,135.9362830544737,306.9106299306018,146.71054103169644
fold1_seed29_all,original_neural,FDE_vs_floor,partial,eu-locality-112,1302,61.238736045171954,60.22135042834578,-1.6894101669751027,239.28223387774506,485.4941194884967,229.97070745286433
fold1_seed29_all,original_neural,FDE_vs_floor,partial,eu-locality-126,942,37.95544504326415,36.77896706956229,-3.1987792682614202,181.50841831081897,323.58180657766553,173.31879895941634
fold1_seed29_all,original_neural,FDE_vs_floor,endpoint,eu-locality-008,121088,34.65876993933037,34.13233897520592,-1.5423231455273356,135.2258031551839,274.64150508419556,129.81114606818645
fold1_seed29_all,original_neural,FDE_vs_floor,endpoint,eu-locality-020,622,14.470446318269923,14.365172239098978,-0.7328424429497105,54.90812841715668,99.18086841907973,50.3975578298127
fold1_seed29_all,original_neural,FDE_vs_floor,endpoint,eu-locality-048,5582,57.29584670668422,54.24459491837431,-5.6249876930620335,212.05503779877273,349.9775806497874,201.83937703662744
fold1_seed29_all,original_neural,FDE_vs_floor,endpoint,eu-locality-067,4600,60.431363112295664,58.79285143425324,-2.7869233045699993,203.09808019544076,391.3648137358953,196.09432617203103
fold1_seed29_all,original_neural,FDE_vs_floor,endpoint,eu-locality-074,81289,39.518185698103565,38.00246535158953,-3.9884789907469465,135.00163437416214,279.8851345485658,130.777031162351
fold1_seed29_all,original_neural,FDE_vs_floor,endpoint,eu-locality-082,859,24.466780660383073,24.63929931973401,0.7001768074336612,112.62203890720869,229.79762677801716,112.62203890720869
fold1_seed29_all,original_neural,FDE_vs_floor,endpoint,eu-locality-112,3719,46.10661145252965,45.66397271089702,-0.969339098976385,175.18580342715,420.67114394082915,168.38951928167873
fold1_seed29_all,original_neural,FDE_vs_floor,endpoint,eu-locality-126,4579,38.73934973119108,37.37550626098104,-3.649030091222749,183.83778003386632,367.4904107537943,173.34695827803273
fold1_seed29_all,original_neural,FDE_vs_floor,easy_complete,eu-locality-008,28571,2.349830315502037,2.782781643090656,15.558221345307132,5.317541738847656,8.366519640160355,5.6985873849397635
fold1_seed29_all,original_neural,FDE_vs_floor,easy_complete,eu-locality-020,178,2.0919992095040167,2.211361003046828,5.397662045154705,5.259357878674395,7.634992483488128,5.486303503667565
fold1_seed29_all,original_neural,FDE_vs_floor,easy_complete,eu-locality-048,1146,2.5036503160996317,2.807447167202056,10.821106614276655,5.770296683465686,10.11637273275381,5.780711599696689
fold1_seed29_all,original_neural,FDE_vs_floor,easy_complete,eu-locality-067,551,2.601738675278194,2.7693074028299165,6.05092549062941,6.991774800327287,11.32168089278123,6.392443675150393
fold1_seed29_all,original_neural,FDE_vs_floor,easy_complete,eu-locality-074,11433,3.220237018250834,3.586387040419569,10.209439696332911,7.560087084281266,14.37453572892406,7.73953925233751
fold1_seed29_all,original_neural,FDE_vs_floor,easy_complete,eu-locality-082,284,2.1311851897446763,2.3563277094514303,9.55480508096086,5.264413290673685,7.417123426376087,5.190976484991077
fold1_seed29_all,original_neural,FDE_vs_floor,easy_complete,eu-locality-112,330,2.95736962149307,3.3098430862527874,10.649249996886335,7.588462408399375,11.791992696656827,7.551585216917998
fold1_seed29_all,original_neural,FDE_vs_floor,easy_complete,eu-locality-126,1425,2.1216506051373774,2.384409759100131,11.019882508026557,5.245803445771886,7.7247201110768735,5.2241063848355145
fold1_seed29_all,original_neural,FDE_vs_floor,hard_complete,eu-locality-008,16020,118.0306110290617,111.8743472768712,-5.502837694288143,267.0815172719713,461.68230863683704,261.2935084078621
fold1_seed29_all,original_neural,FDE_vs_floor,hard_complete,eu-locality-020,12,91.67652097939975,87.37594685707455,-4.921919907042471,118.43938924577421,125.57896108997323,114.97266727663688
fold1_seed29_all,original_neural,FDE_vs_floor,hard_complete,eu-locality-048,1483,140.14259877504543,131.103787636715,-6.894393595535719,302.33861818549514,443.1684100996526,291.60438303435143
fold1_seed29_all,original_neural,FDE_vs_floor,hard_complete,eu-locality-067,1231,125.66701051972082,124.14546396928503,-1.225615903946542,298.62985545828053,450.3860621876974,289.2452535549718
fold1_seed29_all,original_neural,FDE_vs_floor,hard_complete,eu-locality-074,12476,116.08332189729451,111.96881927109438,-3.6746860893819733,272.5438458406067,470.2301997786161,262.44471043033894
fold1_seed29_all,original_neural,FDE_vs_floor,hard_complete,eu-locality-082,57,116.04272119006353,112.23735093617965,-3.39046691867102,236.13883358876924,286.26188004496146,239.5686582808639
fold1_seed29_all,original_neural,FDE_vs_floor,hard_complete,eu-locality-112,449,132.42792212936033,127.5034119469149,-3.8622575719744034,377.56725978623444,593.1207759351969,387.5177952946917
fold1_seed29_all,original_neural,FDE_vs_floor,hard_complete,eu-locality-126,695,155.84861012526497,147.0628375317764,-5.974162297521413,386.522648619538,556.109882484235,368.7116566311405
fold1_seed29_all,original_neural,ADE_vs_CV,all,eu-locality-008,157961,17.573781989017892,18.214515006924465,3.5177056191888267,62.77603700243614,128.7649203792869,63.9700524103003
fold1_seed29_all,original_neural,ADE_vs_CV,all,eu-locality-020,1225,6.445375571966764,6.529874789510041,1.2940403953690116,20.950455289077674,42.958840384020256,21.020763749430696
fold1_seed29_all,original_neural,ADE_vs_CV,all,eu-locality-048,8058,25.929898121114586,26.698045849916497,2.877168363257987,87.89901517833607,156.15820240975742,89.55098636922551
fold1_seed29_all,original_neural,ADE_vs_CV,all,eu-locality-067,6903,27.67764351716487,29.011553933538778,4.597859250937408,91.12459467455416,163.64624188938356,93.29868317030169
fold1_seed29_all,original_neural,ADE_vs_CV,all,eu-locality-074,102348,18.99982799355263,19.761464600296893,3.85415060143276,62.9540796176295,130.37024334704023,64.81408896393752
fold1_seed29_all,original_neural,ADE_vs_CV,all,eu-locality-082,1368,13.248252001700834,13.688548886436024,3.2165344068828206,51.63995873727773,100.33835734515218,51.85945295918717
fold1_seed29_all,original_neural,ADE_vs_CV,all,eu-locality-112,5004,23.753580995740084,24.679682084525158,3.752483867552592,84.24891982432871,184.63921224037153,86.2710070848162
fold1_seed29_all,original_neural,ADE_vs_CV,all,eu-locality-126,5790,19.211152237011305,19.860903597678185,3.2715095638591096,85.3345761669921,154.13705580720486,86.5533275336093
fold1_seed29_all,original_neural,ADE_vs_CV,easy,eu-locality-008,39889,1.5804837661831912,1.791172498853141,11.762615426758193,3.0335097729540506,3.425892492778589,3.2504176960159774
fold1_seed29_all,original_neural,ADE_vs_CV,easy,eu-locality-020,593,1.215634430845804,1.2706472215919324,4.32950938791693,3.0318566298574696,3.376951708691113,3.051349724629029
fold1_seed29_all,original_neural,ADE_vs_CV,easy,eu-locality-048,1582,1.6031730053871185,1.7551327263969017,8.65801877683291,3.14179319466285,4.281862610793708,3.2298308573246963
fold1_seed29_all,original_neural,ADE_vs_CV,easy,eu-locality-067,1219,1.5583159321522697,1.6528940070695597,5.721968529910082,3.1480528988953496,3.4888265653255197,3.222473275402277
fold1_seed29_all,original_neural,ADE_vs_CV,easy,eu-locality-074,17048,1.8942758619238784,2.0239574238081066,6.407326575093187,3.2969132676811963,4.848409590836666,3.3016095862663026
fold1_seed29_all,original_neural,ADE_vs_CV,easy,eu-locality-082,513,1.4746877068657605,1.6221340438704122,9.089651842386882,2.9439450537389367,3.3884970700088544,3.137173321764387
fold1_seed29_all,original_neural,ADE_vs_CV,easy,eu-locality-112,571,1.9364709554121529,2.110763890677913,8.257339252178642,3.3299895528145935,4.095984896564016,3.3318797717711783
fold1_seed29_all,original_neural,ADE_vs_CV,easy,eu-locality-126,2160,1.3274127351138967,1.4931553251754432,11.10015731565449,2.8948011931866517,3.572254891653019,3.15811922069773
fold1_seed29_all,original_neural,ADE_vs_CV,hard,eu-locality-008,28100,59.20715387794917,60.74188321281993,2.526641015546993,134.84298556764637,226.42865151045038,138.48767980783674
fold1_seed29_all,original_neural,ADE_vs_CV,hard,eu-locality-020,30,43.81825835804657,43.81825835804657,0.0,64.04793996418368,69.65016417684733,64.04793996418368
fold1_seed29_all,original_neural,ADE_vs_CV,hard,eu-locality-048,2478,61.904991906385455,63.88573915651315,3.100452896498662,131.3036714713954,215.9372731220156,138.97729297348553
fold1_seed29_all,original_neural,ADE_vs_CV,hard,eu-locality-067,2296,61.703389611366404,65.07172046247634,5.176335936979381,142.08782544894174,211.98572422895387,143.40335944857748
fold1_seed29_all,original_neural,ADE_vs_CV,hard,eu-locality-074,19310,57.85937618787942,60.351879335065945,4.129951170780388,133.48435978127176,237.55983269666427,136.81762092091788
fold1_seed29_all,original_neural,ADE_vs_CV,hard,eu-locality-082,184,54.56393071793544,55.75797833667997,2.1414829847929306,108.5489701099125,199.45076524670506,112.9711774505625
fold1_seed29_all,original_neural,ADE_vs_CV,hard,eu-locality-112,1153,68.70095007027055,70.01758802603055,1.880438890969094,174.11760278258583,312.16727648534334,174.675987810338
fold1_seed29_all,original_neural,ADE_vs_CV,hard,eu-locality-126,1110,72.6476763532137,74.02161712516786,1.8561344986977035,159.04574845723522,237.31079754913677,160.69598223874476
fold1_seed29_all,rebased_neural,ADE_vs_floor,all,eu-locality-008,157961,17.126274915239073,17.468989600658922,1.9618460669695637,60.89195123777868,125.29236447650565,61.24495636887375
fold1_seed29_all,rebased_neural,ADE_vs_floor,all,eu-locality-020,1225,6.36698130586365,6.406913033691551,0.6232600258176624,20.644745075118987,41.37090371937323,20.644745075118987
fold1_seed29_all,rebased_neural,ADE_vs_floor,all,eu-locality-048,8058,24.93769805949802,25.197379471305773,1.0305889630446319,85.06879194800338,147.49292963797856,85.90762156520124
fold1_seed29_all,rebased_neural,ADE_vs_floor,all,eu-locality-067,6903,26.64128130266972,27.390620927811216,2.735752603478403,87.50852732716584,162.16175300496116,88.65930359656943
fold1_seed29_all,rebased_neural,ADE_vs_floor,all,eu-locality-074,102348,18.24443389863199,18.643656085220975,2.1413299235092276,60.59834649927664,125.07932284850563,61.61867548164824
fold1_seed29_all,rebased_neural,ADE_vs_floor,all,eu-locality-082,1368,13.033923008065562,13.32673464520734,2.1971746638407064,51.22294775573245,99.73484298320332,51.33307131828658
fold1_seed29_all,rebased_neural,ADE_vs_floor,all,eu-locality-112,5004,23.048140676091382,23.654705492525167,2.56424590289428,82.7923394941184,180.76834713332667,83.55800123644538
fold1_seed29_all,rebased_neural,ADE_vs_floor,all,eu-locality-126,5790,18.40858734454658,18.78017666708011,1.9786252766455181,82.40885248567646,150.07483758178427,82.70914875351129
fold1_seed29_all,rebased_neural,ADE_vs_floor,easy,eu-locality-008,39889,1.5838590482265413,1.7239712752933483,8.127294756866855,3.0027234166867345,3.563065166120748,3.105562241140559
fold1_seed29_all,rebased_neural,ADE_vs_floor,easy,eu-locality-020,593,1.219580832635222,1.2554408771118204,2.8563706288658897,3.0442506244225767,3.3903539310559054,3.0442506244225767
fold1_seed29_all,rebased_neural,ADE_vs_floor,easy,eu-locality-048,1582,1.6095825885260255,1.6912168937183638,4.826956583484366,3.1196472923268788,4.441435657615753,3.078837509497214
fold1_seed29_all,rebased_neural,ADE_vs_floor,easy,eu-locality-067,1219,1.5486466430869532,1.604267860679566,3.467077970947552,3.121485366245603,3.5212489397264117,3.1221577746709257
fold1_seed29_all,rebased_neural,ADE_vs_floor,easy,eu-locality-074,17048,1.930781277751906,2.0150773261529302,4.183266185717915,3.4130698970060664,6.160911675569738,3.3305987055351305
fold1_seed29_all,rebased_neural,ADE_vs_floor,easy,eu-locality-082,513,1.4576572451988299,1.5525560397603957,6.112423135219736,2.887820884595099,3.26911545439699,2.9984720219030083
fold1_seed29_all,rebased_neural,ADE_vs_floor,easy,eu-locality-112,571,1.9268101821425463,2.0165811470589508,4.451641583941679,3.299782124503549,4.255752822341074,3.178153114730163
fold1_seed29_all,rebased_neural,ADE_vs_floor,easy,eu-locality-126,2160,1.3199153195704478,1.4127470894303247,6.5710112273039805,2.8728685817966744,3.695559072705284,2.9658956351988905
fold1_seed29_all,rebased_neural,ADE_vs_floor,hard,eu-locality-008,28100,56.83147638146868,57.64722234882071,1.4150655211381924,131.1359646788934,219.31746673466262,133.26205589400334
fold1_seed29_all,rebased_neural,ADE_vs_floor,hard,eu-locality-020,30,42.24365929490159,42.24365929490159,0.0,64.72063289570352,69.65016417684733,64.72063289570352
fold1_seed29_all,rebased_neural,ADE_vs_floor,hard,eu-locality-048,2478,59.25572408027086,60.095303775606894,1.3970803749840166,127.04422758145982,211.76191803930743,129.88669741957895
fold1_seed29_all,rebased_neural,ADE_vs_floor,hard,eu-locality-067,2296,59.19532057164399,61.34306811704575,3.5012065932270464,135.56887745505844,210.90005285411442,138.2806398719763
fold1_seed29_all,rebased_neural,ADE_vs_floor,hard,eu-locality-074,19310,55.355050694493514,56.92156698949112,2.752061086594504,127.76315172716821,230.58235529679763,130.0314063047894
fold1_seed29_all,rebased_neural,ADE_vs_floor,hard,eu-locality-082,184,53.558620531614906,54.41238671377224,1.56906585746448,108.5489701099125,199.45076524670506,111.15642414153585
fold1_seed29_all,rebased_neural,ADE_vs_floor,hard,eu-locality-112,1153,66.5156875196819,67.42966883057493,1.3554586975497496,171.97692338953817,282.2924395893853,171.97692338953817
fold1_seed29_all,rebased_neural,ADE_vs_floor,hard,eu-locality-126,1110,69.248182797301,70.01648649782399,1.0973182730996789,152.00775221494612,233.92764609795228,152.55973722899552
fold1_seed29_all,rebased_neural,ADE_vs_floor,complete,eu-locality-008,97352,15.384945499176837,15.770171126435711,2.442748554662899,56.3467267433672,113.29473971095119,56.394451458517665
fold1_seed29_all,rebased_neural,ADE_vs_floor,complete,eu-locality-020,364,6.726468347274376,6.757290231477205,0.4561278729638185,22.937980186983854,46.79046590782053,22.682718227503177
fold1_seed29_all,rebased_neural,ADE_vs_floor,complete,eu-locality-048,4716,24.728120712265284,24.905169277151636,0.7108908312009721,87.74101807758365,146.93892931170916,88.06005689575474
fold1_seed29_all,rebased_neural,ADE_vs_floor,complete,eu-locality-067,3417,27.326254173801594,28.19998534332922,3.0983390909254838,87.38895239599044,161.92239044147067,87.81611306924334
fold1_seed29_all,rebased_neural,ADE_vs_floor,complete,eu-locality-074,67309,17.728169214533864,18.192856636298394,2.5542301083018804,58.37714629534355,123.7434980784548,59.67960932016846
fold1_seed29_all,rebased_neural,ADE_vs_floor,complete,eu-locality-082,582,9.690636195589644,10.072259719049734,3.788857059933859,46.30650206106486,84.83714106028322,46.30650206106486
fold1_seed29_all,rebased_neural,ADE_vs_floor,complete,eu-locality-112,2417,19.163440632534595,19.949230009984944,3.9389458994509963,64.36178786663872,169.05702310244467,68.16569900614174
fold1_seed29_all,rebased_neural,ADE_vs_floor,complete,eu-locality-126,3637,17.858754756759172,18.324033257939625,2.5391707962484356,77.96900135564982,151.52667294605504,79.33620099124832
fold1_seed29_all,rebased_neural,ADE_vs_floor,partial,eu-locality-008,60609,19.92325063357282,20.197682964723302,1.3587317497249507,68.36371317491125,142.2814319494669,69.15735156982349
fold1_seed29_all,rebased_neural,ADE_vs_floor,partial,eu-locality-020,861,6.215003044454237,6.258786088286235,0.6995452986313322,19.497570799148985,38.58557212933781,19.65836635238612
fold1_seed29_all,rebased_neural,ADE_vs_floor,partial,eu-locality-048,3342,25.233439163492523,25.609726352104968,1.4693135859357387,81.26276743958009,147.2620141849548,83.3801782051998
fold1_seed29_all,rebased_neural,ADE_vs_floor,partial,eu-locality-067,3486,25.969866414357153,26.59727663411501,2.358926548717055,87.80543111776299,157.97319996831746,89.64246435426605
fold1_seed29_all,rebased_neural,ADE_vs_floor,partial,eu-locality-074,35039,19.23616481623697,19.509630003070516,1.401693352413702,64.54172120153919,128.47367959114464,65.43688782140919
fold1_seed29_all,rebased_neural,ADE_vs_floor,partial,eu-locality-082,786,15.509486525700405,15.736536689766789,1.44282168651525,53.906912473240496,102.15855402949464,53.906912473240496
fold1_seed29_all,rebased_neural,ADE_vs_floor,partial,eu-locality-112,2587,26.67756472142449,27.116682392911603,1.619363553123676,96.64787203803934,195.79567231670023,97.4616852187702
fold1_seed29_all,rebased_neural,ADE_vs_floor,partial,eu-locality-126,2153,19.337403471709976,19.550726401889197,1.0911253412998811,84.93886854652693,148.2752970211623,85.3688280516796
fold1_seed29_all,rebased_neural,ADE_vs_floor,endpoint,eu-locality-008,121088,16.93366496060169,17.351037394539063,2.40546097876968,61.79384295252156,126.72142442030028,62.15773207968107
fold1_seed29_all,rebased_neural,ADE_vs_floor,endpoint,eu-locality-020,622,6.978618411201618,7.036192197870345,0.8182520466986865,23.162697824857958,41.43936474820229,23.162697824857958
fold1_seed29_all,rebased_neural,ADE_vs_floor,endpoint,eu-locality-048,5582,25.477085461657392,25.72253705107401,0.9542277611623406,88.56600104232274,154.03953063145013,89.41600402170631
fold1_seed29_all,rebased_neural,ADE_vs_floor,endpoint,eu-locality-067,4600,27.654278556661815,28.53430341534545,3.0840944174244878,88.06907381409317,164.6074327332223,89.30520850524337
fold1_seed29_all,rebased_neural,ADE_vs_floor,endpoint,eu-locality-074,81289,18.737996389854057,19.20351884399834,2.4241518334530143,62.012450218196435,131.31761342709092,63.31527634673826
fold1_seed29_all,rebased_neural,ADE_vs_floor,endpoint,eu-locality-082,859,11.524351272052613,11.916340993982843,3.289514139685712,51.355630721198295,100.41608227125427,51.50337092564544
fold1_seed29_all,rebased_neural,ADE_vs_floor,endpoint,eu-locality-112,3719,23.030356252448918,23.750696293382873,3.0329217806327913,83.95501774938587,188.53836485607965,84.29381688871625
fold1_seed29_all,rebased_neural,ADE_vs_floor,endpoint,eu-locality-126,4579,17.913820208482242,18.36006236095048,2.4305045576388573,79.30464041972239,149.97754319008695,79.75066184792317
fold1_seed29_all,rebased_neural,ADE_vs_floor,easy_complete,eu-locality-008,28571,1.5371692283240093,1.7006011712760019,9.610245230477277,2.879479424304198,3.4269379080260025,3.054438740188515
fold1_seed29_all,rebased_neural,ADE_vs_floor,easy_complete,eu-locality-020,178,1.2816597244089376,1.3342823947266502,3.9438930263704264,2.9307710524196477,3.3588222239648715,2.9829517203101314
fold1_seed29_all,rebased_neural,ADE_vs_floor,easy_complete,eu-locality-048,1146,1.5600347627637152,1.6706141818740419,6.619087776824816,2.9884475129145818,4.242083881157636,3.0060318810623277
fold1_seed29_all,rebased_neural,ADE_vs_floor,easy_complete,eu-locality-067,551,1.5924831652839135,1.6658742329177891,4.405558726082859,3.088039121240978,3.7202189057330317,3.089622175604263
fold1_seed29_all,rebased_neural,ADE_vs_floor,easy_complete,eu-locality-074,11433,1.8943499020359313,2.004272978887083,5.48443640208075,3.399567648040062,6.594570632567376,3.3259751873369785
fold1_seed29_all,rebased_neural,ADE_vs_floor,easy_complete,eu-locality-082,284,1.3557528177910987,1.4655555878059554,7.492228266772161,2.704367581857803,3.2359662926757213,2.854845527349549
fold1_seed29_all,rebased_neural,ADE_vs_floor,easy_complete,eu-locality-112,330,1.8566049740119552,1.9656906728610462,5.5494844817225335,3.2532155201374016,4.404979247676754,3.1704725731684187
fold1_seed29_all,rebased_neural,ADE_vs_floor,easy_complete,eu-locality-126,1425,1.3455119408043144,1.4470061590423189,7.014083361274503,2.8446572429259547,3.6802765338673127,2.9533926629715967
fold1_seed29_all,rebased_neural,ADE_vs_floor,hard_complete,eu-locality-008,16020,54.38260331258005,55.18006053782985,1.4451909212805036,121.88982807812808,209.78564148642937,123.48470720304141
fold1_seed29_all,rebased_neural,ADE_vs_floor,hard_complete,eu-locality-020,12,42.28702628985959,42.28702628985959,0.0,62.46425208392078,66.59930715521246,62.46425208392078
fold1_seed29_all,rebased_neural,ADE_vs_floor,hard_complete,eu-locality-048,1483,60.07167249972222,60.53509501144295,0.7655435440105052,126.22291930423178,202.87448251554758,128.6824664856046
fold1_seed29_all,rebased_neural,ADE_vs_floor,hard_complete,eu-locality-067,1231,56.32821108098753,58.89663226011281,4.360896507260437,130.7928023730423,201.95281904635354,131.7398144105738
fold1_seed29_all,rebased_neural,ADE_vs_floor,hard_complete,eu-locality-074,12476,54.164906307802454,56.02785784800246,3.32504509676953,126.95209983181465,231.49669541909617,128.03388521052315
fold1_seed29_all,rebased_neural,ADE_vs_floor,hard_complete,eu-locality-082,57,52.70931973740158,53.90318389206825,2.2148304950913023,104.0758272766853,125.27330700637128,111.63859838617915
fold1_seed29_all,rebased_neural,ADE_vs_floor,hard_complete,eu-locality-112,449,63.83931177338984,65.0340778074704,1.8371384270529534,172.23780707090177,294.0127848120448,172.23780707090177
fold1_seed29_all,rebased_neural,ADE_vs_floor,hard_complete,eu-locality-126,695,68.51166966920368,69.47639530977948,1.3885660536564925,152.47153749349673,232.82439444635085,153.38521719022407
fold1_seed29_all,rebased_neural,FDE_vs_floor,all,eu-locality-008,121088,33.21413722056858,34.13233897520592,2.6901225705754594,129.79555555329398,263.61811978000793,129.81114606818645
fold1_seed29_all,rebased_neural,FDE_vs_floor,all,eu-locality-020,622,14.258979451255863,14.365172239098978,0.7392378321373738,54.10326061206226,90.88434045577016,50.3975578298127
fold1_seed29_all,rebased_neural,FDE_vs_floor,all,eu-locality-048,5582,53.873656772847255,54.24459491837431,0.6838250817159386,200.74633042633465,329.48707679620327,201.83937703662744
fold1_seed29_all,rebased_neural,FDE_vs_floor,all,eu-locality-067,4600,56.81658547160658,58.79285143425324,3.3614051954201862,194.26787276322682,378.7214513956917,196.09432617203103
fold1_seed29_all,rebased_neural,FDE_vs_floor,all,eu-locality-074,81289,36.97418676738433,38.00246535158953,2.705820726870778,128.01816608323065,264.4350027492246,130.777031162351
fold1_seed29_all,rebased_neural,FDE_vs_floor,all,eu-locality-082,859,23.679458540019347,24.63929931973401,3.8955684869898533,111.86399941806233,231.9913249249859,112.62203890720869
fold1_seed29_all,rebased_neural,FDE_vs_floor,all,eu-locality-112,3719,43.84944047081604,45.66397271089702,3.973662676195422,164.71177294698174,400.66163220090374,168.38951928167873
fold1_seed29_all,rebased_neural,FDE_vs_floor,all,eu-locality-126,4579,36.20718572140075,37.37550626098104,3.1258989013347116,171.39853079995575,349.48587338392406,173.34695827803273
fold1_seed29_all,rebased_neural,FDE_vs_floor,easy,eu-locality-008,32900,2.389180103585796,2.8234351673843894,15.380380212550948,5.290251707144091,9.108541699645134,5.775768148648531
fold1_seed29_all,rebased_neural,FDE_vs_floor,easy,eu-locality-020,290,2.1245823981197605,2.25558902007044,5.808089185794508,5.412885921149794,8.117093400465636,5.640954657510774
fold1_seed29_all,rebased_neural,FDE_vs_floor,easy,eu-locality-048,1250,2.529785448366061,2.8558171408391178,11.416406457216643,5.849215830191735,11.155121700769854,5.919185162009951
fold1_seed29_all,rebased_neural,FDE_vs_floor,easy,eu-locality-067,734,2.5288341764980986,2.7317654408802854,7.428575724158593,6.130508465326083,10.900221296734156,6.143109259261241
fold1_seed29_all,rebased_neural,FDE_vs_floor,easy,eu-locality-074,12940,3.3185956391565967,3.598382378294028,7.77534763468013,8.76139772959139,16.529731008594876,7.901761359730235
fold1_seed29_all,rebased_neural,FDE_vs_floor,easy,eu-locality-082,391,2.1771912265722984,2.454382568823717,11.293730071765651,5.263511754744792,7.514601862161291,5.4370479440029476
fold1_seed29_all,rebased_neural,FDE_vs_floor,easy,eu-locality-112,423,3.011548619407152,3.3845202408739916,11.019925866081582,7.819523107061461,11.803790997218107,7.494707965226553
fold1_seed29_all,rebased_neural,FDE_vs_floor,easy,eu-locality-126,1768,2.0681932807672565,2.366221388518605,12.59510666235385,4.9511943376281335,7.904967309327766,5.213971288922478
fold1_seed29_all,rebased_neural,FDE_vs_floor,hard,eu-locality-008,22002,114.92964055568176,116.64738390709066,1.4725948357119378,274.3942580272191,461.9739656907553,279.63763643970583
fold1_seed29_all,rebased_neural,FDE_vs_floor,hard,eu-locality-020,18,86.6435394127926,86.6435394127926,0.0,117.3151892488592,125.35412109059021,117.3151892488592
fold1_seed29_all,rebased_neural,FDE_vs_floor,hard,eu-locality-048,1769,131.4942268805883,132.414428681487,0.6949407327144108,292.4897046923181,432.4235790723301,293.56265861382957
fold1_seed29_all,rebased_neural,FDE_vs_floor,hard,eu-locality-067,1633,121.1434731365092,126.78609220408958,4.450503181766474,290.9465229508314,450.3809880981477,292.89822644705276
fold1_seed29_all,rebased_neural,FDE_vs_floor,hard,eu-locality-074,16042,110.27224736746123,114.35734910461873,3.5722249327590494,267.009763931473,469.0273346745211,271.1113747613811
fold1_seed29_all,rebased_neural,FDE_vs_floor,hard,eu-locality-082,103,121.64196175270982,124.50535325844282,2.299813968471942,281.3527280910841,384.9003515886814,277.93782304116826
fold1_seed29_all,rebased_neural,FDE_vs_floor,hard,eu-locality-112,847,133.81586174741494,136.4151601995013,1.9054322468888274,381.3818308097862,568.0656695581839,387.3095468654183
fold1_seed29_all,rebased_neural,FDE_vs_floor,hard,eu-locality-126,868,143.64122033907057,145.97932069081295,1.601665455543888,362.11048170639896,537.0125466903631,362.11048170639896
fold1_seed29_all,rebased_neural,FDE_vs_floor,complete,eu-locality-008,97352,30.243799304635434,31.077436498255736,2.6824516033267076,119.44583621270328,236.46460541349617,118.85840798116594
fold1_seed29_all,rebased_neural,FDE_vs_floor,complete,eu-locality-020,364,13.924809546257416,13.952963756066742,0.20177942336505605,57.4857632308297,93.65106422091928,56.33740351154471
fold1_seed29_all,rebased_neural,FDE_vs_floor,complete,eu-locality-048,4716,52.69462830570809,52.85642341176441,0.30610301570330734,198.35253271081237,328.8944778262012,197.83802462557355
fold1_seed29_all,rebased_neural,FDE_vs_floor,complete,eu-locality-067,3417,56.689350704896036,58.599991471196795,3.260479597919197,188.90372836097467,377.261813725275,190.15693082645632
fold1_seed29_all,rebased_neural,FDE_vs_floor,complete,eu-locality-074,67309,35.006477494716734,36.01980029196504,2.8132382440619774,120.21491425966452,249.76618281513845,123.42573599139313
fold1_seed29_all,rebased_neural,FDE_vs_floor,complete,eu-locality-082,582,19.027014493930302,19.975508120671154,4.748282852236074,93.16901304231426,192.66900923239703,100.71659883440256
fold1_seed29_all,rebased_neural,FDE_vs_floor,complete,eu-locality-112,2417,35.84112113778213,37.82214160286299,5.237726847627544,127.24175943770857,358.20012447399915,129.96009353788176
fold1_seed29_all,rebased_neural,FDE_vs_floor,complete,eu-locality-126,3637,36.30469996758755,37.530012699891266,3.2648876036944774,169.8699555099346,362.10330883154546,173.03064763710094
fold1_seed29_all,rebased_neural,FDE_vs_floor,partial,eu-locality-008,23736,45.3968275134538,46.6618665255958,2.711076744964913,172.35390530686803,343.5463100369733,174.2060188957321
fold1_seed29_all,rebased_neural,FDE_vs_floor,partial,eu-locality-020,258,14.730443968385456,14.946737695780119,1.4470965624540755,49.15429086555085,80.91138501947854,48.995983895651484
fold1_seed29_all,rebased_neural,FDE_vs_floor,partial,eu-locality-048,866,60.29432449920786,61.80419864259175,2.4429960691107033,217.1209795213635,332.51645590390245,226.50797878652108
fold1_seed29_all,rebased_neural,FDE_vs_floor,partial,eu-locality-067,1183,57.18409282397338,59.34991186854226,3.6492371705051263,202.30324512085662,369.63632039527624,206.57636008729673
fold1_seed29_all,rebased_neural,FDE_vs_floor,partial,eu-locality-074,13980,46.44804538211846,47.54833105246688,2.3140363625682614,162.03623023706223,322.9277072779804,164.0443203849563
fold1_seed29_all,rebased_neural,FDE_vs_floor,partial,eu-locality-082,277,33.45462978487069,34.43831187516572,2.8563597828509812,135.9362830544737,306.9106299306018,146.71054103169644
fold1_seed29_all,rebased_neural,FDE_vs_floor,partial,eu-locality-112,1302,58.71588273498117,60.22135042834578,2.4998902924900146,229.97070745286433,426.04216643335104,229.97070745286433
fold1_seed29_all,rebased_neural,FDE_vs_floor,partial,eu-locality-126,942,35.83068963500863,36.77896706956229,2.578314482731736,173.3733834589796,323.58180657766553,173.31879895941634
fold1_seed29_all,rebased_neural,FDE_vs_floor,endpoint,eu-locality-008,121088,33.21413722056858,34.13233897520592,2.6901225705754594,129.79555555329398,263.61811978000793,129.81114606818645
fold1_seed29_all,rebased_neural,FDE_vs_floor,endpoint,eu-locality-020,622,14.258979451255863,14.365172239098978,0.7392378321373738,54.10326061206226,90.88434045577016,50.3975578298127
fold1_seed29_all,rebased_neural,FDE_vs_floor,endpoint,eu-locality-048,5582,53.873656772847255,54.24459491837431,0.6838250817159386,200.74633042633465,329.48707679620327,201.83937703662744
fold1_seed29_all,rebased_neural,FDE_vs_floor,endpoint,eu-locality-067,4600,56.81658547160658,58.79285143425324,3.3614051954201862,194.26787276322682,378.7214513956917,196.09432617203103
fold1_seed29_all,rebased_neural,FDE_vs_floor,endpoint,eu-locality-074,81289,36.97418676738433,38.00246535158953,2.705820726870778,128.01816608323065,264.4350027492246,130.777031162351
fold1_seed29_all,rebased_neural,FDE_vs_floor,endpoint,eu-locality-082,859,23.679458540019347,24.63929931973401,3.8955684869898533,111.86399941806233,231.9913249249859,112.62203890720869
fold1_seed29_all,rebased_neural,FDE_vs_floor,endpoint,eu-locality-112,3719,43.84944047081604,45.66397271089702,3.973662676195422,164.71177294698174,400.66163220090374,168.38951928167873
fold1_seed29_all,rebased_neural,FDE_vs_floor,endpoint,eu-locality-126,4579,36.20718572140075,37.37550626098104,3.1258989013347116,171.39853079995575,349.48587338392406,173.34695827803273
fold1_seed29_all,rebased_neural,FDE_vs_floor,easy_complete,eu-locality-008,28571,2.3450316837877256,2.782781643090656,15.73066145487253,5.205000949626758,8.70350413328175,5.6985873849397635
fold1_seed29_all,rebased_neural,FDE_vs_floor,easy_complete,eu-locality-020,178,2.0664283436145485,2.211361003046828,6.554002681271398,5.077523500985749,7.634992483488128,5.486303503667565
fold1_seed29_all,rebased_neural,FDE_vs_floor,easy_complete,eu-locality-048,1146,2.4899829838389285,2.807447167202056,11.307930816005952,5.711783752323548,10.533350974771958,5.780711599696689
fold1_seed29_all,rebased_neural,FDE_vs_floor,easy_complete,eu-locality-067,551,2.564217094337808,2.7693074028299165,7.405833974318976,6.821863546988582,11.32168089278123,6.392443675150393
fold1_seed29_all,rebased_neural,FDE_vs_floor,easy_complete,eu-locality-074,11433,3.310382703382352,3.586387040419569,7.695888199644152,8.638500238402695,16.533618476732258,7.73953925233751
fold1_seed29_all,rebased_neural,FDE_vs_floor,easy_complete,eu-locality-082,284,2.088064425919777,2.3563277094514303,11.38480366952469,5.02426432979987,7.5542469646759525,5.190976484991077
fold1_seed29_all,rebased_neural,FDE_vs_floor,easy_complete,eu-locality-112,330,2.9288642729829792,3.3098430862527874,11.510479601047507,7.76196529027796,11.791992696656827,7.551585216917998
fold1_seed29_all,rebased_neural,FDE_vs_floor,easy_complete,eu-locality-126,1425,2.090696549182602,2.384409759100131,12.318067764844898,4.967882462289673,7.819110033344931,5.2241063848355145
fold1_seed29_all,rebased_neural,FDE_vs_floor,hard_complete,eu-locality-008,16020,110.50137017782917,111.8743472768712,1.2272492599613827,252.96458874345953,434.3497438556811,261.2935084078621
fold1_seed29_all,rebased_neural,FDE_vs_floor,hard_complete,eu-locality-020,12,87.37594685707455,87.37594685707455,0.0,114.97266727663688,124.88561669614577,114.97266727663688
fold1_seed29_all,rebased_neural,FDE_vs_floor,hard_complete,eu-locality-048,1483,130.79098071547293,131.103787636715,0.23859487729588347,290.06211145391165,420.65696235472376,291.60438303435143
fold1_seed29_all,rebased_neural,FDE_vs_floor,hard_complete,eu-locality-067,1231,118.49199669436408,124.14546396928503,4.553905631477351,287.0731696517077,446.5918387457019,289.2452535549718
fold1_seed29_all,rebased_neural,FDE_vs_floor,hard_complete,eu-locality-074,12476,107.6603775450677,111.96881927109438,3.8478942209752565,257.62593568280215,453.08041463093605,262.44471043033894
fold1_seed29_all,rebased_neural,FDE_vs_floor,hard_complete,eu-locality-082,57,109.20207958377917,112.23735093617965,2.7043326727538286,239.5686582808639,286.26188004496146,239.5686582808639
fold1_seed29_all,rebased_neural,FDE_vs_floor,hard_complete,eu-locality-112,449,124.51917265156641,127.5034119469149,2.340517206387349,377.56725978623444,514.7766204572548,387.5177952946917
fold1_seed29_all,rebased_neural,FDE_vs_floor,hard_complete,eu-locality-126,695,144.62983790829637,147.0628375317764,1.654394586908703,368.7116566311405,548.1248155224525,368.7116566311405
fold1_seed29_all,rebased_neural,ADE_vs_CV,all,eu-locality-008,157961,17.126274915239073,18.214515006924465,5.974576272119703,60.89195123777868,125.29236447650565,63.9700524103003
fold1_seed29_all,rebased_neural,ADE_vs_CV,all,eu-locality-020,1225,6.36698130586365,6.529874789510041,2.494588164356104,20.644745075118987,41.37090371937323,21.020763749430696
fold1_seed29_all,rebased_neural,ADE_vs_CV,all,eu-locality-048,8058,24.93769805949802,26.698045849916497,6.593545461395555,85.06879194800338,147.49292963797856,89.55098636922551
fold1_seed29_all,rebased_neural,ADE_vs_CV,all,eu-locality-067,6903,26.64128130266972,29.011553933538778,8.170098838204265,87.50852732716584,162.16175300496116,93.29868317030169
fold1_seed29_all,rebased_neural,ADE_vs_CV,all,eu-locality-074,102348,18.24443389863199,19.761464600296893,7.676711885221865,60.59834649927664,125.07932284850563,64.81408896393752
fold1_seed29_all,rebased_neural,ADE_vs_CV,all,eu-locality-082,1368,13.033923008065562,13.688548886436024,4.782288347738084,51.22294775573245,99.73484298320332,51.85945295918717
fold1_seed29_all,rebased_neural,ADE_vs_CV,all,eu-locality-112,5004,23.048140676091382,24.679682084525158,6.610868822563953,82.7923394941184,180.76834713332667,86.2710070848162
fold1_seed29_all,rebased_neural,ADE_vs_CV,all,eu-locality-126,5790,18.40858734454658,19.860903597678185,7.312437956253848,82.40885248567646,150.07483758178427,86.5533275336093
fold1_seed29_all,rebased_neural,ADE_vs_CV,easy,eu-locality-008,39889,1.5838590482265413,1.791172498853141,11.574175617331061,3.0027234166867345,3.563065166120748,3.2504176960159774
fold1_seed29_all,rebased_neural,ADE_vs_CV,easy,eu-locality-020,593,1.219580832635222,1.2706472215919324,4.018927369371006,3.0442506244225767,3.3903539310559054,3.051349724629029
fold1_seed29_all,rebased_neural,ADE_vs_CV,easy,eu-locality-048,1582,1.6095825885260255,1.7551327263969017,8.292827982854313,3.1196472923268788,4.441435657615753,3.2298308573246963
fold1_seed29_all,rebased_neural,ADE_vs_CV,easy,eu-locality-067,1219,1.5486466430869532,1.6528940070695597,6.306960006917095,3.121485366245603,3.5212489397264117,3.222473275402277
fold1_seed29_all,rebased_neural,ADE_vs_CV,easy,eu-locality-074,17048,1.930781277751906,2.0239574238081066,4.603661369560252,3.4130698970060664,6.160911675569738,3.3016095862663026
fold1_seed29_all,rebased_neural,ADE_vs_CV,easy,eu-locality-082,513,1.4576572451988299,1.6221340438704122,10.139531889679143,2.887820884595099,3.26911545439699,3.137173321764387
fold1_seed29_all,rebased_neural,ADE_vs_CV,easy,eu-locality-112,571,1.9268101821425463,2.110763890677913,8.715030105820432,3.299782124503549,4.255752822341074,3.3318797717711783
fold1_seed29_all,rebased_neural,ADE_vs_CV,easy,eu-locality-126,2160,1.3199153195704478,1.4931553251754432,11.60227624575092,2.8728685817966744,3.695559072705284,3.15811922069773
fold1_seed29_all,rebased_neural,ADE_vs_CV,hard,eu-locality-008,28100,56.83147638146868,60.74188321281993,6.437743817804343,131.1359646788934,219.31746673466262,138.48767980783674
fold1_seed29_all,rebased_neural,ADE_vs_CV,hard,eu-locality-020,30,42.24365929490159,43.81825835804657,3.593477062184125,64.72063289570352,69.65016417684733,64.04793996418368
fold1_seed29_all,rebased_neural,ADE_vs_CV,hard,eu-locality-048,2478,59.25572408027086,63.88573915651315,7.247337414222055,127.04422758145982,211.76191803930743,138.97729297348553
fold1_seed29_all,rebased_neural,ADE_vs_CV,hard,eu-locality-067,2296,59.19532057164399,65.07172046247634,9.030650871173718,135.56887745505844,210.90005285411442,143.40335944857748
fold1_seed29_all,rebased_neural,ADE_vs_CV,hard,eu-locality-074,19310,55.355050694493514,60.351879335065945,8.279491368993952,127.76315172716821,230.58235529679763,136.81762092091788
fold1_seed29_all,rebased_neural,ADE_vs_CV,hard,eu-locality-082,184,53.558620531614906,55.75797833667997,3.9444719315051446,108.5489701099125,199.45076524670506,112.9711774505625
fold1_seed29_all,rebased_neural,ADE_vs_CV,hard,eu-locality-112,1153,66.5156875196819,70.01758802603055,5.001458355073218,171.97692338953817,282.2924395893853,174.675987810338
fold1_seed29_all,rebased_neural,ADE_vs_CV,hard,eu-locality-126,1110,69.248182797301,74.02161712516786,6.448703113031373,152.00775221494612,233.92764609795228,160.69598223874476
fold1_seed29_all,floor_neural_oracle,ADE_vs_floor,all,eu-locality-008,157961,15.010580082823674,17.468989600658922,14.072992050682299,52.61899453635724,106.51397020667658,61.24495636887375
fold1_seed29_all,floor_neural_oracle,ADE_vs_floor,all,eu-locality-020,1225,5.904786072854089,6.406913033691551,7.837268247547069,18.817914572053354,38.29164354811356,20.644745075118987
fold1_seed29_all,floor_neural_oracle,ADE_vs_floor,all,eu-locality-048,8058,21.693527805386434,25.197379471305773,13.905619312156837,75.3206010246598,131.02345607265684,85.90762156520124
fold1_seed29_all,floor_neural_oracle,ADE_vs_floor,all,eu-locality-067,6903,23.427969202478955,27.390620927811216,14.46718471909032,77.07381871490209,142.26823278463468,88.65930359656943
fold1_seed29_all,floor_neural_oracle,ADE_vs_floor,all,eu-locality-074,102348,15.668225320244039,18.643656085220975,15.959481076973914,52.83647053937428,105.53255523506766,61.61867548164824
fold1_seed29_all,floor_neural_oracle,ADE_vs_floor,all,eu-locality-082,1368,11.485588227072606,13.32673464520734,13.815435417233745,42.842796217857895,88.44309460524764,51.33307131828658
fold1_seed29_all,floor_neural_oracle,ADE_vs_floor,all,eu-locality-112,5004,19.847746813925284,23.654705492525167,16.093874767550474,70.95661896475553,146.88172231336583,83.55800123644538
fold1_seed29_all,floor_neural_oracle,ADE_vs_floor,all,eu-locality-126,5790,15.567037663122926,18.78017666708011,17.109205418655694,69.49418213355557,139.16865006254682,82.70914875351129
fold1_seed29_all,floor_neural_oracle,ADE_vs_floor,easy,eu-locality-008,39889,1.4969451290105649,1.7239712752933483,13.168789383927116,2.7984513746048196,3.2845230576656954,3.105562241140559
fold1_seed29_all,floor_neural_oracle,ADE_vs_floor,easy,eu-locality-020,593,1.1380004844028302,1.2554408771118204,9.354514007793446,2.983363784901109,3.3758175878763934,3.0442506244225767
fold1_seed29_all,floor_neural_oracle,ADE_vs_floor,easy,eu-locality-048,1582,1.4788755874921333,1.6912168937183638,12.555533652420536,2.842343640622964,3.3576389813094822,3.078837509497214
fold1_seed29_all,floor_neural_oracle,ADE_vs_floor,easy,eu-locality-067,1219,1.4634778105402904,1.604267860679566,8.775969000565597,2.9365910789039917,3.293688858188147,3.1221577746709257
fold1_seed29_all,floor_neural_oracle,ADE_vs_floor,easy,eu-locality-074,17048,1.7650053544093955,2.0150773261529302,12.410043450836582,3.215912904453058,4.860797621310967,3.3305987055351305
fold1_seed29_all,floor_neural_oracle,ADE_vs_floor,easy,eu-locality-082,513,1.3718559614636978,1.5525560397603957,11.638876386361241,2.7335643374342258,3.094366474031705,2.9984720219030083
fold1_seed29_all,floor_neural_oracle,ADE_vs_floor,easy,eu-locality-112,571,1.789105223366518,2.0165811470589508,11.280276225144291,3.0111478568428147,3.2086344159162348,3.178153114730163
fold1_seed29_all,floor_neural_oracle,ADE_vs_floor,easy,eu-locality-126,2160,1.2110942240384661,1.4127470894303247,14.273812128197195,2.6346297265104086,3.156597486090272,2.9658956351988905
fold1_seed29_all,floor_neural_oracle,ADE_vs_floor,hard,eu-locality-008,28100,48.22779746647489,57.64722234882071,16.339772323025926,110.95861212209586,183.5078600256206,133.26205589400334
fold1_seed29_all,floor_neural_oracle,ADE_vs_floor,hard,eu-locality-020,30,38.865049284905055,42.24365929490159,7.997910376112472,59.844390849546144,65.75616641653264,64.72063289570352
fold1_seed29_all,floor_neural_oracle,ADE_vs_floor,hard,eu-locality-048,2478,51.173983323934216,60.095303775606894,14.84528722075269,114.4971852567019,185.3196248428424,129.88669741957895
fold1_seed29_all,floor_neural_oracle,ADE_vs_floor,hard,eu-locality-067,2296,51.640801841538014,61.34306811704575,15.816402037464627,119.91070673257317,184.9175683075432,138.2806398719763
fold1_seed29_all,floor_neural_oracle,ADE_vs_floor,hard,eu-locality-074,19310,46.43005128288883,56.92156698949112,18.431530018383423,107.87294916343566,187.87468857135804,130.0314063047894
fold1_seed29_all,floor_neural_oracle,ADE_vs_floor,hard,eu-locality-082,184,45.41429963615707,54.41238671377224,16.536835858622023,103.49084462666167,193.4294680329328,111.15642414153585
fold1_seed29_all,floor_neural_oracle,ADE_vs_floor,hard,eu-locality-112,1153,55.98327621437076,67.42966883057493,16.975305996184844,142.20990412447472,224.54092415702732,171.97692338953817
fold1_seed29_all,floor_neural_oracle,ADE_vs_floor,hard,eu-locality-126,1110,57.08875264120724,70.01648649782399,18.463842593727588,140.05841331781136,217.32913980406482,152.55973722899552
fold1_seed29_all,floor_neural_oracle,ADE_vs_floor,complete,eu-locality-008,97352,13.37523043898328,15.770171126435711,15.186523140752517,48.17326040404709,94.90367893640564,56.394451458517665
fold1_seed29_all,floor_neural_oracle,ADE_vs_floor,complete,eu-locality-020,364,6.210812981728512,6.757290231477205,8.087224775444168,21.61297716712974,39.592844214706254,22.682718227503177
fold1_seed29_all,floor_neural_oracle,ADE_vs_floor,complete,eu-locality-048,4716,21.193497901836942,24.905169277151636,14.90321681418899,76.36760813104316,127.35444536490382,88.06005689575474
fold1_seed29_all,floor_neural_oracle,ADE_vs_floor,complete,eu-locality-067,3417,23.709394489145538,28.19998534332922,15.924089319592305,75.001119776438,138.95954599456348,87.81611306924334
fold1_seed29_all,floor_neural_oracle,ADE_vs_floor,complete,eu-locality-074,67309,14.948319962219184,18.192856636298394,17.834124343099088,49.99540370794142,102.37187187048146,59.67960932016846
fold1_seed29_all,floor_neural_oracle,ADE_vs_floor,complete,eu-locality-082,582,8.412394825153376,10.072259719049734,16.47956804327677,35.26862945899387,73.06869096810331,46.30650206106486
fold1_seed29_all,floor_neural_oracle,ADE_vs_floor,complete,eu-locality-112,2417,16.097989624717016,19.949230009984944,19.305208187686006,54.84605412052796,133.67595992944914,68.16569900614174
fold1_seed29_all,floor_neural_oracle,ADE_vs_floor,complete,eu-locality-126,3637,15.01856229952551,18.324033257939625,18.038992354381843,67.50757146933141,140.07558651290915,79.33620099124832
fold1_seed29_all,floor_neural_oracle,ADE_vs_floor,partial,eu-locality-008,60609,17.637327901252455,20.197682964723302,12.676479118633022,60.27931289305108,121.39989689056361,69.15735156982349
fold1_seed29_all,floor_neural_oracle,ADE_vs_floor,partial,eu-locality-020,861,5.775408843086039,6.258786088286235,7.723178878167303,16.967987590585455,35.09168404290572,19.65836635238612
fold1_seed29_all,floor_neural_oracle,ADE_vs_floor,partial,eu-locality-048,3342,22.399135532836887,25.609726352104968,12.536607283990719,72.8537740559695,132.94212448301008,83.3801782051998
fold1_seed29_all,floor_neural_oracle,ADE_vs_floor,partial,eu-locality-067,3486,23.15211429584106,26.59727663411501,12.953064276720006,78.84810834570348,145.45308320477557,89.64246435426605
fold1_seed29_all,floor_neural_oracle,ADE_vs_floor,partial,eu-locality-074,35039,17.051144631391473,19.509630003070516,12.601394138649036,58.02071784268222,111.36060579204982,65.43688782140919
fold1_seed29_all,floor_neural_oracle,ADE_vs_floor,partial,eu-locality-082,786,13.761158913989897,15.736536689766789,12.552811426808086,44.10484590464024,97.51129841587675,53.906912473240496
fold1_seed29_all,floor_neural_oracle,ADE_vs_floor,partial,eu-locality-112,2587,23.35109552916162,27.116682392911603,13.886606072187957,82.76100587988233,153.19407477405252,97.4616852187702
fold1_seed29_all,floor_neural_oracle,ADE_vs_floor,partial,eu-locality-126,2153,16.493561071113543,19.550726401889197,15.637093312708005,76.68960482319146,136.53704105999898,85.3688280516796
fold1_seed29_all,floor_neural_oracle,ADE_vs_floor,endpoint,eu-locality-008,121088,14.6861488635954,17.351037394539063,15.358669746065956,52.76085375002734,106.54498343608313,62.15773207968107
fold1_seed29_all,floor_neural_oracle,ADE_vs_floor,endpoint,eu-locality-020,622,6.500595120840752,7.036192197870345,7.612030228391187,22.028947608274954,38.80214210959773,23.162697824857958
fold1_seed29_all,floor_neural_oracle,ADE_vs_floor,endpoint,eu-locality-048,5582,21.794747942086094,25.72253705107401,15.269835557779544,78.37570639919838,135.36399856296262,89.41600402170631
fold1_seed29_all,floor_neural_oracle,ADE_vs_floor,endpoint,eu-locality-067,4600,23.840897757041297,28.53430341534545,16.448292393849318,75.4990241810662,142.28453589236895,89.30520850524337
fold1_seed29_all,floor_neural_oracle,ADE_vs_floor,endpoint,eu-locality-074,81289,15.855586687968456,19.20351884399834,17.433951471223253,53.259109308891524,107.93853527841662,63.31527634673826
fold1_seed29_all,floor_neural_oracle,ADE_vs_floor,endpoint,eu-locality-082,859,9.71346063718492,11.916340993982843,18.486214500829302,41.07959878696744,91.45230715694737,51.50337092564544
fold1_seed29_all,floor_neural_oracle,ADE_vs_floor,endpoint,eu-locality-112,3719,19.41463951360511,23.750696293382873,18.256545939606085,68.66807969589195,152.5536867253997,84.29381688871625
fold1_seed29_all,floor_neural_oracle,ADE_vs_floor,endpoint,eu-locality-126,4579,15.021374283631001,18.36006236095048,18.184513819628656,67.24843421923485,138.49137823676895,79.75066184792317
fold1_seed29_all,floor_neural_oracle,ADE_vs_floor,easy_complete,eu-locality-008,28571,1.4510502135014987,1.7006011712760019,14.674278836775068,2.658088104620706,3.101624701585432,3.054438740188515
fold1_seed29_all,floor_neural_oracle,ADE_vs_floor,easy_complete,eu-locality-020,178,1.1786518226035723,1.3342823947266502,11.663990526905021,2.5946692761507677,3.272867124230537,2.9829517203101314
fold1_seed29_all,floor_neural_oracle,ADE_vs_floor,easy_complete,eu-locality-048,1146,1.4330463176937158,1.6706141818740419,14.220390725633013,2.682053041247657,3.1547169657657266,3.0060318810623277
fold1_seed29_all,floor_neural_oracle,ADE_vs_floor,easy_complete,eu-locality-067,551,1.4838860819318336,1.6658742329177891,10.924483216671298,2.824023835146572,3.2654040537639264,3.089622175604263
fold1_seed29_all,floor_neural_oracle,ADE_vs_floor,easy_complete,eu-locality-074,11433,1.7120549752202647,2.004272978887083,14.579750699881144,3.122376205098396,5.127025853779511,3.3259751873369785
fold1_seed29_all,floor_neural_oracle,ADE_vs_floor,easy_complete,eu-locality-082,284,1.263039914590969,1.4655555878059554,13.818354956987156,2.532659778581886,3.002629362646883,2.854845527349549
fold1_seed29_all,floor_neural_oracle,ADE_vs_floor,easy_complete,eu-locality-112,330,1.7174462317050014,1.9656906728610462,12.628866005388684,2.932494331857932,3.2239992859210784,3.1704725731684187
fold1_seed29_all,floor_neural_oracle,ADE_vs_floor,easy_complete,eu-locality-126,1425,1.2229661664779357,1.4470061590423189,15.483002001364044,2.5743098363766244,2.997764542677367,2.9533926629715967
fold1_seed29_all,floor_neural_oracle,ADE_vs_floor,hard_complete,eu-locality-008,16020,45.638543900281434,55.18006053782985,17.29160233705621,102.51145077473949,173.33411186872831,123.48470720304141
fold1_seed29_all,floor_neural_oracle,ADE_vs_floor,hard_complete,eu-locality-020,12,39.45648641283072,42.28702628985959,6.693636619484,62.46425208392078,66.59930715521246,62.46425208392078
fold1_seed29_all,floor_neural_oracle,ADE_vs_floor,hard_complete,eu-locality-048,1483,50.88248405693973,60.53509501144295,15.945479151686449,114.59637205868941,180.59144122641422,128.6824664856046
fold1_seed29_all,floor_neural_oracle,ADE_vs_floor,hard_complete,eu-locality-067,1231,48.414154982443804,58.89663226011281,17.798092820271773,114.27143509340593,168.23246094167916,131.7398144105738
fold1_seed29_all,floor_neural_oracle,ADE_vs_floor,hard_complete,eu-locality-074,12476,44.34087875821982,56.02785784800246,20.859228852704227,105.36375472143371,184.0153766131316,128.03388521052315
fold1_seed29_all,floor_neural_oracle,ADE_vs_floor,hard_complete,eu-locality-082,57,44.52861955089196,53.90318389206825,17.391485371155856,99.76216415319672,114.65476172929398,111.63859838617915
fold1_seed29_all,floor_neural_oracle,ADE_vs_floor,hard_complete,eu-locality-112,449,51.60126459443348,65.0340778074704,20.655037583225177,139.91742015437006,219.03314872236163,172.23780707090177
fold1_seed29_all,floor_neural_oracle,ADE_vs_floor,hard_complete,eu-locality-126,695,55.9869658313671,69.47639530977948,19.415845364840923,142.58112424225496,205.70762850560254,153.38521719022407
fold1_seed29_all,floor_neural_oracle,FDE_vs_floor,all,eu-locality-008,121088,27.654844724463036,34.13233897520592,18.97758678492031,107.98344662425447,214.2094495447979,129.81114606818645
fold1_seed29_all,floor_neural_oracle,FDE_vs_floor,all,eu-locality-020,622,13.088240570469338,14.365172239098978,8.88908011248275,48.98614876904287,82.5590891536665,50.3975578298127
fold1_seed29_all,floor_neural_oracle,FDE_vs_floor,all,eu-locality-048,5582,44.79935211977433,54.24459491837431,17.412320642845437,171.82132246872007,292.73089106584064,201.83937703662744
fold1_seed29_all,floor_neural_oracle,FDE_vs_floor,all,eu-locality-067,4600,47.20911002625409,58.79285143425324,19.702635822916314,162.3593246704678,291.7033356327803,196.09432617203103
fold1_seed29_all,floor_neural_oracle,FDE_vs_floor,all,eu-locality-074,81289,29.807440928269802,38.00246535158953,21.564454693929356,106.87811554771697,209.86526772821404,130.777031162351
fold1_seed29_all,floor_neural_oracle,FDE_vs_floor,all,eu-locality-082,859,19.161550283090982,24.63929931973401,22.231756534796475,88.55800299042029,217.75947816205863,112.62203890720869
fold1_seed29_all,floor_neural_oracle,FDE_vs_floor,all,eu-locality-112,3719,34.81651605826463,45.66397271089702,23.754956059799426,136.2677068462528,306.04166923012235,168.38951928167873
fold1_seed29_all,floor_neural_oracle,FDE_vs_floor,all,eu-locality-126,4579,29.02879400238906,37.37550626098104,22.33203799383906,139.54890060717403,282.68543827994506,173.34695827803273
fold1_seed29_all,floor_neural_oracle,FDE_vs_floor,easy,eu-locality-008,32900,2.1872082284372727,2.8234351673843894,22.533789558784623,4.6433318296971775,8.29939418966065,5.775768148648531
fold1_seed29_all,floor_neural_oracle,FDE_vs_floor,easy,eu-locality-020,290,1.8356182615496566,2.25558902007044,18.61911699267219,4.837033799255071,8.117093400465636,5.640954657510774
fold1_seed29_all,floor_neural_oracle,FDE_vs_floor,easy,eu-locality-048,1250,2.250998595828544,2.8558171408391178,21.178475903147685,4.859427627325126,9.805765577634265,5.919185162009951
fold1_seed29_all,floor_neural_oracle,FDE_vs_floor,easy,eu-locality-067,734,2.280243993846298,2.7317654408802854,16.528558428811834,5.459417455775348,8.799518485743215,6.143109259261241
fold1_seed29_all,floor_neural_oracle,FDE_vs_floor,easy,eu-locality-074,12940,2.870001562691398,3.598382378294028,20.24189591401765,7.586408281715989,13.050896769001971,7.901761359730235
fold1_seed29_all,floor_neural_oracle,FDE_vs_floor,easy,eu-locality-082,391,1.9638131475671536,2.454382568823717,19.98748799343343,4.342137644108803,7.4649933893388045,5.4370479440029476
fold1_seed29_all,floor_neural_oracle,FDE_vs_floor,easy,eu-locality-112,423,2.7355665565208143,3.3845202408739916,19.17417058157692,6.951986712925399,12.826298774505776,7.494707965226553
fold1_seed29_all,floor_neural_oracle,FDE_vs_floor,easy,eu-locality-126,1768,1.812102434405606,2.366221388518605,23.417882908239218,4.249185909108379,7.076880462656435,5.213971288922478
fold1_seed29_all,floor_neural_oracle,FDE_vs_floor,hard,eu-locality-008,22002,92.12510555655611,116.64738390709066,21.022570356199743,221.8542943337472,372.9546524090425,279.63763643970583
fold1_seed29_all,floor_neural_oracle,FDE_vs_floor,hard,eu-locality-020,18,77.94462631178027,86.6435394127926,10.039886597393522,117.3151892488592,125.35412109059021,117.3151892488592
fold1_seed29_all,floor_neural_oracle,FDE_vs_floor,hard,eu-locality-048,1769,108.04267846216668,132.414428681487,18.40566051751411,259.22222906262743,397.9294417971135,293.56265861382957
fold1_seed29_all,floor_neural_oracle,FDE_vs_floor,hard,eu-locality-067,1633,98.90415821212318,126.78609220408958,21.99131900609762,253.69480284649325,355.06621363070707,292.89822644705276
fold1_seed29_all,floor_neural_oracle,FDE_vs_floor,hard,eu-locality-074,16042,85.54282015167965,114.35734910461873,25.19691928725839,210.94594818568925,341.36828309590317,271.1113747613811
fold1_seed29_all,floor_neural_oracle,FDE_vs_floor,hard,eu-locality-082,103,93.11220399110161,124.50535325844282,25.214296771783516,264.839249478171,372.4221711360571,277.93782304116826
fold1_seed29_all,floor_neural_oracle,FDE_vs_floor,hard,eu-locality-112,847,103.08299001840837,136.4151601995013,24.434359152125072,281.49730870459484,473.7682385571485,387.3095468654183
fold1_seed29_all,floor_neural_oracle,FDE_vs_floor,hard,eu-locality-126,868,111.42650028665378,145.97932069081295,23.669667895867754,283.6887997022089,443.0083778581982,362.11048170639896
fold1_seed29_all,floor_neural_oracle,FDE_vs_floor,complete,eu-locality-008,97352,25.26155690478912,31.077436498255736,18.71415486213942,99.84594481020139,193.34642664668436,118.85840798116594
fold1_seed29_all,floor_neural_oracle,FDE_vs_floor,complete,eu-locality-020,364,12.615362559716191,13.952963756066742,9.586502335526836,49.97637524479037,82.86375181655934,56.33740351154471
fold1_seed29_all,floor_neural_oracle,FDE_vs_floor,complete,eu-locality-048,4716,44.06883088966079,52.85642341176441,16.625401332296242,171.51560235701078,293.2659782865921,197.83802462557355
fold1_seed29_all,floor_neural_oracle,FDE_vs_floor,complete,eu-locality-067,3417,47.66350067973774,58.599991471196795,18.662956285300126,161.77878579799886,290.6228755154741,190.15693082645632
fold1_seed29_all,floor_neural_oracle,FDE_vs_floor,complete,eu-locality-074,67309,28.097525573186154,36.01980029196504,21.994221662983826,100.70473449189993,195.84018233347948,123.42573599139313
fold1_seed29_all,floor_neural_oracle,FDE_vs_floor,complete,eu-locality-082,582,15.862319030559572,19.975508120671154,20.59116126240189,74.00410272241687,165.5398851728982,100.71659883440256
fold1_seed29_all,floor_neural_oracle,FDE_vs_floor,complete,eu-locality-112,2417,28.243776362573872,37.82214160286299,25.324756437282424,102.5863185573589,270.54612531836926,129.96009353788176
fold1_seed29_all,floor_neural_oracle,FDE_vs_floor,complete,eu-locality-126,3637,29.309539906656042,37.530012699891266,21.903730379657027,140.2292538747796,292.9889283487573,173.03064763710094
fold1_seed29_all,floor_neural_oracle,FDE_vs_floor,partial,eu-locality-008,23736,37.47079331819809,46.6618665255958,19.697182928496993,142.22482888126356,277.743029035439,174.2060188957321
fold1_seed29_all,floor_neural_oracle,FDE_vs_floor,partial,eu-locality-020,258,13.75540179494277,14.946737695780119,7.970541298611911,48.58226719879105,79.60935088795026,48.995983895651484
fold1_seed29_all,floor_neural_oracle,FDE_vs_floor,partial,eu-locality-048,866,48.77757165928411,61.80419864259175,21.07725246732747,176.25738254225945,282.71399177492106,226.50797878652108
fold1_seed29_all,floor_neural_oracle,FDE_vs_floor,partial,eu-locality-067,1183,45.89663930524511,59.34991186854226,22.66772121430546,169.09432885148436,323.74427542971404,206.57636008729673
fold1_seed29_all,floor_neural_oracle,FDE_vs_floor,partial,eu-locality-074,13980,38.040108498750854,47.54833105246688,19.996963811882786,133.7704323045362,253.1405156246511,164.0443203849563
fold1_seed29_all,floor_neural_oracle,FDE_vs_floor,partial,eu-locality-082,277,26.09350908804867,34.43831187516572,24.23116097376039,105.02810873549035,295.21475527369677,146.71054103169644
fold1_seed29_all,floor_neural_oracle,FDE_vs_floor,partial,eu-locality-112,1302,47.01798444880577,60.22135042834578,21.924725841626557,178.63105549983692,347.65967915862495,229.97070745286433
fold1_seed29_all,floor_neural_oracle,FDE_vs_floor,partial,eu-locality-126,942,27.944852543982456,36.77896706956229,24.019474252420792,128.4701915522384,243.2869374111849,173.31879895941634
fold1_seed29_all,floor_neural_oracle,FDE_vs_floor,endpoint,eu-locality-008,121088,27.654844724463036,34.13233897520592,18.97758678492031,107.98344662425447,214.2094495447979,129.81114606818645
fold1_seed29_all,floor_neural_oracle,FDE_vs_floor,endpoint,eu-locality-020,622,13.088240570469338,14.365172239098978,8.88908011248275,48.98614876904287,82.5590891536665,50.3975578298127
fold1_seed29_all,floor_neural_oracle,FDE_vs_floor,endpoint,eu-locality-048,5582,44.79935211977433,54.24459491837431,17.412320642845437,171.82132246872007,292.73089106584064,201.83937703662744
fold1_seed29_all,floor_neural_oracle,FDE_vs_floor,endpoint,eu-locality-067,4600,47.20911002625409,58.79285143425324,19.702635822916314,162.3593246704678,291.7033356327803,196.09432617203103
fold1_seed29_all,floor_neural_oracle,FDE_vs_floor,endpoint,eu-locality-074,81289,29.807440928269802,38.00246535158953,21.564454693929356,106.87811554771697,209.86526772821404,130.777031162351
fold1_seed29_all,floor_neural_oracle,FDE_vs_floor,endpoint,eu-locality-082,859,19.161550283090982,24.63929931973401,22.231756534796475,88.55800299042029,217.75947816205863,112.62203890720869
fold1_seed29_all,floor_neural_oracle,FDE_vs_floor,endpoint,eu-locality-112,3719,34.81651605826463,45.66397271089702,23.754956059799426,136.2677068462528,306.04166923012235,168.38951928167873
fold1_seed29_all,floor_neural_oracle,FDE_vs_floor,endpoint,eu-locality-126,4579,29.02879400238906,37.37550626098104,22.33203799383906,139.54890060717403,282.68543827994506,173.34695827803273
fold1_seed29_all,floor_neural_oracle,FDE_vs_floor,easy_complete,eu-locality-008,28571,2.1464760230580047,2.782781643090656,22.865812041434463,4.552997389586434,7.840124968896897,5.6985873849397635
fold1_seed29_all,floor_neural_oracle,FDE_vs_floor,easy_complete,eu-locality-020,178,1.7811026815931497,2.211361003046828,19.456720131216265,4.428443466200578,7.634992483488128,5.486303503667565
fold1_seed29_all,floor_neural_oracle,FDE_vs_floor,easy_complete,eu-locality-048,1146,2.203031459576641,2.807447167202056,21.52901449710218,4.794062585051365,9.368175617208228,5.780711599696689
fold1_seed29_all,floor_neural_oracle,FDE_vs_floor,easy_complete,eu-locality-067,551,2.3006447050945313,2.7693074028299165,16.923462424448267,5.885420390161864,9.65170901898535,6.392443675150393
fold1_seed29_all,floor_neural_oracle,FDE_vs_floor,easy_complete,eu-locality-074,11433,2.8525516309996233,3.586387040419569,20.461690306969615,7.47270966392477,12.979554441244519,7.73953925233751
fold1_seed29_all,floor_neural_oracle,FDE_vs_floor,easy_complete,eu-locality-082,284,1.8788454655256321,2.3563277094514303,20.263830112024582,4.048868219176616,7.469912560877737,5.190976484991077
fold1_seed29_all,floor_neural_oracle,FDE_vs_floor,easy_complete,eu-locality-112,330,2.689431393393934,3.3098430862527874,18.74444427398061,6.762470171419668,12.722748353717918,7.551585216917998
fold1_seed29_all,floor_neural_oracle,FDE_vs_floor,easy_complete,eu-locality-126,1425,1.8198386428260007,2.384409759100131,23.67760466167517,4.257624083418549,6.915975232522353,5.2241063848355145
fold1_seed29_all,floor_neural_oracle,FDE_vs_floor,hard_complete,eu-locality-008,16020,88.81041988173702,111.8743472768712,20.61592130504649,206.55879592316464,357.2519674739198,261.2935084078621
fold1_seed29_all,floor_neural_oracle,FDE_vs_floor,hard_complete,eu-locality-020,12,79.13484597927267,87.37594685707455,9.431772901164992,114.43867577212549,124.7788183952435,114.97266727663688
fold1_seed29_all,floor_neural_oracle,FDE_vs_floor,hard_complete,eu-locality-048,1483,108.22087978237906,131.103787636715,17.454040243096447,259.5156537460098,377.39531345996903,291.60438303435143
fold1_seed29_all,floor_neural_oracle,FDE_vs_floor,hard_complete,eu-locality-067,1231,98.19643146341673,124.14546396928503,20.902118914540758,253.35319653778942,339.34634699137877,289.2452535549718
fold1_seed29_all,floor_neural_oracle,FDE_vs_floor,hard_complete,eu-locality-074,12476,82.7113603411684,111.96881927109438,26.130005764452157,200.8383662914053,330.938420852479,262.44471043033894
fold1_seed29_all,floor_neural_oracle,FDE_vs_floor,hard_complete,eu-locality-082,57,89.05767275642407,112.23735093617965,20.652374620758827,210.7885385522452,272.66499140726404,239.5686582808639
fold1_seed29_all,floor_neural_oracle,FDE_vs_floor,hard_complete,eu-locality-112,449,93.95815557046363,127.5034119469149,26.30930095456393,284.01766250716526,461.5325608870891,387.5177952946917
fold1_seed29_all,floor_neural_oracle,FDE_vs_floor,hard_complete,eu-locality-126,695,113.25061422888643,147.0628375317764,22.991684282974646,297.27851092022723,456.3648384613286,368.7116566311405
fold1_seed29_all,floor_neural_oracle,ADE_vs_CV,all,eu-locality-008,157961,15.010580082823674,18.214515006924465,17.590009521981653,52.61899453635724,106.51397020667658,63.9700524103003
fold1_seed29_all,floor_neural_oracle,ADE_vs_CV,all,eu-locality-020,1225,5.904786072854089,6.529874789510041,9.572751956287584,18.817914572053354,38.29164354811356,21.020763749430696
fold1_seed29_all,floor_neural_oracle,ADE_vs_CV,all,eu-locality-048,8058,21.693527805386434,26.698045849916497,18.744885197452444,75.3206010246598,131.02345607265684,89.55098636922551
fold1_seed29_all,floor_neural_oracle,ADE_vs_CV,all,eu-locality-067,6903,23.427969202478955,29.011553933538778,19.246072595252905,77.07381871490209,142.26823278463468,93.29868317030169
fold1_seed29_all,floor_neural_oracle,ADE_vs_CV,all,eu-locality-074,102348,15.668225320244039,19.761464600296893,20.713238430674608,52.83647053937428,105.53255523506766,64.81408896393752
fold1_seed29_all,floor_neural_oracle,ADE_vs_CV,all,eu-locality-082,1368,11.485588227072606,13.688548886436024,16.093456491552082,42.842796217857895,88.44309460524764,51.85945295918717
fold1_seed29_all,floor_neural_oracle,ADE_vs_CV,all,eu-locality-112,5004,19.847746813925284,24.679682084525158,19.578596085845167,70.95661896475553,146.88172231336583,86.2710070848162
fold1_seed29_all,floor_neural_oracle,ADE_vs_CV,all,eu-locality-126,5790,15.567037663122926,19.860903597678185,21.619690732788342,69.49418213355557,139.16865006254682,86.5533275336093
fold1_seed29_all,floor_neural_oracle,ADE_vs_CV,easy,eu-locality-008,39889,1.4969451290105649,1.791172498853141,16.426523410278193,2.7984513746048196,3.2845230576656954,3.2504176960159774
fold1_seed29_all,floor_neural_oracle,ADE_vs_CV,easy,eu-locality-020,593,1.1380004844028302,1.2706472215919324,10.439304862518451,2.983363784901109,3.3758175878763934,3.051349724629029
fold1_seed29_all,floor_neural_oracle,ADE_vs_CV,easy,eu-locality-048,1582,1.4788755874921333,1.7551327263969017,15.739957141127125,2.842343640622964,3.3576389813094822,3.2298308573246963
fold1_seed29_all,floor_neural_oracle,ADE_vs_CV,easy,eu-locality-067,1219,1.4634778105402904,1.6528940070695597,11.459669871094036,2.9365910789039917,3.293688858188147,3.222473275402277
fold1_seed29_all,floor_neural_oracle,ADE_vs_CV,easy,eu-locality-074,17048,1.7650053544093955,2.0239574238081066,12.794343712600876,3.215912904453058,4.860797621310967,3.3016095862663026
fold1_seed29_all,floor_neural_oracle,ADE_vs_CV,easy,eu-locality-082,513,1.3718559614636978,1.6221340438704122,15.428939633715522,2.7335643374342258,3.094366474031705,3.137173321764387
fold1_seed29_all,floor_neural_oracle,ADE_vs_CV,easy,eu-locality-112,571,1.789105223366518,2.110763890677913,15.238969584991723,3.0111478568428147,3.2086344159162348,3.3318797717711783
fold1_seed29_all,floor_neural_oracle,ADE_vs_CV,easy,eu-locality-126,2160,1.2110942240384661,1.4931553251754432,18.890271921565528,2.6346297265104086,3.156597486090272,3.15811922069773
fold1_seed29_all,floor_neural_oracle,ADE_vs_CV,hard,eu-locality-008,28100,48.22779746647489,60.74188321281993,20.602070736759558,110.95861212209586,183.5078600256206,138.48767980783674
fold1_seed29_all,floor_neural_oracle,ADE_vs_CV,hard,eu-locality-020,30,38.865049284905055,43.81825835804657,11.30398436347695,59.844390849546144,65.75616641653264,64.04793996418368
fold1_seed29_all,floor_neural_oracle,ADE_vs_CV,hard,eu-locality-048,2478,51.173983323934216,63.88573915651315,19.897642260092674,114.4971852567019,185.3196248428424,138.97729297348553
fold1_seed29_all,floor_neural_oracle,ADE_vs_CV,hard,eu-locality-067,2296,51.640801841538014,65.07172046247634,20.640177523327164,119.91070673257317,184.9175683075432,143.40335944857748
fold1_seed29_all,floor_neural_oracle,ADE_vs_CV,hard,eu-locality-074,19310,46.43005128288883,60.351879335065945,23.06776227279501,107.87294916343566,187.87468857135804,136.81762092091788
fold1_seed29_all,floor_neural_oracle,ADE_vs_CV,hard,eu-locality-082,184,45.41429963615707,55.75797833667997,18.551028945248515,103.49084462666167,193.4294680329328,112.9711774505625
fold1_seed29_all,floor_neural_oracle,ADE_vs_CV,hard,eu-locality-112,1153,55.98327621437076,70.01758802603055,20.04398067303066,142.20990412447472,224.54092415702732,174.675987810338
fold1_seed29_all,floor_neural_oracle,ADE_vs_CV,hard,eu-locality-126,1110,57.08875264120724,74.02161712516786,22.875566816282557,140.05841331781136,217.32913980406482,160.69598223874476
fold1_seed29_all,union_oracle,ADE_vs_floor,all,eu-locality-008,157961,14.620562709152694,17.468989600658922,16.30561902331654,51.19488913378704,105.50064536949638,61.24495636887375
fold1_seed29_all,union_oracle,ADE_vs_floor,all,eu-locality-020,1225,5.819670234800803,6.406913033691551,9.165768222584859,18.763709465028253,38.04062203342596,20.644745075118987
fold1_seed29_all,union_oracle,ADE_vs_floor,all,eu-locality-048,8058,21.267796518689646,25.197379471305773,15.595204878709911,73.6618222508428,129.538311484968,85.90762156520124
fold1_seed29_all,union_oracle,ADE_vs_floor,all,eu-locality-067,6903,23.23896952917282,27.390620927811216,15.157200742473842,76.82474478866804,142.07035817249775,88.65930359656943
fold1_seed29_all,union_oracle,ADE_vs_floor,all,eu-locality-074,102348,15.44503942140176,18.643656085220975,17.15659551537637,52.26360621869244,105.24216193733373,61.61867548164824
fold1_seed29_all,union_oracle,ADE_vs_floor,all,eu-locality-082,1368,11.430133496938694,13.32673464520734,14.23155182992043,42.842796217857895,88.44309460524764,51.33307131828658
fold1_seed29_all,union_oracle,ADE_vs_floor,all,eu-locality-112,5004,19.69567742757795,23.654705492525167,16.736746378847368,70.67803482416004,145.2741939301036,83.55800123644538
fold1_seed29_all,union_oracle,ADE_vs_floor,all,eu-locality-126,5790,15.376166854725295,18.78017666708011,18.12554734014683,68.78611051281464,139.16865006254682,82.70914875351129
fold1_seed29_all,union_oracle,ADE_vs_floor,easy,eu-locality-008,39889,1.4814441932255686,1.7239712752933483,14.067930570740605,2.7810167636934695,3.208566665282683,3.105562241140559
fold1_seed29_all,union_oracle,ADE_vs_floor,easy,eu-locality-020,593,1.1248221311701494,1.2554408771118204,10.404213238791726,2.912618677577817,3.281873299441771,3.0442506244225767
fold1_seed29_all,union_oracle,ADE_vs_floor,easy,eu-locality-048,1582,1.4576716943848522,1.6912168937183638,13.809299102969085,2.7713967289893193,3.247271568695063,3.078837509497214
fold1_seed29_all,union_oracle,ADE_vs_floor,easy,eu-locality-067,1219,1.4542753719205808,1.604267860679566,9.349591326690831,2.92395179467158,3.2421329991465377,3.1221577746709257
fold1_seed29_all,union_oracle,ADE_vs_floor,easy,eu-locality-074,17048,1.6941624396381298,2.0150773261529302,15.925685945138024,3.007710339606384,3.345599629796205,3.3305987055351305
fold1_seed29_all,union_oracle,ADE_vs_floor,easy,eu-locality-082,513,1.3690786756935633,1.5525560397603957,11.817761122178128,2.7186930291210247,3.082115750389932,2.9984720219030083
fold1_seed29_all,union_oracle,ADE_vs_floor,easy,eu-locality-112,571,1.7778593377082248,2.0165811470589508,11.837947096693124,2.990550578320203,3.170791497343396,3.178153114730163
fold1_seed29_all,union_oracle,ADE_vs_floor,easy,eu-locality-126,2160,1.202095689445582,1.4127470894303247,14.910765101606794,2.6219609025970145,3.080874591077875,2.9658956351988905
fold1_seed29_all,union_oracle,ADE_vs_floor,hard,eu-locality-008,28100,47.56113318203313,57.64722234882071,17.496227495155125,109.94589276069921,183.18380811918735,133.26205589400334
fold1_seed29_all,union_oracle,ADE_vs_floor,hard,eu-locality-020,30,38.697056501505685,42.24365929490159,8.395586113023946,59.022210599910814,65.32265319399764,64.72063289570352
fold1_seed29_all,union_oracle,ADE_vs_floor,hard,eu-locality-048,2478,50.333022702179264,60.095303775606894,16.244665489801903,111.88471986205947,184.8926929733013,129.88669741957895
fold1_seed29_all,union_oracle,ADE_vs_floor,hard,eu-locality-067,2296,51.38640769299165,61.34306811704575,16.23110928370306,119.65511827194852,184.9175683075432,138.2806398719763
fold1_seed29_all,union_oracle,ADE_vs_floor,hard,eu-locality-074,19310,46.13742880228391,56.92156698949112,18.945610174783457,107.41910087268724,187.87468857135804,130.0314063047894
fold1_seed29_all,union_oracle,ADE_vs_floor,hard,eu-locality-082,184,45.278625948623365,54.41238671377224,16.786179244802447,103.49084462666167,193.4294680329328,111.15642414153585
fold1_seed29_all,union_oracle,ADE_vs_floor,hard,eu-locality-112,1153,55.59090474016946,67.42966883057493,17.557203373120178,139.73850901405498,220.25074796789352,171.97692338953817
fold1_seed29_all,union_oracle,ADE_vs_floor,hard,eu-locality-126,1110,56.573671351106675,70.01648649782399,19.19949974515659,140.05841331781136,217.32913980406482,152.55973722899552
fold1_seed29_all,union_oracle,ADE_vs_floor,complete,eu-locality-008,97352,13.003464902040744,15.770171126435711,17.543920114836975,46.75902793693929,93.99692568783843,56.394451458517665
fold1_seed29_all,union_oracle,ADE_vs_floor,complete,eu-locality-020,364,6.13827321487128,6.757290231477205,9.160728567235187,21.61297716712974,39.592844214706254,22.682718227503177
fold1_seed29_all,union_oracle,ADE_vs_floor,complete,eu-locality-048,4716,20.732231236520224,24.905169277151636,16.7553088846488,74.30732602279072,127.35444536490382,88.06005689575474
fold1_seed29_all,union_oracle,ADE_vs_floor,complete,eu-locality-067,3417,23.456014673370248,28.19998534332922,16.822599771602974,74.26695954383636,138.95954599456348,87.81611306924334
fold1_seed29_all,union_oracle,ADE_vs_floor,complete,eu-locality-074,67309,14.725829809988886,18.192856636298394,19.057077707038573,49.6577415897618,102.09514526369216,59.67960932016846
fold1_seed29_all,union_oracle,ADE_vs_floor,complete,eu-locality-082,582,8.392612675191058,10.072259719049734,16.67597034538285,35.26862945899387,73.06869096810331,46.30650206106486
fold1_seed29_all,union_oracle,ADE_vs_floor,complete,eu-locality-112,2417,16.01019814771809,19.949230009984944,19.745282701614542,54.6446277680199,128.60154002057246,68.16569900614174
fold1_seed29_all,union_oracle,ADE_vs_floor,complete,eu-locality-126,3637,14.807113492783413,18.324033257939625,19.192934850368516,66.61813595912346,140.07558651290915,79.33620099124832
fold1_seed29_all,union_oracle,ADE_vs_floor,partial,eu-locality-008,60609,17.21799387808738,20.197682964723302,14.752628268500711,59.17504829919647,119.582267210292,69.15735156982349
fold1_seed29_all,union_oracle,ADE_vs_floor,partial,eu-locality-020,861,5.684976292006781,6.258786088286235,9.168068506980608,16.77323969956447,35.09168404290572,19.65836635238612
fold1_seed29_all,union_oracle,ADE_vs_floor,partial,eu-locality-048,3342,22.02354932261275,25.609726352104968,14.003183713040546,72.54317332686561,130.6317773461409,83.3801782051998
fold1_seed29_all,union_oracle,ADE_vs_floor,partial,eu-locality-067,3486,23.026220459258116,26.59727663411501,13.426397837575877,78.78105331007683,145.0236874731698,89.64246435426605
fold1_seed29_all,union_oracle,ADE_vs_floor,partial,eu-locality-074,35039,16.826622221555564,19.509630003070516,13.752222779687195,57.43106058769789,110.5687695035282,65.43688782140919
fold1_seed29_all,union_oracle,ADE_vs_floor,partial,eu-locality-082,786,13.67929013594267,15.736536689766789,13.073057905821884,44.10484590464024,97.51129841587675,53.906912473240496
fold1_seed29_all,union_oracle,ADE_vs_floor,partial,eu-locality-112,2587,23.138972139375905,27.116682392911603,14.668867658292461,82.41740057735551,153.19407477405252,97.4616852187702
fold1_seed29_all,union_oracle,ADE_vs_floor,partial,eu-locality-126,2153,16.337452074131996,19.550726401889197,16.43557513774373,75.80454709419656,136.53704105999898,85.3688280516796
fold1_seed29_all,union_oracle,ADE_vs_floor,endpoint,eu-locality-008,121088,14.296784600071968,17.351037394539063,17.602709999509123,51.22494340709188,105.64813373648717,62.15773207968107
fold1_seed29_all,union_oracle,ADE_vs_floor,endpoint,eu-locality-020,622,6.413139687397741,7.036192197870345,8.854967188946095,22.028947608274954,38.80214210959773,23.162697824857958
fold1_seed29_all,union_oracle,ADE_vs_floor,endpoint,eu-locality-048,5582,21.31022295994091,25.72253705107401,17.15349493859072,75.61313293499921,133.07929520359593,89.41600402170631
fold1_seed29_all,union_oracle,ADE_vs_floor,endpoint,eu-locality-067,4600,23.61061044521143,28.53430341534545,17.255346655794323,75.10203075289463,142.08294772480193,89.30520850524337
fold1_seed29_all,union_oracle,ADE_vs_floor,endpoint,eu-locality-074,81289,15.619954361920314,19.20351884399834,18.660978288351526,52.708900389732634,107.4963989187958,63.31527634673826
fold1_seed29_all,union_oracle,ADE_vs_floor,endpoint,eu-locality-082,859,9.694541683847529,11.916340993982843,18.644979287326635,41.07959878696744,91.45230715694737,51.50337092564544
fold1_seed29_all,union_oracle,ADE_vs_floor,endpoint,eu-locality-112,3719,19.287847676503922,23.750696293382873,18.790390655293475,67.51763300238684,152.211354733939,84.29381688871625
fold1_seed29_all,union_oracle,ADE_vs_floor,endpoint,eu-locality-126,4579,14.813641983814506,18.36006236095048,19.31594951811688,66.61164990175793,138.49137823676895,79.75066184792317
fold1_seed29_all,union_oracle,ADE_vs_floor,easy_complete,eu-locality-008,28571,1.4413357632440882,1.7006011712760019,15.24551508084524,2.6518356542946897,3.0694990210907362,3.054438740188515
fold1_seed29_all,union_oracle,ADE_vs_floor,easy_complete,eu-locality-020,178,1.1778393297432042,1.3342823947266502,11.724884147594262,2.5946692761507677,3.272867124230537,2.9829517203101314
fold1_seed29_all,union_oracle,ADE_vs_floor,easy_complete,eu-locality-048,1146,1.4275752990971686,1.6706141818740419,14.54787618911746,2.664242664261426,3.0821654762292194,3.0060318810623277
fold1_seed29_all,union_oracle,ADE_vs_floor,easy_complete,eu-locality-067,551,1.4766081571450616,1.6658742329177891,11.361366424476527,2.8133813248048503,3.168429782754086,3.089622175604263
fold1_seed29_all,union_oracle,ADE_vs_floor,easy_complete,eu-locality-074,11433,1.6377629930610156,2.004272978887083,18.28643052552552,2.903140906474367,3.3207709796788656,3.3259751873369785
fold1_seed29_all,union_oracle,ADE_vs_floor,easy_complete,eu-locality-082,284,1.2617789610677466,1.4655555878059554,13.904394240226491,2.532659778581886,2.9901117315041197,2.854845527349549
fold1_seed29_all,union_oracle,ADE_vs_floor,easy_complete,eu-locality-112,330,1.7040414496107519,1.9656906728610462,13.310803518717728,2.9119284689289358,3.1790414490421472,3.1704725731684187
fold1_seed29_all,union_oracle,ADE_vs_floor,easy_complete,eu-locality-126,1425,1.2190671812210052,1.4470061590423189,15.752453878439043,2.5503972855252566,2.9804334406383113,2.9533926629715967
fold1_seed29_all,union_oracle,ADE_vs_floor,hard_complete,eu-locality-008,16020,44.969495100344865,55.18006053782985,18.50408524014743,101.75168022682945,172.79249047047276,123.48470720304141
fold1_seed29_all,union_oracle,ADE_vs_floor,hard_complete,eu-locality-020,12,39.2470324889928,42.28702628985959,7.188951476580363,62.46425208392078,66.59930715521246,62.46425208392078
fold1_seed29_all,union_oracle,ADE_vs_floor,hard_complete,eu-locality-048,1483,49.897031894226096,60.53509501144295,17.57338138348662,111.50732473240191,180.10375248016382,128.6824664856046
fold1_seed29_all,union_oracle,ADE_vs_floor,hard_complete,eu-locality-067,1231,48.091293732770104,58.89663226011281,18.346275691319146,114.27143509340593,167.65085187246964,131.7398144105738
fold1_seed29_all,union_oracle,ADE_vs_floor,hard_complete,eu-locality-074,12476,44.09589157983826,56.02785784800246,21.296488437117013,105.0598233143786,183.48261049387557,128.03388521052315
fold1_seed29_all,union_oracle,ADE_vs_floor,hard_complete,eu-locality-082,57,44.51335956862028,53.90318389206825,17.419795354295687,99.76216415319672,114.16766309518187,111.63859838617915
fold1_seed29_all,union_oracle,ADE_vs_floor,hard_complete,eu-locality-112,449,51.2880423568668,65.0340778074704,21.136665443766166,132.00975192769042,213.3790701460295,172.23780707090177
fold1_seed29_all,union_oracle,ADE_vs_floor,hard_complete,eu-locality-126,695,55.33564607775693,69.47639530977948,20.353314487563956,141.75200745986584,203.7763116695863,153.38521719022407
fold1_seed29_all,union_oracle,FDE_vs_floor,all,eu-locality-008,121088,26.61247460549404,34.13233897520592,22.03149445801058,103.35374683514698,211.2214832759416,129.81114606818645
fold1_seed29_all,union_oracle,FDE_vs_floor,all,eu-locality-020,622,12.859539769060174,14.365172239098978,10.481130646946157,48.965422767887034,82.5590891536665,50.3975578298127
fold1_seed29_all,union_oracle,FDE_vs_floor,all,eu-locality-048,5582,43.506800961283275,54.24459491837431,19.795140830619083,165.54101403783872,287.9246200798697,201.83937703662744
fold1_seed29_all,union_oracle,FDE_vs_floor,all,eu-locality-067,4600,46.647030799386165,58.79285143425324,20.658669104439475,161.75162056111705,291.7033356327803,196.09432617203103
fold1_seed29_all,union_oracle,FDE_vs_floor,all,eu-locality-074,81289,29.208272437236758,38.00246535158953,23.141111591027176,105.15724014896777,207.86917252718965,130.777031162351
fold1_seed29_all,union_oracle,FDE_vs_floor,all,eu-locality-082,859,19.112868549370262,24.63929931973401,22.429334124520096,88.55800299042029,217.4587886912977,112.62203890720869
fold1_seed29_all,union_oracle,FDE_vs_floor,all,eu-locality-112,3719,34.473543727758376,45.66397271089702,24.50603466760617,134.01817606544256,286.25536587473727,168.38951928167873
fold1_seed29_all,union_oracle,FDE_vs_floor,all,eu-locality-126,4579,28.49848574876138,37.37550626098104,23.750903734211136,134.39764827996967,282.30708475314685,173.34695827803273
fold1_seed29_all,union_oracle,FDE_vs_floor,easy,eu-locality-008,32900,2.158270545965619,2.8234351673843894,23.55870002267395,4.612587454341069,7.804023368580232,5.775768148648531
fold1_seed29_all,union_oracle,FDE_vs_floor,easy,eu-locality-020,290,1.8321764368592202,2.25558902007044,18.77170794163544,4.726066498582969,8.117093400465636,5.640954657510774
fold1_seed29_all,union_oracle,FDE_vs_floor,easy,eu-locality-048,1250,2.221900608870803,2.8558171408391178,22.197378218062404,4.828813969560687,9.365649185598407,5.919185162009951
fold1_seed29_all,union_oracle,FDE_vs_floor,easy,eu-locality-067,734,2.2624832617148893,2.7317654408802854,17.178714253525897,5.3092140047505545,8.19129142836972,6.143109259261241
fold1_seed29_all,union_oracle,FDE_vs_floor,easy,eu-locality-074,12940,2.68386619012191,3.598382378294028,25.41464725062612,6.437897490384271,10.688054476888803,7.901761359730235
fold1_seed29_all,union_oracle,FDE_vs_floor,easy,eu-locality-082,391,1.9610735467328702,2.454382568823717,20.099108768005514,4.342137644108803,7.221908799624045,5.4370479440029476
fold1_seed29_all,union_oracle,FDE_vs_floor,easy,eu-locality-112,423,2.7187923287637954,3.3845202408739916,19.669786697398628,6.3351769780803755,12.822906345150994,7.494707965226553
fold1_seed29_all,union_oracle,FDE_vs_floor,easy,eu-locality-126,1768,1.7863649062280942,2.366221388518605,24.5055887460106,4.170565397004994,6.492833908201922,5.213971288922478
fold1_seed29_all,union_oracle,FDE_vs_floor,hard,eu-locality-008,22002,90.3168616937797,116.64738390709066,22.572749882057497,218.7996801033959,370.6492675862811,279.63763643970583
fold1_seed29_all,union_oracle,FDE_vs_floor,hard,eu-locality-020,18,77.36478115982254,86.6435394127926,10.709117281974855,117.3151892488592,125.35412109059021,117.3151892488592
fold1_seed29_all,union_oracle,FDE_vs_floor,hard,eu-locality-048,1769,105.3952982776775,132.414428681487,20.4049744977581,255.1855872193607,397.9294417971135,293.56265861382957
fold1_seed29_all,union_oracle,FDE_vs_floor,hard,eu-locality-067,1633,98.15826095658561,126.78609220408958,22.5796305807906,252.31553815717098,355.06621363070707,292.89822644705276
fold1_seed29_all,union_oracle,FDE_vs_floor,hard,eu-locality-074,16042,84.82519493977948,114.35734910461873,25.82444800974011,209.58389745550025,341.1440660162565,271.1113747613811
fold1_seed29_all,union_oracle,FDE_vs_floor,hard,eu-locality-082,103,92.9930010399709,124.50535325844282,25.310037997370237,264.839249478171,372.4221711360571,277.93782304116826
fold1_seed29_all,union_oracle,FDE_vs_floor,hard,eu-locality-112,847,102.19796739380452,136.4151601995013,25.083130610744142,275.7365926128722,473.7682385571485,387.3095468654183
fold1_seed29_all,union_oracle,FDE_vs_floor,hard,eu-locality-126,868,109.80953706404864,145.97932069081295,24.777333841258663,282.82001343736806,440.43111216834876,362.11048170639896
fold1_seed29_all,union_oracle,FDE_vs_floor,complete,eu-locality-008,97352,24.251251039605517,31.077436498255736,21.965085373220372,94.9941795537315,190.469996133117,118.85840798116594
fold1_seed29_all,union_oracle,FDE_vs_floor,complete,eu-locality-020,364,12.433535680182318,13.952963756066742,10.889643967030139,49.97637524479037,82.86375181655934,56.33740351154471
fold1_seed29_all,union_oracle,FDE_vs_floor,complete,eu-locality-048,4716,42.82164579197892,52.85642341176441,18.98497282272038,165.57009623235797,291.3587274386098,197.83802462557355
fold1_seed29_all,union_oracle,FDE_vs_floor,complete,eu-locality-067,3417,47.031110270670126,58.599991471196795,19.742120962957877,158.23727207438134,290.6228755154741,190.15693082645632
fold1_seed29_all,union_oracle,FDE_vs_floor,complete,eu-locality-074,67309,27.527536833183703,36.01980029196504,23.576653368274535,99.14947644407432,194.68992257321057,123.42573599139313
fold1_seed29_all,union_oracle,FDE_vs_floor,complete,eu-locality-082,582,15.812721960571688,19.975508120671154,20.839450666046943,74.00410272241687,165.5398851728982,100.71659883440256
fold1_seed29_all,union_oracle,FDE_vs_floor,complete,eu-locality-112,2417,28.00685383583339,37.82214160286299,25.95116868339,101.04113934727731,269.7614523475113,129.96009353788176
fold1_seed29_all,union_oracle,FDE_vs_floor,complete,eu-locality-126,3637,28.750333867228235,37.530012699891266,23.39375396131552,135.65331114042206,290.2963097146204,173.03064763710094
fold1_seed29_all,union_oracle,FDE_vs_floor,partial,eu-locality-008,23736,36.296913288775976,46.6618665255958,22.21289890136361,139.48729515245776,274.4305778222599,174.2060188957321
fold1_seed29_all,union_oracle,FDE_vs_floor,partial,eu-locality-020,258,13.460568793678542,14.946737695780119,9.943098837689268,47.52141327182181,79.60935088795026,48.995983895651484
fold1_seed29_all,union_oracle,FDE_vs_floor,partial,eu-locality-048,866,47.237969296663515,61.80419864259175,23.5683491831412,163.89241124438593,279.18535606259854,226.50797878652108
fold1_seed29_all,union_oracle,FDE_vs_floor,partial,eu-locality-067,1183,45.537648252152614,59.34991186854226,23.272593305586142,168.9632704241312,323.74427542971404,206.57636008729673
fold1_seed29_all,union_oracle,FDE_vs_floor,partial,eu-locality-074,13980,37.30044931657919,47.54833105246688,21.55255822665938,132.0321302706097,252.35417923258123,164.0443203849563
fold1_seed29_all,union_oracle,FDE_vs_floor,partial,eu-locality-082,277,26.046750551827905,34.43831187516572,24.366935736444052,105.02810873549035,295.21475527369677,146.71054103169644
fold1_seed29_all,union_oracle,FDE_vs_floor,partial,eu-locality-112,1302,46.47814393419671,60.22135042834578,22.821152957208078,172.75611047862145,347.65967915862495,229.97070745286433
fold1_seed29_all,union_oracle,FDE_vs_floor,partial,eu-locality-126,942,27.526116739351647,36.77896706956229,25.157994004318198,127.02814588394982,243.2869374111849,173.31879895941634
fold1_seed29_all,union_oracle,FDE_vs_floor,endpoint,eu-locality-008,121088,26.61247460549404,34.13233897520592,22.03149445801058,103.35374683514698,211.2214832759416,129.81114606818645
fold1_seed29_all,union_oracle,FDE_vs_floor,endpoint,eu-locality-020,622,12.859539769060174,14.365172239098978,10.481130646946157,48.965422767887034,82.5590891536665,50.3975578298127
fold1_seed29_all,union_oracle,FDE_vs_floor,endpoint,eu-locality-048,5582,43.506800961283275,54.24459491837431,19.795140830619083,165.54101403783872,287.9246200798697,201.83937703662744
fold1_seed29_all,union_oracle,FDE_vs_floor,endpoint,eu-locality-067,4600,46.647030799386165,58.79285143425324,20.658669104439475,161.75162056111705,291.7033356327803,196.09432617203103
fold1_seed29_all,union_oracle,FDE_vs_floor,endpoint,eu-locality-074,81289,29.208272437236758,38.00246535158953,23.141111591027176,105.15724014896777,207.86917252718965,130.777031162351
fold1_seed29_all,union_oracle,FDE_vs_floor,endpoint,eu-locality-082,859,19.112868549370262,24.63929931973401,22.429334124520096,88.55800299042029,217.4587886912977,112.62203890720869
fold1_seed29_all,union_oracle,FDE_vs_floor,endpoint,eu-locality-112,3719,34.473543727758376,45.66397271089702,24.50603466760617,134.01817606544256,286.25536587473727,168.38951928167873
fold1_seed29_all,union_oracle,FDE_vs_floor,endpoint,eu-locality-126,4579,28.49848574876138,37.37550626098104,23.750903734211136,134.39764827996967,282.30708475314685,173.34695827803273
fold1_seed29_all,union_oracle,FDE_vs_floor,easy_complete,eu-locality-008,28571,2.1220966506041274,2.782781643090656,23.741891288054795,4.528194303435074,7.5163630786308735,5.6985873849397635
fold1_seed29_all,union_oracle,FDE_vs_floor,easy_complete,eu-locality-020,178,1.7803808055969657,2.211361003046828,19.48936410002956,4.428443466200578,7.634992483488128,5.486303503667565
fold1_seed29_all,union_oracle,FDE_vs_floor,easy_complete,eu-locality-048,1146,2.1936042247564562,2.807447167202056,21.864808343209706,4.800898463594119,8.966740372162429,5.780711599696689
fold1_seed29_all,union_oracle,FDE_vs_floor,easy_complete,eu-locality-067,551,2.2780006141132625,2.7693074028299165,17.741143082006516,5.6226200480276605,8.64548504366263,6.392443675150393
fold1_seed29_all,union_oracle,FDE_vs_floor,easy_complete,eu-locality-074,11433,2.669286014770016,3.586387040419569,25.571724839331957,6.331788049181794,10.462521313882922,7.73953925233751
fold1_seed29_all,union_oracle,FDE_vs_floor,easy_complete,eu-locality-082,284,1.8759378245135376,2.3563277094514303,20.387227252432172,4.048868219176616,7.227419208919501,5.190976484991077
fold1_seed29_all,union_oracle,FDE_vs_floor,easy_complete,eu-locality-112,330,2.6738800570751393,3.3098430862527874,19.214295439535434,6.170233659267199,12.718276515022978,7.551585216917998
fold1_seed29_all,union_oracle,FDE_vs_floor,easy_complete,eu-locality-126,1425,1.808193234676176,2.384409759100131,24.16600260189412,4.252198848125762,6.530898924411531,5.2241063848355145
fold1_seed29_all,union_oracle,FDE_vs_floor,hard_complete,eu-locality-008,16020,86.9716358746625,111.8743472768712,22.259536710930217,203.97715934964862,355.87746799989225,261.2935084078621
fold1_seed29_all,union_oracle,FDE_vs_floor,hard_complete,eu-locality-020,12,78.59931485745416,87.37594685707455,10.04467741445686,114.43867577212549,124.7788183952435,114.97266727663688
fold1_seed29_all,union_oracle,FDE_vs_floor,hard_complete,eu-locality-048,1483,105.55136973202863,131.103787636715,19.49022096561498,255.23316554001136,377.39531345996903,291.60438303435143
fold1_seed29_all,union_oracle,FDE_vs_floor,hard_complete,eu-locality-067,1231,97.34082764287388,124.14546396928503,21.591313503844912,252.07792668375384,339.34634699137877,289.2452535549718
fold1_seed29_all,union_oracle,FDE_vs_floor,hard_complete,eu-locality-074,12476,82.08483551504126,111.96881927109438,26.689558709821902,199.73163532479091,330.938420852479,262.44471043033894
fold1_seed29_all,union_oracle,FDE_vs_floor,hard_complete,eu-locality-082,57,89.01747600493931,112.23735093617965,20.688188680115605,210.7885385522452,271.6568568800263,239.5686582808639
fold1_seed29_all,union_oracle,FDE_vs_floor,hard_complete,eu-locality-112,449,93.19292003947005,127.5034119469149,26.909469624020545,275.0020945137024,454.35991040888166,387.5177952946917
fold1_seed29_all,union_oracle,FDE_vs_floor,hard_complete,eu-locality-126,695,111.5258369452658,147.0628375317764,24.16450082355578,297.27851092022723,456.3648384613286,368.7116566311405
fold1_seed29_all,union_oracle,ADE_vs_CV,all,eu-locality-008,157961,14.620562709152694,18.214515006924465,19.731254422121523,51.19488913378704,105.50064536949638,63.9700524103003
fold1_seed29_all,union_oracle,ADE_vs_CV,all,eu-locality-020,1225,5.819670234800803,6.529874789510041,10.876235419554304,18.763709465028253,38.04062203342596,21.020763749430696
fold1_seed29_all,union_oracle,ADE_vs_CV,all,eu-locality-048,8058,21.267796518689646,26.698045849916497,20.339501107133785,73.6618222508428,129.538311484968,89.55098636922551
fold1_seed29_all,union_oracle,ADE_vs_CV,all,eu-locality-067,6903,23.23896952917282,29.011553933538778,19.897536056117858,76.82474478866804,142.07035817249775,93.29868317030169
fold1_seed29_all,union_oracle,ADE_vs_CV,all,eu-locality-074,102348,15.44503942140176,19.761464600296893,21.84263801393691,52.26360621869244,105.24216193733373,64.81408896393752
fold1_seed29_all,union_oracle,ADE_vs_CV,all,eu-locality-082,1368,11.430133496938694,13.688548886436024,16.49857416029826,42.842796217857895,88.44309460524764,51.85945295918717
fold1_seed29_all,union_oracle,ADE_vs_CV,all,eu-locality-112,5004,19.69567742757795,24.679682084525158,20.194768473425007,70.67803482416004,145.2741939301036,86.2710070848162
fold1_seed29_all,union_oracle,ADE_vs_CV,all,eu-locality-126,5790,15.376166854725295,19.860903597678185,22.580728620409662,68.78611051281464,139.16865006254682,86.5533275336093
fold1_seed29_all,union_oracle,ADE_vs_CV,easy,eu-locality-008,39889,1.4814441932255686,1.791172498853141,17.291930611143613,2.7810167636934695,3.208566665282683,3.2504176960159774
fold1_seed29_all,union_oracle,ADE_vs_CV,easy,eu-locality-020,593,1.1248221311701494,1.2706472215919324,11.476441922179303,2.912618677577817,3.281873299441771,3.051349724629029
fold1_seed29_all,union_oracle,ADE_vs_CV,easy,eu-locality-048,1582,1.4576716943848522,1.7551327263969017,16.948064812323615,2.7713967289893193,3.247271568695063,3.2298308573246963
fold1_seed29_all,union_oracle,ADE_vs_CV,easy,eu-locality-067,1219,1.4542753719205808,1.6528940070695597,12.016416920835283,2.92395179467158,3.2421329991465377,3.222473275402277
fold1_seed29_all,union_oracle,ADE_vs_CV,easy,eu-locality-074,17048,1.6941624396381298,2.0239574238081066,16.294561352454863,3.007710339606384,3.345599629796205,3.3016095862663026
fold1_seed29_all,union_oracle,ADE_vs_CV,easy,eu-locality-082,513,1.3690786756935633,1.6221340438704122,15.600151487669823,2.7186930291210247,3.082115750389932,3.137173321764387
fold1_seed29_all,union_oracle,ADE_vs_CV,easy,eu-locality-112,571,1.7778593377082248,2.110763890677913,15.771757061031089,2.990550578320203,3.170791497343396,3.3318797717711783
fold1_seed29_all,union_oracle,ADE_vs_CV,easy,eu-locality-126,2160,1.202095689445582,1.4931553251754432,19.49292420034481,2.6219609025970145,3.080874591077875,3.15811922069773
fold1_seed29_all,union_oracle,ADE_vs_CV,hard,eu-locality-008,28100,47.56113318203313,60.74188321281993,21.69960714686061,109.94589276069921,183.18380811918735,138.48767980783674
fold1_seed29_all,union_oracle,ADE_vs_CV,hard,eu-locality-020,30,38.697056501505685,43.81825835804657,11.687369714000628,59.022210599910814,65.32265319399764,64.04793996418368
fold1_seed29_all,union_oracle,ADE_vs_CV,hard,eu-locality-048,2478,50.333022702179264,63.88573915651315,21.21399334698343,111.88471986205947,184.8926929733013,138.97729297348553
fold1_seed29_all,union_oracle,ADE_vs_CV,hard,eu-locality-067,2296,51.38640769299165,65.07172046247634,21.03112177182458,119.65511827194852,184.9175683075432,143.40335944857748
fold1_seed29_all,union_oracle,ADE_vs_CV,hard,eu-locality-074,19310,46.13742880228391,60.351879335065945,23.552622866746564,107.41910087268724,187.87468857135804,136.81762092091788
fold1_seed29_all,union_oracle,ADE_vs_CV,hard,eu-locality-082,184,45.278625948623365,55.75797833667997,18.794354997557072,103.49084462666167,193.4294680329328,112.9711774505625
fold1_seed29_all,union_oracle,ADE_vs_CV,hard,eu-locality-112,1153,55.59090474016946,70.01758802603055,20.60437054829376,139.73850901405498,220.25074796789352,174.675987810338
fold1_seed29_all,union_oracle,ADE_vs_CV,hard,eu-locality-126,1110,56.573671351106675,74.02161712516786,23.57141933897141,140.05841331781136,217.32913980406482,160.69598223874476
fold1_seed29_easy,original_neural,ADE_vs_floor,all,eu-locality-008,157961,18.14449332478546,17.98346478854126,-0.8954255375015707,63.9700524103003,131.398306991468,63.52929022072974
fold1_seed29_easy,original_neural,ADE_vs_floor,all,eu-locality-020,1225,6.444409180061838,6.496427086559671,0.8007156211366162,20.950455289077674,42.958840384020256,20.950455289077674
fold1_seed29_easy,original_neural,ADE_vs_floor,all,eu-locality-048,8058,26.669689529142445,26.479669177915895,-0.7176084789799031,89.55098636922551,160.14365905851415,88.84583659443086
fold1_seed29_easy,original_neural,ADE_vs_floor,all,eu-locality-067,6903,28.917403073136263,28.822328841937583,-0.32986311314422423,93.15038154789627,168.56927310186109,92.86633976615431
fold1_seed29_easy,original_neural,ADE_vs_floor,all,eu-locality-074,102348,19.678512168173494,19.449248917612554,-1.1787768850720415,64.59806835419754,133.13058808342765,64.11329994786327
fold1_seed29_easy,original_neural,ADE_vs_floor,all,eu-locality-082,1368,13.5827133208306,13.545184441815437,-0.27706436317920247,51.85945295918717,101.91283477915022,51.77887705037489
fold1_seed29_easy,original_neural,ADE_vs_floor,all,eu-locality-112,5004,24.616455980890557,24.31915975872915,-1.2224773598713545,86.2710070848162,186.18759729912014,86.23583738842102
fold1_seed29_easy,original_neural,ADE_vs_floor,all,eu-locality-126,5790,19.821733366701775,19.6674845171028,-0.7842835694866768,86.5533275336093,157.09863889864567,86.35315067436316
fold1_seed29_easy,original_neural,ADE_vs_floor,easy,eu-locality-008,39889,1.679696114245837,1.7149047037850131,2.053093064673872,3.195904640964941,3.3954095838629756,3.0997536331079187
fold1_seed29_easy,original_neural,ADE_vs_floor,easy,eu-locality-020,593,1.2215301629067095,1.2550129624336412,2.667924597527982,3.0318566298574696,3.3539688910646857,3.0318566298574696
fold1_seed29_easy,original_neural,ADE_vs_floor,easy,eu-locality-048,1582,1.6788314898529857,1.6792382898403921,0.024225268674948897,3.199291958932108,3.380921428523672,3.0787128016195435
fold1_seed29_easy,original_neural,ADE_vs_floor,easy,eu-locality-067,1219,1.5988477591088754,1.6028218353634116,0.24794248286710285,3.168876956579758,3.354115395758597,3.113645588465504
fold1_seed29_easy,original_neural,ADE_vs_floor,easy,eu-locality-074,17048,1.9231404363043902,1.9721066918524313,2.482941503638747,3.282883782736815,3.41825870996589,3.253578189683598
fold1_seed29_easy,original_neural,ADE_vs_floor,easy,eu-locality-082,513,1.5296870074090434,1.5527411196069911,1.4847363740700614,3.0150062281520245,3.3985381727388595,2.982245275115995
fold1_seed29_easy,original_neural,ADE_vs_floor,easy,eu-locality-112,571,2.0436765161746355,2.0102907592077535,-1.6607426967449879,3.302177776059306,3.4178813010379274,3.1756828589252075
fold1_seed29_easy,original_neural,ADE_vs_floor,easy,eu-locality-126,2160,1.4255140943665943,1.4117003418862564,-0.9785187458324573,3.1001873391648536,3.360275398533287,2.9648916649582264
fold1_seed29_easy,original_neural,ADE_vs_floor,hard,eu-locality-008,28100,60.737256367446804,60.268305129463265,-0.7781058999024149,138.40271059468105,231.191604809736,137.73329398839354
fold1_seed29_easy,original_neural,ADE_vs_floor,hard,eu-locality-020,30,43.81825835804657,43.81825835804657,0.0,64.04793996418368,69.65016417684733,64.04793996418368
fold1_seed29_easy,original_neural,ADE_vs_floor,hard,eu-locality-048,2478,63.87805000855007,63.57384511506502,-0.4785063620651897,138.97729297348553,219.8528418739297,138.2576334561161
fold1_seed29_easy,original_neural,ADE_vs_floor,hard,eu-locality-067,2296,64.89950216658973,64.82501875342679,-0.11489917719307297,143.40335944857748,213.5382101003649,143.40335944857748
fold1_seed29_easy,original_neural,ADE_vs_floor,hard,eu-locality-074,19310,60.210046844446794,59.645374388355016,-0.9467162573499222,136.34580362984687,238.68092584473587,135.4839089246641
fold1_seed29_easy,original_neural,ADE_vs_floor,hard,eu-locality-082,184,55.72383080790609,55.565550683264966,-0.28485297580034263,116.31814171012962,199.45076524670506,111.3765512077366
fold1_seed29_easy,original_neural,ADE_vs_floor,hard,eu-locality-112,1153,69.98873815973664,69.58882130617576,-0.5746854826026437,174.675987810338,312.16727648534334,174.675987810338
fold1_seed29_easy,original_neural,ADE_vs_floor,hard,eu-locality-126,1110,74.02400930283017,73.87553317567664,-0.2009814626994899,160.69598223874476,237.31079754913677,160.69598223874476
fold1_seed29_easy,original_neural,ADE_vs_floor,complete,eu-locality-008,97352,16.5054937550664,16.33350990717464,-1.0529509509539903,59.08814214477198,120.28398950207574,58.67583906088502
fold1_seed29_easy,original_neural,ADE_vs_floor,complete,eu-locality-020,364,6.781749061366121,6.896475169177139,1.6635470294125154,22.682718227503177,49.70629992513765,22.682718227503177
fold1_seed29_easy,original_neural,ADE_vs_floor,complete,eu-locality-048,4716,26.68459209438391,26.475224296206587,-0.7908065134213826,91.38499461110202,161.22338275660073,91.13445156792241
fold1_seed29_easy,original_neural,ADE_vs_floor,complete,eu-locality-067,3417,30.13701102084501,29.982311550305397,-0.5159691249290388,92.49833101194194,166.36606324874677,91.88635300744536
fold1_seed29_easy,original_neural,ADE_vs_floor,complete,eu-locality-074,67309,19.45283012361743,19.176820827797968,-1.439285991655992,63.5009985657567,131.46535978788424,62.89827679485876
fold1_seed29_easy,original_neural,ADE_vs_floor,complete,eu-locality-082,582,10.413454397541129,10.39121388337378,-0.2140319159721571,48.19172118275565,88.77064559267427,48.19172118275565
fold1_seed29_easy,original_neural,ADE_vs_floor,complete,eu-locality-112,2417,21.048895967265707,20.704815550567986,-1.6618376331697604,70.63131723055629,171.1830006493205,70.027610397282
fold1_seed29_easy,original_neural,ADE_vs_floor,complete,eu-locality-126,3637,19.540044313702126,19.359736587165674,-0.9313542347264336,85.5211371225543,163.85887416785963,85.0633117366397
fold1_seed29_easy,original_neural,ADE_vs_floor,partial,eu-locality-008,60609,20.777103764015436,20.633671979070762,-0.6951345601023506,71.16458137501306,149.53865788768113,70.78764133985413
fold1_seed29_easy,original_neural,ADE_vs_floor,partial,eu-locality-020,861,6.301793945689294,6.327301067892123,0.40312799927073595,19.979117977348317,40.11869080861428,20.00346745004128
fold1_seed29_easy,original_neural,ADE_vs_floor,partial,eu-locality-048,3342,26.64866005646777,26.485941488550573,-0.6143582548784776,84.23221156137625,156.40296156578447,83.72225273334138
fold1_seed29_easy,original_neural,ADE_vs_floor,partial,eu-locality-067,3486,27.721935386010394,27.68530620438944,-0.132305495740348,93.17889670482512,169.03718823289313,93.12027503694439
fold1_seed29_easy,original_neural,ADE_vs_floor,partial,eu-locality-074,35039,20.112041456595662,19.972576132924917,-0.698284100871871,67.05598581710711,135.62913100668516,66.82395621877974
fold1_seed29_easy,original_neural,ADE_vs_floor,partial,eu-locality-082,786,15.929416493037309,15.88056722173025,-0.30760407122119027,54.22413936680799,109.95384492983584,54.22413936680799
fold1_seed29_easy,original_neural,ADE_vs_floor,partial,eu-locality-112,2587,27.949580276573297,27.695993910691087,-0.9156066639093297,99.24893977496998,197.23458912134922,99.24893977496998
fold1_seed29_easy,original_neural,ADE_vs_floor,partial,eu-locality-126,2153,20.29758245437466,20.187354104274796,-0.5460267330255064,89.50105669523992,149.32359671746252,89.50105669523992
fold1_seed29_easy,original_neural,ADE_vs_floor,endpoint,eu-locality-008,121088,18.132660325022965,17.940841152557816,-1.069176025995855,64.9495433918475,134.0464322150041,64.5576064722536
fold1_seed29_easy,original_neural,ADE_vs_floor,endpoint,eu-locality-020,622,7.052492375487538,7.143989261188116,1.2807534047911129,24.767553584165828,41.43936474820229,24.82301529514794
fold1_seed29_easy,original_neural,ADE_vs_floor,endpoint,eu-locality-048,5582,27.459029255369245,27.248626416574396,-0.7721594313718105,94.48789605087438,165.7475602615107,93.72150990232652
fold1_seed29_easy,original_neural,ADE_vs_floor,endpoint,eu-locality-067,4600,30.470453692344474,30.332861036661274,-0.4536092243883738,93.85374671294792,172.94540871767404,93.39143769968017
fold1_seed29_easy,original_neural,ADE_vs_floor,endpoint,eu-locality-074,81289,20.431048669551874,20.1591873256119,-1.3485729337639585,66.6078499614644,139.24630825049616,66.03362727611453
fold1_seed29_easy,original_neural,ADE_vs_floor,endpoint,eu-locality-082,859,12.213438504567039,12.187179313353631,-0.21546569996417908,52.352177285238206,105.1335274809867,52.27095225543142
fold1_seed29_easy,original_neural,ADE_vs_floor,endpoint,eu-locality-112,3719,24.901969672528157,24.544678111060954,-1.4556783342218438,86.85175214551717,196.30345385094049,86.79200067905488
fold1_seed29_easy,original_neural,ADE_vs_floor,endpoint,eu-locality-126,4579,19.52028377384559,19.34679755731952,-0.8967180020986731,85.00384755239723,157.17576759316756,84.92075067419465
fold1_seed29_easy,original_neural,ADE_vs_floor,easy_complete,eu-locality-008,28571,1.6568351257213205,1.6939169461514,2.189116799045543,3.173832874257814,3.3892208564125825,3.050645272619493
fold1_seed29_easy,original_neural,ADE_vs_floor,easy_complete,eu-locality-020,178,1.298484725080118,1.3334932448230963,2.6253241161054874,2.9413926168960103,3.3588222239648715,2.9829517203101314
fold1_seed29_easy,original_neural,ADE_vs_floor,easy_complete,eu-locality-048,1146,1.6712167218480345,1.668346661657267,-0.1720302055159495,3.1474880155829505,3.3722004936946797,2.999118314144968
fold1_seed29_easy,original_neural,ADE_vs_floor,easy_complete,eu-locality-067,551,1.6547507832911021,1.6648698455058244,0.6077989965424524,3.1654511032955344,3.3667092262572007,3.084165865748682
fold1_seed29_easy,original_neural,ADE_vs_floor,easy_complete,eu-locality-074,11433,1.89254425421459,1.9557607019529664,3.232320174715142,3.273969763305749,3.4165978931373333,3.217565099259697
fold1_seed29_easy,original_neural,ADE_vs_floor,easy_complete,eu-locality-082,284,1.4389532996465069,1.4655555878059554,1.815167461459044,2.946410916099962,3.331163863820244,2.854845527349549
fold1_seed29_easy,original_neural,ADE_vs_floor,easy_complete,eu-locality-112,330,1.9917740065862166,1.954630836120511,-1.9002652459646274,3.307797776755602,3.4199848821576784,3.16520642651851
fold1_seed29_easy,original_neural,ADE_vs_floor,easy_complete,eu-locality-126,1425,1.4713582401454646,1.4458009119045219,-1.7676934652971488,3.1036483891294546,3.344444411035387,2.950095241022088
fold1_seed29_easy,original_neural,ADE_vs_floor,hard_complete,eu-locality-008,16020,58.727313682611914,58.24060793658706,-0.8356810879357246,128.73047314432887,222.13878514405027,128.40448348414586
fold1_seed29_easy,original_neural,ADE_vs_floor,hard_complete,eu-locality-020,12,43.781301733230265,43.781301733230265,0.0,62.9047951209938,66.68741576262705,62.9047951209938
fold1_seed29_easy,original_neural,ADE_vs_floor,hard_complete,eu-locality-048,1483,65.1659192962605,64.822043883768,-0.5304914684718831,141.58595211236764,214.40105615054253,140.51767902286826
fold1_seed29_easy,original_neural,ADE_vs_floor,hard_complete,eu-locality-067,1231,63.05927099833636,62.9030058938051,-0.24842231672532744,143.31244618430566,208.1196815417212,142.93137594304721
fold1_seed29_easy,original_neural,ADE_vs_floor,hard_complete,eu-locality-074,12476,60.02989887423133,59.345181974750766,-1.1537868394638773,136.39017978614865,240.0781295115118,134.86796410957527
fold1_seed29_easy,original_neural,ADE_vs_floor,hard_complete,eu-locality-082,57,56.55661352336646,56.5126904820624,-0.07772243885291186,112.22482304349282,129.3054324794315,112.92067823508157
fold1_seed29_easy,original_neural,ADE_vs_floor,hard_complete,eu-locality-112,449,68.3970576901847,67.99554926479962,-0.5904922156323211,177.03522847019997,316.334053662744,177.03522847019997
fold1_seed29_easy,original_neural,ADE_vs_floor,hard_complete,eu-locality-126,695,74.22462241740429,74.09987434387142,-0.16835126191168115,166.0065211709221,236.54700954561608,166.0065211709221
fold1_seed29_easy,original_neural,FDE_vs_floor,all,eu-locality-008,121088,36.31253674239689,35.78735471638497,-1.4675072526985966,137.23990844423767,282.186596699752,136.33020938660223
fold1_seed29_easy,original_neural,FDE_vs_floor,all,eu-locality-020,622,14.40423799871121,14.706206852903373,2.0533428994475633,54.18434016797015,99.18086841907973,54.18434016797015
fold1_seed29_easy,original_neural,FDE_vs_floor,all,eu-locality-048,5582,59.213640488211084,58.58241339090806,-1.0775027192734044,216.2196458274127,355.1127410078038,215.2863082525073
fold1_seed29_easy,original_neural,FDE_vs_floor,all,eu-locality-067,4600,64.34968823221932,63.93822542856737,-0.6435317853975109,207.16877909819794,394.0447029702928,207.16877909819794
fold1_seed29_easy,original_neural,FDE_vs_floor,all,eu-locality-074,81289,41.514868989226244,40.72362514367756,-1.942960241768965,140.25222867033568,286.29165148053147,138.69469217714217
fold1_seed29_easy,original_neural,FDE_vs_floor,all,eu-locality-082,859,25.47669810655416,25.38336264234721,-0.36770330835220744,114.66976098816347,234.31504208196256,114.66976098816347
fold1_seed29_easy,original_neural,FDE_vs_floor,all,eu-locality-112,3719,48.77142178046323,47.808704713215654,-2.013685735730575,180.87314969023402,421.94751964792783,179.87567584626288
fold1_seed29_easy,original_neural,FDE_vs_floor,all,eu-locality-126,4579,40.69326816283536,40.22672155758498,-1.1597927625857096,186.02531258567237,367.4904107537943,186.84649265295374
fold1_seed29_easy,original_neural,FDE_vs_floor,easy,eu-locality-008,32900,2.7068432017528825,2.8031345925835263,3.435132622079917,6.011348355540839,8.364316814804564,5.752477783510154
fold1_seed29_easy,original_neural,FDE_vs_floor,easy,eu-locality-020,290,2.151781630477832,2.295806832372624,6.273402442397469,5.45348454462431,8.117093400465636,5.653964310699582
fold1_seed29_easy,original_neural,FDE_vs_floor,easy,eu-locality-048,1250,2.8354139871883737,2.8300292384771644,-0.1902718402339465,6.203104669764605,9.95771737799455,5.913491891037606
fold1_seed29_easy,original_neural,FDE_vs_floor,easy,eu-locality-067,734,2.72684308857344,2.7403957139946336,0.4945499422577271,6.095873860553406,9.141493738017529,6.159309644436956
fold1_seed29_easy,original_neural,FDE_vs_floor,easy,eu-locality-074,12940,3.3403745354454895,3.4827527529251627,4.08809432022098,7.095552814527966,11.023688507460752,7.157669997665338
fold1_seed29_easy,original_neural,FDE_vs_floor,easy,eu-locality-082,391,2.3902454800803588,2.454382568823717,2.6131659162693777,5.715322373562434,7.292858240928879,5.4370479440029476
fold1_seed29_easy,original_neural,FDE_vs_floor,easy,eu-locality-112,423,3.478620701215459,3.3706222852377583,-3.2041091180907033,7.318414221823699,12.933674920729793,7.2959124108582305
fold1_seed29_easy,original_neural,FDE_vs_floor,easy,eu-locality-126,1768,2.4062931333258244,2.3624726819716995,-1.8548553677900204,5.701613751477629,7.442350141051978,5.213971288922478
fold1_seed29_easy,original_neural,FDE_vs_floor,hard,eu-locality-008,22002,126.18782904709938,124.73017370797257,-1.168646924632366,294.5321374493369,497.40754675385443,293.1810614480155
fold1_seed29_easy,original_neural,FDE_vs_floor,hard,eu-locality-020,18,89.28776442359735,89.28776442359735,0.0,117.3151892488592,125.35412109059021,117.3151892488592
fold1_seed29_easy,original_neural,FDE_vs_floor,hard,eu-locality-048,1769,144.98323509884025,143.93331124091506,-0.7294516112172467,310.51436902474313,453.113548358864,310.51436902474313
fold1_seed29_easy,original_neural,FDE_vs_floor,hard,eu-locality-067,1633,138.7288250595667,138.33863430873308,-0.2820547945867613,315.11114527743234,454.6588358272158,315.11114527743234
fold1_seed29_easy,original_neural,FDE_vs_floor,hard,eu-locality-074,16042,124.72933513975863,122.89930414810182,-1.4890491075942203,287.17511269172803,491.81250210447604,285.4121987158981
fold1_seed29_easy,original_neural,FDE_vs_floor,hard,eu-locality-082,103,129.09266419179195,128.85201797704747,-0.18676169649693986,275.8757296900002,384.9003515886814,277.93782304116826
fold1_seed29_easy,original_neural,FDE_vs_floor,hard,eu-locality-112,847,144.76561075147984,143.47701236885726,-0.8981218394134016,394.2222345963048,625.456663177057,394.2222345963048
fold1_seed29_easy,original_neural,FDE_vs_floor,hard,eu-locality-126,868,158.8381092546889,158.4582949790048,-0.23969352676327382,381.7058653169035,549.0683679219857,381.7058653169035
fold1_seed29_easy,original_neural,FDE_vs_floor,complete,eu-locality-008,97352,33.13197526047549,32.66032043528029,-1.4441218546212164,125.35121888607713,253.1439335446307,124.69390806189993
fold1_seed29_easy,original_neural,FDE_vs_floor,complete,eu-locality-020,364,14.03750315903207,14.445668616234704,2.825521393616337,57.42336195362734,104.22276055606251,57.42336195362734
fold1_seed29_easy,original_neural,FDE_vs_floor,complete,eu-locality-048,4716,57.937868652107504,57.31658074988384,-1.0839584184807238,211.2217582163178,351.841151886696,211.07901350209556
fold1_seed29_easy,original_neural,FDE_vs_floor,complete,eu-locality-067,3417,64.15900629384535,63.71775504665264,-0.6925090924337018,203.10046501216658,394.5902657386637,202.97766602104522
fold1_seed29_easy,original_neural,FDE_vs_floor,complete,eu-locality-074,67309,39.63333872417256,38.828573603031245,-2.072610571196698,133.98201504507375,270.05514305522775,132.10299808412034
fold1_seed29_easy,original_neural,FDE_vs_floor,complete,eu-locality-082,582,20.934637965846257,20.848873125388888,-0.4113643933730371,101.05798186988082,196.24839397056274,101.05798186988082
fold1_seed29_easy,original_neural,FDE_vs_floor,complete,eu-locality-112,2417,40.82526591946413,39.91272183095244,-2.2863489299895567,140.54076003111032,380.5613452949926,140.54076003111032
fold1_seed29_easy,original_neural,FDE_vs_floor,complete,eu-locality-126,3637,41.0060586058958,40.521356092565284,-1.1961655780307057,188.76481719652378,381.72102862533023,189.26445610861697
fold1_seed29_easy,original_neural,FDE_vs_floor,partial,eu-locality-008,23736,49.357448327668706,48.612727202654895,-1.5319468128361713,185.73747747593956,363.34769248879445,183.68988112608088
fold1_seed29_easy,original_neural,FDE_vs_floor,partial,eu-locality-020,258,14.921646842289531,15.073787930994051,1.0093089368180208,50.52160752263893,80.91138501947854,50.52160752263893
fold1_seed29_easy,original_neural,FDE_vs_floor,partial,eu-locality-048,866,66.16114623770817,65.47579299260576,-1.0467276741188858,242.34434814718622,393.48486748673645,240.7350887420016
fold1_seed29_easy,original_neural,FDE_vs_floor,partial,eu-locality-067,1183,64.90045761803827,64.5750363288232,-0.5039428666489432,230.00962682825545,388.8132633418334,223.58277671684624
fold1_seed29_easy,original_neural,FDE_vs_floor,partial,eu-locality-074,13980,50.57380465521321,49.8476612058637,-1.4567252139486397,170.0844210983347,344.748777271747,169.4379035687417
fold1_seed29_easy,original_neural,FDE_vs_floor,partial,eu-locality-082,277,35.019943600749116,34.91070162743654,-0.3129182978858447,146.71054103169644,306.9106299306018,146.71054103169644
fold1_seed29_easy,original_neural,FDE_vs_floor,partial,eu-locality-112,1302,63.52246534116583,62.46660842015125,-1.6902741283997047,239.7956136939682,485.4941194884967,237.90442482379694
fold1_seed29_easy,original_neural,FDE_vs_floor,partial,eu-locality-126,942,39.48560484923576,39.089157010108,-1.0142143485602384,183.72653083584885,323.58180657766553,183.72653083584885
fold1_seed29_easy,original_neural,FDE_vs_floor,endpoint,eu-locality-008,121088,36.31253674239689,35.78735471638497,-1.4675072526985966,137.23990844423767,282.186596699752,136.33020938660223
fold1_seed29_easy,original_neural,FDE_vs_floor,endpoint,eu-locality-020,622,14.40423799871121,14.706206852903373,2.0533428994475633,54.18434016797015,99.18086841907973,54.18434016797015
fold1_seed29_easy,original_neural,FDE_vs_floor,endpoint,eu-locality-048,5582,59.213640488211084,58.58241339090806,-1.0775027192734044,216.2196458274127,355.1127410078038,215.2863082525073
fold1_seed29_easy,original_neural,FDE_vs_floor,endpoint,eu-locality-067,4600,64.34968823221932,63.93822542856737,-0.6435317853975109,207.16877909819794,394.0447029702928,207.16877909819794
fold1_seed29_easy,original_neural,FDE_vs_floor,endpoint,eu-locality-074,81289,41.514868989226244,40.72362514367756,-1.942960241768965,140.25222867033568,286.29165148053147,138.69469217714217
fold1_seed29_easy,original_neural,FDE_vs_floor,endpoint,eu-locality-082,859,25.47669810655416,25.38336264234721,-0.36770330835220744,114.66976098816347,234.31504208196256,114.66976098816347
fold1_seed29_easy,original_neural,FDE_vs_floor,endpoint,eu-locality-112,3719,48.77142178046323,47.808704713215654,-2.013685735730575,180.87314969023402,421.94751964792783,179.87567584626288
fold1_seed29_easy,original_neural,FDE_vs_floor,endpoint,eu-locality-126,4579,40.69326816283536,40.22672155758498,-1.1597927625857096,186.02531258567237,367.4904107537943,186.84649265295374
fold1_seed29_easy,original_neural,FDE_vs_floor,easy_complete,eu-locality-008,28571,2.6737220014056753,2.7650480018673456,3.302872152671288,5.945409948285356,8.12296038697474,5.680029975089665
fold1_seed29_easy,original_neural,FDE_vs_floor,easy_complete,eu-locality-020,178,2.117046610486739,2.209227140061852,4.172523861558764,5.259357878674395,7.634992483488128,5.486303503667565
fold1_seed29_easy,original_neural,FDE_vs_floor,easy_complete,eu-locality-048,1146,2.8156198724832358,2.79920391024718,-0.5864511040428733,6.1417703714668255,9.549026834513583,5.743444609880027
fold1_seed29_easy,original_neural,FDE_vs_floor,easy_complete,eu-locality-067,551,2.7442945328600628,2.7650183308707788,0.7494994799614796,6.216706389808617,9.140492969017846,6.392443675150393
fold1_seed29_easy,original_neural,FDE_vs_floor,easy_complete,eu-locality-074,11433,3.322711711496944,3.4732826122767135,4.335118030636476,7.010613471906964,10.91188553268106,7.042832880329562
fold1_seed29_easy,original_neural,FDE_vs_floor,easy_complete,eu-locality-082,284,2.295758067753778,2.3563277094514303,2.5705100973307915,5.376453652429786,7.243991147447587,5.190976484991077
fold1_seed29_easy,original_neural,FDE_vs_floor,easy_complete,eu-locality-112,330,3.388009259737383,3.29229626453361,-2.907180506045126,7.169075314763397,12.86428963737684,7.419917915140831
fold1_seed29_easy,original_neural,FDE_vs_floor,easy_complete,eu-locality-126,1425,2.452825357188618,2.3797587323107066,-3.0703375046328807,5.70834638004133,7.554421509726144,5.2241063848355145
fold1_seed29_easy,original_neural,FDE_vs_floor,hard_complete,eu-locality-008,16020,121.66882255721423,120.33348744114086,-1.1096953512018226,274.10317449725636,467.3282002469001,273.1534919058007
fold1_seed29_easy,original_neural,FDE_vs_floor,hard_complete,eu-locality-020,12,91.67652097939975,91.67652097939975,0.0,118.43938924577421,125.57896108997323,118.43938924577421
fold1_seed29_easy,original_neural,FDE_vs_floor,hard_complete,eu-locality-048,1483,144.1701417920677,143.16307877094192,-0.7034376668701547,309.0389558972078,448.12847767087516,309.0389558972078
fold1_seed29_easy,original_neural,FDE_vs_floor,hard_complete,eu-locality-067,1231,135.763932786101,135.3230447153692,-0.32580413163119104,300.1127604707125,450.3860621876974,300.1127604707125
fold1_seed29_easy,original_neural,FDE_vs_floor,hard_complete,eu-locality-074,12476,123.10278083859589,121.16672266783178,-1.5978464450768781,278.8426092844597,473.4239395733663,276.9986873269766
fold1_seed29_easy,original_neural,FDE_vs_floor,hard_complete,eu-locality-082,57,119.56333623951238,119.41164216906232,-0.1270345735931544,243.99478619891514,282.8539699287314,243.99478619891514
fold1_seed29_easy,original_neural,FDE_vs_floor,hard_complete,eu-locality-112,449,136.77854498701572,135.7241490395668,-0.7768668692419212,391.51283762831025,593.1207759351969,391.51283762831025
fold1_seed29_easy,original_neural,FDE_vs_floor,hard_complete,eu-locality-126,695,160.54745380190414,160.21270816788555,-0.20893825330499105,386.522648619538,556.109882484235,386.522648619538
fold1_seed29_easy,original_neural,ADE_vs_CV,all,eu-locality-008,157961,18.14449332478546,18.214515006924465,0.38442792526940384,63.9700524103003,131.398306991468,63.9700524103003
fold1_seed29_easy,original_neural,ADE_vs_CV,all,eu-locality-020,1225,6.444409180061838,6.529874789510041,1.3088399426203434,20.950455289077674,42.958840384020256,21.020763749430696
fold1_seed29_easy,original_neural,ADE_vs_CV,all,eu-locality-048,8058,26.669689529142445,26.698045849916497,0.10621122210013878,89.55098636922551,160.14365905851415,89.55098636922551
fold1_seed29_easy,original_neural,ADE_vs_CV,all,eu-locality-067,6903,28.917403073136263,29.011553933538778,0.32452884329533527,93.15038154789627,168.56927310186109,93.29868317030169
fold1_seed29_easy,original_neural,ADE_vs_CV,all,eu-locality-074,102348,19.678512168173494,19.761464600296893,0.41976864468917796,64.59806835419754,133.13058808342765,64.81408896393752
fold1_seed29_easy,original_neural,ADE_vs_CV,all,eu-locality-082,1368,13.5827133208306,13.688548886436024,0.7731686279054517,51.85945295918717,101.91283477915022,51.85945295918717
fold1_seed29_easy,original_neural,ADE_vs_CV,all,eu-locality-112,5004,24.616455980890557,24.679682084525158,0.25618686423131143,86.2710070848162,186.18759729912014,86.2710070848162
fold1_seed29_easy,original_neural,ADE_vs_CV,all,eu-locality-126,5790,19.821733366701775,19.860903597678185,0.19722280400670256,86.5533275336093,157.09863889864567,86.5533275336093
fold1_seed29_easy,original_neural,ADE_vs_CV,easy,eu-locality-008,39889,1.679696114245837,1.791172498853141,6.223654320210947,3.195904640964941,3.3954095838629756,3.2504176960159774
fold1_seed29_easy,original_neural,ADE_vs_CV,easy,eu-locality-020,593,1.2215301629067095,1.2706472215919324,3.865514979341522,3.0318566298574696,3.3539688910646857,3.051349724629029
fold1_seed29_easy,original_neural,ADE_vs_CV,easy,eu-locality-048,1582,1.6788314898529857,1.7551327263969017,4.347320028642743,3.199291958932108,3.380921428523672,3.2298308573246963
fold1_seed29_easy,original_neural,ADE_vs_CV,easy,eu-locality-067,1219,1.5988477591088754,1.6528940070695597,3.2697951429144334,3.168876956579758,3.354115395758597,3.222473275402277
fold1_seed29_easy,original_neural,ADE_vs_CV,easy,eu-locality-074,17048,1.9231404363043902,2.0239574238081066,4.981181240167976,3.282883782736815,3.41825870996589,3.3016095862663026
fold1_seed29_easy,original_neural,ADE_vs_CV,easy,eu-locality-082,513,1.5296870074090434,1.6221340438704122,5.6990997020684,3.0150062281520245,3.3985381727388595,3.137173321764387
fold1_seed29_easy,original_neural,ADE_vs_CV,easy,eu-locality-112,571,2.0436765161746355,2.110763890677913,3.1783457543293148,3.302177776059306,3.4178813010379274,3.3318797717711783
fold1_seed29_easy,original_neural,ADE_vs_CV,easy,eu-locality-126,2160,1.4255140943665943,1.4931553251754432,4.530086700852854,3.1001873391648536,3.360275398533287,3.15811922069773
fold1_seed29_easy,original_neural,ADE_vs_CV,hard,eu-locality-008,28100,60.737256367446804,60.74188321281993,0.007617224110278986,138.40271059468105,231.191604809736,138.48767980783674
fold1_seed29_easy,original_neural,ADE_vs_CV,hard,eu-locality-020,30,43.81825835804657,43.81825835804657,0.0,64.04793996418368,69.65016417684733,64.04793996418368
fold1_seed29_easy,original_neural,ADE_vs_CV,hard,eu-locality-048,2478,63.87805000855007,63.88573915651315,0.012035781482055974,138.97729297348553,219.8528418739297,138.97729297348553
fold1_seed29_easy,original_neural,ADE_vs_CV,hard,eu-locality-067,2296,64.89950216658973,65.07172046247634,0.2646592016664395,143.40335944857748,213.5382101003649,143.40335944857748
fold1_seed29_easy,original_neural,ADE_vs_CV,hard,eu-locality-074,19310,60.210046844446794,60.351879335065945,0.2350092361361522,136.34580362984687,238.68092584473587,136.81762092091788
fold1_seed29_easy,original_neural,ADE_vs_CV,hard,eu-locality-082,184,55.72383080790609,55.75797833667997,0.06124240833784711,116.31814171012962,199.45076524670506,112.9711774505625
fold1_seed29_easy,original_neural,ADE_vs_CV,hard,eu-locality-112,1153,69.98873815973664,70.01758802603055,0.041203741955786466,174.675987810338,312.16727648534334,174.675987810338
fold1_seed29_easy,original_neural,ADE_vs_CV,hard,eu-locality-126,1110,74.02400930283017,74.02161712516786,-0.0032317284534011392,160.69598223874476,237.31079754913677,160.69598223874476
fold1_seed29_easy,rebased_neural,ADE_vs_floor,all,eu-locality-008,157961,17.93074202189754,17.98346478854126,0.29317357507944175,63.52875665333359,130.66670787112363,63.52929022072974
fold1_seed29_easy,rebased_neural,ADE_vs_floor,all,eu-locality-020,1225,6.438087919725942,6.496427086559671,0.8980192659196584,20.950455289077674,42.958840384020256,20.950455289077674
fold1_seed29_easy,rebased_neural,ADE_vs_floor,all,eu-locality-048,8058,26.45954145527381,26.479669177915895,0.07601198680711185,88.84583659443086,160.11545465691114,88.84583659443086
fold1_seed29_easy,rebased_neural,ADE_vs_floor,all,eu-locality-067,6903,28.75475095773109,28.822328841937583,0.23446364996073665,92.86633976615431,168.56927310186109,92.86633976615431
fold1_seed29_easy,rebased_neural,ADE_vs_floor,all,eu-locality-074,102348,19.38841807372513,19.449248917612554,0.31276705925820103,63.99253813675026,131.61307633325063,64.11329994786327
fold1_seed29_easy,rebased_neural,ADE_vs_floor,all,eu-locality-082,1368,13.475134237722978,13.545184441815437,0.5171594701671722,51.77887705037489,101.91283477915022,51.77887705037489
fold1_seed29_easy,rebased_neural,ADE_vs_floor,all,eu-locality-112,5004,24.275233818330406,24.31915975872915,0.18062277165220575,86.23583738842102,186.18759729912014,86.23583738842102
fold1_seed29_easy,rebased_neural,ADE_vs_floor,all,eu-locality-126,5790,19.641828936672947,19.6674845171028,0.13044667917517794,86.35315067436316,157.09863889864567,86.35315067436316
fold1_seed29_easy,rebased_neural,ADE_vs_floor,easy,eu-locality-008,39889,1.6336399118382097,1.7149047037850131,4.738735147640671,3.046137950388841,3.3562971516603572,3.0997536331079187
fold1_seed29_easy,rebased_neural,ADE_vs_floor,easy,eu-locality-020,593,1.2228774242607294,1.2550129624336412,2.560574203998389,3.027010518864425,3.3823864987977044,3.0318566298574696
fold1_seed29_easy,rebased_neural,ADE_vs_floor,easy,eu-locality-048,1582,1.625687996754316,1.6792382898403921,3.1889633180747667,3.0514895177139616,3.380921428523672,3.0787128016195435
fold1_seed29_easy,rebased_neural,ADE_vs_floor,easy,eu-locality-067,1219,1.5667041410749096,1.6028218353634116,2.2533817228858055,3.0836295944181136,3.341412886385676,3.113645588465504
fold1_seed29_easy,rebased_neural,ADE_vs_floor,easy,eu-locality-074,17048,1.8935045417107415,1.9721066918524313,3.985694611068813,3.2249170916362595,3.459142683502938,3.253578189683598
fold1_seed29_easy,rebased_neural,ADE_vs_floor,easy,eu-locality-082,513,1.4911274935261176,1.5527411196069911,3.968055286412997,2.942209828315566,3.2935778043258535,2.982245275115995
fold1_seed29_easy,rebased_neural,ADE_vs_floor,easy,eu-locality-112,571,1.967525450912269,2.0102907592077535,2.127319548160189,3.1747152979721918,3.3506230336193297,3.1756828589252075
fold1_seed29_easy,rebased_neural,ADE_vs_floor,easy,eu-locality-126,2160,1.3676452384886986,1.4117003418862564,3.1207121008905547,2.9183864654514546,3.213328488019677,2.9648916649582264
fold1_seed29_easy,rebased_neural,ADE_vs_floor,hard,eu-locality-008,28100,60.26658052815883,60.268305129463265,0.00286153941234657,137.48099457042707,230.93855887171847,137.73329398839354
fold1_seed29_easy,rebased_neural,ADE_vs_floor,hard,eu-locality-020,30,43.81825835804657,43.81825835804657,0.0,64.04793996418368,69.65016417684733,64.04793996418368
fold1_seed29_easy,rebased_neural,ADE_vs_floor,hard,eu-locality-048,2478,63.56868470659485,63.57384511506502,0.00811718791089433,138.2576334561161,219.8528418739297,138.2576334561161
fold1_seed29_easy,rebased_neural,ADE_vs_floor,hard,eu-locality-067,2296,64.69640086491583,64.82501875342679,0.19840779221396154,143.40335944857748,213.5382101003649,143.40335944857748
fold1_seed29_easy,rebased_neural,ADE_vs_floor,hard,eu-locality-074,19310,59.54658649481398,59.645374388355016,0.16562540608400234,135.2782020467762,237.36233356192784,135.4839089246641
fold1_seed29_easy,rebased_neural,ADE_vs_floor,hard,eu-locality-082,184,55.53935181410493,55.565550683264966,0.04714948171642419,116.0311931849977,199.45076524670506,111.3765512077366
fold1_seed29_easy,rebased_neural,ADE_vs_floor,hard,eu-locality-112,1153,69.5665285952215,69.58882130617576,0.032034902353317296,174.675987810338,306.43788270299376,174.675987810338
fold1_seed29_easy,rebased_neural,ADE_vs_floor,hard,eu-locality-126,1110,73.87714610689068,73.87553317567664,-0.0021833090668943456,160.69598223874476,237.31079754913677,160.69598223874476
fold1_seed29_easy,rebased_neural,ADE_vs_floor,complete,eu-locality-008,97352,16.265135827382803,16.33350990717464,0.4186122895839084,58.66325870176858,119.84841366316076,58.67583906088502
fold1_seed29_easy,rebased_neural,ADE_vs_floor,complete,eu-locality-020,364,6.777217735200243,6.896475169177139,1.729251988173619,22.682718227503177,49.70629992513765,22.682718227503177
fold1_seed29_easy,rebased_neural,ADE_vs_floor,complete,eu-locality-048,4716,26.44488310362063,26.475224296206587,0.11460221166211815,91.13445156792241,161.22338275660073,91.13445156792241
fold1_seed29_easy,rebased_neural,ADE_vs_floor,complete,eu-locality-067,3417,29.939740136962545,29.982311550305397,0.14198842964934233,91.88635300744536,166.36606324874677,91.88635300744536
fold1_seed29_easy,rebased_neural,ADE_vs_floor,complete,eu-locality-074,67309,19.10784948656959,19.176820827797968,0.3596599344996676,62.801843613965765,130.03264617528356,62.89827679485876
fold1_seed29_easy,rebased_neural,ADE_vs_floor,complete,eu-locality-082,582,10.275460336178009,10.39121388337378,1.1139559679449906,48.19172118275565,88.77064559267427,48.19172118275565
fold1_seed29_easy,rebased_neural,ADE_vs_floor,complete,eu-locality-112,2417,20.648462551121412,20.704815550567986,0.27217339516472094,70.027610397282,172.39369675404302,70.027610397282
fold1_seed29_easy,rebased_neural,ADE_vs_floor,complete,eu-locality-126,3637,19.329498994199067,19.359736587165674,0.15618803918361346,85.0633117366397,163.85887416785963,85.0633117366397
fold1_seed29_easy,rebased_neural,ADE_vs_floor,partial,eu-locality-008,60609,20.606088822676277,20.633671979070762,0.1336803086840921,70.82006953340493,149.48634006840993,70.78764133985413
fold1_seed29_easy,rebased_neural,ADE_vs_floor,partial,eu-locality-020,861,6.294715965216481,6.327301067892123,0.5149921321271567,19.979117977348317,40.11869080861428,20.00346745004128
fold1_seed29_easy,rebased_neural,ADE_vs_floor,partial,eu-locality-048,3342,26.48022631056897,26.485941488550573,0.021578156789603398,83.84988459618924,156.40296156578447,83.72225273334138
fold1_seed29_easy,rebased_neural,ADE_vs_floor,partial,eu-locality-067,3486,27.593216813888898,27.68530620438944,0.3326291203741283,93.12027503694439,169.03718823289313,93.12027503694439
fold1_seed29_easy,rebased_neural,ADE_vs_floor,partial,eu-locality-074,35039,19.92738297092118,19.972576132924917,0.2262760782733353,66.74705919725002,135.25115677315338,66.82395621877974
fold1_seed29_easy,rebased_neural,ADE_vs_floor,partial,eu-locality-082,786,15.844358424363147,15.88056722173025,0.2280069525322448,54.22413936680799,104.03610216659868,54.22413936680799
fold1_seed29_easy,rebased_neural,ADE_vs_floor,partial,eu-locality-112,2587,27.66367840775605,27.695993910691087,0.11667934012132841,99.24893977496998,197.23458912134922,99.24893977496998
fold1_seed29_easy,rebased_neural,ADE_vs_floor,partial,eu-locality-126,2153,20.169438783759574,20.187354104274796,0.08874526311215547,89.50105669523992,149.32359671746252,89.50105669523992
fold1_seed29_easy,rebased_neural,ADE_vs_floor,endpoint,eu-locality-008,121088,17.876420387260865,17.940841152557816,0.35907327169978354,64.55917370335334,133.14966179013618,64.5576064722536
fold1_seed29_easy,rebased_neural,ADE_vs_floor,endpoint,eu-locality-020,622,7.046421567971127,7.143989261188116,1.365731241325563,24.82301529514794,41.43936474820229,24.82301529514794
fold1_seed29_easy,rebased_neural,ADE_vs_floor,endpoint,eu-locality-048,5582,27.22029765237115,27.248626416574396,0.1039640082041493,93.72150990232652,165.7475602615107,93.72150990232652
fold1_seed29_easy,rebased_neural,ADE_vs_floor,endpoint,eu-locality-067,4600,30.2650054869252,30.332861036661274,0.2237030976209642,93.39143769968017,172.94540871767404,93.39143769968017
fold1_seed29_easy,rebased_neural,ADE_vs_floor,endpoint,eu-locality-074,81289,20.088914371913532,20.1591873256119,0.34859021131812273,65.91439736485921,137.69964684363572,66.03362727611453
fold1_seed29_easy,rebased_neural,ADE_vs_floor,endpoint,eu-locality-082,859,12.070643825651555,12.187179313353631,0.956213777657211,52.27095225543142,102.50896738252894,52.27095225543142
fold1_seed29_easy,rebased_neural,ADE_vs_floor,endpoint,eu-locality-112,3719,24.498172118730615,24.544678111060954,0.1894748512076827,86.79200067905488,196.30345385094049,86.79200067905488
fold1_seed29_easy,rebased_neural,ADE_vs_floor,endpoint,eu-locality-126,4579,19.316426305369006,19.34679755731952,0.15698335530999197,84.92075067419465,157.17576759316756,84.92075067419465
fold1_seed29_easy,rebased_neural,ADE_vs_floor,easy_complete,eu-locality-008,28571,1.6021724592441342,1.6939169461514,5.416114828752994,2.9865295762823436,3.301466040417908,3.050645272619493
fold1_seed29_easy,rebased_neural,ADE_vs_floor,easy_complete,eu-locality-020,178,1.2865582726877458,1.3334932448230963,3.519700779704882,2.9307710524196477,3.3588222239648715,2.9829517203101314
fold1_seed29_easy,rebased_neural,ADE_vs_floor,easy_complete,eu-locality-048,1146,1.6058234331239565,1.668346661657267,3.747616126207398,2.9838325313198246,3.319111324847324,2.999118314144968
fold1_seed29_easy,rebased_neural,ADE_vs_floor,easy_complete,eu-locality-067,551,1.6130432341161518,1.6648698455058244,3.1129527349885167,3.048387708590333,3.3671884254585116,3.084165865748682
fold1_seed29_easy,rebased_neural,ADE_vs_floor,easy_complete,eu-locality-074,11433,1.8561690285629864,1.9557607019529664,5.092221829108778,3.1840805170011284,3.4952655954635525,3.217565099259697
fold1_seed29_easy,rebased_neural,ADE_vs_floor,easy_complete,eu-locality-082,284,1.3956198726280984,1.4655555878059554,4.77195923237248,2.723124867279749,3.1920687794305813,2.854845527349549
fold1_seed29_easy,rebased_neural,ADE_vs_floor,easy_complete,eu-locality-112,330,1.8997151437187692,1.954630836120511,2.809517346545942,3.1235184313470485,3.382703186523539,3.16520642651851
fold1_seed29_easy,rebased_neural,ADE_vs_floor,easy_complete,eu-locality-126,1425,1.398946105236695,1.4458009119045219,3.240750941712034,2.9012812422756213,3.153671273090217,2.950095241022088
fold1_seed29_easy,rebased_neural,ADE_vs_floor,hard_complete,eu-locality-008,16020,58.233274474562705,58.24060793658706,0.012591664620564824,128.38349786354965,221.9993869968343,128.40448348414586
fold1_seed29_easy,rebased_neural,ADE_vs_floor,hard_complete,eu-locality-020,12,43.781301733230265,43.781301733230265,0.0,62.9047951209938,66.68741576262705,62.9047951209938
fold1_seed29_easy,rebased_neural,ADE_vs_floor,hard_complete,eu-locality-048,1483,64.81320285838464,64.822043883768,0.013638917957004004,140.51767902286826,214.40105615054253,140.51767902286826
fold1_seed29_easy,rebased_neural,ADE_vs_floor,hard_complete,eu-locality-067,1231,62.84445311886988,62.9030058938051,0.09308422404180616,142.93137594304721,208.1196815417212,142.93137594304721
fold1_seed29_easy,rebased_neural,ADE_vs_floor,hard_complete,eu-locality-074,12476,59.25052363926121,59.345181974750766,0.15950466801134544,134.63623695092429,239.32415377954004,134.86796410957527
fold1_seed29_easy,rebased_neural,ADE_vs_floor,hard_complete,eu-locality-082,57,56.37542434283027,56.5126904820624,0.2428943624188329,112.92067823508157,129.3054324794315,112.92067823508157
fold1_seed29_easy,rebased_neural,ADE_vs_floor,hard_complete,eu-locality-112,449,67.9770161725467,67.99554926479962,0.027256331411851242,177.03522847019997,316.334053662744,177.03522847019997
fold1_seed29_easy,rebased_neural,ADE_vs_floor,hard_complete,eu-locality-126,695,74.10127504673336,74.09987434387142,-0.001890290468575806,166.0065211709221,236.54700954561608,166.0065211709221
fold1_seed29_easy,rebased_neural,FDE_vs_floor,all,eu-locality-008,121088,35.62057015722577,35.78735471638497,0.4660432727732089,136.35013719235104,281.2255569071547,136.33020938660223
fold1_seed29_easy,rebased_neural,FDE_vs_floor,all,eu-locality-020,622,14.46056112986066,14.706206852903373,1.6703540586620824,54.18434016797015,99.18086841907973,54.18434016797015
fold1_seed29_easy,rebased_neural,FDE_vs_floor,all,eu-locality-048,5582,58.505692878833436,58.58241339090806,0.1309616788278789,215.2863082525073,355.0151813798374,215.2863082525073
fold1_seed29_easy,rebased_neural,FDE_vs_floor,all,eu-locality-067,4600,63.770126284625455,63.93822542856737,0.2629086791433033,207.16877909819794,394.0447029702928,207.16877909819794
fold1_seed29_easy,rebased_neural,FDE_vs_floor,all,eu-locality-074,81289,40.552308421835434,40.72362514367756,0.42068141339995924,138.44819229338935,282.38179964044775,138.69469217714217
fold1_seed29_easy,rebased_neural,FDE_vs_floor,all,eu-locality-082,859,25.099631576387353,25.38336264234721,1.1177836047872813,114.66976098816347,234.31504208196256,114.66976098816347
fold1_seed29_easy,rebased_neural,FDE_vs_floor,all,eu-locality-112,3719,47.689851325398976,47.808704713215654,0.2486019826925423,180.28741648050087,421.63704764077704,179.87567584626288
fold1_seed29_easy,rebased_neural,FDE_vs_floor,all,eu-locality-126,4579,40.14947016336421,40.22672155758498,0.19203999538015548,186.84649265295374,367.4904107537943,186.84649265295374
fold1_seed29_easy,rebased_neural,FDE_vs_floor,easy,eu-locality-008,32900,2.5553488234253097,2.8031345925835263,8.83959585150863,5.526917632255175,8.30319538206823,5.752477783510154
fold1_seed29_easy,rebased_neural,FDE_vs_floor,easy,eu-locality-020,290,2.1683404244626474,2.295806832372624,5.552139932358557,5.297524886484015,8.542501431887002,5.653964310699582
fold1_seed29_easy,rebased_neural,FDE_vs_floor,easy,eu-locality-048,1250,2.652175646228114,2.8300292384771644,6.284514302218069,5.845644713172525,9.914493196610273,5.913491891037606
fold1_seed29_easy,rebased_neural,FDE_vs_floor,easy,eu-locality-067,734,2.6096133278946647,2.7403957139946336,4.7723905504628465,6.095873860553406,9.284602264233246,6.159309644436956
fold1_seed29_easy,rebased_neural,FDE_vs_floor,easy,eu-locality-074,12940,3.235183270460798,3.4827527529251627,7.108442660950631,7.085156967832638,11.405832876385738,7.157669997665338
fold1_seed29_easy,rebased_neural,FDE_vs_floor,easy,eu-locality-082,391,2.271918628822289,2.454382568823717,7.434209414585091,5.3573304106523425,7.256804768519383,5.4370479440029476
fold1_seed29_easy,rebased_neural,FDE_vs_floor,easy,eu-locality-112,423,3.210853277692566,3.3706222852377583,4.740044835190494,7.157089878799899,12.826270832515085,7.2959124108582305
fold1_seed29_easy,rebased_neural,FDE_vs_floor,easy,eu-locality-126,1768,2.229435968585466,2.3624726819716995,5.631248750576113,5.083412312030253,7.202305242256041,5.213971288922478
fold1_seed29_easy,rebased_neural,FDE_vs_floor,hard,eu-locality-008,22002,124.7319277344086,124.73017370797257,-0.001406256709102216,293.1810614480155,495.44029523157116,293.1810614480155
fold1_seed29_easy,rebased_neural,FDE_vs_floor,hard,eu-locality-020,18,89.28776442359735,89.28776442359735,0.0,117.3151892488592,125.35412109059021,117.3151892488592
fold1_seed29_easy,rebased_neural,FDE_vs_floor,hard,eu-locality-048,1769,143.91403198436765,143.93331124091506,0.013394575849878798,310.51436902474313,453.113548358864,310.51436902474313
fold1_seed29_easy,rebased_neural,FDE_vs_floor,hard,eu-locality-067,1633,138.0522387897984,138.33863430873308,0.20702497199410752,315.11114527743234,454.6588358272158,315.11114527743234
fold1_seed29_easy,rebased_neural,FDE_vs_floor,hard,eu-locality-074,16042,122.64788479003121,122.89930414810182,0.204573459396995,284.5589874612588,486.62027112065505,285.4121987158981
fold1_seed29_easy,rebased_neural,FDE_vs_floor,hard,eu-locality-082,103,128.4618210146938,128.85201797704747,0.30282565106831694,277.93782304116826,384.9003515886814,277.93782304116826
fold1_seed29_easy,rebased_neural,FDE_vs_floor,hard,eu-locality-112,847,143.47400975916193,143.47701236885726,0.0020927461798603275,394.2222345963048,618.5740331318956,394.2222345963048
fold1_seed29_easy,rebased_neural,FDE_vs_floor,hard,eu-locality-126,868,158.4650795184625,158.4582949790048,-0.004281593121135963,381.7058653169035,549.0591003829323,381.7058653169035
fold1_seed29_easy,rebased_neural,FDE_vs_floor,complete,eu-locality-008,97352,32.4824526525676,32.66032043528029,0.5445990129372746,124.67096528317485,251.74072860708523,124.69390806189993
fold1_seed29_easy,rebased_neural,FDE_vs_floor,complete,eu-locality-020,364,14.142544939130586,14.445668616234704,2.098370696136931,57.42336195362734,104.22276055606251,57.42336195362734
fold1_seed29_easy,rebased_neural,FDE_vs_floor,complete,eu-locality-048,4716,57.23524583932907,57.31658074988384,0.14190468009545043,211.07901350209556,351.841151886696,211.07901350209556
fold1_seed29_easy,rebased_neural,FDE_vs_floor,complete,eu-locality-067,3417,63.60629612915209,63.71775504665264,0.17492599577455525,202.97766602104522,394.5902657386637,202.97766602104522
fold1_seed29_easy,rebased_neural,FDE_vs_floor,complete,eu-locality-074,67309,38.659907995551336,38.828573603031245,0.43438527823422834,131.92752411123863,267.6521222348715,132.10299808412034
fold1_seed29_easy,rebased_neural,FDE_vs_floor,complete,eu-locality-082,582,20.562313347865622,20.848873125388888,1.3744617073538912,101.05798186988082,196.24839397056274,101.05798186988082
fold1_seed29_easy,rebased_neural,FDE_vs_floor,complete,eu-locality-112,2417,39.76509669855821,39.91272183095244,0.3698698701118053,140.25115933009243,380.83006984385213,140.54076003111032
fold1_seed29_easy,rebased_neural,FDE_vs_floor,complete,eu-locality-126,3637,40.44239251930631,40.521356092565284,0.19486902925606175,189.26445610861697,381.72102862533023,189.26445610861697
fold1_seed29_easy,rebased_neural,FDE_vs_floor,partial,eu-locality-008,23736,48.491399922707814,48.612727202654895,0.24957924997973668,183.7459778536101,359.9493785228933,183.68988112608088
fold1_seed29_easy,rebased_neural,FDE_vs_floor,partial,eu-locality-020,258,14.909235135386815,15.073787930994051,1.0916486045879026,50.52160752263893,80.91138501947854,50.52160752263893
fold1_seed29_easy,rebased_neural,FDE_vs_floor,partial,eu-locality-048,866,65.4242012371506,65.47579299260576,0.07879515939729353,240.7350887420016,393.48486748673645,240.7350887420016
fold1_seed29_easy,rebased_neural,FDE_vs_floor,partial,eu-locality-067,1183,64.24333646319893,64.5750363288232,0.5136657824476032,223.58277671684624,388.8132633418334,223.58277671684624
fold1_seed29_easy,rebased_neural,FDE_vs_floor,partial,eu-locality-074,13980,49.66358025965779,49.8476612058637,0.3692870272201554,169.1256866072478,340.14286556959337,169.4379035687417
fold1_seed29_easy,rebased_neural,FDE_vs_floor,partial,eu-locality-082,277,34.632913919346365,34.91070162743654,0.7957093244779112,146.71054103169644,306.9106299306018,146.71054103169644
fold1_seed29_easy,rebased_neural,FDE_vs_floor,partial,eu-locality-112,1302,62.40116617415025,62.46660842015125,0.10476356513681173,237.90442482379694,485.4941194884967,237.90442482379694
fold1_seed29_easy,rebased_neural,FDE_vs_floor,partial,eu-locality-126,942,39.01851622646248,39.089157010108,0.1807170812797465,183.72653083584885,323.58180657766553,183.72653083584885
fold1_seed29_easy,rebased_neural,FDE_vs_floor,endpoint,eu-locality-008,121088,35.62057015722577,35.78735471638497,0.4660432727732089,136.35013719235104,281.2255569071547,136.33020938660223
fold1_seed29_easy,rebased_neural,FDE_vs_floor,endpoint,eu-locality-020,622,14.46056112986066,14.706206852903373,1.6703540586620824,54.18434016797015,99.18086841907973,54.18434016797015
fold1_seed29_easy,rebased_neural,FDE_vs_floor,endpoint,eu-locality-048,5582,58.505692878833436,58.58241339090806,0.1309616788278789,215.2863082525073,355.0151813798374,215.2863082525073
fold1_seed29_easy,rebased_neural,FDE_vs_floor,endpoint,eu-locality-067,4600,63.770126284625455,63.93822542856737,0.2629086791433033,207.16877909819794,394.0447029702928,207.16877909819794
fold1_seed29_easy,rebased_neural,FDE_vs_floor,endpoint,eu-locality-074,81289,40.552308421835434,40.72362514367756,0.42068141339995924,138.44819229338935,282.38179964044775,138.69469217714217
fold1_seed29_easy,rebased_neural,FDE_vs_floor,endpoint,eu-locality-082,859,25.099631576387353,25.38336264234721,1.1177836047872813,114.66976098816347,234.31504208196256,114.66976098816347
fold1_seed29_easy,rebased_neural,FDE_vs_floor,endpoint,eu-locality-112,3719,47.689851325398976,47.808704713215654,0.2486019826925423,180.28741648050087,421.63704764077704,179.87567584626288
fold1_seed29_easy,rebased_neural,FDE_vs_floor,endpoint,eu-locality-126,4579,40.14947016336421,40.22672155758498,0.19203999538015548,186.84649265295374,367.4904107537943,186.84649265295374
fold1_seed29_easy,rebased_neural,FDE_vs_floor,easy_complete,eu-locality-008,28571,2.5185923976658624,2.7650480018673456,8.913248668198237,5.459952225295757,7.959630692202387,5.680029975089665
fold1_seed29_easy,rebased_neural,FDE_vs_floor,easy_complete,eu-locality-020,178,2.07986499484091,2.209227140061852,5.855538476560662,5.077523500985749,7.634992483488128,5.486303503667565
fold1_seed29_easy,rebased_neural,FDE_vs_floor,easy_complete,eu-locality-048,1146,2.6265151810643013,2.79920391024718,6.169208629307388,5.661226773039742,9.368175617208228,5.743444609880027
fold1_seed29_easy,rebased_neural,FDE_vs_floor,easy_complete,eu-locality-067,551,2.6272601994457925,2.7650183308707788,4.982177871551485,6.226072359493649,9.248784061715675,6.392443675150393
fold1_seed29_easy,rebased_neural,FDE_vs_floor,easy_complete,eu-locality-074,11433,3.2208724857222744,3.4732826122767135,7.267192299937442,7.010752192015063,11.301965895295577,7.042832880329562
fold1_seed29_easy,rebased_neural,FDE_vs_floor,easy_complete,eu-locality-082,284,2.1800878158184656,2.3563277094514303,7.479430510707474,5.04037974464328,7.2724506421899,5.190976484991077
fold1_seed29_easy,rebased_neural,FDE_vs_floor,easy_complete,eu-locality-112,330,3.122948327562803,3.29229626453361,5.14376360338874,7.169075314763397,12.722711521093826,7.419917915140831
fold1_seed29_easy,rebased_neural,FDE_vs_floor,easy_complete,eu-locality-126,1425,2.2514088555189673,2.3797587323107066,5.393398710932084,5.094349747831978,7.080502084085052,5.2241063848355145
fold1_seed29_easy,rebased_neural,FDE_vs_floor,hard_complete,eu-locality-008,16020,120.31683492084466,120.33348744114086,0.013838641803143314,273.03735150762776,463.8320960560769,273.1534919058007
fold1_seed29_easy,rebased_neural,FDE_vs_floor,hard_complete,eu-locality-020,12,91.67652097939975,91.67652097939975,0.0,118.43938924577421,125.57896108997323,118.43938924577421
fold1_seed29_easy,rebased_neural,FDE_vs_floor,hard_complete,eu-locality-048,1483,143.13989821415583,143.16307877094192,0.01619171436175737,309.0389558972078,448.12847767087516,309.0389558972078
fold1_seed29_easy,rebased_neural,FDE_vs_floor,hard_complete,eu-locality-067,1231,135.17070996834727,135.3230447153692,0.11257117909395653,300.1127604707125,450.3860621876974,300.1127604707125
fold1_seed29_easy,rebased_neural,FDE_vs_floor,hard_complete,eu-locality-074,12476,120.93962383298317,121.16672266783178,0.1874267371835936,276.0397029555088,470.25171516416844,276.9986873269766
fold1_seed29_easy,rebased_neural,FDE_vs_floor,hard_complete,eu-locality-082,57,119.07150041326139,119.41164216906232,0.2848480680965437,243.99478619891514,284.1370502361249,243.99478619891514
fold1_seed29_easy,rebased_neural,FDE_vs_floor,hard_complete,eu-locality-112,449,135.67689787085786,135.7241490395668,0.034814120437165474,391.51283762831025,593.1207759351969,391.51283762831025
fold1_seed29_easy,rebased_neural,FDE_vs_floor,hard_complete,eu-locality-126,695,160.21944781470873,160.21270816788555,-0.004206686785490632,386.522648619538,556.109882484235,386.522648619538
fold1_seed29_easy,rebased_neural,ADE_vs_CV,all,eu-locality-008,157961,17.93074202189754,18.214515006924465,1.5579497171296919,63.52875665333359,130.66670787112363,63.9700524103003
fold1_seed29_easy,rebased_neural,ADE_vs_CV,all,eu-locality-020,1225,6.438087919725942,6.529874789510041,1.4056451730368624,20.950455289077674,42.958840384020256,21.020763749430696
fold1_seed29_easy,rebased_neural,ADE_vs_CV,all,eu-locality-048,8058,26.45954145527381,26.698045849916497,0.8933402691097436,88.84583659443086,160.11545465691114,89.55098636922551
fold1_seed29_easy,rebased_neural,ADE_vs_CV,all,eu-locality-067,6903,28.75475095773109,29.011553933538778,0.8851748389485992,92.86633976615431,168.56927310186109,93.29868317030169
fold1_seed29_easy,rebased_neural,ADE_vs_CV,all,eu-locality-074,102348,19.38841807372513,19.761464600296893,1.88774736142866,63.99253813675026,131.61307633325063,64.81408896393752
fold1_seed29_easy,rebased_neural,ADE_vs_CV,all,eu-locality-082,1368,13.475134237722978,13.688548886436024,1.5590743071715818,51.77887705037489,101.91283477915022,51.85945295918717
fold1_seed29_easy,rebased_neural,ADE_vs_CV,all,eu-locality-112,5004,24.275233818330406,24.679682084525158,1.6387904220547145,86.23583738842102,186.18759729912014,86.2710070848162
fold1_seed29_easy,rebased_neural,ADE_vs_CV,all,eu-locality-126,5790,19.641828936672947,19.860903597678185,1.1030447830724488,86.35315067436316,157.09863889864567,86.5533275336093
fold1_seed29_easy,rebased_neural,ADE_vs_CV,easy,eu-locality-008,39889,1.6336399118382097,1.791172498853141,8.794942257978889,3.046137950388841,3.3562971516603572,3.2504176960159774
fold1_seed29_easy,rebased_neural,ADE_vs_CV,easy,eu-locality-020,593,1.2228774242607294,1.2706472215919324,3.7594854432809854,3.027010518864425,3.3823864987977044,3.051349724629029
fold1_seed29_easy,rebased_neural,ADE_vs_CV,easy,eu-locality-048,1582,1.625687996754316,1.7551327263969017,7.375210301520707,3.0514895177139616,3.380921428523672,3.2298308573246963
fold1_seed29_easy,rebased_neural,ADE_vs_CV,easy,eu-locality-067,1219,1.5667041410749096,1.6528940070695597,5.214482333773917,3.0836295944181136,3.341412886385676,3.222473275402277
fold1_seed29_easy,rebased_neural,ADE_vs_CV,easy,eu-locality-074,17048,1.8935045417107415,2.0239574238081066,6.445436082934797,3.2249170916362595,3.459142683502938,3.3016095862663026
fold1_seed29_easy,rebased_neural,ADE_vs_CV,easy,eu-locality-082,513,1.4911274935261176,1.6221340438704122,8.07618524741105,2.942209828315566,3.2935778043258535,3.137173321764387
fold1_seed29_easy,rebased_neural,ADE_vs_CV,easy,eu-locality-112,571,1.967525450912269,2.110763890677913,6.786094854012326,3.1747152979721918,3.3506230336193297,3.3318797717711783
fold1_seed29_easy,rebased_neural,ADE_vs_CV,easy,eu-locality-126,2160,1.3676452384886986,1.4931553251754432,8.405695279692182,2.9183864654514546,3.213328488019677,3.15811922069773
fold1_seed29_easy,rebased_neural,ADE_vs_CV,hard,eu-locality-008,28100,60.26658052815883,60.74188321281993,0.7824957994729709,137.48099457042707,230.93855887171847,138.48767980783674
fold1_seed29_easy,rebased_neural,ADE_vs_CV,hard,eu-locality-020,30,43.81825835804657,43.81825835804657,0.0,64.04793996418368,69.65016417684733,64.04793996418368
fold1_seed29_easy,rebased_neural,ADE_vs_CV,hard,eu-locality-048,2478,63.56868470659485,63.88573915651315,0.4962836058631903,138.2576334561161,219.8528418739297,138.97729297348553
fold1_seed29_easy,rebased_neural,ADE_vs_CV,hard,eu-locality-067,2296,64.69640086491583,65.07172046247634,0.576778353012708,143.40335944857748,213.5382101003649,143.40335944857748
fold1_seed29_easy,rebased_neural,ADE_vs_CV,hard,eu-locality-074,19310,59.54658649481398,60.351879335065945,1.3343293516695387,135.2782020467762,237.36233356192784,136.81762092091788
fold1_seed29_easy,rebased_neural,ADE_vs_CV,hard,eu-locality-082,184,55.53935181410493,55.75797833667997,0.3920990844662908,116.0311931849977,199.45076524670506,112.9711774505625
fold1_seed29_easy,rebased_neural,ADE_vs_CV,hard,eu-locality-112,1153,69.5665285952215,70.01758802603055,0.6442087531512208,174.675987810338,306.43788270299376,174.675987810338
fold1_seed29_easy,rebased_neural,ADE_vs_CV,hard,eu-locality-126,1110,73.87714610689068,74.02161712516786,0.19517409087792537,160.69598223874476,237.31079754913677,160.69598223874476
fold1_seed29_easy,floor_neural_oracle,ADE_vs_floor,all,eu-locality-008,157961,14.971821828229476,17.98346478854126,16.746733711908213,52.11411520638055,106.09022176872594,63.52929022072974
fold1_seed29_easy,floor_neural_oracle,ADE_vs_floor,all,eu-locality-020,1225,5.922439962222203,6.496427086559671,8.835427792685902,18.817914572053354,38.78548288034698,20.950455289077674
fold1_seed29_easy,floor_neural_oracle,ADE_vs_floor,all,eu-locality-048,8058,21.80950757722387,26.479669177915895,17.63678227742721,74.50821351456626,130.59643011029604,88.84583659443086
fold1_seed29_easy,floor_neural_oracle,ADE_vs_floor,all,eu-locality-067,6903,23.443374802364932,28.822328841937583,18.66245461659597,76.94283518681392,142.07035817249775,92.86633976615431
fold1_seed29_easy,floor_neural_oracle,ADE_vs_floor,all,eu-locality-074,102348,15.64016173131838,19.449248917612554,19.584752102405357,52.476303822450696,105.37045862607542,64.11329994786327
fold1_seed29_easy,floor_neural_oracle,ADE_vs_floor,all,eu-locality-082,1368,11.46898661880259,13.545184441815437,15.327940582362254,42.842796217857895,88.44309460524764,51.77887705037489
fold1_seed29_easy,floor_neural_oracle,ADE_vs_floor,all,eu-locality-112,5004,19.781490999220303,24.31915975872915,18.65882211608931,70.81755115655774,145.2741939301036,86.23583738842102
fold1_seed29_easy,floor_neural_oracle,ADE_vs_floor,all,eu-locality-126,5790,15.593553735198821,19.6674845171028,20.714040874730564,69.15552353837947,139.16865006254682,86.35315067436316
fold1_seed29_easy,floor_neural_oracle,ADE_vs_floor,easy,eu-locality-008,39889,1.4874576974770457,1.7149047037850131,13.262953084562824,2.790890409016745,3.2406920824733843,3.0997536331079187
fold1_seed29_easy,floor_neural_oracle,ADE_vs_floor,easy,eu-locality-020,593,1.1359110503608583,1.2550129624336412,9.490094177340458,2.958062000988265,3.3538702718634053,3.0318566298574696
fold1_seed29_easy,floor_neural_oracle,ADE_vs_floor,easy,eu-locality-048,1582,1.4660407136619582,1.6792382898403921,12.696088307913577,2.8260186254066473,3.276359698505408,3.0787128016195435
fold1_seed29_easy,floor_neural_oracle,ADE_vs_floor,easy,eu-locality-067,1219,1.4619181758490314,1.6028218353634116,8.79097454287131,2.9364665830742194,3.256852486079987,3.113645588465504
fold1_seed29_easy,floor_neural_oracle,ADE_vs_floor,easy,eu-locality-074,17048,1.720256046869247,1.9721066918524313,12.770639946798056,3.0769319455714585,3.428853288144724,3.253578189683598
fold1_seed29_easy,floor_neural_oracle,ADE_vs_floor,easy,eu-locality-082,513,1.3717908810311326,1.5527411196069911,11.653599965308981,2.7207169660073536,3.082115750389932,2.982245275115995
fold1_seed29_easy,floor_neural_oracle,ADE_vs_floor,easy,eu-locality-112,571,1.7817587669257502,2.0102907592077535,11.368106391339461,2.9968642638124754,3.188334773603937,3.1756828589252075
fold1_seed29_easy,floor_neural_oracle,ADE_vs_floor,easy,eu-locality-126,2160,1.2094515551204448,1.4117003418862564,14.326608896019321,2.6285762695074824,3.1461241141442726,2.9648916649582264
fold1_seed29_easy,floor_neural_oracle,ADE_vs_floor,hard,eu-locality-008,28100,48.403663914628616,60.268305129463265,19.686369459615683,110.42977537929615,183.96628788437036,137.73329398839354
fold1_seed29_easy,floor_neural_oracle,ADE_vs_floor,hard,eu-locality-020,30,39.41523543038847,43.81825835804657,10.048375021390033,59.022210599910814,65.32265319399764,64.04793996418368
fold1_seed29_easy,floor_neural_oracle,ADE_vs_floor,hard,eu-locality-048,2478,51.415370423850575,63.57384511506502,19.124963527388196,112.82418067849983,184.9114064065987,138.2576334561161
fold1_seed29_easy,floor_neural_oracle,ADE_vs_floor,hard,eu-locality-067,2296,51.59497214594712,64.82501875342679,20.408858897214444,119.91070673257317,184.9175683075432,143.40335944857748
fold1_seed29_easy,floor_neural_oracle,ADE_vs_floor,hard,eu-locality-074,19310,46.30821761866374,59.645374388355016,22.360756230402977,107.5280633476413,187.87468857135804,135.4839089246641
fold1_seed29_easy,floor_neural_oracle,ADE_vs_floor,hard,eu-locality-082,184,45.40152774495012,55.565550683264966,18.291950342131692,108.01704804527948,193.4294680329328,111.3765512077366
fold1_seed29_easy,floor_neural_oracle,ADE_vs_floor,hard,eu-locality-112,1153,55.8315035963948,69.58882130617576,19.76943631399034,139.73850901405498,220.25074796789352,174.675987810338
fold1_seed29_easy,floor_neural_oracle,ADE_vs_floor,hard,eu-locality-126,1110,57.26826398939958,73.87553317567664,22.480066772289597,140.05841331781136,217.32913980406482,160.69598223874476
fold1_seed29_easy,floor_neural_oracle,ADE_vs_floor,complete,eu-locality-008,97352,13.379414833560345,16.33350990717464,18.08610084668135,47.76365298241818,94.66839789062907,58.67583906088502
fold1_seed29_easy,floor_neural_oracle,ADE_vs_floor,complete,eu-locality-020,364,6.256607421882222,6.896475169177139,9.27818532798782,21.61297716712974,39.592844214706254,22.682718227503177
fold1_seed29_easy,floor_neural_oracle,ADE_vs_floor,complete,eu-locality-048,4716,21.36357449646272,26.475224296206587,19.307295539990086,75.1859111028285,130.17065672393858,91.13445156792241
fold1_seed29_easy,floor_neural_oracle,ADE_vs_floor,complete,eu-locality-067,3417,23.734302910529777,29.982311550305397,20.838982442339336,74.67954720318434,138.95954599456348,91.88635300744536
fold1_seed29_easy,floor_neural_oracle,ADE_vs_floor,complete,eu-locality-074,67309,14.946026505831446,19.176820827797968,22.062021437013833,49.77929825810758,102.11297452183662,62.89827679485876
fold1_seed29_easy,floor_neural_oracle,ADE_vs_floor,complete,eu-locality-082,582,8.406155582518492,10.39121388337378,19.103237823171305,35.26862945899387,73.06869096810331,48.19172118275565
fold1_seed29_easy,floor_neural_oracle,ADE_vs_floor,complete,eu-locality-112,2417,16.070132864690304,20.704815550567986,22.384563989755225,54.6446277680199,130.76330730620646,70.027610397282
fold1_seed29_easy,floor_neural_oracle,ADE_vs_floor,complete,eu-locality-126,3637,15.073625943484153,19.359736587165674,22.13930248680631,66.89687799370752,140.07558651290915,85.0633117366397
fold1_seed29_easy,floor_neural_oracle,ADE_vs_floor,partial,eu-locality-008,60609,17.52959387107838,20.633671979070762,15.04375038597553,59.73262714337846,120.57208959308669,70.78764133985413
fold1_seed29_easy,floor_neural_oracle,ADE_vs_floor,partial,eu-locality-020,861,5.781165914235854,6.327301067892123,8.631407732874152,16.967987590585455,37.556381474573435,20.00346745004128
fold1_seed29_easy,floor_neural_oracle,ADE_vs_floor,partial,eu-locality-048,3342,22.438777597831148,26.485941488550573,15.280422983902408,72.8537740559695,130.6317773461409,83.72225273334138
fold1_seed29_easy,floor_neural_oracle,ADE_vs_floor,partial,eu-locality-067,3486,23.15820516794173,27.68530620438944,16.351999154446595,78.84810834570348,145.0236874731698,93.12027503694439
fold1_seed29_easy,floor_neural_oracle,ADE_vs_floor,partial,eu-locality-074,35039,16.97357729375737,19.972576132924917,15.015583464086435,57.71427818654045,110.71641567501293,66.82395621877974
fold1_seed29_easy,floor_neural_oracle,ADE_vs_floor,partial,eu-locality-082,786,13.736884409028217,15.88056722173025,13.49877987839574,44.10484590464024,98.31004019563272,54.22413936680799
fold1_seed29_easy,floor_neural_oracle,ADE_vs_floor,partial,eu-locality-112,2587,23.24896398381983,27.695993910691087,16.056581833499873,82.581618516531,153.19407477405252,99.24893977496998
fold1_seed29_easy,floor_neural_oracle,ADE_vs_floor,partial,eu-locality-126,2153,16.47185256402662,20.187354104274796,18.40509420430385,75.80454709419656,136.53704105999898,89.50105669523992
fold1_seed29_easy,floor_neural_oracle,ADE_vs_floor,endpoint,eu-locality-008,121088,14.675052320424069,17.940841152557816,18.203097638307476,52.24541677940267,106.12811050011526,64.5576064722536
fold1_seed29_easy,floor_neural_oracle,ADE_vs_floor,endpoint,eu-locality-020,622,6.518277615486642,7.143989261188116,8.758574835783161,22.028947608274954,38.80214210959773,24.82301529514794
fold1_seed29_easy,floor_neural_oracle,ADE_vs_floor,endpoint,eu-locality-048,5582,21.930652597386583,27.248626416574396,19.516484016064283,76.96149659674421,133.07929520359593,93.72150990232652
fold1_seed29_easy,floor_neural_oracle,ADE_vs_floor,endpoint,eu-locality-067,4600,23.86538222443731,30.332861036661274,21.321690705031614,75.40323065791912,142.08294772480193,93.39143769968017
fold1_seed29_easy,floor_neural_oracle,ADE_vs_floor,endpoint,eu-locality-074,81289,15.843201063587456,20.1591873256119,21.409525058289713,52.95168722811296,107.60466121359595,66.03362727611453
fold1_seed29_easy,floor_neural_oracle,ADE_vs_floor,endpoint,eu-locality-082,859,9.713541365976495,12.187179313353631,20.29705056252634,41.07959878696744,91.45230715694737,52.27095225543142
fold1_seed29_easy,floor_neural_oracle,ADE_vs_floor,endpoint,eu-locality-112,3719,19.366522825298777,24.544678111060954,21.09685554779659,68.6167197040638,152.5536867253997,86.79200067905488
fold1_seed29_easy,floor_neural_oracle,ADE_vs_floor,endpoint,eu-locality-126,4579,15.044883752405154,19.34679755731952,22.235792730910198,66.88139782195388,138.49137823676895,84.92075067419465
fold1_seed29_easy,floor_neural_oracle,ADE_vs_floor,easy_complete,eu-locality-008,28571,1.4443374825892143,1.6939169461514,14.733866623699187,2.6564000329276913,3.0883190439789563,3.050645272619493
fold1_seed29_easy,floor_neural_oracle,ADE_vs_floor,easy_complete,eu-locality-020,178,1.1786518226035723,1.3334932448230963,11.611714031597176,2.5946692761507677,3.272867124230537,2.9829517203101314
fold1_seed29_easy,floor_neural_oracle,ADE_vs_floor,easy_complete,eu-locality-048,1146,1.430778797476941,1.668346661657267,14.239718257615353,2.676222820950419,3.137580552549749,2.999118314144968
fold1_seed29_easy,floor_neural_oracle,ADE_vs_floor,easy_complete,eu-locality-067,551,1.4828816945198686,1.6648698455058244,10.931073769953692,2.824023835146572,3.2608833551598444,3.084165865748682
fold1_seed29_easy,floor_neural_oracle,ADE_vs_floor,easy_complete,eu-locality-074,11433,1.6635720618169767,1.9557607019529664,14.939897291331118,2.98080366866313,3.4301989171546508,3.217565099259697
fold1_seed29_easy,floor_neural_oracle,ADE_vs_floor,easy_complete,eu-locality-082,284,1.263039914590969,1.4655555878059554,13.818354956987156,2.532659778581886,3.002629362646883,2.854845527349549
fold1_seed29_easy,floor_neural_oracle,ADE_vs_floor,easy_complete,eu-locality-112,330,1.7063863949644662,1.954630836120511,12.700323588916273,2.9245426665171266,3.210365319218847,3.16520642651851
fold1_seed29_easy,floor_neural_oracle,ADE_vs_floor,easy_complete,eu-locality-126,1425,1.2217609193401389,1.4458009119045219,15.495908926303004,2.5727510786952776,2.9880572143335278,2.950095241022088
fold1_seed29_easy,floor_neural_oracle,ADE_vs_floor,hard_complete,eu-locality-008,16020,46.00453260849201,58.24060793658706,21.009525418103124,102.11937413634205,173.28474544299542,128.40448348414586
fold1_seed29_easy,floor_neural_oracle,ADE_vs_floor,hard_complete,eu-locality-020,12,39.2470324889928,43.781301733230265,10.35663414456205,62.46425208392078,66.59930715521246,62.9047951209938
fold1_seed29_easy,floor_neural_oracle,ADE_vs_floor,hard_complete,eu-locality-048,1483,51.252605328914186,64.822043883768,20.93337041205472,113.16982475419661,180.10375248016382,140.51767902286826
fold1_seed29_easy,floor_neural_oracle,ADE_vs_floor,hard_complete,eu-locality-067,1231,48.33785234214654,62.9030058938051,23.154940443145,114.27143509340593,167.65085187246964,142.93137594304721
fold1_seed29_easy,floor_neural_oracle,ADE_vs_floor,hard_complete,eu-locality-074,12476,44.23878792926973,59.345181974750766,25.455131390292575,105.07938576921076,183.48261049387557,134.86796410957527
fold1_seed29_easy,floor_neural_oracle,ADE_vs_floor,hard_complete,eu-locality-082,57,44.6279531063995,56.5126904820624,21.030209806477384,99.76216415319672,114.65476172929398,112.92067823508157
fold1_seed29_easy,floor_neural_oracle,ADE_vs_floor,hard_complete,eu-locality-112,449,51.5041984426673,67.99554926479962,24.253573947772587,133.5718518777036,213.3790701460295,177.03522847019997
fold1_seed29_easy,floor_neural_oracle,ADE_vs_floor,hard_complete,eu-locality-126,695,56.31253515045149,74.09987434387142,24.004547039951994,141.80631908488022,203.7763116695863,166.0065211709221
fold1_seed29_easy,floor_neural_oracle,FDE_vs_floor,all,eu-locality-008,121088,27.770949805488097,35.78735471638497,22.40010465827087,106.88916952874817,213.82567944577082,136.33020938660223
fold1_seed29_easy,floor_neural_oracle,FDE_vs_floor,all,eu-locality-020,622,13.180400509889704,14.706206852903373,10.375254192160611,48.98614876904287,82.5590891536665,54.18434016797015
fold1_seed29_easy,floor_neural_oracle,FDE_vs_floor,all,eu-locality-048,5582,45.4328137181906,58.58241339090806,22.446326314644903,170.86844481206808,288.68477496655714,215.2863082525073
fold1_seed29_easy,floor_neural_oracle,FDE_vs_floor,all,eu-locality-067,4600,47.38049343281567,63.93822542856737,25.89645221581919,161.98239164613298,291.7033356327803,207.16877909819794
fold1_seed29_easy,floor_neural_oracle,FDE_vs_floor,all,eu-locality-074,81289,29.903921685035563,40.72362514367756,26.56861568799157,105.90576120399915,208.36748034456554,138.69469217714217
fold1_seed29_easy,floor_neural_oracle,FDE_vs_floor,all,eu-locality-082,859,19.200396560076125,25.38336264234721,24.358341207149625,88.55800299042029,217.75947816205863,114.66976098816347
fold1_seed29_easy,floor_neural_oracle,FDE_vs_floor,all,eu-locality-112,3719,34.672928630645416,47.808704713215654,27.475699585182745,136.2677068462528,302.6411706046804,179.87567584626288
fold1_seed29_easy,floor_neural_oracle,FDE_vs_floor,all,eu-locality-126,4579,29.192120328594548,40.22672155758498,27.43102296615021,139.54057472943137,282.30708475314685,186.84649265295374
fold1_seed29_easy,floor_neural_oracle,FDE_vs_floor,easy,eu-locality-008,32900,2.1668436460579206,2.8031345925835263,22.699264894703617,4.6210689557248275,7.982749843264778,5.752477783510154
fold1_seed29_easy,floor_neural_oracle,FDE_vs_floor,easy,eu-locality-020,290,1.8840188361365986,2.295806832372624,17.93652629783574,4.869404576203143,8.542501431887002,5.653964310699582
fold1_seed29_easy,floor_neural_oracle,FDE_vs_floor,easy,eu-locality-048,1250,2.2252106934665905,2.8300292384771644,21.371459233969826,4.828813969560687,9.397176579278268,5.913491891037606
fold1_seed29_easy,floor_neural_oracle,FDE_vs_floor,easy,eu-locality-067,734,2.2888742669606463,2.7403957139946336,16.4765053721315,5.552593520548183,9.269781360973994,6.159309644436956
fold1_seed29_easy,floor_neural_oracle,FDE_vs_floor,easy,eu-locality-074,12940,2.7533941056694995,3.4827527529251627,20.94201624399191,6.729982558377577,11.389796370427646,7.157669997665338
fold1_seed29_easy,floor_neural_oracle,FDE_vs_floor,easy,eu-locality-082,391,1.9638131475671536,2.454382568823717,19.98748799343343,4.342137644108803,7.4649933893388045,5.4370479440029476
fold1_seed29_easy,floor_neural_oracle,FDE_vs_floor,easy,eu-locality-112,423,2.7183815350183056,3.3706222852377583,19.350751731395633,6.45210314700311,12.826298774505776,7.2959124108582305
fold1_seed29_easy,floor_neural_oracle,FDE_vs_floor,easy,eu-locality-126,1768,1.8083537278587003,2.3624726819716995,23.45504175948974,4.249185909108379,6.736333212845423,5.213971288922478
fold1_seed29_easy,floor_neural_oracle,FDE_vs_floor,hard,eu-locality-008,22002,93.33562643937913,124.73017370797257,25.16996997221912,221.46940949128162,372.0008025940074,293.1810614480155
fold1_seed29_easy,floor_neural_oracle,FDE_vs_floor,hard,eu-locality-020,18,77.36478115982254,89.28776442359735,13.35343463994687,117.3151892488592,125.35412109059021,117.3151892488592
fold1_seed29_easy,floor_neural_oracle,FDE_vs_floor,hard,eu-locality-048,1769,109.39768884022982,143.93331124091506,23.994183210917473,256.4104403882625,405.9754665490464,310.51436902474313
fold1_seed29_easy,floor_neural_oracle,FDE_vs_floor,hard,eu-locality-067,1633,98.68365910728583,138.33863430873308,28.66514867636213,252.31553815717098,355.06621363070707,315.11114527743234
fold1_seed29_easy,floor_neural_oracle,FDE_vs_floor,hard,eu-locality-074,16042,85.34397991047952,122.89930414810182,30.5578005489483,209.82311531627158,341.1440660162565,285.4121987158981
fold1_seed29_easy,floor_neural_oracle,FDE_vs_floor,hard,eu-locality-082,103,93.49662669286487,128.85201797704747,27.43875636505786,264.839249478171,372.4221711360571,277.93782304116826
fold1_seed29_easy,floor_neural_oracle,FDE_vs_floor,hard,eu-locality-112,847,102.75344222119774,143.47701236885726,28.383341327853618,280.2137102415649,473.7682385571485,394.2222345963048
fold1_seed29_easy,floor_neural_oracle,FDE_vs_floor,hard,eu-locality-126,868,112.29725034285488,158.4582949790048,29.13135260117882,282.82001343736806,453.1735680574843,381.7058653169035
fold1_seed29_easy,floor_neural_oracle,FDE_vs_floor,complete,eu-locality-008,97352,25.41975016567087,32.66032043528029,22.169317915778997,99.07487539078781,192.5949341007136,124.69390806189993
fold1_seed29_easy,floor_neural_oracle,FDE_vs_floor,complete,eu-locality-020,364,12.815283221945949,14.445668616234704,11.28632697870733,49.97637524479037,82.86375181655934,57.42336195362734
fold1_seed29_easy,floor_neural_oracle,FDE_vs_floor,complete,eu-locality-048,4716,44.77482454515934,57.31658074988384,21.881549877257665,170.87798879575803,292.39279643579283,211.07901350209556
fold1_seed29_easy,floor_neural_oracle,FDE_vs_floor,complete,eu-locality-067,3417,47.86584677748855,63.71775504665264,24.87832199605541,159.24345868828533,290.6228755154741,202.97766602104522
fold1_seed29_easy,floor_neural_oracle,FDE_vs_floor,complete,eu-locality-074,67309,28.22622255139494,38.828573603031245,27.305538338932458,99.70793437705221,195.01628465600982,132.10299808412034
fold1_seed29_easy,floor_neural_oracle,FDE_vs_floor,complete,eu-locality-082,582,15.90718238098402,20.848873125388888,23.702435688896216,74.00410272241687,165.5398851728982,101.05798186988082
fold1_seed29_easy,floor_neural_oracle,FDE_vs_floor,complete,eu-locality-112,2417,28.154845896720946,39.91272183095244,29.458967955207772,102.32985472286592,270.54612531836926,140.54076003111032
fold1_seed29_easy,floor_neural_oracle,FDE_vs_floor,complete,eu-locality-126,3637,29.578812891123558,40.521356092565284,27.00438548118933,140.7152750065128,290.2963097146204,189.26445610861697
fold1_seed29_easy,floor_neural_oracle,FDE_vs_floor,partial,eu-locality-008,23736,37.41427586444861,48.612727202654895,23.03604834084416,141.60293990769532,278.58955048986456,183.68988112608088
fold1_seed29_easy,floor_neural_oracle,FDE_vs_floor,partial,eu-locality-020,258,13.69552722621345,15.073787930994051,9.143426397466314,48.58226719879105,79.60935088795026,50.52160752263893
fold1_seed29_easy,floor_neural_oracle,FDE_vs_floor,partial,eu-locality-048,866,49.016043441072135,65.47579299260576,25.138679196130454,168.73192561768022,280.200771792657,240.7350887420016
fold1_seed29_easy,floor_neural_oracle,FDE_vs_floor,partial,eu-locality-067,1183,45.97858947783072,64.5750363288232,28.798198047148325,169.09432885148436,323.74427542971404,223.58277671684624
fold1_seed29_easy,floor_neural_oracle,FDE_vs_floor,partial,eu-locality-074,13980,37.98147898018696,49.8476612058637,23.804892624091455,133.02959269216743,252.35417923258123,169.4379035687417
fold1_seed29_easy,floor_neural_oracle,FDE_vs_floor,partial,eu-locality-082,277,26.11971299412525,34.91070162743654,25.181357645365665,105.02810873549035,295.21475527369677,146.71054103169644
fold1_seed29_easy,floor_neural_oracle,FDE_vs_floor,partial,eu-locality-112,1302,46.77293321428247,62.46660842015125,25.12330283775439,176.60266879049024,347.65967915862495,237.90442482379694
fold1_seed29_easy,floor_neural_oracle,FDE_vs_floor,partial,eu-locality-126,942,27.699125795772893,39.089157010108,29.13859516435665,127.02814588394982,243.2869374111849,183.72653083584885
fold1_seed29_easy,floor_neural_oracle,FDE_vs_floor,endpoint,eu-locality-008,121088,27.770949805488097,35.78735471638497,22.40010465827087,106.88916952874817,213.82567944577082,136.33020938660223
fold1_seed29_easy,floor_neural_oracle,FDE_vs_floor,endpoint,eu-locality-020,622,13.180400509889704,14.706206852903373,10.375254192160611,48.98614876904287,82.5590891536665,54.18434016797015
fold1_seed29_easy,floor_neural_oracle,FDE_vs_floor,endpoint,eu-locality-048,5582,45.4328137181906,58.58241339090806,22.446326314644903,170.86844481206808,288.68477496655714,215.2863082525073
fold1_seed29_easy,floor_neural_oracle,FDE_vs_floor,endpoint,eu-locality-067,4600,47.38049343281567,63.93822542856737,25.89645221581919,161.98239164613298,291.7033356327803,207.16877909819794
fold1_seed29_easy,floor_neural_oracle,FDE_vs_floor,endpoint,eu-locality-074,81289,29.903921685035563,40.72362514367756,26.56861568799157,105.90576120399915,208.36748034456554,138.69469217714217
fold1_seed29_easy,floor_neural_oracle,FDE_vs_floor,endpoint,eu-locality-082,859,19.200396560076125,25.38336264234721,24.358341207149625,88.55800299042029,217.75947816205863,114.66976098816347
fold1_seed29_easy,floor_neural_oracle,FDE_vs_floor,endpoint,eu-locality-112,3719,34.672928630645416,47.808704713215654,27.475699585182745,136.2677068462528,302.6411706046804,179.87567584626288
fold1_seed29_easy,floor_neural_oracle,FDE_vs_floor,endpoint,eu-locality-126,4579,29.192120328594548,40.22672155758498,27.43102296615021,139.54057472943137,282.30708475314685,186.84649265295374
fold1_seed29_easy,floor_neural_oracle,FDE_vs_floor,easy_complete,eu-locality-008,28571,2.128668676002476,2.7650480018673456,23.015127601224194,4.542756638110751,7.625976701328623,5.680029975089665
fold1_seed29_easy,floor_neural_oracle,FDE_vs_floor,easy_complete,eu-locality-020,178,1.7811026815931497,2.209227140061852,19.37892445304271,4.428443466200578,7.634992483488128,5.486303503667565
fold1_seed29_easy,floor_neural_oracle,FDE_vs_floor,easy_complete,eu-locality-048,1146,2.1947882026217647,2.79920391024718,21.592414379417015,4.768621778655157,9.263826557087915,5.743444609880027
fold1_seed29_easy,floor_neural_oracle,FDE_vs_floor,easy_complete,eu-locality-067,551,2.296355633135395,2.7650183308707788,16.949713949555967,5.885420390161864,9.226328147686509,6.392443675150393
fold1_seed29_easy,floor_neural_oracle,FDE_vs_floor,easy_complete,eu-locality-074,11433,2.7384186307618146,3.4732826122767135,21.157621292244933,6.6559888732502,11.195954756341875,7.042832880329562
fold1_seed29_easy,floor_neural_oracle,FDE_vs_floor,easy_complete,eu-locality-082,284,1.8788454655256321,2.3563277094514303,20.263830112024582,4.048868219176616,7.469912560877737,5.190976484991077
fold1_seed29_easy,floor_neural_oracle,FDE_vs_floor,easy_complete,eu-locality-112,330,2.671884571674757,3.29229626453361,18.844345800293315,6.3237109919823284,12.722748353717918,7.419917915140831
fold1_seed29_easy,floor_neural_oracle,FDE_vs_floor,easy_complete,eu-locality-126,1425,1.8151876160365767,2.3797587323107066,23.72388043412874,4.257624083418549,6.586607614045625,5.2241063848355145
fold1_seed29_easy,floor_neural_oracle,FDE_vs_floor,hard_complete,eu-locality-008,16020,90.36106884578196,120.33348744114086,24.90779518878269,205.9237451251164,355.87746799989225,273.1534919058007
fold1_seed29_easy,floor_neural_oracle,FDE_vs_floor,hard_complete,eu-locality-020,12,78.59931485745416,91.67652097939975,14.264509584612306,114.43867577212549,124.7788183952435,118.43938924577421
fold1_seed29_easy,floor_neural_oracle,FDE_vs_floor,hard_complete,eu-locality-048,1483,109.77265378446731,143.16307877094192,23.323349339181664,256.55946963578555,386.41419146502534,309.0389558972078
fold1_seed29_easy,floor_neural_oracle,FDE_vs_floor,hard_complete,eu-locality-067,1231,97.99890504564793,135.3230447153692,27.581510413268294,252.07792668375384,339.34634699137877,300.1127604707125
fold1_seed29_easy,floor_neural_oracle,FDE_vs_floor,hard_complete,eu-locality-074,12476,82.52629219343522,121.16672266783178,31.890299269978595,199.6304152956695,330.938420852479,276.9986873269766
fold1_seed29_easy,floor_neural_oracle,FDE_vs_floor,hard_complete,eu-locality-082,57,89.90490358689243,119.41164216906232,24.710102001942502,210.7885385522452,272.66499140726404,243.99478619891514
fold1_seed29_easy,floor_neural_oracle,FDE_vs_floor,hard_complete,eu-locality-112,449,93.77766119097507,135.7241490395668,30.905692277623597,279.88890690853896,454.35991040888166,391.51283762831025
fold1_seed29_easy,floor_neural_oracle,FDE_vs_floor,hard_complete,eu-locality-126,695,114.60416881078427,160.21270816788555,28.46749167320015,300.4713284062648,465.5837544492041,386.522648619538
fold1_seed29_easy,floor_neural_oracle,ADE_vs_CV,all,eu-locality-008,157961,14.971821828229476,18.214515006924465,17.802797260658544,52.11411520638055,106.09022176872594,63.9700524103003
fold1_seed29_easy,floor_neural_oracle,ADE_vs_CV,all,eu-locality-020,1225,5.922439962222203,6.529874789510041,9.302396245999311,18.817914572053354,38.78548288034698,21.020763749430696
fold1_seed29_easy,floor_neural_oracle,ADE_vs_CV,all,eu-locality-048,8058,21.80950757722387,26.698045849916497,18.310472235210117,74.50821351456626,130.59643011029604,89.55098636922551
fold1_seed29_easy,floor_neural_oracle,ADE_vs_CV,all,eu-locality-067,6903,23.443374802364932,29.011553933538778,19.19297099331435,76.94283518681392,142.07035817249775,93.29868317030169
fold1_seed29_easy,floor_neural_oracle,ADE_vs_CV,all,eu-locality-074,102348,15.64016173131838,19.761464600296893,20.855250116009096,52.476303822450696,105.37045862607542,64.81408896393752
fold1_seed29_easy,floor_neural_oracle,ADE_vs_CV,all,eu-locality-082,1368,11.46898661880259,13.688548886436024,16.214737486402207,42.842796217857895,88.44309460524764,51.85945295918717
fold1_seed29_easy,floor_neural_oracle,ADE_vs_CV,all,eu-locality-112,5004,19.781490999220303,24.679682084525158,19.847059084995898,70.81755115655774,145.2741939301036,86.2710070848162
fold1_seed29_easy,floor_neural_oracle,ADE_vs_CV,all,eu-locality-126,5790,15.593553735198821,19.860903597678185,21.48618184209017,69.15552353837947,139.16865006254682,86.5533275336093
fold1_seed29_easy,floor_neural_oracle,ADE_vs_CV,easy,eu-locality-008,39889,1.4874576974770457,1.791172498853141,16.956200565303405,2.790890409016745,3.2406920824733843,3.2504176960159774
fold1_seed29_easy,floor_neural_oracle,ADE_vs_CV,easy,eu-locality-020,593,1.1359110503608583,1.2706472215919324,10.603743426304412,2.958062000988265,3.3538702718634053,3.051349724629029
fold1_seed29_easy,floor_neural_oracle,ADE_vs_CV,easy,eu-locality-048,1582,1.4660407136619582,1.7551327263969017,16.471233678630004,2.8260186254066473,3.276359698505408,3.2298308573246963
fold1_seed29_easy,floor_neural_oracle,ADE_vs_CV,easy,eu-locality-067,1219,1.4619181758490314,1.6528940070695597,11.554027687420332,2.9364665830742194,3.256852486079987,3.222473275402277
fold1_seed29_easy,floor_neural_oracle,ADE_vs_CV,easy,eu-locality-074,17048,1.720256046869247,2.0239574238081066,15.00532438905957,3.0769319455714585,3.428853288144724,3.3016095862663026
fold1_seed29_easy,floor_neural_oracle,ADE_vs_CV,easy,eu-locality-082,513,1.3717908810311326,1.6221340438704122,15.432951659282157,2.7207169660073536,3.082115750389932,3.137173321764387
fold1_seed29_easy,floor_neural_oracle,ADE_vs_CV,easy,eu-locality-112,571,1.7817587669257502,2.110763890677913,15.58701687124734,2.9968642638124754,3.188334773603937,3.3318797717711783
fold1_seed29_easy,floor_neural_oracle,ADE_vs_CV,easy,eu-locality-126,2160,1.2094515551204448,1.4931553251754432,19.000285186115097,2.6285762695074824,3.1461241141442726,3.15811922069773
fold1_seed29_easy,floor_neural_oracle,ADE_vs_CV,hard,eu-locality-008,28100,48.403663914628616,60.74188321281993,20.312539956922603,110.42977537929615,183.96628788437036,138.48767980783674
fold1_seed29_easy,floor_neural_oracle,ADE_vs_CV,hard,eu-locality-020,30,39.41523543038847,43.81825835804657,10.048375021390033,59.022210599910814,65.32265319399764,64.04793996418368
fold1_seed29_easy,floor_neural_oracle,ADE_vs_CV,hard,eu-locality-048,2478,51.415370423850575,63.88573915651315,19.519800345600636,112.82418067849983,184.9114064065987,138.97729297348553
fold1_seed29_easy,floor_neural_oracle,ADE_vs_CV,hard,eu-locality-067,2296,51.59497214594712,65.07172046247634,20.71060703597133,119.91070673257317,184.9175683075432,143.40335944857748
fold1_seed29_easy,floor_neural_oracle,ADE_vs_CV,hard,eu-locality-074,19310,46.30821761866374,60.351879335065945,23.26963446893441,107.5280633476413,187.87468857135804,136.81762092091788
fold1_seed29_easy,floor_neural_oracle,ADE_vs_CV,hard,eu-locality-082,184,45.40152774495012,55.75797833667997,18.57393488909359,108.01704804527948,193.4294680329328,112.9711774505625
fold1_seed29_easy,floor_neural_oracle,ADE_vs_CV,hard,eu-locality-112,1153,55.8315035963948,70.01758802603055,20.260744235236672,139.73850901405498,220.25074796789352,174.675987810338
fold1_seed29_easy,floor_neural_oracle,ADE_vs_CV,hard,eu-locality-126,1110,57.26826398939958,74.02161712516786,22.63305475674623,140.05841331781136,217.32913980406482,160.69598223874476
fold1_seed29_easy,union_oracle,ADE_vs_floor,all,eu-locality-008,157961,14.877964519803761,17.98346478854126,17.268642640634337,51.78093520247387,105.86770921199452,63.52929022072974
fold1_seed29_easy,union_oracle,ADE_vs_floor,all,eu-locality-020,1225,5.8815608694808414,6.496427086559671,9.46468280004118,18.763709465028253,38.78548288034698,20.950455289077674
fold1_seed29_easy,union_oracle,ADE_vs_floor,all,eu-locality-048,8058,21.704293297249468,26.479669177915895,18.034122135668905,74.14177121070308,130.59643011029604,88.84583659443086
fold1_seed29_easy,union_oracle,ADE_vs_floor,all,eu-locality-067,6903,23.41328368106796,28.822328841937583,18.766856732962044,76.93435858768065,142.07035817249775,92.86633976615431
fold1_seed29_easy,union_oracle,ADE_vs_floor,all,eu-locality-074,102348,15.587090598315497,19.449248917612554,19.857621935208115,52.37653651684434,105.32034370812968,64.11329994786327
fold1_seed29_easy,union_oracle,ADE_vs_floor,all,eu-locality-082,1368,11.455793161278946,13.545184441815437,15.425343888905019,42.842796217857895,88.44309460524764,51.77887705037489
fold1_seed29_easy,union_oracle,ADE_vs_floor,all,eu-locality-112,5004,19.745252160804526,24.31915975872915,18.807835646060344,70.81755115655774,145.2741939301036,86.23583738842102
fold1_seed29_easy,union_oracle,ADE_vs_floor,all,eu-locality-126,5790,15.55482419902961,19.6674845171028,20.910962530550513,69.15552353837947,139.16865006254682,86.35315067436316
fold1_seed29_easy,union_oracle,ADE_vs_floor,easy,eu-locality-008,39889,1.482133213775975,1.7149047037850131,13.57343585887203,2.7835737786673134,3.2139768577014705,3.0997536331079187
fold1_seed29_easy,union_oracle,ADE_vs_floor,easy,eu-locality-020,593,1.125043755098734,1.2550129624336412,10.35600517486921,2.912618677577817,3.281873299441771,3.0318566298574696
fold1_seed29_easy,union_oracle,ADE_vs_floor,easy,eu-locality-048,1582,1.4610296203663444,1.6792382898403921,12.994502971629352,2.7810323129015746,3.259191998320262,3.0787128016195435
fold1_seed29_easy,union_oracle,ADE_vs_floor,easy,eu-locality-067,1219,1.4574248012204505,1.6028218353634116,9.071316033699706,2.9350513005212515,3.243992847794571,3.113645588465504
fold1_seed29_easy,union_oracle,ADE_vs_floor,easy,eu-locality-074,17048,1.7009102660860367,1.9721066918524313,13.75161023928454,3.0239098111516034,3.3498849622826126,3.253578189683598
fold1_seed29_easy,union_oracle,ADE_vs_floor,easy,eu-locality-082,513,1.3705608626770431,1.5527411196069911,11.732815897608162,2.7186930291210247,3.082115750389932,2.982245275115995
fold1_seed29_easy,union_oracle,ADE_vs_floor,easy,eu-locality-112,571,1.7783591264686305,2.0102907592077535,11.537218269387372,2.990550578320203,3.170791497343396,3.1756828589252075
fold1_seed29_easy,union_oracle,ADE_vs_floor,easy,eu-locality-126,2160,1.2024606913011562,1.4117003418862564,14.821817660362868,2.6219609025970145,3.080874591077875,2.9648916649582264
fold1_seed29_easy,union_oracle,ADE_vs_floor,hard,eu-locality-008,28100,48.2438503963165,60.268305129463265,19.951539548551843,110.29388670519097,183.21269750192246,137.73329398839354
fold1_seed29_easy,union_oracle,ADE_vs_floor,hard,eu-locality-020,30,39.41523543038847,43.81825835804657,10.048375021390033,59.022210599910814,65.32265319399764,64.04793996418368
fold1_seed29_easy,union_oracle,ADE_vs_floor,hard,eu-locality-048,2478,51.24238979198381,63.57384511506502,19.397057548999875,112.64298857696173,184.8926929733013,138.2576334561161
fold1_seed29_easy,union_oracle,ADE_vs_floor,hard,eu-locality-067,2296,51.56915348075308,64.82501875342679,20.44868713898055,119.65511827194852,184.9175683075432,143.40335944857748
fold1_seed29_easy,union_oracle,ADE_vs_floor,hard,eu-locality-074,19310,46.2538812822776,59.645374388355016,22.451855224991146,107.46189301357468,187.87468857135804,135.4839089246641
fold1_seed29_easy,union_oracle,ADE_vs_floor,hard,eu-locality-082,184,45.35316980341901,55.565550683264966,18.378978979365513,103.49084462666167,193.4294680329328,111.3765512077366
fold1_seed29_easy,union_oracle,ADE_vs_floor,hard,eu-locality-112,1153,55.746545659385035,69.58882130617576,19.891521924028154,139.73850901405498,220.25074796789352,174.675987810338
fold1_seed29_easy,union_oracle,ADE_vs_floor,hard,eu-locality-126,1110,57.17063657679317,73.87553317567664,22.61221798448355,140.05841331781136,217.32913980406482,160.69598223874476
fold1_seed29_easy,union_oracle,ADE_vs_floor,complete,eu-locality-008,97352,13.289716759169854,16.33350990717464,18.63526679386758,47.48312369789037,94.52759504419384,58.67583906088502
fold1_seed29_easy,union_oracle,ADE_vs_floor,complete,eu-locality-020,364,6.163385469587551,6.896475169177139,10.629918641134717,21.61297716712974,39.592844214706254,22.682718227503177
fold1_seed29_easy,union_oracle,ADE_vs_floor,complete,eu-locality-048,4716,21.243793940035573,26.475224296206587,19.75972062650506,75.05516965818146,130.17065672393858,91.13445156792241
fold1_seed29_easy,union_oracle,ADE_vs_floor,complete,eu-locality-067,3417,23.707636707844078,29.982311550305397,20.92792222485396,74.67293714690582,138.95954599456348,91.88635300744536
fold1_seed29_easy,union_oracle,ADE_vs_floor,complete,eu-locality-074,67309,14.89042273467658,19.176820827797968,22.35197445714252,49.71531077807198,102.10227188988709,62.89827679485876
fold1_seed29_easy,union_oracle,ADE_vs_floor,complete,eu-locality-082,582,8.402341219287157,10.39121388337378,19.139945403961633,35.26862945899387,73.06869096810331,48.19172118275565
fold1_seed29_easy,union_oracle,ADE_vs_floor,complete,eu-locality-112,2417,16.03738146600418,20.704815550567986,22.54274650824294,54.6446277680199,129.83588989523363,70.027610397282
fold1_seed29_easy,union_oracle,ADE_vs_floor,complete,eu-locality-126,3637,15.032848299034226,19.359736587165674,22.349933681431967,66.77585264005491,140.07558651290915,85.0633117366397
fold1_seed29_easy,union_oracle,ADE_vs_floor,partial,eu-locality-008,60609,17.42905587576132,20.633671979070762,15.531002463158094,59.48465319923475,120.27625623178596,70.78764133985413
fold1_seed29_easy,union_oracle,ADE_vs_floor,partial,eu-locality-020,861,5.762415510086136,6.327301067892123,8.927748999846052,16.77323969956447,37.556381474573435,20.00346745004128
fold1_seed29_easy,union_oracle,ADE_vs_floor,partial,eu-locality-048,3342,22.354118242976796,26.485941488550573,15.600061819059352,72.57478725154104,130.6317773461409,83.72225273334138
fold1_seed29_easy,union_oracle,ADE_vs_floor,partial,eu-locality-067,3486,23.12475691902149,27.68530620438944,16.4728150438332,78.78105331007683,145.0236874731698,93.12027503694439
fold1_seed29_easy,union_oracle,ADE_vs_floor,partial,eu-locality-074,35039,16.925371292218635,19.972576132924917,15.256944424324637,57.69370133951213,110.66020228462408,66.82395621877974
fold1_seed29_easy,union_oracle,ADE_vs_floor,partial,eu-locality-082,786,13.716746125959885,15.88056722173025,13.625590733368076,44.10484590464024,97.51129841587675,54.22413936680799
fold1_seed29_easy,union_oracle,ADE_vs_floor,partial,eu-locality-112,2587,23.209466876433606,27.695993910691087,16.199191293602976,82.581618516531,153.19407477405252,99.24893977496998
fold1_seed29_easy,union_oracle,ADE_vs_floor,partial,eu-locality-126,2153,16.436582837340435,20.187354104274796,18.57980618738001,75.80454709419656,136.53704105999898,89.50105669523992
fold1_seed29_easy,union_oracle,ADE_vs_floor,endpoint,eu-locality-008,121088,14.57845113440876,17.940841152557816,18.741540541813894,51.90244709754493,105.97599781073939,64.5576064722536
fold1_seed29_easy,union_oracle,ADE_vs_floor,endpoint,eu-locality-020,622,6.446389747754299,7.143989261188116,9.764845493591901,22.028947608274954,38.80214210959773,24.82301529514794
fold1_seed29_easy,union_oracle,ADE_vs_floor,endpoint,eu-locality-048,5582,21.79470402769273,27.248626416574396,20.015402998678244,76.44560927593466,133.07929520359593,93.72150990232652
fold1_seed29_easy,union_oracle,ADE_vs_floor,endpoint,eu-locality-067,4600,23.8327567791058,30.332861036661274,21.429248792915512,75.35085204476019,142.08294772480193,93.39143769968017
fold1_seed29_easy,union_oracle,ADE_vs_floor,endpoint,eu-locality-074,81289,15.785059081265654,20.1591873256119,21.697939374713737,52.78366842620934,107.52849145527607,66.03362727611453
fold1_seed29_easy,union_oracle,ADE_vs_floor,endpoint,eu-locality-082,859,9.709166672972051,12.187179313353631,20.332946424004717,41.07959878696744,91.45230715694737,52.27095225543142
fold1_seed29_easy,union_oracle,ADE_vs_floor,endpoint,eu-locality-112,3719,19.32798002692579,24.544678111060954,21.25388673068106,67.51763300238684,152.211354733939,86.79200067905488
fold1_seed29_easy,union_oracle,ADE_vs_floor,endpoint,eu-locality-126,4579,15.000252920879634,19.34679755731952,22.46648120218453,66.76459451378668,138.49137823676895,84.92075067419465
fold1_seed29_easy,union_oracle,ADE_vs_floor,easy_complete,eu-locality-008,28571,1.4413683422081354,1.6939169461514,14.909149147899969,2.651898471405313,3.0699922949022618,3.050645272619493
fold1_seed29_easy,union_oracle,ADE_vs_floor,easy_complete,eu-locality-020,178,1.1778393297432042,1.3334932448230963,11.672643688610618,2.5946692761507677,3.272867124230537,2.9829517203101314
fold1_seed29_easy,union_oracle,ADE_vs_floor,easy_complete,eu-locality-048,1146,1.4275752990971686,1.668346661657267,14.431734608497138,2.664242664261426,3.0821654762292194,2.999118314144968
fold1_seed29_easy,union_oracle,ADE_vs_floor,easy_complete,eu-locality-067,551,1.4766081571450616,1.6648698455058244,11.307892257701669,2.8133813248048503,3.168429782754086,3.084165865748682
fold1_seed29_easy,union_oracle,ADE_vs_floor,easy_complete,eu-locality-074,11433,1.6428453528148492,1.9557607019529664,15.999674644533401,2.925728831234551,3.3292339652643497,3.217565099259697
fold1_seed29_easy,union_oracle,ADE_vs_floor,easy_complete,eu-locality-082,284,1.2617789610677466,1.4655555878059554,13.904394240226491,2.532659778581886,2.9901117315041197,2.854845527349549
fold1_seed29_easy,union_oracle,ADE_vs_floor,easy_complete,eu-locality-112,330,1.7040414496107519,1.954630836120511,12.820292296581226,2.9119284689289358,3.1790414490421472,3.16520642651851
fold1_seed29_easy,union_oracle,ADE_vs_floor,easy_complete,eu-locality-126,1425,1.2190671812210052,1.4458009119045219,15.682223521691185,2.5503972855252566,2.9804334406383113,2.950095241022088
fold1_seed29_easy,union_oracle,ADE_vs_floor,hard_complete,eu-locality-008,16020,45.838547502544564,58.24060793658706,21.294524342098175,101.9416262225217,172.8367495482257,128.40448348414586
fold1_seed29_easy,union_oracle,ADE_vs_floor,hard_complete,eu-locality-020,12,39.2470324889928,43.781301733230265,10.35663414456205,62.46425208392078,66.59930715521246,62.9047951209938
fold1_seed29_easy,union_oracle,ADE_vs_floor,hard_complete,eu-locality-048,1483,51.0323800165532,64.822043883768,21.273108715826616,112.6596852797657,180.10375248016382,140.51767902286826
fold1_seed29_easy,union_oracle,ADE_vs_floor,hard_complete,eu-locality-067,1231,48.32055268280763,62.9030058938051,23.182442561832485,114.27143509340593,167.65085187246964,142.93137594304721
fold1_seed29_easy,union_oracle,ADE_vs_floor,hard_complete,eu-locality-074,12476,44.1894819304659,59.345181974750766,25.53821479683568,105.0598233143786,183.48261049387557,134.86796410957527
fold1_seed29_easy,union_oracle,ADE_vs_floor,hard_complete,eu-locality-082,57,44.612693124127816,56.5126904820624,21.057212559560845,99.76216415319672,114.16766309518187,112.92067823508157
fold1_seed29_easy,union_oracle,ADE_vs_floor,hard_complete,eu-locality-112,449,51.39686876674571,67.99554926479962,24.411422037952157,132.34608531316186,213.3790701460295,177.03522847019997
fold1_seed29_easy,union_oracle,ADE_vs_floor,hard_complete,eu-locality-126,695,56.17193028838802,74.09987434387142,24.19429751295681,141.80631908488022,203.7763116695863,166.0065211709221
fold1_seed29_easy,union_oracle,FDE_vs_floor,all,eu-locality-008,121088,27.505893221651903,35.78735471638497,23.140747787490035,105.78748595280962,212.94818443789046,136.33020938660223
fold1_seed29_easy,union_oracle,FDE_vs_floor,all,eu-locality-020,622,12.969033140526925,14.706206852903373,11.812520589110898,48.965422767887034,82.5590891536665,54.18434016797015
fold1_seed29_easy,union_oracle,FDE_vs_floor,all,eu-locality-048,5582,45.0858229271739,58.58241339090806,23.03863853077247,168.95501774952024,288.5553274311741,215.2863082525073
fold1_seed29_easy,union_oracle,FDE_vs_floor,all,eu-locality-067,4600,47.30733968214644,63.93822542856737,26.010865385998517,161.95162038221847,291.7033356327803,207.16877909819794
fold1_seed29_easy,union_oracle,FDE_vs_floor,all,eu-locality-074,81289,29.75568462889639,40.72362514367756,26.932623203570493,105.65968226917252,207.86917252718965,138.69469217714217
fold1_seed29_easy,union_oracle,FDE_vs_floor,all,eu-locality-082,859,19.18766163246105,25.38336264234721,24.408511579745685,88.55800299042029,217.4587886912977,114.66976098816347
fold1_seed29_easy,union_oracle,FDE_vs_floor,all,eu-locality-112,3719,34.55497447924199,47.808704713215654,27.722420662674775,134.9842883643231,302.6411706046804,179.87567584626288
fold1_seed29_easy,union_oracle,FDE_vs_floor,all,eu-locality-126,4579,29.06196846017509,40.22672155758498,27.754568767000876,138.41486079454413,282.30708475314685,186.84649265295374
fold1_seed29_easy,union_oracle,FDE_vs_floor,easy,eu-locality-008,32900,2.158317553719302,2.8031345925835263,23.003427683075493,4.612085642643986,7.829406949382156,5.752477783510154
fold1_seed29_easy,union_oracle,FDE_vs_floor,easy,eu-locality-020,290,1.8321764368592202,2.295806832372624,20.19466049912659,4.726066498582969,8.117093400465636,5.653964310699582
fold1_seed29_easy,union_oracle,FDE_vs_floor,easy,eu-locality-048,1250,2.221900608870803,2.8300292384771644,21.48842214554627,4.828813969560687,9.365649185598407,5.913491891037606
fold1_seed29_easy,union_oracle,FDE_vs_floor,easy,eu-locality-067,734,2.274333260509734,2.7403957139946336,17.007122405892517,5.419147799069022,8.799518485743215,6.159309644436956
fold1_seed29_easy,union_oracle,FDE_vs_floor,easy,eu-locality-074,12940,2.699403890670161,3.4827527529251627,22.492232949843117,6.531295698061158,10.854694274697664,7.157669997665338
fold1_seed29_easy,union_oracle,FDE_vs_floor,easy,eu-locality-082,391,1.9610735467328702,2.454382568823717,20.099108768005514,4.342137644108803,7.221908799624045,5.4370479440029476
fold1_seed29_easy,union_oracle,FDE_vs_floor,easy,eu-locality-112,423,2.7187923287637954,3.3706222852377583,19.33856425648073,6.3351769780803755,12.822906345150994,7.2959124108582305
fold1_seed29_easy,union_oracle,FDE_vs_floor,easy,eu-locality-126,1768,1.7863649062280942,2.3624726819716995,24.385796294702157,4.170565397004994,6.492833908201922,5.213971288922478
fold1_seed29_easy,union_oracle,FDE_vs_floor,hard,eu-locality-008,22002,92.88708160101913,124.73017370797257,25.52958210537477,220.7625155767005,371.3959839449298,293.1810614480155
fold1_seed29_easy,union_oracle,FDE_vs_floor,hard,eu-locality-020,18,77.36478115982254,89.28776442359735,13.35343463994687,117.3151892488592,125.35412109059021,117.3151892488592
fold1_seed29_easy,union_oracle,FDE_vs_floor,hard,eu-locality-048,1769,108.80285757198489,143.93331124091506,24.407451872019358,256.4104403882625,405.9754665490464,310.51436902474313
fold1_seed29_easy,union_oracle,FDE_vs_floor,hard,eu-locality-067,1633,98.62234277658459,138.33863430873308,28.709472036215743,252.31553815717098,355.06621363070707,315.11114527743234
fold1_seed29_easy,union_oracle,FDE_vs_floor,hard,eu-locality-074,16042,85.2041508653721,122.89930414810182,30.671575843346154,209.58389745550025,341.1440660162565,285.4121987158981
fold1_seed29_easy,union_oracle,FDE_vs_floor,hard,eu-locality-082,103,93.46185693644371,128.85201797704747,27.465740619528244,264.839249478171,372.4221711360571,277.93782304116826
fold1_seed29_easy,union_oracle,FDE_vs_floor,hard,eu-locality-112,847,102.44167013930753,143.47701236885726,28.600638912144472,280.2137102415649,473.7682385571485,394.2222345963048
fold1_seed29_easy,union_oracle,FDE_vs_floor,hard,eu-locality-126,868,111.94624890823366,158.4582949790048,29.352862894892205,282.82001343736806,453.1735680574843,381.7058653169035
fold1_seed29_easy,union_oracle,FDE_vs_floor,complete,eu-locality-008,97352,25.168961468682646,32.66032043528029,22.937187592640207,97.90772731733078,192.2313562252636,124.69390806189993
fold1_seed29_easy,union_oracle,FDE_vs_floor,complete,eu-locality-020,364,12.543936230025892,14.445668616234704,13.164723881811591,49.97637524479037,82.86375181655934,57.42336195362734
fold1_seed29_easy,union_oracle,FDE_vs_floor,complete,eu-locality-048,4716,44.47309790577178,57.31658074988384,22.407971089828294,169.21209411581358,292.39279643579283,211.07901350209556
fold1_seed29_easy,union_oracle,FDE_vs_floor,complete,eu-locality-067,3417,47.80437189136231,63.71775504665264,24.974801989867544,158.55016636642614,290.6228755154741,202.97766602104522
fold1_seed29_easy,union_oracle,FDE_vs_floor,complete,eu-locality-074,67309,28.08279200549676,38.828573603031245,27.674932660146933,99.40586661054897,194.68992257321057,132.10299808412034
fold1_seed29_easy,union_oracle,FDE_vs_floor,complete,eu-locality-082,582,15.895698175926839,20.848873125388888,23.7575187861366,74.00410272241687,165.5398851728982,101.05798186988082
fold1_seed29_easy,union_oracle,FDE_vs_floor,complete,eu-locality-112,2417,28.05687309252351,39.91272183095244,29.704435564789478,101.04113934727731,270.54612531836926,140.54076003111032
fold1_seed29_easy,union_oracle,FDE_vs_floor,complete,eu-locality-126,3637,29.45951988103106,40.521356092565284,27.298780885479324,140.16184563910912,290.2963097146204,189.26445610861697
fold1_seed29_easy,union_oracle,FDE_vs_floor,partial,eu-locality-008,23736,37.090700266438844,48.612727202654895,23.70166744232115,140.76232448266805,277.7656224353219,183.68988112608088
fold1_seed29_easy,union_oracle,FDE_vs_floor,partial,eu-locality-020,258,13.568782270071011,15.073787930994051,9.984256563862848,47.52141327182181,79.60935088795026,50.52160752263893
fold1_seed29_easy,union_oracle,FDE_vs_floor,partial,eu-locality-048,866,48.42255641554851,65.47579299260576,26.04510124678152,166.29873974832554,279.18535606259854,240.7350887420016
fold1_seed29_easy,union_oracle,FDE_vs_floor,partial,eu-locality-067,1183,45.871702269728345,64.5750363288232,28.963722085815668,168.9632704241312,323.74427542971404,223.58277671684624
fold1_seed29_easy,union_oracle,FDE_vs_floor,partial,eu-locality-074,13980,37.81010019316004,49.8476612058637,24.14869769514413,132.53635049426788,252.35417923258123,169.4379035687417
fold1_seed29_easy,union_oracle,FDE_vs_floor,partial,eu-locality-082,277,26.104350194565423,34.91070162743654,25.225363634485497,105.02810873549035,295.21475527369677,146.71054103169644
fold1_seed29_easy,union_oracle,FDE_vs_floor,partial,eu-locality-112,1302,46.617886193296194,62.46660842015125,25.371510680164256,176.60266879049024,347.65967915862495,237.90442482379694
fold1_seed29_easy,union_oracle,FDE_vs_floor,partial,eu-locality-126,942,27.527048590054967,39.089157010108,29.57881239818809,127.02814588394982,243.2869374111849,183.72653083584885
fold1_seed29_easy,union_oracle,FDE_vs_floor,endpoint,eu-locality-008,121088,27.505893221651903,35.78735471638497,23.140747787490035,105.78748595280962,212.94818443789046,136.33020938660223
fold1_seed29_easy,union_oracle,FDE_vs_floor,endpoint,eu-locality-020,622,12.969033140526925,14.706206852903373,11.812520589110898,48.965422767887034,82.5590891536665,54.18434016797015
fold1_seed29_easy,union_oracle,FDE_vs_floor,endpoint,eu-locality-048,5582,45.0858229271739,58.58241339090806,23.03863853077247,168.95501774952024,288.5553274311741,215.2863082525073
fold1_seed29_easy,union_oracle,FDE_vs_floor,endpoint,eu-locality-067,4600,47.30733968214644,63.93822542856737,26.010865385998517,161.95162038221847,291.7033356327803,207.16877909819794
fold1_seed29_easy,union_oracle,FDE_vs_floor,endpoint,eu-locality-074,81289,29.75568462889639,40.72362514367756,26.932623203570493,105.65968226917252,207.86917252718965,138.69469217714217
fold1_seed29_easy,union_oracle,FDE_vs_floor,endpoint,eu-locality-082,859,19.18766163246105,25.38336264234721,24.408511579745685,88.55800299042029,217.4587886912977,114.66976098816347
fold1_seed29_easy,union_oracle,FDE_vs_floor,endpoint,eu-locality-112,3719,34.55497447924199,47.808704713215654,27.722420662674775,134.9842883643231,302.6411706046804,179.87567584626288
fold1_seed29_easy,union_oracle,FDE_vs_floor,endpoint,eu-locality-126,4579,29.06196846017509,40.22672155758498,27.754568767000876,138.41486079454413,282.30708475314685,186.84649265295374
fold1_seed29_easy,union_oracle,FDE_vs_floor,easy_complete,eu-locality-008,28571,2.1221428823668784,2.7650480018673456,23.25113774033174,4.528194303435074,7.5254840372291545,5.680029975089665
fold1_seed29_easy,union_oracle,FDE_vs_floor,easy_complete,eu-locality-020,178,1.7803808055969657,2.209227140061852,19.41159995222945,4.428443466200578,7.634992483488128,5.486303503667565
fold1_seed29_easy,union_oracle,FDE_vs_floor,easy_complete,eu-locality-048,1146,2.1936042247564562,2.79920391024718,21.63471132895235,4.800898463594119,8.966740372162429,5.743444609880027
fold1_seed29_easy,union_oracle,FDE_vs_floor,easy_complete,eu-locality-067,551,2.2780006141132625,2.7650183308707788,17.613543871303783,5.6226200480276605,8.64548504366263,6.392443675150393
fold1_seed29_easy,union_oracle,FDE_vs_floor,easy_complete,eu-locality-074,11433,2.6851116478159507,3.4732826122767135,22.69239369335748,6.456617378524855,10.561372119564634,7.042832880329562
fold1_seed29_easy,union_oracle,FDE_vs_floor,easy_complete,eu-locality-082,284,1.8759378245135376,2.3563277094514303,20.387227252432172,4.048868219176616,7.227419208919501,5.190976484991077
fold1_seed29_easy,union_oracle,FDE_vs_floor,easy_complete,eu-locality-112,330,2.6738800570751393,3.29229626453361,18.783735052048122,6.170233659267199,12.718276515022978,7.419917915140831
fold1_seed29_easy,union_oracle,FDE_vs_floor,easy_complete,eu-locality-126,1425,1.808193234676176,2.3797587323107066,24.01779179856396,4.252198848125762,6.530898924411531,5.2241063848355145
fold1_seed29_easy,union_oracle,FDE_vs_floor,hard_complete,eu-locality-008,16020,89.90316952539665,120.33348744114086,25.288320452466483,205.54523617804216,355.87746799989225,273.1534919058007
fold1_seed29_easy,union_oracle,FDE_vs_floor,hard_complete,eu-locality-020,12,78.59931485745416,91.67652097939975,14.264509584612306,114.43867577212549,124.7788183952435,118.43938924577421
fold1_seed29_easy,union_oracle,FDE_vs_floor,hard_complete,eu-locality-048,1483,109.20425378833721,143.16307877094192,23.720379076883468,256.55946963578555,386.41419146502534,309.0389558972078
fold1_seed29_easy,union_oracle,FDE_vs_floor,hard_complete,eu-locality-067,1231,97.95230364913054,135.3230447153692,27.61594756077367,252.07792668375384,339.34634699137877,300.1127604707125
fold1_seed29_easy,union_oracle,FDE_vs_floor,hard_complete,eu-locality-074,12476,82.39872807294783,121.16672266783178,31.99557910067692,199.6304152956695,330.938420852479,276.9986873269766
fold1_seed29_easy,union_oracle,FDE_vs_floor,hard_complete,eu-locality-082,57,89.86470683540767,119.41164216906232,24.74376434068486,210.7885385522452,271.6568568800263,243.99478619891514
fold1_seed29_easy,union_oracle,FDE_vs_floor,hard_complete,eu-locality-112,449,93.444146049199,135.7241490395668,31.151422417864772,279.88890690853896,454.35991040888166,391.51283762831025
fold1_seed29_easy,union_oracle,FDE_vs_floor,hard_complete,eu-locality-126,695,114.2004892809749,160.21270816788555,28.71945641084528,300.4713284062648,465.5837544492041,386.522648619538
fold1_seed29_easy,union_oracle,ADE_vs_CV,all,eu-locality-008,157961,14.877964519803761,18.214515006924465,18.318085800540253,51.78093520247387,105.86770921199452,63.9700524103003
fold1_seed29_easy,union_oracle,ADE_vs_CV,all,eu-locality-020,1225,5.8815608694808414,6.529874789510041,9.928428046900494,18.763709465028253,38.78548288034698,21.020763749430696
fold1_seed29_easy,union_oracle,ADE_vs_CV,all,eu-locality-048,8058,21.704293297249468,26.698045849916497,18.704562051992458,74.14177121070308,130.59643011029604,89.55098636922551
fold1_seed29_easy,union_oracle,ADE_vs_CV,all,eu-locality-067,6903,23.41328368106796,29.011553933538778,19.296692156840813,76.93435858768065,142.07035817249775,93.29868317030169
fold1_seed29_easy,union_oracle,ADE_vs_CV,all,eu-locality-074,102348,15.587090598315497,19.761464600296893,21.123808818900404,52.37653651684434,105.32034370812968,64.81408896393752
fold1_seed29_easy,union_oracle,ADE_vs_CV,all,eu-locality-082,1368,11.455793161278946,13.688548886436024,16.311120657716426,42.842796217857895,88.44309460524764,51.85945295918717
fold1_seed29_easy,union_oracle,ADE_vs_CV,all,eu-locality-112,5004,19.745252160804526,24.679682084525158,19.993895816083697,70.81755115655774,145.2741939301036,86.2710070848162
fold1_seed29_easy,union_oracle,ADE_vs_CV,all,eu-locality-126,5790,15.55482419902961,19.860903597678185,21.6811857399679,69.15552353837947,139.16865006254682,86.5533275336093
fold1_seed29_easy,union_oracle,ADE_vs_CV,easy,eu-locality-008,39889,1.482133213775975,1.791172498853141,17.253463040273274,2.7835737786673134,3.2139768577014705,3.2504176960159774
fold1_seed29_easy,union_oracle,ADE_vs_CV,easy,eu-locality-020,593,1.125043755098734,1.2706472215919324,11.459000107896111,2.912618677577817,3.281873299441771,3.051349724629029
fold1_seed29_easy,union_oracle,ADE_vs_CV,easy,eu-locality-048,1582,1.4610296203663444,1.7551327263969017,16.75674446765739,2.7810323129015746,3.259191998320262,3.2298308573246963
fold1_seed29_easy,union_oracle,ADE_vs_CV,easy,eu-locality-067,1219,1.4574248012204505,1.6528940070695597,11.825876614778185,2.9350513005212515,3.243992847794571,3.222473275402277
fold1_seed29_easy,union_oracle,ADE_vs_CV,easy,eu-locality-074,17048,1.7009102660860367,2.0239574238081066,15.961163704434645,3.0239098111516034,3.3498849622826126,3.3016095862663026
fold1_seed29_easy,union_oracle,ADE_vs_CV,easy,eu-locality-082,513,1.3705608626770431,1.6221340438704122,15.508778830207849,2.7186930291210247,3.082115750389932,3.137173321764387
fold1_seed29_easy,union_oracle,ADE_vs_CV,easy,eu-locality-112,571,1.7783591264686305,2.110763890677913,15.74807896218674,2.990550578320203,3.170791497343396,3.3318797717711783
fold1_seed29_easy,union_oracle,ADE_vs_CV,easy,eu-locality-126,2160,1.2024606913011562,1.4931553251754432,19.46847919791137,2.6219609025970145,3.080874591077875,3.15811922069773
fold1_seed29_easy,union_oracle,ADE_vs_CV,hard,eu-locality-008,28100,48.2438503963165,60.74188321281993,20.575642629838065,110.29388670519097,183.21269750192246,138.48767980783674
fold1_seed29_easy,union_oracle,ADE_vs_CV,hard,eu-locality-020,30,39.41523543038847,43.81825835804657,10.048375021390033,59.022210599910814,65.32265319399764,64.04793996418368
fold1_seed29_easy,union_oracle,ADE_vs_CV,hard,eu-locality-048,2478,51.24238979198381,63.88573915651315,19.7905659877465,112.64298857696173,184.8926929733013,138.97729297348553
fold1_seed29_easy,union_oracle,ADE_vs_CV,hard,eu-locality-067,2296,51.56915348075308,65.07172046247634,20.750284279804042,119.65511827194852,184.9175683075432,143.40335944857748
fold1_seed29_easy,union_oracle,ADE_vs_CV,hard,eu-locality-074,19310,46.2538812822776,60.351879335065945,23.35966701967649,107.46189301357468,187.87468857135804,136.81762092091788
fold1_seed29_easy,union_oracle,ADE_vs_CV,hard,eu-locality-082,184,45.35316980341901,55.75797833667997,18.66066317977716,103.49084462666167,193.4294680329328,112.9711774505625
fold1_seed29_easy,union_oracle,ADE_vs_CV,hard,eu-locality-112,1153,55.746545659385035,70.01758802603055,20.3820822295963,139.73850901405498,220.25074796789352,174.675987810338
fold1_seed29_easy,union_oracle,ADE_vs_CV,hard,eu-locality-126,1110,57.17063657679317,74.02161712516786,22.76494516443798,140.05841331781136,217.32913980406482,160.69598223874476
fold1_seed43_all,original_neural,ADE_vs_floor,all,eu-locality-008,157961,17.427153664391714,17.438244289549935,0.06359943681295555,62.60036605437468,128.7621834430719,61.11686888445487
fold1_seed43_all,original_neural,ADE_vs_floor,all,eu-locality-020,1225,6.458147179657246,6.448865988529894,-0.14391973943728154,20.950455289077674,42.958840384020256,20.649557710350873
fold1_seed43_all,original_neural,ADE_vs_floor,all,eu-locality-048,8058,25.834712374490618,25.15970483142214,-2.682891343881977,87.69417071130626,155.56352368712112,85.90762156520124
fold1_seed43_all,original_neural,ADE_vs_floor,all,eu-locality-067,6903,27.70360197776727,27.410852480302808,-1.0680058114749702,91.29166117487402,165.05475528355058,88.92690474713947
fold1_seed43_all,original_neural,ADE_vs_floor,all,eu-locality-074,102348,18.935082998168355,18.63140038997163,-1.6299505235268352,62.898588864143015,130.27422997933385,61.493627723089254
fold1_seed43_all,original_neural,ADE_vs_floor,all,eu-locality-082,1368,13.331789688958265,13.158673828509794,-1.3156026413041255,51.63995873727773,100.89176991053361,50.87404664954861
fold1_seed43_all,original_neural,ADE_vs_floor,all,eu-locality-112,5004,23.668922380731512,23.643036188513562,-0.10948759715778689,84.60845485631921,184.63921224037153,82.94709718696423
fold1_seed43_all,original_neural,ADE_vs_floor,all,eu-locality-126,5790,19.114480456444713,18.771922434736247,-1.8248425162602722,85.47102761866621,154.13705580720486,82.1707199959473
fold1_seed43_all,original_neural,ADE_vs_floor,easy,eu-locality-008,39889,1.5412051825988955,1.7233537562201016,10.569424470383815,2.916911940552684,3.4206271761049947,3.10302716520485
fold1_seed43_all,original_neural,ADE_vs_floor,easy,eu-locality-020,593,1.235252142315213,1.2738498572907961,3.0300050476648965,3.0374597378190935,3.377221877991791,3.0839156726310635
fold1_seed43_all,original_neural,ADE_vs_floor,easy,eu-locality-048,1582,1.5723560222551318,1.6939339770897248,7.1772546320530655,3.066067455386602,4.2322512553290155,3.091778570545298
fold1_seed43_all,original_neural,ADE_vs_floor,easy,eu-locality-067,1219,1.5461212765527808,1.611886085015975,4.079991078435452,3.1370623673584914,3.5109521699646296,3.1321490509109946
fold1_seed43_all,original_neural,ADE_vs_floor,easy,eu-locality-074,17048,1.8588635539809135,2.01058917929947,7.5463265634116645,3.2834542046840594,5.4485644986909945,3.3155044351588674
fold1_seed43_all,original_neural,ADE_vs_floor,easy,eu-locality-082,513,1.5374425137070922,1.578078341351625,2.575019666623668,2.984061586701978,3.4065016070252896,3.0061798004979905
fold1_seed43_all,original_neural,ADE_vs_floor,easy,eu-locality-112,571,1.9056917073712907,2.0240725781664684,5.848647527373474,3.2519412577999964,3.9100439491929566,3.2155185149690704
fold1_seed43_all,original_neural,ADE_vs_floor,easy,eu-locality-126,2160,1.2997043619806128,1.4150848293043072,8.153607821547947,2.8403296603940817,3.7422095528230197,2.9758368738441074
fold1_seed43_all,original_neural,ADE_vs_floor,hard,eu-locality-008,28100,58.91793153521412,57.51854392937914,-2.432932946899946,134.7183688185524,225.46389059620284,132.81853663607916
fold1_seed43_all,original_neural,ADE_vs_floor,hard,eu-locality-020,30,43.81825835804657,42.85049426292814,-2.2584665865935882,64.04793996418368,69.65016417684733,64.72063289570352
fold1_seed43_all,original_neural,ADE_vs_floor,hard,eu-locality-048,2478,61.69519162010144,59.97238274578631,-2.872670378327058,130.76521472271537,214.3876794526602,129.96960939889047
fold1_seed43_all,original_neural,ADE_vs_floor,hard,eu-locality-067,2296,61.81114047061498,61.398412625852394,-0.6722125656206446,142.1520973719939,211.98572422895387,137.54280661418298
fold1_seed43_all,original_neural,ADE_vs_floor,hard,eu-locality-074,19310,57.80323779519258,56.8562833005933,-1.665523033914873,133.18628634162954,237.59120440092207,129.3954739107687
fold1_seed43_all,original_neural,ADE_vs_floor,hard,eu-locality-082,184,54.94023892347586,53.16480868294308,-3.3394839265214804,112.4657141264092,199.45076524670506,110.41707800047281
fold1_seed43_all,original_neural,ADE_vs_floor,hard,eu-locality-112,1153,68.67877344842108,67.35386189723947,-1.9670906966003043,173.29575179437632,312.16727648534334,169.70515648942575
fold1_seed43_all,original_neural,ADE_vs_floor,hard,eu-locality-126,1110,72.62283987486036,69.93166130067463,-3.848297786913535,159.04574845723522,234.6020391416837,153.44137522662362
fold1_seed43_all,original_neural,ADE_vs_floor,complete,eu-locality-008,97352,15.698374616017258,15.738846366477162,0.257145597062991,58.0905507474664,117.65529645158266,56.34344470676385
fold1_seed43_all,original_neural,ADE_vs_floor,complete,eu-locality-020,364,6.809411308909565,6.8712948732085035,0.900609935111718,22.682718227503177,49.70629992513765,22.682718227503177
fold1_seed43_all,original_neural,ADE_vs_floor,complete,eu-locality-048,4716,25.824655688622837,24.868829613657113,-3.8434702791192876,91.12970116634702,156.6505605822642,88.14502283168922
fold1_seed43_all,original_neural,ADE_vs_floor,complete,eu-locality-067,3417,28.38272209718499,28.219864188018605,-0.577103802064105,90.09630561957293,162.3458287798351,87.81611306924334
fold1_seed43_all,original_neural,ADE_vs_floor,complete,eu-locality-074,67309,18.562235217421627,18.17672312097633,-2.120910869794823,61.302982958528744,128.86040562798897,59.47563496725055
fold1_seed43_all,original_neural,ADE_vs_floor,complete,eu-locality-082,582,10.177780881904285,10.222557460893151,0.43801738615959485,48.00081810326922,88.77064559267427,46.30650206106486
fold1_seed43_all,original_neural,ADE_vs_floor,complete,eu-locality-112,2417,19.84267867618383,19.94168145552898,0.4964615424528307,69.68715616447264,166.24601331759155,69.39324646906753
fold1_seed43_all,original_neural,ADE_vs_floor,complete,eu-locality-126,3637,18.669673670829894,18.30442536975796,-1.9954098186299118,83.77439135805838,162.307804100816,79.23038627133677
fold1_seed43_all,original_neural,ADE_vs_floor,partial,eu-locality-008,60609,20.203970604406408,20.167868381796644,-0.17900861869144524,69.6570847018264,146.66493836271346,69.13141778700387
fold1_seed43_all,original_neural,ADE_vs_floor,partial,eu-locality-020,861,6.309645271355453,6.270278167364953,-0.6278366436021088,19.979117977348317,40.11869080861428,19.65836635238612
fold1_seed43_all,original_neural,ADE_vs_floor,partial,eu-locality-048,3342,25.84890367627172,25.57016788557531,-1.0900819734298794,80.07919422879908,152.68116582599404,83.24147833611737
fold1_seed43_all,original_neural,ADE_vs_floor,partial,eu-locality-067,3486,27.037923994964522,26.617853913101186,-1.578151579142073,92.61168805009734,165.54385505546844,90.09961972666852
fold1_seed43_all,original_neural,ADE_vs_floor,partial,eu-locality-074,35039,19.65131380596199,19.50482349847372,-0.7510465680437228,65.67662464935373,133.13705639228596,65.49470314034018
fold1_seed43_all,original_neural,ADE_vs_floor,partial,eu-locality-082,786,15.667200790364644,15.332744726668679,-2.1813189331603144,54.22413936680799,102.3730102006377,51.63436914184127
fold1_seed43_all,original_neural,ADE_vs_floor,partial,eu-locality-112,2587,27.243731439058436,27.101163126906968,-0.5260597542764645,98.52657304293737,197.23458912134922,96.47858684185032
fold1_seed43_all,original_neural,ADE_vs_floor,partial,eu-locality-126,2153,19.865879564331888,19.56165156865452,-1.55522653396436,86.85407428116426,149.32359671746252,84.53836486208543
fold1_seed43_all,original_neural,ADE_vs_floor,endpoint,eu-locality-008,121088,17.279725083391675,17.318166751080497,0.2219730774126183,63.80054277501025,130.13765670676915,61.95898863821176
fold1_seed43_all,original_neural,ADE_vs_floor,endpoint,eu-locality-020,622,7.055964615269369,7.094310300429013,0.5405132216633524,23.184089237308584,41.43936474820229,23.162697824857958
fold1_seed43_all,original_neural,ADE_vs_floor,endpoint,eu-locality-048,5582,26.54114524104842,25.704874041467082,-3.253356535543661,92.24062832375193,163.6659403065756,89.46188168852902
fold1_seed43_all,original_neural,ADE_vs_floor,endpoint,eu-locality-067,4600,28.918851463412068,28.565261704586344,-1.237831329824468,91.43630036412677,172.3080192547819,89.76955862063203
fold1_seed43_all,original_neural,ADE_vs_floor,endpoint,eu-locality-074,81289,19.554475061634008,19.18673780372406,-1.9166221046632126,64.48811327119567,136.70756059762792,63.162762832315856
fold1_seed43_all,original_neural,ADE_vs_floor,endpoint,eu-locality-082,859,11.966990368589688,11.718824686487723,-2.1176669908554047,51.856853750618754,101.93554190315359,49.66402309009787
fold1_seed43_all,original_neural,ADE_vs_floor,endpoint,eu-locality-112,3719,23.747115814759063,23.74609142540927,-0.004313928264831901,86.13946650764024,190.7905379998893,84.67685491180819
fold1_seed43_all,original_neural,ADE_vs_floor,endpoint,eu-locality-126,4579,18.68795853770718,18.34294556729992,-1.8809027652696875,84.06714217371301,154.08819158464613,79.60247192498909
fold1_seed43_all,original_neural,ADE_vs_floor,easy_complete,eu-locality-008,28571,1.491576168884147,1.7005318093546686,12.287664324833647,2.7532932609937726,3.3527049015285977,3.054310461050619
fold1_seed43_all,original_neural,ADE_vs_floor,easy_complete,eu-locality-020,178,1.3103867420770408,1.3386329329249205,2.110077389636722,2.9413926168960103,3.3588222239648715,3.007716293724164
fold1_seed43_all,original_neural,ADE_vs_floor,easy_complete,eu-locality-048,1146,1.5225566966614377,1.6750511594068342,9.103868970748186,2.895976781105888,3.956557537301441,3.033968502977876
fold1_seed43_all,original_neural,ADE_vs_floor,easy_complete,eu-locality-067,551,1.581319099032894,1.6728214983564755,5.469944008579597,3.121565789995402,3.6961972229657754,3.107404856979434
fold1_seed43_all,original_neural,ADE_vs_floor,easy_complete,eu-locality-074,11433,1.8075500421301525,1.9979786827375339,9.531064683155943,3.2126296816812423,6.075453152430774,3.3064796002527483
fold1_seed43_all,original_neural,ADE_vs_floor,easy_complete,eu-locality-082,284,1.4524820769751692,1.4955809030783414,2.8817448801641055,2.8241221927827884,3.3341223109796934,2.8676160103460266
fold1_seed43_all,original_neural,ADE_vs_floor,easy_complete,eu-locality-112,330,1.8232809651406419,1.9722074337613429,7.551257847997883,3.2391468677728943,3.9753703510128906,3.26010945725861
fold1_seed43_all,original_neural,ADE_vs_floor,easy_complete,eu-locality-126,1425,1.3214368272052825,1.448754310452727,8.788065880380946,2.770233211532801,3.651993488639155,2.9621464682252787
fold1_seed43_all,original_neural,ADE_vs_floor,hard_complete,eu-locality-008,16020,56.83290748710054,55.037364924853264,-3.262406484574387,126.02604460228213,216.33936478970284,123.0880923262164
fold1_seed43_all,original_neural,ADE_vs_floor,hard_complete,eu-locality-020,12,43.781301733230265,43.9907556570682,0.4761316797345816,62.9047951209938,66.68741576262705,62.9047951209938
fold1_seed43_all,original_neural,ADE_vs_floor,hard_complete,eu-locality-048,1483,63.0809620492254,60.342997036594184,-4.53733680309385,132.51174502826962,201.72220167124783,129.76121565007188
fold1_seed43_all,original_neural,ADE_vs_floor,hard_complete,eu-locality-067,1231,58.60489450691283,58.936261472848656,0.5622463279054246,141.46541751520306,208.1196815417212,133.3146472451894
fold1_seed43_all,original_neural,ADE_vs_floor,hard_complete,eu-locality-074,12476,57.11069417843399,55.95599531218617,-2.063583821189474,132.27453157721723,239.32415377954004,127.78227407953213
fold1_seed43_all,original_neural,ADE_vs_floor,hard_complete,eu-locality-082,57,55.986290818924836,54.731418610225475,-2.29278217258726,114.1529511620212,129.3054324794315,110.9427431945904
fold1_seed43_all,original_neural,ADE_vs_floor,hard_complete,eu-locality-112,449,66.58572635521853,64.93573194853259,-2.5409652854821108,172.23780707090177,316.334053662744,168.71086421621743
fold1_seed43_all,original_neural,ADE_vs_floor,hard_complete,eu-locality-126,695,72.4242733094721,69.34434598123416,-4.44149740639479,164.5435353960479,230.9857209846146,154.56526392641825
fold1_seed43_all,original_neural,FDE_vs_floor,all,eu-locality-008,121088,34.2310066619378,34.03724046932442,-0.5692770328663999,134.85540799697145,275.39143920078146,129.3932479497776
fold1_seed43_all,original_neural,FDE_vs_floor,all,eu-locality-020,622,14.426312065762815,14.513401522465642,0.6000623394041615,54.18434016797015,99.18086841907973,51.424750580148505
fold1_seed43_all,original_neural,FDE_vs_floor,all,eu-locality-048,5582,56.920168177248044,54.19144114759639,-5.035346858961853,213.11270170767014,349.9775806497874,201.46324721795514
fold1_seed43_all,original_neural,FDE_vs_floor,all,eu-locality-067,4600,60.4281481986875,58.88397618301028,-2.6223976636325697,201.8028381722513,394.0447029702928,196.21170383936322
fold1_seed43_all,original_neural,FDE_vs_floor,all,eu-locality-074,81289,39.31496196378763,37.951209898252976,-3.5934350161453743,135.30918160350123,280.33190621724793,130.7872382848251
fold1_seed43_all,original_neural,FDE_vs_floor,all,eu-locality-082,859,24.87398668941772,24.128370712073778,-3.0902044163754416,113.0556753805091,234.31504208196256,107.79588538582226
fold1_seed43_all,original_neural,FDE_vs_floor,all,eu-locality-112,3719,45.7836351179687,45.64507373575101,-0.3035626210614817,177.36511347301735,420.67114394082915,171.6450709732378
fold1_seed43_all,original_neural,FDE_vs_floor,all,eu-locality-126,4579,38.47988350850178,37.33184930568453,-3.0752138567173404,183.94981453303382,364.90265146493834,172.8929409048313
fold1_seed43_all,original_neural,FDE_vs_floor,easy,eu-locality-008,32900,2.26314374404999,2.8226481762683298,19.821968494778197,4.941082778128559,8.397628537758616,5.777505615587717
fold1_seed43_all,original_neural,FDE_vs_floor,easy,eu-locality-020,290,2.2154678165073265,2.273889506897428,2.569240511154569,5.5752032923371235,8.117093400465636,5.640954657510774
fold1_seed43_all,original_neural,FDE_vs_floor,easy,eu-locality-048,1250,2.405262590161241,2.8681181998555276,16.13795448589257,5.326139478207774,10.450602237847187,5.91493611978177
fold1_seed43_all,original_neural,FDE_vs_floor,easy,eu-locality-067,734,2.5253444789987807,2.7545880130592244,8.322243942601338,6.150610906312449,11.479544728095954,6.118680137935335
fold1_seed43_all,original_neural,FDE_vs_floor,easy,eu-locality-074,12940,3.1007958386959054,3.583570008885417,13.471877736237303,7.700458673676112,15.640940167497648,7.827968475514913
fold1_seed43_all,original_neural,FDE_vs_floor,easy,eu-locality-082,391,2.417357718733015,2.5410182031999056,4.866572160371185,5.611493535351768,7.239878371521971,5.504734495556642
fold1_seed43_all,original_neural,FDE_vs_floor,easy,eu-locality-112,423,2.9636361310061936,3.427038779749422,13.521955207554182,7.672810281159929,12.28926949670108,7.494707965226553
fold1_seed43_all,original_neural,FDE_vs_floor,easy,eu-locality-126,1768,1.998586525513784,2.3691876089483253,15.642538481747748,4.909951335912068,7.578617491888011,5.213971288922478
fold1_seed43_all,original_neural,FDE_vs_floor,hard,eu-locality-008,22002,121.55011421404228,116.2474807652129,-4.56150396888102,286.494125006364,484.809236798081,278.95438508654746
fold1_seed43_all,original_neural,FDE_vs_floor,hard,eu-locality-020,18,89.28776442359735,88.61263807604536,-0.7618849435140573,117.3151892488592,125.35412109059021,117.3151892488592
fold1_seed43_all,original_neural,FDE_vs_floor,hard,eu-locality-048,1769,139.65112653206822,132.12734518410792,-5.6943408175473165,301.45611754768896,445.06121712543063,292.4774274822428
fold1_seed43_all,original_neural,FDE_vs_floor,hard,eu-locality-067,1633,129.4156443927211,127.01175590208757,-1.8926503878008427,313.067555573171,454.6588358272158,293.4859841054643
fold1_seed43_all,original_neural,FDE_vs_floor,hard,eu-locality-074,16042,117.97344228439943,114.1412041369429,-3.3574537577671926,281.4146286743879,486.6653774287388,269.51934025881815
fold1_seed43_all,original_neural,FDE_vs_floor,hard,eu-locality-082,103,127.33689453985382,121.25238241970331,-5.018055727012083,281.26356221557575,384.9003515886814,275.8757296900002
fold1_seed43_all,original_neural,FDE_vs_floor,hard,eu-locality-112,847,140.51901706003605,136.30739056675048,-3.08980054256347,385.8889937020062,617.2550326837161,385.7049694251095
fold1_seed43_all,original_neural,FDE_vs_floor,hard,eu-locality-126,868,154.5544279168218,145.55219348853916,-6.184884069776309,374.0939851356402,543.0263632227396,350.6409169818094
fold1_seed43_all,original_neural,FDE_vs_floor,complete,eu-locality-008,97352,31.172604641951867,30.986096538368322,-0.6019089992590709,123.89786484454027,248.01668571456636,118.61668303389006
fold1_seed43_all,original_neural,FDE_vs_floor,complete,eu-locality-020,364,14.12746909500961,14.268992122899652,0.9918221740617406,57.42336195362734,104.22276055606251,57.42336195362734
fold1_seed43_all,original_neural,FDE_vs_floor,complete,eu-locality-048,4716,55.801964842452584,52.7604113833021,-5.764840302426255,209.9734824425132,339.765655128236,197.21571054553488
fold1_seed43_all,original_neural,FDE_vs_floor,complete,eu-locality-067,3417,59.732142616421164,58.657784974788015,-1.8315687203240394,198.58801309383776,394.5902657386637,191.15307387376316
fold1_seed43_all,original_neural,FDE_vs_floor,complete,eu-locality-074,67309,37.40825347464546,35.968352350235385,-4.003244603448319,128.03993543718278,264.9447687874364,123.2682864542083
fold1_seed43_all,original_neural,FDE_vs_floor,complete,eu-locality-082,582,20.35372312838107,20.368848440449472,0.07425707993568009,101.05798186988082,196.24839397056274,101.05798186988082
fold1_seed43_all,original_neural,FDE_vs_floor,complete,eu-locality-112,2417,37.69715390539408,37.80152422362932,0.2761008196859982,138.75609818278522,359.9272270213915,131.006623228248
fold1_seed43_all,original_neural,FDE_vs_floor,complete,eu-locality-126,3637,38.665393662385775,37.49805596634872,-3.1130619066882748,185.05388817996158,374.02972847984256,173.60707681530258
fold1_seed43_all,original_neural,FDE_vs_floor,partial,eu-locality-008,23736,46.77488741057575,46.55135253397046,-0.48018986439151146,178.7879065869933,353.80645551874494,174.16107036775293
fold1_seed43_all,original_neural,FDE_vs_floor,partial,eu-locality-020,258,14.847935481864234,14.8582271869696,0.06926603676105092,50.52160752263893,80.91138501947854,48.94274704221921
fold1_seed43_all,original_neural,FDE_vs_floor,partial,eu-locality-048,866,63.00959880876699,61.98443926354546,-1.6538982322042983,231.17320503097127,390.31304012535855,226.50797878652108
fold1_seed43_all,original_neural,FDE_vs_floor,partial,eu-locality-067,1183,62.43850413664533,59.53731122823047,-4.872898773163303,215.30389242442666,388.8132633418334,207.11494222439552
fold1_seed43_all,original_neural,FDE_vs_floor,partial,eu-locality-074,13980,48.49512231397863,47.49800236602956,-2.099288176932257,166.15830861739326,341.25135668492265,164.0443203849563
fold1_seed43_all,original_neural,FDE_vs_floor,partial,eu-locality-082,277,34.37143575989906,32.02743916725554,-7.318713745431116,135.9362830544737,306.8433459892825,121.76185576631008
fold1_seed43_all,original_neural,FDE_vs_floor,partial,eu-locality-112,1302,60.79517512625813,60.20564145525803,-0.9792000496136488,239.30744472016673,485.4941194884967,229.97070745286433
fold1_seed43_all,original_neural,FDE_vs_floor,partial,eu-locality-126,942,37.76364101415352,36.690136328151944,-2.925867258710313,181.49468258805913,323.58180657766553,171.85904336153027
fold1_seed43_all,original_neural,FDE_vs_floor,endpoint,eu-locality-008,121088,34.2310066619378,34.03724046932442,-0.5692770328663999,134.85540799697145,275.39143920078146,129.3932479497776
fold1_seed43_all,original_neural,FDE_vs_floor,endpoint,eu-locality-020,622,14.426312065762815,14.513401522465642,0.6000623394041615,54.18434016797015,99.18086841907973,51.424750580148505
fold1_seed43_all,original_neural,FDE_vs_floor,endpoint,eu-locality-048,5582,56.920168177248044,54.19144114759639,-5.035346858961853,213.11270170767014,349.9775806497874,201.46324721795514
fold1_seed43_all,original_neural,FDE_vs_floor,endpoint,eu-locality-067,4600,60.4281481986875,58.88397618301028,-2.6223976636325697,201.8028381722513,394.0447029702928,196.21170383936322
fold1_seed43_all,original_neural,FDE_vs_floor,endpoint,eu-locality-074,81289,39.31496196378763,37.951209898252976,-3.5934350161453743,135.30918160350123,280.33190621724793,130.7872382848251
fold1_seed43_all,original_neural,FDE_vs_floor,endpoint,eu-locality-082,859,24.87398668941772,24.128370712073778,-3.0902044163754416,113.0556753805091,234.31504208196256,107.79588538582226
fold1_seed43_all,original_neural,FDE_vs_floor,endpoint,eu-locality-112,3719,45.7836351179687,45.64507373575101,-0.3035626210614817,177.36511347301735,420.67114394082915,171.6450709732378
fold1_seed43_all,original_neural,FDE_vs_floor,endpoint,eu-locality-126,4579,38.47988350850178,37.33184930568453,-3.0752138567173404,183.94981453303382,364.90265146493834,172.8929409048313
fold1_seed43_all,original_neural,FDE_vs_floor,easy_complete,eu-locality-008,28571,2.2190205764478845,2.782657251613079,20.255339562156284,4.843556448321572,8.075710144198945,5.702818475136802
fold1_seed43_all,original_neural,FDE_vs_floor,easy_complete,eu-locality-020,178,2.1509791131743707,2.2260251014972785,3.371300183112491,5.453136068733953,7.634992483488128,5.486303503667565
fold1_seed43_all,original_neural,FDE_vs_floor,easy_complete,eu-locality-048,1146,2.3911482112878826,2.820749277716593,15.230033729778148,5.309741160182204,9.923296027111501,5.851011481959038
fold1_seed43_all,original_neural,FDE_vs_floor,easy_complete,eu-locality-067,551,2.5408451331755337,2.790373573806523,8.942474332947182,6.4302585997411015,11.473629031183354,6.249338775279034
fold1_seed43_all,original_neural,FDE_vs_floor,easy_complete,eu-locality-074,11433,3.0864464616604903,3.567831462176923,13.4923694019648,7.604410129928254,15.260443464619492,7.67989815293446
fold1_seed43_all,original_neural,FDE_vs_floor,easy_complete,eu-locality-082,284,2.320092650477406,2.4394679493053366,4.893497324362228,5.281053276601906,7.21743103881443,5.203489563006431
fold1_seed43_all,original_neural,FDE_vs_floor,easy_complete,eu-locality-112,330,2.859999348116933,3.3593443571759454,14.864359111990243,7.526422643380061,12.232530152972412,7.551585216917998
fold1_seed43_all,original_neural,FDE_vs_floor,easy_complete,eu-locality-126,1425,2.0197252421023437,2.385175701156352,15.321741659402067,4.968565149521501,7.603233695100242,5.211997894539714
fold1_seed43_all,original_neural,FDE_vs_floor,hard_complete,eu-locality-008,16020,117.42383690607275,111.47885534810821,-5.3328333336402745,267.85570812484383,461.0285256006186,260.25657516520215
fold1_seed43_all,original_neural,FDE_vs_floor,hard_complete,eu-locality-020,12,91.67652097939975,92.21205210121825,0.580760442496886,118.43938924577421,125.57896108997323,118.43938924577421
fold1_seed43_all,original_neural,FDE_vs_floor,hard_complete,eu-locality-048,1483,139.1566897447252,130.62606740238758,-6.530566610460253,297.9924697854228,434.15462058339733,290.98171092763556
fold1_seed43_all,original_neural,FDE_vs_floor,hard_complete,eu-locality-067,1231,124.95666674279586,124.2768402269399,-0.5470259097467789,300.1127604707125,450.3860621876974,290.9722012445456
fold1_seed43_all,original_neural,FDE_vs_floor,hard_complete,eu-locality-074,12476,115.86527501303271,111.76889308900608,-3.6650465176965685,272.5787705520534,470.5063125750273,261.5018530520844
fold1_seed43_all,original_neural,FDE_vs_floor,hard_complete,eu-locality-082,57,118.20560235225713,114.5898126141762,-3.1554198890745067,243.99478619891514,286.20639905575626,236.13883358876924
fold1_seed43_all,original_neural,FDE_vs_floor,hard_complete,eu-locality-112,449,131.97966881786076,127.2572399595824,-3.710931385733507,377.56725978623444,557.042448480986,378.020266247248
fold1_seed43_all,original_neural,FDE_vs_floor,hard_complete,eu-locality-126,695,155.7889615125626,146.73557747311057,-6.169862957135308,385.1337020981437,545.6894492950704,364.21844346398007
fold1_seed43_all,original_neural,ADE_vs_CV,all,eu-locality-008,157961,17.427153664391714,18.214515006924465,4.322713738100781,62.60036605437468,128.7621834430719,63.9700524103003
fold1_seed43_all,original_neural,ADE_vs_CV,all,eu-locality-020,1225,6.458147179657246,6.529874789510041,1.098453066328653,20.950455289077674,42.958840384020256,21.020763749430696
fold1_seed43_all,original_neural,ADE_vs_CV,all,eu-locality-048,8058,25.834712374490618,26.698045849916497,3.233695380849677,87.69417071130626,155.56352368712112,89.55098636922551
fold1_seed43_all,original_neural,ADE_vs_CV,all,eu-locality-067,6903,27.70360197776727,29.011553933538778,4.508382966206614,91.29166117487402,165.05475528355058,93.29868317030169
fold1_seed43_all,original_neural,ADE_vs_CV,all,eu-locality-074,102348,18.935082998168355,19.761464600296893,4.181783176719211,62.898588864143015,130.27422997933385,64.81408896393752
fold1_seed43_all,original_neural,ADE_vs_CV,all,eu-locality-082,1368,13.331789688958265,13.688548886436024,2.6062601699970656,51.63995873727773,100.89176991053361,51.85945295918717
fold1_seed43_all,original_neural,ADE_vs_CV,all,eu-locality-112,5004,23.668922380731512,24.679682084525158,4.095513468657764,84.60845485631921,184.63921224037153,86.2710070848162
fold1_seed43_all,original_neural,ADE_vs_CV,all,eu-locality-126,5790,19.114480456444713,19.860903597678185,3.75825368449364,85.47102761866621,154.13705580720486,86.5533275336093
fold1_seed43_all,original_neural,ADE_vs_CV,easy,eu-locality-008,39889,1.5412051825988955,1.791172498853141,13.95551329725616,2.916911940552684,3.4206271761049947,3.2504176960159774
fold1_seed43_all,original_neural,ADE_vs_CV,easy,eu-locality-020,593,1.235252142315213,1.2706472215919324,2.785594512407208,3.0374597378190935,3.377221877991791,3.051349724629029
fold1_seed43_all,original_neural,ADE_vs_CV,easy,eu-locality-048,1582,1.5723560222551318,1.7551327263969017,10.413839443185058,3.066067455386602,4.2322512553290155,3.2298308573246963
fold1_seed43_all,original_neural,ADE_vs_CV,easy,eu-locality-067,1219,1.5461212765527808,1.6528940070695597,6.459744548658497,3.1370623673584914,3.5109521699646296,3.222473275402277
fold1_seed43_all,original_neural,ADE_vs_CV,easy,eu-locality-074,17048,1.8588635539809135,2.0239574238081066,8.156983337948208,3.2834542046840594,5.4485644986909945,3.3016095862663026
fold1_seed43_all,original_neural,ADE_vs_CV,easy,eu-locality-082,513,1.5374425137070922,1.6221340438704122,5.2209945585782735,2.984061586701978,3.4065016070252896,3.137173321764387
fold1_seed43_all,original_neural,ADE_vs_CV,easy,eu-locality-112,571,1.9056917073712907,2.110763890677913,9.715543468045562,3.2519412577999964,3.9100439491929566,3.3318797717711783
fold1_seed43_all,original_neural,ADE_vs_CV,easy,eu-locality-126,2160,1.2997043619806128,1.4931553251754432,12.955849932899666,2.8403296603940817,3.7422095528230197,3.15811922069773
fold1_seed43_all,original_neural,ADE_vs_CV,hard,eu-locality-008,28100,58.91793153521412,60.74188321281993,3.002790794640442,134.7183688185524,225.46389059620284,138.48767980783674
fold1_seed43_all,original_neural,ADE_vs_CV,hard,eu-locality-020,30,43.81825835804657,43.81825835804657,0.0,64.04793996418368,69.65016417684733,64.04793996418368
fold1_seed43_all,original_neural,ADE_vs_CV,hard,eu-locality-048,2478,61.69519162010144,63.88573915651315,3.4288521434260977,130.76521472271537,214.3876794526602,138.97729297348553
fold1_seed43_all,original_neural,ADE_vs_CV,hard,eu-locality-067,2296,61.81114047061498,65.07172046247634,5.010748092547468,142.1520973719939,211.98572422895387,143.40335944857748
fold1_seed43_all,original_neural,ADE_vs_CV,hard,eu-locality-074,19310,57.80323779519258,60.351879335065945,4.222969637322526,133.18628634162954,237.59120440092207,136.81762092091788
fold1_seed43_all,original_neural,ADE_vs_CV,hard,eu-locality-082,184,54.94023892347586,55.75797833667997,1.4665872716302597,112.4657141264092,199.45076524670506,112.9711774505625
fold1_seed43_all,original_neural,ADE_vs_CV,hard,eu-locality-112,1153,68.67877344842108,70.01758802603055,1.912111821263729,173.29575179437632,312.16727648534334,174.675987810338
fold1_seed43_all,original_neural,ADE_vs_CV,hard,eu-locality-126,1110,72.62283987486036,74.02161712516786,1.8896875056677365,159.04574845723522,234.6020391416837,160.69598223874476
fold1_seed43_all,rebased_neural,ADE_vs_floor,all,eu-locality-008,157961,16.987755171713403,17.438244289549935,2.583339872733026,60.65538771920541,124.89487753799519,61.11686888445487
fold1_seed43_all,rebased_neural,ADE_vs_floor,all,eu-locality-020,1225,6.406451705131338,6.448865988529894,0.6577014233819622,20.649557710350873,41.37090371937323,20.649557710350873
fold1_seed43_all,rebased_neural,ADE_vs_floor,all,eu-locality-048,8058,24.818612255823346,25.15970483142214,1.3557097664071205,84.90137709425872,146.00316206167017,85.90762156520124
fold1_seed43_all,rebased_neural,ADE_vs_floor,all,eu-locality-067,6903,26.692839014219217,27.410852480302808,2.6194496015749524,88.0715055591309,160.46757978837815,88.92690474713947
fold1_seed43_all,rebased_neural,ADE_vs_floor,all,eu-locality-074,102348,18.18981714941993,18.63140038997163,2.3701022537703786,60.517309311948935,125.08456603425651,61.493627723089254
fold1_seed43_all,rebased_neural,ADE_vs_floor,all,eu-locality-082,1368,12.917013921380589,13.158673828509794,1.836506552853534,50.57497731631109,99.68977167861865,50.87404664954861
fold1_seed43_all,rebased_neural,ADE_vs_floor,all,eu-locality-112,5004,22.981815383335196,23.643036188513562,2.7966831328524844,82.38189264794636,176.7432925302825,82.94709718696423
fold1_seed43_all,rebased_neural,ADE_vs_floor,all,eu-locality-126,5790,18.330586994815345,18.771922434736247,2.3510401849106244,81.74505401349673,150.97613830653674,82.1707199959473
fold1_seed43_all,rebased_neural,ADE_vs_floor,easy,eu-locality-008,39889,1.5489053545287212,1.7233537562201016,10.122611278255766,2.914216269962276,3.55074008501849,3.10302716520485
fold1_seed43_all,rebased_neural,ADE_vs_floor,easy,eu-locality-020,593,1.2508568299203164,1.2738498572907961,1.8050029396228018,3.0839156726310635,3.4433555846245176,3.0839156726310635
fold1_seed43_all,rebased_neural,ADE_vs_floor,easy,eu-locality-048,1582,1.583877680698286,1.6939339770897248,6.497082996146164,3.0939455877220783,4.546982923083398,3.091778570545298
fold1_seed43_all,rebased_neural,ADE_vs_floor,easy,eu-locality-067,1219,1.542771952223904,1.611886085015975,4.287780224331794,3.1263504056718783,3.551772690443162,3.1321490509109946
fold1_seed43_all,rebased_neural,ADE_vs_floor,easy,eu-locality-074,17048,1.8973551561626674,2.01058917929947,5.6318826492568475,3.399901519805133,6.299512630365004,3.3155044351588674
fold1_seed43_all,rebased_neural,ADE_vs_floor,easy,eu-locality-082,513,1.520842066491868,1.578078341351625,3.6269602946792934,2.9725342713825316,3.399770284704364,3.0061798004979905
fold1_seed43_all,rebased_neural,ADE_vs_floor,easy,eu-locality-112,571,1.9049973875336759,2.0240725781664684,5.882950637108985,3.246526327833303,3.9100439491929566,3.2155185149690704
fold1_seed43_all,rebased_neural,ADE_vs_floor,easy,eu-locality-126,2160,1.3001385579589342,1.4150848293043072,8.122924432868361,2.829412919148383,3.806809934736704,2.9758368738441074
fold1_seed43_all,rebased_neural,ADE_vs_floor,hard,eu-locality-008,28100,56.50781965966099,57.51854392937914,1.7572146314397519,130.09845505775286,217.58014522411207,132.81853663607916
fold1_seed43_all,rebased_neural,ADE_vs_floor,hard,eu-locality-020,30,42.85049426292814,42.85049426292814,0.0,64.72063289570352,69.65016417684733,64.72063289570352
fold1_seed43_all,rebased_neural,ADE_vs_floor,hard,eu-locality-048,2478,58.917874748665106,59.97238274578631,1.758322662601386,126.41243691532297,210.63384730323335,129.96960939889047
fold1_seed43_all,rebased_neural,ADE_vs_floor,hard,eu-locality-067,2296,59.38274068055105,61.398412625852394,3.2829382049082922,135.56887745505844,210.90005285411442,137.54280661418298
fold1_seed43_all,rebased_neural,ADE_vs_floor,hard,eu-locality-074,19310,55.27487056845426,56.8562833005933,2.7814212261787707,127.67908583710465,228.94316663691012,129.3954739107687
fold1_seed43_all,rebased_neural,ADE_vs_floor,hard,eu-locality-082,184,52.59860117871065,53.16480868294308,1.0650043106693041,111.84913049236944,199.45076524670506,110.41707800047281
fold1_seed43_all,rebased_neural,ADE_vs_floor,hard,eu-locality-112,1153,66.47205188798772,67.35386189723947,1.3092196711706139,169.27640327598212,282.2924395893853,169.70515648942575
fold1_seed43_all,rebased_neural,ADE_vs_floor,hard,eu-locality-126,1110,69.13958469354061,69.93166130067463,1.132643773080766,152.6205254260136,234.6020391416837,153.44137522662362
fold1_seed43_all,rebased_neural,ADE_vs_floor,complete,eu-locality-008,97352,15.229175378352998,15.738846366477162,3.2382995313413376,56.197060346812314,113.12840903980035,56.34344470676385
fold1_seed43_all,rebased_neural,ADE_vs_floor,complete,eu-locality-020,364,6.7789689856859,6.8712948732085035,1.3436461282222978,22.682718227503177,49.70629992513765,22.682718227503177
fold1_seed43_all,rebased_neural,ADE_vs_floor,complete,eu-locality-048,4716,24.561251967495156,24.868829613657113,1.2367998451887185,88.06005689575474,144.71911338892,88.14502283168922
fold1_seed43_all,rebased_neural,ADE_vs_floor,complete,eu-locality-067,3417,27.286604806011262,28.219864188018605,3.3071008981098493,87.43187736610449,160.33713288337748,87.81611306924334
fold1_seed43_all,rebased_neural,ADE_vs_floor,complete,eu-locality-074,67309,17.658805109915463,18.17672312097633,2.849347528780799,58.1553204942998,123.34146800058161,59.47563496725055
fold1_seed43_all,rebased_neural,ADE_vs_floor,complete,eu-locality-082,582,9.936928345221238,10.222557460893151,2.7941062377452974,44.79701282170224,88.77064559267427,46.30650206106486
fold1_seed43_all,rebased_neural,ADE_vs_floor,complete,eu-locality-112,2417,19.08971323764111,19.94168145552898,4.272298801822727,65.51758772416741,157.07782247877194,69.39324646906753
fold1_seed43_all,rebased_neural,ADE_vs_floor,complete,eu-locality-126,3637,17.762895630174818,18.30442536975796,2.958463478880047,78.22721884758413,151.52667294605504,79.23038627133677
fold1_seed43_all,rebased_neural,ADE_vs_floor,partial,eu-locality-008,60609,19.812438965262576,20.167868381796644,1.7623548994145422,68.03048161887605,141.3939859778161,69.13141778700387
fold1_seed43_all,rebased_neural,ADE_vs_floor,partial,eu-locality-020,861,6.248964724734288,6.270278167364953,0.33991223454161723,19.62078876402344,38.58557212933781,19.65836635238612
fold1_seed43_all,rebased_neural,ADE_vs_floor,partial,eu-locality-048,3342,25.18178135209975,25.57016788557531,1.518904902046636,79.22414294880902,146.11942966522972,83.24147833611737
fold1_seed43_all,rebased_neural,ADE_vs_floor,partial,eu-locality-067,3486,26.110825901610664,26.617853913101186,1.9048418146173862,89.57756281025205,157.57940753188566,90.09961972666852
fold1_seed43_all,rebased_neural,ADE_vs_floor,partial,eu-locality-074,35039,19.209877349968075,19.50482349847372,1.5121703025342659,64.61680456067077,128.3061754244175,65.49470314034018
fold1_seed43_all,rebased_neural,ADE_vs_floor,partial,eu-locality-082,786,15.123642172429879,15.332744726668679,1.3637646616205812,51.63436914184127,102.15855402949464,51.63436914184127
fold1_seed43_all,rebased_neural,ADE_vs_floor,partial,eu-locality-112,2587,26.618155115125912,27.101163126906968,1.7822408932017697,95.84208841250184,195.79567231670023,96.47858684185032
fold1_seed43_all,rebased_neural,ADE_vs_floor,partial,eu-locality-126,2153,19.289571431971684,19.56165156865452,1.390885302950673,84.42232298046828,149.32359671746252,84.53836486208543
fold1_seed43_all,rebased_neural,ADE_vs_floor,endpoint,eu-locality-008,121088,16.77081766251827,17.318166751080497,3.160548667936103,61.501588992832666,126.10497493213501,61.95898863821176
fold1_seed43_all,rebased_neural,ADE_vs_floor,endpoint,eu-locality-020,622,7.011978500342227,7.094310300429013,1.160532829834171,22.983169167538357,41.43936474820229,23.162697824857958
fold1_seed43_all,rebased_neural,ADE_vs_floor,endpoint,eu-locality-048,5582,25.333310532285736,25.704874041467082,1.445498268468226,88.80685023934355,149.50710152402692,89.46188168852902
fold1_seed43_all,rebased_neural,ADE_vs_floor,endpoint,eu-locality-067,4600,27.68769276123461,28.565261704586344,3.072154396578952,88.75009431350327,164.6074327332223,89.76955862063203
fold1_seed43_all,rebased_neural,ADE_vs_floor,endpoint,eu-locality-074,81289,18.66914843019018,19.18673780372406,2.697641354297442,61.95985254351151,130.10431201447884,63.162762832315856
fold1_seed43_all,rebased_neural,ADE_vs_floor,endpoint,eu-locality-082,859,11.4239448598339,11.718824686487723,2.516291817163463,49.38203459199416,100.93852753980698,49.66402309009787
fold1_seed43_all,rebased_neural,ADE_vs_floor,endpoint,eu-locality-112,3719,22.941486805381324,23.74609142540927,3.3883665552091102,83.69271229934834,189.07149399659596,84.67685491180819
fold1_seed43_all,rebased_neural,ADE_vs_floor,endpoint,eu-locality-126,4579,17.82064019701152,18.34294556729992,2.8474454572853136,78.83321016747725,150.484884261088,79.60247192498909
fold1_seed43_all,rebased_neural,ADE_vs_floor,easy_complete,eu-locality-008,28571,1.4962126981687238,1.7005318093546686,12.015012601468566,2.749024646985012,3.376972819242686,3.054310461050619
fold1_seed43_all,rebased_neural,ADE_vs_floor,easy_complete,eu-locality-020,178,1.29897567371404,1.3386329329249205,2.9625193161973873,2.9413926168960103,3.3588222239648715,3.007716293724164
fold1_seed43_all,rebased_neural,ADE_vs_floor,easy_complete,eu-locality-048,1146,1.5226319361589384,1.6750511594068342,9.099377197641545,2.917241434940013,3.9797447286663257,3.033968502977876
fold1_seed43_all,rebased_neural,ADE_vs_floor,easy_complete,eu-locality-067,551,1.5764659118696773,1.6728214983564755,5.760063855077558,3.0805134957698854,3.6961972229657754,3.107404856979434
fold1_seed43_all,rebased_neural,ADE_vs_floor,easy_complete,eu-locality-074,11433,1.84995465469135,1.9979786827375339,7.408689057851636,3.377041496447212,6.787056966016882,3.3064796002527483
fold1_seed43_all,rebased_neural,ADE_vs_floor,easy_complete,eu-locality-082,284,1.4359608284236562,1.4955809030783414,3.986415882415295,2.7982090490644405,3.3013223045443247,2.8676160103460266
fold1_seed43_all,rebased_neural,ADE_vs_floor,easy_complete,eu-locality-112,330,1.8229883385764107,1.9722074337613429,7.566095362511915,3.218866738209238,3.9753703510128906,3.26010945725861
fold1_seed43_all,rebased_neural,ADE_vs_floor,easy_complete,eu-locality-126,1425,1.3163193677021028,1.448754310452727,9.141297582006091,2.7453700856562433,3.74137657269665,2.9621464682252787
fold1_seed43_all,rebased_neural,ADE_vs_floor,hard_complete,eu-locality-008,16020,54.070543100979165,55.037364924853264,1.7566644500407569,121.4751445015991,209.16074726575113,123.0880923262164
fold1_seed43_all,rebased_neural,ADE_vs_floor,hard_complete,eu-locality-020,12,43.9907556570682,43.9907556570682,0.0,62.9047951209938,66.68741576262705,62.9047951209938
fold1_seed43_all,rebased_neural,ADE_vs_floor,hard_complete,eu-locality-048,1483,59.548423497824835,60.342997036594184,1.3167618079816146,126.06850825689241,200.9971264903823,129.76121565007188
fold1_seed43_all,rebased_neural,ADE_vs_floor,hard_complete,eu-locality-067,1231,56.208838342740705,58.936261472848656,4.627750491714588,132.53818519658432,202.48852786466077,133.3146472451894
fold1_seed43_all,rebased_neural,ADE_vs_floor,hard_complete,eu-locality-074,12476,54.06292712460206,55.95599531218617,3.383137368967204,126.39594265571739,231.53719788048352,127.78227407953213
fold1_seed43_all,rebased_neural,ADE_vs_floor,hard_complete,eu-locality-082,57,54.178212482821344,54.731418610225475,1.010765190180496,112.43563580673778,125.27330700637128,110.9427431945904
fold1_seed43_all,rebased_neural,ADE_vs_floor,hard_complete,eu-locality-112,449,63.71429688579546,64.93573194853259,1.8809906750650418,163.84683279299975,294.0127848120448,168.71086421621743
fold1_seed43_all,rebased_neural,ADE_vs_floor,hard_complete,eu-locality-126,695,68.33097079403251,69.34434598123416,1.4613667096606275,152.42974809598607,220.75693711308867,154.56526392641825
fold1_seed43_all,rebased_neural,FDE_vs_floor,all,eu-locality-008,121088,32.81369684158991,34.03724046932442,3.5947204028987434,129.37851857577465,263.05316734974423,129.3932479497776
fold1_seed43_all,rebased_neural,FDE_vs_floor,all,eu-locality-020,622,14.325408334229621,14.513401522465642,1.2953075675955161,52.375808020598235,102.34943144507893,51.424750580148505
fold1_seed43_all,rebased_neural,FDE_vs_floor,all,eu-locality-048,5582,53.46168628883561,54.19144114759639,1.3466238271339082,200.55413353603927,329.01590331795495,201.46324721795514
fold1_seed43_all,rebased_neural,FDE_vs_floor,all,eu-locality-067,4600,56.93164871749583,58.88397618301028,3.3155496487646374,194.7761482189283,381.6312506904558,196.21170383936322
fold1_seed43_all,rebased_neural,FDE_vs_floor,all,eu-locality-074,81289,36.79661083110613,37.951209898252976,3.0423247908098916,128.1063478655289,264.0610094591531,130.7872382848251
fold1_seed43_all,rebased_neural,FDE_vs_floor,all,eu-locality-082,859,23.423218032123145,24.128370712073778,2.9225043346908453,107.02910936795125,229.79762677801716,107.79588538582226
fold1_seed43_all,rebased_neural,FDE_vs_floor,all,eu-locality-112,3719,43.60911112987366,45.64507373575101,4.460421331914088,167.8142942957759,394.2574142197964,171.6450709732378
fold1_seed43_all,rebased_neural,FDE_vs_floor,all,eu-locality-126,4579,35.984666351079255,37.33184930568453,3.6086692185381186,169.9630697911495,339.0230904102163,172.8929409048313
fold1_seed43_all,rebased_neural,FDE_vs_floor,easy,eu-locality-008,32900,2.2769502422578256,2.8226481762683298,19.33283568949573,4.92233954156459,8.805306983537468,5.777505615587717
fold1_seed43_all,rebased_neural,FDE_vs_floor,easy,eu-locality-020,290,2.1866458670905184,2.273889506897428,3.8367580985035565,5.45348454462431,8.117093400465636,5.640954657510774
fold1_seed43_all,rebased_neural,FDE_vs_floor,easy,eu-locality-048,1250,2.423583241074186,2.8681181998555276,15.499185452110497,5.316244022437548,10.792276550054963,5.91493611978177
fold1_seed43_all,rebased_neural,FDE_vs_floor,easy,eu-locality-067,734,2.4979420876142537,2.7545880130592244,9.317034860684725,6.113498537253107,10.962235149813013,6.118680137935335
fold1_seed43_all,rebased_neural,FDE_vs_floor,easy,eu-locality-074,12940,3.204943868673892,3.583570008885417,10.565613041540322,8.718270486757467,16.89868527306279,7.827968475514913
fold1_seed43_all,rebased_neural,FDE_vs_floor,easy,eu-locality-082,391,2.370666559318061,2.5410182031999056,6.704070189946709,5.24415494790963,7.234048031650128,5.504734495556642
fold1_seed43_all,rebased_neural,FDE_vs_floor,easy,eu-locality-112,423,2.9641516465792797,3.427038779749422,13.506912612292865,7.672810281159929,12.28926949670108,7.494707965226553
fold1_seed43_all,rebased_neural,FDE_vs_floor,easy,eu-locality-126,1768,2.000790890319105,2.3691876089483253,15.549495415128833,4.763892521990499,7.8813268567004835,5.213971288922478
fold1_seed43_all,rebased_neural,FDE_vs_floor,hard,eu-locality-008,22002,114.09392123264323,116.2474807652129,1.8525644757147464,273.6241294829858,461.0759850037121,278.95438508654746
fold1_seed43_all,rebased_neural,FDE_vs_floor,hard,eu-locality-020,18,88.61263807604536,88.61263807604536,0.0,117.3151892488592,125.35412109059021,117.3151892488592
fold1_seed43_all,rebased_neural,FDE_vs_floor,hard,eu-locality-048,1769,130.31240076984557,132.12734518410792,1.373632696345628,290.0972693205454,432.9026795681904,292.4774274822428
fold1_seed43_all,rebased_neural,FDE_vs_floor,hard,eu-locality-067,1633,121.6361298886388,127.01175590208757,4.232384612958818,292.89822644705276,450.3809880981477,293.4859841054643
fold1_seed43_all,rebased_neural,FDE_vs_floor,hard,eu-locality-074,16042,110.03699582387404,114.1412041369429,3.595728943024612,265.15298934775234,469.71274329366616,269.51934025881815
fold1_seed43_all,rebased_neural,FDE_vs_floor,hard,eu-locality-082,103,119.700015489046,121.25238241970331,1.2802774672780792,281.26356221557575,384.9003515886814,275.8757296900002
fold1_seed43_all,rebased_neural,FDE_vs_floor,hard,eu-locality-112,847,133.55669442057533,136.30739056675048,2.0180095405964993,378.1458693741076,564.4589607929897,385.7049694251095
fold1_seed43_all,rebased_neural,FDE_vs_floor,hard,eu-locality-126,868,143.2771901217724,145.55219348853916,1.563015515081112,348.75428863483296,521.701575746422,350.6409169818094
fold1_seed43_all,rebased_neural,FDE_vs_floor,complete,eu-locality-008,97352,29.86409385391729,30.986096538368322,3.620987506644213,119.33081088429176,236.30789491812038,118.61668303389006
fold1_seed43_all,rebased_neural,FDE_vs_floor,complete,eu-locality-020,364,14.052833314529282,14.268992122899652,1.5148849092394334,57.42336195362734,104.22276055606251,57.42336195362734
fold1_seed43_all,rebased_neural,FDE_vs_floor,complete,eu-locality-048,4716,52.21199174454004,52.7604113833021,1.0394529238557548,196.81470205132254,328.8506262330717,197.21571054553488
fold1_seed43_all,rebased_neural,FDE_vs_floor,complete,eu-locality-067,3417,56.61550577629866,58.657784974788015,3.481684825581388,189.4351667854224,380.221354085805,191.15307387376316
fold1_seed43_all,rebased_neural,FDE_vs_floor,complete,eu-locality-074,67309,34.830096331832344,35.968352350235385,3.1646042813401,120.33311623866078,249.21351644542668,123.2682864542083
fold1_seed43_all,rebased_neural,FDE_vs_floor,complete,eu-locality-082,582,19.678648460929963,20.368848440449472,3.3885076102234346,101.05798186988082,195.39975934585468,101.05798186988082
fold1_seed43_all,rebased_neural,FDE_vs_floor,complete,eu-locality-112,2417,35.63275230225042,37.80152422362932,5.737260509784492,128.9004839433214,348.0738248833848,131.006623228248
fold1_seed43_all,rebased_neural,FDE_vs_floor,complete,eu-locality-126,3637,36.08611097998751,37.49805596634872,3.765381831069625,169.62306214408085,350.46940522899035,173.60707681530258
fold1_seed43_all,rebased_neural,FDE_vs_floor,partial,eu-locality-008,23736,44.91134387798632,46.55135253397046,3.5230096800890065,171.85215906433345,337.6465661435846,174.16107036775293
fold1_seed43_all,rebased_neural,FDE_vs_floor,partial,eu-locality-020,258,14.709971540318474,14.8582271869696,0.9978017214674395,48.590405022570486,80.91138501947854,48.94274704221921
fold1_seed43_all,rebased_neural,FDE_vs_floor,partial,eu-locality-048,866,60.26718221365994,61.98443926354546,2.7704647654939407,220.25491190144197,331.0313398136167,226.50797878652108
fold1_seed43_all,rebased_neural,FDE_vs_floor,partial,eu-locality-067,1183,57.844802081883586,59.53731122823047,2.842770544102702,203.57594921268537,382.8200148978525,207.11494222439552
fold1_seed43_all,rebased_neural,FDE_vs_floor,partial,eu-locality-074,13980,46.26471701362539,47.49800236602956,2.596499412544151,162.1662022622951,322.81978098811254,164.0443203849563
fold1_seed43_all,rebased_neural,FDE_vs_floor,partial,eu-locality-082,277,31.290869622139137,32.02743916725554,2.299807803146059,115.39139065830848,306.8433459892825,121.76185576631008
fold1_seed43_all,rebased_neural,FDE_vs_floor,partial,eu-locality-112,1302,58.41622271694384,60.20564145525803,2.972177847559354,233.43596447997058,426.04216643335104,229.97070745286433
fold1_seed43_all,rebased_neural,FDE_vs_floor,partial,eu-locality-126,942,35.59299531568721,36.690136328151944,2.9902887322413862,171.85904336153027,327.0672308120378,171.85904336153027
fold1_seed43_all,rebased_neural,FDE_vs_floor,endpoint,eu-locality-008,121088,32.81369684158991,34.03724046932442,3.5947204028987434,129.37851857577465,263.05316734974423,129.3932479497776
fold1_seed43_all,rebased_neural,FDE_vs_floor,endpoint,eu-locality-020,622,14.325408334229621,14.513401522465642,1.2953075675955161,52.375808020598235,102.34943144507893,51.424750580148505
fold1_seed43_all,rebased_neural,FDE_vs_floor,endpoint,eu-locality-048,5582,53.46168628883561,54.19144114759639,1.3466238271339082,200.55413353603927,329.01590331795495,201.46324721795514
fold1_seed43_all,rebased_neural,FDE_vs_floor,endpoint,eu-locality-067,4600,56.93164871749583,58.88397618301028,3.3155496487646374,194.7761482189283,381.6312506904558,196.21170383936322
fold1_seed43_all,rebased_neural,FDE_vs_floor,endpoint,eu-locality-074,81289,36.79661083110613,37.951209898252976,3.0423247908098916,128.1063478655289,264.0610094591531,130.7872382848251
fold1_seed43_all,rebased_neural,FDE_vs_floor,endpoint,eu-locality-082,859,23.423218032123145,24.128370712073778,2.9225043346908453,107.02910936795125,229.79762677801716,107.79588538582226
fold1_seed43_all,rebased_neural,FDE_vs_floor,endpoint,eu-locality-112,3719,43.60911112987366,45.64507373575101,4.460421331914088,167.8142942957759,394.2574142197964,171.6450709732378
fold1_seed43_all,rebased_neural,FDE_vs_floor,endpoint,eu-locality-126,4579,35.984666351079255,37.33184930568453,3.6086692185381186,169.9630697911495,339.0230904102163,172.8929409048313
fold1_seed43_all,rebased_neural,FDE_vs_floor,easy_complete,eu-locality-008,28571,2.230690929467665,2.782657251613079,19.835943568883472,4.819837192309749,8.26815830444781,5.702818475136802
fold1_seed43_all,rebased_neural,FDE_vs_floor,easy_complete,eu-locality-020,178,2.117171042995991,2.2260251014972785,4.890064286699625,5.245825004182889,7.634992483488128,5.486303503667565
fold1_seed43_all,rebased_neural,FDE_vs_floor,easy_complete,eu-locality-048,1146,2.3885294350851303,2.820749277716593,15.32287346649066,5.220525732785609,10.276091171061896,5.851011481959038
fold1_seed43_all,rebased_neural,FDE_vs_floor,easy_complete,eu-locality-067,551,2.5275973211389444,2.790373573806523,9.417242735319808,6.4302585997411015,11.473629031183354,6.249338775279034
fold1_seed43_all,rebased_neural,FDE_vs_floor,easy_complete,eu-locality-074,11433,3.188957550963421,3.567831462176923,10.619165037081968,8.62813607375993,16.759882398806063,7.67989815293446
fold1_seed43_all,rebased_neural,FDE_vs_floor,easy_complete,eu-locality-082,284,2.279290278507615,2.4394679493053366,6.56609039865984,5.1953359988331576,7.234079569665457,5.203489563006431
fold1_seed43_all,rebased_neural,FDE_vs_floor,easy_complete,eu-locality-112,330,2.8656151089130777,3.3593443571759454,14.697190754148359,7.645778078138687,12.232530152972412,7.551585216917998
fold1_seed43_all,rebased_neural,FDE_vs_floor,easy_complete,eu-locality-126,1425,2.0085185651574333,2.385175701156352,15.791588679035772,4.76718048355039,7.683801153037467,5.211997894539714
fold1_seed43_all,rebased_neural,FDE_vs_floor,hard_complete,eu-locality-008,16020,109.80240367904072,111.47885534810821,1.503829281196456,253.5823349742693,434.211499576245,260.25657516520215
fold1_seed43_all,rebased_neural,FDE_vs_floor,hard_complete,eu-locality-020,12,92.21205210121825,92.21205210121825,0.0,118.43938924577421,125.57896108997323,118.43938924577421
fold1_seed43_all,rebased_neural,FDE_vs_floor,hard_complete,eu-locality-048,1483,129.27589197235696,130.62606740238758,1.033618677251813,287.75410110394114,420.65696235472376,290.98171092763556
fold1_seed43_all,rebased_neural,FDE_vs_floor,hard_complete,eu-locality-067,1231,118.29015434601186,124.2768402269399,4.817217648916605,288.4795953019533,446.5918387457019,290.9722012445456
fold1_seed43_all,rebased_neural,FDE_vs_floor,hard_complete,eu-locality-074,12476,107.41706842937586,111.76889308900608,3.8935919819521603,257.0269864082424,453.08041463093605,261.5018530520844
fold1_seed43_all,rebased_neural,FDE_vs_floor,hard_complete,eu-locality-082,57,113.3116006843358,114.5898126141762,1.115467335778031,236.13883358876924,286.20639905575626,236.13883358876924
fold1_seed43_all,rebased_neural,FDE_vs_floor,hard_complete,eu-locality-112,449,124.07786422814549,127.2572399595824,2.4983849503939504,361.6668322527583,514.7766204572548,378.020266247248
fold1_seed43_all,rebased_neural,FDE_vs_floor,hard_complete,eu-locality-126,695,144.24906533117203,146.73557747311057,1.694553008042099,361.85943108653015,542.2180701132802,364.21844346398007
fold1_seed43_all,rebased_neural,ADE_vs_CV,all,eu-locality-008,157961,16.987755171713403,18.214515006924465,6.735067251281168,60.65538771920541,124.89487753799519,63.9700524103003
fold1_seed43_all,rebased_neural,ADE_vs_CV,all,eu-locality-020,1225,6.406451705131338,6.529874789510041,1.8901294183615414,20.649557710350873,41.37090371937323,21.020763749430696
fold1_seed43_all,rebased_neural,ADE_vs_CV,all,eu-locality-048,8058,24.818612255823346,26.698045849916497,7.039592353157298,84.90137709425872,146.00316206167017,89.55098636922551
fold1_seed43_all,rebased_neural,ADE_vs_CV,all,eu-locality-067,6903,26.692839014219217,29.011553933538778,7.992384429429034,88.0715055591309,160.46757978837815,93.29868317030169
fold1_seed43_all,rebased_neural,ADE_vs_CV,all,eu-locality-074,102348,18.18981714941993,19.761464600296893,7.95309195277637,60.517309311948935,125.08456603425651,64.81408896393752
fold1_seed43_all,rebased_neural,ADE_vs_CV,all,eu-locality-082,1368,12.917013921380589,13.688548886436024,5.636353213597012,50.57497731631109,99.68977167861865,51.85945295918717
fold1_seed43_all,rebased_neural,ADE_vs_CV,all,eu-locality-112,5004,22.981815383335196,24.679682084525158,6.8796133409456335,82.38189264794636,176.7432925302825,86.2710070848162
fold1_seed43_all,rebased_neural,ADE_vs_CV,all,eu-locality-126,5790,18.330586994815345,19.860903597678185,7.705171093231322,81.74505401349673,150.97613830653674,86.5533275336093
fold1_seed43_all,rebased_neural,ADE_vs_CV,easy,eu-locality-008,39889,1.5489053545287212,1.791172498853141,13.525617687829595,2.914216269962276,3.55074008501849,3.2504176960159774
fold1_seed43_all,rebased_neural,ADE_vs_CV,easy,eu-locality-020,593,1.2508568299203164,1.2706472215919324,1.557504816074884,3.0839156726310635,3.4433555846245176,3.051349724629029
fold1_seed43_all,rebased_neural,ADE_vs_CV,easy,eu-locality-048,1582,1.583877680698286,1.7551327263969017,9.757384334698372,3.0939455877220783,4.546982923083398,3.2298308573246963
fold1_seed43_all,rebased_neural,ADE_vs_CV,easy,eu-locality-067,1219,1.542771952223904,1.6528940070695597,6.662378493397325,3.1263504056718783,3.551772690443162,3.222473275402277
fold1_seed43_all,rebased_neural,ADE_vs_CV,easy,eu-locality-074,17048,1.8973551561626674,2.0239574238081066,6.255184331261043,3.399901519805133,6.299512630365004,3.3016095862663026
fold1_seed43_all,rebased_neural,ADE_vs_CV,easy,eu-locality-082,513,1.520842066491868,1.6221340438704122,6.244365424750065,2.9725342713825316,3.399770284704364,3.137173321764387
fold1_seed43_all,rebased_neural,ADE_vs_CV,easy,eu-locality-112,571,1.9049973875336759,2.110763890677913,9.748437712668622,3.246526327833303,3.9100439491929566,3.3318797717711783
fold1_seed43_all,rebased_neural,ADE_vs_CV,easy,eu-locality-126,2160,1.3001385579589342,1.4931553251754432,12.926770843068846,2.829412919148383,3.806809934736704,3.15811922069773
fold1_seed43_all,rebased_neural,ADE_vs_CV,hard,eu-locality-008,28100,56.50781965966099,60.74188321281993,6.970583276656317,130.09845505775286,217.58014522411207,138.48767980783674
fold1_seed43_all,rebased_neural,ADE_vs_CV,hard,eu-locality-020,30,42.85049426292814,43.81825835804657,2.2085864006977762,64.72063289570352,69.65016417684733,64.04793996418368
fold1_seed43_all,rebased_neural,ADE_vs_CV,hard,eu-locality-048,2478,58.917874748665106,63.88573915651315,7.77617113527842,126.41243691532297,210.63384730323335,138.97729297348553
fold1_seed43_all,rebased_neural,ADE_vs_CV,hard,eu-locality-067,2296,59.38274068055105,65.07172046247634,8.742630041887145,135.56887745505844,210.90005285411442,143.40335944857748
fold1_seed43_all,rebased_neural,ADE_vs_CV,hard,eu-locality-074,19310,55.27487056845426,60.351879335065945,8.412345767104911,127.67908583710465,228.94316663691012,136.81762092091788
fold1_seed43_all,rebased_neural,ADE_vs_CV,hard,eu-locality-082,184,52.59860117871065,55.75797833667997,5.666233339545135,111.84913049236944,199.45076524670506,112.9711774505625
fold1_seed43_all,rebased_neural,ADE_vs_CV,hard,eu-locality-112,1153,66.47205188798772,70.01758802603055,5.063779313170147,169.27640327598212,282.2924395893853,174.675987810338
fold1_seed43_all,rebased_neural,ADE_vs_CV,hard,eu-locality-126,1110,69.13958469354061,74.02161712516786,6.595414449500492,152.6205254260136,234.6020391416837,160.69598223874476
fold1_seed43_all,floor_neural_oracle,ADE_vs_floor,all,eu-locality-008,157961,15.058657144666736,17.438244289549935,13.645795444609032,52.840281500924036,106.79922479246409,61.11686888445487
fold1_seed43_all,floor_neural_oracle,ADE_vs_floor,all,eu-locality-020,1225,5.921546197557802,6.448865988529894,8.176938269611977,18.817914572053354,38.29164354811356,20.649557710350873
fold1_seed43_all,floor_neural_oracle,ADE_vs_floor,all,eu-locality-048,8058,21.80254978828917,25.15970483142214,13.343380081868828,75.01636866786109,130.9674998578325,85.90762156520124
fold1_seed43_all,floor_neural_oracle,ADE_vs_floor,all,eu-locality-067,6903,23.55418730785888,27.410852480302808,14.069847609501728,77.82695543997741,143.56135769725745,88.92690474713947
fold1_seed43_all,floor_neural_oracle,ADE_vs_floor,all,eu-locality-074,102348,15.741539385005284,18.63140038997163,15.510702064681182,53.07955251645764,105.91566809165106,61.493627723089254
fold1_seed43_all,floor_neural_oracle,ADE_vs_floor,all,eu-locality-082,1368,11.483959274235676,13.158673828509794,12.72707702994852,42.60669718295059,91.33378094899182,50.87404664954861
fold1_seed43_all,floor_neural_oracle,ADE_vs_floor,all,eu-locality-112,5004,19.96528191702433,23.643036188513562,15.555338333728841,71.51165411320476,150.6205262698367,82.94709718696423
fold1_seed43_all,floor_neural_oracle,ADE_vs_floor,all,eu-locality-126,5790,15.696614414701052,18.771922434736247,16.38248842507751,71.02884462782538,140.7854143181973,82.1707199959473
fold1_seed43_all,floor_neural_oracle,ADE_vs_floor,easy,eu-locality-008,39889,1.4946795818234724,1.7233537562201016,13.269137202462078,2.7856081245990003,3.2842722222652814,3.10302716520485
fold1_seed43_all,floor_neural_oracle,ADE_vs_floor,easy,eu-locality-020,593,1.1526146589989485,1.2738498572907961,9.517228235177477,3.0259919513423523,3.4433555846245176,3.0839156726310635
fold1_seed43_all,floor_neural_oracle,ADE_vs_floor,easy,eu-locality-048,1582,1.4805759186946728,1.6939339770897248,12.5954176066303,2.85656728445996,3.334405880736335,3.091778570545298
fold1_seed43_all,floor_neural_oracle,ADE_vs_floor,easy,eu-locality-067,1219,1.4642810885472854,1.611886085015975,9.157284614639916,2.9333922863029493,3.293688858188147,3.1321490509109946
fold1_seed43_all,floor_neural_oracle,ADE_vs_floor,easy,eu-locality-074,17048,1.763432208418232,2.01058917929947,12.292763406164974,3.1978112449388565,4.834957609482326,3.3155044351588674
fold1_seed43_all,floor_neural_oracle,ADE_vs_floor,easy,eu-locality-082,513,1.367686693906194,1.578078341351625,13.33214213340197,2.72004149318595,3.093928425167387,3.0061798004979905
fold1_seed43_all,floor_neural_oracle,ADE_vs_floor,easy,eu-locality-112,571,1.7865565331749307,2.0240725781664684,11.734561673015431,2.992354985439288,3.233662604716658,3.2155185149690704
fold1_seed43_all,floor_neural_oracle,ADE_vs_floor,easy,eu-locality-126,2160,1.2109900647230796,1.4150848293043072,14.42279362726021,2.619902379403379,3.1650754267380155,2.9758368738441074
fold1_seed43_all,floor_neural_oracle,ADE_vs_floor,hard,eu-locality-008,28100,48.51276051677911,57.51854392937914,15.657182531701896,111.46020963011408,186.5967426673805,132.81853663607916
fold1_seed43_all,floor_neural_oracle,ADE_vs_floor,hard,eu-locality-020,30,39.06466707684316,42.85049426292814,8.834967370166991,60.83899875845118,65.75616641653264,64.72063289570352
fold1_seed43_all,floor_neural_oracle,ADE_vs_floor,hard,eu-locality-048,2478,51.49951371802776,59.97238274578631,14.127951299973763,115.16309179687744,185.5967687229911,129.96960939889047
fold1_seed43_all,floor_neural_oracle,ADE_vs_floor,hard,eu-locality-067,2296,52.01975766577059,61.398412625852394,15.275077251969261,121.18913466298567,185.7707922765737,137.54280661418298
fold1_seed43_all,floor_neural_oracle,ADE_vs_floor,hard,eu-locality-074,19310,46.77567198188438,56.8562833005933,17.729986438638225,108.31114532560026,190.041932658055,129.3954739107687
fold1_seed43_all,floor_neural_oracle,ADE_vs_floor,hard,eu-locality-082,184,45.620680170666695,53.16480868294308,14.19007930089059,105.24644775495055,195.6466237071928,110.41707800047281
fold1_seed43_all,floor_neural_oracle,ADE_vs_floor,hard,eu-locality-112,1153,56.43645310778228,67.35386189723947,16.209031645599893,143.11148949227098,227.84993065123595,169.70515648942575
fold1_seed43_all,floor_neural_oracle,ADE_vs_floor,hard,eu-locality-126,1110,57.7013294040229,69.93166130067463,17.48897662257274,141.83477679796877,219.72743614561034,153.44137522662362
fold1_seed43_all,floor_neural_oracle,ADE_vs_floor,complete,eu-locality-008,97352,13.416989720235533,15.738846366477162,14.752394122018053,48.45079454376851,95.69552644369115,56.34344470676385
fold1_seed43_all,floor_neural_oracle,ADE_vs_floor,complete,eu-locality-020,364,6.246198113068858,6.8712948732085035,9.097219253054135,21.61297716712974,39.78994812730274,22.682718227503177
fold1_seed43_all,floor_neural_oracle,ADE_vs_floor,complete,eu-locality-048,4716,21.327775901464527,24.868829613657113,14.238923854494379,76.28721430135985,130.21222247394067,88.14502283168922
fold1_seed43_all,floor_neural_oracle,ADE_vs_floor,complete,eu-locality-067,3417,23.828472185072517,28.219864188018605,15.561350592220624,74.65473706300565,142.3072019831503,87.81611306924334
fold1_seed43_all,floor_neural_oracle,ADE_vs_floor,complete,eu-locality-074,67309,15.027284279120773,18.17672312097633,17.326769082052184,50.32937327283675,102.83810668637777,59.47563496725055
fold1_seed43_all,floor_neural_oracle,ADE_vs_floor,complete,eu-locality-082,582,8.456612271577258,10.222557460893151,17.274984230429567,37.572433078985604,73.22434859141046,46.30650206106486
fold1_seed43_all,floor_neural_oracle,ADE_vs_floor,complete,eu-locality-112,2417,16.209706449804234,19.94168145552898,18.714444988238576,55.522583465163365,135.46166450220088,69.39324646906753
fold1_seed43_all,floor_neural_oracle,ADE_vs_floor,complete,eu-locality-126,3637,15.1073564717547,18.30442536975796,17.466098134308904,67.80996663789159,140.28292719441228,79.23038627133677
fold1_seed43_all,floor_neural_oracle,ADE_vs_floor,partial,eu-locality-008,60609,17.695552772432027,20.167868381796644,12.258685759750943,60.586793494471436,121.8384264423403,69.13141778700387
fold1_seed43_all,floor_neural_oracle,ADE_vs_floor,partial,eu-locality-020,861,5.784294981244186,6.270278167364953,7.750584155104534,17.000318696504834,34.95079763792036,19.65836635238612
fold1_seed43_all,floor_neural_oracle,ADE_vs_floor,partial,eu-locality-048,3342,22.47251796610634,25.57016788557531,12.114312011288819,73.50528439314186,131.3173028926368,83.24147833611737
fold1_seed43_all,floor_neural_oracle,ADE_vs_floor,partial,eu-locality-067,3486,23.285331477268237,26.617853913101186,12.519876496101357,79.7240827199135,145.60396597103016,90.09961972666852
fold1_seed43_all,floor_neural_oracle,ADE_vs_floor,partial,eu-locality-074,35039,17.113604709985463,19.50482349847372,12.259627925755767,58.18824074175027,111.17482709307131,65.49470314034018
fold1_seed43_all,floor_neural_oracle,ADE_vs_floor,partial,eu-locality-082,786,13.725582627349157,15.332744726668679,10.48189432466151,43.137401865684154,97.9103383159255,51.63436914184127
fold1_seed43_all,floor_neural_oracle,ADE_vs_floor,partial,eu-locality-112,2587,23.474066572714694,27.101163126906968,13.383545706904243,82.58841166856095,154.9234619563642,96.47858684185032
fold1_seed43_all,floor_neural_oracle,ADE_vs_floor,partial,eu-locality-126,2153,16.692030642520788,19.56165156865452,14.66962498571437,76.46434729443826,140.07983227796956,84.53836486208543
fold1_seed43_all,floor_neural_oracle,ADE_vs_floor,endpoint,eu-locality-008,121088,14.731763929877063,17.318166751080497,14.934622459632251,52.8913297247143,106.86472115495295,61.95898863821176
fold1_seed43_all,floor_neural_oracle,ADE_vs_floor,endpoint,eu-locality-020,622,6.5237325189586794,7.094310300429013,8.042751970347695,22.028947608274954,38.80214210959773,23.162697824857958
fold1_seed43_all,floor_neural_oracle,ADE_vs_floor,endpoint,eu-locality-048,5582,21.932771527717424,25.704874041467082,14.674658617912328,78.3220068908062,134.09900593824128,89.46188168852902
fold1_seed43_all,floor_neural_oracle,ADE_vs_floor,endpoint,eu-locality-067,4600,23.99519612889634,28.565261704586344,15.998682676015008,76.48484069496453,143.8809453419484,89.76955862063203
fold1_seed43_all,floor_neural_oracle,ADE_vs_floor,endpoint,eu-locality-074,81289,15.932615451669443,19.18673780372406,16.960269042833364,53.49723491595642,108.34437431170518,63.162762832315856
fold1_seed43_all,floor_neural_oracle,ADE_vs_floor,endpoint,eu-locality-082,859,9.713854625392596,11.718824686487723,17.108968814995063,41.046523275423866,93.26652674315538,49.66402309009787
fold1_seed43_all,floor_neural_oracle,ADE_vs_floor,endpoint,eu-locality-112,3719,19.55337822436143,23.74609142540927,17.656435014654527,69.4937046832353,152.90735288182313,84.67685491180819
fold1_seed43_all,floor_neural_oracle,ADE_vs_floor,endpoint,eu-locality-126,4579,15.120619221229214,18.34294556729992,17.567115021129254,67.5328305494322,138.95675202532055,79.60247192498909
fold1_seed43_all,floor_neural_oracle,ADE_vs_floor,easy_complete,eu-locality-008,28571,1.4490377189276495,1.7005318093546686,14.789143551655059,2.646620202750669,3.091751126198639,3.054310461050619
fold1_seed43_all,floor_neural_oracle,ADE_vs_floor,easy_complete,eu-locality-020,178,1.178731658331831,1.3386329329249205,11.945117340248324,2.5941599297259264,3.272867124230537,3.007716293724164
fold1_seed43_all,floor_neural_oracle,ADE_vs_floor,easy_complete,eu-locality-048,1146,1.43597317640703,1.6750511594068342,14.272876482439257,2.6802725374971024,3.168464596905194,3.033968502977876
fold1_seed43_all,floor_neural_oracle,ADE_vs_floor,easy_complete,eu-locality-067,551,1.4820363405479755,1.6728214983564755,11.404991984855762,2.8200347657117213,3.262766460594136,3.107404856979434
fold1_seed43_all,floor_neural_oracle,ADE_vs_floor,easy_complete,eu-locality-074,11433,1.7095409519538998,1.9979786827375339,14.436476889154326,3.0961705823255046,5.040804859592539,3.3064796002527483
fold1_seed43_all,floor_neural_oracle,ADE_vs_floor,easy_complete,eu-locality-082,284,1.2614729999067527,1.4955809030783414,15.653309205120658,2.5305293127787825,2.993559388411438,2.8676160103460266
fold1_seed43_all,floor_neural_oracle,ADE_vs_floor,easy_complete,eu-locality-112,330,1.7079267259643889,1.9722074337613429,13.400249044438727,2.9056811313430333,3.2401728138861765,3.26010945725861
fold1_seed43_all,floor_neural_oracle,ADE_vs_floor,easy_complete,eu-locality-126,1425,1.2227372264194603,1.448754310452727,15.600787683774875,2.576683674397814,3.0129127254383548,2.9621464682252787
fold1_seed43_all,floor_neural_oracle,ADE_vs_floor,hard_complete,eu-locality-008,16020,45.92152911823046,55.037364924853264,16.56299464748967,103.36848969109097,175.20747954715367,123.0880923262164
fold1_seed43_all,floor_neural_oracle,ADE_vs_floor,hard_complete,eu-locality-020,12,39.658532581816154,43.9907556570682,9.848030593118418,62.46425208392078,66.59930715521246,62.9047951209938
fold1_seed43_all,floor_neural_oracle,ADE_vs_floor,hard_complete,eu-locality-048,1483,51.219732349345904,60.342997036594184,15.119011542823435,115.780404665324,180.32833431896336,129.76121565007188
fold1_seed43_all,floor_neural_oracle,ADE_vs_floor,hard_complete,eu-locality-067,1231,48.74082351729176,58.936261472848656,17.29909176586274,115.28762363662311,163.35440445951633,133.3146472451894
fold1_seed43_all,floor_neural_oracle,ADE_vs_floor,hard_complete,eu-locality-074,12476,44.73882280692308,55.95599531218617,20.0464176227783,105.62249189659923,187.66189314624478,127.78227407953213
fold1_seed43_all,floor_neural_oracle,ADE_vs_floor,hard_complete,eu-locality-082,57,44.97627587067927,54.731418610225475,17.823661412868354,101.32710712686725,114.16766309518187,110.9427431945904
fold1_seed43_all,floor_neural_oracle,ADE_vs_floor,hard_complete,eu-locality-112,449,52.146602449740826,64.93573194853259,19.695057120366798,141.03932285595107,222.34215521657026,168.71086421621743
fold1_seed43_all,floor_neural_oracle,ADE_vs_floor,hard_complete,eu-locality-126,695,56.4232368916782,69.34434598123416,18.633255396269288,142.56112594290067,209.5582929486716,154.56526392641825
fold1_seed43_all,floor_neural_oracle,FDE_vs_floor,all,eu-locality-008,121088,27.725575620004573,34.03724046932442,18.543409401852507,108.36951280778672,215.0274034225364,129.3932479497776
fold1_seed43_all,floor_neural_oracle,FDE_vs_floor,all,eu-locality-020,622,13.106071960765826,14.513401522465642,9.696758954276685,48.98614876904287,82.5590891536665,51.424750580148505
fold1_seed43_all,floor_neural_oracle,FDE_vs_floor,all,eu-locality-048,5582,45.120064262966814,54.19144114759639,16.73950109561154,174.63325321355865,287.8580239499457,201.46324721795514
fold1_seed43_all,floor_neural_oracle,FDE_vs_floor,all,eu-locality-067,4600,47.36077503437782,58.88397618301028,19.569332602164245,160.86700360460466,292.3135153170508,196.21170383936322
fold1_seed43_all,floor_neural_oracle,FDE_vs_floor,all,eu-locality-074,81289,29.904655504279955,37.951209898252976,21.20236592073296,107.22071141276705,210.60368699259286,130.7872382848251
fold1_seed43_all,floor_neural_oracle,FDE_vs_floor,all,eu-locality-082,859,18.97339505038143,24.128370712073778,21.364789704233157,86.22077762995136,217.66005499482785,107.79588538582226
fold1_seed43_all,floor_neural_oracle,FDE_vs_floor,all,eu-locality-112,3719,35.107843854097005,45.64507373575101,23.08514154814659,135.9644636719048,316.75429226956226,171.6450709732378
fold1_seed43_all,floor_neural_oracle,FDE_vs_floor,all,eu-locality-126,4579,29.200014158659478,37.33184930568453,21.782567159850863,140.10722913234503,282.00203667800616,172.8929409048313
fold1_seed43_all,floor_neural_oracle,FDE_vs_floor,easy,eu-locality-008,32900,2.1781141981080987,2.8226481762683298,22.83437176404799,4.603243605403503,8.211171705394491,5.777505615587717
fold1_seed43_all,floor_neural_oracle,FDE_vs_floor,easy,eu-locality-020,290,1.836193291536992,2.273889506897428,19.248789971226156,4.726066498582969,8.117093400465636,5.640954657510774
fold1_seed43_all,floor_neural_oracle,FDE_vs_floor,easy,eu-locality-048,1250,2.257234983496376,2.8681181998555276,21.29909486958812,4.842979257522295,9.873162339720315,5.91493611978177
fold1_seed43_all,floor_neural_oracle,FDE_vs_floor,easy,eu-locality-067,734,2.2697433224043375,2.7545880130592244,17.60135048712501,5.441903156132302,8.825599959988178,6.118680137935335
fold1_seed43_all,floor_neural_oracle,FDE_vs_floor,easy,eu-locality-074,12940,2.864128343833178,3.583570008885417,20.07611580821339,7.579297816413744,12.922246222666079,7.827968475514913
fold1_seed43_all,floor_neural_oracle,FDE_vs_floor,easy,eu-locality-082,391,1.9602955326604246,2.5410182031999056,22.853935867447806,4.492933815631867,7.221908799624045,5.504734495556642
fold1_seed43_all,floor_neural_oracle,FDE_vs_floor,easy,eu-locality-112,423,2.726726595456657,3.427038779749422,20.43490690653843,6.926784080393839,12.817967608774454,7.494707965226553
fold1_seed43_all,floor_neural_oracle,FDE_vs_floor,easy,eu-locality-126,1768,1.8064447351214339,2.3691876089483253,23.752566985469382,4.146339990385894,6.742835826833505,5.213971288922478
fold1_seed43_all,floor_neural_oracle,FDE_vs_floor,hard,eu-locality-008,22002,92.58643236010197,116.2474807652129,20.354031114789983,223.25559311474638,376.2936802606843,278.95438508654746
fold1_seed43_all,floor_neural_oracle,FDE_vs_floor,hard,eu-locality-020,18,78.19677544324526,88.61263807604536,11.754375965944542,117.3151892488592,125.35412109059021,117.3151892488592
fold1_seed43_all,floor_neural_oracle,FDE_vs_floor,hard,eu-locality-048,1769,108.87863543285255,132.12734518410792,17.59568370866782,259.22222906262743,408.2251098989038,292.4774274822428
fold1_seed43_all,floor_neural_oracle,FDE_vs_floor,hard,eu-locality-067,1633,99.38800128836832,127.01175590208757,21.748974665789365,254.93599334725866,355.06621363070707,293.4859841054643
fold1_seed43_all,floor_neural_oracle,FDE_vs_floor,hard,eu-locality-074,16042,86.07268698121865,114.1412041369429,24.591047000037392,211.8692790875631,344.11950210854906,269.51934025881815
fold1_seed43_all,floor_neural_oracle,FDE_vs_floor,hard,eu-locality-082,103,93.80447967768085,121.25238241970331,22.637000770025473,264.8656852778581,372.5846929012527,275.8757296900002
fold1_seed43_all,floor_neural_oracle,FDE_vs_floor,hard,eu-locality-112,847,104.38127487292458,136.30739056675048,23.422145755326095,287.91040634080593,497.75384267267503,385.7049694251095
fold1_seed43_all,floor_neural_oracle,FDE_vs_floor,hard,eu-locality-126,868,112.17770167873223,145.55219348853916,22.929569805785754,289.4984952013152,446.4457765935063,350.6409169818094
fold1_seed43_all,floor_neural_oracle,FDE_vs_floor,complete,eu-locality-008,97352,25.328098975677936,30.986096538368322,18.25979453618628,100.39380787853855,194.34118211226524,118.61668303389006
fold1_seed43_all,floor_neural_oracle,FDE_vs_floor,complete,eu-locality-020,364,12.665722987681033,14.268992122899652,11.236036304523612,51.69853530989102,82.86375181655934,57.42336195362734
fold1_seed43_all,floor_neural_oracle,FDE_vs_floor,complete,eu-locality-048,4716,44.365065763844925,52.7604113833021,15.9122065187577,173.6509136388941,290.0036416190367,197.21571054553488
fold1_seed43_all,floor_neural_oracle,FDE_vs_floor,complete,eu-locality-067,3417,47.75328216105034,58.657784974788015,18.590035096662085,159.52649013712076,292.10016681814716,191.15307387376316
fold1_seed43_all,floor_neural_oracle,FDE_vs_floor,complete,eu-locality-074,67309,28.19723654348398,35.968352350235385,21.605426156532147,101.09755562891365,197.56178229018667,123.2682864542083
fold1_seed43_all,floor_neural_oracle,FDE_vs_floor,complete,eu-locality-082,582,15.894496394481077,20.368848440449472,21.966642144987457,74.2354154974393,165.5398851728982,101.05798186988082
fold1_seed43_all,floor_neural_oracle,FDE_vs_floor,complete,eu-locality-112,2417,28.481225896290272,37.80152422362932,24.655879673531878,104.16146285293868,283.1308247599727,131.006623228248
fold1_seed43_all,floor_neural_oracle,FDE_vs_floor,complete,eu-locality-126,3637,29.504762204883495,37.49805596634872,21.3165550999191,142.03071012467097,296.3120193158303,173.60707681530258
fold1_seed43_all,floor_neural_oracle,FDE_vs_floor,partial,eu-locality-008,23736,37.558704465576156,46.55135253397046,19.317694500566862,141.9725141529384,282.05863719670515,174.16107036775293
fold1_seed43_all,floor_neural_oracle,FDE_vs_floor,partial,eu-locality-020,258,13.727339504187787,14.8582271869696,7.611188525731938,48.58226719879105,79.0465606356484,48.94274704221921
fold1_seed43_all,floor_neural_oracle,FDE_vs_floor,partial,eu-locality-048,866,49.23158033901622,61.98443926354546,20.574291025375956,178.44657828043816,280.43947485969807,226.50797878652108
fold1_seed43_all,floor_neural_oracle,FDE_vs_floor,partial,eu-locality-067,1183,46.2270498848935,59.53731122823047,22.356168037742552,168.19831649530445,323.2519047589231,207.11494222439552
fold1_seed43_all,floor_neural_oracle,FDE_vs_floor,partial,eu-locality-074,13980,38.12530377554003,47.49800236602956,19.73282690556446,134.49505960011052,253.43121629776402,164.0443203849563
fold1_seed43_all,floor_neural_oracle,FDE_vs_floor,partial,eu-locality-082,277,25.44241677505292,32.02743916725554,20.560564826347605,108.08619590884143,297.0977325147253,121.76185576631008
fold1_seed43_all,floor_neural_oracle,FDE_vs_floor,partial,eu-locality-112,1302,47.4093304931284,60.20564145525803,21.254338717808096,176.74418387622137,347.7025749828504,229.97070745286433
fold1_seed43_all,floor_neural_oracle,FDE_vs_floor,partial,eu-locality-126,942,28.023402009915593,36.690136328151944,23.621428497082086,129.77232142839222,250.1899055192851,171.85904336153027
fold1_seed43_all,floor_neural_oracle,FDE_vs_floor,endpoint,eu-locality-008,121088,27.725575620004573,34.03724046932442,18.543409401852507,108.36951280778672,215.0274034225364,129.3932479497776
fold1_seed43_all,floor_neural_oracle,FDE_vs_floor,endpoint,eu-locality-020,622,13.106071960765826,14.513401522465642,9.696758954276685,48.98614876904287,82.5590891536665,51.424750580148505
fold1_seed43_all,floor_neural_oracle,FDE_vs_floor,endpoint,eu-locality-048,5582,45.120064262966814,54.19144114759639,16.73950109561154,174.63325321355865,287.8580239499457,201.46324721795514
fold1_seed43_all,floor_neural_oracle,FDE_vs_floor,endpoint,eu-locality-067,4600,47.36077503437782,58.88397618301028,19.569332602164245,160.86700360460466,292.3135153170508,196.21170383936322
fold1_seed43_all,floor_neural_oracle,FDE_vs_floor,endpoint,eu-locality-074,81289,29.904655504279955,37.951209898252976,21.20236592073296,107.22071141276705,210.60368699259286,130.7872382848251
fold1_seed43_all,floor_neural_oracle,FDE_vs_floor,endpoint,eu-locality-082,859,18.97339505038143,24.128370712073778,21.364789704233157,86.22077762995136,217.66005499482785,107.79588538582226
fold1_seed43_all,floor_neural_oracle,FDE_vs_floor,endpoint,eu-locality-112,3719,35.107843854097005,45.64507373575101,23.08514154814659,135.9644636719048,316.75429226956226,171.6450709732378
fold1_seed43_all,floor_neural_oracle,FDE_vs_floor,endpoint,eu-locality-126,4579,29.200014158659478,37.33184930568453,21.782567159850863,140.10722913234503,282.00203667800616,172.8929409048313
fold1_seed43_all,floor_neural_oracle,FDE_vs_floor,easy_complete,eu-locality-008,28571,2.13776845192117,2.782657251613079,23.17528683484369,4.5084785097443305,7.80932332488079,5.702818475136802
fold1_seed43_all,floor_neural_oracle,FDE_vs_floor,easy_complete,eu-locality-020,178,1.7818955271355608,2.2260251014972785,19.9516876095865,4.4319722491865265,7.634992483488128,5.486303503667565
fold1_seed43_all,floor_neural_oracle,FDE_vs_floor,easy_complete,eu-locality-048,1146,2.2080536296221855,2.820749277716593,21.72102472681964,4.756070714778901,9.353349345511944,5.851011481959038
fold1_seed43_all,floor_neural_oracle,FDE_vs_floor,easy_complete,eu-locality-067,551,2.2886619292643613,2.790373573806523,17.980088732626054,5.75525205802759,9.584507434405694,6.249338775279034
fold1_seed43_all,floor_neural_oracle,FDE_vs_floor,easy_complete,eu-locality-074,11433,2.8447051285253555,3.567831462176923,20.26795103181106,7.4402666269822,12.839161554840791,7.67989815293446
fold1_seed43_all,floor_neural_oracle,FDE_vs_floor,easy_complete,eu-locality-082,284,1.8779779005803363,2.4394679493053366,23.016906161234473,4.187784854428876,7.227419208919501,5.203489563006431
fold1_seed43_all,floor_neural_oracle,FDE_vs_floor,easy_complete,eu-locality-112,330,2.690621287412474,3.3593443571759454,19.906356677457083,6.74706856265038,12.713780998577667,7.551585216917998
fold1_seed43_all,floor_neural_oracle,FDE_vs_floor,easy_complete,eu-locality-126,1425,1.8120852883085963,2.385175701156352,24.02717806365028,4.14855075570325,6.702082732116616,5.211997894539714
fold1_seed43_all,floor_neural_oracle,FDE_vs_floor,hard_complete,eu-locality-008,16020,89.32266193607767,111.47885534810821,19.8747945005757,208.837873795636,357.0720933553244,260.25657516520215
fold1_seed43_all,floor_neural_oracle,FDE_vs_floor,hard_complete,eu-locality-020,12,79.68175422552001,92.21205210121825,13.588568511569532,114.43867577212549,124.7788183952435,118.43938924577421
fold1_seed43_all,floor_neural_oracle,FDE_vs_floor,hard_complete,eu-locality-048,1483,109.02064414421967,130.62606740238758,16.53990178821919,259.5156537460098,386.86462235210786,290.98171092763556
fold1_seed43_all,floor_neural_oracle,FDE_vs_floor,hard_complete,eu-locality-067,1231,98.50021223332682,124.2768402269399,20.74129656542828,253.2557732215543,334.7811980256103,290.9722012445456
fold1_seed43_all,floor_neural_oracle,FDE_vs_floor,hard_complete,eu-locality-074,12476,83.29527954385311,111.76889308900608,25.475436642714435,202.6473471767547,330.93385159108203,261.5018530520844
fold1_seed43_all,floor_neural_oracle,FDE_vs_floor,hard_complete,eu-locality-082,57,89.61109959416964,114.5898126141762,21.79837146964352,210.23514162904567,271.6568568800263,236.13883358876924
fold1_seed43_all,floor_neural_oracle,FDE_vs_floor,hard_complete,eu-locality-112,449,95.20404947152774,127.2572399595824,25.187714662234495,299.3845160799272,461.5325608870891,378.020266247248
fold1_seed43_all,floor_neural_oracle,FDE_vs_floor,hard_complete,eu-locality-126,695,114.1908002308678,146.73557747311057,22.179200029527014,297.66906276903734,457.16138649616335,364.21844346398007
fold1_seed43_all,floor_neural_oracle,ADE_vs_CV,all,eu-locality-008,157961,15.058657144666736,18.214515006924465,17.32606034834302,52.840281500924036,106.79922479246409,63.9700524103003
fold1_seed43_all,floor_neural_oracle,ADE_vs_CV,all,eu-locality-020,1225,5.921546197557802,6.529874789510041,9.316083563033883,18.817914572053354,38.29164354811356,21.020763749430696
fold1_seed43_all,floor_neural_oracle,ADE_vs_CV,all,eu-locality-048,8058,21.80254978828917,26.698045849916497,18.336533277182298,75.01636866786109,130.9674998578325,89.55098636922551
fold1_seed43_all,floor_neural_oracle,ADE_vs_CV,all,eu-locality-067,6903,23.55418730785888,29.011553933538778,18.81101108262566,77.82695543997741,143.56135769725745,93.29868317030169
fold1_seed43_all,floor_neural_oracle,ADE_vs_CV,all,eu-locality-074,102348,15.741539385005284,19.761464600296893,20.34224333368092,53.07955251645764,105.91566809165106,64.81408896393752
fold1_seed43_all,floor_neural_oracle,ADE_vs_CV,all,eu-locality-082,1368,11.483959274235676,13.688548886436024,16.105356604927458,42.60669718295059,91.33378094899182,51.85945295918717
fold1_seed43_all,floor_neural_oracle,ADE_vs_CV,all,eu-locality-112,5004,19.96528191702433,24.679682084525158,19.102353714908205,71.51165411320476,150.6205262698367,86.2710070848162
fold1_seed43_all,floor_neural_oracle,ADE_vs_CV,all,eu-locality-126,5790,15.696614414701052,19.860903597678185,20.967269502601848,71.02884462782538,140.7854143181973,86.5533275336093
fold1_seed43_all,floor_neural_oracle,ADE_vs_CV,easy,eu-locality-008,39889,1.4946795818234724,1.791172498853141,16.553007441746026,2.7856081245990003,3.2842722222652814,3.2504176960159774
fold1_seed43_all,floor_neural_oracle,ADE_vs_CV,easy,eu-locality-020,593,1.1526146589989485,1.2706472215919324,9.289168589618967,3.0259919513423523,3.4433555846245176,3.051349724629029
fold1_seed43_all,floor_neural_oracle,ADE_vs_CV,easy,eu-locality-048,1582,1.4805759186946728,1.7551327263969017,15.643079498942758,2.85656728445996,3.334405880736335,3.2298308573246963
fold1_seed43_all,floor_neural_oracle,ADE_vs_CV,easy,eu-locality-067,1219,1.4642810885472854,1.6528940070695597,11.411071594159194,2.9333922863029493,3.293688858188147,3.222473275402277
fold1_seed43_all,floor_neural_oracle,ADE_vs_CV,easy,eu-locality-074,17048,1.763432208418232,2.0239574238081066,12.872069951930731,3.1978112449388565,4.834957609482326,3.3016095862663026
fold1_seed43_all,floor_neural_oracle,ADE_vs_CV,easy,eu-locality-082,513,1.367686693906194,1.6221340438704122,15.685963248580048,2.72004149318595,3.093928425167387,3.137173321764387
fold1_seed43_all,floor_neural_oracle,ADE_vs_CV,easy,eu-locality-112,571,1.7865565331749307,2.110763890677913,15.359716874768825,2.992354985439288,3.233662604716658,3.3318797717711783
fold1_seed43_all,floor_neural_oracle,ADE_vs_CV,easy,eu-locality-126,2160,1.2109900647230796,1.4931553251754432,18.897247707247722,2.619902379403379,3.1650754267380155,3.15811922069773
fold1_seed43_all,floor_neural_oracle,ADE_vs_CV,hard,eu-locality-008,28100,48.51276051677911,60.74188321281993,20.13293307550891,111.46020963011408,186.5967426673805,138.48767980783674
fold1_seed43_all,floor_neural_oracle,ADE_vs_CV,hard,eu-locality-020,30,39.06466707684316,43.81825835804657,10.848425883021173,60.83899875845118,65.75616641653264,64.04793996418368
fold1_seed43_all,floor_neural_oracle,ADE_vs_CV,hard,eu-locality-048,2478,51.49951371802776,63.88573915651315,19.388091304916234,115.16309179687744,185.5967687229911,138.97729297348553
fold1_seed43_all,floor_neural_oracle,ADE_vs_CV,hard,eu-locality-067,2296,52.01975766577059,65.07172046247634,20.05781114121944,121.18913466298567,185.7707922765737,143.40335944857748
fold1_seed43_all,floor_neural_oracle,ADE_vs_CV,hard,eu-locality-074,19310,46.77567198188438,60.351879335065945,22.495086321683853,108.31114532560026,190.041932658055,136.81762092091788
fold1_seed43_all,floor_neural_oracle,ADE_vs_CV,hard,eu-locality-082,184,45.620680170666695,55.75797833667997,18.18089261558561,105.24644775495055,195.6466237071928,112.9711774505625
fold1_seed43_all,floor_neural_oracle,ADE_vs_CV,hard,eu-locality-112,1153,56.43645310778228,70.01758802603055,19.39674773315413,143.11148949227098,227.84993065123595,174.675987810338
fold1_seed43_all,floor_neural_oracle,ADE_vs_CV,hard,eu-locality-126,1110,57.7013294040229,74.02161712516786,22.048002130982837,141.83477679796877,219.72743614561034,160.69598223874476
fold1_seed43_all,union_oracle,ADE_vs_floor,all,eu-locality-008,157961,14.666303000388616,17.438244289549935,15.89575901756598,51.47136962636821,105.98197012174344,61.11686888445487
fold1_seed43_all,union_oracle,ADE_vs_floor,all,eu-locality-020,1225,5.8362722005781675,6.448865988529894,9.499248225056933,18.763709465028253,37.95609019043474,20.649557710350873
fold1_seed43_all,union_oracle,ADE_vs_floor,all,eu-locality-048,8058,21.361455042749437,25.15970483142214,15.096559415629706,73.89934752232378,130.49485402124438,85.90762156520124
fold1_seed43_all,union_oracle,ADE_vs_floor,all,eu-locality-067,6903,23.37864810982972,27.410852480302808,14.710247969743351,77.36972741565764,142.64954638456388,88.92690474713947
fold1_seed43_all,union_oracle,ADE_vs_floor,all,eu-locality-074,102348,15.519304396047028,18.63140038997163,16.703500159868234,52.48809993098646,105.59260461822085,61.493627723089254
fold1_seed43_all,union_oracle,ADE_vs_floor,all,eu-locality-082,1368,11.423450078088552,13.158673828509794,13.186919692938048,42.510758183984215,91.33378094899182,50.87404664954861
fold1_seed43_all,union_oracle,ADE_vs_floor,all,eu-locality-112,5004,19.800188632269567,23.643036188513562,16.253612799996286,71.11263364411366,145.3361570930348,82.94709718696423
fold1_seed43_all,union_oracle,ADE_vs_floor,all,eu-locality-126,5790,15.489162119941193,18.771922434736247,17.487608561180256,69.61896267228778,139.58828525623093,82.1707199959473
fold1_seed43_all,union_oracle,ADE_vs_floor,easy,eu-locality-008,39889,1.480295106620619,1.7233537562201016,14.103816394179713,2.766102675805411,3.205343173032963,3.10302716520485
fold1_seed43_all,union_oracle,ADE_vs_floor,easy,eu-locality-020,593,1.125616389886329,1.2738498572907961,11.6366514119433,2.912618677577817,3.281873299441771,3.0839156726310635
fold1_seed43_all,union_oracle,ADE_vs_floor,easy,eu-locality-048,1582,1.4591801007563425,1.6939339770897248,13.858502132220218,2.7869441512446906,3.2389872331221907,3.091778570545298
fold1_seed43_all,union_oracle,ADE_vs_floor,easy,eu-locality-067,1219,1.4556282046603815,1.611886085015975,9.694101947287736,2.919062313980233,3.235047705701272,3.1321490509109946
fold1_seed43_all,union_oracle,ADE_vs_floor,easy,eu-locality-074,17048,1.6949299195662917,2.01058917929947,15.699838782737318,3.008629253337347,3.34500741752965,3.3155044351588674
fold1_seed43_all,union_oracle,ADE_vs_floor,easy,eu-locality-082,513,1.3657701882453925,1.578078341351625,13.453587666908252,2.72004149318595,3.0756041056177446,3.0061798004979905
fold1_seed43_all,union_oracle,ADE_vs_floor,easy,eu-locality-112,571,1.7776456901734976,2.0240725781664684,12.174804928003102,2.974614934687822,3.194508048980608,3.2155185149690704
fold1_seed43_all,union_oracle,ADE_vs_floor,easy,eu-locality-126,2160,1.2016223069084762,1.4150848293043072,15.0847862951633,2.606963891763463,3.0882274344758818,2.9758368738441074
fold1_seed43_all,union_oracle,ADE_vs_floor,hard,eu-locality-008,28100,47.8338566356352,57.51854392937914,16.837504276246506,110.32246972177208,185.9774778005256,132.81853663607916
fold1_seed43_all,union_oracle,ADE_vs_floor,hard,eu-locality-020,30,38.931056401269466,42.85049426292814,9.146773984937562,60.09475301373084,65.54866325825112,64.72063289570352
fold1_seed43_all,union_oracle,ADE_vs_floor,hard,eu-locality-048,2478,50.656161784670445,59.97238274578631,15.534185127520928,113.21470809473661,185.49564326019072,129.96960939889047
fold1_seed43_all,union_oracle,ADE_vs_floor,hard,eu-locality-067,2296,51.78294930735198,61.398412625852394,15.660768588749697,121.18913466298567,185.7707922765737,137.54280661418298
fold1_seed43_all,union_oracle,ADE_vs_floor,hard,eu-locality-074,19310,46.46823359534818,56.8562833005933,18.270715393626013,107.83428460920544,190.041932658055,129.3954739107687
fold1_seed43_all,union_oracle,ADE_vs_floor,hard,eu-locality-082,184,45.52632363294255,53.16480868294308,14.367558614860954,105.24644775495055,195.6466237071928,110.41707800047281
fold1_seed43_all,union_oracle,ADE_vs_floor,hard,eu-locality-112,1153,56.001295322846325,67.35386189723947,16.855108607897705,141.45953958210401,223.77771218788024,169.70515648942575
fold1_seed43_all,union_oracle,ADE_vs_floor,hard,eu-locality-126,1110,57.16042918157515,69.93166130067463,18.262446339132342,141.0428891430875,219.72743614561034,153.44137522662362
fold1_seed43_all,union_oracle,ADE_vs_floor,complete,eu-locality-008,97352,13.051433496156385,15.738846366477162,17.075030836089823,47.02472507173985,94.7681688978451,56.34344470676385
fold1_seed43_all,union_oracle,ADE_vs_floor,complete,eu-locality-020,364,6.162513358024405,6.8712948732085035,10.31510840769867,21.61297716712974,39.78994812730274,22.682718227503177
fold1_seed43_all,union_oracle,ADE_vs_floor,complete,eu-locality-048,4716,20.851377848030946,24.868829613657113,16.154567094785666,74.14863858496469,130.21222247394067,88.14502283168922
fold1_seed43_all,union_oracle,ADE_vs_floor,complete,eu-locality-067,3417,23.59994057567965,28.219864188018605,16.3711759261423,74.33144417358795,142.3072019831503,87.81611306924334
fold1_seed43_all,union_oracle,ADE_vs_floor,complete,eu-locality-074,67309,14.808093475146558,18.17672312097633,18.53265642772707,49.858992520949045,102.57951729617754,59.47563496725055
fold1_seed43_all,union_oracle,ADE_vs_floor,complete,eu-locality-082,582,8.39710637357918,10.222557460893151,17.85708805548235,35.88830313723849,73.22434859141046,46.30650206106486
fold1_seed43_all,union_oracle,ADE_vs_floor,complete,eu-locality-112,2417,16.113178262214593,19.94168145552898,19.198497387756163,54.995429211854834,128.61495954194592,69.39324646906753
fold1_seed43_all,union_oracle,ADE_vs_floor,complete,eu-locality-126,3637,14.889244250368186,18.30442536975796,18.657680044041356,66.68233929002919,140.28292719441228,79.23038627133677
fold1_seed43_all,union_oracle,ADE_vs_floor,partial,eu-locality-008,60609,17.260155002170798,20.167868381796644,14.417554322450489,59.45730211188821,120.78314996123406,69.13141778700387
fold1_seed43_all,union_oracle,ADE_vs_floor,partial,eu-locality-020,861,5.698349109625286,6.270278167364953,9.121270898576682,16.77305657160294,34.95079763792036,19.65836635238612
fold1_seed43_all,union_oracle,ADE_vs_floor,partial,eu-locality-048,3342,22.081240814829755,25.57016788557531,13.64452156262037,72.7816043580657,129.85676757435002,83.24147833611737
fold1_seed43_all,union_oracle,ADE_vs_floor,partial,eu-locality-067,3486,23.16173578745186,26.617853913101186,12.98421028581962,79.62361169368279,144.48063754261742,90.09961972666852
fold1_seed43_all,union_oracle,ADE_vs_floor,partial,eu-locality-074,35039,16.885521921515505,19.50482349847372,13.428993998141936,57.577157400296194,110.74787368485195,65.49470314034018
fold1_seed43_all,union_oracle,ADE_vs_floor,partial,eu-locality-082,786,13.66433053104587,15.332744726668679,10.881379853151074,43.137401865684154,97.9103383159255,51.63436914184127
fold1_seed43_all,union_oracle,ADE_vs_floor,partial,eu-locality-112,2587,23.244913821455064,27.101163126906968,14.229091524205783,82.50872112094187,154.9234619563642,96.47858684185032
fold1_seed43_all,union_oracle,ADE_vs_floor,partial,eu-locality-126,2153,16.50258585038106,19.56165156865452,15.638074870811469,75.49111615011687,139.22214666917938,84.53836486208543
fold1_seed43_all,union_oracle,ADE_vs_floor,endpoint,eu-locality-008,121088,14.344194118086554,17.318166751080497,17.172560327774843,51.4868440196944,105.97973512251203,61.95898863821176
fold1_seed43_all,union_oracle,ADE_vs_floor,endpoint,eu-locality-020,622,6.436322529716651,7.094310300429013,9.274865953813327,22.028947608274954,38.80214210959773,23.162697824857958
fold1_seed43_all,union_oracle,ADE_vs_floor,endpoint,eu-locality-048,5582,21.41960238939932,25.704874041467082,16.671047075176347,76.07096217502476,133.07929520359593,89.46188168852902
fold1_seed43_all,union_oracle,ADE_vs_floor,endpoint,eu-locality-067,4600,23.780583211833093,28.565261704586344,16.749990048174634,75.35085204476019,143.5828576573803,89.76955862063203
fold1_seed43_all,union_oracle,ADE_vs_floor,endpoint,eu-locality-074,81289,15.700650328905278,19.18673780372406,18.16925581868404,52.84882078736828,107.86786615915659,63.162762832315856
fold1_seed43_all,union_oracle,ADE_vs_floor,endpoint,eu-locality-082,859,9.666363298689285,11.718824686487723,17.51422555339537,40.797296950647265,93.26652674315538,49.66402309009787
fold1_seed43_all,union_oracle,ADE_vs_floor,endpoint,eu-locality-112,3719,19.404333209012123,23.74609142540927,18.284096269212924,68.40490324802956,152.71911141728694,84.67685491180819
fold1_seed43_all,union_oracle,ADE_vs_floor,endpoint,eu-locality-126,4579,14.898127156119022,18.34294556729992,18.78007214567543,66.74503066517983,138.49137823676895,79.60247192498909
fold1_seed43_all,union_oracle,ADE_vs_floor,easy_complete,eu-locality-008,28571,1.440118286470077,1.7005318093546686,15.313651967699183,2.641181050572454,3.0592767487386374,3.054310461050619
fold1_seed43_all,union_oracle,ADE_vs_floor,easy_complete,eu-locality-020,178,1.1780009212176161,1.3386329329249205,11.999705651669757,2.5941599297259264,3.272867124230537,3.007716293724164
fold1_seed43_all,union_oracle,ADE_vs_floor,easy_complete,eu-locality-048,1146,1.4305252666964263,1.6750511594068342,14.598114889637104,2.655699673949795,3.1078304618479238,3.033968502977876
fold1_seed43_all,union_oracle,ADE_vs_floor,easy_complete,eu-locality-067,551,1.4760205304652214,1.6728214983564755,11.76461254740021,2.8152020847131007,3.1630898807409062,3.107404856979434
fold1_seed43_all,union_oracle,ADE_vs_floor,easy_complete,eu-locality-074,11433,1.6379044492481445,1.9979786827375339,18.02192568921872,2.9018395243012867,3.3207709796788656,3.3064796002527483
fold1_seed43_all,union_oracle,ADE_vs_floor,easy_complete,eu-locality-082,284,1.2610424071103703,1.4955809030783414,15.68210021171188,2.5305293127787825,2.9901117315041197,2.8676160103460266
fold1_seed43_all,union_oracle,ADE_vs_floor,easy_complete,eu-locality-112,330,1.7019870879078773,1.9722074337613429,13.701416049229076,2.89753214589423,3.234809183359015,3.26010945725861
fold1_seed43_all,union_oracle,ADE_vs_floor,easy_complete,eu-locality-126,1425,1.2188299697987748,1.448754310452727,15.870485353869434,2.5655401083272817,2.9851874606568964,2.9621464682252787
fold1_seed43_all,union_oracle,ADE_vs_floor,hard_complete,eu-locality-008,16020,45.26280238620838,55.037364924853264,17.759866505220312,102.18865185897123,174.74822546468553,123.0880923262164
fold1_seed43_all,union_oracle,ADE_vs_floor,hard_complete,eu-locality-020,12,39.44907865797823,43.9907556570682,10.324162272852977,62.46425208392078,66.59930715521246,62.9047951209938
fold1_seed43_all,union_oracle,ADE_vs_floor,hard_complete,eu-locality-048,1483,50.25813724216742,60.342997036594184,16.712560346167326,113.11442646061876,179.81886394466858,129.76121565007188
fold1_seed43_all,union_oracle,ADE_vs_floor,hard_complete,eu-locality-067,1231,48.46087409035398,58.936261472848656,17.77409547315888,115.28762363662311,163.35440445951633,133.3146472451894
fold1_seed43_all,union_oracle,ADE_vs_floor,hard_complete,eu-locality-074,12476,44.481559129027964,55.95599531218617,20.50617832663104,105.39519205086414,187.5562700782854,127.78227407953213
fold1_seed43_all,union_oracle,ADE_vs_floor,hard_complete,eu-locality-082,57,44.73607722570025,54.731418610225475,18.26252934481365,101.32710712686725,114.16766309518187,110.9427431945904
fold1_seed43_all,union_oracle,ADE_vs_floor,hard_complete,eu-locality-112,449,51.78787500295401,64.93573194853259,20.247491713806266,134.7977798812187,216.68807664023814,168.71086421621743
fold1_seed43_all,union_oracle,ADE_vs_floor,hard_complete,eu-locality-126,695,55.78295968794283,69.34434598123416,19.556585474122556,141.73200916051158,209.5582929486716,154.56526392641825
fold1_seed43_all,union_oracle,FDE_vs_floor,all,eu-locality-008,121088,26.689925382808056,34.03724046932442,21.58610682066906,103.85166453303378,212.03941429725424,129.3932479497776
fold1_seed43_all,union_oracle,FDE_vs_floor,all,eu-locality-020,622,12.910871806241621,14.513401522465642,11.041723842225593,48.965422767887034,82.5590891536665,51.424750580148505
fold1_seed43_all,union_oracle,FDE_vs_floor,all,eu-locality-048,5582,43.75838807521382,54.19144114759639,19.252215573981502,168.1406352278441,286.32399465695266,201.46324721795514
fold1_seed43_all,union_oracle,FDE_vs_floor,all,eu-locality-067,4600,46.84152782662612,58.88397618301028,20.45114670747855,160.6009916849099,292.3135153170508,196.21170383936322
fold1_seed43_all,union_oracle,FDE_vs_floor,all,eu-locality-074,81289,29.320246982451508,37.951209898252976,22.74226023080962,105.40202279640296,208.8133992015846,130.7872382848251
fold1_seed43_all,union_oracle,FDE_vs_floor,all,eu-locality-082,859,18.859796130575763,24.128370712073778,21.835600274748902,86.22077762995136,217.35936552406693,107.79588538582226
fold1_seed43_all,union_oracle,FDE_vs_floor,all,eu-locality-112,3719,34.71467021843766,45.64507373575101,23.946513002896587,135.00681981440238,306.65077750927946,171.6450709732378
fold1_seed43_all,union_oracle,FDE_vs_floor,all,eu-locality-126,4579,28.652660555506024,37.33184930568453,23.248751164483362,135.53643824634378,280.922516014183,172.8929409048313
fold1_seed43_all,union_oracle,FDE_vs_floor,easy,eu-locality-008,32900,2.151736871908012,2.8226481762683298,23.76886039149566,4.57235205866684,7.805876652371735,5.777505615587717
fold1_seed43_all,union_oracle,FDE_vs_floor,easy,eu-locality-020,290,1.8329548663669726,2.273889506897428,19.391207848620652,4.726066498582969,8.117093400465636,5.640954657510774
fold1_seed43_all,union_oracle,FDE_vs_floor,easy,eu-locality-048,1250,2.2278580498228586,2.8681181998555276,22.323352993782475,4.816664884631762,9.405487016912804,5.91493611978177
fold1_seed43_all,union_oracle,FDE_vs_floor,easy,eu-locality-067,734,2.2543616660685117,2.7545880130592244,18.15975182565196,5.363428812847061,8.266674538081558,6.118680137935335
fold1_seed43_all,union_oracle,FDE_vs_floor,easy,eu-locality-074,12940,2.6838455139444433,3.583570008885417,25.10693226894182,6.449600262856766,10.688054476888803,7.827968475514913
fold1_seed43_all,union_oracle,FDE_vs_floor,easy,eu-locality-082,391,1.959610546898092,2.5410182031999056,22.880893004609206,4.492933815631867,7.221908799624045,5.504734495556642
fold1_seed43_all,union_oracle,FDE_vs_floor,easy,eu-locality-112,423,2.709997547705708,3.427038779749422,20.923055679461633,6.3351769780803755,12.817967608774454,7.494707965226553
fold1_seed43_all,union_oracle,FDE_vs_floor,easy,eu-locality-126,1768,1.780492747565276,2.3691876089483253,24.847963038451347,4.1360209580664575,6.230967118961376,5.213971288922478
fold1_seed43_all,union_oracle,FDE_vs_floor,hard,eu-locality-008,22002,90.78055168947124,116.2474807652129,21.907510518165697,220.26254917627483,373.87542456125334,278.95438508654746
fold1_seed43_all,union_oracle,FDE_vs_floor,hard,eu-locality-020,18,77.61693029128755,88.61263807604536,12.408735394291659,117.3151892488592,125.35412109059021,117.3151892488592
fold1_seed43_all,union_oracle,FDE_vs_floor,hard,eu-locality-048,1769,106.22258912156502,132.12734518410792,19.605900675932663,254.92550545998958,407.7109506768728,292.4774274822428
fold1_seed43_all,union_oracle,FDE_vs_floor,hard,eu-locality-067,1633,98.7043702445939,127.01175590208757,22.28721700321632,250.46909704541423,355.06621363070707,293.4859841054643
fold1_seed43_all,union_oracle,FDE_vs_floor,hard,eu-locality-074,16042,85.33027627269333,114.1412041369429,25.241478817485717,210.21305858503098,343.4705352115619,269.51934025881815
fold1_seed43_all,union_oracle,FDE_vs_floor,hard,eu-locality-082,103,93.36751101199478,121.25238241970331,22.997380217394625,264.8656852778581,372.5846929012527,275.8757296900002
fold1_seed43_all,union_oracle,FDE_vs_floor,hard,eu-locality-112,847,103.2703946938306,136.30739056675048,24.237127374792998,282.8928025317869,497.75384267267503,385.7049694251095
fold1_seed43_all,union_oracle,FDE_vs_floor,hard,eu-locality-126,868,110.6099563853416,145.55219348853916,24.006671603989894,282.6858829483,446.4457765935063,350.6409169818094
fold1_seed43_all,union_oracle,FDE_vs_floor,complete,eu-locality-008,97352,24.336064395907844,30.986096538368322,21.461341973895042,95.47277554212332,191.30551387777342,118.61668303389006
fold1_seed43_all,union_oracle,FDE_vs_floor,complete,eu-locality-020,364,12.496026010903089,14.268992122899652,12.425307244729723,51.69853530989102,82.86375181655934,57.42336195362734
fold1_seed43_all,union_oracle,FDE_vs_floor,complete,eu-locality-048,4716,43.083516103400505,52.7604113833021,18.341205131247683,167.84677286151285,287.73877959995735,197.21571054553488
fold1_seed43_all,union_oracle,FDE_vs_floor,complete,eu-locality-067,3417,47.18622882169781,58.657784974788015,19.55674964204811,158.55016636642614,292.10016681814716,191.15307387376316
fold1_seed43_all,union_oracle,FDE_vs_floor,complete,eu-locality-074,67309,27.64239223897368,35.968352350235385,23.148016428968333,99.4713316607082,195.76419660104045,123.2682864542083
fold1_seed43_all,union_oracle,FDE_vs_floor,complete,eu-locality-082,582,15.74768437137127,20.368848440449472,22.687409563621998,72.82154987752635,165.5398851728982,101.05798186988082
fold1_seed43_all,union_oracle,FDE_vs_floor,complete,eu-locality-112,2417,28.220982038455837,37.80152422362932,25.34432772735865,102.54344320732329,280.66843490780207,131.006623228248
fold1_seed43_all,union_oracle,FDE_vs_floor,complete,eu-locality-126,3637,28.940034078767063,37.49805596634872,22.82257484297785,139.5764379307847,290.9795895464998,173.60707681530258
fold1_seed43_all,union_oracle,FDE_vs_floor,partial,eu-locality-008,23736,36.34416682183356,46.55135253397046,21.926722117661967,139.901802271292,278.5050056073983,174.16107036775293
fold1_seed43_all,union_oracle,FDE_vs_floor,partial,eu-locality-020,258,13.4961581221456,14.8582271869696,9.167103502216678,47.52141327182181,79.0465606356484,48.94274704221921
fold1_seed43_all,union_oracle,FDE_vs_floor,partial,eu-locality-048,866,47.43355691940734,61.98443926354546,23.475056832039208,170.90395104615396,276.6704439504708,226.50797878652108
fold1_seed43_all,union_oracle,FDE_vs_floor,partial,eu-locality-067,1183,45.84588682902683,59.53731122823047,22.996376753929816,168.0672580679513,323.2519047589231,207.11494222439552
fold1_seed43_all,union_oracle,FDE_vs_floor,partial,eu-locality-074,13980,37.398553486653846,47.49800236602956,21.262891861319233,131.9628232892212,253.22045072265948,164.0443203849563
fold1_seed43_all,union_oracle,FDE_vs_floor,partial,eu-locality-082,277,25.398601343055965,32.02743916725554,20.697370743823985,108.08619590884143,297.0977325147253,121.76185576631008
fold1_seed43_all,union_oracle,FDE_vs_floor,partial,eu-locality-112,1302,46.76938936668349,60.20564145525803,22.317264236042934,174.38373914723974,347.7025749828504,229.97070745286433
fold1_seed43_all,union_oracle,FDE_vs_floor,partial,eu-locality-126,942,27.543130296376084,36.690136328151944,24.930422579971335,128.36345680143472,249.07176170147432,171.85904336153027
fold1_seed43_all,union_oracle,FDE_vs_floor,endpoint,eu-locality-008,121088,26.689925382808056,34.03724046932442,21.58610682066906,103.85166453303378,212.03941429725424,129.3932479497776
fold1_seed43_all,union_oracle,FDE_vs_floor,endpoint,eu-locality-020,622,12.910871806241621,14.513401522465642,11.041723842225593,48.965422767887034,82.5590891536665,51.424750580148505
fold1_seed43_all,union_oracle,FDE_vs_floor,endpoint,eu-locality-048,5582,43.75838807521382,54.19144114759639,19.252215573981502,168.1406352278441,286.32399465695266,201.46324721795514
fold1_seed43_all,union_oracle,FDE_vs_floor,endpoint,eu-locality-067,4600,46.84152782662612,58.88397618301028,20.45114670747855,160.6009916849099,292.3135153170508,196.21170383936322
fold1_seed43_all,union_oracle,FDE_vs_floor,endpoint,eu-locality-074,81289,29.320246982451508,37.951209898252976,22.74226023080962,105.40202279640296,208.8133992015846,130.7872382848251
fold1_seed43_all,union_oracle,FDE_vs_floor,endpoint,eu-locality-082,859,18.859796130575763,24.128370712073778,21.835600274748902,86.22077762995136,217.35936552406693,107.79588538582226
fold1_seed43_all,union_oracle,FDE_vs_floor,endpoint,eu-locality-112,3719,34.71467021843766,45.64507373575101,23.946513002896587,135.00681981440238,306.65077750927946,171.6450709732378
fold1_seed43_all,union_oracle,FDE_vs_floor,endpoint,eu-locality-126,4579,28.652660555506024,37.33184930568453,23.248751164483362,135.53643824634378,280.922516014183,172.8929409048313
fold1_seed43_all,union_oracle,FDE_vs_floor,easy_complete,eu-locality-008,28571,2.115504600514713,2.782657251613079,23.975380033298176,4.493383053853625,7.51062871203281,5.702818475136802
fold1_seed43_all,union_oracle,FDE_vs_floor,easy_complete,eu-locality-020,178,1.7813986690407613,2.2260251014972785,19.974008027018687,4.4319722491865265,7.634992483488128,5.486303503667565
fold1_seed43_all,union_oracle,FDE_vs_floor,easy_complete,eu-locality-048,1146,2.198493854288055,2.820749277716593,22.059933803555065,4.773596162450936,8.981537937911837,5.851011481959038
fold1_seed43_all,union_oracle,FDE_vs_floor,easy_complete,eu-locality-067,551,2.269664535058201,2.790373573806523,18.660907759314473,5.659361044616348,8.685002428882266,6.249338775279034
fold1_seed43_all,union_oracle,FDE_vs_floor,easy_complete,eu-locality-074,11433,2.669381768383949,3.567831462176923,25.181954453778555,6.334723382665459,10.450933134984147,7.67989815293446
fold1_seed43_all,union_oracle,FDE_vs_floor,easy_complete,eu-locality-082,284,1.8772846828871486,2.4394679493053366,23.045322918805944,4.187784854428876,7.227419208919501,5.203489563006431
fold1_seed43_all,union_oracle,FDE_vs_floor,easy_complete,eu-locality-112,330,2.672145586935141,3.3593443571759454,20.45633603393081,6.186821362657605,12.713780998577667,7.551585216917998
fold1_seed43_all,union_oracle,FDE_vs_floor,easy_complete,eu-locality-126,1425,1.8003441476002304,2.385175701156352,24.519432814638797,4.14855075570325,6.492235369751741,5.211997894539714
fold1_seed43_all,union_oracle,FDE_vs_floor,hard_complete,eu-locality-008,16020,87.50368512567853,111.47885534810821,21.50647326577213,205.54383413013738,355.22625387539574,260.25657516520215
fold1_seed43_all,union_oracle,FDE_vs_floor,hard_complete,eu-locality-020,12,79.14622310370152,92.21205210121825,14.169328954066419,114.43867577212549,124.7788183952435,118.43938924577421
fold1_seed43_all,union_oracle,FDE_vs_floor,hard_complete,eu-locality-048,1483,106.39785094269277,130.62606740238758,18.547765343850475,255.04919929854194,386.86462235210786,290.98171092763556
fold1_seed43_all,union_oracle,FDE_vs_floor,hard_complete,eu-locality-067,1231,97.7593138612304,124.2768402269399,21.33746425905767,248.7947065759506,334.7811980256103,290.9722012445456
fold1_seed43_all,union_oracle,FDE_vs_floor,hard_complete,eu-locality-074,12476,82.63878955122445,111.76889308900608,26.06280042031387,201.44479259041626,330.93385159108203,261.5018530520844
fold1_seed43_all,union_oracle,FDE_vs_floor,hard_complete,eu-locality-082,57,88.98315707858043,114.5898126141762,22.346363041724615,210.23514162904567,271.6568568800263,236.13883358876924
fold1_seed43_all,union_oracle,FDE_vs_floor,hard_complete,eu-locality-112,449,94.30770842583875,127.2572399595824,25.892068336708075,282.7227866545117,454.35991040888166,378.020266247248
fold1_seed43_all,union_oracle,FDE_vs_floor,hard_complete,eu-locality-126,695,112.53986058223703,146.73557747311057,23.30431206919804,297.35646637362635,457.16138649616335,364.21844346398007
fold1_seed43_all,union_oracle,ADE_vs_CV,all,eu-locality-008,157961,14.666303000388616,18.214515006924465,19.48013441580494,51.47136962636821,105.98197012174344,63.9700524103003
fold1_seed43_all,union_oracle,ADE_vs_CV,all,eu-locality-020,1225,5.8362722005781675,6.529874789510041,10.621989108368746,18.763709465028253,37.95609019043474,21.020763749430696
fold1_seed43_all,union_oracle,ADE_vs_CV,all,eu-locality-048,8058,21.361455042749437,26.698045849916497,19.98869444290714,73.89934752232378,130.49485402124438,89.55098636922551
fold1_seed43_all,union_oracle,ADE_vs_CV,all,eu-locality-067,6903,23.37864810982972,29.011553933538778,19.41607759657832,77.36972741565764,142.64954638456388,93.29868317030169
fold1_seed43_all,union_oracle,ADE_vs_CV,all,eu-locality-074,102348,15.519304396047028,19.761464600296893,21.466830976617658,52.48809993098646,105.59260461822085,64.81408896393752
fold1_seed43_all,union_oracle,ADE_vs_CV,all,eu-locality-082,1368,11.423450078088552,13.688548886436024,16.547399049668133,42.510758183984215,91.33378094899182,51.85945295918717
fold1_seed43_all,union_oracle,ADE_vs_CV,all,eu-locality-112,5004,19.800188632269567,24.679682084525158,19.771297845506563,71.11263364411366,145.3361570930348,86.2710070848162
fold1_seed43_all,union_oracle,ADE_vs_CV,all,eu-locality-126,5790,15.489162119941193,19.860903597678185,22.01179546658726,69.61896267228778,139.58828525623093,86.5533275336093
fold1_seed43_all,union_oracle,ADE_vs_CV,easy,eu-locality-008,39889,1.480295106620619,1.791172498853141,17.356083371733988,2.766102675805411,3.205343173032963,3.2504176960159774
fold1_seed43_all,union_oracle,ADE_vs_CV,easy,eu-locality-020,593,1.125616389886329,1.2706472215919324,11.413933721422797,2.912618677577817,3.281873299441771,3.051349724629029
fold1_seed43_all,union_oracle,ADE_vs_CV,easy,eu-locality-048,1582,1.4591801007563425,1.7551327263969017,16.862122230956178,2.7869441512446906,3.2389872331221907,3.2298308573246963
fold1_seed43_all,union_oracle,ADE_vs_CV,easy,eu-locality-067,1219,1.4556282046603815,1.6528940070695597,11.9345706116337,2.919062313980233,3.235047705701272,3.222473275402277
fold1_seed43_all,union_oracle,ADE_vs_CV,easy,eu-locality-074,17048,1.6949299195662917,2.0239574238081066,16.256641586004548,3.008629253337347,3.34500741752965,3.3016095862663026
fold1_seed43_all,union_oracle,ADE_vs_CV,easy,eu-locality-082,513,1.3657701882453925,1.6221340438704122,15.804110430561913,2.72004149318595,3.0756041056177446,3.137173321764387
fold1_seed43_all,union_oracle,ADE_vs_CV,easy,eu-locality-112,571,1.7776456901734976,2.110763890677913,15.781878872175902,2.974614934687822,3.194508048980608,3.3318797717711783
fold1_seed43_all,union_oracle,ADE_vs_CV,easy,eu-locality-126,2160,1.2016223069084762,1.4931553251754432,19.524627702929198,2.606963891763463,3.0882274344758818,3.15811922069773
fold1_seed43_all,union_oracle,ADE_vs_CV,hard,eu-locality-008,28100,47.8338566356352,60.74188321281993,21.250619662151692,110.32246972177208,185.9774778005256,138.48767980783674
fold1_seed43_all,union_oracle,ADE_vs_CV,hard,eu-locality-020,30,38.931056401269466,43.81825835804657,11.153345979301443,60.09475301373084,65.54866325825112,64.04793996418368
fold1_seed43_all,union_oracle,ADE_vs_CV,hard,eu-locality-048,2478,50.656161784670445,63.88573915651315,20.708185498850796,113.21470809473661,185.49564326019072,138.97729297348553
fold1_seed43_all,union_oracle,ADE_vs_CV,hard,eu-locality-067,2296,51.78294930735198,65.07172046247634,20.42173014741072,121.18913466298567,185.7707922765737,143.40335944857748
fold1_seed43_all,union_oracle,ADE_vs_CV,hard,eu-locality-074,19310,46.46823359534818,60.351879335065945,23.004496119561637,107.83428460920544,190.041932658055,136.81762092091788
fold1_seed43_all,union_oracle,ADE_vs_CV,hard,eu-locality-082,184,45.52632363294255,55.75797833667997,18.350117792930455,105.24644775495055,195.6466237071928,112.9711774505625
fold1_seed43_all,union_oracle,ADE_vs_CV,hard,eu-locality-112,1153,56.001295322846325,70.01758802603055,20.018245555635772,141.45953958210401,223.77771218788024,174.675987810338
fold1_seed43_all,union_oracle,ADE_vs_CV,hard,eu-locality-126,1110,57.16042918157515,74.02161712516786,22.77873491345246,141.0428891430875,219.72743614561034,160.69598223874476
fold1_seed43_easy,original_neural,ADE_vs_floor,all,eu-locality-008,157961,18.13563717997055,18.02690719715703,-0.6031538390049995,63.97648702205021,131.398306991468,63.84468641001397
fold1_seed43_easy,original_neural,ADE_vs_floor,all,eu-locality-020,1225,6.445390724442601,6.484840682462145,0.6083412060720939,20.950455289077674,42.958840384020256,20.950455289077674
fold1_seed43_easy,original_neural,ADE_vs_floor,all,eu-locality-048,8058,26.667115107766815,26.575321690893052,-0.3454084881509445,89.53631371759984,160.14365905851415,89.53631371759984
fold1_seed43_easy,original_neural,ADE_vs_floor,all,eu-locality-067,6903,28.9443699059486,28.90517532819407,-0.13559709397887865,93.18088829333526,168.56927310186109,92.98245834274
fold1_seed43_easy,original_neural,ADE_vs_floor,all,eu-locality-074,102348,19.64447053972411,19.5572393804789,-0.4460300226844849,64.41733302295597,132.38584886104917,64.39657188319329
fold1_seed43_easy,original_neural,ADE_vs_floor,all,eu-locality-082,1368,13.606738009308668,13.580559388525264,-0.1927654085112529,51.85945295918717,101.91283477915022,51.77887705037489
fold1_seed43_easy,original_neural,ADE_vs_floor,all,eu-locality-112,5004,24.625237139272222,24.379039089256555,-1.0098759393849965,86.56010808638706,186.18759729912014,86.2710070848162
fold1_seed43_easy,original_neural,ADE_vs_floor,all,eu-locality-126,5790,19.826094023650207,19.677511045156184,-0.7550903066604997,86.5533275336093,157.09863889864567,86.5533275336093
fold1_seed43_easy,original_neural,ADE_vs_floor,easy,eu-locality-008,39889,1.6603988171364896,1.71309009137252,3.075802872329636,3.1876727165699528,3.3951913156816667,3.095109654741362
fold1_seed43_easy,original_neural,ADE_vs_floor,easy,eu-locality-020,593,1.2389492688093366,1.2552587319016983,1.2992909491777116,3.0374597378190935,3.377221877991791,3.0374597378190935
fold1_seed43_easy,original_neural,ADE_vs_floor,easy,eu-locality-048,1582,1.677149485883244,1.682188396481551,0.2995449623149349,3.199291958932108,3.380921428523672,3.089778592981668
fold1_seed43_easy,original_neural,ADE_vs_floor,easy,eu-locality-067,1219,1.6075044665508391,1.6103670755762431,0.17776127373814177,3.1855575754989465,3.368877247520645,3.1246994824291634
fold1_seed43_easy,original_neural,ADE_vs_floor,easy,eu-locality-074,17048,1.9053144377938238,1.9674343051415686,3.157404909805861,3.281006465857617,3.4187969838658057,3.2443983953766256
fold1_seed43_easy,original_neural,ADE_vs_floor,easy,eu-locality-082,513,1.5817015487911361,1.5783418866695487,-0.21286022692312834,3.1354407225512952,3.399770284704364,2.993588685393693
fold1_seed43_easy,original_neural,ADE_vs_floor,easy,eu-locality-112,571,2.044147658826172,2.019496342291351,-1.2206665602004119,3.2897006023953446,3.419692302143374,3.1971800758576476
fold1_seed43_easy,original_neural,ADE_vs_floor,easy,eu-locality-126,2160,1.4240977389116283,1.4094588823089196,-1.0386153712216073,3.106982892482671,3.3596227773595544,2.9703261774895435
fold1_seed43_easy,original_neural,ADE_vs_floor,hard,eu-locality-008,28100,60.732990133803305,60.56736971196142,-0.2734482653440562,138.40271059468105,231.191604809736,138.18886517744366
fold1_seed43_easy,original_neural,ADE_vs_floor,hard,eu-locality-020,30,43.81825835804657,43.81825835804657,0.0,64.04793996418368,69.65016417684733,64.04793996418368
fold1_seed43_easy,original_neural,ADE_vs_floor,hard,eu-locality-048,2478,63.86397418629595,63.84773892148025,-0.025428096734425587,138.97729297348553,219.8528418739297,138.4648918912711
fold1_seed43_easy,original_neural,ADE_vs_floor,hard,eu-locality-067,2296,64.95458680888397,64.98726308309257,0.05028104378979048,143.40335944857748,213.5382101003649,143.40335944857748
fold1_seed43_easy,original_neural,ADE_vs_floor,hard,eu-locality-074,19310,60.081113666112444,60.0297186936308,-0.08561588093380923,135.83829032969265,238.15645757790958,136.18683451368736
fold1_seed43_easy,original_neural,ADE_vs_floor,hard,eu-locality-082,184,55.702295382603985,55.577322905914805,-0.2248623542028927,116.31814171012962,199.45076524670506,110.78381026475198
fold1_seed43_easy,original_neural,ADE_vs_floor,hard,eu-locality-112,1153,70.02362210347647,69.82753232020333,-0.28082015325121557,174.675987810338,312.16727648534334,174.675987810338
fold1_seed43_easy,original_neural,ADE_vs_floor,hard,eu-locality-126,1110,74.02443719715232,73.97462037588154,-0.0673431252741219,160.69598223874476,237.31079754913677,160.69598223874476
fold1_seed43_easy,original_neural,ADE_vs_floor,complete,eu-locality-008,97352,16.495763031765772,16.37034670940976,-0.7661189135592661,59.12826330320236,120.28398950207574,59.059850935763585
fold1_seed43_easy,original_neural,ADE_vs_floor,complete,eu-locality-020,364,6.769153368009546,6.866377222144611,1.4159410558090335,22.682718227503177,49.70629992513765,22.682718227503177
fold1_seed43_easy,original_neural,ADE_vs_floor,complete,eu-locality-048,4716,26.68136757579917,26.562529591507385,-0.44738956010341724,91.27383433346327,161.22338275660073,91.18831743450997
fold1_seed43_easy,original_neural,ADE_vs_floor,complete,eu-locality-067,3417,30.152146634177978,30.080511348059606,-0.2381451740945728,92.49833101194194,166.36606324874677,92.49833101194194
fold1_seed43_easy,original_neural,ADE_vs_floor,complete,eu-locality-074,67309,19.41453395609442,19.311302568687534,-0.5345646003924731,63.37623036508738,130.8703059097082,63.32389069036956
fold1_seed43_easy,original_neural,ADE_vs_floor,complete,eu-locality-082,582,10.458100265550522,10.450294880033768,-0.07469057673834545,48.02343140325714,88.77064559267427,48.19172118275565
fold1_seed43_easy,original_neural,ADE_vs_floor,complete,eu-locality-112,2417,21.04596261811787,20.735513425633656,-1.4971859442864277,70.63131723055629,171.1830006493205,70.36543332544309
fold1_seed43_easy,original_neural,ADE_vs_floor,complete,eu-locality-126,3637,19.545304932117833,19.36736271444599,-0.9187736105087607,85.5211371225543,163.85887416785963,85.5211371225543
fold1_seed43_easy,original_neural,ADE_vs_floor,partial,eu-locality-008,60609,20.769652393487217,20.687724511469636,-0.39602171796206953,71.16458137501306,149.53865788768113,71.1377675312646
fold1_seed43_easy,original_neural,ADE_vs_floor,partial,eu-locality-020,861,6.3085154604956,6.32354068194598,0.2376077296897594,19.979117977348317,40.11869080861428,20.00346745004128
fold1_seed43_easy,original_neural,ADE_vs_floor,partial,eu-locality-048,3342,26.647003007455446,26.593373019649125,-0.201666737674433,84.23221156137625,156.40296156578447,83.98219627567455
fold1_seed43_easy,original_neural,ADE_vs_floor,partial,eu-locality-067,3486,27.760499257537877,27.75310327429834,-0.02664921168071821,93.26159339897701,169.03718823289313,93.12027503694439
fold1_seed43_easy,original_neural,ADE_vs_floor,partial,eu-locality-074,35039,20.08617268611901,20.029677545519714,-0.282057164779137,67.00421110169502,135.25115677315338,66.91976430799755
fold1_seed43_easy,original_neural,ADE_vs_floor,partial,eu-locality-082,786,15.938172063847148,15.89838883374416,-0.25023435090822943,54.22413936680799,109.95384492983584,54.22413936680799
fold1_seed43_easy,original_neural,ADE_vs_floor,partial,eu-locality-112,2587,27.969306144927447,27.78313709040713,-0.6700793143499917,99.24893977496998,197.23458912134922,99.65543652075141
fold1_seed43_easy,original_neural,ADE_vs_floor,partial,eu-locality-126,2153,20.300422832708843,20.20143555922631,-0.4900011842837726,89.50105669523992,149.32359671746252,89.50105669523992
fold1_seed43_easy,original_neural,ADE_vs_floor,endpoint,eu-locality-008,121088,18.121075889014968,17.989202056053394,-0.7330721649057237,64.9593530286132,134.0464322150041,64.80683450223539
fold1_seed43_easy,original_neural,ADE_vs_floor,endpoint,eu-locality-020,622,7.054647818448754,7.117505862925767,0.8831470698806521,24.767553584165828,41.43936474820229,24.82301529514794
fold1_seed43_easy,original_neural,ADE_vs_floor,endpoint,eu-locality-048,5582,27.455783788708022,27.34011993925707,-0.4230553842043294,94.31181592726593,165.7475602615107,93.95426345729526
fold1_seed43_easy,original_neural,ADE_vs_floor,endpoint,eu-locality-067,4600,30.486832216798934,30.436876246917738,-0.16412975325039714,93.85374671294792,172.94540871767404,93.71831561259759
fold1_seed43_easy,original_neural,ADE_vs_floor,endpoint,eu-locality-074,81289,20.391588966938432,20.286302438725492,-0.5190030491310837,66.49912222117419,138.5548086448616,66.40413484715316
fold1_seed43_easy,original_neural,ADE_vs_floor,endpoint,eu-locality-082,859,12.253043801175727,12.2374969029783,-0.12704312263109863,52.352177285238206,105.1335274809867,52.27095225543142
fold1_seed43_easy,original_neural,ADE_vs_floor,endpoint,eu-locality-112,3719,24.907608569458656,24.6087960259037,-1.2142509663634948,86.98687823674203,196.30345385094049,86.85175214551717
fold1_seed43_easy,original_neural,ADE_vs_floor,endpoint,eu-locality-126,4579,19.525737344022776,19.349417421351674,-0.911241505785787,85.00384755239723,157.17576759316756,85.00384755239723
fold1_seed43_easy,original_neural,ADE_vs_floor,easy_complete,eu-locality-008,28571,1.6350617915573367,1.6940022159402588,3.479359343707067,3.163117924487649,3.3885199827874106,3.050250758073898
fold1_seed43_easy,original_neural,ADE_vs_floor,easy_complete,eu-locality-020,178,1.315936829979598,1.3386329329249205,1.6954687418104575,2.9413926168960103,3.3588222239648715,3.007716293724164
fold1_seed43_easy,original_neural,ADE_vs_floor,easy_complete,eu-locality-048,1146,1.67336111105737,1.6727836391900592,-0.03452161138965959,3.1551460538037945,3.3754408480699376,3.032127767182307
fold1_seed43_easy,original_neural,ADE_vs_floor,easy_complete,eu-locality-067,551,1.6720911133404937,1.671817110944511,-0.016389495847901614,3.2034268638708863,3.3887019471442983,3.0940171314574445
fold1_seed43_easy,original_neural,ADE_vs_floor,easy_complete,eu-locality-074,11433,1.8698864559408368,1.950059437515209,4.1113096366195645,3.2687956488901295,3.417300813692903,3.2087185888513576
fold1_seed43_easy,original_neural,ADE_vs_floor,easy_complete,eu-locality-082,284,1.5080470190539421,1.4955809030783414,-0.8335300317048544,2.9704628326538103,3.392972311137154,2.8676160103460266
fold1_seed43_easy,original_neural,ADE_vs_floor,easy_complete,eu-locality-112,330,1.9938773028126813,1.9675899563209356,-1.3360175176386102,3.3032051420404693,3.426406938602012,3.2479887641798633
fold1_seed43_easy,original_neural,ADE_vs_floor,easy_complete,eu-locality-126,1425,1.468303808398238,1.4476794056719868,-1.4246526299569684,3.106694731007919,3.344444411035387,2.9533926629715967
fold1_seed43_easy,original_neural,ADE_vs_floor,hard_complete,eu-locality-008,16020,58.72530940429806,58.54694507006942,-0.3046518208852156,128.73047314432887,222.13878514405027,128.5821091478565
fold1_seed43_easy,original_neural,ADE_vs_floor,hard_complete,eu-locality-020,12,43.781301733230265,43.781301733230265,0.0,62.9047951209938,66.68741576262705,62.9047951209938
fold1_seed43_easy,original_neural,ADE_vs_floor,hard_complete,eu-locality-048,1483,65.14128799391146,65.15800549371747,0.025656862390632806,141.58595211236764,214.40105615054253,141.58595211236764
fold1_seed43_easy,original_neural,ADE_vs_floor,hard_complete,eu-locality-067,1231,63.08120192374501,63.064606318040674,-0.026315245068908588,143.31244618430566,208.1196815417212,142.93137594304721
fold1_seed43_easy,original_neural,ADE_vs_floor,hard_complete,eu-locality-074,12476,59.88842342698136,59.810811870895186,-0.12976174985503963,135.5480467126705,239.50783934582262,135.5480467126705
fold1_seed43_easy,original_neural,ADE_vs_floor,hard_complete,eu-locality-082,57,56.49322498787522,56.555920722668475,0.11085618268101838,112.22482304349282,129.3054324794315,112.22482304349282
fold1_seed43_easy,original_neural,ADE_vs_floor,hard_complete,eu-locality-112,449,68.3943629420202,68.12376372215081,-0.3972170724052315,177.03522847019997,316.334053662744,177.03522847019997
fold1_seed43_easy,original_neural,ADE_vs_floor,hard_complete,eu-locality-126,695,74.2269057747092,74.16293858155466,-0.08625223646470115,166.0065211709221,236.54700954561608,166.0065211709221
fold1_seed43_easy,original_neural,FDE_vs_floor,all,eu-locality-008,121088,36.283467582506276,35.92027658174257,-1.0111030184781766,137.30629718342033,282.48640497930717,136.94747770195588
fold1_seed43_easy,original_neural,FDE_vs_floor,all,eu-locality-020,622,14.409950275871218,14.570428516607002,1.1013968501535576,54.18434016797015,99.18086841907973,54.18434016797015
fold1_seed43_easy,original_neural,FDE_vs_floor,all,eu-locality-048,5582,59.206721740046056,58.88896086214591,-0.5395932841199214,216.2196458274127,355.1127410078038,216.61283375128605
fold1_seed43_easy,original_neural,FDE_vs_floor,all,eu-locality-067,4600,64.40316921387792,64.23517255786328,-0.261533750630627,207.16877909819794,394.0447029702928,207.16877909819794
fold1_seed43_easy,original_neural,FDE_vs_floor,all,eu-locality-074,81289,41.41172993208511,41.09166481996015,-0.7789051953170922,139.8464238414576,285.4242061796492,139.87139291962856
fold1_seed43_easy,original_neural,FDE_vs_floor,all,eu-locality-082,859,25.581136271129363,25.515424087687457,-0.2575390603584582,114.66976098816347,234.31504208196256,114.66976098816347
fold1_seed43_easy,original_neural,FDE_vs_floor,all,eu-locality-112,3719,48.79835439247684,47.98701368387593,-1.6907505725315186,181.0853954643256,421.94751964792783,180.57026348277316
fold1_seed43_easy,original_neural,FDE_vs_floor,all,eu-locality-126,4579,40.70433110691664,40.233209925908284,-1.170975872608615,186.02531258567237,367.4904107537943,186.14679086195613
fold1_seed43_easy,original_neural,FDE_vs_floor,easy,eu-locality-008,32900,2.646878022507289,2.8024159436180915,5.550136890457225,5.984189298454047,8.350501255568503,5.760937511837476
fold1_seed43_easy,original_neural,FDE_vs_floor,easy,eu-locality-020,290,2.224173102886603,2.269000567815572,1.9756480260437081,5.650319203253406,8.117093400465636,5.640954657510774
fold1_seed43_easy,original_neural,FDE_vs_floor,easy,eu-locality-048,1250,2.838398264228652,2.8423302974935742,0.13833836512208153,6.172983959630165,10.130680902188097,5.9006145211318435
fold1_seed43_easy,original_neural,FDE_vs_floor,easy,eu-locality-067,734,2.7674412032780213,2.7632182861735726,-0.15282604076483075,6.357111826077259,9.11483058784903,6.143109259261241
fold1_seed43_easy,original_neural,FDE_vs_floor,easy,eu-locality-074,12940,3.2782999069389236,3.4699459739289216,5.52302740244116,7.069513473014886,11.077610644652125,7.154405817758083
fold1_seed43_easy,original_neural,FDE_vs_floor,easy,eu-locality-082,391,2.552515642497792,2.5410182031999056,-0.45247370850818314,5.853861652960047,7.292858240928879,5.504734495556642
fold1_seed43_easy,original_neural,FDE_vs_floor,easy,eu-locality-112,423,3.483470758456934,3.4101315408547284,-2.1506272331015097,7.339452928514516,12.817967608774454,7.2959124108582305
fold1_seed43_easy,original_neural,FDE_vs_floor,easy,eu-locality-126,1768,2.4032905570818106,2.349553790438686,-2.2871051883043503,5.73213589253482,7.3674578013647745,5.194866973857941
fold1_seed43_easy,original_neural,FDE_vs_floor,hard,eu-locality-008,22002,126.17657814311025,125.64623677111037,-0.42209093215104243,294.5321374493369,497.40754675385443,294.0147066931494
fold1_seed43_easy,original_neural,FDE_vs_floor,hard,eu-locality-020,18,89.28776442359735,89.28776442359735,0.0,117.3151892488592,125.35412109059021,117.3151892488592
fold1_seed43_easy,original_neural,FDE_vs_floor,hard,eu-locality-048,1769,144.93123948450958,144.89524669762557,-0.024840557371152983,310.51436902474313,453.113548358864,310.51436902474313
fold1_seed43_easy,original_neural,FDE_vs_floor,hard,eu-locality-067,1633,138.81662652271865,138.86885362911028,0.03760894183739705,315.11114527743234,454.6588358272158,315.11114527743234
fold1_seed43_easy,original_neural,FDE_vs_floor,hard,eu-locality-074,16042,124.36015282576987,124.10574632983858,-0.20499171348211664,286.33022493818925,489.5235120057612,286.43798159383414
fold1_seed43_easy,original_neural,FDE_vs_floor,hard,eu-locality-082,103,129.02729090441613,128.91417507064415,-0.08774507047808466,275.8757296900002,384.9003515886814,275.8757296900002
fold1_seed43_easy,original_neural,FDE_vs_floor,hard,eu-locality-112,847,144.9265814050874,144.16429662637597,-0.528761140275269,394.2222345963048,625.456663177057,394.2222345963048
fold1_seed43_easy,original_neural,FDE_vs_floor,hard,eu-locality-126,868,158.8372591628439,158.71336098478082,-0.07806411337667463,381.7058653169035,549.0683679219857,381.7058653169035
fold1_seed43_easy,original_neural,FDE_vs_floor,complete,eu-locality-008,97352,33.10822034056572,32.75998718244983,-1.0629831940302203,125.39144162365147,253.1439335446307,125.25083877831091
fold1_seed43_easy,original_neural,FDE_vs_floor,complete,eu-locality-020,364,14.006339411272196,14.27371102193212,1.8731751697165344,57.42336195362734,104.22276055606251,57.42336195362734
fold1_seed43_easy,original_neural,FDE_vs_floor,complete,eu-locality-048,4716,57.930196465786835,57.61281426086617,-0.5508882164366735,211.2217582163178,351.841151886696,212.3877354885986
fold1_seed43_easy,original_neural,FDE_vs_floor,complete,eu-locality-067,3417,64.20144900603412,63.99529100382958,-0.32214558129317616,203.10046501216658,394.5902657386637,203.10046501216658
fold1_seed43_easy,original_neural,FDE_vs_floor,complete,eu-locality-074,67309,39.53349279326271,39.218122176080996,-0.8041451239449104,133.65148431596967,268.9854515744107,133.379604340392
fold1_seed43_easy,original_neural,FDE_vs_floor,complete,eu-locality-082,582,21.0521881242942,21.009707020013945,-0.2021975091789141,101.05798186988082,196.24839397056274,101.05798186988082
fold1_seed43_easy,original_neural,FDE_vs_floor,complete,eu-locality-112,2417,40.82016207494445,39.98146160101733,-2.097723395649398,140.54076003111032,380.5613452949926,140.54076003111032
fold1_seed43_easy,original_neural,FDE_vs_floor,complete,eu-locality-126,3637,41.017451438608134,40.538967206726525,-1.1803069117217513,188.76481719652378,381.72102862533023,188.76481719652378
fold1_seed43_easy,original_neural,FDE_vs_floor,partial,eu-locality-008,23736,49.306583082059575,48.882043248407,-0.868498543514562,185.64182154935065,363.34769248879445,185.55810485386044
fold1_seed43_easy,original_neural,FDE_vs_floor,partial,eu-locality-020,258,14.979385759258989,14.989053199016528,0.06449666719559044,50.52160752263893,80.91138501947854,50.52160752263893
fold1_seed43_easy,original_neural,FDE_vs_floor,partial,eu-locality-048,866,66.1583305084139,65.83850748066224,-0.48576895192466996,242.34434814718622,393.48486748673645,240.7350887420016
fold1_seed43_easy,original_neural,FDE_vs_floor,partial,eu-locality-067,1183,64.98582174997448,64.92805106177975,-0.0889764704930851,230.00962682825545,388.8132633418334,231.95019440080293
fold1_seed43_easy,original_neural,FDE_vs_floor,partial,eu-locality-074,13980,50.45481030239963,50.11214277538664,-0.6838013863204706,169.69715319953266,343.4473631952292,170.23977304714694
fold1_seed43_easy,original_neural,FDE_vs_floor,partial,eu-locality-082,277,35.09683237747616,34.98230976778127,-0.3273729220715227,146.71054103169644,306.8433459892825,146.71054103169644
fold1_seed43_easy,original_neural,FDE_vs_floor,partial,eu-locality-112,1302,63.608869624025054,62.84831889452818,-1.2101369501596793,239.76403283804348,485.4941194884967,239.7598237941613
fold1_seed43_easy,original_neural,FDE_vs_floor,partial,eu-locality-126,942,39.49539411502495,39.052701188821246,-1.133578248693401,183.72653083584885,323.58180657766553,183.72653083584885
fold1_seed43_easy,original_neural,FDE_vs_floor,endpoint,eu-locality-008,121088,36.283467582506276,35.92027658174257,-1.0111030184781766,137.30629718342033,282.48640497930717,136.94747770195588
fold1_seed43_easy,original_neural,FDE_vs_floor,endpoint,eu-locality-020,622,14.409950275871218,14.570428516607002,1.1013968501535576,54.18434016797015,99.18086841907973,54.18434016797015
fold1_seed43_easy,original_neural,FDE_vs_floor,endpoint,eu-locality-048,5582,59.206721740046056,58.88896086214591,-0.5395932841199214,216.2196458274127,355.1127410078038,216.61283375128605
fold1_seed43_easy,original_neural,FDE_vs_floor,endpoint,eu-locality-067,4600,64.40316921387792,64.23517255786328,-0.261533750630627,207.16877909819794,394.0447029702928,207.16877909819794
fold1_seed43_easy,original_neural,FDE_vs_floor,endpoint,eu-locality-074,81289,41.41172993208511,41.09166481996015,-0.7789051953170922,139.8464238414576,285.4242061796492,139.87139291962856
fold1_seed43_easy,original_neural,FDE_vs_floor,endpoint,eu-locality-082,859,25.581136271129363,25.515424087687457,-0.2575390603584582,114.66976098816347,234.31504208196256,114.66976098816347
fold1_seed43_easy,original_neural,FDE_vs_floor,endpoint,eu-locality-112,3719,48.79835439247684,47.98701368387593,-1.6907505725315186,181.0853954643256,421.94751964792783,180.57026348277316
fold1_seed43_easy,original_neural,FDE_vs_floor,endpoint,eu-locality-126,4579,40.70433110691664,40.233209925908284,-1.170975872608615,186.02531258567237,367.4904107537943,186.14679086195613
fold1_seed43_easy,original_neural,FDE_vs_floor,easy_complete,eu-locality-008,28571,2.614205684159319,2.7662986512611916,5.498067500142523,5.910212858883769,8.075710144198945,5.692636752459906
fold1_seed43_easy,original_neural,FDE_vs_floor,easy_complete,eu-locality-020,178,2.1655555882327016,2.2260251014972785,2.716479397465177,5.453136068733953,7.634992483488128,5.486303503667565
fold1_seed43_easy,original_neural,FDE_vs_floor,easy_complete,eu-locality-048,1146,2.823968083268507,2.8125060207617167,-0.40753912781619217,6.080471981311646,9.704217923703933,5.819425013630099
fold1_seed43_easy,original_neural,FDE_vs_floor,easy_complete,eu-locality-067,551,2.7905912381072726,2.7860845018473857,-0.16175877856177134,6.577759694459287,9.103126889973707,6.249338775279034
fold1_seed43_easy,original_neural,FDE_vs_floor,easy_complete,eu-locality-074,11433,3.2605088309664865,3.4570825412415545,5.686115617143228,7.002459124432165,10.95012107871047,7.03407158968256
fold1_seed43_easy,original_neural,FDE_vs_floor,easy_complete,eu-locality-082,284,2.4710513165271792,2.4394679493053366,-1.2946826061328798,5.488065196513371,7.243991147447587,5.203489563006431
fold1_seed43_easy,original_neural,FDE_vs_floor,easy_complete,eu-locality-112,330,3.4001206216445414,3.3379401814618337,-1.8628386610414438,7.274472808224543,12.713780998577667,7.419917915140831
fold1_seed43_easy,original_neural,FDE_vs_floor,easy_complete,eu-locality-126,1425,2.4448902728530326,2.379358009245205,-2.7541993829090172,5.787562613568366,7.381942181961638,5.211997894539714
fold1_seed43_easy,original_neural,FDE_vs_floor,hard_complete,eu-locality-008,16020,121.6717148971322,121.18098786879882,-0.40495381079470594,274.10317449725636,467.3282002469001,273.73788790906394
fold1_seed43_easy,original_neural,FDE_vs_floor,hard_complete,eu-locality-020,12,91.67652097939975,91.67652097939975,0.0,118.43938924577421,125.57896108997323,118.43938924577421
fold1_seed43_easy,original_neural,FDE_vs_floor,hard_complete,eu-locality-048,1483,144.1067044794022,144.1404207570093,0.023391271809836134,309.0389558972078,448.12847767087516,309.0389558972078
fold1_seed43_easy,original_neural,FDE_vs_floor,hard_complete,eu-locality-067,1231,135.82526545785757,135.77363986482416,-0.03802328131203847,300.1127604707125,450.3860621876974,300.1127604707125
fold1_seed43_easy,original_neural,FDE_vs_floor,hard_complete,eu-locality-074,12476,122.74319108991736,122.4699159298303,-0.22313656216081945,278.55360942898096,472.0546353085061,278.2063787533465
fold1_seed43_easy,original_neural,FDE_vs_floor,hard_complete,eu-locality-082,57,119.45419529625599,119.52947438594815,0.06297952038932797,243.99478619891514,282.8539699287314,243.99478619891514
fold1_seed43_easy,original_neural,FDE_vs_floor,hard_complete,eu-locality-112,449,136.77349173882993,136.0308501130916,-0.5459361792717887,391.51283762831025,593.1207759351969,391.51283762831025
fold1_seed43_easy,original_neural,FDE_vs_floor,hard_complete,eu-locality-126,695,160.54939538966664,160.40120912178523,-0.09238475737978202,386.522648619538,556.109882484235,386.522648619538
fold1_seed43_easy,original_neural,ADE_vs_CV,all,eu-locality-008,157961,18.13563717997055,18.214515006924465,0.43304928472663873,63.97648702205021,131.398306991468,63.9700524103003
fold1_seed43_easy,original_neural,ADE_vs_CV,all,eu-locality-020,1225,6.445390724442601,6.529874789510041,1.2938083468791772,20.950455289077674,42.958840384020256,21.020763749430696
fold1_seed43_easy,original_neural,ADE_vs_CV,all,eu-locality-048,8058,26.667115107766815,26.698045849916497,0.11585395546760413,89.53631371759984,160.14365905851415,89.55098636922551
fold1_seed43_easy,original_neural,ADE_vs_CV,all,eu-locality-067,6903,28.9443699059486,29.011553933538778,0.23157679779609586,93.18088829333526,168.56927310186109,93.29868317030169
fold1_seed43_easy,original_neural,ADE_vs_CV,all,eu-locality-074,102348,19.64447053972411,19.761464600296893,0.5920313242927633,64.41733302295597,132.38584886104917,64.81408896393752
fold1_seed43_easy,original_neural,ADE_vs_CV,all,eu-locality-082,1368,13.606738009308668,13.688548886436024,0.5976592391646607,51.85945295918717,101.91283477915022,51.85945295918717
fold1_seed43_easy,original_neural,ADE_vs_CV,all,eu-locality-112,5004,24.625237139272222,24.679682084525158,0.22060634762824938,86.56010808638706,186.18759729912014,86.2710070848162
fold1_seed43_easy,original_neural,ADE_vs_CV,all,eu-locality-126,5790,19.826094023650207,19.860903597678185,0.17526681934072474,86.5533275336093,157.09863889864567,86.5533275336093
fold1_seed43_easy,original_neural,ADE_vs_CV,easy,eu-locality-008,39889,1.6603988171364896,1.791172498853141,7.301009913918599,3.1876727165699528,3.3951913156816667,3.2504176960159774
fold1_seed43_easy,original_neural,ADE_vs_CV,easy,eu-locality-020,593,1.2389492688093366,1.2706472215919324,2.494630472089887,3.0374597378190935,3.377221877991791,3.051349724629029
fold1_seed43_easy,original_neural,ADE_vs_CV,easy,eu-locality-048,1582,1.677149485883244,1.7551327263969017,4.443153463028904,3.199291958932108,3.380921428523672,3.2298308573246963
fold1_seed43_easy,original_neural,ADE_vs_CV,easy,eu-locality-067,1219,1.6075044665508391,1.6528940070695597,2.7460648005610655,3.1855575754989465,3.368877247520645,3.222473275402277
fold1_seed43_easy,original_neural,ADE_vs_CV,easy,eu-locality-074,17048,1.9053144377938238,2.0239574238081066,5.8619309190335755,3.281006465857617,3.4187969838658057,3.3016095862663026
fold1_seed43_easy,original_neural,ADE_vs_CV,easy,eu-locality-082,513,1.5817015487911361,1.6221340438704122,2.4925495665453212,3.1354407225512952,3.399770284704364,3.137173321764387
fold1_seed43_easy,original_neural,ADE_vs_CV,easy,eu-locality-112,571,2.044147658826172,2.110763890677913,3.156024799644741,3.2897006023953446,3.419692302143374,3.3318797717711783
fold1_seed43_easy,original_neural,ADE_vs_CV,easy,eu-locality-126,2160,1.4240977389116283,1.4931553251754432,4.62494323929098,3.106982892482671,3.3596227773595544,3.15811922069773
fold1_seed43_easy,original_neural,ADE_vs_CV,hard,eu-locality-008,28100,60.732990133803305,60.74188321281993,0.014640769344387294,138.40271059468105,231.191604809736,138.48767980783674
fold1_seed43_easy,original_neural,ADE_vs_CV,hard,eu-locality-020,30,43.81825835804657,43.81825835804657,0.0,64.04793996418368,69.65016417684733,64.04793996418368
fold1_seed43_easy,original_neural,ADE_vs_CV,hard,eu-locality-048,2478,63.86397418629595,63.88573915651315,0.03406858949205338,138.97729297348553,219.8528418739297,138.97729297348553
fold1_seed43_easy,original_neural,ADE_vs_CV,hard,eu-locality-067,2296,64.95458680888397,65.07172046247634,0.18000700267316594,143.40335944857748,213.5382101003649,143.40335944857748
fold1_seed43_easy,original_neural,ADE_vs_CV,hard,eu-locality-074,19310,60.081113666112444,60.351879335065945,0.448644966713041,135.83829032969265,238.15645757790958,136.81762092091788
fold1_seed43_easy,original_neural,ADE_vs_CV,hard,eu-locality-082,184,55.702295382603985,55.75797833667997,0.09986544659089658,116.31814171012962,199.45076524670506,112.9711774505625
fold1_seed43_easy,original_neural,ADE_vs_CV,hard,eu-locality-112,1153,70.02362210347647,70.01758802603055,-0.008617945313504904,174.675987810338,312.16727648534334,174.675987810338
fold1_seed43_easy,original_neural,ADE_vs_CV,hard,eu-locality-126,1110,74.02443719715232,74.02161712516786,-0.003809795157128093,160.69598223874476,237.31079754913677,160.69598223874476
fold1_seed43_easy,rebased_neural,ADE_vs_floor,all,eu-locality-008,157961,17.967096636339036,18.02690719715703,0.33178492663137327,63.855680257712145,131.2383271533595,63.84468641001397
fold1_seed43_easy,rebased_neural,ADE_vs_floor,all,eu-locality-020,1225,6.426120838447034,6.484840682462145,0.905494011193142,20.950455289077674,42.958840384020256,20.950455289077674
fold1_seed43_easy,rebased_neural,ADE_vs_floor,all,eu-locality-048,8058,26.553138206638437,26.575321690893052,0.0834740008517687,89.53631371759984,160.11545465691114,89.53631371759984
fold1_seed43_easy,rebased_neural,ADE_vs_floor,all,eu-locality-067,6903,28.86119670356349,28.90517532819407,0.15214792552281642,93.15038154789627,168.56927310186109,92.98245834274
fold1_seed43_easy,rebased_neural,ADE_vs_floor,all,eu-locality-074,102348,19.471087088399955,19.5572393804789,0.4405135633045343,64.21093119212766,132.06216946737177,64.39657188319329
fold1_seed43_easy,rebased_neural,ADE_vs_floor,all,eu-locality-082,1368,13.52159523720515,13.580559388525264,0.43418057852562253,51.77887705037489,101.91283477915022,51.77887705037489
fold1_seed43_easy,rebased_neural,ADE_vs_floor,all,eu-locality-112,5004,24.33884771402376,24.379039089256555,0.16486037487222216,86.56010808638706,186.18759729912014,86.2710070848162
fold1_seed43_easy,rebased_neural,ADE_vs_floor,all,eu-locality-126,5790,19.652787078665963,19.677511045156184,0.1256458016132389,86.5533275336093,157.09863889864567,86.5533275336093
fold1_seed43_easy,rebased_neural,ADE_vs_floor,easy,eu-locality-008,39889,1.615610460555034,1.71309009137252,5.6902804650154515,3.0312691855872687,3.3412048037720106,3.095109654741362
fold1_seed43_easy,rebased_neural,ADE_vs_floor,easy,eu-locality-020,593,1.2348435365538235,1.2552587319016983,1.6263734980712763,3.0374597378190935,3.3823864987977044,3.0374597378190935
fold1_seed43_easy,rebased_neural,ADE_vs_floor,easy,eu-locality-048,1582,1.6268527316726988,1.682188396481551,3.2895046074858048,3.0630462586242424,3.3651932248770393,3.089778592981668
fold1_seed43_easy,rebased_neural,ADE_vs_floor,easy,eu-locality-067,1219,1.5769172367996187,1.6103670755762431,2.077156151783277,3.102866123033107,3.3448505278100407,3.1246994824291634
fold1_seed43_easy,rebased_neural,ADE_vs_floor,easy,eu-locality-074,17048,1.8731400017975448,1.9674343051415686,4.792754863407689,3.204653440328277,3.439565600599004,3.2443983953766256
fold1_seed43_easy,rebased_neural,ADE_vs_floor,easy,eu-locality-082,513,1.5494785947355667,1.5783418866695487,1.8287097477268532,2.9834796637631054,3.3963414460134995,2.993588685393693
fold1_seed43_easy,rebased_neural,ADE_vs_floor,easy,eu-locality-112,571,1.9714524199677805,2.019496342291351,2.3790051666574996,3.17721187207332,3.3278636710365896,3.1971800758576476
fold1_seed43_easy,rebased_neural,ADE_vs_floor,easy,eu-locality-126,2160,1.3633759501919371,1.4094588823089196,3.2695478169246894,2.9347961351407608,3.2326722591057715,2.9703261774895435
fold1_seed43_easy,rebased_neural,ADE_vs_floor,hard,eu-locality-008,28100,60.56569820113535,60.56736971196142,0.0027597546897295544,138.1194196968405,231.00032096955294,138.18886517744366
fold1_seed43_easy,rebased_neural,ADE_vs_floor,hard,eu-locality-020,30,43.81825835804657,43.81825835804657,0.0,64.04793996418368,69.65016417684733,64.04793996418368
fold1_seed43_easy,rebased_neural,ADE_vs_floor,hard,eu-locality-048,2478,63.833299840948335,63.84773892148025,0.022614865891601443,138.4648918912711,219.8528418739297,138.4648918912711
fold1_seed43_easy,rebased_neural,ADE_vs_floor,hard,eu-locality-067,2296,64.91422338835301,64.98726308309257,0.11239078440059558,143.40335944857748,213.5382101003649,143.40335944857748
fold1_seed43_easy,rebased_neural,ADE_vs_floor,hard,eu-locality-074,19310,59.840344759910984,60.0297186936308,0.3154669684299338,135.50740272446006,237.55983269666427,136.18683451368736
fold1_seed43_easy,rebased_neural,ADE_vs_floor,hard,eu-locality-082,184,55.527947658625884,55.577322905914805,0.08884063626545258,115.9007203365748,199.45076524670506,110.78381026475198
fold1_seed43_easy,rebased_neural,ADE_vs_floor,hard,eu-locality-112,1153,69.83271466675419,69.82753232020333,-0.007421637824878147,174.675987810338,312.16727648534334,174.675987810338
fold1_seed43_easy,rebased_neural,ADE_vs_floor,hard,eu-locality-126,1110,73.97640368054795,73.97462037588154,-0.0024106979628291114,160.69598223874476,237.31079754913677,160.69598223874476
fold1_seed43_easy,rebased_neural,ADE_vs_floor,complete,eu-locality-008,97352,16.294019193900947,16.37034670940976,0.46625472791568257,59.058203664863996,120.05894472863261,59.059850935763585
fold1_seed43_easy,rebased_neural,ADE_vs_floor,complete,eu-locality-020,364,6.73514029002805,6.866377222144611,1.911298023261987,22.682718227503177,49.70629992513765,22.682718227503177
fold1_seed43_easy,rebased_neural,ADE_vs_floor,complete,eu-locality-048,4716,26.529588754093396,26.562529591507385,0.12401242622811504,91.18831743450997,161.22338275660073,91.18831743450997
fold1_seed43_easy,rebased_neural,ADE_vs_floor,complete,eu-locality-067,3417,30.048788436889325,30.080511348059606,0.1054600129739014,92.49833101194194,166.36606324874677,92.49833101194194
fold1_seed43_easy,rebased_neural,ADE_vs_floor,complete,eu-locality-074,67309,19.21297789947074,19.311302568687534,0.5091560699598929,63.10260803926268,130.54632572394272,63.32389069036956
fold1_seed43_easy,rebased_neural,ADE_vs_floor,complete,eu-locality-082,582,10.355337764050194,10.450294880033768,0.9086548951360074,48.02343140325714,88.77064559267427,48.19172118275565
fold1_seed43_easy,rebased_neural,ADE_vs_floor,complete,eu-locality-112,2417,20.670838650906926,20.735513425633656,0.31190341613039907,70.36543332544309,171.1830006493205,70.36543332544309
fold1_seed43_easy,rebased_neural,ADE_vs_floor,complete,eu-locality-126,3637,19.337781504172728,19.36736271444599,0.15273742072892116,85.5211371225543,163.85887416785963,85.5211371225543
fold1_seed43_easy,rebased_neural,ADE_vs_floor,partial,eu-locality-008,60609,20.654443980400686,20.687724511469636,0.1608709118806173,71.15617677172041,149.5874576015622,71.1377675312646
fold1_seed43_easy,rebased_neural,ADE_vs_floor,partial,eu-locality-020,861,6.295478468672946,6.32354068194598,0.44377374455980556,19.979117977348317,40.11869080861428,20.00346745004128
fold1_seed43_easy,rebased_neural,ADE_vs_floor,partial,eu-locality-048,3342,26.586369570552993,26.593373019649125,0.026335317039161144,83.98219627567455,156.40296156578447,83.98219627567455
fold1_seed43_easy,rebased_neural,ADE_vs_floor,partial,eu-locality-067,3486,27.697111519176108,27.75310327429834,0.2017495289403759,93.17889670482512,169.03718823289313,93.12027503694439
fold1_seed43_easy,rebased_neural,ADE_vs_floor,partial,eu-locality-074,35039,19.966908070666467,20.029677545519714,0.31338235331346276,66.87068059748749,135.22177319694015,66.91976430799755
fold1_seed43_easy,rebased_neural,ADE_vs_floor,partial,eu-locality-082,786,15.86607596160233,15.89838883374416,0.20324620613911826,54.22413936680799,104.03610216659868,54.22413936680799
fold1_seed43_easy,rebased_neural,ADE_vs_floor,partial,eu-locality-112,2587,27.765820232598692,27.78313709040713,0.06232866271396187,99.65543652075141,197.23458912134922,99.65543652075141
fold1_seed43_easy,rebased_neural,ADE_vs_floor,partial,eu-locality-126,2153,20.184916792754162,20.20143555922631,0.08177026045361746,89.50105669523992,149.32359671746252,89.50105669523992
fold1_seed43_easy,rebased_neural,ADE_vs_floor,endpoint,eu-locality-008,121088,17.915302552909672,17.989202056053394,0.41079922785599576,64.81611302075889,133.48326576937316,64.80683450223539
fold1_seed43_easy,rebased_neural,ADE_vs_floor,endpoint,eu-locality-020,622,7.019094575023518,7.117505862925767,1.382665357746482,24.82301529514794,41.43936474820229,24.82301529514794
fold1_seed43_easy,rebased_neural,ADE_vs_floor,endpoint,eu-locality-048,5582,27.309253890571302,27.34011993925707,0.11289653722934556,93.95426345729526,165.7475602615107,93.95426345729526
fold1_seed43_easy,rebased_neural,ADE_vs_floor,endpoint,eu-locality-067,4600,30.380512109058003,30.436876246917738,0.1851837140003587,93.71831561259759,172.94540871767404,93.71831561259759
fold1_seed43_easy,rebased_neural,ADE_vs_floor,endpoint,eu-locality-074,81289,20.186663840417665,20.286302438725492,0.49116194835793214,66.25547032162231,138.04217417005853,66.40413484715316
fold1_seed43_easy,rebased_neural,ADE_vs_floor,endpoint,eu-locality-082,859,12.139206081185204,12.2374969029783,0.8031938440709596,52.27095225543142,102.50896738252894,52.27095225543142
fold1_seed43_easy,rebased_neural,ADE_vs_floor,endpoint,eu-locality-112,3719,24.56217627189019,24.6087960259037,0.1894434573899373,86.98687823674203,196.30345385094049,86.85175214551717
fold1_seed43_easy,rebased_neural,ADE_vs_floor,endpoint,eu-locality-126,4579,19.320169443395624,19.349417421351674,0.1511568918027284,85.00384755239723,157.17576759316756,85.00384755239723
fold1_seed43_easy,rebased_neural,ADE_vs_floor,easy_complete,eu-locality-008,28571,1.5838352964379554,1.6940022159402588,6.503351557964465,2.9741863405326083,3.2778460701376186,3.050250758073898
fold1_seed43_easy,rebased_neural,ADE_vs_floor,easy_complete,eu-locality-020,178,1.3025557328427997,1.3386329329249205,2.6950778809312514,2.9413926168960103,3.3588222239648715,3.007716293724164
fold1_seed43_easy,rebased_neural,ADE_vs_floor,easy_complete,eu-locality-048,1146,1.6115547740972154,1.6727836391900592,3.6602979404132707,2.9968647165239624,3.281374882719721,3.032127767182307
fold1_seed43_easy,rebased_neural,ADE_vs_floor,easy_complete,eu-locality-067,551,1.6272169277211723,1.671817110944511,2.6677668825952683,3.0837545250824374,3.3757174402102863,3.0940171314574445
fold1_seed43_easy,rebased_neural,ADE_vs_floor,easy_complete,eu-locality-074,11433,1.8306720041490856,1.950059437515209,6.12224586950274,3.158410782124331,3.4737283160777848,3.2087185888513576
fold1_seed43_easy,rebased_neural,ADE_vs_floor,easy_complete,eu-locality-082,284,1.4710816262689537,1.4955809030783414,1.6381111017773065,2.810073492283976,3.3013223045443247,2.8676160103460266
fold1_seed43_easy,rebased_neural,ADE_vs_floor,easy_complete,eu-locality-112,330,1.9074396309401587,1.9675899563209356,3.0570559271022035,3.1532675502239904,3.3897614971814627,3.2479887641798633
fold1_seed43_easy,rebased_neural,ADE_vs_floor,easy_complete,eu-locality-126,1425,1.39728681885092,1.4476794056719868,3.4809217167578232,2.906293541881873,3.211934790852647,2.9533926629715967
fold1_seed43_easy,rebased_neural,ADE_vs_floor,hard_complete,eu-locality-008,16020,58.5439939700414,58.54694507006942,0.005040570476377848,128.5821091478565,222.13878514405027,128.5821091478565
fold1_seed43_easy,rebased_neural,ADE_vs_floor,hard_complete,eu-locality-020,12,43.781301733230265,43.781301733230265,0.0,62.9047951209938,66.68741576262705,62.9047951209938
fold1_seed43_easy,rebased_neural,ADE_vs_floor,hard_complete,eu-locality-048,1483,65.13239100600576,65.15800549371747,0.039311344043790886,141.58595211236764,213.25387026150415,141.58595211236764
fold1_seed43_easy,rebased_neural,ADE_vs_floor,hard_complete,eu-locality-067,1231,63.02596723513577,63.064606318040674,0.06126904639671693,142.93137594304721,208.1196815417212,142.93137594304721
fold1_seed43_easy,rebased_neural,ADE_vs_floor,hard_complete,eu-locality-074,12476,59.61382287898402,59.810811870895186,0.32935348267196796,135.1005155946576,239.44336448480914,135.5480467126705
fold1_seed43_easy,rebased_neural,ADE_vs_floor,hard_complete,eu-locality-082,57,56.35526604794511,56.555920722668475,0.3547898648972758,112.22482304349282,129.3054324794315,112.22482304349282
fold1_seed43_easy,rebased_neural,ADE_vs_floor,hard_complete,eu-locality-112,449,68.10223677612079,68.12376372215081,0.03159976028015432,177.03522847019997,316.334053662744,177.03522847019997
fold1_seed43_easy,rebased_neural,ADE_vs_floor,hard_complete,eu-locality-126,695,74.1657907777959,74.16293858155466,-0.003845851170147796,166.0065211709221,236.54700954561608,166.0065211709221
fold1_seed43_easy,rebased_neural,FDE_vs_floor,all,eu-locality-008,121088,35.730089345635164,35.92027658174257,0.5294704111606818,136.9612187863319,282.02890955461953,136.94747770195588
fold1_seed43_easy,rebased_neural,FDE_vs_floor,all,eu-locality-020,622,14.32139276326694,14.570428516607002,1.7091861989935064,54.18434016797015,99.18086841907973,54.18434016797015
fold1_seed43_easy,rebased_neural,FDE_vs_floor,all,eu-locality-048,5582,58.806925961866014,58.88896086214591,0.139304377389049,216.61283375128605,355.4563120785641,216.61283375128605
fold1_seed43_easy,rebased_neural,FDE_vs_floor,all,eu-locality-067,4600,64.10644267756479,64.23517255786328,0.2004040390528039,207.16877909819794,394.0447029702928,207.16877909819794
fold1_seed43_easy,rebased_neural,FDE_vs_floor,all,eu-locality-074,81289,40.845463277491994,41.09166481996015,0.5991520264434835,139.18808237609753,284.2246138986659,139.87139291962856
fold1_seed43_easy,rebased_neural,FDE_vs_floor,all,eu-locality-082,859,25.277783367471194,25.515424087687457,0.9313610442043818,114.66976098816347,234.31504208196256,114.66976098816347
fold1_seed43_easy,rebased_neural,FDE_vs_floor,all,eu-locality-112,3719,47.87811584642228,47.98701368387593,0.22693189072158226,181.0853954643256,421.63704764077704,180.57026348277316
fold1_seed43_easy,rebased_neural,FDE_vs_floor,all,eu-locality-126,4579,40.15560362248651,40.233209925908284,0.19289115525380485,186.14679086195613,367.4904107537943,186.14679086195613
fold1_seed43_easy,rebased_neural,FDE_vs_floor,easy,eu-locality-008,32900,2.504170660117924,2.8024159436180915,10.642434581467386,5.489488607536356,8.191499216970128,5.760937511837476
fold1_seed43_easy,rebased_neural,FDE_vs_floor,easy,eu-locality-020,290,2.186576486588376,2.269000567815572,3.632616156925339,5.451319642094629,8.117093400465636,5.640954657510774
fold1_seed43_easy,rebased_neural,FDE_vs_floor,easy,eu-locality-048,1250,2.6653269930948538,2.8423302974935742,6.22740096584854,5.845644713172525,9.99383610639993,5.9006145211318435
fold1_seed43_easy,rebased_neural,FDE_vs_floor,easy,eu-locality-067,734,2.6463090747206555,2.7632182861735726,4.230907563036201,6.10000786117104,9.128615503992954,6.143109259261241
fold1_seed43_easy,rebased_neural,FDE_vs_floor,easy,eu-locality-074,12940,3.168575557801258,3.4699459739289216,8.685161624762417,7.070981000497376,11.451002136145535,7.154405817758083
fold1_seed43_easy,rebased_neural,FDE_vs_floor,easy,eu-locality-082,391,2.4555472993488516,2.5410182031999056,3.363647837839978,5.4370479440029476,7.2402838602904795,5.504734495556642
fold1_seed43_easy,rebased_neural,FDE_vs_floor,easy,eu-locality-112,423,3.233176229727569,3.4101315408547284,5.1891051417567,7.240076640152233,12.817967608774454,7.2959124108582305
fold1_seed43_easy,rebased_neural,FDE_vs_floor,easy,eu-locality-126,1768,2.2106932299357553,2.349553790438686,5.9100822065879965,5.083412312030253,7.179084789048056,5.194866973857941
fold1_seed43_easy,rebased_neural,FDE_vs_floor,hard,eu-locality-008,22002,125.65289323096171,125.64623677111037,-0.00529777892470662,294.1907676227246,496.6646325650039,294.0147066931494
fold1_seed43_easy,rebased_neural,FDE_vs_floor,hard,eu-locality-020,18,89.28776442359735,89.28776442359735,0.0,117.3151892488592,125.35412109059021,117.3151892488592
fold1_seed43_easy,rebased_neural,FDE_vs_floor,hard,eu-locality-048,1769,144.84215645961888,144.89524669762557,0.03664042763078523,310.51436902474313,453.113548358864,310.51436902474313
fold1_seed43_easy,rebased_neural,FDE_vs_floor,hard,eu-locality-067,1633,138.66538890160277,138.86885362911028,0.14651573926787176,315.11114527743234,454.6588358272158,315.11114527743234
fold1_seed43_easy,rebased_neural,FDE_vs_floor,hard,eu-locality-074,16042,123.60305263198877,124.10574632983858,0.4050527173123708,285.7784885886084,488.0879605698894,286.43798159383414
fold1_seed43_easy,rebased_neural,FDE_vs_floor,hard,eu-locality-082,103,128.45416419729614,128.91417507064415,0.35683498195285823,275.8757296900002,384.9003515886814,275.8757296900002
fold1_seed43_easy,rebased_neural,FDE_vs_floor,hard,eu-locality-112,847,144.28533992746438,144.16429662637597,-0.08396205157654713,394.2222345963048,625.456663177057,394.2222345963048
fold1_seed43_easy,rebased_neural,FDE_vs_floor,hard,eu-locality-126,868,158.7183063419909,158.71336098478082,-0.0031159047854556476,381.7058653169035,549.0591003829323,381.7058653169035
fold1_seed43_easy,rebased_neural,FDE_vs_floor,complete,eu-locality-008,97352,32.562860759000635,32.75998718244983,0.6017292447379141,125.25232083861415,252.79746687089292,125.25083877831091
fold1_seed43_easy,rebased_neural,FDE_vs_floor,complete,eu-locality-020,364,13.940569386209043,14.27371102193212,2.3339525033902686,57.42336195362734,104.22276055606251,57.42336195362734
fold1_seed43_easy,rebased_neural,FDE_vs_floor,complete,eu-locality-048,4716,57.525361939800895,57.61281426086617,0.15179317689516525,212.3877354885986,351.841151886696,212.3877354885986
fold1_seed43_easy,rebased_neural,FDE_vs_floor,complete,eu-locality-067,3417,63.91338785641895,63.99529100382958,0.1279830845768437,203.10046501216658,394.5902657386637,203.10046501216658
fold1_seed43_easy,rebased_neural,FDE_vs_floor,complete,eu-locality-074,67309,38.97532431788896,39.218122176080996,0.6190960829331016,132.86232657164135,268.04425810571075,133.379604340392
fold1_seed43_easy,rebased_neural,FDE_vs_floor,complete,eu-locality-082,582,20.774850699353376,21.009707020013945,1.1178467193133312,101.05798186988082,196.24839397056274,101.05798186988082
fold1_seed43_easy,rebased_neural,FDE_vs_floor,complete,eu-locality-112,2417,39.813695182839744,39.98146160101733,0.41961051812402506,140.25115933009243,380.5613452949926,140.54076003111032
fold1_seed43_easy,rebased_neural,FDE_vs_floor,complete,eu-locality-126,3637,40.45917345583655,40.538967206726525,0.19683222437086867,188.76481719652378,381.72102862533023,188.76481719652378
fold1_seed43_easy,rebased_neural,FDE_vs_floor,partial,eu-locality-008,23736,48.720316737194196,48.882043248407,0.33085055465245095,185.55810485386044,363.6717608364421,185.55810485386044
fold1_seed43_easy,rebased_neural,FDE_vs_floor,partial,eu-locality-020,258,14.858678458030797,14.989053199016528,0.8697997081916098,50.52160752263893,80.91138501947854,50.52160752263893
fold1_seed43_easy,rebased_neural,FDE_vs_floor,partial,eu-locality-048,866,65.78597437763871,65.83850748066224,0.07979084738359843,240.7350887420016,393.48486748673645,240.7350887420016
fold1_seed43_easy,rebased_neural,FDE_vs_floor,partial,eu-locality-067,1183,64.66406594371465,64.92805106177975,0.40658099811732296,231.95019440080293,388.8132633418334,231.95019440080293
fold1_seed43_easy,rebased_neural,FDE_vs_floor,partial,eu-locality-074,13980,49.84955363742909,50.11214277538664,0.52400301287161,169.44733023309394,342.55027250681775,170.23977304714694
fold1_seed43_easy,rebased_neural,FDE_vs_floor,partial,eu-locality-082,277,34.738818792902855,34.98230976778127,0.6960403029266704,146.71054103169644,306.8433459892825,146.71054103169644
fold1_seed43_easy,rebased_neural,FDE_vs_floor,partial,eu-locality-112,1302,62.848703207312454,62.84831889452818,-0.0006114925443334585,239.42262452658045,485.4941194884967,239.7598237941613
fold1_seed43_easy,rebased_neural,FDE_vs_floor,partial,eu-locality-126,942,38.98354047610211,39.052701188821246,0.17709584897788178,183.72653083584885,323.58180657766553,183.72653083584885
fold1_seed43_easy,rebased_neural,FDE_vs_floor,endpoint,eu-locality-008,121088,35.730089345635164,35.92027658174257,0.5294704111606818,136.9612187863319,282.02890955461953,136.94747770195588
fold1_seed43_easy,rebased_neural,FDE_vs_floor,endpoint,eu-locality-020,622,14.32139276326694,14.570428516607002,1.7091861989935064,54.18434016797015,99.18086841907973,54.18434016797015
fold1_seed43_easy,rebased_neural,FDE_vs_floor,endpoint,eu-locality-048,5582,58.806925961866014,58.88896086214591,0.139304377389049,216.61283375128605,355.4563120785641,216.61283375128605
fold1_seed43_easy,rebased_neural,FDE_vs_floor,endpoint,eu-locality-067,4600,64.10644267756479,64.23517255786328,0.2004040390528039,207.16877909819794,394.0447029702928,207.16877909819794
fold1_seed43_easy,rebased_neural,FDE_vs_floor,endpoint,eu-locality-074,81289,40.845463277491994,41.09166481996015,0.5991520264434835,139.18808237609753,284.2246138986659,139.87139291962856
fold1_seed43_easy,rebased_neural,FDE_vs_floor,endpoint,eu-locality-082,859,25.277783367471194,25.515424087687457,0.9313610442043818,114.66976098816347,234.31504208196256,114.66976098816347
fold1_seed43_easy,rebased_neural,FDE_vs_floor,endpoint,eu-locality-112,3719,47.87811584642228,47.98701368387593,0.22693189072158226,181.0853954643256,421.63704764077704,180.57026348277316
fold1_seed43_easy,rebased_neural,FDE_vs_floor,endpoint,eu-locality-126,4579,40.15560362248651,40.233209925908284,0.19289115525380485,186.14679086195613,367.4904107537943,186.14679086195613
fold1_seed43_easy,rebased_neural,FDE_vs_floor,easy_complete,eu-locality-008,28571,2.4692888652073206,2.7662986512611916,10.736721644948222,5.4220679075046725,7.906062796531583,5.692636752459906
fold1_seed43_easy,rebased_neural,FDE_vs_floor,easy_complete,eu-locality-020,178,2.1263187791985168,2.2260251014972785,4.479119405782839,5.245825004182889,7.634992483488128,5.486303503667565
fold1_seed43_easy,rebased_neural,FDE_vs_floor,easy_complete,eu-locality-048,1146,2.645281956298426,2.8125060207617167,5.94573178613147,5.668416717137905,9.567372814565728,5.819425013630099
fold1_seed43_easy,rebased_neural,FDE_vs_floor,easy_complete,eu-locality-067,551,2.6647928035209643,2.7860845018473857,4.3534823960291185,6.2464332760806895,9.120980493223039,6.249338775279034
fold1_seed43_easy,rebased_neural,FDE_vs_floor,easy_complete,eu-locality-074,11433,3.1510410260121335,3.4570825412415545,8.852594972161443,6.9925133827512544,11.235091883726229,7.03407158968256
fold1_seed43_easy,rebased_neural,FDE_vs_floor,easy_complete,eu-locality-082,284,2.372925306335712,2.4394679493053366,2.7277522948630395,5.203489563006431,7.244365098200767,5.203489563006431
fold1_seed43_easy,rebased_neural,FDE_vs_floor,easy_complete,eu-locality-112,330,3.154848746828222,3.3379401814618337,5.485162246179853,7.274472808224543,12.713780998577667,7.419917915140831
fold1_seed43_easy,rebased_neural,FDE_vs_floor,easy_complete,eu-locality-126,1425,2.2416700469529682,2.379358009245205,5.7867694460958745,5.113392569807481,7.130237557895643,5.211997894539714
fold1_seed43_easy,rebased_neural,FDE_vs_floor,hard_complete,eu-locality-008,16020,121.18441487776744,121.18098786879882,-0.00282800877340339,273.73788790906394,466.5606445111427,273.73788790906394
fold1_seed43_easy,rebased_neural,FDE_vs_floor,hard_complete,eu-locality-020,12,91.67652097939975,91.67652097939975,0.0,118.43938924577421,125.57896108997323,118.43938924577421
fold1_seed43_easy,rebased_neural,FDE_vs_floor,hard_complete,eu-locality-048,1483,144.07503243424244,144.1404207570093,0.04536432072520524,309.0389558972078,448.12847767087516,309.0389558972078
fold1_seed43_easy,rebased_neural,FDE_vs_floor,hard_complete,eu-locality-067,1231,135.67725840635674,135.77363986482416,0.07098687091497968,300.1127604707125,450.3860621876974,300.1127604707125
fold1_seed43_easy,rebased_neural,FDE_vs_floor,hard_complete,eu-locality-074,12476,121.99017784744775,122.4699159298303,0.3917191244398377,277.6784794060387,470.8816270000185,278.2063787533465
fold1_seed43_easy,rebased_neural,FDE_vs_floor,hard_complete,eu-locality-082,57,119.08019168689086,119.52947438594815,0.37587607689681946,243.99478619891514,282.8539699287314,243.99478619891514
fold1_seed43_easy,rebased_neural,FDE_vs_floor,hard_complete,eu-locality-112,449,135.97757245963527,136.0308501130916,0.03916586084113938,391.51283762831025,593.1207759351969,391.51283762831025
fold1_seed43_easy,rebased_neural,FDE_vs_floor,hard_complete,eu-locality-126,695,160.40772506059946,160.40120912178523,-0.004062275371796709,386.522648619538,556.109882484235,386.522648619538
fold1_seed43_easy,rebased_neural,ADE_vs_CV,all,eu-locality-008,157961,17.967096636339036,18.214515006924465,1.3583582680701034,63.855680257712145,131.2383271533595,63.9700524103003
fold1_seed43_easy,rebased_neural,ADE_vs_CV,all,eu-locality-020,1225,6.426120838447034,6.529874789510041,1.5889118001111369,20.950455289077674,42.958840384020256,21.020763749430696
fold1_seed43_easy,rebased_neural,ADE_vs_CV,all,eu-locality-048,8058,26.553138206638437,26.698045849916497,0.5427649802261181,89.53631371759984,160.11545465691114,89.55098636922551
fold1_seed43_easy,rebased_neural,ADE_vs_CV,all,eu-locality-067,6903,28.86119670356349,29.011553933538778,0.5182667233879834,93.15038154789627,168.56927310186109,93.29868317030169
fold1_seed43_easy,rebased_neural,ADE_vs_CV,all,eu-locality-074,102348,19.471087088399955,19.761464600296893,1.4694129092667318,64.21093119212766,132.06216946737177,64.81408896393752
fold1_seed43_easy,rebased_neural,ADE_vs_CV,all,eu-locality-082,1368,13.52159523720515,13.688548886436024,1.2196592247722404,51.77887705037489,101.91283477915022,51.85945295918717
fold1_seed43_easy,rebased_neural,ADE_vs_CV,all,eu-locality-112,5004,24.33884771402376,24.679682084525158,1.38103225695565,86.56010808638706,186.18759729912014,86.2710070848162
fold1_seed43_easy,rebased_neural,ADE_vs_CV,all,eu-locality-126,5790,19.652787078665963,19.860903597678185,1.0478703448142834,86.5533275336093,157.09863889864567,86.5533275336093
fold1_seed43_easy,rebased_neural,ADE_vs_CV,easy,eu-locality-008,39889,1.615610460555034,1.791172498853141,9.801514840726755,3.0312691855872687,3.3412048037720106,3.2504176960159774
fold1_seed43_easy,rebased_neural,ADE_vs_CV,easy,eu-locality-020,593,1.2348435365538235,1.2706472215919324,2.8177518063001172,3.0374597378190935,3.3823864987977044,3.051349724629029
fold1_seed43_easy,rebased_neural,ADE_vs_CV,easy,eu-locality-048,1582,1.6268527316726988,1.7551327263969017,7.308848658274858,3.0630462586242424,3.3651932248770393,3.2298308573246963
fold1_seed43_easy,rebased_neural,ADE_vs_CV,easy,eu-locality-067,1219,1.5769172367996187,1.6528940070695597,4.596590582637616,3.102866123033107,3.3448505278100407,3.222473275402277
fold1_seed43_easy,rebased_neural,ADE_vs_CV,easy,eu-locality-074,17048,1.8731400017975448,2.0239574238081066,7.451610406250375,3.204653440328277,3.439565600599004,3.3016095862663026
fold1_seed43_easy,rebased_neural,ADE_vs_CV,easy,eu-locality-082,513,1.5494785947355667,1.6221340438704122,4.479004026170951,2.9834796637631054,3.3963414460134995,3.137173321764387
fold1_seed43_easy,rebased_neural,ADE_vs_CV,easy,eu-locality-112,571,1.9714524199677805,2.110763890677913,6.600049930993945,3.17721187207332,3.3278636710365896,3.3318797717711783
fold1_seed43_easy,rebased_neural,ADE_vs_CV,easy,eu-locality-126,2160,1.3633759501919371,1.4931553251754432,8.691619203665713,2.9347961351407608,3.2326722591057715,3.15811922069773
fold1_seed43_easy,rebased_neural,ADE_vs_CV,hard,eu-locality-008,28100,60.56569820113535,60.74188321281993,0.29005523432206193,138.1194196968405,231.00032096955294,138.48767980783674
fold1_seed43_easy,rebased_neural,ADE_vs_CV,hard,eu-locality-020,30,43.81825835804657,43.81825835804657,0.0,64.04793996418368,69.65016417684733,64.04793996418368
fold1_seed43_easy,rebased_neural,ADE_vs_CV,hard,eu-locality-048,2478,63.833299840948335,63.88573915651315,0.08208297541387743,138.4648918912711,219.8528418739297,138.97729297348553
fold1_seed43_easy,rebased_neural,ADE_vs_CV,hard,eu-locality-067,2296,64.91422338835301,65.07172046247634,0.242036130294343,143.40335944857748,213.5382101003649,143.40335944857748
fold1_seed43_easy,rebased_neural,ADE_vs_CV,hard,eu-locality-074,19310,59.840344759910984,60.351879335065945,0.8475868204782633,135.50740272446006,237.55983269666427,136.81762092091788
fold1_seed43_easy,rebased_neural,ADE_vs_CV,hard,eu-locality-082,184,55.527947658625884,55.75797833667997,0.41255204172774285,115.9007203365748,199.45076524670506,112.9711774505625
fold1_seed43_easy,rebased_neural,ADE_vs_CV,hard,eu-locality-112,1153,69.83271466675419,70.01758802603055,0.2640384573196597,174.675987810338,312.16727648534334,174.675987810338
fold1_seed43_easy,rebased_neural,ADE_vs_CV,hard,eu-locality-126,1110,73.97640368054795,74.02161712516786,0.06108140618363844,160.69598223874476,237.31079754913677,160.69598223874476
fold1_seed43_easy,floor_neural_oracle,ADE_vs_floor,all,eu-locality-008,157961,14.997244900736009,18.02690719715703,16.806334349459682,52.17387133787446,106.40762571094702,63.84468641001397
fold1_seed43_easy,floor_neural_oracle,ADE_vs_floor,all,eu-locality-020,1225,5.904513469716671,6.484840682462145,8.948981804825728,18.763709465028253,38.78548288034698,20.950455289077674
fold1_seed43_easy,floor_neural_oracle,ADE_vs_floor,all,eu-locality-048,8058,21.860881538547066,26.575321690893052,17.739917533948613,74.44168303473404,130.59643011029604,89.53631371759984
fold1_seed43_easy,floor_neural_oracle,ADE_vs_floor,all,eu-locality-067,6903,23.59334956702382,28.90517532819407,18.376729083490805,77.80378866751296,142.64954638456388,92.98245834274
fold1_seed43_easy,floor_neural_oracle,ADE_vs_floor,all,eu-locality-074,102348,15.708735091801874,19.5572393804789,19.678157094699266,52.72385844706907,105.71717979178496,64.39657188319329
fold1_seed43_easy,floor_neural_oracle,ADE_vs_floor,all,eu-locality-082,1368,11.502770148385641,13.580559388525264,15.299732365186857,42.510758183984215,91.33378094899182,51.77887705037489
fold1_seed43_easy,floor_neural_oracle,ADE_vs_floor,all,eu-locality-112,5004,19.867716198565375,24.379039089256555,18.50492496514863,71.39552945786578,145.3361570930348,86.2710070848162
fold1_seed43_easy,floor_neural_oracle,ADE_vs_floor,all,eu-locality-126,5790,15.664984656384245,19.677511045156184,20.39143253211214,70.52192729299017,139.58828525623093,86.5533275336093
fold1_seed43_easy,floor_neural_oracle,ADE_vs_floor,easy,eu-locality-008,39889,1.4838428321309811,1.71309009137252,13.382090083649189,2.775507201158233,3.2283643189281257,3.095109654741362
fold1_seed43_easy,floor_neural_oracle,ADE_vs_floor,easy,eu-locality-020,593,1.131014776831318,1.2552587319016983,9.897876183832855,2.9359244548410235,3.2968761850565507,3.0374597378190935
fold1_seed43_easy,floor_neural_oracle,ADE_vs_floor,easy,eu-locality-048,1582,1.4679191882952949,1.682188396481551,12.737527415741267,2.8330543120024743,3.280853216994757,3.089778592981668
fold1_seed43_easy,floor_neural_oracle,ADE_vs_floor,easy,eu-locality-067,1219,1.4619451442536893,1.6103670755762431,9.216652126934699,2.9317980285407446,3.256852486079987,3.1246994824291634
fold1_seed43_easy,floor_neural_oracle,ADE_vs_floor,easy,eu-locality-074,17048,1.7179180089153467,1.9674343051415686,12.682319077905257,3.0745836855980477,3.4194935924630943,3.2443983953766256
fold1_seed43_easy,floor_neural_oracle,ADE_vs_floor,easy,eu-locality-082,513,1.3677372083218662,1.5783418866695487,13.343413117678725,2.72004149318595,3.0756041056177446,2.993588685393693
fold1_seed43_easy,floor_neural_oracle,ADE_vs_floor,easy,eu-locality-112,571,1.7808862450494496,2.019496342291351,11.815327032044575,2.974614934687822,3.194508048980608,3.1971800758576476
fold1_seed43_easy,floor_neural_oracle,ADE_vs_floor,easy,eu-locality-126,2160,1.2047023192003514,1.4094588823089196,14.52731723348638,2.616849605774783,3.1155214108406715,2.9703261774895435
fold1_seed43_easy,floor_neural_oracle,ADE_vs_floor,hard,eu-locality-008,28100,48.66764209875234,60.56736971196142,19.647093261273007,111.01088562809915,186.35453213260354,138.18886517744366
fold1_seed43_easy,floor_neural_oracle,ADE_vs_floor,hard,eu-locality-020,30,39.65643733202127,43.81825835804657,9.497915211550268,60.09475301373084,65.54866325825112,64.04793996418368
fold1_seed43_easy,floor_neural_oracle,ADE_vs_floor,hard,eu-locality-048,2478,51.65642947531984,63.84773892148025,19.09434797863906,113.6623893640878,185.5967687229911,138.4648918912711
fold1_seed43_easy,floor_neural_oracle,ADE_vs_floor,hard,eu-locality-067,2296,52.02191486047597,64.98726308309257,19.95059894434874,121.18913466298567,185.7707922765737,143.40335944857748
fold1_seed43_easy,floor_neural_oracle,ADE_vs_floor,hard,eu-locality-074,19310,46.639601211525914,60.0297186936308,22.305814142563328,107.92710421215114,190.041932658055,136.18683451368736
fold1_seed43_easy,floor_neural_oracle,ADE_vs_floor,hard,eu-locality-082,184,45.68967381970238,55.577322905914805,17.79079770170099,108.76491382702825,195.6466237071928,110.78381026475198
fold1_seed43_easy,floor_neural_oracle,ADE_vs_floor,hard,eu-locality-112,1153,56.19047721962008,69.82753232020333,19.52962484489462,141.45953958210401,223.77771218788024,174.675987810338
fold1_seed43_easy,floor_neural_oracle,ADE_vs_floor,hard,eu-locality-126,1110,57.70032187991029,73.97462037588154,21.999840503780778,141.0428891430875,219.72743614561034,160.69598223874476
fold1_seed43_easy,floor_neural_oracle,ADE_vs_floor,complete,eu-locality-008,97352,13.40878672441339,16.37034670940976,18.091003431796892,47.87229978780067,95.31413953181573,59.059850935763585
fold1_seed43_easy,floor_neural_oracle,ADE_vs_floor,complete,eu-locality-020,364,6.2303794931793135,6.866377222144611,9.262493282689954,21.61297716712974,39.78994812730274,22.682718227503177
fold1_seed43_easy,floor_neural_oracle,ADE_vs_floor,complete,eu-locality-048,4716,21.429399813712525,26.562529591507385,19.324702340985,75.08100312687708,131.1720743101485,91.18831743450997
fold1_seed43_easy,floor_neural_oracle,ADE_vs_floor,complete,eu-locality-067,3417,23.88572044526227,30.080511348059606,20.594034559844488,74.47409829323978,142.3072019831503,92.49833101194194
fold1_seed43_easy,floor_neural_oracle,ADE_vs_floor,complete,eu-locality-074,67309,15.02640621089076,19.311302568687534,22.188541360977652,50.02055111771231,102.67465434913048,63.32389069036956
fold1_seed43_easy,floor_neural_oracle,ADE_vs_floor,complete,eu-locality-082,582,8.429389396246814,10.450294880033768,19.338262766614143,35.88830313723849,73.22434859141046,48.19172118275565
fold1_seed43_easy,floor_neural_oracle,ADE_vs_floor,complete,eu-locality-112,2417,16.14930915983645,20.735513425633656,22.117630615925087,54.995429211854834,130.54219000472378,70.36543332544309
fold1_seed43_easy,floor_neural_oracle,ADE_vs_floor,complete,eu-locality-126,3637,15.112874346236083,19.36736271444599,21.967308770628392,67.2239981086566,140.28292719441228,85.5211371225543
fold1_seed43_easy,floor_neural_oracle,ADE_vs_floor,partial,eu-locality-008,60609,17.54867423270584,20.687724511469636,15.17349226602207,59.9939996122748,121.54529181762001,71.1377675312646
fold1_seed43_easy,floor_neural_oracle,ADE_vs_floor,partial,eu-locality-020,861,5.766748971992626,6.32354068194598,8.805062510992013,17.000318696504834,37.34505186709538,20.00346745004128
fold1_seed43_easy,floor_neural_oracle,ADE_vs_floor,partial,eu-locality-048,3342,22.469758801958104,26.593373019649125,15.506172213070501,72.8537740559695,129.85676757435002,83.98219627567455
fold1_seed43_easy,floor_neural_oracle,ADE_vs_floor,partial,eu-locality-067,3486,23.306765719938117,27.75310327429834,16.021046404846185,79.87294491772057,144.48063754261742,93.12027503694439
fold1_seed43_easy,floor_neural_oracle,ADE_vs_floor,partial,eu-locality-074,35039,17.01947097596655,20.029677545519714,15.028732053784344,57.90224690248953,110.90685937134235,66.91976430799755
fold1_seed43_easy,floor_neural_oracle,ADE_vs_floor,partial,eu-locality-082,786,13.7784795602747,15.89838883374416,13.334113888131704,43.137401865684154,98.70908009568147,54.22413936680799
fold1_seed43_easy,floor_neural_oracle,ADE_vs_floor,partial,eu-locality-112,2587,23.341774881444316,27.78313709040713,15.985819724066774,82.58841166856095,154.9234619563642,99.65543652075141
fold1_seed43_easy,floor_neural_oracle,ADE_vs_floor,partial,eu-locality-126,2153,16.5976484733879,20.20143555922631,17.83926233991082,75.72993867704993,139.22214666917938,89.50105669523992
fold1_seed43_easy,floor_neural_oracle,ADE_vs_floor,endpoint,eu-locality-008,121088,14.703529580032473,17.989202056053394,18.264692707230367,52.27381630692905,106.3713713402504,64.80683450223539
fold1_seed43_easy,floor_neural_oracle,ADE_vs_floor,endpoint,eu-locality-020,622,6.488948846085963,7.117505862925767,8.831141539536791,22.028947608274954,38.80214210959773,24.82301529514794
fold1_seed43_easy,floor_neural_oracle,ADE_vs_floor,endpoint,eu-locality-048,5582,21.97488699020963,27.34011993925707,19.624028574006445,76.78803051611114,134.09900593824128,93.95426345729526
fold1_seed43_easy,floor_neural_oracle,ADE_vs_floor,endpoint,eu-locality-067,4600,24.047655415443618,30.436876246917738,20.991710120453444,75.40946849582166,143.5828576573803,93.71831561259759
fold1_seed43_easy,floor_neural_oracle,ADE_vs_floor,endpoint,eu-locality-074,81289,15.918639601315641,20.286302438725492,21.53010806480047,53.165153096819715,107.97246515298583,66.40413484715316
fold1_seed43_easy,floor_neural_oracle,ADE_vs_floor,endpoint,eu-locality-082,859,9.744750416262777,12.2374969029783,20.369741512325547,40.797296950647265,93.26652674315538,52.27095225543142
fold1_seed43_easy,floor_neural_oracle,ADE_vs_floor,endpoint,eu-locality-112,3719,19.464095181804396,24.6087960259037,20.9059428940932,68.90499685258457,152.71911141728694,86.85175214551717
fold1_seed43_easy,floor_neural_oracle,ADE_vs_floor,endpoint,eu-locality-126,4579,15.085987064098466,19.349417421351674,22.033895204248388,67.10197073820517,138.49137823676895,85.00384755239723
fold1_seed43_easy,floor_neural_oracle,ADE_vs_floor,easy_complete,eu-locality-008,28571,1.4425191430706144,1.6940022159402588,14.845498459401863,2.6446398149117303,3.0702803631087683,3.050250758073898
fold1_seed43_easy,floor_neural_oracle,ADE_vs_floor,easy_complete,eu-locality-020,178,1.178731658331831,1.3386329329249205,11.945117340248324,2.5941599297259264,3.272867124230537,3.007716293724164
fold1_seed43_easy,floor_neural_oracle,ADE_vs_floor,easy_complete,eu-locality-048,1146,1.4337056561902553,1.6727836391900592,14.292223895468192,2.6704109242524607,3.1632925876144067,3.032127767182307
fold1_seed43_easy,floor_neural_oracle,ADE_vs_floor,easy_complete,eu-locality-067,551,1.481031953136011,1.671817110944511,11.411843829060576,2.8200347657117213,3.230826440830141,3.0940171314574445
fold1_seed43_easy,floor_neural_oracle,ADE_vs_floor,easy_complete,eu-locality-074,11433,1.661472510918683,1.950059437515209,14.798878487737133,2.976896843552843,3.4221631185720236,3.2087185888513576
fold1_seed43_easy,floor_neural_oracle,ADE_vs_floor,easy_complete,eu-locality-082,284,1.2614729999067527,1.4955809030783414,15.653309205120658,2.5305293127787825,2.993559388411438,2.8676160103460266
fold1_seed43_easy,floor_neural_oracle,ADE_vs_floor,easy_complete,eu-locality-112,330,1.7033092485239814,1.9675899563209356,13.431696322089126,2.89753214589423,3.234809183359015,3.2479887641798633
fold1_seed43_easy,floor_neural_oracle,ADE_vs_floor,easy_complete,eu-locality-126,1425,1.2216623216387201,1.4476794056719868,15.612371299041417,2.576683674397814,2.997764542677367,2.9533926629715967
fold1_seed43_easy,floor_neural_oracle,ADE_vs_floor,hard_complete,eu-locality-008,16020,46.28818601297508,58.54694507006942,20.93834109093645,102.96734443972865,174.91702973454247,128.5821091478565
fold1_seed43_easy,floor_neural_oracle,ADE_vs_floor,hard_complete,eu-locality-020,12,39.44907865797823,43.781301733230265,9.895144510890264,62.46425208392078,66.59930715521246,62.9047951209938
fold1_seed43_easy,floor_neural_oracle,ADE_vs_floor,hard_complete,eu-locality-048,1483,51.52877067593447,65.15800549371747,20.91720689501021,113.55461749049604,179.81886394466858,141.58595211236764
fold1_seed43_easy,floor_neural_oracle,ADE_vs_floor,hard_complete,eu-locality-067,1231,48.71615708789163,63.064606318040674,22.751984144305094,115.28762363662311,163.35440445951633,142.93137594304721
fold1_seed43_easy,floor_neural_oracle,ADE_vs_floor,hard_complete,eu-locality-074,12476,44.6263208899848,59.810811870895186,25.387535306638064,105.44386944109095,187.66189314624478,135.5480467126705
fold1_seed43_easy,floor_neural_oracle,ADE_vs_floor,hard_complete,eu-locality-082,57,44.8796791498158,56.555920722668475,20.645480479593115,101.32710712686725,114.16766309518187,112.22482304349282
fold1_seed43_easy,floor_neural_oracle,ADE_vs_floor,hard_complete,eu-locality-112,449,51.914721860172406,68.12376372215081,23.793520757438635,134.7977798812187,216.68807664023814,177.03522847019997
fold1_seed43_easy,floor_neural_oracle,ADE_vs_floor,hard_complete,eu-locality-126,695,56.53994146620831,74.16293858155466,23.76253888047719,141.73200916051158,209.5582929486716,166.0065211709221
fold1_seed43_easy,floor_neural_oracle,FDE_vs_floor,all,eu-locality-008,121088,27.827445871709187,35.92027658174257,22.529978831362275,107.06219884182745,214.77725807631458,136.94747770195588
fold1_seed43_easy,floor_neural_oracle,FDE_vs_floor,all,eu-locality-020,622,13.0535324614621,14.570428516607002,10.410785471518446,48.98614876904287,82.5590891536665,54.18434016797015
fold1_seed43_easy,floor_neural_oracle,FDE_vs_floor,all,eu-locality-048,5582,45.536401424706334,58.88896086214591,22.674129823239355,172.17680989077735,287.5365357473689,216.61283375128605
fold1_seed43_easy,floor_neural_oracle,FDE_vs_floor,all,eu-locality-067,4600,47.608410019118075,64.23517255786328,25.884203119043157,162.56427608862822,292.3135153170508,207.16877909819794
fold1_seed43_easy,floor_neural_oracle,FDE_vs_floor,all,eu-locality-074,81289,30.012416475705027,41.09166481996015,26.962276638821926,106.07118495784651,209.10259688331956,139.87139291962856
fold1_seed43_easy,floor_neural_oracle,FDE_vs_floor,all,eu-locality-082,859,19.242748191800345,25.515424087687457,24.58385905846656,87.1790413506322,217.66005499482785,114.66976098816347
fold1_seed43_easy,floor_neural_oracle,FDE_vs_floor,all,eu-locality-112,3719,34.833427487492834,47.98701368387593,27.41072049833103,135.9644636719048,306.65077750927946,180.57026348277316
fold1_seed43_easy,floor_neural_oracle,FDE_vs_floor,all,eu-locality-126,4579,29.191673533570622,40.233209925908284,27.443836603321657,139.88726080100463,280.922516014183,186.14679086195613
fold1_seed43_easy,floor_neural_oracle,FDE_vs_floor,easy,eu-locality-008,32900,2.157875192053276,2.8024159436180915,22.999467763970593,4.5830942998315685,7.926047735979124,5.760937511837476
fold1_seed43_easy,floor_neural_oracle,FDE_vs_floor,easy,eu-locality-020,290,1.833720097753076,2.269000567815572,19.183797317492612,4.726066498582969,8.117093400465636,5.640954657510774
fold1_seed43_easy,floor_neural_oracle,FDE_vs_floor,easy,eu-locality-048,1250,2.231447081134422,2.8423302974935742,21.49233735776035,4.816664884631762,9.477097901378354,5.9006145211318435
fold1_seed43_easy,floor_neural_oracle,FDE_vs_floor,easy,eu-locality-067,734,2.2783735955186852,2.7632182861735726,17.546376740517545,5.463566768217325,9.269781360973994,6.143109259261241
fold1_seed43_easy,floor_neural_oracle,FDE_vs_floor,easy,eu-locality-074,12940,2.7495630099983064,3.4699459739289216,20.76063919562834,6.805857757442785,11.267942292061942,7.154405817758083
fold1_seed43_easy,floor_neural_oracle,FDE_vs_floor,easy,eu-locality-082,391,1.9602955326604246,2.5410182031999056,22.853935867447806,4.492933815631867,7.221908799624045,5.504734495556642
fold1_seed43_easy,floor_neural_oracle,FDE_vs_floor,easy,eu-locality-112,423,2.7065322906956877,3.4101315408547284,20.632613191885497,6.45210314700311,12.817967608774454,7.2959124108582305
fold1_seed43_easy,floor_neural_oracle,FDE_vs_floor,easy,eu-locality-126,1768,1.7868109166117945,2.349553790438686,23.951053009168245,4.1360209580664575,6.39044529235048,5.194866973857941
fold1_seed43_easy,floor_neural_oracle,FDE_vs_floor,hard,eu-locality-008,22002,93.90349452757624,125.64623677111037,25.263583740561877,223.07599622341175,374.80861102467946,294.0147066931494
fold1_seed43_easy,floor_neural_oracle,FDE_vs_floor,hard,eu-locality-020,18,77.61693029128755,89.28776442359735,13.071034097058643,117.3151892488592,125.35412109059021,117.3151892488592
fold1_seed43_easy,floor_neural_oracle,FDE_vs_floor,hard,eu-locality-048,1769,109.8412030608081,144.89524669762557,24.19268018499595,256.4818954718344,407.7109506768728,310.51436902474313
fold1_seed43_easy,floor_neural_oracle,FDE_vs_floor,hard,eu-locality-067,1633,99.28603063890506,138.86885362911028,28.50374432838819,250.46909704541423,355.06621363070707,315.11114527743234
fold1_seed43_easy,floor_neural_oracle,FDE_vs_floor,hard,eu-locality-074,16042,85.82652068760737,124.10574632983858,30.844039679271308,210.2675907893465,343.5550156889957,286.43798159383414
fold1_seed43_easy,floor_neural_oracle,FDE_vs_floor,hard,eu-locality-082,103,93.9897419390605,128.91417507064415,27.09122803015672,264.8656852778581,372.5846929012527,275.8757296900002
fold1_seed43_easy,floor_neural_oracle,FDE_vs_floor,hard,eu-locality-112,847,103.53249428189885,144.16429662637597,28.18437248008826,282.8928025317869,497.75384267267503,394.2222345963048
fold1_seed43_easy,floor_neural_oracle,FDE_vs_floor,hard,eu-locality-126,868,112.53757800032449,158.71336098478082,29.093822157092475,282.6858829483,453.01814333698127,381.7058653169035
fold1_seed43_easy,floor_neural_oracle,FDE_vs_floor,complete,eu-locality-008,97352,25.482092507745108,32.75998718244983,22.215804402401083,99.47114700837083,193.4017172636508,125.25083877831091
fold1_seed43_easy,floor_neural_oracle,FDE_vs_floor,complete,eu-locality-020,364,12.683907249436578,14.27371102193212,11.137984859387629,51.69853530989102,82.86375181655934,57.42336195362734
fold1_seed43_easy,floor_neural_oracle,FDE_vs_floor,complete,eu-locality-048,4716,44.9385279530886,57.61281426086617,21.999075154338797,171.82023070480864,288.28490016877805,212.3877354885986
fold1_seed43_easy,floor_neural_oracle,FDE_vs_floor,complete,eu-locality-067,3417,48.0344080422614,63.99529100382958,24.94071471698294,159.78034698212852,292.10016681814716,203.10046501216658
fold1_seed43_easy,floor_neural_oracle,FDE_vs_floor,complete,eu-locality-074,67309,28.347081447187126,39.218122176080996,27.71943205257309,99.98544131882858,195.76419660104045,133.379604340392
fold1_seed43_easy,floor_neural_oracle,FDE_vs_floor,complete,eu-locality-082,582,15.900159954963895,21.009707020013945,24.319934876686624,72.82154987752635,165.5398851728982,101.05798186988082
fold1_seed43_easy,floor_neural_oracle,FDE_vs_floor,complete,eu-locality-112,2417,28.254120512999588,39.98146160101733,29.3319469034102,102.88802938339322,280.66843490780207,140.54076003111032
fold1_seed43_easy,floor_neural_oracle,FDE_vs_floor,complete,eu-locality-126,3637,29.59337485986807,40.538967206726525,27.000175636053903,140.7151138896856,290.9795895464998,188.76481719652378
fold1_seed43_easy,floor_neural_oracle,FDE_vs_floor,partial,eu-locality-008,23736,37.446793726808224,48.882043248407,23.393558782900172,141.4592589279668,281.8741360595794,185.55810485386044
fold1_seed43_easy,floor_neural_oracle,FDE_vs_floor,partial,eu-locality-020,258,13.57501919470741,14.989053199016528,9.433778008085902,48.58226719879105,79.0465606356484,50.52160752263893
fold1_seed43_easy,floor_neural_oracle,FDE_vs_floor,partial,eu-locality-048,866,48.79225742025966,65.83850748066224,25.89100317228382,176.10185446744885,276.6704439504708,240.7350887420016
fold1_seed43_easy,floor_neural_oracle,FDE_vs_floor,partial,eu-locality-067,1183,46.377949118796245,64.92805106177975,28.57024296837878,168.19831649530445,323.2519047589231,231.95019440080293
fold1_seed43_easy,floor_neural_oracle,FDE_vs_floor,partial,eu-locality-074,13980,38.03044476143547,50.11214277538664,24.10932230159051,133.21800300940401,253.22045072265948,170.23977304714694
fold1_seed43_easy,floor_neural_oracle,FDE_vs_floor,partial,eu-locality-082,277,26.265803620821337,34.98230976778127,24.91689715408054,108.08619590884143,297.0977325147253,146.71054103169644
fold1_seed43_easy,floor_neural_oracle,FDE_vs_floor,partial,eu-locality-112,1302,47.047087208959944,62.84831889452818,25.141852580155412,175.54421734923926,347.7025749828504,239.7598237941613
fold1_seed43_easy,floor_neural_oracle,FDE_vs_floor,partial,eu-locality-126,942,27.640731151676984,39.052701188821246,29.22197361449331,128.36345680143472,249.07176170147432,183.72653083584885
fold1_seed43_easy,floor_neural_oracle,FDE_vs_floor,endpoint,eu-locality-008,121088,27.827445871709187,35.92027658174257,22.529978831362275,107.06219884182745,214.77725807631458,136.94747770195588
fold1_seed43_easy,floor_neural_oracle,FDE_vs_floor,endpoint,eu-locality-020,622,13.0535324614621,14.570428516607002,10.410785471518446,48.98614876904287,82.5590891536665,54.18434016797015
fold1_seed43_easy,floor_neural_oracle,FDE_vs_floor,endpoint,eu-locality-048,5582,45.536401424706334,58.88896086214591,22.674129823239355,172.17680989077735,287.5365357473689,216.61283375128605
fold1_seed43_easy,floor_neural_oracle,FDE_vs_floor,endpoint,eu-locality-067,4600,47.608410019118075,64.23517255786328,25.884203119043157,162.56427608862822,292.3135153170508,207.16877909819794
fold1_seed43_easy,floor_neural_oracle,FDE_vs_floor,endpoint,eu-locality-074,81289,30.012416475705027,41.09166481996015,26.962276638821926,106.07118495784651,209.10259688331956,139.87139291962856
fold1_seed43_easy,floor_neural_oracle,FDE_vs_floor,endpoint,eu-locality-082,859,19.242748191800345,25.515424087687457,24.58385905846656,87.1790413506322,217.66005499482785,114.66976098816347
fold1_seed43_easy,floor_neural_oracle,FDE_vs_floor,endpoint,eu-locality-112,3719,34.833427487492834,47.98701368387593,27.41072049833103,135.9644636719048,306.65077750927946,180.57026348277316
fold1_seed43_easy,floor_neural_oracle,FDE_vs_floor,endpoint,eu-locality-126,4579,29.191673533570622,40.233209925908284,27.443836603321657,139.88726080100463,280.922516014183,186.14679086195613
fold1_seed43_easy,floor_neural_oracle,FDE_vs_floor,easy_complete,eu-locality-008,28571,2.1214433761784024,2.7662986512611916,23.31112278093297,4.502202189335394,7.601805308257879,5.692636752459906
fold1_seed43_easy,floor_neural_oracle,FDE_vs_floor,easy_complete,eu-locality-020,178,1.7818955271355608,2.2260251014972785,19.9516876095865,4.4319722491865265,7.634992483488128,5.486303503667565
fold1_seed43_easy,floor_neural_oracle,FDE_vs_floor,easy_complete,eu-locality-048,1146,2.199810372667309,2.8125060207617167,21.784687519654454,4.756070714778901,9.275933656337433,5.819425013630099
fold1_seed43_easy,floor_neural_oracle,FDE_vs_floor,easy_complete,eu-locality-067,551,2.284372857305224,2.7860845018473857,18.007768400760593,5.75525205802759,9.226328147686509,6.249338775279034
fold1_seed43_easy,floor_neural_oracle,FDE_vs_floor,easy_complete,eu-locality-074,11433,2.7329317426609396,3.4570825412415545,20.946876157621276,6.692904239817855,11.061232380484956,7.03407158968256
fold1_seed43_easy,floor_neural_oracle,FDE_vs_floor,easy_complete,eu-locality-082,284,1.8779779005803363,2.4394679493053366,23.016906161234473,4.187784854428876,7.227419208919501,5.203489563006431
fold1_seed43_easy,floor_neural_oracle,FDE_vs_floor,easy_complete,eu-locality-112,330,2.669217111698362,3.3379401814618337,20.034004008741945,6.340078223524719,12.713780998577667,7.419917915140831
fold1_seed43_easy,floor_neural_oracle,FDE_vs_floor,easy_complete,eu-locality-126,1425,1.8062675963974495,2.379358009245205,24.085926145664594,4.14855075570325,6.586607614045625,5.211997894539714
fold1_seed43_easy,floor_neural_oracle,FDE_vs_floor,hard_complete,eu-locality-008,16020,91.01144239863191,121.18098786879882,24.896269621791756,208.7065099139535,355.22625387539574,273.73788790906394
fold1_seed43_easy,floor_neural_oracle,FDE_vs_floor,hard_complete,eu-locality-020,12,79.14622310370152,91.67652097939975,13.667946538365994,114.43867577212549,124.7788183952435,118.43938924577421
fold1_seed43_easy,floor_neural_oracle,FDE_vs_floor,hard_complete,eu-locality-048,1483,110.37292947810003,144.1404207570093,23.42680221243021,258.8465323865749,388.6687183335309,309.0389558972078
fold1_seed43_easy,floor_neural_oracle,FDE_vs_floor,hard_complete,eu-locality-067,1231,98.4163055447016,135.77363986482416,27.514423534137713,248.7947065759506,334.7811980256103,300.1127604707125
fold1_seed43_easy,floor_neural_oracle,FDE_vs_floor,hard_complete,eu-locality-074,12476,83.0472563680472,122.4699159298303,32.18966818297686,201.27908299346242,330.93385159108203,278.2063787533465
fold1_seed43_easy,floor_neural_oracle,FDE_vs_floor,hard_complete,eu-locality-082,57,89.92390892569934,119.52947438594815,24.768422694351976,210.23514162904567,271.6568568800263,243.99478619891514
fold1_seed43_easy,floor_neural_oracle,FDE_vs_floor,hard_complete,eu-locality-112,449,94.41579395183182,136.0308501130916,30.592366457066454,282.7227866545117,454.35991040888166,391.51283762831025
fold1_seed43_easy,floor_neural_oracle,FDE_vs_floor,hard_complete,eu-locality-126,695,114.84727938296203,160.40120912178523,28.399991488989464,300.8835498239078,466.41534665139744,386.522648619538
fold1_seed43_easy,floor_neural_oracle,ADE_vs_CV,all,eu-locality-008,157961,14.997244900736009,18.214515006924465,17.663221364748793,52.17387133787446,106.40762571094702,63.9700524103003
fold1_seed43_easy,floor_neural_oracle,ADE_vs_CV,all,eu-locality-020,1225,5.904513469716671,6.529874789510041,9.57692666324913,18.763709465028253,38.78548288034698,21.020763749430696
fold1_seed43_easy,floor_neural_oracle,ADE_vs_CV,all,eu-locality-048,8058,21.860881538547066,26.698045849916497,18.118046311560143,74.44168303473404,130.59643011029604,89.55098636922551
fold1_seed43_easy,floor_neural_oracle,ADE_vs_CV,all,eu-locality-067,6903,23.59334956702382,29.011553933538778,18.676022590610863,77.80378866751296,142.64954638456388,93.29868317030169
fold1_seed43_easy,floor_neural_oracle,ADE_vs_CV,all,eu-locality-074,102348,15.708735091801874,19.761464600296893,20.50824465932617,52.72385844706907,105.71717979178496,64.81408896393752
fold1_seed43_easy,floor_neural_oracle,ADE_vs_CV,all,eu-locality-082,1368,11.502770148385641,13.688548886436024,15.967936091577029,42.510758183984215,91.33378094899182,51.85945295918717
fold1_seed43_easy,floor_neural_oracle,ADE_vs_CV,all,eu-locality-112,5004,19.867716198565375,24.679682084525158,19.49768181567062,71.39552945786578,145.3361570930348,86.2710070848162
fold1_seed43_easy,floor_neural_oracle,ADE_vs_CV,all,eu-locality-126,5790,15.664984656384245,19.860903597678185,21.12652589373858,70.52192729299017,139.58828525623093,86.5533275336093
fold1_seed43_easy,floor_neural_oracle,ADE_vs_CV,easy,eu-locality-008,39889,1.4838428321309811,1.791172498853141,17.158016155280308,2.775507201158233,3.2283643189281257,3.2504176960159774
fold1_seed43_easy,floor_neural_oracle,ADE_vs_CV,easy,eu-locality-020,593,1.131014776831318,1.2706472215919324,10.989080398387507,2.9359244548410235,3.2968761850565507,3.051349724629029
fold1_seed43_easy,floor_neural_oracle,ADE_vs_CV,easy,eu-locality-048,1582,1.4679191882952949,1.7551327263969017,16.364206181217146,2.8330543120024743,3.280853216994757,3.2298308573246963
fold1_seed43_easy,floor_neural_oracle,ADE_vs_CV,easy,eu-locality-067,1219,1.4619451442536893,1.6528940070695597,11.552396100364993,2.9317980285407446,3.256852486079987,3.222473275402277
fold1_seed43_easy,floor_neural_oracle,ADE_vs_CV,easy,eu-locality-074,17048,1.7179180089153467,2.0239574238081066,15.120842528245582,3.0745836855980477,3.4194935924630943,3.3016095862663026
fold1_seed43_easy,floor_neural_oracle,ADE_vs_CV,easy,eu-locality-082,513,1.3677372083218662,1.6221340438704122,15.682849176974,2.72004149318595,3.0756041056177446,3.137173321764387
fold1_seed43_easy,floor_neural_oracle,ADE_vs_CV,easy,eu-locality-112,571,1.7808862450494496,2.110763890677913,15.628353653639437,2.974614934687822,3.194508048980608,3.3318797717711783
fold1_seed43_easy,floor_neural_oracle,ADE_vs_CV,easy,eu-locality-126,2160,1.2047023192003514,1.4931553251754432,19.31835229139334,2.616849605774783,3.1155214108406715,3.15811922069773
fold1_seed43_easy,floor_neural_oracle,ADE_vs_CV,hard,eu-locality-008,28100,48.66764209875234,60.74188321281993,19.877949901163504,111.01088562809915,186.35453213260354,138.48767980783674
fold1_seed43_easy,floor_neural_oracle,ADE_vs_CV,hard,eu-locality-020,30,39.65643733202127,43.81825835804657,9.497915211550268,60.09475301373084,65.54866325825112,64.04793996418368
fold1_seed43_easy,floor_neural_oracle,ADE_vs_CV,hard,eu-locality-048,2478,51.65642947531984,63.88573915651315,19.142471923558436,113.6623893640878,185.5967687229911,138.97729297348553
fold1_seed43_easy,floor_neural_oracle,ADE_vs_CV,hard,eu-locality-067,2296,52.02191486047597,65.07172046247634,20.054496037991733,121.18913466298567,185.7707922765737,143.40335944857748
fold1_seed43_easy,floor_neural_oracle,ADE_vs_CV,hard,eu-locality-074,19310,46.639601211525914,60.351879335065945,22.720548679869946,107.92710421215114,190.041932658055,136.81762092091788
fold1_seed43_easy,floor_neural_oracle,ADE_vs_CV,hard,eu-locality-082,184,45.68967381970238,55.75797833667997,18.057154899309236,108.76491382702825,195.6466237071928,112.9711774505625
fold1_seed43_easy,floor_neural_oracle,ADE_vs_CV,hard,eu-locality-112,1153,56.19047721962008,70.01758802603055,19.748053590863414,141.45953958210401,223.77771218788024,174.675987810338
fold1_seed43_easy,floor_neural_oracle,ADE_vs_CV,hard,eu-locality-126,1110,57.70032187991029,74.02161712516786,22.049363252438614,141.0428891430875,219.72743614561034,160.69598223874476
fold1_seed43_easy,union_oracle,ADE_vs_floor,all,eu-locality-008,157961,14.952858096021036,18.02690719715703,17.05255964051777,52.065111534775035,106.36053143352736,63.84468641001397
fold1_seed43_easy,union_oracle,ADE_vs_floor,all,eu-locality-020,1225,5.896546764898159,6.484840682462145,9.071833008249385,18.763709465028253,38.78548288034698,20.950455289077674
fold1_seed43_easy,union_oracle,ADE_vs_floor,all,eu-locality-048,8058,21.827447920096454,26.575321690893052,17.86572454708467,74.44168303473404,130.59643011029604,89.53631371759984
fold1_seed43_easy,union_oracle,ADE_vs_floor,all,eu-locality-067,6903,23.57079113897558,28.90517532819407,18.454771952257765,77.80378866751296,142.64954638456388,92.98245834274
fold1_seed43_easy,union_oracle,ADE_vs_floor,all,eu-locality-074,102348,15.67324961462632,19.5572393804789,19.859601297969455,52.59731188284632,105.6756851236795,64.39657188319329
fold1_seed43_easy,union_oracle,ADE_vs_floor,all,eu-locality-082,1368,11.491898494246815,13.580559388525264,15.379785430953897,42.510758183984215,91.33378094899182,51.77887705037489
fold1_seed43_easy,union_oracle,ADE_vs_floor,all,eu-locality-112,5004,19.85125422946851,24.379039089256555,18.572450059294443,71.35494696538555,145.3361570930348,86.2710070848162
fold1_seed43_easy,union_oracle,ADE_vs_floor,all,eu-locality-126,5790,15.651003679756794,19.677511045156184,20.462483065868,70.52192729299017,139.58828525623093,86.5533275336093
fold1_seed43_easy,union_oracle,ADE_vs_floor,easy,eu-locality-008,39889,1.4811567293928047,1.71309009137252,13.53888876876822,2.771140133750164,3.2117112451742913,3.095109654741362
fold1_seed43_easy,union_oracle,ADE_vs_floor,easy,eu-locality-020,593,1.125926831011215,1.2552587319016983,10.303206630122187,2.912618677577817,3.281873299441771,3.0374597378190935
fold1_seed43_easy,union_oracle,ADE_vs_floor,easy,eu-locality-048,1582,1.4626872493472622,1.682188396481551,13.048547213462847,2.8007983310531945,3.2583726017868653,3.089778592981668
fold1_seed43_easy,union_oracle,ADE_vs_floor,easy,eu-locality-067,1219,1.4578252900578548,1.6103670755762431,9.472485362618565,2.9317980285407446,3.242918082929149,3.1246994824291634
fold1_seed43_easy,union_oracle,ADE_vs_floor,easy,eu-locality-074,17048,1.7013023445630524,1.9674343051415686,13.526853724316169,3.0252907401259304,3.348027414576504,3.2443983953766256
fold1_seed43_easy,union_oracle,ADE_vs_floor,easy,eu-locality-082,513,1.3672523752288723,1.5783418866695487,13.374130993006538,2.72004149318595,3.0756041056177446,2.993588685393693
fold1_seed43_easy,union_oracle,ADE_vs_floor,easy,eu-locality-112,571,1.7782323699287266,2.019496342291351,11.946739754372748,2.974614934687822,3.194508048980608,3.1971800758576476
fold1_seed43_easy,union_oracle,ADE_vs_floor,easy,eu-locality-126,2160,1.2022305131232316,1.4094588823089196,14.70268993205497,2.610102051947515,3.0882274344758818,2.9703261774895435
fold1_seed43_easy,union_oracle,ADE_vs_floor,hard,eu-locality-008,28100,48.589909333513916,60.56736971196142,19.775434256776194,110.88037624434456,186.19619083978677,138.18886517744366
fold1_seed43_easy,union_oracle,ADE_vs_floor,hard,eu-locality-020,30,39.65643733202127,43.81825835804657,9.497915211550268,60.09475301373084,65.54866325825112,64.04793996418368
fold1_seed43_easy,union_oracle,ADE_vs_floor,hard,eu-locality-048,2478,51.610929969756455,63.84773892148025,19.165610495263717,113.6623893640878,185.49564326019072,138.4648918912711
fold1_seed43_easy,union_oracle,ADE_vs_floor,hard,eu-locality-067,2296,52.00532608728979,64.98726308309257,19.976125135788692,121.18913466298567,185.7707922765737,143.40335944857748
fold1_seed43_easy,union_oracle,ADE_vs_floor,hard,eu-locality-074,19310,46.604111073772394,60.0297186936308,22.364935088864357,107.85095697404681,190.041932658055,136.18683451368736
fold1_seed43_easy,union_oracle,ADE_vs_floor,hard,eu-locality-082,184,45.650344658989624,55.577322905914805,17.861562464479018,105.24644775495055,195.6466237071928,110.78381026475198
fold1_seed43_easy,union_oracle,ADE_vs_floor,hard,eu-locality-112,1153,56.160128145586825,69.82753232020333,19.57308774989044,141.45953958210401,223.77771218788024,174.675987810338
fold1_seed43_easy,union_oracle,ADE_vs_floor,hard,eu-locality-126,1110,57.66435386514987,73.97462037588154,22.048462604952313,141.0428891430875,219.72743614561034,160.69598223874476
fold1_seed43_easy,union_oracle,ADE_vs_floor,complete,eu-locality-008,97352,13.363980289632558,16.37034670940976,18.36470829325274,47.74533306360164,95.21613384654871,59.059850935763585
fold1_seed43_easy,union_oracle,ADE_vs_floor,complete,eu-locality-020,364,6.223186314372679,6.866377222144611,9.36725272968677,21.61297716712974,39.78994812730274,22.682718227503177
fold1_seed43_easy,union_oracle,ADE_vs_floor,complete,eu-locality-048,4716,21.392708661574087,26.562529591507385,19.462833583388083,75.08100312687708,131.1720743101485,91.18831743450997
fold1_seed43_easy,union_oracle,ADE_vs_floor,complete,eu-locality-067,3417,23.86249823411227,30.080511348059606,20.67123474730571,74.47409829323978,142.3072019831503,92.49833101194194
fold1_seed43_easy,union_oracle,ADE_vs_floor,complete,eu-locality-074,67309,14.98911819216294,19.311302568687534,22.381630452690615,49.99609684079819,102.6114182272437,63.32389069036956
fold1_seed43_easy,union_oracle,ADE_vs_floor,complete,eu-locality-082,582,8.428835383403575,10.450294880033768,19.34356417532651,35.88830313723849,73.22434859141046,48.19172118275565
fold1_seed43_easy,union_oracle,ADE_vs_floor,complete,eu-locality-112,2417,16.14105215765352,20.735513425633656,22.1574511981959,54.995429211854834,130.54219000472378,70.36543332544309
fold1_seed43_easy,union_oracle,ADE_vs_floor,complete,eu-locality-126,3637,15.096948132928686,19.36736271444599,22.049540995749663,67.10912884513017,140.28292719441228,85.5211371225543
fold1_seed43_easy,union_oracle,ADE_vs_floor,partial,eu-locality-008,60609,17.504961450432617,20.687724511469636,15.384790431023188,59.92692847522702,121.33863810480604,71.1377675312646
fold1_seed43_easy,union_oracle,ADE_vs_floor,partial,eu-locality-020,861,5.7584552480471425,6.32354068194598,8.936218841956444,16.77305657160294,37.34505186709538,20.00346745004128
fold1_seed43_easy,union_oracle,ADE_vs_floor,partial,eu-locality-048,3342,22.44092199047093,26.593373019649125,15.614608293991372,72.8537740559695,129.85676757435002,83.98219627567455
fold1_seed43_easy,union_oracle,ADE_vs_floor,partial,eu-locality-067,3486,23.28485793642766,27.75310327429834,16.099984544822576,79.84548031009182,144.48063754261742,93.12027503694439
fold1_seed43_easy,union_oracle,ADE_vs_floor,partial,eu-locality-074,35039,16.98744813383599,20.029677545519714,15.188609026630173,57.8865210888742,110.7819179311475,66.91976430799755
fold1_seed43_easy,union_oracle,ADE_vs_floor,partial,eu-locality-082,786,13.759968125939897,15.89838883374416,13.450549802037093,43.137401865684154,97.9103383159255,54.22413936680799
fold1_seed43_easy,union_oracle,ADE_vs_floor,partial,eu-locality-112,2587,23.31764711991181,27.78313709040713,16.072662910471504,82.58841166856095,154.9234619563642,99.65543652075141
fold1_seed43_easy,union_oracle,ADE_vs_floor,partial,eu-locality-126,2153,16.586953528253698,20.20143555922631,17.89220385044281,75.72993867704993,139.22214666917938,89.50105669523992
fold1_seed43_easy,union_oracle,ADE_vs_floor,endpoint,eu-locality-008,121088,14.656212027378775,17.989202056053394,18.527725789555316,52.13408041926454,106.31041389922817,64.80683450223539
fold1_seed43_easy,union_oracle,ADE_vs_floor,endpoint,eu-locality-020,622,6.481394040795445,7.117505862925767,8.93728553767341,22.028947608274954,38.80214210959773,24.82301529514794
fold1_seed43_easy,union_oracle,ADE_vs_floor,endpoint,eu-locality-048,5582,21.93283509078451,27.34011993925707,19.77783879692627,76.78803051611114,134.09900593824128,93.95426345729526
fold1_seed43_easy,union_oracle,ADE_vs_floor,endpoint,eu-locality-067,4600,24.021520998891138,30.436876246917738,21.077574439578918,75.40401700987447,143.5828576573803,93.71831561259759
fold1_seed43_easy,union_oracle,ADE_vs_floor,endpoint,eu-locality-074,81289,15.879966290377125,20.286302438725492,21.72074561964975,53.059957366261315,107.89622361651776,66.40413484715316
fold1_seed43_easy,union_oracle,ADE_vs_floor,endpoint,eu-locality-082,859,9.7431542509431,12.2374969029783,20.38278474602221,40.797296950647265,93.26652674315538,52.27095225543142
fold1_seed43_easy,union_oracle,ADE_vs_floor,endpoint,eu-locality-112,3719,19.448129336480136,24.6087960259037,20.970821506226255,68.40490324802956,152.71911141728694,86.85175214551717
fold1_seed43_easy,union_oracle,ADE_vs_floor,endpoint,eu-locality-126,4579,15.070865998834558,19.349417421351674,22.11204259718861,67.06629614741557,138.49137823676895,85.00384755239723
fold1_seed43_easy,union_oracle,ADE_vs_floor,easy_complete,eu-locality-008,28571,1.4402005091760737,1.6940022159402588,14.982371591722632,2.641863763976422,3.060719710334373,3.050250758073898
fold1_seed43_easy,union_oracle,ADE_vs_floor,easy_complete,eu-locality-020,178,1.1780009212176161,1.3386329329249205,11.999705651669757,2.5941599297259264,3.272867124230537,3.007716293724164
fold1_seed43_easy,union_oracle,ADE_vs_floor,easy_complete,eu-locality-048,1146,1.4305252666964263,1.6727836391900592,14.482349469351064,2.655699673949795,3.1078304618479238,3.032127767182307
fold1_seed43_easy,union_oracle,ADE_vs_floor,easy_complete,eu-locality-067,551,1.4760205304652214,1.671817110944511,11.71160285401507,2.8152020847131007,3.1630898807409062,3.0940171314574445
fold1_seed43_easy,union_oracle,ADE_vs_floor,easy_complete,eu-locality-074,11433,1.6429153404016401,1.950059437515209,15.750499251701566,2.9238904620866157,3.3268928977685723,3.2087185888513576
fold1_seed43_easy,union_oracle,ADE_vs_floor,easy_complete,eu-locality-082,284,1.2610424071103703,1.4955809030783414,15.68210021171188,2.5305293127787825,2.9901117315041197,2.8676160103460266
fold1_seed43_easy,union_oracle,ADE_vs_floor,easy_complete,eu-locality-112,330,1.7019870879078773,1.9675899563209356,13.498893281082369,2.89753214589423,3.234809183359015,3.2479887641798633
fold1_seed43_easy,union_oracle,ADE_vs_floor,easy_complete,eu-locality-126,1425,1.2188299697987748,1.4476794056719868,15.808019025247111,2.5655401083272817,2.9851874606568964,2.9533926629715967
fold1_seed43_easy,union_oracle,ADE_vs_floor,hard_complete,eu-locality-008,16020,46.20693276651727,58.54694507006942,21.0771241587132,102.65176217345757,174.79143217691373,128.5821091478565
fold1_seed43_easy,union_oracle,ADE_vs_floor,hard_complete,eu-locality-020,12,39.44907865797823,43.781301733230265,9.895144510890264,62.46425208392078,66.59930715521246,62.9047951209938
fold1_seed43_easy,union_oracle,ADE_vs_floor,hard_complete,eu-locality-048,1483,51.46392463985719,65.15800549371747,21.016728105928074,113.55461749049604,179.81886394466858,141.58595211236764
fold1_seed43_easy,union_oracle,ADE_vs_floor,hard_complete,eu-locality-067,1231,48.704375426065376,63.064606318040674,22.770666036596378,115.28762363662311,163.35440445951633,142.93137594304721
fold1_seed43_easy,union_oracle,ADE_vs_floor,hard_complete,eu-locality-074,12476,44.594320371872975,59.810811870895186,25.441038205379684,105.42358633333666,187.5562700782854,135.5480467126705
fold1_seed43_easy,union_oracle,ADE_vs_floor,hard_complete,eu-locality-082,57,44.8796791498158,56.555920722668475,20.645480479593115,101.32710712686725,114.16766309518187,112.22482304349282
fold1_seed43_easy,union_oracle,ADE_vs_floor,hard_complete,eu-locality-112,449,51.90032597272105,68.12376372215081,23.814652718834772,134.7977798812187,216.68807664023814,177.03522847019997
fold1_seed43_easy,union_oracle,ADE_vs_floor,hard_complete,eu-locality-126,695,56.49532313624685,74.16293858155466,23.822701450643414,141.73200916051158,209.5582929486716,166.0065211709221
fold1_seed43_easy,union_oracle,FDE_vs_floor,all,eu-locality-008,121088,27.696518135656877,35.92027658174257,22.89447417636432,106.52573007196345,214.11516301417439,136.94747770195588
fold1_seed43_easy,union_oracle,FDE_vs_floor,all,eu-locality-020,622,13.032593433056583,14.570428516607002,10.554494548994453,48.965422767887034,82.5590891536665,54.18434016797015
fold1_seed43_easy,union_oracle,FDE_vs_floor,all,eu-locality-048,5582,45.42540624469899,58.88896086214591,22.862611974023384,171.7843880525628,287.5365357473689,216.61283375128605
fold1_seed43_easy,union_oracle,FDE_vs_floor,all,eu-locality-067,4600,47.544441646650135,64.23517255786328,25.983787770131816,162.56427608862822,292.3135153170508,207.16877909819794
fold1_seed43_easy,union_oracle,FDE_vs_floor,all,eu-locality-074,81289,29.909644827678605,41.09166481996015,27.212380031995963,106.0149579604389,208.63279656482334,139.87139291962856
fold1_seed43_easy,union_oracle,FDE_vs_floor,all,eu-locality-082,859,19.238290221263785,25.515424087687457,24.60133072784285,87.1790413506322,217.35936552406693,114.66976098816347
fold1_seed43_easy,union_oracle,FDE_vs_floor,all,eu-locality-112,3719,34.78548540974537,47.98701368387593,27.510626856462196,135.58984723339313,306.65077750927946,180.57026348277316
fold1_seed43_easy,union_oracle,FDE_vs_floor,all,eu-locality-126,4579,29.149106935662278,40.233209925908284,27.54963625984107,139.52625012172115,280.922516014183,186.14679086195613
fold1_seed43_easy,union_oracle,FDE_vs_floor,easy,eu-locality-008,32900,2.151895328515861,2.8024159436180915,23.212850204611968,4.57235205866684,7.817780814370802,5.760937511837476
fold1_seed43_easy,union_oracle,FDE_vs_floor,easy,eu-locality-020,290,1.8329548663669726,2.269000567815572,19.2175227998463,4.726066498582969,8.117093400465636,5.640954657510774
fold1_seed43_easy,union_oracle,FDE_vs_floor,easy,eu-locality-048,1250,2.2278580498228586,2.8423302974935742,21.618608091134583,4.816664884631762,9.405487016912804,5.9006145211318435
fold1_seed43_easy,union_oracle,FDE_vs_floor,easy,eu-locality-067,734,2.266211664863356,2.7632182861735726,17.986513182730036,5.422847175497959,8.825599959988178,6.143109259261241
fold1_seed43_easy,union_oracle,FDE_vs_floor,easy,eu-locality-074,12940,2.6998658963638853,3.4699459739289216,22.192854970969368,6.551476182226321,10.904697003298736,7.154405817758083
fold1_seed43_easy,union_oracle,FDE_vs_floor,easy,eu-locality-082,391,1.959610546898092,2.5410182031999056,22.880893004609206,4.492933815631867,7.221908799624045,5.504734495556642
fold1_seed43_easy,union_oracle,FDE_vs_floor,easy,eu-locality-112,423,2.709997547705708,3.4101315408547284,20.530996671569334,6.3351769780803755,12.817967608774454,7.2959124108582305
fold1_seed43_easy,union_oracle,FDE_vs_floor,easy,eu-locality-126,1768,1.780492747565276,2.349553790438686,24.219962326002342,4.1360209580664575,6.230967118961376,5.194866973857941
fold1_seed43_easy,union_oracle,FDE_vs_floor,hard,eu-locality-008,22002,93.67916366012604,125.64623677111037,25.442125393073823,222.58256794800073,374.2554636663121,294.0147066931494
fold1_seed43_easy,union_oracle,FDE_vs_floor,hard,eu-locality-020,18,77.61693029128755,89.28776442359735,13.071034097058643,117.3151892488592,125.35412109059021,117.3151892488592
fold1_seed43_easy,union_oracle,FDE_vs_floor,hard,eu-locality-048,1769,109.68675308898987,144.89524669762557,24.299274414508908,256.4818954718344,407.7109506768728,310.51436902474313
fold1_seed43_easy,union_oracle,FDE_vs_floor,hard,eu-locality-067,1633,99.24205881047324,138.86885362911028,28.535408612554647,250.46909704541423,355.06621363070707,315.11114527743234
fold1_seed43_easy,union_oracle,FDE_vs_floor,hard,eu-locality-074,16042,85.73293606260913,124.10574632983858,30.91944684434288,210.0966997716067,343.4705352115619,286.43798159383414
fold1_seed43_easy,union_oracle,FDE_vs_floor,hard,eu-locality-082,103,93.98470863690514,128.91417507064415,27.095132412395984,264.8656852778581,372.5846929012527,275.8757296900002
fold1_seed43_easy,union_oracle,FDE_vs_floor,hard,eu-locality-112,847,103.42955015496665,144.16429662637597,28.255779984818087,282.8928025317869,497.75384267267503,394.2222345963048
fold1_seed43_easy,union_oracle,FDE_vs_floor,hard,eu-locality-126,868,112.40953016278935,158.71336098478082,29.174500832624663,282.6858829483,453.01814333698127,381.7058653169035
fold1_seed43_easy,union_oracle,FDE_vs_floor,complete,eu-locality-008,97352,25.356593069273142,32.75998718244983,22.59889197130953,98.88355958544034,193.21463173409947,125.25083877831091
fold1_seed43_easy,union_oracle,FDE_vs_floor,complete,eu-locality-020,364,12.65989858688779,14.27371102193212,11.306186825308739,51.69853530989102,82.86375181655934,57.42336195362734
fold1_seed43_easy,union_oracle,FDE_vs_floor,complete,eu-locality-048,4716,44.83745998160469,57.61281426086617,22.174501355576403,170.9502997532812,288.28490016877805,212.3877354885986
fold1_seed43_easy,union_oracle,FDE_vs_floor,complete,eu-locality-067,3417,47.97724440945118,63.99529100382958,25.03003946559107,159.3311922315477,292.10016681814716,203.10046501216658
fold1_seed43_easy,union_oracle,FDE_vs_floor,complete,eu-locality-074,67309,28.247586732987923,39.218122176080996,27.973127815344423,99.83166539194295,195.3066506378585,133.379604340392
fold1_seed43_easy,union_oracle,FDE_vs_floor,complete,eu-locality-082,582,15.89817446103271,21.009707020013945,24.329385241364697,72.82154987752635,165.5398851728982,101.05798186988082
fold1_seed43_easy,union_oracle,FDE_vs_floor,complete,eu-locality-112,2417,28.23054014650919,39.98146160101733,29.39092515369458,102.54344320732329,280.66843490780207,140.54076003111032
fold1_seed43_easy,union_oracle,FDE_vs_floor,complete,eu-locality-126,3637,29.549240374308724,40.538967206726525,27.109044925531066,140.7151138896856,290.9795895464998,188.76481719652378
fold1_seed43_easy,union_oracle,FDE_vs_floor,partial,eu-locality-008,23736,37.29360210357859,48.882043248407,23.7069491672815,140.83824784525268,281.8741360595794,185.55810485386044
fold1_seed43_easy,union_oracle,FDE_vs_floor,partial,eu-locality-020,258,13.558410967961391,14.989053199016528,9.544580381828283,47.52141327182181,79.0465606356484,50.52160752263893
fold1_seed43_easy,union_oracle,FDE_vs_floor,partial,eu-locality-048,866,48.627201367970024,65.83850748066224,26.141701522847306,176.10185446744885,276.6704439504708,240.7350887420016
fold1_seed43_easy,union_oracle,FDE_vs_floor,partial,eu-locality-067,1183,46.294325805152944,64.92805106177975,28.699036782879272,168.0672580679513,323.2519047589231,231.95019440080293
fold1_seed43_easy,union_oracle,FDE_vs_floor,partial,eu-locality-074,13980,37.91189577871829,50.11214277538664,24.34588968057596,132.53635049426788,253.22045072265948,170.23977304714694
fold1_seed43_easy,union_oracle,FDE_vs_floor,partial,eu-locality-082,277,26.256150771640982,34.98230976778127,24.944490669901633,108.08619590884143,297.0977325147253,146.71054103169644
fold1_seed43_easy,union_oracle,FDE_vs_floor,partial,eu-locality-112,1302,46.95392066415538,62.84831889452818,25.29009289341011,175.54421734923926,347.7025749828504,239.7598237941613
fold1_seed43_easy,union_oracle,FDE_vs_floor,partial,eu-locality-126,942,27.604218064794836,39.052701188821246,29.31547057058249,128.36345680143472,249.07176170147432,183.72653083584885
fold1_seed43_easy,union_oracle,FDE_vs_floor,endpoint,eu-locality-008,121088,27.696518135656877,35.92027658174257,22.89447417636432,106.52573007196345,214.11516301417439,136.94747770195588
fold1_seed43_easy,union_oracle,FDE_vs_floor,endpoint,eu-locality-020,622,13.032593433056583,14.570428516607002,10.554494548994453,48.965422767887034,82.5590891536665,54.18434016797015
fold1_seed43_easy,union_oracle,FDE_vs_floor,endpoint,eu-locality-048,5582,45.42540624469899,58.88896086214591,22.862611974023384,171.7843880525628,287.5365357473689,216.61283375128605
fold1_seed43_easy,union_oracle,FDE_vs_floor,endpoint,eu-locality-067,4600,47.544441646650135,64.23517255786328,25.983787770131816,162.56427608862822,292.3135153170508,207.16877909819794
fold1_seed43_easy,union_oracle,FDE_vs_floor,endpoint,eu-locality-074,81289,29.909644827678605,41.09166481996015,27.212380031995963,106.0149579604389,208.63279656482334,139.87139291962856
fold1_seed43_easy,union_oracle,FDE_vs_floor,endpoint,eu-locality-082,859,19.238290221263785,25.515424087687457,24.60133072784285,87.1790413506322,217.35936552406693,114.66976098816347
fold1_seed43_easy,union_oracle,FDE_vs_floor,endpoint,eu-locality-112,3719,34.78548540974537,47.98701368387593,27.510626856462196,135.58984723339313,306.65077750927946,180.57026348277316
fold1_seed43_easy,union_oracle,FDE_vs_floor,endpoint,eu-locality-126,4579,29.149106935662278,40.233209925908284,27.54963625984107,139.52625012172115,280.922516014183,186.14679086195613
fold1_seed43_easy,union_oracle,FDE_vs_floor,easy_complete,eu-locality-008,28571,2.1156791675580644,2.7662986512611916,23.519495388052235,4.494346895613949,7.513902388359549,5.692636752459906
fold1_seed43_easy,union_oracle,FDE_vs_floor,easy_complete,eu-locality-020,178,1.7813986690407613,2.2260251014972785,19.974008027018687,4.4319722491865265,7.634992483488128,5.486303503667565
fold1_seed43_easy,union_oracle,FDE_vs_floor,easy_complete,eu-locality-048,1146,2.198493854288055,2.8125060207617167,21.83149696182224,4.773596162450936,8.981537937911837,5.819425013630099
fold1_seed43_easy,union_oracle,FDE_vs_floor,easy_complete,eu-locality-067,551,2.269664535058201,2.7860845018473857,18.53568929609849,5.659361044616348,8.685002428882266,6.249338775279034
fold1_seed43_easy,union_oracle,FDE_vs_floor,easy_complete,eu-locality-074,11433,2.6855402049513764,3.4570825412415545,22.317729677726796,6.481001325432256,10.572452679910246,7.03407158968256
fold1_seed43_easy,union_oracle,FDE_vs_floor,easy_complete,eu-locality-082,284,1.8772846828871486,2.4394679493053366,23.045322918805944,4.187784854428876,7.227419208919501,5.203489563006431
fold1_seed43_easy,union_oracle,FDE_vs_floor,easy_complete,eu-locality-112,330,2.672145586935141,3.3379401814618337,19.946271003427974,6.186821362657605,12.713780998577667,7.419917915140831
fold1_seed43_easy,union_oracle,FDE_vs_floor,easy_complete,eu-locality-126,1425,1.8003441476002304,2.379358009245205,24.334877702101377,4.14855075570325,6.492235369751741,5.211997894539714
fold1_seed43_easy,union_oracle,FDE_vs_floor,hard_complete,eu-locality-008,16020,90.7871603567704,121.18098786879882,25.081349844197874,208.47924922450142,355.22625387539574,273.73788790906394
fold1_seed43_easy,union_oracle,FDE_vs_floor,hard_complete,eu-locality-020,12,79.14622310370152,91.67652097939975,13.667946538365994,114.43867577212549,124.7788183952435,118.43938924577421
fold1_seed43_easy,union_oracle,FDE_vs_floor,hard_complete,eu-locality-048,1483,110.20564861092991,144.1404207570093,23.542856311822725,256.9697875993756,388.6687183335309,309.0389558972078
fold1_seed43_easy,union_oracle,FDE_vs_floor,hard_complete,eu-locality-067,1231,98.3842635831352,135.77363986482416,27.53802307937956,248.7947065759506,334.7811980256103,300.1127604707125
fold1_seed43_easy,union_oracle,FDE_vs_floor,hard_complete,eu-locality-074,12476,82.96354417138535,122.4699159298303,32.25802145653493,201.11564541894367,330.93385159108203,278.2063787533465
fold1_seed43_easy,union_oracle,FDE_vs_floor,hard_complete,eu-locality-082,57,89.92390892569934,119.52947438594815,24.768422694351976,210.23514162904567,271.6568568800263,243.99478619891514
fold1_seed43_easy,union_oracle,FDE_vs_floor,hard_complete,eu-locality-112,449,94.37111567474767,136.0308501130916,30.625210681039917,282.7227866545117,454.35991040888166,391.51283762831025
fold1_seed43_easy,union_oracle,FDE_vs_floor,hard_complete,eu-locality-126,695,114.7158888342137,160.40120912178523,28.4819051787102,300.8835498239078,466.41534665139744,386.522648619538
fold1_seed43_easy,union_oracle,ADE_vs_CV,all,eu-locality-008,157961,14.952858096021036,18.214515006924465,17.90691055821948,52.065111534775035,106.36053143352736,63.9700524103003
fold1_seed43_easy,union_oracle,ADE_vs_CV,all,eu-locality-020,1225,5.896546764898159,6.529874789510041,9.698930607816491,18.763709465028253,38.78548288034698,21.020763749430696
fold1_seed43_easy,union_oracle,ADE_vs_CV,all,eu-locality-048,8058,21.827447920096454,26.698045849916497,18.2432750217008,74.44168303473404,130.59643011029604,89.55098636922551
fold1_seed43_easy,union_oracle,ADE_vs_CV,all,eu-locality-067,6903,23.57079113897558,29.011553933538778,18.753779294370755,77.80378866751296,142.64954638456388,93.29868317030169
fold1_seed43_easy,union_oracle,ADE_vs_CV,all,eu-locality-074,102348,15.67324961462632,19.761464600296893,20.687813724136383,52.59731188284632,105.6756851236795,64.81408896393752
fold1_seed43_easy,union_oracle,ADE_vs_CV,all,eu-locality-082,1368,11.491898494246815,13.688548886436024,16.047357615575073,42.510758183984215,91.33378094899182,51.85945295918717
fold1_seed43_easy,union_oracle,ADE_vs_CV,all,eu-locality-112,5004,19.85125422946851,24.679682084525158,19.564384332504048,71.35494696538555,145.3361570930348,86.2710070848162
fold1_seed43_easy,union_oracle,ADE_vs_CV,all,eu-locality-126,5790,15.651003679756794,19.860903597678185,21.196920357709924,70.52192729299017,139.58828525623093,86.5533275336093
fold1_seed43_easy,union_oracle,ADE_vs_CV,easy,eu-locality-008,39889,1.4811567293928047,1.791172498853141,17.30797953066131,2.771140133750164,3.2117112451742913,3.2504176960159774
fold1_seed43_easy,union_oracle,ADE_vs_CV,easy,eu-locality-020,593,1.125926831011215,1.2706472215919324,11.389501989340856,2.912618677577817,3.281873299441771,3.051349724629029
fold1_seed43_easy,union_oracle,ADE_vs_CV,easy,eu-locality-048,1582,1.4626872493472622,1.7551327263969017,16.662299816492997,2.8007983310531945,3.2583726017868653,3.2298308573246963
fold1_seed43_easy,union_oracle,ADE_vs_CV,easy,eu-locality-067,1219,1.4578252900578548,1.6528940070695597,11.80164706129857,2.9317980285407446,3.242918082929149,3.222473275402277
fold1_seed43_easy,union_oracle,ADE_vs_CV,easy,eu-locality-074,17048,1.7013023445630524,2.0239574238081066,15.94179183067862,3.0252907401259304,3.348027414576504,3.3016095862663026
fold1_seed43_easy,union_oracle,ADE_vs_CV,easy,eu-locality-082,513,1.3672523752288723,1.6221340438704122,15.712737773099938,2.72004149318595,3.0756041056177446,3.137173321764387
fold1_seed43_easy,union_oracle,ADE_vs_CV,easy,eu-locality-112,571,1.7782323699287266,2.110763890677913,15.754084207039732,2.974614934687822,3.194508048980608,3.3318797717711783
fold1_seed43_easy,union_oracle,ADE_vs_CV,easy,eu-locality-126,2160,1.2022305131232316,1.4931553251754432,19.4838947527464,2.610102051947515,3.0882274344758818,3.15811922069773
fold1_seed43_easy,union_oracle,ADE_vs_CV,hard,eu-locality-008,28100,48.589909333513916,60.74188321281993,20.005922168612102,110.88037624434456,186.19619083978677,138.48767980783674
fold1_seed43_easy,union_oracle,ADE_vs_CV,hard,eu-locality-020,30,39.65643733202127,43.81825835804657,9.497915211550268,60.09475301373084,65.54866325825112,64.04793996418368
fold1_seed43_easy,union_oracle,ADE_vs_CV,hard,eu-locality-048,2478,51.610929969756455,63.88573915651315,19.21369205212565,113.6623893640878,185.49564326019072,138.97729297348553
fold1_seed43_easy,union_oracle,ADE_vs_CV,hard,eu-locality-067,2296,52.00532608728979,65.07172046247634,20.079989098676588,121.18913466298567,185.7707922765737,143.40335944857748
fold1_seed43_easy,union_oracle,ADE_vs_CV,hard,eu-locality-074,19310,46.604111073772394,60.351879335065945,22.779354036297185,107.85095697404681,190.041932658055,136.81762092091788
fold1_seed43_easy,union_oracle,ADE_vs_CV,hard,eu-locality-082,184,45.650344658989624,55.75797833667997,18.127690384787698,105.24644775495055,195.6466237071928,112.9711774505625
fold1_seed43_easy,union_oracle,ADE_vs_CV,hard,eu-locality-112,1153,56.160128145586825,70.01758802603055,19.7913985201717,141.45953958210401,223.77771218788024,174.675987810338
fold1_seed43_easy,union_oracle,ADE_vs_CV,hard,eu-locality-126,1110,57.66435386514987,74.02161712516786,22.09795448315923,141.0428891430875,219.72743614561034,160.69598223874476
