group,subset,locality,indexed_rows,supported_rows,unknown_rows,floor_error_sum,oracle_gain_cost_sum,captured_gain_cost_sum,missed_gain_cost_sum,selected_harm_cost_sum,fallback_regression_cost_sum,fallback_relief_cost_sum,original_gain_cost_sum,rebased_gain_cost_sum,rebase_advantage_cost_sum,signed_oracle_deficit_cost_sum,union_oracle_gain_cost_sum,missed_source_support_abstain_cost_sum,missed_no_observed_motion_cost_sum,missed_nonpositive_utility_cost_sum,missed_zero_event_mass_cost_sum,missed_risk_veto_cost_sum,oracle_gain_pp,captured_gain_pp,missed_gain_pp,selected_harm_pp,fallback_regression_pp,fallback_relief_pp,original_gain_pp,rebased_gain_pp,rebase_advantage_pp,signed_oracle_deficit_pp,union_oracle_gain_pp,missed_source_support_abstain_pp,missed_no_observed_motion_pp,missed_nonpositive_utility_pp,missed_zero_event_mass_pp,missed_risk_veto_pp
fold2_seed17_all,all,eu-locality-007,5664,5526,138,71792.56478605507,14236.11331850398,551.0274461347419,13685.085872369236,400.2992355599757,4147.266600602553,383.1024069656269,-3613.4359830621597,150.72821057476622,3764.1641936369256,17849.549301566134,14489.486635904965,0.0,0.0,5620.150669440348,0.0,8064.9352029288875,19.82950931050898,0.7675271774686242,19.061982133040352,0.5575775663578598,5.776735533772314,0.5336240711099939,-5.033161851551556,0.20994961111076443,5.243111462662321,24.86267116206053,20.18243348609185,0.0,0.0,7.828318553862282,0.0,11.233663579178069
fold2_seed17_all,all,eu-locality-074,104353,102348,2005,1937206.3405886516,424998.31332895375,18580.41645269199,406417.89687626174,9501.435501012016,85819.14889358074,11126.194804678402,-65613.97313722236,9078.980951679976,74692.95408890233,490612.28646617616,431369.3058870962,0.0,0.0,93611.6872326867,0.0,312806.2096435751,21.938721984556953,0.9591346086058147,20.979587375951137,0.4904710098215377,4.430046871904373,0.5743422665701954,-3.3870410065499006,0.4686635987842772,3.8557046053341777,25.325762991106856,22.267597253270278,0.0,0.0,4.832303367551506,0.0,16.147284008399634
fold2_seed17_all,all,eu-locality-082,1448,1368,80,18304.537177574348,4136.1905248755165,118.29613602437595,4017.8943888511403,66.49823686446778,448.293857016493,47.075648557281795,-349.4203092993031,51.79789915990817,401.2182084592112,4485.61083417482,4158.334567687351,0.0,0.0,1974.4852205546238,0.0,2043.4091682965172,22.59653158531064,0.6462667418289356,21.950264843481705,0.36328827229752386,2.4490859980099167,0.25718021767278626,-1.9089273108057194,0.28297846953141176,2.1919057803371307,24.505458896116366,22.717507289842327,0.0,0.0,10.786862303044996,0.0,11.163402540436712
fold2_seed17_all,all,eu-locality-110,8660,8550,110,252943.25205230393,65991.05227589696,2936.0626706329817,63054.98960526398,530.2016876176017,9151.10713238353,415.9136674578127,-6329.332481910338,2405.8609830153796,8735.193464925718,72320.38475780729,66306.822248991,0.0,0.0,7404.306780408489,0.0,55650.682824855496,26.089271700456845,1.160759437862315,24.928512262594534,0.20961290064696644,3.6178498766558325,0.16442963553414328,-2.5022737039063414,0.9511465372153484,3.45342024112169,28.591545404363185,26.21410996774881,0.0,0.0,2.9272600554994908,0.0,22.001252207095042
fold2_seed17_all,all,eu-locality-112,5131,5004,127,119788.45728408691,33445.92494287476,250.9481282175989,33194.97681465715,83.84774831649233,3889.9043280413402,267.0161065308648,-3455.787841609369,167.10037990110658,3622.8882215104754,36901.712784484116,33604.34769237173,0.0,0.0,4711.269397340238,0.0,28483.707417316913,27.92082451112577,0.20949274571794296,27.71133176540782,0.06999651737532722,3.2473114824545686,0.2229063739402011,-2.8849088801717517,0.1394962283426157,3.0244051085143675,30.80573339129751,28.0530766104422,0.0,0.0,3.9329911279908427,0.0,23.778340637416974
fold2_seed17_all,all,eu-locality-119,5787,5639,148,159391.05681902144,29234.122986520262,496.3550098400359,28737.76797668023,287.3450589626605,4133.977208701492,565.2379698855552,-3359.729287938561,209.00995087737542,3568.7392388159365,32593.852274458826,29563.778635190036,0.0,0.0,3744.2023966193265,0.0,24993.565580060902,18.341131284243744,0.3114070636997005,18.029724220544047,0.18027677631181205,2.593606750092236,0.35462339052519587,-2.107853072179152,0.13113028738788846,2.2389833595670403,20.448984356422898,18.54795320716008,0.0,0.0,2.3490667991935292,0.0,15.680657421350515
fold2_seed17_all,all,eu-locality-124,3651,3550,101,148019.91649551736,29154.40432899131,726.0916781738554,28428.312650817454,128.03605971405278,3270.9715160718433,279.91369037680295,-2393.0022072352376,598.0556184598024,2991.0578256950403,31547.406536226546,29373.831329399647,0.0,0.0,7474.733370355911,0.0,20953.57928046154,19.696271298649343,0.49053647331022804,19.205734825339114,0.08649921088013196,2.2098185119371427,0.18910542378618345,-1.6166758257208633,0.40403726243009597,2.0207130881509596,21.312947124370204,19.844512836412257,0.0,0.0,5.049815962152819,0.0,14.155918863186292
fold2_seed17_all,all,eu-locality-126,5891,5790,101,109976.90509935723,23481.85249138525,783.669660599122,22698.18283078613,494.9583241552135,4964.133863929539,392.6157966433162,-4282.806730842314,288.7113364439085,4571.518067286223,27764.659222227565,23764.181729669697,0.0,0.0,2920.6797829852703,0.0,19777.503047800856,21.351621479228633,0.7125765722277105,20.639044907000923,0.4500566038915622,4.513796655256625,0.3569984046092336,-3.8942782823112427,0.2625199683361483,4.156798250647392,25.245899761539878,21.608338321759692,0.0,0.0,2.6557210173778025,0.0,17.98332388962312
fold2_seed17_all,easy,eu-locality-007,1784,1784,0,2444.8164311207124,440.8420463830698,71.67822243996693,369.16382394310284,76.04685372413427,81.47985611939897,23.602098212815818,-62.24638919075048,-4.368631284167325,57.877757906583156,503.0884355738202,462.07643267680595,0.0,0.0,184.90883122176155,0.0,184.25499272134124,18.031703352917432,2.9318447605127305,15.0998585924047,3.110534302539603,3.3327596739869882,0.9653934713616323,-2.546055744652228,-0.1786895420268723,2.3673662026253557,20.577759097569658,18.9002506198385,0.0,0.0,7.563301230636719,0.0,7.536557361767979
fold2_seed17_all,easy,eu-locality-074,17176,17176,0,33952.55105012708,6677.145474418592,1451.6702019477902,5225.475272470801,895.3983750836628,1511.09890397657,852.643338728074,-102.18373838436827,556.2718268641277,658.4555652484959,6779.329212802961,7362.2640640897025,0.0,0.0,1629.9275317714555,0.0,3595.5477406993464,19.66610834208171,4.275585065182774,15.390523276898934,2.6372050034228915,4.450619636049157,2.511279159758108,-0.3009604145311662,1.6383800617598825,1.9393404762910484,19.967068756612875,21.683979071911732,0.0,0.0,4.800604023435685,0.0,10.58991925346325
fold2_seed17_all,easy,eu-locality-082,515,515,0,808.9496878219051,158.10419220482206,23.879209237209366,134.2249829676127,17.17194245720556,25.727324586603416,1.242314221331481,-17.77774358526813,6.707266780003805,24.485010365271933,175.88193579009018,159.4575509169575,0.0,0.0,73.90826944771709,0.0,60.31671351989561,19.544378913170384,2.951878169519303,16.592500743651083,2.1227454210954666,3.180336796454446,0.15357125913187616,-2.1976327888987335,0.8291327484238363,3.0267655373225693,21.742011702069114,19.71167716824226,0.0,0.0,9.136324614539985,0.0,7.456176129111095
fold2_seed17_all,easy,eu-locality-110,2009,2009,0,3495.325114784402,607.6810989581329,180.30965685853016,427.37144209960286,256.7006095130881,168.19500675563359,3.8786907767834937,-240.70726863340806,-76.39095265455796,164.3163159788501,848.388367591541,612.4578575789266,0.0,0.0,99.6896163256834,0.0,327.6818257739194,17.385538655268004,5.158594721156632,12.226943934111373,7.3441125241055545,4.8119989194769985,0.11096795432211856,-6.886548768103802,-2.1855178029489224,4.701030965154881,24.272087423371808,17.522200009045626,0.0,0.0,2.852084228274497,0.0,9.374859705836874
fold2_seed17_all,easy,eu-locality-112,575,575,0,1162.6424200438955,173.4029681127714,26.273238753362175,147.1297293594092,28.871111044396116,55.61993180934462,9.012704411019302,-49.20509968935927,-2.5978722910339442,46.60722739832532,222.60806780213065,180.3996958804437,0.0,0.0,34.16287366486986,0.0,112.96685569453933,14.91455714356479,2.2597866979918235,12.654770445572966,2.483232208515675,4.783924175693219,0.7751914307994222,-4.232178255417649,-0.2234455105238515,4.008732744893797,19.14673539898244,15.51635247177999,0.0,0.0,2.9383818339932963,0.0,9.71638861157967
fold2_seed17_all,easy,eu-locality-119,1323,1323,0,2390.0294144517165,642.2985125562509,151.10276010859863,491.19575244765235,66.55723718037036,108.1855486907799,23.793474958845813,0.1534491962941864,84.54552292822825,84.39207373193408,642.1450633599568,660.5223328336208,0.0,0.0,87.78581179367411,0.0,403.4099406539782,26.874084003840476,6.322213408543438,20.55187059529704,2.7847873661269937,4.526536285981155,0.9955306330112319,0.006420389446520194,3.5374260424164437,3.5310056529699234,26.867663614393955,27.63657756007775,0.0,0.0,3.673001313827452,0.0,16.878869281469587
fold2_seed17_all,easy,eu-locality-124,739,739,0,1396.4878692442473,274.0272899302302,40.070096766414444,233.95719316381576,41.985200498918225,72.23773476362098,3.059833165348481,-71.09300533077628,-1.9151037325037796,69.1779015982725,345.1202952610065,276.7893622148485,0.0,0.0,71.48528219669075,0.0,162.47191096712498,19.62260438957687,2.869348001433025,16.753256388143846,3.006485156340084,5.17281505658296,0.21910918331173218,-5.090843028178287,-0.1371371549070596,4.953705873271227,24.713447417755162,19.82039144848724,0.0,0.0,5.118933273324975,0.0,11.63432311481887
fold2_seed17_all,easy,eu-locality-126,2167,2167,0,3035.660088038382,785.5894042444747,237.2940666756238,548.2953375688509,244.1439514935808,144.01367976200058,4.939657079241151,-145.92390750071638,-6.849884817956976,139.07402268275945,931.5133117451911,790.6215128054175,0.0,0.0,113.78942560045509,0.0,434.5059119683958,25.878701220205322,7.81688528339025,18.06181593681507,8.04253257654234,4.744064736676793,0.16272102066714314,-4.80699100916174,-0.2256472931520905,4.58134371600965,30.685692229367064,26.04446775581882,0.0,0.0,3.748424471133224,0.0,14.313391465681846
fold2_seed17_all,hard,eu-locality-007,1057,1057,0,41082.439295049364,7953.564493563267,343.4035219877606,7610.160971575508,208.91124144215183,1950.4941718539853,91.64932467179196,-1724.3525666365847,134.4922805456088,1858.8448471821935,9677.917060199852,8022.315601339629,0.0,0.0,2942.8575013277004,0.0,4667.303470247806,19.36001033541772,0.8358888320176802,18.524121503400043,0.5085171304989348,4.747756475329423,0.22308637521150346,-4.197298398599174,0.32737170151874545,4.52467010011792,23.557308734016896,19.527359472801212,0.0,0.0,7.163297875747921,0.0,11.360823627652119
fold2_seed17_all,hard,eu-locality-074,26162,26162,0,1294854.2373973085,272951.0981356271,12588.375843825725,260362.72229180136,3612.07770765807,46521.09308199267,2971.5856957174437,-34573.20925010758,8976.298136167654,43549.50738627523,307524.30738573463,274968.0793482135,0.0,0.0,58063.552516313415,0.0,202299.16977548794,21.079677561566008,0.9721847819047722,20.107492779661236,0.2789563182739736,3.5927667947784845,0.2294919080382677,-2.670046423109419,0.6932284636307986,3.3632748867402174,23.749723984675423,21.235446539597127,0.0,0.0,4.4841767389218035,0.0,15.62331604073943
fold2_seed17_all,hard,eu-locality-082,245,245,0,11624.513195689127,2395.2508848170282,27.148297930020313,2368.1025868870074,40.44216192780691,254.17021681918447,17.111294079188646,-250.35278673778242,-13.293863997786595,237.05892273999584,2645.6036715548107,2400.0420458175195,0.0,0.0,1225.8330268601044,0.0,1142.2695600269035,20.60517154133638,0.2335435254190952,20.37162801591728,0.3479041336785149,2.1865020284328276,0.1472000916609072,-2.15366254503134,-0.11436060825941972,2.0393019367719205,22.75883408636772,20.646387555459604,0.0,0.0,10.545241819801078,0.0,9.826386196116209
fold2_seed17_all,hard,eu-locality-110,2779,2779,0,212771.9476579253,53900.859017740455,2560.069498700729,51340.789519039725,148.68575058493133,6581.094293602009,316.37799721366025,-3853.332548272552,2411.383748115798,6264.71629638835,57754.191566013,54145.670113040105,0.0,0.0,6115.358353312327,0.0,45225.431165727394,25.33269052196541,1.203198789539948,24.129491732425468,0.06988033536449752,3.09302723692809,0.14869347237555158,-1.811015310377088,1.1333184541754506,2.944333764552539,27.1437058323425,25.4477484974149,0.0,0.0,2.874137507611682,0.0,21.255354224813782
fold2_seed17_all,hard,eu-locality-112,1522,1522,0,88399.6649403341,24651.51142217282,161.06169956157956,24490.449722611236,29.511853475415204,2093.619143302987,150.45452556356872,-1811.6147716532541,131.54984608616434,1943.1646177394182,26463.126193826072,24748.831040349203,0.0,0.0,3444.020001608029,0.0,21046.42972100321,27.886430835242997,0.18219718329282034,27.704233651950172,0.03338457616930383,2.368356423880213,0.17019807220436745,-2.0493457445523293,0.14881260712351652,2.198158351675845,29.935776579795323,27.996521318325787,0.0,0.0,3.895964994813715,0.0,23.808268657136455
fold2_seed17_all,hard,eu-locality-119,1922,1922,0,132010.34930511515,22988.85659760995,271.68271453069536,22717.173883079253,151.5461153500246,2855.7959816323128,199.2470961980697,-2536.4122862535723,120.13659918067074,2656.548885434243,25525.268883863522,23105.86131271981,0.0,0.0,3082.8227000337442,0.0,19634.35118304551,17.41443509438481,0.2058041024516615,17.208630991933152,0.11479866248952686,2.1633121923128313,0.15093293612726563,-1.921373816223431,0.09100543996213462,2.012379256185566,19.335808910608243,17.503068080908793,0.0,0.0,2.335288646883605,0.0,14.873342345049547
fold2_seed17_all,hard,eu-locality-124,1375,1375,0,132407.23994723792,25063.871311938405,502.64234161545454,24561.228970322947,62.53980813104425,2532.1574399532656,234.50644770107812,-1857.5484587677774,440.10253348441034,2297.6509922521873,26921.41977070618,25246.41555549771,0.0,0.0,6645.177137280005,0.0,17916.05183304294,18.929381295105873,0.3796184723854596,18.54976282272041,0.04723292182207357,1.9124010446575945,0.17710998869436825,-1.4029055053998405,0.33238555056338603,1.735291055963226,20.33228680050571,19.067247052017688,0.0,0.0,5.018741527976867,0.0,13.531021294743542
fold2_seed17_all,hard,eu-locality-126,1386,1386,0,85810.78762882238,16914.547210687666,421.7541936491697,16492.793017038493,196.18988556300232,3498.5834998814244,218.48166463114,-3054.537527164117,225.56430808616736,3280.1018352502842,19969.08473785178,17094.36821293345,0.0,0.0,2154.3738709374347,0.0,14338.41914610106,19.711446169043622,0.4914932088416231,19.219952960201994,0.22863079454721785,4.077090534368094,0.25460862284144303,-3.5596194972322457,0.2628624142944053,3.8224819115266504,23.27106566627586,19.921001409374945,0.0,0.0,2.5106095987094954,0.0,16.7093433614925
fold2_seed17_all,complete,eu-locality-007,2882,2882,0,37144.80949676133,7792.379983971494,321.0326409805598,7471.347342990935,214.18089660808545,2651.6685568773873,177.06971776842266,-2367.747094736491,106.85174437247431,2474.598839108965,10160.127078707985,7916.466669368512,0.0,0.0,2613.0061640169884,0.0,4858.3411789739475,20.978381877691188,0.864273219677034,20.114108658014157,0.5766105668862294,7.138732417267041,0.4767011062039811,-6.374368658272257,0.2876626527908045,6.6620313110630605,27.352750535963445,21.31244385587373,0.0,0.0,7.034646830655619,0.0,13.07946182735854
fold2_seed17_all,complete,eu-locality-074,67309,67309,0,1248061.8213776164,287543.9964472011,12749.385190472416,274794.61125672865,7493.614075409764,66395.72819642813,7374.022042243089,-53765.93503912238,5255.771115062652,59021.706154185034,341309.9314863235,291594.0786817054,0.0,0.0,58596.93533892354,0.0,216197.67591780517,23.03924305046113,1.0215347486873356,22.017708301773794,0.6004201031594956,5.3199069997302075,0.590837882862534,-4.307954471339833,0.42111464552783995,4.729069116867673,27.347197521800965,23.363752795501952,0.0,0.0,4.6950346797920615,0.0,17.322673621981735
fold2_seed17_all,complete,eu-locality-082,582,582,0,5933.178520636328,1624.8021815094044,57.312748864128736,1567.4894326452754,8.832868741635622,229.63722394319691,11.428201756030749,-169.72914206467306,48.47988012249312,218.20902218716614,1794.5313235740773,1627.1394773260158,0.0,0.0,735.845203989317,0.0,831.6442286559586,27.385020960656107,0.9659704097017797,26.41905055095432,0.14887245868152815,3.8703912775334546,0.19261516767584272,-2.8606781588373607,0.8170979510202517,3.6777761098576116,30.245699119493466,27.424414614639076,0.0,0.0,12.402209059274998,0.0,14.016841491679328
fold2_seed17_all,complete,eu-locality-110,5804,5804,0,159224.11024142022,44655.34233106325,2302.8408798444216,42352.501451218835,429.0245947078988,6666.819927526744,261.5407638189266,-4531.462878571294,1873.8162851365228,6405.279163707818,49186.80520963455,44860.69690420507,0.0,0.0,4475.005208314986,0.0,37877.49624290384,28.045590748383223,1.4462890553150445,26.59930169306818,0.26944700401051025,4.187066843971254,0.1642595228966084,-2.845965269770111,1.1768420513045343,4.022807321074646,30.891556018153334,28.174562782097492,0.0,0.0,2.810507279035727,0.0,23.788794414032452
fold2_seed17_all,complete,eu-locality-112,2417,2417,0,48825.15424770923,16406.486251718135,132.5940086146985,16273.892243103437,40.6032047962898,2252.723126240404,54.943044161259124,-2105.789278260736,91.9908038184087,2197.7800820791444,18512.275529978873,16439.26355603204,0.0,0.0,2136.6704939775054,0.0,14137.221749125933,33.60252825517268,0.27156905217748395,33.33095920299519,0.08316042298667149,4.613857674287013,0.11253020089298936,-4.312918844203211,0.18840862919081244,4.501327473394023,37.91544709937589,33.66966025878625,0.0,0.0,4.37616742209832,0.0,28.954791780896876
fold2_seed17_all,complete,eu-locality-119,3148,3148,0,86920.22678419307,17861.51217168157,378.8105390003954,17482.70163268117,236.55730523611817,3180.380995067123,355.79157976042654,-2682.336181542419,142.25323376427727,2824.5894153066965,20543.848353223984,18055.622380002715,0.0,0.0,1924.140972082523,0.0,15558.56066059865,20.549316117212186,0.43581402513009115,20.11350209208209,0.27215449612602416,3.658965367133042,0.40933116827201976,-3.085974669856956,0.163659529004067,3.2496341988610222,23.635290787069135,20.772636068738638,0.0,0.0,2.21368609272018,0.0,17.899815999361913
fold2_seed17_all,complete,eu-locality-124,2077,2077,0,78360.76883507615,15717.243880397797,455.88464693583904,15261.35923346196,67.58319746433553,1882.1707459522013,168.4927661436343,-1325.3765303370637,388.30144947150353,1713.6779798085672,17042.620410734864,15850.534377410331,0.0,0.0,3810.1857758882634,0.0,11451.173457573695,20.057541693442886,0.5817766386332012,19.47576505480969,0.08624621538180172,2.4019299120374336,0.2150218389233222,-1.6913776498627122,0.4955304232513994,2.186908073114112,21.7489193433056,20.227640199358603,0.0,0.0,4.8623639514148485,0.0,14.613401103394839
fold2_seed17_all,complete,eu-locality-126,3637,3637,0,67438.7699026126,15896.496539942475,582.0845576960548,15314.41198224642,354.1127130444778,3719.610358428972,268.30807603308017,-3223.3304377443155,227.9718446515771,3451.3022823958927,19119.82697768679,16096.394261034928,0.0,0.0,1771.3417432207382,0.0,13543.070239025681,23.571747472408507,0.8631304493492913,22.708617023059215,0.5250877404137814,5.515537077263434,0.3978543446455802,-4.7796400236823455,0.33804270893551003,5.117682732617856,28.351387496090847,23.86816112494268,0.0,0.0,2.626592605082667,0.0,20.082024417976545
fold2_seed17_all,partial,eu-locality-007,2644,2644,0,34647.75528929374,6443.733334532482,229.9948051541822,6213.738529378301,186.11833895189028,1495.598043725165,206.03268919720426,-1245.6888883256688,43.876466202291894,1289.5653545279608,7689.422222858153,6573.0199665364535,0.0,0.0,3007.14450542336,0.0,3206.594023954941,18.597837812955277,0.6638086745701857,17.934029138385092,0.5371728627089485,4.316579908965443,0.5946494584625198,-3.5952946386416857,0.12663581186123724,3.7219304505029234,22.193132451596966,18.970983579324507,0.0,0.0,8.679189980173337,0.0,9.254839158211754
fold2_seed17_all,partial,eu-locality-074,35039,35039,0,689144.519211035,137454.31688175263,5831.031262219572,131623.28561953307,2007.8214256022497,19423.420697152615,3752.1727624353102,-11848.038098099983,3823.209836617323,15671.247934717307,149302.35497985265,139775.22720539078,0.0,0.0,35014.75189376317,0.0,96608.53372576991,19.94564464346561,0.8461260446350515,19.09951859883056,0.291349835866198,2.818482938729522,0.5444682004771617,-1.7192385294835073,0.5547762087688535,2.274014738252361,21.66488317294912,20.282426009193546,0.0,0.0,5.0809011633510055,0.0,14.018617435479555
fold2_seed17_all,partial,eu-locality-082,786,786,0,12371.358656938017,2511.388343366112,60.98338716024721,2450.4049562058653,57.66536812283216,218.65663307329612,35.64744680125105,-179.69116723463003,3.318019037415052,183.00918627204507,2691.0795106007427,2531.195090361336,0.0,0.0,1238.6400165653067,0.0,1211.7649396405586,20.300020499023308,0.49294009535522554,19.80708040366809,0.46611992847279293,1.7674423572763422,0.2881449628110127,-1.4524772275828972,0.02682016688243263,1.4792973944653296,21.75249772660621,20.460122130092877,0.0,0.0,10.01215833210576,0.0,9.794922071562327
fold2_seed17_all,partial,eu-locality-110,2746,2746,0,93719.14181088368,21335.70994483371,633.2217907885599,20702.48815404515,101.17709290970285,2484.2872048567865,154.37290363888604,-1797.8696033390431,532.0446978788572,2329.9143012179,23133.579548172755,21446.125344785934,0.0,0.0,2929.301572093503,0.0,17773.18658195165,22.765583991248178,0.6756589727062816,22.089925018541894,0.10795776716977264,2.650778866359918,0.16471864835296496,-1.918359012470444,0.567701205536509,2.4860602180069526,24.68394300371862,22.883399197212217,0.0,0.0,3.125617153008673,0.0,18.964307865533225
fold2_seed17_all,partial,eu-locality-112,2587,2587,0,70963.30303637765,17039.438691156618,118.35411960290041,16921.084571553718,43.24454352020253,1637.1812018009364,212.07306236960565,-1349.9985633486326,75.10957608269787,1425.1081394313308,18389.43725450525,17165.08413633969,0.0,0.0,2574.598903362733,0.0,14346.485668190984,24.011620037502702,0.16678214589620918,23.844837891606492,0.06093930478128144,2.30708145160841,0.29884891668711,-1.902389693806372,0.10584284111492771,2.0082325349213,25.914009731309072,24.188676966657567,0.0,0.0,3.62807083830769,0.0,20.2167670532988
fold2_seed17_all,partial,eu-locality-119,2491,2491,0,72470.83003482835,11372.610814838697,117.54447083964048,11255.066343999057,50.78775372654232,953.5962136343687,209.44639012512857,-677.393106396142,66.75671711309816,744.1498235092402,12050.003921234838,11508.15625518732,0.0,0.0,1820.0614245368038,0.0,9435.004919462252,15.692673603121696,0.16219556307434377,15.530478040047349,0.07008027050626373,1.3158345408436543,0.2890078532624394,-0.9347113950131348,0.09211529256808006,1.0268266875812149,16.62738499813483,15.879708083454652,0.0,0.0,2.511440014778512,0.0,13.019038025268836
fold2_seed17_all,partial,eu-locality-124,1473,1473,0,69659.1476604412,13437.16044859351,270.2070312380163,13166.953417355495,60.45286224971724,1388.8007701196416,111.42092423316865,-1067.6256768981739,209.75416898829903,1277.379845886473,14504.786125491684,13523.296951989316,0.0,0.0,3664.5475944676477,0.0,9502.405822887846,19.289872041061955,0.3878988479089078,18.901973193153047,0.08678380985136268,1.9937091060738446,0.15995160431232722,-1.532642463703972,0.301115038057545,1.8337575017615173,20.822514504765927,19.413526300823623,0.0,0.0,5.260683941082315,0.0,13.641289252070731
fold2_seed17_all,partial,eu-locality-126,2153,2153,0,42538.135196744624,7585.355951442776,201.5851029030672,7383.770848539708,140.84561111073563,1244.5235055005664,124.307720610236,-1059.4762930979991,60.739491792331506,1120.2157848903305,8644.832244540776,7667.787468634769,0.0,0.0,1149.338039764532,0.0,6234.432808775176,17.831895818562522,0.47389266588840545,17.35800315267411,0.33110433839966336,2.9256654052757063,0.2922265398689811,-2.4906505379179835,0.14278832748874193,2.6334388654067253,20.322546356480505,18.02567844869131,0.0,0.0,2.7019003876138155,0.0,14.656102765060297
fold2_seed17_all,endpoint,eu-locality-007,3935,3935,0,55248.07383451299,11155.291930637282,458.00175897231725,10697.290171664965,312.55713790871897,3462.507191991239,293.80252133957924,-3023.2600495880615,145.44462106359816,3168.70467065166,14178.551980225344,11352.54852113846,0.0,0.0,3970.6993728817115,0.0,6726.590798783254,20.191277553044156,0.8289913605751945,19.36228619246896,0.5657339997860111,6.267199834627069,0.5317878089643795,-5.472154664873506,0.2632573607891832,5.73541202566269,25.663432217917663,20.548315503529142,0.0,0.0,7.187036754937962,0.0,12.175249437531
fold2_seed17_all,endpoint,eu-locality-074,81289,81289,0,1588806.891548704,362163.9557612802,15975.12278409984,346188.83297718037,8523.233706454957,79128.62494054133,9338.563090142245,-62338.172772754195,7451.8890776448825,69790.06185039908,424502.12853403436,367410.94276490284,0.0,0.0,74704.16316394269,0.0,271484.6698132377,22.79471203755024,1.0054791975712003,21.78923283997904,0.5364549808911553,4.980380269084179,0.5877720659330345,-3.9235839864710997,0.4690242166800451,4.392608203151145,26.71829602402134,23.12495903179056,0.0,0.0,4.701903268503836,0.0,17.087329571475205
fold2_seed17_all,endpoint,eu-locality-082,859,859,0,10305.33176383896,2747.2394169985046,90.27452040685222,2656.9648965916526,17.25319388552456,337.7541156297285,16.164666050467982,-248.5681230579329,73.02132652132767,321.5894495792606,2995.8075400564376,2750.5991871510687,0.0,0.0,1270.8998136669984,0.0,1386.0650829246538,26.658427695054602,0.8759981966191742,25.782429498435434,0.16742007225876415,3.277469598939994,0.1568573086330827,-2.412034165946501,0.70857812436041,3.1206122903069113,29.07046186100111,26.69102994629268,0.0,0.0,12.332449287334352,0.0,13.449980211101078
fold2_seed17_all,endpoint,eu-locality-110,7204,7204,0,206538.92520354883,56606.548135038465,2509.1996919052017,54097.34844313327,491.42585043197204,8412.559799006365,333.81204905269755,-6060.973908480437,2017.7738414732298,8078.747749953666,62667.5220435189,56866.29997938637,0.0,0.0,5904.755245742588,0.0,48192.59319739068,27.407205726112604,1.2148798050693486,26.19232592104326,0.23793376960186108,4.073111056773243,0.16162185831252784,-2.934543162993227,0.9769460354674875,3.911489198460714,30.34174888910583,27.53296983769201,0.0,0.0,2.8589067363080916,0.0,23.333419184735167
fold2_seed17_all,endpoint,eu-locality-112,3719,3719,0,89557.75507026992,26884.006933026318,158.9490214266053,26725.05791159971,66.92620210351166,3414.313732606669,169.62528067773476,-3152.6656326058405,92.02281932309364,3244.6884519289342,30036.672565632158,26982.698965998934,0.0,0.0,3554.8912903990704,0.0,23170.16662120064,30.018625312718317,0.17748214133090848,29.841143171387404,0.07472965579697614,3.8124154964890398,0.1894032298427325,-3.520259781112375,0.10275248553393232,3.623012266646307,33.53888509383069,30.128824628115602,0.0,0.0,3.9693841003604735,0.0,25.87175907102693
fold2_seed17_all,endpoint,eu-locality-119,4147,4147,0,118983.77375192338,23771.26308765067,422.7984899598492,23348.46459769082,262.6880343666957,3790.645444484529,454.7714369428969,-3175.7635519484793,160.1104555931535,3335.8740075416326,26947.026639599153,24029.412319991687,0.0,0.0,2346.8839454517533,0.0,21001.58065223907,19.97857551334087,0.3553413012780784,19.623234212062798,0.22077635133206502,3.1858507466638937,0.3822129880424519,-2.669072808675429,0.13456494994601337,2.8036377586214423,22.647648322016305,20.195537225178363,0.0,0.0,1.9724403348854245,0.0,17.650793877177374
fold2_seed17_all,endpoint,eu-locality-124,2645,2645,0,108703.49867999365,22722.361162175013,669.8176747178585,22052.54348745715,121.87507912211747,2826.6996481219776,204.906327788849,-2073.8507247373877,547.9425955957411,2621.7933203331286,24796.211886912402,22879.04876896998,0.0,0.0,4734.933606460052,0.0,17317.6098809971,20.903063321877198,0.6161877794657727,20.28687554241142,0.11211697930799719,2.600375960706974,0.18850021413943785,-1.9078049464097608,0.5040708001577757,2.4118757465675364,22.810868268286956,21.047205514812706,0.0,0.0,4.3558244803131565,0.0,15.931051062098264
fold2_seed17_all,endpoint,eu-locality-126,4579,4579,0,85022.15337384857,20231.65588366135,685.8631299797687,19545.79275368158,420.30206037308227,4500.445304717562,328.7506209001407,-3906.1336142107352,265.5610696066865,4171.694683817422,24137.789497872087,20470.687812211945,0.0,0.0,2237.2629986341767,0.0,17308.529755047406,23.795746262390335,0.8066875546705795,22.989058707719753,0.4943441723064619,5.293261963066,0.38666466074388917,-4.594253919957993,0.31234338236411774,4.906597302322111,28.39000018234833,24.0768870228455,0.0,0.0,2.631388302760069,0.0,20.357670404959688
fold2_seed17_all,easy_complete,eu-locality-007,1075,1075,0,1454.389837910297,289.48520913175,53.8760338615141,235.60917527023594,55.93793900565322,57.975989512783855,9.616782549555248,-50.42111210736772,-2.0619051441391187,48.3592069632286,339.9063212391178,298.7201838305946,0.0,0.0,114.38762800522811,0.0,121.22154726500784,19.90423761126449,3.704373645715547,16.199863965548946,3.8461447919648712,3.9862757564426587,0.6612245423395475,-3.466822360352435,-0.14177114624932435,3.325051214103111,23.371059971616933,20.53921005524922,0.0,0.0,7.864990872707351,0.0,8.334873092841596
fold2_seed17_all,easy_complete,eu-locality-074,11519,11519,0,22513.692900488855,4790.819827178346,1184.0874394680663,3606.7323877102795,733.9984989050749,1175.765046939919,575.4008012149461,-150.27530516198158,450.0889405629916,600.3642457249732,4941.095132340328,5257.4828737015705,0.0,0.0,1164.405490723946,0.0,2442.3268969863334,21.279582378394792,5.259410105226919,16.020172273167873,3.2602314606909166,5.222444190461481,2.5557815137580207,-0.6674840321674573,1.9991786445360036,2.6666626767034614,21.94706641056225,23.352378914200305,0.0,0.0,5.171987980251177,0.0,10.848184292916695
fold2_seed17_all,easy_complete,eu-locality-082,285,285,0,422.64380706794657,96.59687252414142,13.58677516150105,83.01009736264037,7.801647410401955,15.486228194325168,0.23778977526648598,-9.463310667959588,5.785127751099094,15.248438419058683,106.060183192101,96.94661463637651,0.0,0.0,41.51157802700466,0.0,41.498519335635706,22.855385766627823,3.2147105752614906,19.640675191366334,1.8459154682817152,3.6641322871283704,0.05626245346314931,-2.239074726685446,1.3687951069797752,3.6078698336652213,25.094460493313267,22.938136798675682,0.0,0.0,9.821882477111757,0.0,9.818792714254576
fold2_seed17_all,easy_complete,eu-locality-110,1576,1576,0,2693.094742870352,471.43961752119816,153.87205632157867,317.5675611996195,221.1333020474708,137.01109608381165,2.117996391682751,-202.154345418021,-67.26124572589211,134.8930996921289,673.5939629392192,474.4385017596939,0.0,0.0,75.55839610701157,0.0,242.00916509260793,17.505496929481538,5.713577538589633,11.791919390891904,8.211122264929404,5.087496325427549,0.07864544674077636,-7.506395605026544,-2.497544726339772,5.008850878686773,25.011892534508082,17.61685150571525,0.0,0.0,2.8056345328007284,0.0,8.986284858091176
fold2_seed17_all,easy_complete,eu-locality-112,333,333,0,657.6161076069875,97.61720099540668,20.56438746877438,77.05281352663229,23.626881136206016,36.55294084332776,5.715083748996935,-33.90035076176246,-3.0624936674316308,30.837857094330825,131.51755175716914,101.90763035779071,0.0,0.0,19.13880787613787,0.0,57.91400565049442,14.844101272188706,3.1271112782815713,11.716989993907132,3.592807545755281,5.558401082409765,0.869060791377764,-5.155036558505711,-0.46569626747370907,4.689340291032001,19.99913783069442,15.496522846531914,0.0,0.0,2.910331370346518,0.0,8.806658623560615
fold2_seed17_all,easy_complete,eu-locality-119,789,789,0,1367.1533289470863,422.77842472306634,109.86059789620315,312.91782682686323,51.36673881164625,70.71625985342841,12.597278733866041,0.3748779649945335,58.493859084556895,58.11898111956236,422.40354675807185,429.8938724636622,0.0,0.0,56.96962195952942,0.0,255.94820486733377,30.923994827169043,8.035718859772103,22.888275967396943,3.757203945164392,5.172518572433318,0.9214239886003014,0.027420330774694156,4.278514914607711,4.251094583833016,30.89657449639435,31.444452012909565,0.0,0.0,4.167025069777989,0.0,18.72125089761895
fold2_seed17_all,easy_complete,eu-locality-124,500,500,0,942.0627444265967,205.10415794675515,34.35102850316929,170.75312944358586,29.29128217028086,54.87695638102032,1.8774433189058466,-47.939766729226044,5.05974633288843,52.99951306211448,253.0439246759812,207.05650866689044,0.0,0.0,45.98383925001176,0.0,124.76929019357412,21.771815004911954,3.646363122456101,18.125451882455852,3.1092708361065187,5.825191231229737,0.19929068737864014,-5.088808257501514,0.5370922863495823,5.625900543851098,26.860623262413473,21.979057116086157,0.0,0.0,4.881186473200428,0.0,13.244265409255428
fold2_seed17_all,easy_complete,eu-locality-126,1432,1432,0,2062.2638205273456,550.422888922559,169.0731400515834,381.34974887097553,162.81278131249863,108.66965614452798,2.506454741385454,-99.90284266405773,6.260358739084769,106.16320140314251,650.3257315866167,553.4754112719478,0.0,0.0,85.52022915859881,0.0,295.82951971237674,26.690226703478185,8.198424390161167,18.491802313317013,7.894857083361209,5.269435222732068,0.12153899595370507,-4.844328919978404,0.30356730679995736,5.147896226778362,31.534555623456587,26.838244736816335,0.0,0.0,4.146910221056502,0.0,14.344892092260514
fold2_seed17_all,hard_complete,eu-locality-007,607,607,0,23321.33158983397,4741.8416224187695,199.20239387254662,4542.639228546223,99.43472678062327,1421.1124347584255,49.739975458340794,-1271.6047922081614,99.76766709192333,1371.3724593000848,6013.446414626931,4785.97679129212,0.0,0.0,1579.3607034055476,0.0,2963.278525140676,20.332636685659025,0.8541638932803527,19.47847279237868,0.4263681359599894,6.093616178322786,0.21328102671471386,-5.452539394287709,0.4277957573203631,5.880335151608072,25.785176079946737,20.52188475111936,0.0,0.0,6.772172066255464,0.0,12.706300726123212
fold2_seed17_all,hard_complete,eu-locality-074,16945,16945,0,828488.2742177683,179672.8742091623,8064.93298851774,171607.94122064457,2703.090144380173,35950.75680749414,1810.4858067707264,-28778.42815658584,5361.842844137567,34140.27100072341,208451.30236574815,180883.59517174022,0.0,0.0,33883.193150024075,0.0,137724.74807062047,21.686833694635396,0.9734516757201408,20.713382018915258,0.3262677612344415,4.339319930802602,0.21852883898448994,-3.4736071773324126,0.6471839144856992,4.120791091818112,25.16044087196781,21.832969856154524,0.0,0.0,4.089761340559162,0.0,16.623620678356094
fold2_seed17_all,hard_complete,eu-locality-082,75,75,0,3579.9740066669597,875.364969719008,23.455682415910346,851.9092873030977,0.0,130.85572721405487,9.555760292412753,-97.84428450573179,23.455682415910346,121.29996692164212,973.2092542247398,876.2347887084939,0.0,0.0,454.2982518551997,0.0,397.61103544789796,24.45171300374869,0.655191416815569,23.79652158693312,0.0,3.6552144504502877,0.2669226166060739,-2.7331004170286457,0.655191416815569,3.3882918338442143,27.184813420777335,24.476009799978662,0.0,0.0,12.689987441505535,0.0,11.106534145427586
fold2_seed17_all,hard_complete,eu-locality-110,1698,1698,0,132598.62786054797,36070.008499738506,1979.603411579933,34090.40508815857,109.18689990085494,4778.018798714007,211.48004012040798,-2696.1222469145223,1870.4165116790778,4566.5387585936,38766.130746653034,36239.195024289256,0.0,0.0,3649.115389175867,0.0,30441.28969898271,27.20239951326857,1.4929290321630273,25.70947048110554,0.08234391385685015,3.603369714910609,0.15948886012818958,-2.0332957364762434,1.4105851183061768,3.44388085478242,29.23569524974482,27.329992481069628,0.0,0.0,2.752000867621035,0.0,22.957469613484513
fold2_seed17_all,hard_complete,eu-locality-112,591,591,0,33263.43952848459,11330.303184028631,84.13173146036377,11246.171452568266,1.5141874583175792,1162.6375243532152,20.656928571485068,-1059.3630517796837,82.61754400204619,1141.98059578173,12389.666235808316,11340.822040890764,0.0,0.0,1422.9545041270271,0.0,9823.21694844124,34.06233193150731,0.25292553221478786,33.80940639929252,0.0045521072979266925,3.4952414447628306,0.0621009999696389,-3.18476701987633,0.24837342491686115,3.4331404447931915,37.24709895138364,34.09395480939137,0.0,0.0,4.277833333827381,0.0,29.531573065465142
fold2_seed17_all,hard_complete,eu-locality-119,1066,1066,0,72012.9242121934,14074.86566183594,218.43749518516796,13856.42816665077,127.26457736439394,2292.3282125983915,137.9330949796028,-2063.2221997980146,91.17291782077399,2154.395117618789,16138.087861633954,14149.74316048168,0.0,0.0,1540.0085057027713,0.0,12316.419660948002,19.54491616027551,0.30333096117791264,19.241585199097592,0.1767246348577596,3.183217787190274,0.19153936114740866,-2.865072099722712,0.12660632632015292,2.9916784260428653,22.40998825999822,19.64889402183978,0.0,0.0,2.1385168322910757,0.0,17.10306836680652
fold2_seed17_all,hard_complete,eu-locality-124,734,734,0,69466.38966235041,12973.913319275016,273.0100436852157,12700.9032755898,20.799896110104196,1347.9005196533983,144.5474671618697,-951.1429049164171,252.21014757511145,1203.3530524915286,13925.056224191434,13085.956109385026,0.0,0.0,3343.835712342381,0.0,9357.06756324742,18.676533187252502,0.39301026728496075,18.28352291996754,0.0299423882703629,1.9403635718007342,0.2080825962950712,-1.3692130964910652,0.36306787901459775,1.732280975505663,20.04574628374357,18.837823835369683,0.0,0.0,4.813602273841334,0.0,13.469920646126209
fold2_seed17_all,hard_complete,eu-locality-126,858,858,0,53105.55037571877,11481.34887965108,310.42664441993384,11170.922235231144,143.5937868828683,2694.555977604782,181.3104500534558,-2346.4126700142606,166.83285753706556,2513.2455275513257,13827.761549665338,11631.81678579759,0.0,0.0,1257.9901932077273,0.0,9912.932042023418,21.619866093885072,0.5845465158042481,21.03531957808082,0.27039318087648156,5.073963001119376,0.34141525465924866,-4.41839441153236,0.31415333492776654,4.732547746460126,26.038260505417433,21.903203532405072,0.0,0.0,2.3688488007515556,0.0,18.66647077732927
fold2_seed17_easy,all,eu-locality-007,5664,5526,138,75353.06399433021,17032.56093431886,72.22951168952909,16960.33142262933,33.530092711814284,564.211839276309,52.8617395902007,-472.65068070839345,38.69941897771481,511.35009968610825,17505.211615027252,17065.14538678959,0.0,0.0,6717.453841850516,0.0,10242.877580778812,22.60367400003859,0.09585477731199339,22.507819222726596,0.04449731827008015,0.7487576607618265,0.07015207715266651,-0.6272481245672468,0.05135745904191324,0.6786055836091599,23.230922124605836,22.64691637233706,0.0,0.0,8.914639280435841,0.0,13.593179942290757
fold2_seed17_easy,all,eu-locality-074,104353,102348,2005,2014321.9269255607,485018.8951602757,2807.9741676811827,482210.92099259445,72.9290696750277,8636.931719615048,756.5103401001796,-5145.376281508714,2735.0450980061555,7880.42137951487,490164.27144178434,485532.3820621191,0.0,0.0,96832.3462383706,0.0,385378.57475422387,24.07851936063443,0.13940046673507475,23.939118893899355,0.003620527022030615,0.42877613573901313,0.037556575738359445,-0.25543962028760964,0.13577993971304414,0.3912195600006538,24.333958980922038,24.10401115988358,0.0,0.0,4.807193177217946,0.0,19.131925716681412
fold2_seed17_easy,all,eu-locality-082,1448,1368,80,18578.421954519552,4369.1191456825245,84.84852650002823,4284.270619182496,10.71830466059258,141.64432381913252,5.20969550350776,-62.304406476189115,74.13022183943565,136.43462831562476,4431.423552158714,4372.884159251419,0.0,0.0,1981.1890584009177,0.0,2303.0815607815784,23.517170383890726,0.45670470133437363,23.06046568255635,0.057692223197595906,0.7624131057303005,0.02804164700457997,-0.3353589805889428,0.3990124781367778,0.7343714587257205,23.852529364479672,23.537435902555934,0.0,0.0,10.663925403626415,0.0,12.396540278929935
fold2_seed17_easy,all,eu-locality-110,8660,8550,110,261238.56539006036,73123.14308780053,457.59622701178034,72665.54686078875,35.21395666596773,1217.3710063651808,44.163834081296116,-750.8249019380721,422.3822703458126,1173.2071722838848,73873.9679897386,73157.08221766364,0.0,0.0,7660.6284102337195,0.0,65004.91845055502,27.990944973464753,0.17516411726137546,27.815780856203375,0.013479616462213032,0.4659997288484189,0.0169055568098662,-0.2874096712393903,0.16168450079916244,0.4490941720385528,28.278354644704137,28.003936596586104,0.0,0.0,2.932426304973573,0.0,24.8833545512298
fold2_seed17_easy,all,eu-locality-112,5131,5004,127,122942.14514436873,36140.624858146795,161.7791096451726,35978.845748501626,2.6272819146449238,555.7684741349473,21.057433770169048,-375.55921263425046,159.15182773052769,534.7110403647781,36516.18407078105,36158.01331540284,0.0,0.0,4852.55984560769,0.0,31126.285902893927,29.396448887163565,0.13158962653140496,29.26485926063216,0.0021370067291080325,0.4520569195228523,0.01712792122297987,-0.3054763784975755,0.12945261980229691,0.43492899829987236,29.701925265661146,29.410592496936783,0.0,0.0,3.9470271483464168,0.0,25.317832112285735
fold2_seed17_easy,all,eu-locality-119,5787,5639,148,162931.9367731599,32029.284719564952,24.917602785299355,32004.367116779653,1.3822203773491575,317.9903404753592,20.292468294394112,-274.1624897730149,23.535382407950202,297.6978721809651,32303.447209337966,32041.12070150021,0.0,0.0,3796.7553765400107,0.0,28207.61174023964,19.658076466713432,0.015293258816404177,19.642783207897025,0.0008483422002609211,0.1951675937652896,0.012454567653391407,-0.16826810949575494,0.014444916616143258,0.18271302611189819,19.826344576209188,19.665340838677373,0.0,0.0,2.330270818437517,0.0,17.31251238945951
fold2_seed17_easy,all,eu-locality-124,3651,3550,101,150879.22438331656,31426.322949340905,166.28136086192097,31260.04158847898,1.1843842569861975,397.8291874100873,14.78005553823888,-217.95215526691365,165.09697660493478,383.04913187184843,31644.275104607812,31437.944380873927,0.0,0.0,7612.074089212733,0.0,23647.967499266248,20.828794075386213,0.11020825533903494,20.71858582004717,0.0007849882989703124,0.26367393458981564,0.009795951429793526,-0.14445471611995753,0.10942326704006464,0.25387798316002214,20.973248791506165,20.836496548394354,0.0,0.0,5.045143968843491,0.0,15.673441851203682
fold2_seed17_easy,all,eu-locality-126,5891,5790,101,114445.77632729216,27202.83394826843,19.53879491833235,27183.295153350096,2.3374625724659825,567.4255238249248,21.16787029651624,-529.0563211825422,17.20133234586637,546.2576535284086,27731.890269450974,27220.401564503904,0.0,0.0,3045.796096773566,0.0,24137.49905657653,23.769189935392404,0.017072534736848027,23.752117400655553,0.002042419255194971,0.49580294007722975,0.018495982093721258,-0.4622768425018555,0.015030115481653058,0.47730695798350853,24.231466777894262,23.784540101033496,0.0,0.0,2.6613442579682407,0.0,21.09077314268731
fold2_seed17_easy,easy,eu-locality-007,1784,1784,0,2433.238951896821,436.9600139813916,2.2832969920307846,434.67671698936084,7.49138968927989,92.97854530163481,8.68799760326982,-89.4986403956141,-5.208092697249105,84.29054769836499,526.4586543770058,444.97362244831197,0.0,0.0,185.38786844144659,0.0,249.2888485479142,17.957957381898776,0.09383776263530756,17.86411961926347,0.3078772712988179,3.8211843201488196,0.35705484644231616,-3.6781689823700146,-0.21403950866351037,3.464129473706503,21.636126364268794,18.287296531293592,0.0,0.0,7.618975041350882,0.0,10.245144577912585
fold2_seed17_easy,easy,eu-locality-074,17176,17176,0,33363.08269502614,6510.361681065564,27.367092587965004,6482.994588477599,10.940520831750634,1629.8908849654154,55.68302784715657,-1557.7812853620444,16.42657175621437,1574.2078571182587,8068.142966427608,6558.304793659818,0.0,0.0,1599.1236942655728,0.0,4883.8708942120265,19.51366946686898,0.08202806928283328,19.431641397586144,0.03279229599901953,4.885312606944454,0.16690012837290347,-4.669176705287736,0.04923577328381375,4.71841247857155,24.182846172156715,19.657370554183075,0.0,0.0,4.793093338775839,0.0,14.638548058810308
fold2_seed17_easy,easy,eu-locality-082,515,515,0,809.3638437157252,158.4780098320522,6.008946527061116,152.4690633049911,1.5844840593520704,29.96589557303142,0.8540814670141698,-24.687351638308208,4.424462467709047,29.111814106017253,183.1653614703604,159.30087517748842,0.0,0.0,73.90826944771709,0.0,78.56079385727399,19.580564546161618,0.7424283372326739,18.838136208928944,0.19576906871424224,3.7024010654417636,0.10552503347482753,-3.0502167634485047,0.5466592685184317,3.5968760319669366,22.630781309610118,19.682232708363983,0.0,0.0,9.131649507397078,0.0,9.706486701531862
fold2_seed17_easy,easy,eu-locality-110,2009,2009,0,3506.043299868764,612.7884854272097,5.125039554228809,607.6634458729809,2.02389949468021,227.07212638446316,3.287243307748845,-220.68374301716574,3.1011400595485985,223.78488307671432,833.4722284443753,615.9042554477534,0.0,0.0,100.28050478760656,0.0,507.3829410853742,17.478063817698636,0.14617730346971602,17.33188651422892,0.05772602679367842,6.476592185640229,0.09375934712135162,-6.294381561842839,0.0884512766760376,6.382832838518877,23.772445379541473,17.566932372763553,0.0,0.0,2.860218662768945,0.0,14.471667851459973
fold2_seed17_easy,easy,eu-locality-112,575,575,0,1162.8378736515658,174.85924643263343,2.07137625787477,172.78787017475867,0.46815673191715906,56.71236454408225,1.0490734692313364,-54.06007154889329,1.603219525957611,55.6632910748509,228.91931798152672,175.65945318283957,0.0,0.0,34.93962649270884,0.0,137.8482436820498,15.037285110394373,0.17813113115848167,14.859153979235893,0.040259845548979614,4.877065481707522,0.09021665814315248,-4.648977537954867,0.13787128560950207,4.78684882356437,19.68626264834924,15.106100098995777,0.0,0.0,3.004685974235665,0.0,11.854468005000223
fold2_seed17_easy,easy,eu-locality-119,1323,1323,0,2383.9922171861504,641.9823939727454,17.598642726265936,624.3837512464795,1.3822203773491575,135.01161112946028,1.2797312881404057,-117.51545749240313,16.21642234891678,133.73187984131988,759.4978514651486,643.1947539016228,0.0,0.0,89.16873651235568,0.0,535.2150147341238,26.92887960559215,0.7382005108656684,26.190679094726484,0.05797923195322365,5.663257210160519,0.053680178941644584,-4.9293557523064315,0.6802212789124448,5.609577031218874,31.85823535789859,26.979733795473205,0.0,0.0,3.7403115609833,0.0,22.450367533743183
fold2_seed17_easy,easy,eu-locality-124,739,739,0,1401.6296806673035,277.43321221419285,3.8448765922948724,273.58833562189795,0.7924134795385884,83.49805274014047,1.444157371929565,-79.00143225545462,3.052463112756284,82.0538953682109,356.4346444696474,278.81688502277154,0.0,0.0,72.16980983794546,0.0,201.41852578395253,19.793617104491492,0.2743147241619741,19.519302380329517,0.056535152648974116,5.957212086175842,0.10303416029560777,-5.636398354367234,0.217779571513,5.854177925880235,25.43001545885872,19.892335962094442,0.0,0.0,5.148992692819266,0.0,14.370309687510252
fold2_seed17_easy,easy,eu-locality-126,2167,2167,0,3049.212648337907,795.8585629489381,11.06064613545802,784.7979168134801,2.3374625724659825,201.80197356333233,2.894672475406446,-190.18411752493384,8.723183562992036,198.90730108792587,986.042680473872,798.384678480742,0.0,0.0,115.75350416380626,0.0,669.0444126496739,26.100461159465283,0.36273777565126725,25.737723383814014,0.07665790622179493,6.618166616661925,0.09493180073827587,-6.237154946494176,0.2860798694294722,6.523234815923649,32.33761610595946,26.183306005762926,0.0,0.0,3.79617683361317,0.0,21.941546550200847
fold2_seed17_easy,hard,eu-locality-007,1057,1057,0,42981.34190623516,9551.577982114599,7.114456763263192,9544.463525351337,3.357195812110678,189.3492657319395,10.14810748664065,-175.44389729414638,3.7572609511525137,179.20115824529887,9727.021879408745,9556.90153008296,0.0,0.0,3471.517696121176,0.0,6072.945829230161,22.22261464742445,0.016552430537844894,22.20606221688661,0.007810821308079404,0.4405382832043949,0.023610494778825177,-0.4081861791958043,0.008741609229765487,0.4169277884255697,22.630800826620256,22.235000365813548,0.0,0.0,8.076801565884974,0.0,14.129260651001635
fold2_seed17_easy,hard,eu-locality-074,26162,26162,0,1343090.5751722732,313826.84946409217,1989.9884127657317,311836.86105132644,5.106605949344228,2027.4610435445181,264.56418421333484,221.98494748520423,1984.8818068163876,1762.8968593311834,313604.86451660696,314020.8445522353,0.0,0.0,59559.16969804166,0.0,252277.69135328478,23.366022758654143,0.1481648706015589,23.21785788805258,0.00038021307302295846,0.15095490066144374,0.019698164003525986,0.016527920870618207,0.14778465752853595,0.13125673665791773,23.349494837783524,23.38046669056233,0.0,0.0,4.434486459738743,0.0,18.783371428313842
fold2_seed17_easy,hard,eu-locality-082,245,245,0,11825.608795676482,2553.943955901036,25.81892985534843,2528.125026045688,2.6046422013260297,37.33660266060773,1.748661181912727,-12.373653824672605,23.2142876540224,35.587941478695,2566.317609725709,2554.9510728795867,0.0,0.0,1229.3673068163637,0.0,1298.7577192293238,21.596722841320222,0.21833066103783166,21.378392180282393,0.022025438574277068,0.3157266852448073,0.014787071110893238,-0.10463439167035944,0.1963052224635546,0.300939614133914,21.701357232990585,21.605239248347985,0.0,0.0,10.395805645674903,0.0,10.982586534607487
fold2_seed17_easy,hard,eu-locality-110,2779,2779,0,219274.8674986229,59573.413922019565,363.7172436178023,59209.69667840176,33.0700034598438,355.1457877916214,20.672196587338334,-3.826351046324433,330.6472401579585,334.473591204283,59577.24027306588,59586.54201212871,0.0,0.0,6273.242520445495,0.0,52936.454157956265,27.168373011281698,0.16587274582212963,27.002500265459563,0.015081529332152708,0.16196374524948776,0.009427526657822817,-0.0017450021016879483,0.15079121648997693,0.1525362185916649,27.170118013383384,27.174360058615896,0.0,0.0,2.86090357367786,0.0,24.141596691781707
fold2_seed17_easy,hard,eu-locality-112,1522,1522,0,90274.51434361257,26313.079664969988,108.79145672693409,26204.28820824305,0.0,106.19824198749292,6.068847971317929,8.662062710759095,108.79145672693409,100.12939401617498,26304.41760225923,26318.216402674334,0.0,0.0,3487.3457350464773,0.0,22716.942473196577,29.147849596636227,0.1205118161177144,29.027337780518508,0.0,0.11763922825801063,0.006722659230508876,0.00959524709021266,0.1205118161177144,0.11091656902750174,29.138254349546013,29.15353972716941,0.0,0.0,3.8630456894761758,0.0,25.164292091042338
fold2_seed17_easy,hard,eu-locality-119,1922,1922,0,134853.97039563884,25293.332758295575,0.0,25293.332758295575,0.0,18.086178610451217,9.303197562587073,-8.782981047864144,0.0,8.782981047864144,25302.11573934344,25299.575448565687,0.0,0.0,3103.3843984295004,0.0,22189.948359866074,18.756090520797567,0.0,18.756090520797567,0.0,0.013411676762196482,0.006898719804313553,-0.006512956957882929,0.0,0.006512956957882929,18.76260347775545,18.760719743245968,0.0,0.0,2.3012925680457856,0.0,16.454797952751782
fold2_seed17_easy,hard,eu-locality-124,1375,1375,0,134791.52093346108,26938.081184995986,15.651274438846883,26922.42991055714,0.0,131.35935710238988,9.244730664403324,-106.46335199913966,15.651274438846883,122.11462643798654,27044.544536995127,26944.969328916508,0.0,0.0,6741.750638985169,0.0,20180.67927157197,19.984996829506645,0.011611468088243494,19.973385361418405,0.0,0.09745372423480148,0.006858540211121234,-0.07898371593543675,0.011611468088243494,0.09059518402368025,20.063980545442085,19.990107049995903,0.0,0.0,5.001613300522951,0.0,14.971772060895452
fold2_seed17_easy,hard,eu-locality-126,1386,1386,0,89349.29914155114,19919.833562315864,0.018153357730014363,19919.815408958137,0.0,69.5025155487828,10.248332211089565,-59.23602997996321,0.018153357730014363,59.25418333769323,19979.069592295826,19927.827306245446,0.0,0.0,2224.5224178657663,0.0,17695.292991092363,22.294336669343064,2.031729169050896e-05,22.29431635205138,0.0,0.07778742107274263,0.011469963737324566,-0.06629714004372755,2.031729169050896e-05,0.06631745733541806,22.36063380938679,22.303283291203993,0.0,0.0,2.4896920728405254,0.0,19.804624279210845
fold2_seed17_easy,complete,eu-locality-007,2882,2882,0,39518.37789593487,9687.629162648052,23.2336552148465,9664.395507433204,1.736933839581309,330.36372668363566,15.769865051284164,-293.09714025708627,21.496721375265192,314.5938616323515,9980.72630290514,9698.0778870525,0.0,0.0,3323.348004562412,0.0,6341.047502870793,24.51423787727023,0.058792026525047406,24.455445850745182,0.004395255908922269,0.8359749166668583,0.03990514259672171,-0.7416730034540113,0.05439677061612514,0.7960697740701365,25.25591088072424,24.540678042481368,0.0,0.0,8.409626562390542,0.0,16.04581928835464
fold2_seed17_easy,complete,eu-locality-074,67309,67309,0,1309282.3876847532,334606.5011741115,1747.192948625463,332859.308225486,56.001272243966135,6679.293230789806,498.640448873424,-4489.461105534885,1691.1916763814966,6180.652781916382,339095.9622796463,334945.0633091982,0.0,0.0,61070.40371713492,0.0,271788.9045083511,25.556480734901438,0.13344660900198022,25.423034125899456,0.004277249336790898,0.5101491697754386,0.038085019210804955,-0.3428947908994442,0.12916935966518928,0.4720641505646335,25.899375525800878,25.582339337924836,0.0,0.0,4.664418027124593,0.0,20.758616098774866
fold2_seed17_easy,complete,eu-locality-082,582,582,0,6085.866962556297,1750.3394181964454,42.01149801749648,1708.3279201789487,0.15016574860415366,73.16154893081685,1.7716832852929851,-29.528533376631543,41.861332268892326,71.38986564552387,1779.8679515730769,1751.199584449065,0.0,0.0,729.0565904453302,0.0,979.2713297336185,28.76072429722052,0.6903124612479212,28.0704118359726,0.0024674503982433146,1.2021549169731802,0.02911143631948225,-0.48519846980402,0.687845010849678,1.173043480653698,29.245922767024542,28.774858129884166,0.0,0.0,11.979502590689208,0.0,16.090909245283388
fold2_seed17_easy,complete,eu-locality-110,5804,5804,0,165248.38154311868,49838.90954591209,174.87482826167331,49664.034717650415,19.140829123585874,1034.0021395232657,24.836123221829958,-853.4320171633483,155.73399913808746,1009.1660163014358,50692.34156307543,49856.42104104091,0.0,0.0,4680.921130811412,0.0,44983.113586839,30.15999859151873,0.10582544084768708,30.05417315067104,0.011583066015440163,0.6257260312431325,0.015029571236889484,-0.5164540851739962,0.09424237483224693,0.6106964600062431,30.67645267669272,30.170595666640004,0.0,0.0,2.8326577767964447,0.0,27.221515373874595
fold2_seed17_easy,complete,eu-locality-112,2417,2417,0,50698.38249262227,17986.59013253407,34.814325552016285,17951.775806982056,2.4120483553728995,377.6331690907689,7.513970263614893,-337.71692163051057,32.40227719664338,370.1191988271539,18324.30705416458,17992.868142929125,0.0,0.0,2225.7499566803294,0.0,15726.025850301723,35.47764099801707,0.06866949957837912,35.4089714984387,0.004757643610669247,0.7448623615274566,0.01482092700828935,-0.6661295785514573,0.06391185596770986,0.730041434519167,36.14377057656853,35.490024056581056,0.0,0.0,4.390179424371626,0.0,31.018792074067065
fold2_seed17_easy,complete,eu-locality-119,3148,3148,0,89757.17925812905,20085.84386995579,14.703905593249386,20071.13996436254,1.3091064491550675,231.719831582959,13.844697344043517,-204.48033509482113,13.394799144094318,217.87513423891548,20290.32420505061,20093.123971269215,0.0,0.0,1954.9017382420468,0.0,18116.23822612049,22.37798027519528,0.01638187130520559,22.361598403890078,0.0014584977602630103,0.25816300545337467,0.015424612781366616,-0.22781501912706548,0.014923373544942579,0.24273839267200809,22.605795294322345,22.3860911598884,0.0,0.0,2.177989275509677,0.0,20.183609128380397
fold2_seed17_easy,complete,eu-locality-124,2077,2077,0,79958.30508837628,16892.55852986878,140.2060704996124,16752.35245936917,0.6753019272950249,306.96296925967243,10.526937584980555,-156.9052631023745,139.53076857231738,296.4360316746919,17049.463792971153,16900.292657876176,0.0,0.0,3928.3658433849096,0.0,12823.986615984259,21.126709115704468,0.17534897762608337,20.951360138078385,0.0008445675862546455,0.3839037970106952,0.013165533678265624,-0.19623385329260085,0.17450441003982875,0.3707382633324296,21.32294296899707,21.136381816994028,0.0,0.0,4.913017902321675,0.0,16.03834223575671
fold2_seed17_easy,complete,eu-locality-126,3637,3637,0,70784.65460341022,18689.11729884216,14.097762017142564,18675.019536825017,1.1663302151143053,462.8698153098003,13.384417224268558,-436.5539662835034,12.931431802028259,449.48539808553176,19125.671265125664,18699.682950726685,0.0,0.0,1865.7265543802716,0.0,16809.292982444746,26.40278094673611,0.019916409984803922,26.38286453675131,0.0016477161916646757,0.6539126564975857,0.018908642415871493,-0.6167353202885747,0.01826869379313925,0.6350040140817141,27.019516267024688,26.41770741906789,0.0,0.0,2.6357782839140755,0.0,23.74708625283723
fold2_seed17_easy,partial,eu-locality-007,2644,2644,0,35834.68609839535,7344.9317716708065,48.9958564746826,7295.9359151961235,31.79315887223298,233.84811259267332,37.09187453891654,-179.55354045130719,17.20269760244961,196.75623805375676,7524.485312122113,7367.067499737092,0.0,0.0,3394.1058372881043,0.0,3901.830077908018,20.496710230704956,0.1367274610419333,20.35998276966302,0.08872174514082502,0.6525747482496989,0.10350830041337375,-0.5010607319352169,0.04800571590110827,0.5490664478363251,20.99777096264017,20.558482023558124,0.0,0.0,9.471565700250656,0.0,10.88841706941236
fold2_seed17_easy,partial,eu-locality-074,35039,35039,0,705039.5392408075,150412.39398616424,1060.7812190557202,149351.61276710854,16.927797431061574,1957.6384888252428,257.86989122675567,-655.9151759738286,1043.8534216246585,1699.7685975984873,151068.30916213806,150587.3187529208,0.0,0.0,35761.94252123569,0.0,113589.67024587283,21.333894854766523,0.15045698290878526,21.18343787185774,0.0024009713624415403,0.2776636457769793,0.03657523824896858,-0.093032395981667,0.1480560115463437,0.24108840752801075,21.42692725074819,21.358705486939712,0.0,0.0,5.072331483670326,0.0,16.111106388187412
fold2_seed17_easy,partial,eu-locality-082,786,786,0,12492.554991963252,2618.7797274860795,42.83702848253175,2575.9426990035477,10.568138911988427,68.48277488831566,3.4380122182147743,-32.77587309955756,32.26888957054332,65.04476267010088,2651.555600585637,2621.6845748023543,0.0,0.0,1252.1324679555878,0.0,1323.8102310479599,20.962723231322983,0.3429004595944528,20.61982277172853,0.08459549642796972,0.5481887006490842,0.027520488966640746,-0.2623632485159603,0.2583049631664831,0.5206682116824435,21.225086479838943,20.985975859133255,0.0,0.0,10.023029466439118,0.0,10.59679330528941
fold2_seed17_easy,partial,eu-locality-110,2746,2746,0,95990.1838469417,23284.23354188844,282.7213987501071,23001.512143138334,16.073127542381854,183.36886684191518,19.32771085946616,102.60711522527617,266.6482712077252,164.04115598244903,23181.626426663162,23300.66117662273,0.0,0.0,2979.707279422308,0.0,20021.804863716025,24.256890245168844,0.29453157335432556,23.96235867181452,0.016744553347257655,0.19102876928988965,0.02013509099043355,0.1068933417076118,0.2777870200070679,0.1708936782994561,24.14999690346123,24.274004114604164,0.0,0.0,3.1041791566661776,0.0,20.85817951514834
fold2_seed17_easy,partial,eu-locality-112,2587,2587,0,72243.76265174645,18154.03472561272,126.96478409315631,18027.069941519567,0.21523355927202426,178.13530504417835,13.543463506554158,-37.84229100373991,126.74955053388429,164.59184153762422,18191.87701661646,18165.14517247371,0.0,0.0,2626.8098889273606,0.0,15400.260052592204,25.128861038322256,0.1757449770510908,24.95311606127117,0.0002979268401475225,0.24657534229340425,0.018746896630842568,-0.0523813954516184,0.17544705021094328,0.2278284456625617,25.18124243377388,25.14424014712442,0.0,0.0,3.6360369290148795,0.0,21.31707913225629
fold2_seed17_easy,partial,eu-locality-119,2491,2491,0,73174.75751503083,11943.440849609164,10.21369719204997,11933.227152417116,0.07311392819409002,86.27050889240024,6.447770950350598,-69.68215467819374,10.14058326385588,79.82273794204963,12013.123004287358,11947.996730230992,0.0,0.0,1841.8536382979637,0.0,10091.37351411915,16.321804479032078,0.013957951538072368,16.307846527494007,9.991687116841034e-05,0.11789654222588906,0.008811468830663582,-0.09522703872832149,0.013858034666903957,0.10908507339522545,16.4170315177604,16.328030506663115,0.0,0.0,2.5170614851981283,0.0,13.790785042295878
fold2_seed17_easy,partial,eu-locality-124,1473,1473,0,70920.91929494028,14533.764419472122,26.075290362308593,14507.689129109813,0.5090823296911726,90.86621815041491,4.253117953258325,-61.04689216453917,25.566208032617418,86.61310019715658,14594.811311636662,14537.65172299775,0.0,0.0,3683.7082458278232,0.0,10823.98088328199,20.49291600272447,0.03676671230651812,20.45614929041795,0.0007178168793526795,0.1281232943026693,0.005996986496425401,-0.08607741237907847,0.03604889542716544,0.1221263078062439,20.57899341510355,20.498397183121273,0.0,0.0,5.19410673528964,0.0,15.26204255512831
fold2_seed17_easy,partial,eu-locality-126,2153,2153,0,43661.12172388194,8513.716649426271,5.441032901189784,8508.27561652508,1.1711323573516774,104.55570851512452,7.783453072247684,-92.50235489903872,4.269900543838107,96.77225544287683,8606.219004325309,8520.718613777219,0.0,0.0,1180.0695423932948,0.0,7328.2060741317855,19.499537147185578,0.012461963152480405,19.487075184033095,0.0026823231083206154,0.23947096269387466,0.017826965421253158,-0.21186435722846172,0.00977964004415979,0.2216439972726215,19.711401504414038,19.515574216492293,0.0,0.0,2.702792543572731,0.0,16.784282640460365
fold2_seed17_easy,endpoint,eu-locality-007,3935,3935,0,58254.65117044025,13518.560086680838,62.35712102478419,13456.202965656052,3.0438604278779717,466.4792629772641,40.098227308296124,-367.0677750720618,59.313260596906225,426.381035668968,13885.627861752899,13541.340924254408,0.0,0.0,4864.026679737114,0.0,8592.176285918938,23.20597551451903,0.107042304385861,23.098933210133165,0.0052250942486503065,0.8007588297326659,0.0688326622898789,-0.6301089573055764,0.1018172101372107,0.731926167442787,23.836084471824606,23.245081126029632,0.0,0.0,8.349593692538035,0.0,14.74933951759513
fold2_seed17_easy,endpoint,eu-locality-074,81289,81289,0,1660973.3125019502,418233.78426438035,2366.2557834009713,415867.5284809794,61.114975120006804,7998.489222396902,654.2476418826665,-5039.100772233271,2305.140808280965,7344.2415805142355,423272.8850366136,418677.1932453717,0.0,0.0,77627.02222744469,0.0,338240.5062535347,25.180042395406595,0.14246199897315887,25.037580396433437,0.0036794676145607877,0.4815543490189287,0.039389413240912524,-0.30338240441941805,0.1387825313585981,0.44216493577801613,25.483424799826015,25.206738127219612,0.0,0.0,4.673586363077314,0.0,20.363994033356125
fold2_seed17_easy,endpoint,eu-locality-082,859,859,0,10519.522977194716,2925.9355274569675,67.425966142019,2858.5095613149483,1.5844840593520704,117.6276076059892,2.8639785365667416,-48.9221469867555,65.84148208266694,114.76362906942244,2974.857674443723,2927.647977098355,0.0,0.0,1271.883227060779,0.0,1586.6263342541695,27.814336579710943,0.6409603010344844,27.173376278676457,0.015062318536563634,1.118183855494153,0.02722536509284274,-0.46506050790338943,0.6258979824979208,1.0909584904013103,28.27939708761433,27.830615356278095,0.0,0.0,12.09069298881799,0.0,15.082683289858469
fold2_seed17_easy,endpoint,eu-locality-110,7204,7204,0,214205.10213201068,63169.55614410665,184.52695157140792,62985.02919253524,19.140829123585874,1168.17814782379,40.02956317594432,-962.7624622000235,165.3861224478221,1128.1485846478458,64132.318606306675,63199.183516069985,0.0,0.0,6152.197918773109,0.0,56832.83127376213,29.49022012798575,0.0861449842859893,29.404075143699764,0.008935748464007048,0.5453549594275598,0.018687492864327214,-0.4494582307412503,0.07720923582198226,0.5266674665632327,29.939678358727004,29.50405143810323,0.0,0.0,2.8721061531865955,0.0,26.531968990513164
fold2_seed17_easy,endpoint,eu-locality-112,3719,3719,0,92359.1915619385,29268.27377312091,78.11426739470257,29190.159505726206,2.5925339610615383,509.0664360921554,15.249369796748187,-418.29533286176627,75.52173343364103,493.81706629540736,29686.56910598267,29281.215395083997,0.0,0.0,3671.832572907534,0.0,25518.32693281867,31.68961667826297,0.08457660366409453,31.605040074598875,0.002807012401492186,0.5511811304138171,0.016510939018475015,-0.45290060013273986,0.08176959126260235,0.5346701913953422,32.14251727839571,31.703628951155604,0.0,0.0,3.975600598934549,0.0,27.629439475664327
fold2_seed17_easy,endpoint,eu-locality-119,4147,4147,0,122286.5437309027,26378.56121323488,20.246728925095532,26358.314484309783,1.3822203773491575,300.3161109621631,18.05600320428015,-263.39559921013665,18.864508547746375,282.260107757883,26641.956812445016,26389.080560655166,0.0,0.0,2394.723626168266,0.0,23963.59085814152,21.57110701507939,0.01655679219264665,21.554550222886743,0.0011303127353004582,0.24558393900069891,0.014765323030155495,-0.21539213651319727,0.015426479457346194,0.23081861597054348,21.78649915159259,21.579709226818593,0.0,0.0,1.9582887479737494,0.0,19.596261474912996
fold2_seed17_easy,endpoint,eu-locality-124,2645,2645,0,111213.59472045593,24654.388205307434,147.95190989222044,24506.436295415217,1.1843842569861975,375.07143734937995,12.904355787063079,-215.39955592708264,146.76752563523425,362.16708156231687,24869.78776123452,24664.22930739961,0.0,0.0,4857.774582357371,0.0,19648.66171305784,22.168502211692882,0.13303401464911654,22.035468197043773,0.0010649635595029905,0.33725322726250445,0.011603217951455651,-0.19368095822143533,0.13196905108961354,0.32565000931104887,22.36218316991432,22.17735104183538,0.0,0.0,4.367968317693325,0.0,17.667499879350444
fold2_seed17_easy,endpoint,eu-locality-126,4579,4579,0,89072.33050256514,23626.794316049665,19.46801570763825,23607.32630034203,1.7870025900647493,540.5379361302407,19.068459191037093,-503.78846382163016,17.681013117573503,521.4694769392037,24130.582779871293,23642.55188489849,0.0,0.0,2347.365844767004,0.0,21259.96045557502,26.52540265056751,0.02185641219646499,26.503546238371044,0.002006237604856748,0.6068528049961308,0.021407836848377906,-0.5655947935561446,0.019850174591608243,0.5854449681477529,27.090997444123648,26.543093406787673,0.0,0.0,2.6353479599362273,0.0,23.86819827843481
fold2_seed17_easy,easy_complete,eu-locality-007,1075,1075,0,1445.0440315425026,285.414160475646,1.1235733795522684,284.29058709609376,1.736933839581309,70.82383046350242,2.327231746359315,-69.10995917717213,-0.6133604600290404,68.49659871714309,354.5241196528181,287.51230702757067,0.0,0.0,114.86402599318079,0.0,169.42656110291293,19.751243162534124,0.07775357394147482,19.673489588592652,0.12019937120720334,4.901153799991962,0.161049192658519,-4.782550404599172,-0.042445797265728495,4.740104607333443,24.533793567133294,19.89643919159111,0.0,0.0,7.948825328911947,0.0,11.724664259680702
fold2_seed17_easy,easy_complete,eu-locality-074,11519,11519,0,22062.05773488229,4646.841927484894,16.22542461619631,4630.616502868697,8.703873182318173,1366.177363663774,38.51718760385275,-1320.138624626043,7.521551433878137,1327.660176059921,5966.980552110937,4681.192186500966,0.0,0.0,1148.4865202041783,0.0,3482.129982664519,21.06259526344081,0.07354447536660333,20.989050788074202,0.03945177411332983,6.192429464563103,0.1745856531911494,-5.983751110118679,0.03409270125327349,6.017843811371951,27.04634637355949,21.218293609573596,0.0,0.0,5.2057089778543535,0.0,15.783341810219849
fold2_seed17_easy,easy_complete,eu-locality-082,285,285,0,422.9073530478355,96.59687252414142,1.3827840798562536,95.21408844428515,0.15016574860415366,18.682469375390426,0.36896089750086614,-17.080890146637458,1.2326183312521,18.31350847788956,113.67776267077888,96.94661463637651,0.0,0.0,41.51157802700466,0.0,53.70251041728049,22.841142824304416,0.3269709239838744,22.514171900320537,0.03550795405233076,4.417626991053341,0.08724390693181742,-4.038920114189979,0.29146296993154364,4.330383084121523,26.880062938494397,22.923842287842835,0.0,0.0,9.8157617094705,0.0,12.698410190850037
fold2_seed17_easy,easy_complete,eu-locality-110,1576,1576,0,2699.5715308166564,474.1229779325812,3.8094429654832993,470.3135349670979,2.02389949468021,192.195173081657,2.1725607179368747,-188.23706889291705,1.7855434708030886,190.02261236372013,662.3600468254982,476.1754134807925,0.0,0.0,75.55839610701157,0.0,394.7551388600864,17.562897390207425,0.1411128737281835,17.421784516479242,0.07497113788527593,7.119469548692248,0.08047798301086861,-6.972849829838472,0.06614173584290756,7.038991565681379,24.5357472200459,17.638925586711277,0.0,0.0,2.7989032794457627,0.0,14.622881237033482
fold2_seed17_easy,easy_complete,eu-locality-112,333,333,0,656.5529461065249,97.85327340448774,2.07137625787477,95.78189714661296,0.2529231726451348,39.84843711173145,0.6441674996752713,-37.385816526826545,1.818453085229635,39.20426961205618,135.23908993131428,98.45881328979182,0.0,0.0,19.417254485225826,0.0,76.36464266138714,14.904094785466267,0.3154926453621749,14.588602140104092,0.03852289052162723,6.069340994970737,0.09811356471634138,-5.694257675413849,0.27696975484054764,5.971227430254396,20.59835246088012,14.996324953481663,0.0,0.0,2.957454474977773,0.0,11.631147665126319
fold2_seed17_easy,easy_complete,eu-locality-119,789,789,0,1360.8476191701106,419.3518700828102,11.221105625822783,408.13076445698744,1.3091064491550675,98.27339838697837,0.8529700228269934,-87.50842918748367,9.911999176667717,97.42042836415138,506.8602992702938,420.1431165334087,0.0,0.0,57.46248640507244,0.0,350.66827805191497,30.815490593909747,0.8245673848969057,29.990923209012845,0.09619787187880766,7.221484389773831,0.06267931918396288,-6.430435557571771,0.728369513018098,7.158805070589868,37.24592615148152,30.87363424198998,0.0,0.0,4.22255112149257,0.0,25.768372087520273
fold2_seed17_easy,easy_complete,eu-locality-124,500,500,0,945.8807188505785,207.7315747753337,3.6984010561913223,204.03317371914238,0.6753019272950249,64.78714292600165,1.0110787182843746,-60.752965078820985,3.0230991288962974,63.77606420771728,268.4845398541547,208.68830095839286,0.0,0.0,46.57041284230124,0.0,157.46276087684114,21.96170940324974,0.39100078714846515,21.57070861610127,0.07139398381178999,6.849398833790598,0.10689283523117203,-6.422899195222752,0.3196068033366751,6.742505998559427,28.38460859847249,22.062856002814822,0.0,0.0,4.923497425647176,0.0,16.647211190454094
fold2_seed17_easy,easy_complete,eu-locality-126,1432,1432,0,2069.792144789121,557.1917629274164,5.619613234268234,551.5721496931482,1.1663302151143051,155.24321235018425,1.7394662611554264,-149.05046306987487,4.45328301915393,153.50374608902882,706.2422259972914,558.7125459642505,0.0,0.0,86.29715577710034,0.0,465.27499391604783,26.92017960983157,0.27150616299400365,26.648673446837567,0.056350113128540054,7.500425235501176,0.08404062531277268,-7.201228560322938,0.21515604986546363,7.416384610188403,34.12140817015451,26.99365476726043,0.0,0.0,4.169363382422763,0.0,22.4793100644148
fold2_seed17_easy,hard_complete,eu-locality-007,607,607,0,24733.11929958146,5938.384884452536,0.0,5938.384884452536,0.0,123.65706101449771,3.347582542545613,-120.3094784719521,0.0,120.3094784719521,6058.694362924488,5940.771296003488,0.0,0.0,1955.6722467104264,0.0,3982.712637742109,24.009850162947412,0.0,24.009850162947412,0.0,0.4999654896606199,0.013534817432438704,-0.4864306722281811,0.0,0.4864306722281811,24.49628083517559,24.01949881066566,0.0,0.0,7.90709907239044,0.0,16.102751090556968
fold2_seed17_easy,hard_complete,eu-locality-074,16945,16945,0,866472.3348532122,211586.75060976984,1081.9663584023992,210504.78425136744,5.106605949344228,1373.6628152198948,177.80451341638715,-118.99854935045276,1076.8597524530549,1195.8583018035079,211705.74915912029,211723.06376479196,0.0,0.0,35070.07320181669,0.0,175434.71104955077,24.41933136221994,0.12487027166143666,24.294461090558507,0.0005893559140822806,0.15853510377254051,0.020520506687211053,-0.013733681337975104,0.12428091574735436,0.13801459708532948,24.433065043557914,24.435063330747848,0.0,0.0,4.04745446463191,0.0,20.2470066259266
fold2_seed17_easy,hard_complete,eu-locality-082,75,75,0,3691.944676708991,966.6893306205438,22.126314341238462,944.5630162793054,0.0,9.329296879610787,0.37538127394631005,13.172398735573985,22.126314341238462,8.953915605664477,953.5169318849698,966.6893306205438,0.0,0.0,445.61231055227285,0.0,498.9507057270326,26.183743670889815,0.5993132692595469,25.584430401630268,0.0,0.2526933011338335,0.01016757581213069,0.356787543937844,0.5993132692595469,0.2425257253217028,25.826956126951966,26.183743670889815,0.0,0.0,12.069853412578565,0.0,13.514576989051703
fold2_seed17_easy,hard_complete,eu-locality-110,1698,1698,0,137333.5589644519,40180.35175005309,90.73439002317431,40089.61736002992,16.996875917461942,337.5806022296318,12.30860555406991,-251.53448256984956,73.73751410571238,325.2719966755619,40431.88623262294,40187.01071281271,0.0,0.0,3781.227213038348,0.0,36308.390146991565,29.257489613630106,0.066068622052284,29.19142099157783,0.012376345625661313,0.24581071427487933,0.008962562134762654,-0.18315587571349404,0.05369227642662269,0.23684815214011673,29.440645489343602,29.26233836495486,0.0,0.0,2.75331626264568,0.0,26.43810472893214
fold2_seed17_easy,hard_complete,eu-locality-112,591,591,0,34354.02373528319,12271.61613883147,18.98539939481827,12252.630739436652,0.0,74.26428920336039,1.8292266375761557,-53.44966317096598,18.98539939481827,72.43506256578425,12325.065802002437,12272.86673352032,0.0,0.0,1450.352164152025,0.0,10802.278575284628,35.72104459550672,0.055263975891474325,35.66578061961524,0.0,0.2161734816730871,0.005324635773880118,-0.15558487000773266,0.055263975891474325,0.210848845899207,35.876629465514455,35.72468491053498,0.0,0.0,4.221782505967257,0.0,31.443998113647986
fold2_seed17_easy,hard_complete,eu-locality-119,1066,1066,0,74324.70998112953,15972.352021542854,0.0,15972.352021542854,0.0,15.851887736508253,6.275410500568437,-9.576477235939816,0.0,9.576477235939816,15981.928498778794,15976.559228311204,0.0,0.0,1555.8620133662885,0.0,14416.490008176563,21.489962121074015,0.0,21.489962121074015,0.0,0.021327883742207572,0.008443235772008683,-0.012884647970198887,0.0,0.012884647970198887,21.502846769044215,21.49562269717235,0.0,0.0,2.0933307560316208,0.0,19.39663136504239
fold2_seed17_easy,hard_complete,eu-locality-124,734,734,0,70709.07153130556,13847.424990776888,7.237586486063293,13840.187404290824,0.0,113.48117560158985,6.735992056705289,-99.50759705882126,7.237586486063293,106.74518354488455,13946.932587835709,13851.80439608971,0.0,0.0,3425.9463130650993,0.0,10414.241091225726,19.583661177966558,0.010235725529020618,19.573425452437533,0.0,0.16049026404108205,0.009526347766740245,-0.14072819074532117,0.010235725529020618,0.15096391627434178,19.724389368711876,19.58985473307622,0.0,0.0,4.845129824040052,0.0,14.728295628397484
fold2_seed17_easy,hard_complete,eu-locality-126,858,858,0,55801.83027891279,13778.650487423358,0.018153357730014363,13778.632334065629,0.0,66.30302092290648,6.759382455019978,-59.525485110156495,0.018153357730014363,59.54363846788651,13838.175972533518,13783.321224235957,0.0,0.0,1310.657237179546,0.0,12467.975096886083,24.692112101975685,3.253183209095279e-05,24.692079570143594,0.0,0.11881872080450744,0.012113191307945883,-0.10667299766447061,3.253183209095279e-05,0.10670552949656156,24.79878509964016,24.70048232350651,0.0,0.0,2.348771053975332,0.0,22.343308516168264
fold2_seed29_all,all,eu-locality-007,5664,5526,138,71812.00891542302,13955.60826066085,648.2625691664932,13307.345691494356,454.5966344939284,4045.150876653672,372.74736597507297,-3478.737576006034,193.66593467256493,3672.4035106785986,17434.345836666886,14209.5267589016,0.0,0.0,4288.089547524229,0.0,9019.25614397013,19.433529950536744,0.9027216742118828,18.530808276324862,0.6330370663064613,5.632972726633884,0.5190599338532336,-4.844228184875228,0.26968460790542154,5.113912792780649,24.277758135411975,19.787117744661547,0.0,0.0,5.971270839358566,0.0,12.559537436966297
fold2_seed29_all,all,eu-locality-074,104353,102348,2005,1936436.0579052318,421283.23211147304,14088.612681014629,407194.61943045846,7323.025263704645,89144.41381374336,10857.311399024857,-71521.51499740852,6765.587417309984,78287.10241471851,492804.7471088816,427386.274841683,0.0,0.0,127237.90762931712,0.0,279956.7118011413,21.75559737134839,0.7275537254896602,21.028043645858734,0.3781702594211365,4.603529946151522,0.5606852524100339,-3.6934612276729637,0.3493834660685237,4.042844693741488,25.44905859902136,22.070766194263825,0.0,0.0,6.570726005120902,0.0,14.45731764073783
fold2_seed29_all,all,eu-locality-082,1448,1368,80,18107.63475472769,3932.114243939789,297.3594973879603,3634.7547465518287,40.93026225208094,620.9519638659135,41.942798561756376,-322.57993016827777,256.42923513587937,579.009165304157,4254.694174108066,3956.6432762610107,0.0,0.0,1710.8777545580813,0.0,1923.8769919937474,21.715228395100915,1.6421774650072576,20.073050930093657,0.22603870028577053,3.429227352312208,0.23163046488335867,-1.7814581227073623,1.416138764721487,3.1975968874288485,23.496686517808275,21.850690771349793,0.0,0.0,9.448377867857044,0.0,10.624673062236612
fold2_seed29_all,all,eu-locality-110,8660,8550,110,252863.50485850783,64588.82498024544,1987.7644813950296,62601.0604988504,281.035712671553,9519.91206625566,369.2448956929488,-7443.938401839236,1706.7287687234762,9150.667170562712,72032.76338208467,64845.46420554623,0.0,0.0,12554.897331499731,0.0,50046.16316735067,25.542960426965024,0.786101767634401,24.75685865933062,0.11114127079303483,3.7648422502023835,0.14602538072845397,-2.943856372632564,0.6749604968413659,3.6188168694739304,28.486816799597587,25.64445361216959,0.0,0.0,4.965088710023593,0.0,19.791769949307028
fold2_seed29_all,all,eu-locality-112,5131,5004,127,119925.55485990032,33632.16103776705,305.43989912426593,33326.72113864278,67.96085059800035,3726.588146349907,235.3818488824118,-3253.72724894123,237.4790485262656,3491.2062974674955,36885.88828670828,33776.98383138816,0.0,0.0,10179.340227695058,0.0,23147.380910947722,28.04419881738874,0.2546912536540586,27.789507563734677,0.056669198385109594,3.1074178899596414,0.1962733040154703,-2.7131225306752222,0.198022055268949,2.911144585944171,30.757321348063964,28.16495939572444,0.0,0.0,8.488049306577558,0.0,19.30145825715712
fold2_seed29_all,all,eu-locality-119,5787,5639,148,159216.9485172861,29459.81039590844,250.98951381270822,29208.82088209573,239.47513598993507,4400.695183690415,568.9988478695204,-3820.181957998122,11.514377822773149,3831.696335820895,33279.992353906564,29781.435163492482,0.0,0.0,5486.10236482075,0.0,23722.718517274985,18.502936195081016,0.1576399473486068,18.34529624773241,0.15040806787220606,2.7639615158260833,0.35737329044950544,-2.399356345900177,0.007231879476400742,2.4065882253765776,20.902292540981197,18.704940297394987,0.0,0.0,3.4456773703492547,0.0,14.89961887738316
fold2_seed29_all,all,eu-locality-124,3651,3550,101,147934.12497906087,29757.72560139666,863.1281921753824,28894.59740922128,208.47662034558206,3399.5132123433955,335.66170634823953,-2409.199934165356,654.6515718298002,3063.851505995156,32166.925535562023,30009.807202540454,0.0,0.0,7849.939495142562,0.0,21044.65791407872,20.115524802413695,0.5834544208765575,19.532070381537135,0.14092530737927478,2.297991226043737,0.22689944351632885,-1.6285626690301258,0.44252911349728263,2.071091782527408,21.744087471443823,20.285926054443593,0.0,0.0,5.306375047848947,0.0,14.225695333688192
fold2_seed29_all,all,eu-locality-126,5891,5790,101,109844.14113699752,22839.70735159328,314.8742981898498,22524.833053403432,231.78403018781586,5366.841589405944,342.3127374476543,-4941.4385839562565,83.09026800203394,5024.52885195829,27781.14593554954,23091.911776287503,0.0,0.0,5238.110523804657,0.0,17286.722529598774,20.792831656908866,0.28665552384549925,20.506176133063374,0.2110117369835274,4.885869682127537,0.31163495285626763,-4.498590942409298,0.07564378686197183,4.57423472927127,25.29142259931817,21.022433729521623,0.0,0.0,4.768675388222745,0.0,15.737500744840625
fold2_seed29_all,easy,eu-locality-007,1784,1784,0,2463.2081847795243,453.4880873987662,82.79418952571783,370.6938978730483,75.3570218479138,64.15511680323233,19.616586036731757,-37.101363088696544,7.4371676778040285,44.53853076650057,490.58945048746267,474.7005304865661,0.0,0.0,145.44944871392556,0.0,225.24444915912275,18.41046527049263,3.361233940245637,15.049231330246986,3.0593038101105052,2.604534898822395,0.7963836007831222,-1.506221167904141,0.30193013013513154,1.8081512980392724,19.916686438396766,19.271636616823574,0.0,0.0,5.904878426950517,0.0,9.144352903296472
fold2_seed29_all,easy,eu-locality-074,17176,17176,0,34173.833445471704,6837.329403227521,903.7097714000226,5933.619631827498,574.3549226204245,1410.6082986667188,810.4214443268328,-270.83200556028794,329.3548487795982,600.1868543398862,7108.161408787808,7480.570363779987,0.0,0.0,2563.1150582129826,0.0,3370.504573614515,20.0074990537344,2.644449510886731,17.36304954284767,1.6806862582065139,4.127743821650875,2.371467765300471,-0.7925128036701872,0.9637632526802178,1.756276056350405,20.800011857404584,21.889760701608438,0.0,0.0,7.500226927431856,0.0,9.862822615415809
fold2_seed29_all,easy,eu-locality-082,515,515,0,810.5358055966196,158.94183424533793,35.288026344002716,123.65380790133523,26.254980520287692,22.496010182500548,1.0114350306736175,-12.451529328111903,9.033045823715025,21.48457515182693,171.39336357344985,160.23901073328125,0.0,0.0,83.12455658927355,0.0,40.529251312061675,19.609477230724426,4.353666562333775,15.255810668390653,3.2392129180476994,2.77544928023774,0.12478597782970487,-1.5362096581219598,1.114453644286075,2.6506633024080353,21.145686888846388,19.769516611956757,0.0,0.0,10.255507038098976,0.0,5.000303630291678
fold2_seed29_all,easy,eu-locality-110,2009,2009,0,3508.220496962999,617.2741065163038,87.97969751350627,529.2944090027977,119.42856530706388,191.05972210338763,4.185692498473767,-218.32289739847144,-31.4488677935576,186.87402960491386,835.5970039147755,621.6597225137523,0.0,0.0,234.53933362596757,0.0,294.7550753768302,17.595077249296804,2.50781550332052,15.087261745976287,3.4042491174785323,5.4460579735163295,0.11931098692619928,-6.223180600748143,-0.8964336141580126,5.3267469865901305,23.818257850044954,17.720086951544566,0.0,0.0,6.6854216782840155,0.0,8.401840067692271
fold2_seed29_all,easy,eu-locality-112,575,575,0,1166.6207217343317,173.99153446519875,40.84385812886354,133.1476763363352,21.055171281965904,50.69511759308375,8.928817765371127,-21.97761298081499,19.788686846897633,41.766299827712615,195.96914744601372,180.78885643635047,0.0,0.0,45.43364586306859,0.0,87.7140304732666,14.914147436584013,3.5010400010848337,11.413107435499178,1.8048000425249335,4.3454669241361445,0.7653573778543288,-1.8838695877219154,1.6962399585599,3.580109546281815,16.798017024305928,15.496797979688257,0.0,0.0,3.8944658719524234,0.0,7.5186415635467565
fold2_seed29_all,easy,eu-locality-119,1323,1323,0,2394.6719309399505,647.2723838826785,116.89609984187564,530.3762840408028,54.61622242398575,111.48612959183083,19.855246036621136,-29.351006137319793,62.27987741788991,91.63088355520969,676.6233900199983,662.2303604270433,0.0,0.0,133.61345227616496,0.0,396.76283176463784,27.02968934991495,4.881507914781124,22.14818143513383,2.2807392410762475,4.6555909455234055,0.829142638709078,-1.225679633109451,2.6007686737048767,3.8264483068143273,28.255368983024404,27.654325081895717,0.0,0.0,5.5796140819890665,0.0,16.568567353144758
fold2_seed29_all,easy,eu-locality-124,739,739,0,1402.502329616682,277.52193489430636,44.49569619298912,233.02623870131725,34.55033359037628,68.5034263616365,1.7495294893739346,-56.808534269649726,9.945362602612843,66.75389687226257,334.3304691639561,278.94953683541075,0.0,0.0,90.02644120612703,0.0,142.99979749519022,19.78762737386368,3.1725933892138527,16.61503398464983,2.4634778039776406,4.884371663065913,0.12474342840144151,-4.05051264942826,0.7091155852362121,4.759628234664472,23.83814002329194,19.889417004508683,0.0,0.0,6.418986928223654,0.0,10.196047056426174
fold2_seed29_all,easy,eu-locality-126,2167,2167,0,3042.6994360981516,793.058788323709,187.1654763937691,605.89331192994,184.82312755303545,154.14545791350253,4.145428592911923,-147.65768047985696,2.3423488407336706,150.0000293205906,940.7164688035662,797.4793943651575,0.0,0.0,198.38824488584135,0.0,407.5050670440986,26.06431574919865,6.151296910015646,19.913018839183003,6.074314319722817,5.066075738035207,0.1362418037000681,-4.852851344042311,0.0769825902928294,4.929833934335139,30.917167093240963,26.20960141195597,0.0,0.0,6.520139404247147,0.0,13.392879434935857
fold2_seed29_all,hard,eu-locality-007,1057,1057,0,41026.271113657414,7718.451178234458,334.7960403201047,7383.655137914353,181.17417136839055,2002.1540465671678,92.15849504608055,-1756.3736825693732,153.6218689517141,1909.9955515210872,9474.82486080383,7785.885432344263,0.0,0.0,2290.162345832506,0.0,5093.492792081846,18.813435802760612,0.8160528150184552,17.997382987742153,0.44160526036225284,4.880175536841958,0.22463288167420487,-4.281095100511551,0.3744475546562024,4.655542655167753,23.094530903272158,18.977804272717307,0.0,0.0,5.582184984562548,0.0,12.415198003179604
fold2_seed29_all,hard,eu-locality-074,26162,26162,0,1292731.8163543753,269049.5297385115,9624.239348696789,259425.2903898147,2631.8465213961335,50796.28891892758,2979.663560845586,-40824.232530781344,6992.392827300655,47816.625358082005,309873.76226929284,271001.26076467556,0.0,0.0,76996.3889394856,0.0,182428.9014503291,20.81247837600658,0.7444884721595267,20.067989903847057,0.20358797455903785,3.92937562735772,0.23049355814947883,-3.157981571607752,0.540900497600489,3.698882069208241,23.970459947614337,20.963455632191714,0.0,0.0,5.9560991665404055,0.0,14.111890737306652
fold2_seed29_all,hard,eu-locality-082,245,245,0,11434.554578424675,2210.709766877589,113.92123309481113,2096.7885337827774,3.740274726174583,429.40054107149615,15.348204793371846,-303.87137790948776,110.18095836863654,414.05233627812424,2514.5811447870765,2216.9240052726127,0.0,0.0,994.7771958290715,0.0,1102.011337953706,19.33358883125079,0.9962892066627917,18.337299624587995,0.03271027918509333,3.7552887445367733,0.13422652092047077,-2.6574832961386043,0.9635789274776982,3.6210622236163026,21.991072127389394,19.387934965613987,0.0,0.0,8.699745923694046,0.0,9.637553700893951
fold2_seed29_all,hard,eu-locality-110,2779,2779,0,212528.25414330722,52329.51042410373,1758.643808077061,50570.86661602667,90.3402083999415,7032.128272024009,268.93483257705543,-5094.889839769832,1668.3035996771196,6763.193439446953,57424.40026387357,52525.31600182624,0.0,0.0,9231.079204480928,0.0,41339.78741154574,24.622378156279442,0.8274870629159793,23.794891093363464,0.04250738743613137,3.308796894027212,0.12654074332898504,-2.397276475218378,0.784979675479848,3.182256150698227,27.019654631497822,24.714509707687416,0.0,0.0,4.343459763357599,0.0,19.45143133000586
fold2_seed29_all,hard,eu-locality-112,1522,1522,0,88416.99863321222,24726.968498637667,145.76422024924773,24581.20427838842,14.277890355173877,2056.0351162640127,127.96787217732562,-1796.5809141926131,131.48632989407386,1928.067244086687,26523.54941283028,24815.635437255063,0.0,0.0,7179.707220513326,0.0,17401.497057875094,27.966306118594524,0.16485995057798092,27.801446168016543,0.016148354474691082,2.32538442612516,0.14473220552100582,-2.0319406245008644,0.14871159610328985,2.1806522206041543,29.99824674309539,28.066588801775417,0.0,0.0,8.120279280568568,0.0,19.68116688744798
fold2_seed29_all,hard,eu-locality-119,1922,1922,0,131780.86340015556,23138.808575595947,79.18768738177263,23059.620888214173,124.07686565856459,3202.5606601462073,231.77841537579525,-3015.671423047204,-44.88917827679194,2970.782244770412,26154.47999864315,23272.185932267825,0.0,0.0,4071.044538021184,0.0,18988.57635019299,17.558549836886737,0.06009042992935737,17.498459406957377,0.09415393286793272,2.430216783768945,0.17588169434889409,-2.2883985923586265,-0.03406350293857533,2.254335089420051,19.846948429245362,17.65976131268871,0.0,0.0,3.0892531988194416,0.0,14.409206208137938
fold2_seed29_all,hard,eu-locality-124,1375,1375,0,132270.32371391563,25583.752726684797,615.9653058604785,24967.787420824316,151.82103518487713,2698.420447754955,274.5654329884709,-1959.7107440908828,464.1442706756013,2423.8550147664846,27543.463470775678,25797.63600057381,0.0,0.0,6736.768997312495,0.0,18231.01842351182,19.342020196472262,0.4656867002100451,18.876333496262212,0.11478087519710564,2.0400800209662338,0.20757901340161683,-1.4815951825516775,0.35090582501293943,1.8325010075646173,20.823615379023934,19.503721829827008,0.0,0.0,5.0931825130203014,0.0,13.783150983241912
fold2_seed29_all,hard,eu-locality-126,1386,1386,0,85662.02600534291,16211.488122671683,66.50067011365277,16144.98745255803,10.261146691729376,3926.3751506888534,210.90199809314237,-3659.2336291737874,56.23952342192341,3715.473152595711,19870.72175184547,16381.108220296224,0.0,0.0,3691.1636539776246,0.0,12453.823798580406,18.924941282220594,0.07763144676207519,18.84730983545852,0.01197864114384753,4.5835655935150985,0.2462024399002517,-4.271710347996618,0.06565280561822766,4.337363153614846,23.196651630217215,19.12295212265293,0.0,0.0,4.30898476968943,0.0,14.538325065769094
fold2_seed29_all,complete,eu-locality-007,2882,2882,0,37207.504836384345,7651.684604897759,325.4265264598947,7326.258078437864,221.61714590035604,2559.302869771109,182.27539081538885,-2273.218098396181,103.8093805595387,2377.0274789557197,9924.90270329394,7778.941086424532,0.0,0.0,2338.8332978231465,0.0,4987.424780614718,20.564895814823238,0.8746260408778278,19.690269773945413,0.5956248527679874,6.878458743808122,0.4898887781293682,-6.109568777568914,0.27900118810984054,6.388569965678753,26.67446459239215,20.906914130983832,0.0,0.0,6.285918145029861,0.0,13.404351628915553
fold2_seed29_all,complete,eu-locality-074,67309,67309,0,1247109.35665642,284046.87625797756,9413.70850021353,274633.1677577641,5499.116056983046,69517.32511528254,7171.0137561489755,-58431.71891590308,3914.5924432304837,62346.31135913357,342478.5951738807,287902.7736046931,0.0,0.0,82711.34634795184,0.0,191921.82140981223,22.776420908229365,0.7548422638293955,22.021578644399977,0.44094898555861434,5.574276605674977,0.5750108214547377,-4.685372505949459,0.31389327827078106,4.99926578422024,27.461793414178825,23.08560769494817,0.0,0.0,6.632244871428617,0.0,15.389333772971355
fold2_seed29_all,complete,eu-locality-082,582,582,0,5917.449014863747,1625.3223803330097,129.49249240122418,1495.8298879317856,20.646987787185804,239.0427144938527,12.630576156033767,-117.56663372378057,108.84550461403839,226.41213833781896,1742.8890140567905,1629.0205725919022,0.0,0.0,796.6688908575601,0.0,699.1609970742255,27.466605563485935,2.1883161490020178,25.27828941448392,0.3489170373132689,4.039624403918195,0.21344630303206075,-1.9867789891973853,1.839399111688749,3.8261781008861337,29.453384552683328,27.52910195761799,0.0,0.0,13.463046134515851,0.0,11.815243279968067
fold2_seed29_all,complete,eu-locality-110,5804,5804,0,159162.2589593443,43430.23516411215,1559.1580184331683,41871.07714567898,163.0191125401061,6964.248729725711,229.43629771570673,-5338.673526116942,1396.1389058930622,6734.812432010005,48768.908690229095,43594.68362749874,0.0,0.0,8292.094931286085,0.0,33578.9822143929,27.286767257560587,0.9796028459431658,26.307164411617418,0.10242322118696932,4.375565398016014,0.14415245122545847,-3.3542333220343585,0.8771796247561966,4.231412946790555,30.641000579594948,27.39008852509085,0.0,0.0,5.209837423458648,0.0,21.097326988158773
fold2_seed29_all,complete,eu-locality-112,2417,2417,0,48894.34382333869,16567.376569186934,175.04037576688427,16392.33619342005,44.92930268889329,2172.855051319505,54.30357337578712,-1988.440404865727,130.11107307799097,2118.551477943718,18555.816974052657,16598.12705951811,0.0,0.0,5011.405044891157,0.0,11380.931148528893,33.8840349899099,0.35799718756698484,33.52603780234292,0.09189059342166123,4.443980389981915,0.11106309877476349,-4.066810697061828,0.26610659414532356,4.332917291207152,37.950845686971725,33.946926702788346,0.0,0.0,10.24945761210741,0.0,23.276580190235507
fold2_seed29_all,complete,eu-locality-119,3148,3148,0,86707.46832428954,18094.713903385826,156.52631961700502,17938.187583768828,189.45893827488567,3450.3870971988817,316.4024151477331,-3166.9173007090294,-32.93261865788067,3133.984682051149,21261.631204094854,18252.9011528106,0.0,0.0,3130.943068119472,0.0,14807.24451564935,20.868691305471913,0.18052230406680778,20.688169001405114,0.2185035982901742,3.9793424532870576,0.36490791538783596,-3.6524158321225886,-0.037981294223366435,3.6144345378992218,24.521107137594502,21.051129165187927,0.0,0.0,3.610926634842589,0.0,17.07724236656252
fold2_seed29_all,complete,eu-locality-124,2077,2077,0,78185.01377141647,16098.764681938814,635.7801312540046,15462.98455068481,59.97407777984206,2076.2511440901076,211.41090732457135,-1289.0341832913737,575.8060534741626,1864.8402367655365,17387.798865230186,16246.99083127922,0.0,0.0,4201.882105936718,0.0,11261.102444748092,20.590601581276864,0.8131739071029471,19.777427674173918,0.07670789437370143,2.6555615250772786,0.2703982478568811,-1.6486972644911517,0.7364660127292458,2.3851632772203977,22.239298845768012,20.780185418626772,0.0,0.0,5.374280700674222,0.0,14.403146973499695
fold2_seed29_all,complete,eu-locality-126,3637,3637,0,67310.19865325844,15285.194106263549,240.22705873992246,15044.967047523625,154.31250364494474,4063.7395285442644,241.20964504746576,-3736.615328401821,85.91455509497771,3822.529883496799,19021.809434665367,15461.512238340889,0.0,0.0,3387.986424608226,0.0,11656.980622915398,22.708585640942246,0.35689548322005027,22.351690157722196,0.2292557543023602,6.037331058073681,0.3583552713757872,-5.551336057780204,0.12763972891769002,5.678975786697895,28.259921698722447,22.970534254384358,0.0,0.0,5.033392401738538,0.0,17.318297755983657
fold2_seed29_all,partial,eu-locality-007,2644,2644,0,34604.504079038685,6303.923655763092,322.8360427065985,5981.087613056494,232.97948859357234,1485.8480068825631,190.47197515968415,-1205.5194776098529,89.85655411302619,1295.3760317228791,7509.443133372944,6430.585672477067,0.0,0.0,1949.2562497010824,0.0,4031.831363355411,18.217061112520398,0.9329307016486129,17.28413041087179,0.6732634805614719,4.293799453067729,0.5504253860267299,-3.4837068459538587,0.25966722108714124,3.743374067041,21.700767958474255,18.583088657445394,0.0,0.0,5.632955309080195,0.0,11.651175101791592
fold2_seed29_all,partial,eu-locality-074,35039,35039,0,689326.7012488116,137236.35585349548,4674.904180801099,132561.45167269438,1823.9092067215986,19627.088698460808,3686.2976428758825,-13089.796081505425,2850.9949740794996,15940.791055584927,150326.1519350009,139483.50123698983,0.0,0.0,44526.56128136528,0.0,88034.8903913291,19.908753803511843,0.6781841139088124,19.23056968960303,0.26459285610398264,2.8472839747689447,0.534767859158457,-1.8989248578056577,0.4135912578048295,2.3125161156104874,21.8076786613175,20.234745148315884,0.0,0.0,6.45942790272003,0.0,12.771141786882998
fold2_seed29_all,partial,eu-locality-082,786,786,0,12190.185739863942,2306.7918636067793,167.8670049867361,2138.9248586200433,20.283274464895136,381.90924937206074,29.312222405722608,-205.01329644449714,147.583730521841,352.59702696633815,2511.8051600512763,2327.6227036691084,0.0,0.0,914.2088637005212,0.0,1224.715994919522,18.92335287446183,1.377066835313124,17.546286039148708,0.1663902002622113,3.132923956385289,0.24045755357005552,-1.6817897677643208,1.2106766350509128,2.892466402815234,20.60514264222615,19.094234930788573,0.0,0.0,7.49954826948129,0.0,10.046737769667416
fold2_seed29_all,partial,eu-locality-110,2746,2746,0,93701.24589916354,21158.58981613328,428.6064629618611,20729.983353171418,118.01660013144688,2555.663336529949,139.80859797724204,-2105.264875722293,310.58986283041423,2415.854738552707,23263.854691855573,21250.780578047485,0.0,0.0,4262.802400213646,0.0,16467.180952957773,22.58090552915707,0.4574181045822009,22.12348742457487,0.1259498729167916,2.72745929043486,0.14920676522027987,-2.246784293549171,0.33146823166540934,2.5782525252145803,24.82768982270624,22.67929350791822,0.0,0.0,4.549355090540691,0.0,17.57413233403418
fold2_seed29_all,partial,eu-locality-112,2587,2587,0,71031.21103656164,17064.784468580114,130.39952335738167,16934.384945222733,23.031547909107054,1553.733095030402,181.07827550662464,-1265.2868440755028,107.36797544827462,1372.6548195237774,18330.071312655615,17178.85677187005,0.0,0.0,5167.935182803902,0.0,11766.44976241883,24.024346790027863,0.18358059992847592,23.84076619009939,0.03242454629874198,2.187394910429803,0.2549277604367732,-1.7813110963632963,0.15115605362973397,1.9324671499930302,25.80565788639116,24.184941409808765,0.0,0.0,7.275583658771958,0.0,16.565182531327427
fold2_seed29_all,partial,eu-locality-119,2491,2491,0,72509.48019299659,11365.096492522614,94.46319419570321,11270.63329832691,50.016197715049394,950.3080864915337,252.5964327217873,-653.2646572890926,44.44699648065381,697.7116537697464,12018.361149811706,11528.53401068188,0.0,0.0,2355.1592967012775,0.0,8915.474001625633,15.673945616866146,0.1302770257685933,15.54366859109755,0.06897883915582154,1.3105983989433152,0.3483633202850964,-0.9009368920454471,0.061298186612771734,0.9622350786582188,16.57488250891159,15.899347202595692,0.0,0.0,3.248070859744976,0.0,12.295597731352574
fold2_seed29_all,partial,eu-locality-124,1473,1473,0,69749.11120764438,13658.960919457848,227.34806092137774,13431.612858536471,148.50254256574,1323.262068253288,124.25079902366818,-1120.165750873982,78.84551835563774,1199.0112692296198,14779.12667033183,13762.816371261237,0.0,0.0,3648.0573892058437,0.0,9783.55546933063,19.58298920655042,0.3259511941945158,19.257038012355906,0.21290958407146607,1.8971740934646644,0.17813961622216415,-1.6059928671194506,0.11304161012304971,1.7190344772425004,21.188982073669873,19.73188780899169,0.0,0.0,5.230256452079383,0.0,14.026781560276525
fold2_seed29_all,partial,eu-locality-126,2153,2153,0,42533.94248373908,7554.513245329734,74.64723944992733,7479.866005879807,77.47152654287109,1303.10206086168,101.10309240018847,-1204.8232555544355,-2.824287092943764,1201.9989684614916,8759.336500884168,7630.39953794662,0.0,0.0,1850.12409919643,0.0,5629.741906683375,17.76114040737667,0.17550040059998037,17.58564000677669,0.18214047891866314,3.063675701728947,0.23769979102887215,-2.8326159890187577,-0.006640078318682783,2.825975910700075,20.593756396395424,17.93955390066123,0.0,0.0,4.3497592538094505,0.0,13.235880752967235
fold2_seed29_all,endpoint,eu-locality-007,3935,3935,0,55293.05152459793,10956.588966332858,520.9730334460096,10435.615932886849,320.3108580972623,3355.2766046934557,289.4953897879629,-2865.1190395567455,200.66217534874727,3065.7812149054926,13821.708005889603,11157.692323482865,0.0,0.0,3305.3981699563647,0.0,7130.217762930484,19.815489766302115,0.9422034398196435,18.873286326482468,0.5792967638162768,6.068170434038735,0.5235655870054062,-5.181698171029962,0.36290667600336673,5.544604847033328,24.997187937332075,20.17919433967069,0.0,0.0,5.977963014911393,0.0,12.895323311571078
fold2_seed29_all,endpoint,eu-locality-074,81289,81289,0,1587984.7447135868,358654.18743340974,11829.86594882304,346824.3214845867,6425.348144341411,82486.7199348282,9142.286409946406,-67939.91572040017,5404.51780448163,73344.43352488181,426594.1031538099,363705.86750673444,0.0,0.0,105387.59516283241,0.0,241436.72632175434,22.585493256618005,0.7449609316591204,21.84053232495888,0.40462278782787076,5.194427730456927,0.5757162617828129,-4.278373324842866,0.3403381438312497,4.618711468674116,26.86386658146087,22.903612186295494,0.0,0.0,6.636562190768426,0.0,15.20397013419046
fold2_seed29_all,endpoint,eu-locality-082,859,859,0,10190.415505581088,2642.9973147803894,203.28553482106346,2439.711779959326,29.83896470455705,439.2889021297867,13.975888374816746,-251.86644363846352,173.44657011650642,425.3130137549699,2894.8637584188527,2647.5450003719106,0.0,0.0,1145.9074104702315,0.0,1293.8043694890946,25.936109409207823,1.9948699315521334,23.94123947765569,0.2928140141902442,4.310804617232702,0.13714738488496794,-2.4716013149858442,1.7020559173618894,4.1736572323477334,28.407710724193667,25.980736496190005,0.0,0.0,11.244952768046021,0.0,12.696286709609668
fold2_seed29_all,endpoint,eu-locality-110,7204,7204,0,206469.34073317552,55346.4612383367,1627.1068787483862,53719.35435958831,234.41290465560593,8772.758196451769,290.77051764911175,-7089.293704709878,1392.6939740927803,8481.987678802658,62435.75494304657,55552.614662021726,0.0,0.0,10416.979504705087,0.0,43302.37485488322,26.80614034112796,0.7880622241396746,26.018078116988278,0.11353400162135571,4.248939898437018,0.14082987654078885,-3.4335817993779107,0.6745282225183189,4.10811002189623,30.239722140505865,26.90598733194653,0.0,0.0,5.045291212590812,0.0,20.97278690439747
fold2_seed29_all,endpoint,eu-locality-112,3719,3719,0,89671.78844555179,27028.86972315886,226.59093835895834,26802.278784799902,51.988700976200825,3267.806890036362,145.86174798360048,-2947.342904670004,174.6022373827575,3121.945142052761,29976.212627828863,27118.411082239872,0.0,0.0,8191.566153654741,0.0,18610.712631145158,30.141999163505744,0.25268921506627817,29.889309948439465,0.05797665227538991,3.644186144475702,0.16266180312904868,-3.286811778555765,0.19471256279088822,3.4815243413466526,33.4288109420615,30.24185371155614,0.0,0.0,9.13505383984687,0.0,20.75425610859259
fold2_seed29_all,endpoint,eu-locality-119,4147,4147,0,118816.52379064339,23979.53180108247,189.20580539045852,23790.325995692016,214.54478275667464,4055.565867532633,457.57972076264065,-3623.3251241362077,-25.338977366216135,3597.986146769992,27602.856925218683,24230.99918592396,0.0,0.0,4010.538359314184,0.0,19779.787636377827,20.181983983418657,0.15924199711804576,20.022741986300616,0.18056813641064434,3.413301229615676,0.3851145498658953,-3.049512819042379,-0.021326139292598578,3.0281866797497807,23.23149680246104,20.393627428975595,0.0,0.0,3.37540455768662,0.0,16.647337428613994
fold2_seed29_all,endpoint,eu-locality-124,2645,2645,0,108662.4946414687,23586.572659535384,792.735700699654,22793.83695883573,109.70426190525556,2916.6051082107497,265.14582488827955,-1968.4278445280718,683.0314387943984,2651.45928332247,25555.000504063453,23772.948080182752,0.0,0.0,5460.898877113366,0.0,17332.938081722365,21.706268328699014,0.729539390122858,20.976728938576155,0.10095871833904069,2.6840954809974424,0.24400859354750387,-1.8115062156661217,0.6285806717838173,2.440086887449939,23.517774544365132,21.8777860370512,0.0,0.0,5.025560010500009,0.0,15.951168928076148
fold2_seed29_all,endpoint,eu-locality-126,4579,4579,0,84900.43386834362,19507.118270138686,283.31536782148333,19223.802902317206,199.41366675364773,4871.612552367055,296.90337603956215,-4490.8074752596585,83.90170106783562,4574.709176327493,23997.925745398345,19724.66703599543,0.0,0.0,4345.741036635991,0.0,14878.061865681213,22.97646476152132,0.33370308597106196,22.642761675550265,0.2348794436820918,5.738030220106458,0.3497077252867455,-5.289498852530744,0.09882364228897021,5.388322494819712,28.26596361405207,23.2327046368017,0.0,0.0,5.11863230684427,0.0,17.52412936870599
fold2_seed29_all,easy_complete,eu-locality-007,1075,1075,0,1467.9605576745357,298.067253295353,56.166546510690736,241.90070678466225,50.70708464149804,45.777495392722656,8.878115583025707,-31.43991794050426,5.459461869192683,36.89937980969695,329.5071712358572,307.29410728064374,0.0,0.0,96.94732257498612,0.0,144.95338420967613,20.30485435981571,3.826161828194264,16.478692531621448,3.4542538882533385,3.1184417832888442,0.6047925154807934,-2.1417413278671256,0.37190793994092525,2.5136492678080513,22.44659568768283,20.933403535544752,0.0,0.0,6.604218489941233,0.0,9.874474041680214
fold2_seed29_all,easy_complete,eu-locality-074,11519,11519,0,22718.72397392321,4930.218323040948,710.4256080445105,4219.792714996438,425.5521310587145,1089.422173941965,557.668349388872,-246.88034756729706,284.87347698579595,531.7538245530931,5177.098670608246,5375.314959113219,0.0,0.0,1930.4082403901346,0.0,2289.3844746063037,21.701123393637356,3.127048899665071,18.574074493972287,1.8731339469028618,4.795261279605383,2.4546640472808665,-1.086682279562307,1.2539149527622093,2.3405972323245163,22.787805673199667,23.660285521682738,0.0,0.0,8.49699236016018,0.0,10.077082133812107
fold2_seed29_all,easy_complete,eu-locality-082,285,285,0,424.1520262626741,97.7139540456658,16.471912024491978,81.24204202117383,17.748911213999556,13.34920061450463,0.1153275687899693,-14.510872235222239,-1.2769991895075774,13.233873045714661,112.22482628088804,97.99238653539857,0.0,0.0,54.258068200265356,0.0,26.98397382090847,23.037483731163952,3.8834924754764817,19.153991255687473,4.184563579806593,3.1472679105480856,0.027190149203377336,-3.42114886567482,-0.30107110433011147,3.1200777613447084,26.458632596838775,23.103128234194177,0.0,0.0,12.792127548782178,0.0,6.361863706905294
fold2_seed29_all,easy_complete,eu-locality-110,1576,1576,0,2703.957772551177,479.46407557006717,70.7174539961076,408.7466215739596,97.57718370417717,159.54788293611432,2.4254238112834314,-183.98218883290048,-26.85972970806957,157.1224591248309,663.4462644029677,482.08875013014745,0.0,0.0,190.5187037711716,0.0,218.227917802788,17.7319365131096,2.6153313011758264,15.116605211933772,3.6086800132279193,5.900531604292818,0.08969902695614401,-6.804181289388767,-0.9933487120520925,5.810832577336674,24.536117802498364,17.8290043958526,0.0,0.0,7.045920084447832,0.0,8.070685127485941
fold2_seed29_all,easy_complete,eu-locality-112,333,333,0,660.500616077974,98.6586682695999,35.85271215057461,62.80595611902531,15.971480799121856,31.77778945362725,5.761950692961909,-6.134607409212588,19.881231351452755,26.015838760665346,104.7932756788125,102.94586397221511,0.0,0.0,22.860450291161165,0.0,39.94550582786414,14.93695325455275,5.4281118409043385,9.508841413648415,2.418087191797014,4.811167269202939,0.8723611383099292,-0.9287814817856854,3.010024649107325,3.9388061308930107,15.865734736338437,15.586036025750209,0.0,0.0,3.4610793290255497,0.0,6.047762084622864
fold2_seed29_all,easy_complete,eu-locality-119,789,789,0,1369.8754992454424,426.0853078974204,81.48866273570482,344.59664516171557,41.00997667684268,75.28077535430394,9.963840315319237,-24.83824898012257,40.47868605886214,65.31693503898471,450.923556877543,431.4315780992675,0.0,0.0,89.25012171275128,0.0,255.34652344896432,31.103943981195197,5.948618161328572,25.155325819866622,2.9937010114738074,5.4954465128962635,0.727353713589851,-1.813175649451649,2.9549171498547637,4.768092799306413,32.917119630646845,31.49421814879597,0.0,0.0,6.515199502576126,0.0,18.6401263172905
fold2_seed29_all,easy_complete,eu-locality-124,500,500,0,946.2716399691215,208.72637141991623,31.513970404627692,177.21240101528855,20.612661187399404,53.21774603211204,0.5755596390839237,-41.740877175799824,10.901309217228292,52.64218639302811,250.46724859571606,209.34425179653758,0.0,0.0,66.92252104956876,0.0,110.28987996571976,22.05776466329767,3.3303302216323476,18.727434441665327,2.1783027533269443,5.62393965794522,0.06082393414038122,-4.411088255499436,1.1520274683054035,5.563115723804839,26.468852918797108,22.12306096411902,0.0,0.0,7.072231505506449,0.0,11.655202936158872
fold2_seed29_all,easy_complete,eu-locality-126,1432,1432,0,2067.2407218418048,554.6849293188011,136.6915444258176,417.9933848929835,123.73977910950757,115.61747630543567,1.0588627310361374,-101.60684825808949,12.951765316310057,114.55861357439954,656.2917775768906,556.2001395273063,0.0,0.0,146.50738672140548,0.0,271.485998171578,26.832140227220634,6.612270307060926,20.21986992015971,5.985746014100467,5.592840499118384,0.05122106583178882,-4.9150951403261365,0.626524292960459,5.541619433286596,31.74723536754677,26.90543649080987,0.0,0.0,7.08709852575248,0.0,13.132771394407227
fold2_seed29_all,hard_complete,eu-locality-007,607,607,0,23307.990541216262,4584.256481227376,140.10888493792748,4444.147596289448,94.42202390572817,1445.6475660816168,56.896240584828526,-1343.0644644645888,45.68686103219932,1388.751325496788,5927.320945691965,4627.3225232052355,0.0,0.0,1391.9289272044261,0.0,3052.218669085022,19.668175483085463,0.6011195374829438,19.067055945602522,0.4051058101244665,6.20236894092278,0.24410615957740797,-5.762249053986894,0.1960137273584773,5.95826278134537,25.43042453707236,19.852944916133346,0.0,0.0,5.971895881556301,0.0,13.09516006404622
fold2_seed29_all,hard_complete,eu-locality-074,16945,16945,0,826527.177209838,175973.6010566718,6184.746311230036,169788.85474544176,1889.2081727870836,39572.49167673623,1804.4793933652577,-33472.47414492801,4295.538138442952,37768.012283370976,209446.0752015998,177123.70345381735,0.0,0.0,46215.13964648785,0.0,123573.7150989539,21.290721697829394,0.7482810585984951,20.5424406392309,0.22857181528677709,4.787802841562172,0.2183206364074751,-4.049772961842978,0.5197092433117181,4.5694822051546975,25.340494659672373,21.429870467386863,0.0,0.0,5.591484577978347,0.0,14.950956061252553
fold2_seed29_all,hard_complete,eu-locality-082,75,75,0,3557.257874095732,871.1944031373894,61.61843205935275,809.5759710780366,0.0,150.17978551948323,11.151818690269504,-77.409534769861,61.61843205935275,139.0279668292137,948.6039379072503,873.660280524732,0.0,0.0,475.02552661848756,0.0,334.55044445954906,24.490617041893543,1.7321890692283977,22.758427972665146,0.0,4.221785173717818,0.3134948065328083,-2.1761012979566114,1.7321890692283977,3.9082903671850087,26.666718339850153,24.559936654770063,0.0,0.0,13.35369949076972,0.0,9.404728481895425
fold2_seed29_all,hard_complete,eu-locality-110,1698,1698,0,132409.8664489623,34725.60155800324,1374.2366011700772,33351.36495683316,24.95812487389746,5119.4726765083815,170.14356484574773,-3600.050635366454,1349.2784762961799,4949.329111662634,38325.65219336969,34855.56212876023,0.0,0.0,5913.686472827406,0.0,27437.678484005755,26.225841388782236,1.037865710482972,25.187975678299264,0.018849142849575812,3.8663830829265993,0.12849764855803247,-2.718868866735171,1.0190165676333964,3.737885434368567,28.944710255517407,26.32399160541061,0.0,0.0,4.466197747512154,0.0,20.72177793078711
fold2_seed29_all,hard_complete,eu-locality-112,591,591,0,33260.84424822541,11423.013126722868,88.02959829509142,11334.983528427776,8.509846752003885,1158.1061779098245,21.220365104914265,-1057.3660612618228,79.51975154308752,1136.88581280491,12480.37918798469,11433.7043269153,0.0,0.0,3035.970142345617,0.0,8299.013386082159,34.34372573790675,0.2646643531899769,34.07906138471677,0.025585179643953012,3.4818905054450435,0.0637998390736773,-3.179011492825343,0.23907917354602384,3.418090666371366,37.52273723073209,34.375869240075986,0.0,0.0,9.127760316870482,0.0,24.95130106784629
fold2_seed29_all,hard_complete,eu-locality-119,1066,1066,0,71799.72914834504,14293.144006847282,34.733276668119515,14258.410730179163,102.64779797511105,2595.996645645041,143.92077862352548,-2519.990388328507,-67.91452130699153,2452.0758670215155,16813.134395175788,14356.504030860398,0.0,0.0,2184.33670774485,0.0,12074.07402243431,19.906960898579847,0.0483752196284157,19.858585678951428,0.142964046233421,3.6156078531737443,0.20044752303476177,-3.5097491567439874,-0.09458882660500528,3.415160330138982,23.41671005532383,19.99520639026159,0.0,0.0,3.0422631584470237,0.0,16.8163225205044
fold2_seed29_all,hard_complete,eu-locality-124,734,734,0,69243.8978072998,13277.821065968703,430.6646899111495,12847.156376057555,22.61649446578729,1572.3141044684367,168.49418556138994,-995.7717234616845,408.0481954453623,1403.8199189070467,14273.59278943039,13401.119006454082,0.0,0.0,3475.8622470223745,0.0,9371.294129035181,19.1754385388873,0.6219532746548363,18.553485264232467,0.03266207591133471,2.270689770879248,0.2433343455481026,-1.438064226587644,0.5892911987435017,2.0273554253311454,20.613502765474948,19.353501797007905,0.0,0.0,5.019737994379548,0.0,13.533747269852917
fold2_seed29_all,hard_complete,eu-locality-126,858,858,0,52958.18102799104,10826.15954850835,54.4168519517589,10771.742696556592,8.95015076605753,3045.6209268028933,174.52130950598098,-2825.6329161112108,45.466701185701375,2871.099617296912,13651.79246461956,10961.871502391201,0.0,0.0,2296.451007042633,0.0,8475.291689513957,20.442846295619905,0.1027543826004841,20.34009191301942,0.016900411970960497,5.75099232579973,0.32954551330556037,-5.335592841864646,0.08585397062952362,5.421446812494168,25.77843913748455,20.699108786605233,0.0,0.0,4.3363479682749,0.0,16.003743944744517
fold2_seed29_easy,all,eu-locality-007,5664,5526,138,75439.8985250715,16673.240425981065,290.88770829602487,16382.352717685038,111.00586837949807,446.2862842110886,65.26593602463919,-201.13850826992262,179.8818399165268,381.02034818644944,16874.378934250984,16714.36220485193,0.0,0.0,4356.98914226196,0.0,12025.363575423078,22.101355850100887,0.385588679177971,21.715767170922916,0.1471447742504673,0.5915785849881161,0.0865138173574675,-0.2666208627031448,0.2384439049275037,0.5050647676306484,22.36797671280403,22.155865174311067,0.0,0.0,5.775444065336288,0.0,15.940323105586627
fold2_seed29_easy,all,eu-locality-074,104353,102348,2005,2014797.425764264,480179.2542835621,4008.0323426055265,476171.22194095654,222.46445860563065,8026.425944491124,722.9434105897462,-3517.9146499014814,3785.5678839998955,7303.482533901377,483697.16893346363,480689.0584365601,0.0,0.0,130224.6873286193,0.0,345946.5346123373,23.83263191342514,0.19892979271031072,23.633702120714823,0.011041529821353837,0.3983738435364784,0.03588169219123929,-0.17460388845628222,0.18788826288895683,0.36249215134523904,24.007235801881418,23.857934911457537,0.0,0.0,6.463413426251612,0.0,17.170288694463213
fold2_seed29_easy,all,eu-locality-082,1448,1368,80,18591.903073672736,4361.6689127577265,251.98135403127068,4109.687558726456,94.37697042445005,117.0238392423089,5.108918831682272,45.68946319619401,157.6043836068206,111.91492041062662,4315.979449561532,4365.204233679291,0.0,0.0,1778.4778286880737,0.0,2331.209730038382,23.460045458897184,1.3553284622492012,22.104716996647984,0.5076240449967361,0.629434430561451,0.02747926778360205,0.24574925447461624,0.8477044172524649,0.6019551627778489,23.214296204422563,23.479060838374775,0.0,0.0,9.565872959000664,0.0,12.538844037647317
fold2_seed29_easy,all,eu-locality-110,8660,8550,110,261065.2161497305,71676.10834173905,631.2533591191722,71044.85498261986,40.30334910166675,1377.0446311564147,40.82032087961557,-745.2743002592936,590.9500100175055,1336.224310276799,72421.38264199834,71711.04885756748,0.0,0.0,13151.089988737258,0.0,57893.76499388261,27.455250224001563,0.24179910615021388,27.213451117851342,0.015438038700089135,0.5274715074897718,0.015636062697913622,-0.28547437734173337,0.2263610674501248,0.5118354447918582,27.740724601343295,27.468634050596215,0.0,0.0,5.037473081513327,0.0,22.17597803633802
fold2_seed29_easy,all,eu-locality-112,5131,5004,127,123030.85281752344,36278.679214418866,237.92107192197454,36040.758142496896,5.316457705990407,465.55511993723314,29.65241427956211,-203.2980914416869,232.60461421598416,435.90270565767105,36481.97730586056,36301.776171486286,0.0,0.0,10679.703784341356,0.0,25361.05435815554,29.487464634766514,0.19338325832370978,29.294081376442808,0.0043212394161614535,0.37840517990047096,0.024101608336846932,-0.16524155265607562,0.18906201890754834,0.35430357156362396,29.652706187422595,29.506237939623368,0.0,0.0,8.680508620208665,0.0,20.613572756234145
fold2_seed29_easy,all,eu-locality-119,5787,5639,148,162906.61112159654,32371.12253896664,45.68850483529554,32325.43403413134,1.1140157989436088,337.1100516909443,17.06154150694466,-275.4740211476477,44.574489036351935,320.0485101839996,32646.59656011428,32384.01531056259,0.0,0.0,5603.349201162213,0.0,26722.08483296913,19.870969211190715,0.028045826084487628,19.84292338510623,0.0006838370716042252,0.20693454327603628,0.010473203873972683,-0.16909935038918017,0.027361989012883402,0.19646133940206356,20.040068561579893,19.878883421367444,0.0,0.0,3.439608228655477,0.0,16.403315156450752
fold2_seed29_easy,all,eu-locality-124,3651,3550,101,151003.11525484535,32315.812256894485,301.8999028139924,32013.91235408049,7.242084940258584,256.13122833805426,11.96786903946348,50.49445857514304,294.6578178737339,244.1633592985908,32265.317798319338,32325.472305585852,0.0,0.0,7941.603483824768,0.0,24072.30887025572,21.400758654783807,0.19992958576018854,21.20082906902362,0.0047959837967821006,0.16961983062785557,0.00792557757451925,0.03343934891007011,0.1951336019634065,0.16169425305333635,21.367319305873735,21.407155906042544,0.0,0.0,5.259231553217867,0.0,15.941597515805752
fold2_seed29_easy,all,eu-locality-126,5891,5790,101,114491.24287180617,26645.809208106733,26.193960931556507,26619.615247175178,1.8847876740331815,515.0589087695638,14.364148284115736,-476.3855872279247,24.309173257523327,500.6947604854481,27122.19479533466,26657.22138391191,0.0,0.0,5447.656946349649,0.0,21171.95830082553,23.273229060795135,0.022878571561045436,23.25035048923409,0.001646228678068894,0.4498675146240365,0.01254606721336672,-0.4160891045276932,0.021232342882976544,0.43732144741066986,23.68931816532283,23.283196788910338,0.0,0.0,4.758142902203704,0.0,18.49220758703039
fold2_seed29_easy,easy,eu-locality-007,1784,1784,0,2451.196647649141,450.5449040387513,21.10412468692466,429.4407793518266,8.205655675059141,73.04472819297223,7.962152372523833,-52.18410680858287,12.89846901186552,65.0825758204484,502.72901084733417,457.68051280667504,0.0,0.0,146.2897972532483,0.0,283.1509820985783,18.380610322344133,0.8609723217092723,17.519638000634856,0.3347612148102807,2.9799619815499883,0.3248271565710593,-2.1289237180799367,0.5262111068989916,2.655134824978929,20.509534040424064,18.67171747503901,0.0,0.0,5.968097149347436,0.0,11.55154085128742
fold2_seed29_easy,easy,eu-locality-074,17176,17176,0,33571.70287500089,6645.660929325841,73.97813236229595,6571.682796963545,8.835976394601147,1421.9235211669738,60.223869522649984,-1296.557495676629,65.14215596769482,1361.6996516443241,7942.218425002469,6692.464528573347,0.0,0.0,2506.297159411127,0.0,4065.3856375524183,19.79542400357213,0.220358593776855,19.575065409795275,0.02631971463437692,4.235482264516903,0.1793887839019795,-3.8620546014724453,0.19403887914247808,4.0560934806149245,23.657478605044574,19.934837840939185,0.0,0.0,7.465505008021016,0.0,12.109560401774258
fold2_seed29_easy,easy,eu-locality-082,515,515,0,811.2676975957831,159.20761522116078,15.13340721990549,144.0742080012553,3.7405434317229886,26.299779891945036,0.8616220295169115,-14.045294074245621,11.392863788182504,25.438157862428124,173.25290929540643,160.04832299819026,0.0,0.0,83.39033756509639,0.0,60.683870436158905,19.624547568327625,1.8654024146103447,17.75914515371728,0.4610738776865151,3.241812778924299,0.10620687007141476,-1.7312773719290542,1.40432853692383,3.135605908852884,21.35582494025668,19.728176466596462,0.0,0.0,10.279016138843716,0.0,7.480129014873564
fold2_seed29_easy,easy,eu-locality-110,2009,2009,0,3514.7317883045184,621.7163736648449,11.476531825062294,610.2398418397825,1.6279883802336383,218.09763264214524,3.4665597843124045,-204.78252941300417,9.848543444828657,214.63107285783283,826.498903077849,625.029688189195,0.0,0.0,235.940204545224,0.0,374.2996372945586,17.68887104653742,0.3265265322165163,17.362344514320903,0.046318993262896124,6.205242555573608,0.09862942588813152,-5.826405590731855,0.28020753895362027,6.106613129685476,23.515276637269277,17.783140388379532,0.0,0.0,6.7128935792577185,0.0,10.649450935063186
fold2_seed29_easy,easy,eu-locality-112,575,575,0,1167.4114690054732,175.54293516738323,4.492638211751466,171.05029695563178,0.4059520056701986,52.3829561006757,1.351273340806571,-46.94499655378786,4.086686206081268,51.03168275986913,222.4879317211711,176.66082059450446,0.0,0.0,46.28226446399772,0.0,124.76803249163405,15.036937688896408,0.38483759420136404,14.652100094695047,0.034773686609061,4.487103090164186,0.11574953447713948,-4.021289648094743,0.3500639075923031,4.371353555687046,19.058227336991152,15.132695307936556,0.0,0.0,3.9645202820755165,0.0,10.687579812619528
fold2_seed29_easy,easy,eu-locality-119,1323,1323,0,2391.755360466199,650.0392614652746,28.891615793467764,621.1476456718069,0.8830388904901995,125.82575580626511,1.004640727877691,-96.81253817540986,28.008576902977566,124.82111507838741,746.8517996406845,650.9758855194726,0.0,0.0,131.1255949520226,0.0,490.02205071978426,27.17833404744913,1.2079670133084277,25.970367034140704,0.036920117545720825,5.260812116743381,0.04200432638235489,-4.047760894598319,1.171046895762707,5.2188077903610255,31.22609494204745,27.217494576560078,0.0,0.0,5.482399961109054,0.0,20.487967073031648
fold2_seed29_easy,easy,eu-locality-124,739,739,0,1407.0245059633648,280.3972293510137,18.735691573565788,261.66153777744796,1.0181176781280123,75.528525041157,1.152172777208815,-56.6587783685104,17.717573895437777,74.37635226394818,337.05600771952413,281.4861511315183,0.0,0.0,90.70290050180417,0.0,170.95863727564378,19.92838277958995,1.3315824631453586,18.59680031644459,0.07235962656037218,5.367960879220362,0.0818871862093079,-4.0268508564260665,1.2592228365849867,5.286073693011054,23.955233636016015,20.005774593015328,0.0,0.0,6.446433599228714,0.0,12.150366717215874
fold2_seed29_easy,easy,eu-locality-126,2167,2167,0,3057.8229910833056,804.9954525739261,17.651832147717716,787.3436204262084,1.8847876740331813,192.6402243721376,2.4396145585700504,-174.43356533988305,15.767044473684534,190.20060981356755,979.4290179138092,807.2765035935536,0.0,0.0,201.3191109030858,0.0,586.0245095231226,26.32577016136364,0.5772679517156792,25.748502209647963,0.0616382203786574,6.299914185153349,0.0797827266550102,-5.704501727161318,0.5156297313370218,6.22013145849834,32.030271888524965,26.40036738384117,0.0,0.0,6.583739853161473,0.0,19.164762356486488
fold2_seed29_easy,hard,eu-locality-007,1057,1057,0,43016.91231809341,9343.016051150233,138.96680540933534,9204.049245740896,56.98356183899713,122.88198797973178,9.268425517541438,-31.63031889185215,81.9832435703382,113.61356246219034,9374.646370042083,9349.68941923157,0.0,0.0,2316.5532505486026,0.0,6887.495995192294,21.719401853071755,0.3230515579122221,21.39635029515953,0.13246781037566283,0.2856597123267869,0.02154600369502353,-0.07352996109520411,0.19058374753655924,0.26411370863176337,21.792931814166955,21.73491521217106,0.0,0.0,5.385215083357421,0.0,16.01113521180211
fold2_seed29_easy,hard,eu-locality-074,26162,26162,0,1343481.7193735482,310929.8611489602,2354.54335958362,308575.31778937654,54.63456739286866,1604.1875510442524,244.63455459072713,940.3557957372259,2299.9087921907512,1359.552996453525,309989.50535322295,311126.0433974854,0.0,0.0,78619.78758756534,0.0,229955.53020181123,23.14358704441052,0.1752568215577596,22.968330222852757,0.0040666401786504545,0.11940523848677813,0.018208997641203314,0.06999394053353433,0.17119018137910913,0.10119624084557478,23.073593103876984,23.158189569007334,0.0,0.0,5.851943234793321,0.0,17.11638698805944
fold2_seed29_easy,hard,eu-locality-082,245,245,0,11828.946809949888,2563.04768739313,66.50796278263131,2496.5397246104985,76.16526147401703,28.79665439864335,1.5900325864751643,-36.8639205035539,-9.657298691385705,27.206621812168187,2599.9116078966845,2563.896175776243,0.0,0.0,1040.7589858646854,0.0,1455.7807387458136,21.667589926410265,0.5622475428386262,21.105342383571635,0.6438887814589783,0.24344225112603532,0.013441877895145428,-0.31164161185124195,-0.08164123862035201,0.2300003732308899,21.97923153826151,21.674762909742974,0.0,0.0,8.79840785985489,0.0,12.306934523716746
fold2_seed29_easy,hard,eu-locality-110,2779,2779,0,219255.00471532863,58223.37042868689,459.2145222426342,57764.155906444255,33.063293279376005,362.31999611236347,15.507234436774286,79.33846728766899,426.1512289632582,346.8127616755892,58144.03196139922,58235.26784587645,0.0,0.0,9537.98135235682,0.0,48226.17455408744,26.55509300883765,0.20944311982244546,26.345649889015203,0.015079835154642868,0.165250502073047,0.0070726934862482245,0.036185476081003795,0.1943632846678026,0.15817780858679878,26.518907532756643,26.560519301024232,0.0,0.0,4.350177258092935,0.0,21.99547263092227
fold2_seed29_easy,hard,eu-locality-112,1522,1522,0,90335.64092451723,26416.350276356843,134.9996643955896,26281.350611961258,1.4165743107882847,46.389898867742,13.257107629513587,100.4502988465729,133.5830900848013,33.13279123822841,26315.89997751027,26427.376577190655,0.0,0.0,7389.629350630404,0.0,18891.72126133085,29.24244518111058,0.1494423054001386,29.093002875710443,0.001568123385510651,0.05135281976524031,0.014675390016428818,0.11119675226581645,0.14787418201462793,0.03667742974881149,29.131248428844767,29.254651106392078,0.0,0.0,8.180192529773537,0.0,20.912810345936908
fold2_seed29_easy,hard,eu-locality-119,1922,1922,0,134852.09956103482,25647.28097349886,0.0,25647.28097349886,0.0,17.91250456283711,7.2586889109189485,-10.653815651918162,0.0,10.653815651918162,25657.934789150775,25652.446051148334,0.0,0.0,4128.595213952635,0.0,21518.68575954622,19.018822144397355,0.0,19.018822144397355,0.0,0.013283074287419462,0.005382703669091652,-0.007900370618327811,0.0,0.007900370618327811,19.02672251501568,19.02265232402844,0.0,0.0,3.0615728100577404,0.0,15.957249334339613
fold2_seed29_easy,hard,eu-locality-124,1375,1375,0,134900.12735758608,27790.17072013118,39.97151130059335,27750.199208830585,2.748471581015451,18.601768616405224,4.866510838131923,23.4877819413046,37.2230397195779,13.7352577782733,27766.68293818988,27794.02881676009,0.0,0.0,6767.355133185638,0.0,20982.84407564495,20.6005518782547,0.029630447415841938,20.570921430838855,0.002037412146935895,0.013789289143587423,0.0036074916558321954,0.01741123778115082,0.02759303526890604,0.010181797487755226,20.58314064047355,20.60341184340409,0.0,0.0,5.016566897114258,0.0,15.554354533724599
fold2_seed29_easy,hard,eu-locality-126,1386,1386,0,89398.46291508886,19360.638550314623,0.041737780763796195,19360.59681253386,0.0,15.140557381350629,5.050147581384007,-10.048672019202826,0.041737780763796195,10.090409799966622,19370.687222333825,19363.96084833582,0.0,0.0,3794.0176285402604,0.0,15566.5791839936,21.656567595243178,4.668735837599239e-05,21.6565209078848,0.0,0.01693603769869199,0.00564903178053594,-0.011240318559780058,4.668735837599239e-05,0.01128700591815605,21.667807913802957,21.66028387616442,0.0,0.0,4.243940560973446,0.0,17.412580346911355
fold2_seed29_easy,complete,eu-locality-007,2882,2882,0,39583.56653291509,9470.403350520188,98.34409624196556,9372.059254278221,16.291022032533434,255.0833043295525,20.207111381050016,-152.8231187390703,82.05307420943211,234.87619294850248,9623.226469259258,9484.846567003247,0.0,0.0,2376.8928684841458,0.0,6995.166385794077,23.925088565845183,0.2484467794487116,23.67664178639647,0.04115602372258925,0.6444171828666374,0.05104924379223664,-0.3860771833482783,0.2072907557261223,0.5933679390744008,24.31116574919346,23.961576476733782,0.0,0.0,6.004746607427802,0.0,17.67189517896867
fold2_seed29_easy,complete,eu-locality-074,67309,67309,0,1309713.0881833485,330512.2563829705,2426.331802681875,328085.9245802886,122.42722066327877,6166.5385286881765,479.31899476689506,-3383.3149519026842,2303.9045820185966,5687.219533921281,333895.5713348732,330857.6779631227,0.0,0.0,84924.34063072663,0.0,243161.583949562,25.23547022359004,0.1852567424555056,25.050213481134534,0.0093476366517107,0.47083125184627567,0.03659725164934707,-0.25832489439313366,0.17590910580379493,0.4342340001969286,25.493795117983176,25.26184405945293,0.0,0.0,6.4841942404745945,0.0,18.56601924065994
fold2_seed29_easy,complete,eu-locality-082,582,582,0,6095.011255227104,1778.1908927141094,114.0602730513546,1664.1306196627545,2.80103326885723,62.17704822607608,1.5944992369268947,50.676690793348186,111.25923978249736,60.582548989149174,1727.514201920761,1778.9797493442265,0.0,0.0,819.7989630890477,0.0,844.3316565737072,29.17453009113193,1.8713709995783205,27.303159091553603,0.045956162368938264,1.020130162561272,0.02616072670184893,0.8314454013499594,1.8254148372093821,0.9939694358594229,28.343084689781968,29.187472751893065,0.0,0.0,13.45032730474427,0.0,13.85283178680934
fold2_seed29_easy,complete,eu-locality-110,5804,5804,0,165095.5381826674,48560.2424192419,272.20075676622395,48288.041662475676,17.548679563090023,1177.1697855124544,23.549125149842755,-898.9685831594778,254.65207720313393,1153.6206603626117,49459.21100240138,48581.20796212298,0.0,0.0,8737.078542696028,0.0,39550.96311977965,29.413419014094234,0.16487468999013868,29.248544324104092,0.010629408738880368,0.713023379353834,0.01426393796529328,-0.5445141601372825,0.15424528125125833,0.6987594413885407,29.95793317423152,29.42611805073197,0.0,0.0,5.292134868617118,0.0,23.95640945548698
fold2_seed29_easy,complete,eu-locality-112,2417,2417,0,50762.10139826973,18134.26342227292,78.44386086408068,18055.81956140884,2.9457116456477146,307.61622170085843,8.708880041614396,-223.4091924408111,75.49814921843296,298.907341659244,18357.67261471373,18140.843924879766,0.0,0.0,5339.629688272558,0.0,12716.189873136282,35.72402032767509,0.15453233554817827,35.56948799212691,0.005802974196312766,0.6059958378936294,0.01715626383014799,-0.44011021271161593,0.14872936135186549,0.5888395740634813,36.1641305403867,35.73698374413261,0.0,0.0,10.518929558055222,0.0,25.05055843407169
fold2_seed29_easy,complete,eu-locality-119,3148,3148,0,89738.43361262495,20459.69732223896,31.26275354710411,20428.434568691857,0.8830388904901995,243.7506994457863,9.62464549502517,-203.74633929414722,30.37971465661391,234.12605395076113,20663.443661533107,20466.97526063963,0.0,0.0,3213.4056959859963,0.0,17215.028872705858,22.79925835407112,0.034837641229683636,22.764420712841435,0.0009840141564115379,0.27162352810612683,0.010725221187358809,-0.22704467984549592,0.0338536270732721,0.26089830691876803,23.026303033916616,22.80736852282232,0.0,0.0,3.5808577959554606,0.0,19.183562916885972
fold2_seed29_easy,complete,eu-locality-124,2077,2077,0,80075.42137129443,17581.99088238067,257.6925916889178,17324.298290691753,5.964147693513347,174.14557259157272,7.059837564920667,84.6427089687524,251.7284439954045,167.08573502665206,17497.348173411916,17587.60331646931,0.0,0.0,4256.418938178567,0.0,13067.879352513184,21.95678846428586,0.3218123455061778,21.634976118779683,0.007448162733804089,0.21747693563058876,0.008816485063732038,0.105703732205517,0.31436418277237377,0.20866045056685675,21.85108473208034,21.96379739910322,0.0,0.0,5.315512382310629,0.0,16.31946373646905
fold2_seed29_easy,complete,eu-locality-126,3637,3637,0,70851.70176571619,18216.675264086516,20.351512853941436,18196.323751232572,0.8971370056662749,391.1133796865563,8.858244786207116,-362.80075905207406,19.454375848275156,382.2551349003492,18579.476023138595,18223.36797897858,0.0,0.0,3552.2704196804866,0.0,14644.05333155209,25.710991846495382,0.028724098852610975,25.68226774764277,0.001266218006495904,0.5520169169398959,0.012502515204925471,-0.5120565208888554,0.027457880846115064,0.5395144017349705,26.223048367384248,25.720437935615717,0.0,0.0,5.013669864171652,0.0,20.668597883471122
fold2_seed29_easy,partial,eu-locality-007,2644,2644,0,35856.33199215641,7202.837075460875,192.5436120540593,7010.293463406815,94.71484634696465,191.20297988153615,45.05882464358916,-48.31538953085233,97.82876570709465,146.144155237947,7251.152464991727,7229.51563784868,0.0,0.0,1980.0962737778148,0.0,5030.1971896290015,20.08804770392158,0.5369863601669527,19.551061343754625,0.264150963259944,0.5332474607925928,0.1256649025155328,-0.1347471613700513,0.2728353969070086,0.40758255827705997,20.222794865291633,20.162451751702154,0.0,0.0,5.522305723326529,0.0,14.0287556204281
fold2_seed29_easy,partial,eu-locality-074,35039,35039,0,705084.3375809159,149666.99790059158,1581.7005399236511,148085.29736066796,100.03723794235188,1859.8874158029475,243.62441582285115,-134.5996979987975,1481.6633019812994,1616.2629999800965,149801.59759859036,149831.38047343734,0.0,0.0,45300.34669789267,0.0,102784.95066277527,21.226822086856483,0.22432785067249267,21.002494236183995,0.014187981864066232,0.26378226215945494,0.03455252128542604,-0.019089872065602472,0.21013986880842644,0.2292297408740289,21.245911958922083,21.250135974867348,0.0,0.0,6.424812505878984,0.0,14.577681730305008
fold2_seed29_easy,partial,eu-locality-082,786,786,0,12496.89181844563,2583.478020043617,137.9210809799161,2445.556939063701,91.57593715559281,54.84679101623281,3.514419594755377,-4.98722759715417,46.34514382432327,51.33237142147743,2588.4652476407714,2586.2244843350645,0.0,0.0,958.6788655990262,0.0,1486.878073464675,20.672964586525094,1.103643073682867,19.56932151284223,0.7327897087212129,0.43888345848747756,0.028122349507483393,-0.03990774401834011,0.37085336496165416,0.41076110897999424,20.712872330543433,20.694941765581678,0.0,0.0,7.671338437802586,0.0,11.897983075039644
fold2_seed29_easy,partial,eu-locality-110,2746,2746,0,95969.67796706311,23115.865922497138,359.05260235294827,22756.81332014419,22.75466953857672,199.87484564396024,17.271195729772817,153.69428290018408,336.2979328143715,182.60364991418743,22962.171639596956,23129.840895444504,0.0,0.0,4414.011446041229,0.0,18342.801874102963,24.086634874851335,0.37413129850886395,23.712503576342467,0.02371026976498363,0.20826874683538846,0.017996513165023133,0.1601487950735149,0.35042102874388026,0.19027223367036536,23.92648607977782,24.101196737768245,0.0,0.0,4.599381324959871,0.0,19.1131222513826
fold2_seed29_easy,partial,eu-locality-112,2587,2587,0,72268.7514192537,18144.41579214595,159.47721105789387,17984.938581088056,2.3707460603426918,157.93889823637465,20.94353423794771,20.111100999124233,157.1064649975512,136.99536399842694,18124.304691146826,18160.932246606524,0.0,0.0,5340.074096068798,0.0,12644.864485019258,25.106862144171412,0.22067243161946515,24.886189712551946,0.0032804580317006586,0.2185438313720429,0.028980069292255647,0.027828211507977253,0.2173919735877645,0.18956376207978723,25.07903393266344,25.129716357280422,0.0,0.0,7.389188260759277,0.0,17.49700145179267
fold2_seed29_easy,partial,eu-locality-119,2491,2491,0,73168.17750897158,11911.425216727675,14.425751288191428,11896.999465439485,0.23097690845340946,93.35935224515802,7.43689601191949,-71.72768185350051,14.194774379738018,85.92245623323853,11983.152898581178,11917.040049922962,0.0,0.0,2389.9435051762166,0.0,9507.055960263267,16.279516071405695,0.019715881656916494,16.25980018974878,0.0003156794610950751,0.12759556876172115,0.010164112685473967,-0.09803125388042577,0.019400202195821416,0.11743145607624719,16.377547325286127,16.287189944647377,0.0,0.0,3.266370144156142,0.0,12.993430045592637
fold2_seed29_easy,partial,eu-locality-124,1473,1473,0,70927.6938835509,14733.821374513813,44.207311125074625,14689.614063388737,1.2779372467452366,81.98565574648154,4.908031474542815,-34.148250393609345,42.929373878329386,77.07762427193873,14767.969624907422,14737.868989116538,0.0,0.0,3685.1845456462,0.0,11004.429517742537,20.77301624765046,0.06232729235163658,20.710688955298824,0.0018017465065808486,0.11559047144700008,0.00691976745021602,-0.04814515815172836,0.06052554584505573,0.10867070399678408,20.821161405802194,20.77872292494547,0.0,0.0,5.195692040539957,0.0,15.514996914758868
fold2_seed29_easy,partial,eu-locality-126,2153,2153,0,43639.541106089964,8429.133944020215,5.842448077615074,8423.291495942602,0.9876506683669067,123.94552908300747,5.50590349790862,-113.58482817585069,4.854797409248168,118.43962558509884,8542.718772196065,8433.85340493333,0.0,0.0,1895.3865266691619,0.0,6527.904969273439,19.31535880161654,0.01338796863929385,19.301970832977247,0.002263201315444352,0.2840211559092465,0.012616776800020619,-0.26027961178537634,0.011124767323849503,0.2714043791092258,19.575638413401915,19.326173445385688,0.0,0.0,4.343277859089719,0.0,14.958692973887528
fold2_seed29_easy,endpoint,eu-locality-007,3935,3935,0,58322.06151841205,13249.526215669084,219.66645482569743,13029.859760843388,60.39338848312088,372.8441248328812,47.24378208661882,-166.3272764036858,159.27306634257653,325.60034274626236,13415.853492072769,13279.71200040196,0.0,0.0,3369.2482958522887,0.0,9660.6114649911,22.717863310586612,0.37664384472477813,22.341219465861837,0.10355153249179117,0.6392848865864863,0.08100499340494702,-0.28518758094855223,0.2730923122329869,0.5582798931815393,23.003050891535164,22.76962037120311,0.0,0.0,5.776970511902482,0.0,16.564248953959357
fold2_seed29_easy,endpoint,eu-locality-074,81289,81289,0,1661420.584764148,413824.6983681789,3237.751860593874,410586.946507585,143.68435182181167,7435.720125798115,629.607203540504,-3712.04541348555,3094.067508772062,6806.112922257611,417536.7437816644,414267.375506646,0.0,0.0,108192.14565852124,0.0,302394.8008490637,24.907883179196592,0.1948785208444675,24.713004658352123,0.008648282869458295,0.44755194404032705,0.03789571462603984,-0.22342599143927813,0.18623023797500918,0.40965622941428725,25.131309170635866,24.934527675029052,0.0,0.0,6.512026313546608,0.0,18.20097834480551
fold2_seed29_easy,endpoint,eu-locality-082,859,859,0,10523.024918938077,2933.509758238163,201.52975906209045,2731.979999176073,42.16763305835327,104.34701809786343,2.1547273822744915,57.16983528814822,159.36212600373716,102.19229071558894,2876.339922950015,2934.9922696616104,0.0,0.0,1194.4166131222373,0.0,1537.5633860538355,27.877057983192497,1.9151314438056815,25.961926539386816,0.40071779153981685,0.9916066806044731,0.02047631169623738,0.5432832833576287,1.5144136522658644,0.9711303689082358,27.333774699834873,27.89114624616695,0.0,0.0,11.350506364122255,0.0,14.611420175264563
fold2_seed29_easy,endpoint,eu-locality-110,7204,7204,0,214037.65742714613,61866.29465374224,325.3610298857859,61540.93362385645,22.059054676244518,1323.2295158776406,36.40526634818289,-983.5222743199163,303.30197520954135,1286.8242495294576,62849.81692806216,61897.1356361261,0.0,0.0,10984.842608622184,0.0,50556.09101523427,28.904397196927935,0.15201111514525517,28.752386081782674,0.01030615590798687,0.6182227612578126,0.01700881367596469,-0.4595089883445797,0.14170495923726828,0.601213947581848,29.363906185272516,28.918806335373283,0.0,0.0,5.132200912991767,0.0,23.620185168790915
fold2_seed29_easy,endpoint,eu-locality-112,3719,3719,0,92443.04480458608,29382.113082725085,140.40902544643623,29241.70405727865,4.362285956436,422.40562276408525,21.472606668991283,-264.8862766050938,136.04673949000025,400.93301609509405,29646.999359330177,29400.15272302015,0.0,0.0,8651.32698303153,0.0,20590.377074247124,31.78401700726699,0.15188706272412889,31.632129944542864,0.004718890388841442,0.45693607740528447,0.023227931008094654,-0.28653997406190246,0.14716817233528748,0.4337081463971899,32.07055698132889,31.803531336693506,0.0,0.0,9.358548283777795,0.0,22.27358166076507
fold2_seed29_easy,endpoint,eu-locality-119,4147,4147,0,122267.78294092874,26695.04146342428,41.08370582179653,26653.957757602486,1.1140157989436088,312.1333768590256,14.111234418424011,-258.05245241774867,39.96969002285292,298.0221424406016,26953.09391584203,26705.89614033638,0.0,0.0,4111.3567962820525,0.0,22542.60096132043,21.833258787657467,0.0336014155434922,21.799657372113977,0.0009111278311816805,0.25528669069743964,0.011541253205876463,-0.21105514977925266,0.03269028771231052,0.2437454374915632,22.044313937436723,21.842136577579726,0.0,0.0,3.3625839099972668,0.0,18.437073462116704
fold2_seed29_easy,endpoint,eu-locality-124,2645,2645,0,111333.38105828462,25749.203713705145,282.2016992261682,25467.002014478974,7.174831025160604,236.86633419253573,9.437255767003187,47.59778977547511,275.0268682010077,227.42907842553254,25701.605923929666,25756.923121878564,0.0,0.0,5537.51565404792,0.0,19929.486360431056,23.128017373536036,0.25347447148706603,22.87454290204897,0.006444456242108086,0.21275410118779453,0.008476573402601191,0.04275248745976463,0.247030015244958,0.20427752778519334,23.085264886076267,23.134950970719597,0.0,0.0,4.97381432362047,0.0,17.9007285784285
fold2_seed29_easy,endpoint,eu-locality-126,4579,4579,0,89118.48763765769,23018.419932647063,26.14038991412561,22992.279542732933,1.4596747876085179,487.5009269562517,12.297119442581915,-450.5230923871527,24.680715126517093,475.2038075136698,23468.943025034212,23028.064290041017,0.0,0.0,4537.1793708524365,0.0,18455.1001718805,25.829006464109312,0.029332174060682545,25.799674290048625,0.0016379034544923327,0.5470255834438718,0.013798617737522818,-0.5055326951001587,0.027694270606190216,0.533226965706349,26.334539159209466,25.83982841323525,0.0,0.0,5.091176355348312,0.0,20.708497934700315
fold2_seed29_easy,easy_complete,eu-locality-007,1075,1075,0,1457.3461964738003,294.5048976428194,7.5320253243057325,286.97287231851374,2.468620209797911,57.024378910053045,1.4853598555564742,-50.47561393998875,5.063405114507821,55.53901905449657,344.98051158280816,295.88854266573924,0.0,0.0,97.32174902491107,0.0,189.6511232936026,20.208300426858383,0.5168315766377437,19.691468850220645,0.1693914744328419,3.912891737600127,0.10192223777373254,-3.463529397621492,0.34744010220490185,3.810969499826394,23.67182982447988,20.30324320890068,0.0,0.0,6.678011666712488,0.0,13.013457183508153
fold2_seed29_easy,easy_complete,eu-locality-074,11519,11519,0,22247.16858022729,4770.802957706594,46.3140146165255,4724.488943090068,6.899864733084076,1177.8710139291857,37.657548493422375,-1100.799315552322,39.41414988344142,1140.2134654357633,5871.602273258915,4803.630934749002,0.0,0.0,1888.0278634242168,0.0,2836.461079665851,21.444539966972517,0.20817936650908556,21.236360600463428,0.031014574768029123,5.294476057398365,0.16926894924908076,-4.948042316408229,0.17716479174105643,5.125207108149285,26.39258228338074,21.59210021457897,0.0,0.0,8.486598447868314,0.0,12.749762152595114
fold2_seed29_easy,easy_complete,eu-locality-082,285,285,0,424.4155722425631,97.7139540456658,1.2358170726630135,96.47813697300279,0.15545594726493844,16.898718585157532,0.2991463074388354,-15.519211152320622,1.0803611253980752,16.5995722777187,113.23316519798642,97.99238653539857,0.0,0.0,54.258068200265356,0.0,42.220068772737434,23.023178327165635,0.2911808975653504,22.731997429600284,0.036628238319232044,3.9816443340819583,0.07048429110604512,-3.6566073837297943,0.2545526592461184,3.9111600429759137,26.67978571089543,23.0887820674482,0.0,0.0,12.784184122550442,0.0,9.947813307049843
fold2_seed29_easy,easy_complete,eu-locality-110,1576,1576,0,2705.67225001492,480.5158939570733,7.174357354323396,473.3415366027499,0.5382744498679812,186.29667278507674,2.373456263329405,-177.28713361729191,6.636082904455415,183.92321652174735,657.8030275743653,482.7651605548287,0.0,0.0,191.10917310999986,0.0,282.23236349275004,17.759575054015635,0.26515988232809184,17.494415171687546,0.019894296135277028,6.88541166743494,0.08772149928049552,-6.5524245819616285,0.2452655861928148,6.797690168154444,24.311999635977266,17.842706578824046,0.0,0.0,7.063278751110599,0.0,10.431136420576946
fold2_seed29_easy,easy_complete,eu-locality-112,333,333,0,659.435802213203,98.90820924854086,2.762910274767819,96.14529897377304,0.2550097251770027,36.72562532723221,0.6959842555142703,-33.521740522127125,2.507900549590816,36.02964107171793,132.42994977066797,99.58104469502379,0.0,0.0,23.138896900249115,0.0,73.00640207352393,14.9989140590463,0.41898093271474196,14.579933126331557,0.03867089477415956,5.569249531792694,0.10554238231809723,-5.0833971115340155,0.3803100379405824,5.463707149474597,20.08231117058031,15.100946045211558,0.0,0.0,3.50889302985828,0.0,11.07104009647328
fold2_seed29_easy,easy_complete,eu-locality-119,789,789,0,1367.5101120002346,426.3921743734615,18.309648162883576,408.0825262105779,0.8830388904901995,90.67247270651305,0.5451657753807329,-72.70069765873892,17.426609272393378,90.12730693113231,499.09287203220043,426.87561657661377,0.0,0.0,86.3902249657539,0.0,321.69230124482397,31.180184382679606,1.338904041894239,29.841280340785364,0.0645727503395637,6.630479139484235,0.039865575442314484,-5.316282272487244,1.2743312915546754,6.59061356404192,36.49646665516685,31.215536384753296,0.0,0.0,6.317337196095196,0.0,23.523943144690165
fold2_seed29_easy,easy_complete,eu-locality-124,500,500,0,949.860600497085,210.67092841593683,13.254793216826187,197.4161351991106,0.675469685228872,58.951032775074324,0.6749993451999753,-45.696709898277035,12.579323531597314,58.276033429874346,256.3676383142139,211.28880879255814,0.0,0.0,67.34214907782011,0.0,130.07398612129052,22.179141687284183,1.395446153876646,20.78369553340753,0.07111250691684468,6.2062825581168255,0.07106299017421418,-4.81088592098281,1.3243336469598015,6.1352195679426105,26.990027608266992,22.244191272065144,0.0,0.0,7.089687586007709,0.0,13.694007947399824
fold2_seed29_easy,easy_complete,eu-locality-126,1432,1432,0,2077.1976016221215,561.7530638949656,11.85033041305601,549.9027334819095,0.8971370056662747,147.44933113473564,1.5341427579085383,-134.96199496943737,10.953193407389737,145.91518837682713,696.715058864403,563.2682741034708,0.0,0.0,147.8791197602936,0.0,402.023613721616,27.043795133225764,0.5704960569857134,26.47329907624005,0.043189776695567346,7.098473973761079,0.07385637055957017,-6.497311322911363,0.5273062802901461,7.024617603201511,33.54110645613713,27.116740057065556,0.0,0.0,7.119164765297827,0.0,19.354134310942225
fold2_seed29_easy,hard_complete,eu-locality-007,607,607,0,24771.744890596794,5785.65387210679,23.080645670932324,5762.573226435858,9.480831017575188,78.0191995175277,4.329448609077232,-60.08993625509332,13.599814653357136,73.68975090845046,5845.743808361884,5788.413669402413,0.0,0.0,1406.474576384326,0.0,4356.098650051532,23.355859256822033,0.09317327371514146,23.262685983106888,0.038272762211329144,0.31495237764677336,0.017477366363161058,-0.24257449977979992,0.05490051150381233,0.29747501128361226,23.598433756601832,23.367000164771035,0.0,0.0,5.6777372066277625,0.0,17.584948776479127
fold2_seed29_easy,hard_complete,eu-locality-074,16945,16945,0,866797.2044252413,208977.37176441983,1189.450521833794,207787.92124258605,26.177196951448707,1046.1828151395162,180.30488674908838,297.3953964919178,1163.2733248823456,865.8779283904278,208679.9763679279,209125.86708807002,0.0,0.0,47408.92595282804,0.0,160378.99528975802,24.10914233427751,0.13722362229150228,23.971918711986007,0.0030199909295746245,0.12069522257322259,0.020801276910975452,0.03430968569968055,0.1342036313619277,0.09989394566224714,24.07483264857783,24.12627382972905,0.0,0.0,5.4694368775986195,0.0,18.502481834387392
fold2_seed29_easy,hard_complete,eu-locality-082,75,75,0,3696.215767094233,992.2997201019704,42.12351110286737,950.1762089991031,2.6455773215922918,5.058206494369138,0.37538127394631005,34.79510856085225,39.47793378127508,4.682825220422828,957.5046115411182,992.2997201019704,0.0,0.0,491.89428588567466,0.0,458.2819231134283,26.846368898049025,1.1396388565265663,25.706730041522462,0.07157529452540871,0.1368482473182465,0.01015582686725604,0.9413711415501672,1.0680635620011576,0.12669242045099047,25.90499775649886,26.846368898049025,0.0,0.0,13.308051176687005,0.0,12.398678864835455
fold2_seed29_easy,hard_complete,eu-locality-110,1698,1698,0,137322.8344178158,39002.30376426029,132.28457525652658,38870.01918900376,17.010405113222042,335.8704774900151,7.397547001325432,-213.1987603453851,115.27417014330453,328.47293048868966,39215.502524605676,39008.530693074,0.0,0.0,6150.474391331519,0.0,32719.544797672243,28.401907031421032,0.09633108420558821,28.30557594721545,0.012387164294516754,0.24458457977068995,0.005386975176187959,-0.1552536846834305,0.08394391991107143,0.23919760459450198,28.55716071610447,28.40644154954405,0.0,0.0,4.478843170843827,0.0,23.82673277637162
fold2_seed29_easy,hard_complete,eu-locality-112,591,591,0,34392.04649587483,12398.552924828182,40.37768687026179,12358.175237957921,0.0,31.036193261708775,1.7689953249925487,11.110488933545565,40.37768687026179,29.267197936716226,12387.442435894638,12399.991453367613,0.0,0.0,3155.8214079995714,0.0,9202.353829958349,36.05064015691923,0.11740414131826937,35.93323601560096,0.0,0.09024235666066406,0.005143617508207113,0.03230540216581243,0.11740414131826937,0.08509873915245693,36.01833475475342,36.05482289300504,0.0,0.0,9.17602099769811,0.0,26.757215017902848
fold2_seed29_easy,hard_complete,eu-locality-119,1066,1066,0,74324.44430579944,16373.769789250817,0.0,16373.769789250817,0.0,13.551689875151038,3.7095373091155146,-9.842152566035523,0.0,9.842152566035523,16383.611941816853,16376.404071597608,0.0,0.0,2213.806748207675,0.0,14159.963041043142,22.030127426022602,0.0,22.030127426022602,0.0,0.018233153307402012,0.004991005777120979,-0.013242147530281034,0.0,0.013242147530281034,22.043369573552887,22.033671727458554,0.0,0.0,2.9785715438372065,0.0,19.051555882185397
fold2_seed29_easy,hard_complete,eu-locality-124,734,734,0,70810.75848628607,14499.075388352816,31.55880052571153,14467.516587827105,2.748471581015451,8.096306554320677,2.811022524670186,23.525044915045587,28.810328944696078,5.285284029650491,14475.550343437772,14500.877996668269,0.0,0.0,3479.910114005247,0.0,10987.60647382186,20.475808617642265,0.044567804667455344,20.431240812974814,0.0038814322000911036,0.011433723811740683,0.003969767567472953,0.033222416223096504,0.040686372467364236,0.00746395624426773,20.442586201419175,20.478354287755096,0.0,0.0,4.914380509960505,0.0,15.516860303014312
fold2_seed29_easy,hard_complete,eu-locality-126,858,858,0,55855.89896292232,13292.20384663549,0.041737780763796195,13292.162108854727,0.0,9.548309085056076,4.073354626698357,-5.433216677593922,0.041737780763796195,5.474954458357718,13297.637063313083,13294.715294341087,0.0,0.0,2377.5203502825943,0.0,10914.641758572132,23.797314327460708,7.472403369875423e-05,23.797239603427013,0.0,0.01709454016914907,0.007292613139038885,-0.009727202996411432,7.472403369875423e-05,0.009801927030110187,23.807041530457116,23.801810625528102,0.0,0.0,4.256525084057487,0.0,19.54071451936952
fold2_seed43_all,all,eu-locality-007,5664,5526,138,71857.36765817163,13982.212788204464,507.9588562736647,13474.2539319308,355.3338074673207,4078.590143996711,373.21906547699376,-3552.746029713373,152.62504880634395,3705.3710785197172,17534.95881791784,14228.635189466415,0.0,0.0,7261.013521500102,0.0,6213.240410430699,19.458286942430746,0.706898781333106,18.751388161097644,0.49449878147173143,5.675952622421026,0.5193887246919645,-4.9441638978676865,0.21239999986137456,5.156563897729061,24.402450840298435,19.801219628796595,0.0,0.0,10.104758576797627,0.0,8.646629584300015
fold2_seed43_all,all,eu-locality-074,104353,102348,2005,1941326.9735180049,426563.74166676565,17247.913333785582,409315.82833298005,9236.235875692748,82951.05882346677,10755.065949857566,-64184.31541551637,8011.677458092834,72195.99287360921,490748.05708228203,432620.3290894171,0.0,0.0,138935.0822161695,0.0,270380.7461168106,21.97279219243329,0.8884599847973841,21.084332207635903,0.4757692033174177,4.272905077558664,0.5540058988809913,-3.3062083971977065,0.4126907814799664,3.718899178677673,25.279000589630996,22.28477402265924,0.0,0.0,7.15670693867691,0.0,13.927625268958998
fold2_seed43_all,all,eu-locality-082,1448,1368,80,18137.43258631319,4010.6694700526486,116.34450622299231,3894.3249638296566,45.458256683385834,626.3937186770243,47.92842131897761,-507.57904781844024,70.88624953960648,578.4652973580467,4518.248517871089,4032.761015055552,0.0,0.0,3036.6252998815226,0.0,857.6996639481335,22.112663691327334,0.6414607231168309,21.471202968210502,0.2506322571679158,3.4535963990278944,0.2642514098447716,-2.7985165232342086,0.3908284659489151,3.189344989183123,24.91118021456154,22.234464529994952,0.0,0.0,16.742310607803503,0.0,4.728892360406997
fold2_seed43_all,all,eu-locality-110,8660,8550,110,252802.07358665444,65072.302219123005,2646.8837951231662,62425.41842399983,500.37443209576577,9324.782017982008,409.47140074522895,-6768.801254209378,2146.5093630274005,8915.310617236779,71841.10347333238,65361.25280360876,0.0,0.0,12588.174772131224,0.0,49837.243651868615,25.740414742610007,1.0470182295462376,24.693396513063767,0.19793130056120745,3.688570226377395,0.16197311791624686,-2.6775101794761174,0.8490869289850302,3.526597108461148,28.417924922086122,25.854713878050728,0.0,0.0,4.979458670387963,0.0,19.713937842675808
fold2_seed43_all,all,eu-locality-112,5131,5004,127,119995.82218663645,33574.57758873555,206.0685374643541,33368.5090512712,69.9453544866995,3683.9913571323295,261.45701304528717,-3286.4111611093876,136.12318297765464,3422.5343440870424,36860.98874984494,33740.780913979645,0.0,0.0,9917.95249833536,0.0,23450.556552935832,27.9797887767418,0.17172976001101423,27.808059016730788,0.05828982477232369,3.0700996834726504,0.21788843001436162,-2.738771318219598,0.11343993523869053,2.852211253458288,30.718560094961397,28.118296369935827,0.0,0.0,8.265248170814976,0.0,19.542810845915806
fold2_seed43_all,all,eu-locality-119,5787,5639,148,159670.83174455748,28622.029164431595,334.8261127655311,28287.20305166606,277.8391483245708,3918.001397313611,567.4851584456508,-3293.529274427,56.98696444096031,3350.5162388679605,31915.558438858592,28886.998464844364,0.0,0.0,7305.939817322716,0.0,20981.263234343347,17.925646689322267,0.2096977319571982,17.715948957365065,0.17400745351477834,2.453799078081874,0.35540940837179175,-2.062699391267662,0.03569027844241988,2.098389669710082,19.988346080589928,18.09159390555314,0.0,0.0,4.575625828148005,0.0,13.140323129217062
fold2_seed43_all,all,eu-locality-124,3651,3550,101,147981.84265174935,29548.221649570834,1185.5183356433922,28362.703313927443,201.19041454388525,3206.3842612050184,274.2131924265955,-1947.843147678916,984.3279210995069,2932.1710687784225,31496.064797249754,29756.60588541683,0.0,0.0,10294.219385877124,0.0,18068.48392805032,19.967464332166518,0.8011241882109229,19.166340143955598,0.13595614903738795,2.1667416784035525,0.1853019177980576,-1.3162717214319604,0.6651680391735348,1.9814397606054952,21.28373605359848,20.10828176767879,0.0,0.0,6.956407084417011,0.0,12.209933059538587
fold2_seed43_all,all,eu-locality-126,5891,5790,101,110063.22757680097,22646.134125391447,466.1700371457109,22179.96408824574,390.40261966695095,5021.104362430689,318.48214908250725,-4626.854795869422,75.76741747875997,4702.6222133481815,27272.98892126087,22876.092455306247,0.0,0.0,5847.385775690569,0.0,16332.57831255517,20.575567902176235,0.4235474893923335,20.152020412783905,0.3547075878676482,4.56201809903041,0.28936290175596907,-4.203815295749755,0.06883990152468521,4.272655197274441,24.779383197925995,20.784500835525243,0.0,0.0,5.312751501504282,0.0,14.839268911279625
fold2_seed43_all,easy,eu-locality-007,1784,1784,0,2462.1122618477807,453.334991660882,81.79270344583543,371.5422882150465,79.89481146544588,63.796072610929514,23.174212945602374,-38.723967684937605,1.8978919803895415,40.62185966532715,492.05895934581963,474.54652066929737,0.0,0.0,203.87758357829898,0.0,167.6647046367475,18.412441978606633,3.322054185476139,15.090387793130489,3.2449702925197226,2.5911114452210824,0.9412329935033285,-1.5727945587613381,0.07708389295641623,1.6498784517177545,19.98523653736797,19.273959519342018,0.0,0.0,8.28059657301295,0.0,6.809791220117537
fold2_seed43_all,easy,eu-locality-074,17176,17176,0,34021.59919050127,6791.082395866342,1497.6087299819412,5293.473665884401,916.6340014267533,1389.991597996383,812.3598482875032,3.3429788463079575,580.9747285551878,577.6317497088799,6787.739417020034,7410.47732415411,0.0,0.0,1950.7320790757235,0.0,3342.7415868086778,19.961091064062597,4.401935140074395,15.559155923988204,2.694270766915257,4.085615112367982,2.3877767877363967,0.009826048527552188,1.7076643731591377,1.6978383246315856,19.951265015535043,21.781684284326918,0.0,0.0,5.733804775468527,0.0,9.825351148519676
fold2_seed43_all,easy,eu-locality-082,515,515,0,807.8359572163906,156.84743828700627,7.9022989828872605,148.945139304119,4.505920569403377,30.995132271882404,1.4015734197008283,-26.197180438697696,3.396378413483883,29.593558852181577,183.04461872570397,158.26928775246432,0.0,0.0,130.14067065437504,0.0,18.804468649743967,19.415753518507024,0.9782058984000529,18.437547620106972,0.5577766784397293,3.8368101834293453,0.17349728087498295,-3.2428836825940395,0.4204292199603234,3.6633129025543623,22.658637201101065,19.59176072055797,0.0,0.0,16.10978930707772,0.0,2.3277583130292525
fold2_seed43_all,easy,eu-locality-110,2009,2009,0,3499.7692441100944,613.9967376147601,192.6713335812895,421.32540403347065,244.12095715839178,166.13851854576123,5.936627542006407,-211.65151458085705,-51.44962357710225,160.2018910037548,825.6482521956173,620.3249432935081,0.0,0.0,127.28112179721427,0.0,294.04428223625644,17.543920606996604,5.505258208253131,12.038662398743474,6.975344376468048,4.747127794935697,0.1696291134621919,-6.047584849688421,-1.4700861682149169,4.577498681473505,23.591505456685027,17.72473840489565,0.0,0.0,3.6368432579211016,0.0,8.401819140822374
fold2_seed43_all,easy,eu-locality-112,575,575,0,1161.3554035805278,174.75229813528307,23.693419882690016,151.05887825259305,26.208424000181797,55.27459665338065,6.01982197560126,-51.769778795271165,-2.515004117491781,49.25477467777938,226.52207693055425,178.6170355372912,0.0,0.0,65.01920528078952,0.0,86.03967297180353,15.04727128289164,2.0401523779578405,13.0071189049338,2.256710040645583,4.759490202823854,0.5183445099615321,-4.457703355550064,-0.21655766268774174,4.241145692862321,19.504974638441706,15.380049465185614,0.0,0.0,5.598562255820349,0.0,7.408556649113449
fold2_seed43_all,easy,eu-locality-119,1323,1323,0,2395.5564529720214,649.6465852412668,144.5730974322425,505.07348780902436,59.48242212486715,100.41419868513192,15.948655529264913,0.6251321515083479,85.09067530737536,84.46554315586701,649.0214530897586,663.2297082543539,0.0,0.0,223.80243002840447,0.0,281.2710577806199,27.118817610634466,6.035052826781829,21.083764783852637,2.4830315332820034,4.191685758878866,0.6657599535789852,0.026095488199945546,3.552021293499827,3.5259258052998814,27.092722122434523,27.68583088207022,0.0,0.0,9.342398495796099,0.0,11.74136628805654
fold2_seed43_all,easy,eu-locality-124,739,739,0,1400.3552188962801,276.608542232592,46.46667934733461,230.1418628852574,38.66378745579558,67.78225821641709,1.651239241950765,-58.32812708292729,7.802891891539037,66.13101897446633,334.93666931551934,277.9786456630685,0.0,0.0,86.82082595664147,0.0,143.32103692861594,19.7527411973804,3.3182066036043567,16.434534593776043,2.760998561941253,4.840361738348155,0.11791574163962659,-4.1652379550454235,0.5572080416631041,4.722445996708529,23.917979152425826,19.850580903477,0.0,0.0,6.199914477775943,0.0,10.234620116000102
fold2_seed43_all,easy,eu-locality-126,2167,2167,0,3048.586466318375,800.6605215977652,228.8357123645114,571.8248092332537,209.77271509122917,138.1004460086512,3.143819576865055,-115.89362915850396,19.062997273282193,134.95662643178616,916.5541507562691,804.1591704993255,0.0,0.0,279.6589452242828,0.0,292.16586400897097,26.26333648212651,7.506289058642474,18.757047423484035,6.880982954193888,4.529982912881857,0.10312384482444048,-3.801552963608832,0.6253061044485846,4.426859068057417,30.06488944573534,26.378099469504896,0.0,0.0,9.17339718961663,0.0,9.583650233867402
fold2_seed43_all,hard,eu-locality-007,1057,1057,0,41070.30103889193,7785.248398926091,301.9653637502773,7483.283035175813,127.40020860832126,1959.060248257909,83.66803579624367,-1700.8270573197094,174.56515514195598,1875.3922124616656,9486.0754562458,7843.414603955279,0.0,0.0,3987.469542646143,0.0,3495.8134925296704,18.95590780197538,0.7352402006119414,18.220667601363438,0.3102003281828355,4.770016772954153,0.2037190711531756,-4.141257829371872,0.42503987242910585,4.566297701800979,23.097165631347252,19.097533754446747,0.0,0.0,9.708888032912565,0.0,8.511779568450875
fold2_seed43_all,hard,eu-locality-074,26162,26162,0,1296588.2123910892,272280.7063074734,11613.054769331098,260667.65153814235,3668.7121175481934,46043.24196578558,3059.8286372795355,-35039.070676723146,7944.342651782907,42983.41332850605,307319.77698419656,274300.251552962,0.0,0.0,87301.74130170472,0.0,173365.91023643763,20.999782637646373,0.8956625286539516,20.104120108992422,0.28295121631428205,3.5511075548709043,0.235990780113355,-2.7024054624178806,0.6127113123396697,3.3151167747575503,23.70218810006425,21.155541052398906,0.0,0.0,6.733189494350573,0.0,13.370930614641848
fold2_seed43_all,hard,eu-locality-082,245,245,0,11464.430595163416,2294.477918347795,27.982208777590166,2266.495709570205,40.56141959190467,413.97466064697085,17.20851865520816,-409.3453528060772,-12.5792108143145,396.7661419917627,2703.823271153872,2298.9835235222026,0.0,0.0,1742.3954454479833,0.0,524.1002641222219,20.013884678370186,0.24407848732928114,19.769806191040907,0.35380230405002944,3.610948290982872,0.15010356172829067,-3.5705685459753296,-0.1097238167207483,3.4608447292545814,23.584453224345513,20.05318541063951,0.0,0.0,15.198272875262209,0.0,4.571533315778701
fold2_seed43_all,hard,eu-locality-110,2779,2779,0,212515.54693992878,52863.36933382229,2273.992552000511,50589.376781821775,141.42696578254044,6849.404943536502,302.4340999445519,-4414.40525737398,2132.56558621797,6546.970843591951,57277.774591196256,53082.39389498888,0.0,0.0,10304.773304929473,0.0,40284.6034768923,24.87505977563375,1.0700358560794117,23.805023919554337,0.06654899738818507,3.2230135828474733,0.14231151758042446,-2.077215206575822,1.0034868586912264,3.080702065267049,26.952274982209566,24.97812261706836,0.0,0.0,4.84895032542833,0.0,18.956073594126007
fold2_seed43_all,hard,eu-locality-112,1522,1522,0,88481.49820167836,24684.645251108173,116.67538902628172,24567.96986208189,21.898773521744925,2004.500213471225,143.7998647154226,-1765.9237332512657,94.7766155045368,1860.7003487558022,26450.568984359437,24779.719420758498,0.0,0.0,7129.329003550621,0.0,17438.640858531267,27.8980868913903,0.13186416527480155,27.766222726115494,0.02474955099859457,2.265445606382378,0.162519699189152,-1.9958112929170189,0.107114614276207,2.1029259071932254,29.893898184307314,28.005537795344953,0.0,0.0,8.057423470950436,0.0,19.708799255165058
fold2_seed43_all,hard,eu-locality-119,1922,1922,0,132210.41662204755,22216.361717593365,121.21000670731246,22095.151710886053,156.91998891809953,2779.1292475931723,265.7080084983747,-2549.131221305585,-35.70998221078706,2513.421239094798,24765.492938898948,22323.207247562223,0.0,0.0,5870.8108826752905,0.0,16224.340828210763,16.80379071877801,0.09167961935542328,16.712111099422586,0.11868958053939858,2.1020501399204594,0.2009735808169785,-1.928086520287456,-0.027009961183975292,1.9010765591034806,18.731877239065465,16.884605478082715,0.0,0.0,4.440505546138842,0.0,12.271605553283745
fold2_seed43_all,hard,eu-locality-124,1375,1375,0,132318.86901378632,25349.16253263554,983.9526587571373,24365.2098738784,141.66207131190885,2518.6700103196854,236.01439226160818,-1440.3650306128493,842.2905874452284,2282.6556180580774,26789.52756324839,25525.96926231988,0.0,0.0,8837.69736336269,0.0,15527.512510515713,19.157632408416678,0.7436223314866901,18.414010076929987,0.10706112617781599,1.9034851409266995,0.1783679032481889,-1.0885560323696368,0.6365612053088741,1.7251172376785109,20.246188440786312,19.291254114075237,0.0,0.0,6.679090767048416,0.0,11.73491930988157
fold2_seed43_all,hard,eu-locality-126,1386,1386,0,85825.44437171024,15949.154510965103,94.05199621893048,15855.102514746173,115.70489959682601,3683.2982411449757,207.83509804075916,-3497.1160464821114,-21.65290337789554,3475.463143104216,19446.270557447213,16106.854945521882,0.0,0.0,3898.459753818512,0.0,11956.642760927662,18.583247226649092,0.10958521322836504,18.47366201342073,0.1348142155788996,4.291615695215746,0.24216023530344305,-4.074684462262836,-0.025229002350534598,4.049455459912303,22.657931688911926,18.766992776364834,0.0,0.0,4.542312343801299,0.0,13.93134966961943
fold2_seed43_all,complete,eu-locality-007,2882,2882,0,37224.82297229774,7716.58688780323,324.25124055413596,7392.335647249095,234.51214361289772,2559.2262881324095,178.80819324508704,-2290.6789979460846,89.73909694123827,2380.418094887323,10007.265885749315,7842.167526916492,0.0,0.0,3478.8192234448334,0.0,3913.5164238042607,20.72968055092114,0.8710618739421266,19.858618676979017,0.629988606762264,6.875052945280505,0.48034665840628415,-6.153633019694358,0.2410732671798628,6.3947062868742215,26.8833135706155,21.0670378009656,0.0,0.0,9.345428522343083,0.0,10.51319015463593
fold2_seed43_all,complete,eu-locality-074,67309,67309,0,1251112.9954430128,288575.4122980041,11788.991659728263,276786.4206382758,7216.001122320989,64162.88740509825,6975.506937379641,-52614.38993031134,4572.990537407271,57187.38046771861,341189.8022283154,292315.3675239092,0.0,0.0,87958.7876482708,0.0,188827.63299000502,23.065495550689327,0.9422803298077678,22.12321522088156,0.5767665389620416,5.1284646262009685,0.5575441197387331,-4.20540671561651,0.365513790845726,4.570920506462237,27.270902266305836,23.36442580235543,0.0,0.0,7.030443130927997,0.0,15.092772089953563
fold2_seed43_all,complete,eu-locality-082,582,582,0,5902.762716458798,1598.0695226332539,50.641829069583466,1547.4276935636706,2.653539949631814,267.11694386627397,14.220173181891383,-204.90848156443093,47.98828911995166,252.8967706843826,1802.978004197685,1602.7435017269358,0.0,0.0,1253.0274261826899,0.0,294.4002673809806,27.07324687433772,0.857934352136124,26.2153125222016,0.044954203262023255,4.525286830884564,0.24090707800672678,-3.4713996040037363,0.8129801488741009,4.284379752877838,30.544646478341463,27.15242978102393,0.0,0.0,21.22781291358446,0.0,4.987499608617133
fold2_seed43_all,complete,eu-locality-110,5804,5804,0,159090.61882162682,44123.8628295051,2213.9348341755103,41909.92799532959,411.1061796591256,6771.910888258452,238.09876399414284,-4730.9834697479255,1802.8286545163842,6533.812124264309,48854.846299253026,44296.51989093772,0.0,0.0,8450.987958870435,0.0,33458.94003645916,27.73505009681117,1.3916187205593717,26.3434313762518,0.258410070124914,4.256637467637958,0.1496623532913027,-2.973766463912198,1.1332086504344574,4.106975114346655,30.708816560723367,27.843577590582633,0.0,0.0,5.312059266263666,0.0,21.031372109988133
fold2_seed43_all,complete,eu-locality-112,2417,2417,0,48943.748232395184,16625.06145080011,135.1619774549971,16489.89947334511,37.004706284563596,2128.675698577872,46.404805409475735,-1984.113621997963,98.15727117043352,2082.2708931683965,18609.175072798073,16656.16827542717,0.0,0.0,4567.967256745963,0.0,11921.932216599149,33.96769158720912,0.27615779815885716,33.69153378905026,0.07560660476769676,4.349229013827206,0.09481252884257248,-4.053865291593475,0.20055119339116043,4.254416484984635,38.02155687880259,34.03124786508011,0.0,0.0,9.333096507149996,0.0,24.35843728190026
fold2_seed43_all,complete,eu-locality-119,3148,3148,0,87086.67787822655,17538.183049517007,255.81537693589917,17282.36767258111,222.42719087996466,3058.7622370286185,338.9851027701699,-2686.3889482025143,33.388186055934526,2719.7771342584488,20224.571997719522,17681.851581465115,0.0,0.0,4130.395472886479,0.0,13151.972199694632,20.1387668892832,0.2937480027583625,19.84501888652484,0.2554089744828537,3.5123193484377615,0.38925024013910986,-3.0847300800231428,0.03833902827550878,3.123069108298651,23.223496969306346,20.303738771835665,0.0,0.0,4.742855708265756,0.0,15.102163178259087
fold2_seed43_all,complete,eu-locality-124,2077,2077,0,78262.36790376958,16068.000863970212,689.4956495305105,15378.505214439705,51.14522270771716,1927.1299381028741,165.92152434785018,-1122.8579869322307,638.3504268227931,1761.208413755024,17190.858850902445,16188.126310519296,0.0,0.0,5773.072507879855,0.0,9605.432706559848,20.5309413634497,0.881005351612036,19.64993601183767,0.06535097784238356,2.462396666137739,0.2120067777042795,-1.434735514663807,0.8156543737696522,2.2503898884334594,21.96567687811351,20.684432050949457,0.0,0.0,7.376562532555049,0.0,12.273373479282618
fold2_seed43_all,complete,eu-locality-126,3637,3637,0,67453.8042148509,15163.408771187642,365.52039454584286,14797.888376641797,306.4960696838847,3804.416264281358,214.98842653075985,-3530.4035128886408,59.02432486195823,3589.4278377505984,18693.81228407628,15327.441540368482,0.0,0.0,3676.10029893537,0.0,11121.788077706427,22.47969398862934,0.5418825502881992,21.93781143834114,0.4543792203441141,5.640032179895589,0.3187194985267075,-5.2338093514247985,0.0875033299440852,5.321312681368883,27.713503340054135,22.722871925129954,0.0,0.0,5.449804264895745,0.0,16.488007173445393
fold2_seed43_all,partial,eu-locality-007,2644,2644,0,34632.54468587388,6265.6259004012345,183.70761571952872,6081.918284681707,120.82166385442301,1519.363855864301,194.41087223190672,-1262.0670317672887,62.885951865105724,1324.9529836323945,7527.692932168524,6386.467662549923,0.0,0.0,3782.1942980552694,0.0,2299.7239866264376,18.091728335968607,0.5304479280566999,17.561280407911912,0.34886741632850454,4.387098521478348,0.5613531260704736,-3.644164883679679,0.1815805117281954,3.8257453954078744,21.735893219648286,18.440653785267106,0.0,0.0,10.920925194382185,0.0,6.640355213529724
fold2_seed43_all,partial,eu-locality-074,35039,35039,0,690213.9780749921,137988.32936876162,5458.921674057321,132529.4076947043,2020.234753371759,18788.17141836852,3779.5590124779246,-11569.925485205036,3438.6869206855617,15008.612405890599,149558.25485396665,140304.96156550787,0.0,0.0,50976.294567898716,0.0,81553.11312680558,19.99210878829364,0.7909027993438009,19.20120598894984,0.29269687626527024,2.722079241392468,0.5475923601285388,-1.6762809581853988,0.4982059230785307,2.1744868812639297,21.668389746479036,20.327748498634964,0.0,0.0,7.3855784129541515,0.0,11.815627575995684
fold2_seed43_all,partial,eu-locality-082,786,786,0,12234.669869854388,2412.5999474193945,65.70267715340884,2346.8972702659858,42.80471673375401,359.27677481075034,33.70824813708623,-302.67056625400926,22.897960419654837,325.5685266736641,2715.270513673404,2430.0175133286166,0.0,0.0,1783.597873698833,0.0,563.2993965671528,19.719371042155537,0.5370204333448909,19.182350608810648,0.3498640926897642,2.9365465405485955,0.2755141617686118,-2.4738760381248563,0.1871563406551268,2.661032378779983,22.193247080280393,19.86173341150837,0.0,0.0,14.57822640636613,0.0,4.604124202444516
fold2_seed43_all,partial,eu-locality-110,2746,2746,0,93711.45476502762,20948.439389617903,432.94896094765636,20515.490428670244,89.2682524366401,2552.871129723555,171.3726367510861,-2037.817784461453,343.6807085110163,2381.4984929724696,22986.257174079357,21064.73291267104,0.0,0.0,4137.186813260785,0.0,16378.303615409459,22.354192923526885,0.46200217682377664,21.892190746703108,0.09525863477466184,2.724182583788323,0.18287266714702738,-2.1745663745921813,0.3667435420491148,2.5413099166412962,24.52875929811907,22.47829037067967,0.0,0.0,4.414814414773924,0.0,17.477376331929182
fold2_seed43_all,partial,eu-locality-112,2587,2587,0,71052.07395424128,16949.51613793544,70.90656000935701,16878.609577926083,32.94064820213589,1555.3156585544573,215.05220763581147,-1302.2975391114246,37.965911807221126,1340.263450918646,18251.813677046866,17084.612638552484,0.0,0.0,5349.985241589398,0.0,11528.624336336685,23.855061780253187,0.09979520098881564,23.755266579264372,0.04636127613016647,2.188979957933538,0.30266844536347903,-1.83287758771141,0.05343392485864918,1.8863115125700594,25.6879393679646,24.045199088143804,0.0,0.0,7.529667951754481,0.0,16.225598627509893
fold2_seed43_all,partial,eu-locality-119,2491,2491,0,72584.15386633092,11083.846114914586,79.01073582963193,11004.835379084952,55.411957444606145,859.2391602849925,228.50005567548095,-607.1403262244858,23.598778385025785,630.7391046095116,11690.98644113907,11205.146883379253,0.0,0.0,3175.544344436237,0.0,7829.291034648715,15.270338668308108,0.10885397379590045,15.161484694512206,0.07634167306909902,1.183783394192822,0.31480708047693257,-0.8364640129890879,0.03251230072680144,0.8689763137158895,16.106802681297193,15.437456092709105,0.0,0.0,4.374982933994431,0.0,10.786501760517774
fold2_seed43_all,partial,eu-locality-124,1473,1473,0,69719.47474797977,13480.22078560062,496.02268611288184,12984.19809948774,150.0451918361681,1279.254323102144,108.29166807874536,-824.985160746685,345.9774942767137,1170.9626550233986,14305.205946347307,13568.47957489753,0.0,0.0,4521.146877997269,0.0,8463.05122149047,19.334943119305745,0.7114549957610731,18.623488123544675,0.2152127398815722,1.8348593814373402,0.15532484785663603,-1.1832922777012032,0.4962422558795008,1.679534533580704,20.51823539700695,19.46153441910533,0.0,0.0,6.48476898935369,0.0,12.138719134190982
fold2_seed43_all,partial,eu-locality-126,2153,2153,0,42609.42336195006,7482.725354203809,100.64964259986806,7382.07571160394,83.90654998306637,1216.6880981493302,103.4937225517474,-1096.4512829807811,16.743092616801718,1113.1943755975828,8579.17663718459,7548.650914937767,0.0,0.0,2171.2854767551994,0.0,5210.790234848742,17.561198354272577,0.23621451467411206,17.324983839598463,0.19692017249403654,2.8554437074025856,0.24288928219612244,-2.5732600830263874,0.039294342180075575,2.612554425206463,20.134458437298964,17.715918966598043,0.0,0.0,5.095787047646703,0.0,12.229196791951765
fold2_seed43_all,endpoint,eu-locality-007,3935,3935,0,55331.08339997903,11012.642262894784,446.65157801371276,10565.990684881072,272.98151164230615,3369.391508441401,284.05949975256937,-2911.661942317425,173.67006637140662,3085.332008688832,13924.30420521221,11205.982002393643,0.0,0.0,5301.125558686533,0.0,5264.865126194538,19.90317482722371,0.8072344703336897,19.095940356890022,0.4933601420181294,6.0895093705009185,0.5133814165523407,-5.262253625633018,0.3138743283155602,5.576127953948579,25.16542845285673,20.252598203052518,0.0,0.0,9.580736961836791,0.0,9.515203395053229
fold2_seed43_all,endpoint,eu-locality-074,81289,81289,0,1592729.1378537202,364055.8258673944,14786.069882069914,349269.7559853245,8186.7981357940025,76441.6859623235,9081.288110869371,-60761.12610517822,6599.271746275913,67360.39785145414,424816.9519725726,369072.8119651164,0.0,0.0,111975.96668111847,0.0,237293.78930420603,22.85735956070831,0.9283480493108113,21.929011511397505,0.5140106965598753,4.799415302047678,0.5701715310556098,-3.814906418241132,0.41433735275093614,4.229243770992069,26.672265978949444,23.172352611220507,0.0,0.0,7.030446296224072,0.0,14.89856521517343
fold2_seed43_all,endpoint,eu-locality-082,859,859,0,10198.66784371486,2660.3012064827276,90.02574458448335,2570.275461898244,3.3185948070773463,454.74189193083964,18.965967542560445,-349.0687746108732,86.70714977740602,435.77592438827924,3009.3699810936014,2665.9902607842055,0.0,0.0,2043.3026269296229,0.0,526.9728349686213,26.08479114379819,0.8827206255174157,25.20207051828077,0.03253949298017877,4.458836182326339,0.1859651459700064,-3.422689903819096,0.850181132537237,4.272871036356333,29.507481047617286,26.14057347133996,0.0,0.0,20.034995337051303,0.0,5.16707518122947
fold2_seed43_all,endpoint,eu-locality-110,7204,7204,0,206457.61801172514,55957.47968593528,2327.6547538763652,53629.824932058924,458.7895073819593,8518.375185880173,323.6899759391955,-6325.819963446573,1868.8652464944062,8194.685209940979,62283.29964938185,56185.204786182716,0.0,0.0,10598.798360797851,0.0,43031.02657126107,27.10361585337933,1.1274249777231147,25.976190875656222,0.22221970387932297,4.125967967622487,0.15678277171676586,-3.0639799220619297,0.9052052738437918,3.969185195905722,30.167595775441264,27.213916990455566,0.0,0.0,5.133643632465005,0.0,20.842547243191216
fold2_seed43_all,endpoint,eu-locality-112,3719,3719,0,89738.0776229552,27132.17276295506,173.1995452134278,26958.97321774163,51.4572749859843,3230.4789676820014,168.61918764864458,-2940.1175098059134,121.7422702274435,3061.859780033357,30072.290272760973,27239.758259352486,0.0,0.0,7708.770807699566,0.0,19250.202410042064,30.234849555117492,0.19300563350726713,30.04184392161022,0.05734162838008178,3.5998976724855067,0.1879014930062547,-3.2763321743520666,0.13566400512718532,3.411996179479252,33.511181729469556,30.354737900452303,0.0,0.0,8.590300808636494,0.0,21.451543112973727
fold2_seed43_all,endpoint,eu-locality-119,4147,4147,0,119222.95589290727,23250.433208526665,288.19246292675734,22962.24074559991,249.40592862685574,3589.05309819364,436.63919266319493,-3113.6273712305433,38.786534299901604,3152.413905530445,26364.060579757206,23447.329426691853,0.0,0.0,5425.423240909124,0.0,17536.817504690785,19.50164130254538,0.24172564819280942,19.25991565435257,0.209192874609556,3.01037083950303,0.36623751641874125,-2.6116005495010355,0.03253277358325341,2.644133323084289,22.113241852046414,19.666790888621783,0.0,0.0,4.5506531861049835,0.0,14.709262468247589
fold2_seed43_all,endpoint,eu-locality-124,2645,2645,0,108719.30736008164,23577.81131068651,1134.2243758816196,22443.586934804887,98.86750644065789,2727.0722223492694,218.32510546572112,-1473.3902474425868,1035.3568694409616,2508.747116883548,25051.201558129098,23736.13459436106,0.0,0.0,7078.412504678778,0.0,15365.17443012611,21.686866742625654,1.0432593836576185,20.643607358968033,0.09093831522786078,2.508360555790816,0.2008153940335747,-1.3552240933274837,0.9523210684297576,2.307545161757241,23.04209083595314,21.832492471411967,0.0,0.0,6.510722590638717,0.0,14.132884768329316
fold2_seed43_all,endpoint,eu-locality-126,4579,4579,0,85071.72109422761,19323.265940195313,417.98367810237494,18905.282262092936,354.2411806184092,4579.403235973238,269.02633404452854,-4246.634404444744,63.742497483965735,4310.37690192871,23569.900344640057,19515.267555213195,0.0,0.0,4644.207697231977,0.0,14261.07456486096,22.7140884087585,0.49133092962749103,22.222757479131005,0.4164029786420362,5.382991171532752,0.3162347376827467,-4.99182848286455,0.07492795098545486,5.0667564338500055,27.70591689162305,22.939782226337687,0.0,0.0,5.4591674383640765,0.0,16.763590040766932
fold2_seed43_all,easy_complete,eu-locality-007,1075,1075,0,1466.7897958213211,298.27984591381494,59.96505419054773,238.3147917232672,58.55928736338525,44.90627054823362,9.25326508531743,-34.2472386357537,1.4057668271624868,35.65300546291619,332.5270845495686,307.46234742344234,0.0,0.0,118.23423001137391,0.0,120.08056171189325,20.335555017056464,4.088183212167127,16.247371804889337,3.9923435198562514,3.061534152757628,0.6308514765836719,-2.334842983863079,0.09583969231087643,2.4306826761739555,22.67039800091954,20.961582109403782,0.0,0.0,8.060748060029235,0.0,8.1866237448601
fold2_seed43_all,easy_complete,eu-locality-074,11519,11519,0,22578.778303033618,4883.202360595376,1211.2136817035398,3671.9886788918357,734.8002971225967,1076.540433655141,555.3110484352927,-44.81600063890518,476.4133845809429,521.229385219848,4928.018361234281,5305.759139604428,0.0,0.0,1310.0668874693956,0.0,2361.92179142244,21.627398502510136,5.36438980642635,16.263008696083784,3.254384658287163,4.767930395554219,2.459437977477651,-0.19848726993738114,2.110005148139186,2.308492418076567,21.825885772447513,23.498876105672917,0.0,0.0,5.802204485498575,0.0,10.46080421058521
fold2_seed43_all,easy_complete,eu-locality-082,285,285,0,421.7144247773926,96.20273613959502,2.8564759272675024,93.34626021232752,2.561382490709343,18.770635257895428,0.35235487291129164,-18.123186948425978,0.29509343655815967,18.418280384984136,114.325923088021,96.58713647463145,0.0,0.0,80.64565519188508,0.0,12.700605020442437,22.81229440761408,0.6773484043794162,22.134946003234667,0.6073736965628819,4.451029928085517,0.08355295721679112,-4.297502263052191,0.0699747078165345,4.367476970868726,27.109796670666274,22.903446218520084,0.0,0.0,19.123285914266493,0.0,3.011660088968172
fold2_seed43_all,easy_complete,eu-locality-110,1576,1576,0,2694.309996819554,476.2951248175923,165.90899870615178,310.38612611144055,215.87047876668657,134.94202263209547,2.1513690167074158,-182.75213367592283,-49.9614800605348,132.79065361538807,659.0472584935151,478.8114321984048,0.0,0.0,90.1337510343195,0.0,220.25237507712103,17.677814556596147,6.157754634841419,11.52005992175473,8.01208765960512,5.008407450938651,0.0798486075932969,-6.782891868109055,-1.8543330247637004,4.928558843345355,24.4607064247052,17.771207944282896,0.0,0.0,3.3453370674019007,0.0,8.174722854352828
fold2_seed43_all,easy_complete,eu-locality-112,333,333,0,656.9938158679824,100.678846041603,18.56092939259741,82.1179166490056,20.84836856866373,36.66283236012251,4.242215322558294,-34.708056213630535,-2.2874391760663215,32.42061703756421,135.3869022552335,102.9859759281172,0.0,0.0,33.14510682207474,0.0,48.972809826930835,15.324169514227755,2.825130000360167,12.49903951386759,3.1732975357035995,5.580392307298308,0.6457009518352501,-5.282858890806491,-0.3481675353434322,4.934691355463058,20.607028405034242,15.675334141776975,0.0,0.0,5.0449648111657375,0.0,7.454074702701847
fold2_seed43_all,easy_complete,eu-locality-119,789,789,0,1369.5670209630289,427.9295775481044,105.50152123478534,322.4280563133191,47.52585585787828,67.72753830507808,5.975439869658726,-3.7764330585122794,57.97566537690708,61.75209843541937,431.7060106066167,431.7181427339949,0.0,0.0,144.98650838655414,0.0,177.4415479267649,31.245610546842766,7.703275533065959,23.542335013776807,3.470137286487802,4.945178824286714,0.43630138417446834,-0.2757391935340872,4.233138246578158,4.508877440112246,31.521349740376852,31.52223557708236,0.0,0.0,10.586302544332952,0.0,12.956032469443851
fold2_seed43_all,easy_complete,eu-locality-124,500,500,0,945.2710689643136,208.39720267408833,41.75166295135003,166.6455397227383,31.77963504207287,49.992592941420796,0.48265629827495315,-39.537908733868676,9.972027909277163,49.509936643145835,247.935111407957,208.9666558990543,0.0,0.0,52.54057223189278,0.0,114.10496749084554,22.04629016123584,4.416898424395368,17.629391736840475,3.3619599801030864,5.288704434400515,0.051060094201737884,-4.182705895906493,1.054938444292283,5.237644340198776,26.228996057142336,22.106532481524972,0.0,0.0,5.558254553316528,0.0,12.071137183523946
fold2_seed43_all,easy_complete,eu-locality-126,1432,1432,0,2071.4046414350005,557.4347329074028,165.12326346734224,392.3114694400606,147.94909695202026,103.24155931717198,1.1496255260380899,-84.91776727581191,17.17416651532197,102.0919337911339,642.3525001832147,559.0435065345093,0.0,0.0,202.1590928644391,0.0,190.15237657562153,26.91095316467141,7.971559982261618,18.9393931824098,7.142452710230775,4.984132856130401,0.055499804482511315,-4.099525779617047,0.8291072720308418,4.928633051647889,31.01047894428846,26.988618995621376,0.0,0.0,9.759517229062013,0.0,9.179875953347786
fold2_seed43_all,hard_complete,eu-locality-007,607,607,0,23327.566525086993,4643.794952128394,188.0676497126522,4455.727302415742,92.66712374811488,1404.0309075639886,52.71470683345022,-1255.9156747660013,95.40052596453734,1351.3162007305384,5899.710626894394,4684.7188899367375,0.0,0.0,2121.711067434842,0.0,2334.0162349808998,19.906898334784948,0.8062034653738956,19.100694869411058,0.39724299424227794,6.018762848898371,0.22597602187420462,-5.383826355892549,0.4089604711316178,5.792786827024166,25.290724690677493,20.082329997424655,0.0,0.0,9.095295324324145,0.0,10.005399545086908
fold2_seed43_all,hard_complete,eu-locality-074,16945,16945,0,829665.0368719343,178945.4832882407,7401.278262938674,171544.20502530204,2711.714394736445,35604.828887706826,1758.6078937366497,-29156.657125767953,4689.563868202229,33846.220993970186,208102.14041400867,180091.13366309146,0.0,0.0,52110.279683253386,0.0,119433.92534204865,21.568401142093975,0.8920802895158185,20.67632085257816,0.3268444823178707,4.2914703290314415,0.211966012255631,-3.514268509577863,0.5652358071979477,4.079504316775811,25.082669651671843,21.706487035067145,0.0,0.0,6.280881725439882,0.0,14.395439127138278
fold2_seed43_all,hard_complete,eu-locality-082,75,75,0,3554.337140006786,853.7345509144217,22.13231603428779,831.602234880134,0.0,158.95847126157162,12.397018953701735,-124.42913627358209,22.13231603428779,146.56145230786987,978.1636871880038,857.0702472912502,0.0,0.0,713.0262386069707,0.0,118.57599627316337,24.01951523689145,0.6226847696908554,23.396830467200598,0.0,4.472239548476488,0.34878567973093483,-3.5007690990546982,0.6226847696908554,4.123453868745553,27.520284335946148,24.11336385747622,0.0,0.0,20.060737361723916,0.0,3.3360931054766794
fold2_seed43_all,hard_complete,eu-locality-110,1698,1698,0,132376.7032160188,35437.06261059643,1891.8472739815852,33545.215336614856,108.18705622549264,4954.56328852995,181.65202934608803,-2989.2510414277695,1783.6602177560926,4772.911259183862,38426.313652024204,35574.653493493395,0.0,0.0,6931.3444922881135,0.0,26613.87084432674,26.769863389609043,1.4291391370386193,25.340724252570432,0.08172665854122964,3.742775857202646,0.13722356346166087,-2.258139815243595,1.3474124784973898,3.605552293740985,29.02800320485264,26.87380228486347,0.0,0.0,5.236075777606581,0.0,20.104648474963845
fold2_seed43_all,hard_complete,eu-locality-112,591,591,0,33326.752844705145,11480.994842508633,87.75589252819444,11393.23894998044,2.1028577580838785,1096.3682093091325,18.23409852312627,-992.4810760158955,85.65303477011057,1078.1341107860062,12473.47591852453,11492.740990378796,0.0,0.0,3020.5223615007667,0.0,8372.716588479674,34.44978542016193,0.2633196607455768,34.18646575941636,0.006309818925002093,3.2897540736055246,0.05471309673670548,-2.978031135048244,0.2570098418205747,3.235040976868819,37.42781655521017,34.48503082173134,0.0,0.0,9.06335632389898,0.0,25.123109435517378
fold2_seed43_all,hard_complete,eu-locality-119,1066,1066,0,72150.43150297673,13684.921888490608,99.24213592310323,13585.679752567503,127.68920150293715,2244.7236720181827,178.3700953784476,-2094.8006422195695,-28.447065579833897,2066.3535766397354,15779.722530710176,13745.670024793491,0.0,0.0,3282.359405402285,0.0,10303.32034716522,18.96720726878259,0.13754891530899405,18.829658353473597,0.17697635182912114,3.1111715138191123,0.24721972088425906,-2.9033792294549805,-0.03942743652012705,2.863951792934853,21.87058649823757,19.05140376634668,0.0,0.0,4.549327477364932,0.0,14.280330876108666
fold2_seed43_all,hard_complete,eu-locality-124,734,734,0,69325.40117769156,13240.083455296102,528.53682242299,12711.546632873113,4.3085650228711145,1434.7701667054796,145.19323577344954,-765.3486735319112,524.2282574001189,1289.5769309320299,14005.432128828015,13341.638117223412,0.0,0.0,4893.481039190303,0.0,7818.065593682811,19.09845919442969,0.7623999478463452,18.336059246583346,0.006214987507721169,2.0696168249036817,0.20943728172780013,-1.1039945828372577,0.756184960338624,1.8601795431758814,20.20245377726695,19.24494902384591,0.0,0.0,7.058712904736845,0.0,11.277346341846501
fold2_seed43_all,hard_complete,eu-locality-126,858,858,0,53081.49069555678,10667.595682329524,72.52291387891187,10595.072768450613,112.77087532517676,2849.7483924042704,164.73642276045467,-2725.2599310900805,-40.247961446264895,2685.011969643816,13392.855613419606,10794.34851814601,0.0,0.0,2346.457979215582,0.0,8248.614789235031,20.096639228751844,0.1366256164410666,19.960013612310778,0.2124485839554923,5.368629168213639,0.31034626307931484,-5.1341058726487505,-0.07582296751442566,5.058282905134326,25.2307451014006,20.335428370043036,0.0,0.0,4.420482447777213,0.0,15.539531164533566
fold2_seed43_easy,all,eu-locality-007,5664,5526,138,75524.0929877632,16779.881845905536,107.75930657453011,16672.12253933101,78.7636479617851,396.8136002196717,52.251229398407204,-315.5667122085194,28.995658612745004,344.56237082126444,17095.448558114058,16816.241399538703,0.0,0.0,8589.988460629542,0.0,8082.134078701465,22.217919053492373,0.1426820267699075,22.07523702672247,0.10428943247891344,0.5254132615455117,0.06918484861098989,-0.4178358186435276,0.038392594290994043,0.45622841293452165,22.6357548721359,22.26606203965052,0.0,0.0,11.37383862659739,0.0,10.701398400125075
fold2_seed43_easy,all,eu-locality-074,104353,102348,2005,2016924.5033489752,484756.66157696757,2608.584595230159,482148.0769817375,87.37570950858908,5772.821167274775,422.37005387531866,-2829.242227677886,2521.2088857215695,5350.451113399456,487585.9038046455,485055.78253934626,0.0,0.0,149630.68480052502,0.0,332517.39218121243,24.03444753495036,0.1293347664178193,23.905112768532547,0.004332125935477865,0.28621900114205423,0.020941292208706868,-0.14027506845100593,0.12500264048234142,0.26527770893334734,24.17472260340137,24.04927808323722,0.0,0.0,7.418754869211652,0.0,16.48635789932089
fold2_seed43_easy,all,eu-locality-082,1448,1368,80,18616.808812788673,4440.147221490051,118.57336313801011,4321.5738583520415,6.574585027371938,105.11493371564568,5.527034711197263,12.410879106189753,111.99877811063817,99.58789900444842,4427.736342383862,4443.649244850466,0.0,0.0,3326.3334874575103,0.0,995.2403708945315,23.850205833557933,0.6369156192685238,23.21329021428941,0.035315316891773516,0.5646238019237636,0.029688410977291177,0.06666491143027799,0.6016003023767504,0.5349353909464724,23.78354092212766,23.86901691657238,0.0,0.0,17.867366641121173,0.0,5.345923573168237
fold2_seed43_easy,all,eu-locality-110,8660,8550,110,261683.7248007737,72654.50220161221,479.39117409634673,72175.11102751584,34.71864803036104,757.1624060786322,26.36621601729679,-286.12366399534983,444.67252606598566,730.7961900613354,72940.62586560755,72676.63951460843,0.0,0.0,13097.400125734106,0.0,59077.71090178176,27.764241836944915,0.18319487559316847,27.581046961351742,0.01326740822601528,0.28934256673970793,0.010075604066462308,-0.10933949530609244,0.1699274673671532,0.27926696267324563,27.873581332251007,27.77270140507934,0.0,0.0,5.0050495634397905,0.0,22.57599739791196
fold2_seed43_easy,all,eu-locality-112,5131,5004,127,123227.99923891226,36308.17814237086,113.10210303194941,36195.07603933891,13.715470155779084,274.6761025184807,18.838441395165706,-156.45102824714468,99.38663287617032,255.837661123315,36464.629170618005,36323.40754317893,0.0,0.0,10400.111923095099,0.0,25794.964116243806,29.46422758351956,0.09178279589906273,29.372444787620495,0.01113015730230901,0.22290072403589348,0.015287468360694608,-0.12696061707844514,0.08065263859675371,0.20761325567519884,29.591188200598005,29.476586301426313,0.0,0.0,8.439731219632598,0.0,20.932713567987893
fold2_seed43_easy,all,eu-locality-119,5787,5639,148,162928.61098731036,31110.937238419174,13.925723445883756,31097.01151497329,0.1822202692595576,317.6134689265027,15.625907660743321,-288.2440580891352,13.743503176624198,301.9875612657594,31399.181296508308,31118.96105391867,0.0,0.0,7709.47052372972,0.0,23387.54099124357,19.094827513653964,0.008547131999405775,19.086280381654557,0.00011184055897570364,0.19494026678422977,0.009590646827499402,-0.1769143285163003,0.008435291440430072,0.18534961995673038,19.271741842170265,19.099752256736764,0.0,0.0,4.731808905146911,0.0,14.354471476507648
fold2_seed43_easy,all,eu-locality-124,3651,3550,101,151048.18489249938,32045.09667322853,167.3194872203149,31877.777186008214,0.627506137022539,220.2958951656345,6.570218679363286,-47.03369540297886,166.69198108329235,213.7256764862712,32092.130368631508,32050.035929329173,0.0,0.0,10641.235870166176,0.0,21236.541315842038,21.215148461423052,0.11077225942132027,21.10437620200173,0.00041543441085977535,0.14584478146653568,0.004349750170145569,-0.031138206285929632,0.11035682501046047,0.1414950312963901,21.246286667708983,21.218418448483245,0.0,0.0,7.044927999458926,0.0,14.059448202542805
fold2_seed43_easy,all,eu-locality-126,5891,5790,101,114572.76603734745,26323.123629227295,14.375293313532262,26308.748335913762,1.8622308571088706,430.3369578174671,9.794012824743792,-408.02988253629997,12.51306245642339,420.5429449927234,26731.153511763594,26330.80079812615,0.0,0.0,6220.381000633042,0.0,20088.36733528072,22.975026735975554,0.01254686764640589,22.962479868329147,0.0016253695546652304,0.375601438894466,0.008548290456347387,-0.35613165034637806,0.010921498091740658,0.36705314843811876,23.331158386321928,22.981727428613414,0.0,0.0,5.429196846487389,0.0,17.533283021841758
fold2_seed43_easy,easy,eu-locality-007,1784,1784,0,2451.0548323173925,449.8164357652562,6.7730164713418155,443.0434192939143,1.7610334048327694,74.36625569701636,7.353836025177035,-62.000436605330286,5.011983066509046,67.01241967183934,511.81687237058645,456.8561117236935,0.0,0.0,204.21425226591904,0.0,238.8291670279953,18.351953201306777,0.27633067942989054,18.075622521876884,0.071847980780086,3.034051083496385,0.30002739751946805,-2.5295409873271133,0.20448269864980456,2.734023685976918,20.881494188633887,18.639163257386247,0.0,0.0,8.331688445861536,0.0,9.74393407601535
fold2_seed43_easy,easy,eu-locality-074,17176,17176,0,33509.75318425362,6639.06189080406,12.855586200104733,6626.206304603955,5.603192650148952,1478.689218555808,46.67955776740135,-1424.757267238451,7.252393549955782,1432.0096607884068,8063.81915804251,6677.443771298607,0.0,0.0,1877.7542306355876,0.0,4748.452073968368,19.812327038934395,0.03836371497402025,19.773963323960377,0.016721080037026107,4.412712950839192,0.1393014072969546,-4.251768908605245,0.021642634936994146,4.273411543542238,24.064095947539638,19.92686646953988,0.0,0.0,5.603605076739129,0.0,14.170358247221248
fold2_seed43_easy,easy,eu-locality-082,515,515,0,808.2492840480894,156.8996392405739,3.837645102855045,153.06199413771884,0.961718547791896,31.309279980435587,0.6814927744593048,-27.751860650913134,2.875926555063149,30.627787205976283,184.651499891487,157.54842086101496,0.0,0.0,130.19287160794266,0.0,22.869122529776178,19.41228310834342,0.4748095888974165,18.937473519446005,0.1189878626276241,3.873715770414804,0.0843171516399088,-3.4335768925051036,0.3558217262697923,3.7893986187748956,22.84586000084852,19.49255309846227,0.0,0.0,16.108009518533198,0.0,2.8294640009128056
fold2_seed43_easy,easy,eu-locality-110,2009,2009,0,3520.781261300591,626.5298821267777,5.994067823611671,620.535814303166,0.9867500380930406,212.5798007510416,3.0031753420593192,-204.56930762346366,5.00731778551863,209.5766254089823,831.0991897502413,629.3075546395883,0.0,0.0,131.3422164266158,0.0,489.1935978765502,17.795194748773884,0.17024823125187385,17.624946517522012,0.028026451087408116,6.037858786845332,0.08529854936088628,-5.810338457319979,0.14222178016446574,5.9525602374844455,23.605533206093863,17.874088389322985,0.0,0.0,3.7304849883828757,0.0,13.894461529139136
fold2_seed43_easy,easy,eu-locality-112,575,575,0,1171.260076268151,177.698353299475,0.6612508007210249,177.037102498754,0.25424516847161677,49.043178097758314,1.300991976803808,-47.3351804887051,0.40700563224940817,47.74218612095451,225.03353378818014,178.74582221164655,0.0,0.0,64.55301916743132,0.0,112.48408333132268,15.171553858956285,0.056456359618086795,15.115097499338201,0.02170697811895787,4.1872150422832535,0.11107626761675397,-4.04138939316737,0.03474938149912892,4.076138774666499,19.21294325212366,15.260984800332603,0.0,0.0,5.5114163348851655,0.0,9.603681164453036
fold2_seed43_easy,easy,eu-locality-119,1323,1323,0,2394.6213758876793,652.4213114878162,3.0335373044344753,649.3877741833818,0.1822202692595576,125.07178570212017,1.0102967015595106,-121.21017196538574,2.8513170351749175,124.06148900056067,773.631483453202,653.3642368301126,0.0,0.0,225.31384329499065,0.0,424.07393088839115,27.24528052982762,0.1266812922903084,27.118599237537314,0.007609564964816581,5.223029701543377,0.0421902481842248,-5.06176772603366,0.1190717273254918,5.180839453359153,32.30704825586128,27.284657332849225,0.0,0.0,9.40916361825541,0.0,17.709435619281905
fold2_seed43_easy,easy,eu-locality-124,739,739,0,1406.0745078648567,278.6107882488146,7.509237996245785,271.1015502525688,0.627506137022539,78.60567057393722,0.877258224061547,-70.84668049065242,6.881731859223247,77.72841234987567,349.457468739467,279.42312176715234,0.0,0.0,87.27701374367304,0.0,183.82453650889576,19.81479549557362,0.534056904825667,19.280738590747955,0.04462822798597036,5.590434229072327,0.06239059304145094,-5.038614959191179,0.4894286768396968,5.528043636030876,24.8534104547648,19.87256864442128,0.0,0.0,6.2071400381338515,0.0,13.0735985526141
fold2_seed43_easy,easy,eu-locality-126,2167,2167,0,3072.1313450542884,815.7834972863818,9.002156030843052,806.7813412555388,1.8622308571088706,178.94537882670403,2.259059891500108,-169.54639376146972,7.1399251737341825,176.68631893520393,985.3298910478516,817.7247155121518,0.0,0.0,286.0717888917561,0.0,520.7095523637827,26.55431704115391,0.2930264047901237,26.261290636363793,0.06061690233742147,5.8247958413230485,0.07353396185800733,-5.518852377012338,0.23240950245270228,5.751261879465042,32.07316941816625,26.61750503696975,0.0,0.0,9.311834578697054,0.0,16.949456057666737
fold2_seed43_easy,hard,eu-locality-007,1057,1057,0,43038.68691566994,9404.12716464085,42.73657531658975,9361.390589324259,42.20745239624917,134.3942515917719,12.123016359687469,-121.74211231174385,0.5291229203405834,122.27123523208444,9525.869276952593,9414.284204293515,0.0,0.0,4642.2431380161925,0.0,4719.1474513080675,21.85040445835931,0.09929804643047743,21.75110641192883,0.09806863410807701,0.3122638287155558,0.028167718925629224,-0.2828666974675262,0.0012294123224004198,0.28409610978992655,22.133271155826836,21.874004248177638,0.0,0.0,10.786209967586162,0.0,10.96489644434267
fold2_seed43_easy,hard,eu-locality-074,26162,26162,0,1343992.5336873508,311865.65008172166,1664.34842683653,310201.3016548852,21.602671578212224,1026.141405190816,103.05545901145445,719.6598090789566,1642.745755258318,923.0859461793614,311145.9902726427,311948.42298806267,0.0,0.0,94244.02965697879,0.0,215957.27199790638,23.204418347927376,0.12383613637125328,23.080582211556127,0.0016073505645856209,0.07635023108167982,0.007667859487932836,0.053546414212920695,0.12222878580666768,0.06868237159374697,23.150871933714456,23.2105770805294,0.0,0.0,7.012243542634331,0.0,16.068338668921797
fold2_seed43_easy,hard,eu-locality-082,245,245,0,11846.120994672001,2630.083808955207,27.982208777590166,2602.101600177617,5.612866479580042,16.824403665090625,1.748661181912727,7.293599814832227,22.369342298010125,15.075742483177898,2622.790209140375,2631.0909259337577,0.0,0.0,1969.8952281277966,0.0,632.2063720498204,22.20206774975651,0.23621410578345142,21.965853643973055,0.04738147180924901,0.14202458064253853,0.014761466497760892,0.061569519829424754,0.1888326339742024,0.12726311414477764,22.140498229927083,22.210569410165036,0.0,0.0,16.62903180723708,0.0,5.336821836735977
fold2_seed43_easy,hard,eu-locality-110,2779,2779,0,219441.76705670735,58871.11565168825,361.026821999375,58510.08882968887,33.11725137882594,178.39692195420028,10.910754298746198,160.423402965095,327.909570620549,167.4861676554541,58710.69224872315,58879.655040018304,0.0,0.0,10645.045433929383,0.0,47865.04339575949,26.827671159098436,0.164520559072093,26.663150600026345,0.015091589820395448,0.0812957917478397,0.004972049963454168,0.07310522746731207,0.14942896925169755,0.07632374178438552,26.754565931631124,26.831562573410576,0.0,0.0,4.8509659654620485,0.0,21.812184634564293
fold2_seed43_easy,hard,eu-locality-112,1522,1522,0,90347.13251411251,26328.28562738242,74.07760281712996,26254.20802456529,13.209005630327923,34.38280418825235,3.99827336605809,30.484066364607763,60.86859718680203,30.384530822194264,26297.801561017815,26332.567788345477,0.0,0.0,7381.376144505953,0.0,18872.83188005934,29.141252073794217,0.08199220136351178,29.0592598724307,0.014620282086168737,0.03805633143130652,0.004425456851586902,0.033741044697623415,0.06737191927734304,0.03363087457971962,29.107511029096592,29.14599174935878,0.0,0.0,8.170017065403773,0.0,20.889242807026935
fold2_seed43_easy,hard,eu-locality-119,1922,1922,0,134844.925983986,24302.596521535146,0.0,24302.596521535146,0.0,26.415339744265708,8.587947043547597,-17.82739270071811,0.0,17.82739270071811,24320.423914235864,24305.44080372092,0.0,0.0,6225.052196595282,0.0,18077.544324939863,18.022625875015343,0.0,18.022625875015343,0.0,0.019589420626329505,0.006368758023989341,-0.013220662602340163,0.0,0.013220662602340163,18.03584653761768,18.024735173652292,0.0,0.0,4.616452677896505,0.0,13.406173197118836
fold2_seed43_easy,hard,eu-locality-124,1375,1375,0,134903.65450477827,27468.33356280337,15.65431587858022,27452.67924692479,0.0,11.922489677545748,1.9414345567593898,5.673260757793862,15.65431587858022,9.981055120786358,27462.660302045577,27469.222020192,0.0,0.0,9087.379413877681,0.0,18365.29983304711,20.36144510957666,0.01160407102094165,20.34984103855572,0.0,0.008837781097415308,0.001439126733731757,0.0042054166572580995,0.01160407102094165,0.0073986543636835505,20.357239692919403,20.362103696174547,0.0,0.0,6.736199584241661,0.0,13.613641454314058
fold2_seed43_easy,hard,eu-locality-126,1386,1386,0,89403.0605522851,18945.412810858303,0.0,18945.412810858303,0.0,8.321989809919348,2.740597004974614,-5.581392804944734,0.0,5.581392804944734,18950.994203663246,18946.930201745072,0.0,0.0,4141.27666494328,0.0,14804.136145915021,21.191011464063426,0.0,21.191011464063426,0.0,0.009308394766924612,0.00306543980490673,-0.006242954962017881,0.0,0.006242954962017881,21.19725441902544,21.19270871120172,0.0,0.0,4.632141941630018,0.0,16.558869522433408
fold2_seed43_easy,complete,eu-locality-007,2882,2882,0,39644.38634064118,9588.225172929317,27.83840207813618,9560.386770851183,3.7086305826458186,205.34112164698504,16.3482008551413,-164.86314929635336,24.12977149549036,188.99292079184374,9753.08832222567,9601.475197328167,0.0,0.0,4310.442097395404,0.0,5249.944673455777,24.185581006458946,0.07022028753059001,24.11536071892836,0.009354743319217282,0.5179576242714621,0.04123711416458993,-0.41585496589549936,0.06086554421137271,0.4767205101068721,24.601435972354444,24.219003202189256,0.0,0.0,10.872767862663528,0.0,13.242592856264825
fold2_seed43_easy,complete,eu-locality-074,67309,67309,0,1311435.0037211133,334331.2936505066,1708.821875427912,332622.4717750787,34.15471822374871,4324.930740552289,271.22408408970665,-2379.039499258419,1674.6671572041632,4053.706656462582,336710.33314976504,334525.910126016,0.0,0.0,96344.17674897116,0.0,236278.29502610752,25.493546588421296,0.13030168255226057,25.36324490586904,0.0026043775045531707,0.32978612956651093,0.02068147360106491,-0.18140735091773863,0.12769730504770743,0.30910465596544606,25.67495393933904,25.508386551893157,0.0,0.0,7.346469819365862,0.0,18.016775086503173
fold2_seed43_easy,complete,eu-locality-082,582,582,0,6104.050249114886,1773.2324183170217,46.273584291426424,1726.958834025595,3.09004102638645,55.17024928792384,1.8078365405346064,-10.178869482349256,43.18354326503997,53.36241274738923,1783.4112877993712,1774.1272427924425,0.0,0.0,1366.1706593516326,0.0,360.7881746739627,29.050095362077798,0.7580800026693144,28.292015359408477,0.05062279798293796,0.9038301953022709,0.029616999643748847,-0.1667559909721457,0.7074572046863764,0.8742131956585221,29.216851353049943,29.064754882214455,0.0,0.0,22.381379634771736,0.0,5.910635724636745
fold2_seed43_easy,complete,eu-locality-110,5804,5804,0,165637.98342333589,49716.18176375551,198.68072854059733,49517.50103521491,18.483248832925185,637.3612453478876,14.34966818960312,-442.8140974506123,180.19747970767213,623.0115771582844,50158.99586120612,49728.6314259449,0.0,0.0,8874.695974007285,0.0,40642.80506120762,30.014964403841716,0.11994877288068108,29.895015630961037,0.01115882266308802,0.3847917199758018,0.008663271487028662,-0.26733849827118006,0.10878995021759305,0.376128448488773,30.282302902112896,30.022480591815086,0.0,0.0,5.357886995838042,0.0,24.53712863512299
fold2_seed43_easy,complete,eu-locality-112,2417,2417,0,50904.6157716352,18251.48664652476,44.24348714638957,18207.24315937837,0.3170934811751072,168.30653468626898,7.098005700798351,-117.28213532025617,43.92639366521446,161.20852898547065,18368.768781845014,18256.479605256325,0.0,0.0,4861.346015915035,0.0,13345.897143463335,35.854286236838185,0.08691448992537665,35.7673717469128,0.0006229169523597433,0.3306311856695161,0.013943736915019529,-0.23039587578147971,0.0862915729730169,0.31668744875449667,36.08468211261966,35.864094696554226,0.0,0.0,9.54991201136587,0.0,26.217459735546935
fold2_seed43_easy,complete,eu-locality-119,3148,3148,0,89753.70670240666,19565.59923817542,10.222178372972861,19555.377059802442,0.1822202692595576,228.74558983960344,6.860603927466343,-211.8450278084238,10.039958103713303,221.8849859121371,19777.444265983842,19570.084817765503,0.0,0.0,4487.852195725852,0.0,15067.524864076593,21.7992102577428,0.011389143410941448,21.78782111433185,0.00020302255578562254,0.2548592122195549,0.007643811246942498,-0.23602928011745655,0.011186120855155825,0.24721540097261235,22.035239537860257,21.80420791160567,0.0,0.0,5.000185909431097,0.0,16.78763520490076
fold2_seed43_easy,complete,eu-locality-124,2077,2077,0,80100.08804887277,17478.154486466832,134.9853548830507,17343.16913158378,0.627506137022539,158.63332007086495,4.420707863422829,-19.854763461413995,134.35784874602814,154.21261220744213,17498.009249928247,17481.153472782185,0.0,0.0,6020.580009728634,0.0,11322.589121855148,21.820393600319893,0.16852085705659883,21.651872743263294,0.0007834025558619467,0.19804387727273837,0.005518980029991416,-0.024787442742010078,0.16773745450073688,0.19252489724274696,21.845181043061903,21.82413764903245,0.0,0.0,7.516321337943099,0.0,14.135551405320195
fold2_seed43_easy,complete,eu-locality-126,3637,3637,0,70908.92112760202,18005.207514112102,12.300453782628331,17992.907060329475,1.4388612094952518,331.55889552165644,5.805109916763614,-314.8921930317597,10.861592573133082,325.75378560489276,18320.09970714386,18009.463165159767,0.0,0.0,3959.6143458790307,0.0,14033.292714450443,25.392020112266792,0.017346835330484606,25.37467327693631,0.0020291681027074042,0.4675841773491513,0.008186713074250845,-0.44407979704712314,0.015317667227777207,0.45939746427490036,25.836099909313916,25.39802168580647,0.0,0.0,5.584084883696969,0.0,19.79058839323934
fold2_seed43_easy,partial,eu-locality-007,2644,2644,0,35879.706647122024,7191.65667297622,79.9209044963939,7111.735768479827,75.05501737913927,191.4724785726866,35.903028543265904,-150.70356291216603,4.865887117254642,155.5694500294207,7342.360235888386,7214.766202210534,0.0,0.0,4279.546363234139,0.0,2832.1894052456882,20.043800089299435,0.22274681697489437,19.821053272324544,0.20918514779763275,0.5336511818667418,0.10006500024198428,-0.42002451244749583,0.013561669177261638,0.43358618162475754,20.463824601746932,20.108208445425635,0.0,0.0,11.927484261015854,0.0,7.89356901130869
fold2_seed43_easy,partial,eu-locality-074,35039,35039,0,705489.4996278619,150425.36792646104,899.7627198022467,149525.60520665877,53.22099128484037,1447.8904267224857,151.145969785612,-450.20272841946723,846.5417285174063,1296.7444569368736,150875.5706548805,150529.87241333025,0.0,0.0,53286.50805155387,0.0,96239.09715510492,21.322127119653633,0.12753736523036302,21.194589754423262,0.007543838896668749,0.2052320307369893,0.021424269229427213,-0.06381423517386783,0.11999352633369426,0.1838077615075621,21.385941354827494,21.336940166045437,0.0,0.0,7.553125607066006,0.0,13.64146414735726
fold2_seed43_easy,partial,eu-locality-082,786,786,0,12512.758563673788,2666.91480317303,72.29977884658368,2594.6150243264465,3.4845440009854878,49.94468442772184,3.7191981706626573,22.589748588539013,68.81523484559818,46.225486257059174,2644.3250545844908,2669.5220020580227,0.0,0.0,1960.162828105878,0.0,634.4521962205687,21.313563988323413,0.5778084702799238,20.73575551804349,0.027847928042834497,0.399150068896222,0.029723247289850117,0.1805337206307175,0.5499605422370893,0.3694268216063718,21.13303026769269,21.334400312078284,0.0,0.0,15.665313273097851,0.0,5.070442244945637
fold2_seed43_easy,partial,eu-locality-110,2746,2746,0,96045.74137743784,22938.320437856695,280.7104455557494,22657.609992300946,16.23539919743586,119.8011607307447,12.016547827693666,156.6904334552625,264.47504635831353,107.78461290305103,22781.630004401435,22948.00808866351,0.0,0.0,4222.70415172682,0.0,18434.905840574127,23.882704333255475,0.29226745666173937,23.59043687659374,0.016903819955571428,0.12473344368279016,0.012511276039269015,0.1631414690626468,0.2753636367061679,0.11222216764352112,23.719562864192834,23.892790830238976,0.0,0.0,4.39655531954567,0.0,19.19388155704807
fold2_seed43_easy,partial,eu-locality-112,2587,2587,0,72323.38346727708,18056.691495846095,68.85861588555984,17987.832879960533,13.398376674603977,106.36956783221173,11.740435694367356,-39.16889292688852,55.46023921095586,94.62913213784438,18095.860388772984,18066.927937922606,0.0,0.0,5538.765907180064,0.0,12449.06697278047,24.966602266355387,0.09520933975208049,24.871392926603303,0.01852564970313662,0.1470749330751913,0.01623325006590621,-0.05415799296034124,0.07668369004894386,0.1308416830092851,25.02076025931573,24.980755976519045,0.0,0.0,7.658333503832954,0.0,17.21305942277035
fold2_seed43_easy,partial,eu-locality-119,2491,2491,0,73174.90428490369,11545.338000243755,3.7035450729108956,11541.634455170846,0.0,88.86787908689925,8.765303733276978,-76.39903028071139,3.7035450729108956,80.10257535362229,11621.737030524466,11548.876236153166,0.0,0.0,3221.6183280038686,0.0,8320.016127166979,15.777728871762406,0.005061222982255344,15.772667648780152,0.0,0.12144584260868392,0.011978565355069824,-0.10440605427135877,0.005061222982255344,0.10946727725361413,15.882134926033762,15.782564185103759,0.0,0.0,4.402627320782848,0.0,11.370040327997305
fold2_seed43_easy,partial,eu-locality-124,1473,1473,0,70948.0968436266,14566.942186761698,32.33413233726421,14534.608054424432,0.0,61.66257509476954,2.1495108159404563,-27.17893194156487,32.33413233726421,59.51306427882908,14594.12111870326,14568.882456546988,0.0,0.0,4620.655860437541,0.0,9913.95219398689,20.53182937220715,0.04557434769325859,20.486255024513884,0.0,0.08691223279840353,0.0030296948213820213,-0.038308190283762915,0.04557434769325859,0.08388253797702151,20.57013756249091,20.534564145755148,0.0,0.0,6.512727001855616,0.0,13.97352802265827
fold2_seed43_easy,partial,eu-locality-126,2153,2153,0,43663.84490974542,8317.916115115195,2.074839530903929,8315.841275584291,0.42336964761361884,98.77806229581073,3.988902907980176,-93.13768950454025,1.6514698832903105,94.78915938783055,8411.053804619736,8321.337632966388,0.0,0.0,2260.766654754012,0.0,6055.074620830279,19.04989387056636,0.004751847976724655,19.045142022589637,0.0009696114679976937,0.2262239216449861,0.009135482494098646,-0.2133062026421605,0.003782236508726962,0.21708843915088744,19.263200073208523,19.057729913998326,0.0,0.0,5.177662799570422,0.0,13.867479223019215
fold2_seed43_easy,endpoint,eu-locality-007,3935,3935,0,58404.560877446325,13370.136517367206,74.44211977441437,13295.694397592792,36.61190761482223,319.4795442604041,38.971640114469736,-242.6776919863422,37.830212159592136,280.5079041459344,13612.814209353546,13396.9722595649,0.0,0.0,6366.5539013131,0.0,6929.140496279691,22.89228155558354,0.12745942894874354,22.764822126634797,0.06268672696922954,0.5470112940850399,0.06672704927316582,-0.4155115428323601,0.064772701979514,0.48028424481187415,23.3077930984159,22.938229580522904,0.0,0.0,10.900782071921418,0.0,11.864040054713378
fold2_seed43_easy,endpoint,eu-locality-074,81289,81289,0,1663425.1366195125,418443.4183154066,2246.0912417633617,416197.3270736432,38.700343460254125,5303.7073210702365,364.35772190916055,-2731.9587008579692,2207.390898303107,4939.349599161076,421175.37701626454,418696.0712588747,0.0,0.0,121830.97241450242,0.0,294366.3546591408,25.155530543790277,0.13502809307835575,25.02050245071192,0.002326545547995187,0.31884256191106203,0.02190406492531577,-0.1642369494553857,0.13270154753036054,0.2969384969857462,25.319767493245664,25.1707192612087,0.0,0.0,7.324103125079186,0.0,17.696399325632736
fold2_seed43_easy,endpoint,eu-locality-082,859,859,0,10551.671108402175,2974.522683334489,93.16953764962088,2881.3531456848677,3.09004102638645,86.03639360289569,2.9001317918083624,6.943234812147072,90.07949662323442,83.13626181108734,2967.5794485223423,2976.269791198678,0.0,0.0,2249.752810137429,0.0,631.6003355474392,28.19006252920365,0.8829837159673317,27.307078813236313,0.029284849713766055,0.8153816842754498,0.0274850472689489,0.0658022292470645,0.8536988662535657,0.787896637006501,28.124260299956585,28.206620170606985,0.0,0.0,21.321293916619297,0.0,5.98578489661702
fold2_seed43_easy,endpoint,eu-locality-110,7204,7204,0,214635.0364553953,62898.64679989987,198.68072854059733,62699.966071359275,18.61246900226686,725.3448345912491,23.683132254036536,-521.593442798882,180.06825953833044,701.6617023372125,63420.24024269875,62917.75637620209,0.0,0.0,11096.833760815254,0.0,51603.13231054401,29.304929818842155,0.09256677372982694,29.21236304511233,0.008671682549896665,0.33794335098780004,0.011034140858432627,-0.24301411894943709,0.08389509117993024,0.32690921012936736,29.547943937791587,29.31383310724176,0.0,0.0,5.170094288460382,0.0,24.04226875665194
fold2_seed43_easy,endpoint,eu-locality-112,3719,3719,0,92628.93891085993,29564.082600140664,64.89066768993345,29499.19193245073,13.715470155779084,240.28356639315447,13.492247693806728,-175.61612116519342,51.175197534154364,226.79131869934778,29739.698721305853,29575.614075261263,0.0,0.0,8150.854542807336,0.0,21348.33738964339,31.916680626765267,0.0700544219257224,31.84662620483954,0.014806895465981705,0.2594044250300522,0.01456590980362065,-0.18959098876669092,0.05524752645974068,0.24483851522643157,32.10627161553195,31.929129733120348,0.0,0.0,8.799468760676605,0.0,23.047157444162938
fold2_seed43_easy,endpoint,eu-locality-119,4147,4147,0,122290.5336069203,25592.799981626733,13.86438333367979,25578.93559829305,0.1822202692595576,292.7040748949041,13.760388016705917,-265.261523813778,13.682163064420232,278.94368687819826,25858.06150544051,25599.665186723276,0.0,0.0,5806.215318997105,0.0,19772.72027929595,20.927866799477652,0.011337249846536949,20.91652954963111,0.00014900603005402695,0.23935137599100334,0.011252210298579668,-0.21691092187594077,0.011188243816482922,0.22809916569242375,21.14477772135359,20.93348064782229,0.0,0.0,4.747886159087409,0.0,16.168643390543707
fold2_seed43_easy,endpoint,eu-locality-124,2645,2645,0,111371.92599336893,25690.75228734371,148.68236842364948,25542.069918920057,0.627506137022539,208.66175435398355,5.1888919074245585,-55.41800015993208,148.05486228662693,203.47286244655902,25746.170287503635,25694.513325674932,0.0,0.0,7364.84436784492,0.0,18177.225551075135,23.06752986284293,0.13350076071460057,22.93402910212833,0.0005634329580148417,0.18735579230838412,0.0046590663321504425,-0.04975939821964798,0.1329373277565857,0.18269672597623368,23.117289261062577,23.070906870376636,0.0,0.0,6.612837393405068,0.0,16.32119170872326
fold2_seed43_easy,endpoint,eu-locality-126,4579,4579,0,89196.65344227561,22732.155022470473,14.33189253125622,22717.823129939217,1.5826043221601453,406.6209277202993,8.30302415526473,-385.5686153559385,12.749288209096074,398.31790356503456,23117.723637826413,22738.569843295016,0.0,0.0,4974.889009469163,0.0,17742.934120470054,25.485434873609673,0.01606774691444139,25.469367126695236,0.0017742866588423539,0.4558701610744259,0.009308672281789254,-0.43226802853703766,0.014293460255599036,0.4465614887926367,25.91770290214672,25.492626646593283,0.0,0.0,5.577439082609423,0.0,19.891928044085812
fold2_seed43_easy,easy_complete,eu-locality-007,1075,1075,0,1457.2995051916132,294.12590518706736,1.574764516626799,292.55114067044053,1.1567843024198874,58.77224436837366,1.9355548942484264,-56.418709259918316,0.41798021420691167,56.83668947412524,350.5446144469857,295.8302518000361,0.0,0.0,118.32604621511896,0.0,174.2250944553216,20.18294140217897,0.10806045778624901,20.07488094439272,0.07937862452425573,4.032955762284843,0.13281792022525457,-3.871456008797594,0.02868183326199328,3.900137842059588,24.054397410976566,20.29989379301538,0.0,0.0,8.119542056631719,0.0,11.955338887761002
fold2_seed43_easy,easy_complete,eu-locality-074,11519,11519,0,22185.6508635393,4755.815936754654,7.89890758573115,4747.917029168922,4.4185345571901085,1236.6916687079106,29.539738614827698,-1203.671557064542,3.480373028541041,1207.151930093083,5959.487493819195,4782.784556143087,0.0,0.0,1254.236736095937,0.0,3493.6802930729855,21.43644991984677,0.03560367750451036,21.400846242342254,0.019916181789607478,5.574286174043847,0.133147946826182,-5.425450731502763,0.01568749571490288,5.441138227217666,26.861900651349526,21.558008757828635,0.0,0.0,5.653369124983369,0.0,15.747477117358885
fold2_seed43_easy,easy_complete,eu-locality-082,285,285,0,422.1895847461751,96.20273613959502,0.04115783522658628,96.16157830436843,0.08056646503341225,19.472874075948276,0.4051141527424873,-19.107168553012617,-0.03940862980682597,19.06775992320579,115.30990469260763,96.58713647463145,0.0,0.0,80.64565519188508,0.0,15.515923112483353,22.786619948815915,0.009748661907737684,22.77687128690818,0.01908300629487335,4.612353023264554,0.09595550609948048,-4.5257318615522095,-0.009334344387135663,4.516397517165075,27.312351810368128,22.877669171469652,0.0,0.0,19.101763308625937,0.0,3.675107978282243
fold2_seed43_easy,easy_complete,eu-locality-110,1576,1576,0,2711.1991719754087,485.0572588342512,5.2061859620298305,479.8510728722213,0.8575298687513625,180.94234151758667,2.124703761426491,-174.46898166288173,4.348656093278468,178.81763775616022,659.5262404971329,486.98980443608474,0.0,0.0,92.68796540499173,0.0,387.16310746722957,17.890875146617624,0.19202521215866808,17.698849934458956,0.03162917271498564,6.673885983291672,0.07836767521134971,-6.435122268636641,0.16039603944368241,6.595518308080323,24.325997415254264,17.96215525107507,0.0,0.0,3.4187073514580004,0.0,14.280142583000952
fold2_seed43_easy,easy_complete,eu-locality-112,333,333,0,663.59423304295,101.86207814014,0.0,101.86207814014,0.25424516847161677,33.05859855694458,0.6377680202899849,-32.67507570512622,-0.25424516847161677,32.4208305366546,134.5371538452662,102.45656220045171,0.0,0.0,32.05928027875936,0.0,69.80279786138063,15.350054757565555,0.0,15.350054757565555,0.03831334809914799,4.981748922885067,0.09610813182710502,-4.923954139157111,-0.03831334809914799,4.885640791057962,20.274008896722663,15.439640234760809,0.0,0.0,4.831157156346833,0.0,10.518897601218718
fold2_seed43_easy,easy_complete,eu-locality-119,789,789,0,1370.237220879066,428.5225811593678,2.9721971922305075,425.55038396713735,0.1822202692595576,89.09314995649538,0.525027350470721,-85.77814568305371,2.7899769229709497,88.56812260602466,514.3007268424216,428.9858849376101,0.0,0.0,145.73738114449606,0.0,279.81300282264124,31.273605375020555,0.2169111411470574,31.056694233873497,0.013298446902694373,6.50202378091425,0.038316529610390636,-6.260094557059495,0.203612694244363,6.463707251303859,37.533699932080054,31.30741731438278,0.0,0.0,10.63592339514754,0.0,20.420770838725954
fold2_seed43_easy,easy_complete,eu-locality-124,500,500,0,949.5769879923021,209.81184097955804,7.1981089681064105,202.61373201145162,0.627506137022539,60.749872379784634,0.6282459025640926,-53.55102364613667,6.570602831083872,60.121626477220545,263.3628646256947,210.38129420452398,0.0,0.0,52.76871578805758,0.0,149.84501622339403,22.095295445518833,0.7580332146975705,21.33726223082126,0.06608270260943033,6.3975720924143875,0.06616060735553395,-5.6394609729707135,0.6919505120881403,6.331411485058854,27.734756418489546,22.155264593062093,0.0,0.0,5.557076093390477,0.0,15.780186137430784
fold2_seed43_easy,easy_complete,eu-locality-126,1432,1432,0,2088.353716743965,567.3576403458497,6.927316499939122,560.4303238459106,1.4388612094952518,136.5007207605678,1.600921871160622,-129.41134359896327,5.488455290443871,134.89979888940715,696.768983944813,568.7806761141503,0.0,0.0,206.70289247560692,0.0,353.7274313703037,27.16769845054982,0.331711838104695,26.835986612445126,0.06889930560894815,6.5362835647110336,0.07665951693550663,-6.196811515279778,0.2628125324957469,6.4596240477755265,33.364509965829605,27.235839961103853,0.0,0.0,9.897887068570242,0.0,16.938099543874884
fold2_seed43_easy,hard_complete,eu-locality-007,607,607,0,24791.77432081259,5839.453011185579,0.0,5839.453011185579,0.1852629598254225,68.81484730633542,7.160390065514836,-61.83972020064602,-0.1852629598254225,61.6544572408206,5901.292731386226,5845.806531257245,0.0,0.0,2569.749040392236,0.0,3269.7039707933427,23.553993899837103,0.0,23.553993899837103,0.0007472759207472094,0.2775712880242123,0.028882120226077238,-0.24943644371888235,-0.0007472759207472094,0.24868916779813516,23.803430343555988,23.579621432539884,0.0,0.0,10.365329270664354,0.0,13.188664629172749
fold2_seed43_easy,hard_complete,eu-locality-074,16945,16945,0,867145.4663887494,209881.82950094226,951.7293902362069,208930.10011070603,0.7393533427183456,622.5297391834504,77.7727029250408,406.2330006350789,950.9900368934884,544.7570362584095,209475.59650030715,209943.26633134275,0.0,0.0,57578.6895159623,0.0,151351.4105947437,24.203762533061585,0.10975429465135872,24.094008238410222,8.526289663917664e-05,0.07179069294751574,0.00896881849004266,0.04684715729724646,0.10966903175471954,0.06282187445747307,24.15691537576433,24.2108474839472,0.0,0.0,6.640026586975113,0.0,17.453981651435107
fold2_seed43_easy,hard_complete,eu-locality-082,75,75,0,3696.215767094233,979.4028194077979,22.13231603428779,957.2705033735101,3.009474561353038,5.058206494369138,0.37538127394631005,14.440016252511924,19.122841472934752,4.682825220422828,964.962803155286,979.4028194077979,0.0,0.0,795.3631055996544,0.0,161.90739777385554,26.497447149243456,0.598783118434859,25.898664030808597,0.08142042432005873,0.1368482473182465,0.01015582686725604,0.3906702736638097,0.5173626941148002,0.12669242045099047,26.106776875579644,26.497447149243456,0.0,0.0,21.518308337960647,0.0,4.380355692847944
fold2_seed43_easy,hard_complete,eu-locality-110,1698,1698,0,137494.3776332392,39854.224453593575,90.75491144736944,39763.4695421462,17.01107235073176,170.12447462657275,5.744431320175064,-90.63620420976,73.74383909663769,164.38004330639768,39944.860657803336,39859.0933961837,0.0,0.0,7220.238631696772,0.0,32543.230910449434,28.986075750604975,0.06600627095418735,28.920069479650785,0.01237219488065768,0.12373195002952996,0.004177939068532756,-0.06591993488746753,0.05363407607352968,0.1195540109609972,29.051995685492443,28.989616944560634,0.0,0.0,5.251297366468665,0.0,23.66877211318212
fold2_seed43_easy,hard_complete,eu-locality-112,591,591,0,34404.89295740215,12407.466779171482,30.922414167117793,12376.544365004363,0.0,18.4705450025934,0.7560407911703351,13.20790995569473,30.922414167117793,17.714504211423066,12394.258869215784,12407.892353177089,0.0,0.0,3170.8733665439663,0.0,9205.670998460397,36.063087871058286,0.08987795487520879,35.97320991618307,0.0,0.053685808659432246,0.0021974804342696675,0.038389626650046214,0.08987795487520879,0.05148832822516258,36.02469824440823,36.06432482885418,0.0,0.0,9.216344228915144,0.0,26.75686568726793
fold2_seed43_easy,hard_complete,eu-locality-119,1066,1066,0,74317.80503438007,15422.409953741131,0.0,15422.409953741131,0.0,19.84787145137996,3.3664474659876795,-16.48142398539228,0.0,16.48142398539228,15438.891377726522,15424.688243922468,0.0,0.0,3603.372003475558,0.0,11819.03795026557,20.751971814300205,0.0,20.751971814300205,0.0,0.026706751420064356,0.004529799372344664,-0.022176952047719693,0.0,0.022176952047719693,20.774148766347924,20.75503741907726,0.0,0.0,4.848598531413309,0.0,15.903373282886893
fold2_seed43_easy,hard_complete,eu-locality-124,734,734,0,70808.45188616066,14368.122438404116,7.2441396608220145,14360.878298743293,0.0,9.02486825758934,1.6600395678045174,-0.12068902896280775,7.2441396608220145,7.364828689784822,14368.24312743308,14368.729500803795,0.0,0.0,5064.390064507832,0.0,9296.488234235463,20.291535905210672,0.0102306143798603,20.28130529083081,0.0,0.012745467549691237,0.0023444087867835,-0.00017044438304743693,0.0102306143798603,0.010401058762907736,20.291706349593724,20.292393235633114,0.0,0.0,7.152239499106539,0.0,13.129065791724276
fold2_seed43_easy,hard_complete,eu-locality-126,858,858,0,55857.90995943667,13009.978383366253,0.0,13009.978383366253,0.0,5.375400464428115,1.82282231920966,-3.5525781452184546,0.0,3.5525781452184546,13013.530961511471,13010.743942206343,0.0,0.0,2535.3433209985815,0.0,10474.63506236767,23.291201537640667,0.0,23.291201537640667,0.0,0.009623346932120561,0.003263319949732046,-0.006360026982388516,0.0,0.006360026982388516,23.297561564623052,23.292572084516923,0.0,0.0,4.53891547829075,0.0,18.752286059349913
