{
  "source": "fresh_run",
  "gates": [
    {
      "gate": "Gate1 rebuilt external held-out split covers domains",
      "passed": true,
      "evidence": {
        "ETH_UCY": {
          "train": {
            "rows": 112589,
            "agents": 428,
            "scenes": 3,
            "source_files": 3,
            "t10": 31019,
            "t25": 29477,
            "t50": 27939,
            "t100": 24154,
            "history_len_mean": 29.136301040649414,
            "history_ge_32": 40701,
            "history_ge_64": 19775,
            "hard": 89648,
            "easy": 28990,
            "failure": 44336
          },
          "val": {
            "rows": 16611,
            "agents": 366,
            "scenes": 1,
            "source_files": 1,
            "t10": 5387,
            "t25": 4670,
            "t50": 3994,
            "t100": 2560,
            "history_len_mean": 14.438925743103027,
            "history_ge_32": 1692,
            "history_ge_64": 251,
            "hard": 14776,
            "easy": 5755,
            "failure": 6307
          },
          "test": {
            "rows": 21598,
            "agents": 350,
            "scenes": 1,
            "source_files": 1,
            "t10": 7478,
            "t25": 6432,
            "t50": 5074,
            "t100": 2614,
            "history_len_mean": 15.116214752197266,
            "history_ge_32": 1666,
            "history_ge_64": 689,
            "hard": 18865,
            "easy": 1812,
            "failure": 10862
          }
        },
        "TrajNet": {
          "train": {
            "rows": 95517,
            "agents": 892,
            "scenes": 3,
            "source_files": 6,
            "t10": 31770,
            "t25": 27100,
            "t50": 22751,
            "t100": 13896,
            "history_len_mean": 9.43199634552002,
            "history_ge_32": 0,
            "history_ge_64": 0,
            "hard": 68173,
            "easy": 29716,
            "failure": 33099
          },
          "val": {
            "rows": 21734,
            "agents": 379,
            "scenes": 1,
            "source_files": 2,
            "t10": 7358,
            "t25": 6234,
            "t50": 5110,
            "t100": 3032,
            "history_len_mean": 9.160486221313477,
            "history_ge_32": 0,
            "history_ge_64": 0,
            "hard": 15138,
            "easy": 8999,
            "failure": 7138
          },
          "test": {
            "rows": 3639,
            "agents": 104,
            "scenes": 2,
            "source_files": 2,
            "t10": 1275,
            "t25": 1053,
            "t50": 831,
            "t100": 480,
            "history_len_mean": 8.903545379638672,
            "history_ge_32": 0,
            "history_ge_64": 0,
            "hard": 3116,
            "easy": 431,
            "failure": 1854
          }
        },
        "UCY": {
          "train": {
            "rows": 9540,
            "agents": 180,
            "scenes": 1,
            "source_files": 1,
            "t10": 3060,
            "t25": 2700,
            "t50": 2340,
            "t100": 1440,
            "history_len_mean": 9.54716968536377,
            "history_ge_32": 0,
            "history_ge_64": 0,
            "hard": 7389,
            "easy": 1979,
            "failure": 4302
          },
          "val": {
            "rows": 47223,
            "agents": 891,
            "scenes": 1,
            "source_files": 1,
            "t10": 15147,
            "t25": 13365,
            "t50": 11583,
            "t100": 7128,
            "history_len_mean": 9.54716968536377,
            "history_ge_32": 0,
            "history_ge_64": 0,
            "hard": 31139,
            "easy": 16840,
            "failure": 14287
          },
          "test": {
            "rows": 9540,
            "agents": 180,
            "scenes": 1,
            "source_files": 1,
            "t10": 3060,
            "t25": 2700,
            "t50": 2340,
            "t100": 1440,
            "history_len_mean": 9.54716968536377,
            "history_ge_32": 0,
            "history_ge_64": 0,
            "hard": 7389,
            "easy": 1979,
            "failure": 4302
          }
        }
      }
    },
    {
      "gate": "Gate2 seq2seq neural world-model dataset built",
      "passed": true,
      "evidence": {
        "train": {
          "rows": 80000,
          "full_rows": 217646,
          "t50": 19561,
          "t100": 14605,
          "domains": {
            "ETH_UCY": 41501,
            "TrajNet": 35009,
            "UCY": 3490
          }
        },
        "val": {
          "rows": 24000,
          "full_rows": 85568,
          "t50": 5831,
          "t100": 3569,
          "domains": {
            "ETH_UCY": 4648,
            "TrajNet": 6098,
            "UCY": 13254
          }
        },
        "test": {
          "rows": 34777,
          "full_rows": 34777,
          "t50": 8245,
          "t100": 4534,
          "domains": {
            "ETH_UCY": 21598,
            "TrajNet": 3639,
            "UCY": 9540
          }
        }
      }
    },
    {
      "gate": "Gate2b all-agent neighbor-token dataset built",
      "passed": true,
      "evidence": {
        "train": {
          "rows": 80000,
          "neighbor_count_mean": 4.6609875,
          "neighbor_count_ge1": 79068,
          "neighbor_count_ge3": 74954,
          "domains": {
            "ETH_UCY": 41501,
            "TrajNet": 35009,
            "UCY": 3490
          },
          "t50": 19561,
          "t100": 14605
        },
        "val": {
          "rows": 24000,
          "neighbor_count_mean": 4.502041666666667,
          "neighbor_count_ge1": 23631,
          "neighbor_count_ge3": 21847,
          "domains": {
            "ETH_UCY": 4648,
            "TrajNet": 6098,
            "UCY": 13254
          },
          "t50": 5831,
          "t100": 3569
        },
        "test": {
          "rows": 34777,
          "neighbor_count_mean": 3.8094430226874083,
          "neighbor_count_ge1": 33283,
          "neighbor_count_ge3": 27221,
          "domains": {
            "ETH_UCY": 21598,
            "TrajNet": 3639,
            "UCY": 9540
          },
          "t50": 8245,
          "t100": 4534
        }
      }
    },
    {
      "gate": "Gate3 no leakage pass",
      "passed": true,
      "evidence": {
        "future_endpoint_input": false,
        "future_endpoint_label_eval_only": true,
        "central_velocity": false,
        "test_endpoint_goals": false
      }
    },
    {
      "gate": "Gate4 Transformer/JEPA/Hybrid/MoE trials run",
      "passed": true,
      "evidence": [
        "baseline_relative_transformer",
        "causal_transformer_dynamics",
        "conformal_safety_head_transformer",
        "easy_guard_distilled_hybrid",
        "hybrid_jepa_transformer",
        "jepa_auxiliary_representation",
        "long_horizon_t100_curriculum",
        "mixture_of_experts_baseline_selector",
        "neighbor_interaction_heavy_hybrid",
        "t50_hard_curriculum_transformer"
      ]
    },
    {
      "gate": "Gate4b all-agent neural trials run",
      "passed": true,
      "evidence": [
        "all_agent_easy_guard",
        "all_agent_endpoint_easy_guard",
        "all_agent_endpoint_hard_only",
        "all_agent_endpoint_risk_switch",
        "all_agent_endpoint_t100_focus",
        "all_agent_t100_curriculum",
        "all_agent_t50_hard_safety",
        "all_agent_token_transformer"
      ]
    },
    {
      "gate": "Gate4c intervention calibrator run",
      "passed": true,
      "evidence": "calibrated_all_agent_endpoint_t100_focus"
    },
    {
      "gate": "Gate4d t50 rescue run",
      "passed": true,
      "evidence": "calibrated_all_agent_endpoint_easy_guard::t50_short_history_guard"
    },
    {
      "gate": "Gate4e policy blender run",
      "passed": true,