{
  "source": "fresh_run",
  "normalizations": [
    "raw_dataset_local",
    "per_scene_zscore",
    "velocity_scale",
    "path_length_speed",
    "robust_quantile"
  ],
  "aligned_feature_families": [
    "x/y proxies",
    "vx/vy/speed",
    "accel",
    "heading/curvature",
    "density/nearest/TTC",
    "horizon",
    "agent_type"
  ],
  "stats": {
    "external": {
      "raw_dataset_local": {
        "feature_abs_mean": 54.94923400878906,
        "feature_std_mean": 1.336336374282837,
        "scale_median": 1.0
      },
      "per_scene_zscore": {
        "feature_abs_mean": 0.35228073596954346,
        "feature_std_mean": 0.5263104438781738,
        "scale_median": 0.4541861414909363
      },
      "velocity_scale": {
        "feature_abs_mean": 0.35228073596954346,
        "feature_std_mean": 0.5263104438781738,
        "scale_median": 0.5261188765612523
      },
      "path_length_speed": {
        "feature_abs_mean": 0.35228073596954346,
        "feature_std_mean": 0.5263104438781738,
        "scale_median": 2.2820823283324243
      },
      "robust_quantile": {
        "feature_abs_mean": 10774.3125,
        "feature_std_mean": 24095.228515625,
        "scale_median": 0.32781243324279785
      }
    },
    "sdd": {
      "raw_dataset_local": {
        "feature_abs_mean": 7283281.0,
        "feature_std_mean": 36930264.0,
        "scale_median": 1.0
      },
      "per_scene_zscore": {
        "feature_abs_mean": 0.6038893461227417,
        "feature_std_mean": 0.9824416041374207,
        "scale_median": 1.0
      },
      "velocity_scale": {
        "feature_abs_mean": 0.6038893461227417,
        "feature_std_mean": 0.9824416041374207,
        "scale_median": 1e-06
      },
      "path_length_speed": {
        "feature_abs_mean": 0.6038893461227417,
        "feature_std_mean": 0.9824416041374207,
        "scale_median": 3.500001
      },
      "robust_quantile": {
        "feature_abs_mean": 732894.9375,
        "feature_std_mean": 3719572.25,
        "scale_median": 34.89132308959961
      }
    }
  },
  "status": "built"
}