{
  "source": "fresh_run",
  "normalizations": {
    "raw_dataset_local": {
      "train": {
        "rows": 119109,
        "strongest_baseline_normalized": "constant_velocity_causal_fd",
        "mean_normalized_fde": {
          "constant_position": 1.0162660151526441,
          "constant_velocity_causal_fd": 0.27188855145859764,
          "damped_velocity": 0.6450360069402113,
          "constant_acceleration_causal": 0.4794392278803093,
          "constant_turn_rate_velocity": 0.27188855145859764,
          "scene_clamped_baseline": 0.27188855145859764,
          "goal_directed_baseline": 0.27188855145859764
        }
      },
      "val": {
        "rows": 7685,
        "strongest_baseline_normalized": "constant_velocity_causal_fd",
        "mean_normalized_fde": {
          "constant_position": 1.3018035944068904,
          "constant_velocity_causal_fd": 0.23799485951230637,
          "damped_velocity": 0.8416761673834519,
          "constant_acceleration_causal": 0.9037902875899755,
          "constant_turn_rate_velocity": 0.23799485951230637,
          "scene_clamped_baseline": 0.23799485951230637,
          "goal_directed_baseline": 0.23799485951230637
        }
      },
      "test": {
        "rows": 3636,
        "strongest_baseline_normalized": "constant_velocity_causal_fd",
        "mean_normalized_fde": {
          "constant_position": 1.0876772400530668,
          "constant_velocity_causal_fd": 0.13804450012075334,
          "damped_velocity": 0.49740141613946304,
          "constant_acceleration_causal": 0.20823306777959943,
          "constant_turn_rate_velocity": 0.13804450012075334,
          "scene_clamped_baseline": 0.13804450012075334,
          "goal_directed_baseline": 0.13804450012075334
        }
      }
    },
    "per_scene_zscore": {
      "train": {
        "rows": 119109,
        "strongest_baseline_normalized": "constant_velocity_causal_fd",
        "mean_normalized_fde": {
          "constant_position": 2.207352664355146,
          "constant_velocity_causal_fd": 0.5868343591054268,
          "damped_velocity": 1.4067402438643324,
          "constant_acceleration_causal": 1.0097007380660756,
          "constant_turn_rate_velocity": 0.5868343591054268,
          "scene_clamped_baseline": 0.5868343591054268,
          "goal_directed_baseline": 0.5868343591054268
        }
      },
      "val": {
        "rows": 7685,
        "strongest_baseline_normalized": "constant_velocity_causal_fd",
        "mean_normalized_fde": {
          "constant_position": 3.7687013680624952,
          "constant_velocity_causal_fd": 0.6889914550009563,
          "damped_velocity": 2.4366395492469097,
          "constant_acceleration_causal": 2.6164589711658928,
          "constant_turn_rate_velocity": 0.6889914550009563,
          "scene_clamped_baseline": 0.6889914550009563,
          "goal_directed_baseline": 0.6889914550009563
        }
      },
      "test": {
        "rows": 3636,
        "strongest_baseline_normalized": "constant_velocity_causal_fd",
        "mean_normalized_fde": {
          "constant_position": 5.9183936979560885,
          "constant_velocity_causal_fd": 0.7022762537656939,
          "damped_velocity": 2.6974705304664135,
          "constant_acceleration_causal": 0.9537909617433369,
          "constant_turn_rate_velocity": 0.7022762537656939,
          "scene_clamped_baseline": 0.7022762537656939,
          "goal_directed_baseline": 0.7022762537656939
        }
      }
    },
    "velocity_scale": {
      "train": {
        "rows": 119109,
        "strongest_baseline_normalized": "constant_velocity_causal_fd",
        "mean_normalized_fde": {
          "constant_position": 0.7496857730798234,
          "constant_velocity_causal_fd": 0.20577285684071797,
          "damped_velocity": 0.4163162377468635,
          "constant_acceleration_causal": 0.33404936256673096,
          "constant_turn_rate_velocity": 0.20577285684071797,
          "scene_clamped_baseline": 0.20577285684071797,
          "goal_directed_baseline": 0.20577285684071797
        }
      },
      "val": {
        "rows": 7685,
        "strongest_baseline_normalized": "constant_velocity_causal_fd",
        "mean_normalized_fde": {
          "constant_position": 0.656249877614141,
          "constant_velocity_causal_fd": 0.15972319454932493,
          "damped_velocity": 0.3562192497004441,
          "constant_acceleration_causal": 0.5005989233111194,
          "constant_turn_rate_velocity": 0.15972319454932493,
          "scene_clamped_baseline": 0.15972319454932493,
          "goal_directed_baseline": 0.15972319454932493
        }
      },
      "test": {
        "rows": 3636,
        "strongest_baseline_normalized": "constant_velocity_causal_fd",
        "mean_normalized_fde": {
          "constant_position": 0.8934581066906753,
          "constant_velocity_causal_fd": 0.10969719412424442,
          "damped_velocity": 0.34992353859384356,
          "constant_acceleration_causal": 0.15232640280465592,
          "constant_turn_rate_velocity": 0.10969719412424442,
          "scene_clamped_baseline": 0.10969719412424442,
          "goal_directed_baseline": 0.10969719412424442
        }
      }
    },
    "path_length_speed": {
      "train": {
        "rows": 119109,
        "strongest_baseline_normalized": "constant_velocity_causal_fd",
        "mean_normalized_fde": {
          "constant_position": 0.266865265416939,
          "constant_velocity_causal_fd": 0.07727587872484823,
          "damped_velocity": 0.1637887910309852,
          "constant_acceleration_causal": 0.13313754594770785,
          "constant_turn_rate_velocity": 0.07727587872484823,
          "scene_clamped_baseline": 0.07727587872484823,
          "goal_directed_baseline": 0.07727587872484823
        }
      },
      "val": {
        "rows": 7685,
        "strongest_baseline_normalized": "constant_velocity_causal_fd",
        "mean_normalized_fde": {
          "constant_position": 0.22835611293983715,
          "constant_velocity_causal_fd": 0.048983879872106055,
          "damped_velocity": 0.14114406550046663,
          "constant_acceleration_causal": 0.17713113519780901,
          "constant_turn_rate_velocity": 0.048983879872106055,
          "scene_clamped_baseline": 0.048983879872106055,
          "goal_directed_baseline": 0.048983879872106055
        }
      },
      "test": {
        "rows": 3636,
        "strongest_baseline_normalized": "constant_velocity_causal_fd",
        "mean_normalized_fde": {
          "constant_position": 0.31819997375206904,
          "constant_velocity_causal_fd": 0.04070626797630296,
          "damped_velocity": 0.14292282535657647,
          "constant_acceleration_causal": 0.057807296736287275,
          "constant_turn_rate_velocity": 0.04070626797630296,
          "scene_clamped_baseline": 0.04070626797630296,
          "goal_directed_baseline": 0.04070626797630296
        }
      }
    },
    "robust_quantile": {
      "train": {
        "rows": 119109,
        "strongest_baseline_normalized": "constant_velocity_causal_fd",
        "mean_normalized_fde": {
          "constant_position": 3.1001448148244783,
          "constant_velocity_causal_fd": 0.8294028044301178,
          "damped_velocity": 1.967698419975597,
          "constant_acceleration_causal": 1.4625413171110317,
          "constant_turn_rate_velocity": 0.8294028044301178,
          "scene_clamped_baseline": 0.8294028044301178,
          "goal_directed_baseline": 0.8294028044301178
        }
      },
      "val": {
        "rows": 7685,
        "strongest_baseline_normalized": "constant_velocity_causal_fd",
        "mean_normalized_fde": {
          "constant_position": 4.301280103980139,
          "constant_velocity_causal_fd": 0.7863571420973435,
          "damped_velocity": 2.7809763072671037,
          "constant_acceleration_causal": 2.9862071351496002,
          "constant_turn_rate_velocity": 0.7863571420973435,
          "scene_clamped_baseline": 0.7863571420973435,