{
  "stage": "9",
  "model": {
    "x_mean": [
      0.07996252433365193,
      0.3507064604055757,
      0.9750075497586134,
      0.0020663653031759246,
      0.07963620524273493,
      0.2151114956876986,
      0.004258510860810212,
      0.01832427498431735,
      1.662127416064314e-05,
      4.778710593617627e-05
    ],
    "x_scale": [
      0.09682292717037545,
      0.15624995677176065,
      0.13874686877205597,
      0.0013527273310694604,
      0.2067743730848404,
      0.06905355458083304,
      0.08774888358118263,
      0.08783452661874357,
      0.0027343286840146486,
      0.0022136708529460238
    ],
    "future_nn_coef": [
      [
        98.46303825690595
      ],
      [
        -10.449034094668713
      ],
      [
        8.029286083373302
      ],
      [
        -55.05803281780273
      ],
      [
        -27.591336268387245
      ],
      [
        -22.303439472186593
      ],
      [
        -35.07593122698234
      ],
      [
        2.0237179665428235
      ],
      [
        -11.954201303550297
      ],
      [
        -2.346564491439642
      ],
      [
        -7.62585619906052
      ]
    ],
    "close_pass_coef": [
      -0.062477240390934524,
      -1.5805429910427893,
      -0.3720408890369937,
      0.24962072908090535,
      -0.02369488306594784,
      0.06503578699929995,
      0.25619978292868845,
      -0.04458882649910482,
      -0.2037832083149756,
      -0.022042405636470145,
      0.025836931658127144
    ],
    "density_increase_coef": [
      -1.5786382451224066,
      0.09716407021905896,
      -0.13202712307085993,
      -0.05139662660025615,
      0.2432745283832174,
      -0.041656085637583766,
      -0.2124453296036559,
      -0.03197072257339063,
      -0.01181874712237429,
      -0.04992695695680569,
      -0.008866984396221661
    ]
  },
  "test": {
    "samples": 149,
    "future_nearest_neighbor_MAE": 164.608366,
    "close_pass_F1": 0.832618,
    "density_increase_F1": 0.0
  },
  "trajectory_lift": "evaluated_by_stage9_benchmark_not_auxiliary",
  "diagnostic_only_if_no_benchmark_lift": true
}