pair,producer,controller,locality,method,subset,seeds,seed_mean_rows,seed_mean_positive,seed_mean_harm_MSE,seed_mean_actual_harm_mean,seed_mean_predicted_harm_mean,seed_mean_harm_coverage,all_seeds_supported
full,0,1,eu-locality-007,cap_aux_mass,all,3,5526.0,131.66666666666666,0.02378470269413657,0.008739797915140917,0.005107510629109369,0.600280212530378,True
full,0,1,eu-locality-007,cap_aux_mass,envelope_positive,3,2259.6666666666665,131.66666666666666,0.05861233663295038,0.02140255505550376,0.01244095145177096,0.600280212530378,True
full,0,1,eu-locality-007,cap_aux_raw,all,3,5526.0,131.66666666666666,0.023559257557857944,0.008739797915140917,0.003151105359231086,0.3709442269696282,True
full,0,1,eu-locality-007,cap_aux_raw,envelope_positive,3,2259.6666666666665,131.66666666666666,0.058075374399738755,0.02140255505550376,0.007666674431367871,0.3709442269696282,True
full,0,1,eu-locality-007,cap_aux_scaled,all,3,5526.0,131.66666666666666,0.023471584219469193,0.008739797915140917,0.0006912404683488875,0.08257105685830239,True
full,0,1,eu-locality-007,cap_aux_scaled,envelope_positive,3,2259.6666666666665,131.66666666666666,0.057869743409478897,0.02140255505550376,0.0016967108629992005,0.08257105685830239,True
full,0,1,eu-locality-007,cost_only_mass,all,3,5526.0,131.66666666666666,0.023604475200675823,0.008739797915140917,0.004106151646198837,0.47951641685311897,True
full,0,1,eu-locality-007,cost_only_mass,envelope_positive,3,2259.6666666666665,131.66666666666666,0.05818515254051535,0.02140255505550376,0.009999951636771616,0.47951641685311897,True
full,0,1,eu-locality-007,cost_only_raw,all,3,5526.0,131.66666666666666,0.023492610594505445,0.008739797915140917,0.0021546844967621805,0.24968497587228225,True
full,0,1,eu-locality-007,cost_only_raw,envelope_positive,3,2259.6666666666665,131.66666666666666,0.05791879791187213,0.02140255505550376,0.005249273713239105,0.24968497587228225,True
full,0,1,eu-locality-007,cost_only_scaled,all,3,5526.0,131.66666666666666,0.023481248680705374,0.008739797915140917,0.00042743354984118236,0.05081240023165325,True
full,0,1,eu-locality-007,cost_only_scaled,envelope_positive,3,2259.6666666666665,131.66666666666666,0.05789354126171222,0.02140255505550376,0.0010487697329182256,0.05081240023165324,True
full,0,1,eu-locality-007,shuffled_aux_mass,all,3,5526.0,131.66666666666666,0.02369257530825042,0.008739797915140917,0.004576246431713435,0.5345683161849754,True
full,0,1,eu-locality-007,shuffled_aux_mass,envelope_positive,3,2259.6666666666665,131.66666666666666,0.05839549052645218,0.02140255505550376,0.011132522885766107,0.5345683161849752,True
full,0,1,eu-locality-007,shuffled_aux_raw,all,3,5526.0,131.66666666666666,0.02351060435348512,0.008739797915140917,0.00238698342149024,0.2771283100210015,True
full,0,1,eu-locality-007,shuffled_aux_raw,envelope_positive,3,2259.6666666666665,131.66666666666666,0.05796168781404746,0.02140255505550376,0.005805408772927646,0.2771283100210016,True
full,0,1,eu-locality-007,shuffled_aux_scaled,all,3,5526.0,131.66666666666666,0.023480268181654843,0.008739797915140917,0.0004267967668529358,0.05064180055759548,True
full,0,1,eu-locality-007,shuffled_aux_scaled,envelope_positive,3,2259.6666666666665,131.66666666666666,0.05789116398281428,0.02140255505550376,0.0010524856041160989,0.050641800557595484,True
full,0,1,eu-locality-110,cap_aux_mass,all,3,8550.0,134.0,0.002242126859572445,0.0028524720214180496,0.005170086281312852,1.9160466209961298,True
full,0,1,eu-locality-110,cap_aux_mass,envelope_positive,3,4285.333333333333,134.0,0.00448906354614281,0.005725585595064783,0.010327085800669515,1.9160466209961298,True
full,0,1,eu-locality-110,cap_aux_raw,all,3,8550.0,134.0,0.0017650912914108018,0.0028524720214180496,0.0026181850819233347,0.8831563563906943,True
full,0,1,eu-locality-110,cap_aux_raw,envelope_positive,3,4285.333333333333,134.0,0.0035695233837801424,0.005725585595064783,0.00529730261235442,0.8831563563906943,True
full,0,1,eu-locality-110,cap_aux_scaled,all,3,8550.0,134.0,0.0017124018728526204,0.0028524720214180496,0.00032778729579546235,0.1256192878918759,True
full,0,1,eu-locality-110,cap_aux_scaled,envelope_positive,3,4285.333333333333,134.0,0.003465265708032518,0.005725585595064783,0.0006534284413083829,0.1256192878918759,True
full,0,1,eu-locality-110,cost_only_mass,all,3,8550.0,134.0,0.0022254332525716803,0.0028524720214180496,0.005578759902045152,2.0757703226258957,True
full,0,1,eu-locality-110,cost_only_mass,envelope_positive,3,4285.333333333333,134.0,0.004454644854098486,0.005725585595064783,0.011090606971918868,2.0757703226258957,True
full,0,1,eu-locality-110,cost_only_raw,all,3,8550.0,134.0,0.0017541775946358742,0.0028524720214180496,0.0023379291234485416,0.7939348238908669,True
full,0,1,eu-locality-110,cost_only_raw,envelope_positive,3,4285.333333333333,134.0,0.00354801440147982,0.005725585595064783,0.004712237477932955,0.7939348238908671,True
full,0,1,eu-locality-110,cost_only_scaled,all,3,8550.0,134.0,0.0017130081767938153,0.0028524720214180496,0.00030559734073624256,0.1224120453591495,True
full,0,1,eu-locality-110,cost_only_scaled,envelope_positive,3,4285.333333333333,134.0,0.003466430036462612,0.005725585595064783,0.0005979328610010959,0.12241204535914947,True
full,0,1,eu-locality-110,shuffled_aux_mass,all,3,8550.0,134.0,0.002473221589854331,0.0028524720214180496,0.006435370183771369,2.3972272343105616,True
full,0,1,eu-locality-110,shuffled_aux_mass,envelope_positive,3,4285.333333333333,134.0,0.004924599146439608,0.005725585595064783,0.012765610295576749,2.3972272343105616,True
full,0,1,eu-locality-110,shuffled_aux_raw,all,3,8550.0,134.0,0.0017620296689299915,0.0028524720214180496,0.0025482806022416003,0.8629231271812893,True
full,0,1,eu-locality-110,shuffled_aux_raw,envelope_positive,3,4285.333333333333,134.0,0.0035632353075267247,0.005725585595064783,0.005135765440479599,0.8629231271812894,True
full,0,1,eu-locality-110,shuffled_aux_scaled,all,3,8550.0,134.0,0.001716252939942647,0.0028524720214180496,0.00037798740078340173,0.15457393659204322,True
full,0,1,eu-locality-110,shuffled_aux_scaled,envelope_positive,3,4285.333333333333,134.0,0.0034725707009181893,0.005725585595064783,0.0007330573756726971,0.15457393659204322,True
full,0,1,eu-locality-119,cap_aux_mass,all,3,5639.0,108.33333333333333,0.021929097678702183,0.009824174354442947,0.006154329881625214,0.6226321703589431,True
full,0,1,eu-locality-119,cap_aux_mass,envelope_positive,3,2918.6666666666665,108.33333333333333,0.04230875864142034,0.018980744397864895,0.012034968352209763,0.622632170358943,True
full,0,1,eu-locality-119,cap_aux_raw,all,3,5639.0,108.33333333333333,0.021759761350613475,0.009824174354442947,0.001797596224125797,0.18753457908210394,True
full,0,1,eu-locality-119,cap_aux_raw,envelope_positive,3,2918.6666666666665,108.33333333333333,0.04198206691281623,0.018980744397864895,0.003515786763319633,0.1875345790821039,True
full,0,1,eu-locality-119,cap_aux_scaled,all,3,5639.0,108.33333333333333,0.021797527372963407,0.009824174354442947,0.0005216173059349969,0.05773606423056816,True
full,0,1,eu-locality-119,cap_aux_scaled,envelope_positive,3,2918.6666666666665,108.33333333333333,0.04205620036289537,0.018980744397864895,0.0010201853072975833,0.05773606423056815,True
full,0,1,eu-locality-119,cost_only_mass,all,3,5639.0,108.33333333333333,0.021966823637435323,0.009824174354442947,0.006086505852175593,0.6132160482726093,True
full,0,1,eu-locality-119,cost_only_mass,envelope_positive,3,2918.6666666666665,108.33333333333333,0.04238029332838272,0.018980744397864895,0.011886792959493265,0.6132160482726091,True
full,0,1,eu-locality-119,cost_only_raw,all,3,5639.0,108.33333333333333,0.021786382908584794,0.009824174354442947,0.0012615118593169038,0.12976445040767046,True
full,0,1,eu-locality-119,cost_only_raw,envelope_positive,3,2918.6666666666665,108.33333333333333,0.04203420689099838,0.018980744397864895,0.0024644160662120242,0.12976445040767046,True
full,0,1,eu-locality-119,cost_only_scaled,all,3,5639.0,108.33333333333333,0.02180891602197683,0.009824174354442947,0.0004223862660565673,0.043318372508112886,True
full,0,1,eu-locality-119,cost_only_scaled,envelope_positive,3,2918.6666666666665,108.33333333333333,0.04207843948541226,0.018980744397864895,0.0008267277730176562,0.043318372508112886,True
full,0,1,eu-locality-119,shuffled_aux_mass,all,3,5639.0,108.33333333333333,0.021864608733234894,0.009824174354442947,0.004496410574280114,0.4703342848883629,True
full,0,1,eu-locality-119,shuffled_aux_mass,envelope_positive,3,2918.6666666666665,108.33333333333333,0.042179016799775725,0.018980744397864895,0.008769409607461445,0.47033428488836276,True
full,0,1,eu-locality-119,shuffled_aux_raw,all,3,5639.0,108.33333333333333,0.021787395089195527,0.009824174354442947,0.001016507696152856,0.10939343942980277,True
full,0,1,eu-locality-119,shuffled_aux_raw,envelope_positive,3,2918.6666666666665,108.33333333333333,0.042036164812208815,0.018980744397864895,0.001984366903040293,0.10939343942980277,True
full,0,1,eu-locality-119,shuffled_aux_scaled,all,3,5639.0,108.33333333333333,0.021812650859299787,0.009824174354442947,0.00027970671816860657,0.029680188826788856,True
full,0,1,eu-locality-119,shuffled_aux_scaled,envelope_positive,3,2918.6666666666665,108.33333333333333,0.04208576045376026,0.018980744397864895,0.0005464714980293533,0.029680188826788856,True
full,0,1,eu-locality-124,cap_aux_mass,all,3,3550.0,43.0,0.0033870895922273677,0.0037881089468290788,0.009631610106142961,2.520928141266159,True
full,0,1,eu-locality-124,cap_aux_mass,envelope_positive,3,1527.3333333333333,43.0,0.007872285104652476,0.008800521417329807,0.022339634955504607,2.520928141266159,True
full,0,1,eu-locality-124,cap_aux_raw,all,3,3550.0,43.0,0.0025834036787303204,0.0037881089468290788,0.003348754669438622,0.8639427772045618,True
full,0,1,eu-locality-124,cap_aux_raw,envelope_positive,3,1527.3333333333333,43.0,0.006003387324793577,0.008800521417329807,0.007754491062608399,0.8639427772045618,True
full,0,1,eu-locality-124,cap_aux_scaled,all,3,3550.0,43.0,0.00256752620761165,0.0037881089468290788,0.0005754285658872209,0.14817269440511316,True
full,0,1,eu-locality-124,cap_aux_scaled,envelope_positive,3,1527.3333333333333,43.0,0.005966458860437111,0.008800521417329807,0.0013304340330953194,0.14817269440511316,True
full,0,1,eu-locality-124,cost_only_mass,all,3,3550.0,43.0,0.0031713350798100452,0.0037881089468290788,0.008037033614592464,2.1086266288735325,True
full,0,1,eu-locality-124,cost_only_mass,envelope_positive,3,1527.3333333333333,43.0,0.007369650926207685,0.008800521417329807,0.018643449926027206,2.1086266288735325,True
full,0,1,eu-locality-124,cost_only_raw,all,3,3550.0,43.0,0.002591873048309635,0.0037881089468290788,0.002516871182441482,0.6508956327510493,True
full,0,1,eu-locality-124,cost_only_raw,envelope_positive,3,1527.3333333333333,43.0,0.006022680624213563,0.008800521417329807,0.005828768233748051,0.6508956327510492,True
full,0,1,eu-locality-124,cost_only_scaled,all,3,3550.0,43.0,0.002574804029119811,0.0037881089468290788,0.0003669421901341922,0.09475935177758306,True
full,0,1,eu-locality-124,cost_only_scaled,envelope_positive,3,1527.3333333333333,43.0,0.005983269549944073,0.008800521417329807,0.0008484077600483983,0.09475935177758305,True
full,0,1,eu-locality-124,shuffled_aux_mass,all,3,3550.0,43.0,0.0032528497148152347,0.0037881089468290788,0.00882363081070249,2.331442892275501,True
full,0,1,eu-locality-124,shuffled_aux_mass,envelope_positive,3,1527.3333333333333,43.0,0.0075612742480316115,0.008800521417329807,0.02049222540624823,2.3314428922755006,True
full,0,1,eu-locality-124,shuffled_aux_raw,all,3,3550.0,43.0,0.00259116153158984,0.0037881089468290788,0.0025832984166250035,0.6711336290151831,True
full,0,1,eu-locality-124,shuffled_aux_raw,envelope_positive,3,1527.3333333333333,43.0,0.006021009000546072,0.008800521417329807,0.0059868577607626585,0.6711336290151829,True
full,0,1,eu-locality-124,shuffled_aux_scaled,all,3,3550.0,43.0,0.002574536597664725,0.0037881089468290788,0.0003520912190774789,0.0914753208907527,True
full,0,1,eu-locality-124,shuffled_aux_scaled,envelope_positive,3,1527.3333333333333,43.0,0.005982636238911335,0.008800521417329807,0.00081484959390845,0.09147532089075268,True
full,0,2,eu-locality-008,cap_aux_mass,all,3,157961.0,3641.6666666666665,0.07773815184641734,0.012008421728595927,0.02072020957555925,1.7812857411936622,True
full,0,2,eu-locality-008,cap_aux_mass,envelope_positive,3,68207.33333333333,3641.6666666666665,0.17969803370300097,0.027779899655532042,0.04859164806800717,1.7812857411936622,True
full,0,2,eu-locality-008,cap_aux_raw,all,3,157961.0,3641.6666666666665,0.06437432608397564,0.012008421728595927,0.002842492474578955,0.244620022427623,True
full,0,2,eu-locality-008,cap_aux_raw,envelope_positive,3,68207.33333333333,3641.6666666666665,0.14864212961993567,0.027779899655532042,0.006671880743488876,0.24462002242762293,True
full,0,2,eu-locality-008,cap_aux_scaled,all,3,157961.0,3641.6666666666665,0.0641810450637544,0.012008421728595927,3.900232490732525e-05,0.0033332814921852153,True
full,0,2,eu-locality-008,cap_aux_scaled,envelope_positive,3,68207.33333333333,3641.6666666666665,0.14818794541034822,0.027779899655532042,8.984815648044531e-05,0.0033332814921852153,True
full,0,2,eu-locality-008,cost_only_mass,all,3,157961.0,3641.6666666666665,0.07364973504730611,0.012008421728595927,0.008678897068985138,0.7420112398613145,True
full,0,2,eu-locality-008,cost_only_mass,envelope_positive,3,68207.33333333333,3641.6666666666665,0.17011711936090404,0.027779899655532042,0.020300670877389067,0.7420112398613142,True
full,0,2,eu-locality-008,cost_only_raw,all,3,157961.0,3641.6666666666665,0.06438212114525985,0.012008421728595927,0.0011567362128116583,0.09905095970679682,True
full,0,2,eu-locality-008,cost_only_raw,envelope_positive,3,68207.33333333333,3641.6666666666665,0.14865644498268848,0.027779899655532042,0.0027074566007648424,0.09905095970679682,True
full,0,2,eu-locality-008,cost_only_scaled,all,3,157961.0,3641.6666666666665,0.06418272160984288,0.012008421728595927,1.7155626722804276e-05,0.0014604380740913254,True
full,0,2,eu-locality-008,cost_only_scaled,envelope_positive,3,68207.33333333333,3641.6666666666665,0.14819180995067194,0.027779899655532042,3.946422865423608e-05,0.0014604380740913254,True
full,0,2,eu-locality-008,shuffled_aux_mass,all,3,157961.0,3641.6666666666665,0.0828870820105246,0.012008421728595927,0.018730865631905916,1.528281623013682,True
full,0,2,eu-locality-008,shuffled_aux_mass,envelope_positive,3,68207.33333333333,3641.6666666666665,0.19081921700417181,0.027779899655532042,0.043085429482726284,1.5282816230136815,True
full,0,2,eu-locality-008,shuffled_aux_raw,all,3,157961.0,3641.6666666666665,0.06470970341391521,0.012008421728595927,0.002503933178339953,0.20435516854699406,True
full,0,2,eu-locality-008,shuffled_aux_raw,envelope_positive,3,68207.33333333333,3641.6666666666665,0.14939551881905824,0.027779899655532042,0.005760663686253366,0.20435516854699406,True
full,0,2,eu-locality-008,shuffled_aux_scaled,all,3,157961.0,3641.6666666666665,0.06418139033898769,0.012008421728595927,3.8639756247770976e-05,0.0032288895550465608,True
full,0,2,eu-locality-008,shuffled_aux_scaled,envelope_positive,3,68207.33333333333,3641.6666666666665,0.14818879160029122,0.027779899655532042,8.83529422499747e-05,0.00322888955504656,True
full,0,2,eu-locality-020,cap_aux_mass,all,3,1225.0,42.0,0.15356493915916414,0.02868945382368368,0.0008318854203032379,0.027825826886967765,True
full,0,2,eu-locality-020,cap_aux_mass,envelope_positive,3,145.66666666666666,42.0,1.2714018850632751,0.24163027513047164,0.006614274198760313,0.027825826886967765,True
full,0,2,eu-locality-020,cap_aux_raw,all,3,1225.0,42.0,0.15419234486057473,0.02868945382368368,0.0003802454107075458,0.012646194841802653,True
full,0,2,eu-locality-020,cap_aux_raw,envelope_positive,3,145.66666666666666,42.0,1.2764270992983973,0.24163027513047164,0.0030497103448011887,0.012646194841802653,True
full,0,2,eu-locality-020,cap_aux_scaled,all,3,1225.0,42.0,0.15448179392624942,0.02868945382368368,0.0001679949723809262,0.005642428877319516,True
full,0,2,eu-locality-020,cap_aux_scaled,envelope_positive,3,145.66666666666666,42.0,1.2787262030518494,0.24163027513047164,0.0013851893405574627,0.005642428877319516,True
full,0,2,eu-locality-020,cost_only_mass,all,3,1225.0,42.0,0.15344109433055966,0.02868945382368368,0.0006551697313480001,0.022691224727743986,True
full,0,2,eu-locality-020,cost_only_mass,envelope_positive,3,145.66666666666666,42.0,1.270054992165863,0.24163027513047164,0.005502570494572259,0.022691224727743986,True
full,0,2,eu-locality-020,cost_only_raw,all,3,1225.0,42.0,0.15413993589550792,0.02868945382368368,0.00029689007227700265,0.010192644353880627,True
full,0,2,eu-locality-020,cost_only_raw,envelope_positive,3,145.66666666666666,42.0,1.275855692517396,0.24163027513047164,0.002504282908982368,0.010192644353880629,True
full,0,2,eu-locality-020,cost_only_scaled,all,3,1225.0,42.0,0.15451147338626722,0.02868945382368368,0.00011055480389350133,0.003947135557439865,True
full,0,2,eu-locality-020,cost_only_scaled,envelope_positive,3,145.66666666666666,42.0,1.278876871809446,0.24163027513047164,0.0009809848996182177,0.003947135557439865,True
full,0,2,eu-locality-020,shuffled_aux_mass,all,3,1225.0,42.0,0.15337964434943482,0.02868945382368368,0.0006738234295359974,0.023547276887726648,True
full,0,2,eu-locality-020,shuffled_aux_mass,envelope_positive,3,145.66666666666666,42.0,1.269534822668818,0.24163027513047164,0.0057190362422921,0.023547276887726648,True
full,0,2,eu-locality-020,shuffled_aux_raw,all,3,1225.0,42.0,0.1541520123182596,0.02868945382368368,0.0002996794368403949,0.010374852806025257,True
full,0,2,eu-locality-020,shuffled_aux_raw,envelope_positive,3,145.66666666666666,42.0,1.2759376920906045,0.24163027513047164,0.002553236163638019,0.010374852806025259,True
full,0,2,eu-locality-020,shuffled_aux_scaled,all,3,1225.0,42.0,0.15451047759909323,0.02868945382368368,0.00011975454439241229,0.004272438249185671,True
full,0,2,eu-locality-020,shuffled_aux_scaled,envelope_positive,3,145.66666666666666,42.0,1.2788672432946393,0.24163027513047164,0.0010587892576728343,0.004272438249185672,True
full,0,2,eu-locality-048,cap_aux_mass,all,3,8058.0,134.0,0.03581634519343141,0.00479102958254653,0.022660006536864997,4.834619305743522,True
full,0,2,eu-locality-048,cap_aux_mass,envelope_positive,3,3721.0,134.0,0.0772170014889298,0.010361432106245856,0.0490547924658859,4.834619305743522,True
full,0,2,eu-locality-048,cap_aux_raw,all,3,8058.0,134.0,0.008088092138438481,0.00479102958254653,0.004202411810455902,0.890459503059342,True
full,0,2,eu-locality-048,cap_aux_raw,envelope_positive,3,3721.0,134.0,0.01745422266850395,0.010361432106245856,0.00908887699763103,0.890459503059342,True
full,0,2,eu-locality-048,cap_aux_scaled,all,3,8058.0,134.0,0.004430251678671838,0.00479102958254653,0.00018752857798566913,0.0405304034628362,True
full,0,2,eu-locality-048,cap_aux_scaled,envelope_positive,3,3721.0,134.0,0.009577016662620128,0.010361432106245856,0.0004057584613951508,0.0405304034628362,True
full,0,2,eu-locality-048,cost_only_mass,all,3,8058.0,134.0,0.03522662675795036,0.00479102958254653,0.02375632670856286,4.7921535177703545,True
full,0,2,eu-locality-048,cost_only_mass,envelope_positive,3,3721.0,134.0,0.07615198684373287,0.010361432106245856,0.051260957822649195,4.7921535177703545,True
full,0,2,eu-locality-048,cost_only_raw,all,3,8058.0,134.0,0.0073213328094737865,0.00479102958254653,0.00410409009023832,0.8323239656350724,True
full,0,2,eu-locality-048,cost_only_raw,envelope_positive,3,3721.0,134.0,0.015849177264454985,0.010361432106245856,0.008857514963119378,0.8323239656350724,True
full,0,2,eu-locality-048,cost_only_scaled,all,3,8058.0,134.0,0.004426225346798502,0.00479102958254653,0.00013137524770916872,0.026085535475541082,True
full,0,2,eu-locality-048,cost_only_scaled,envelope_positive,3,3721.0,134.0,0.00956837381824497,0.010361432106245856,0.00028309145768883417,0.026085535475541086,True
full,0,2,eu-locality-048,shuffled_aux_mass,all,3,8058.0,134.0,0.03608266738941298,0.00479102958254653,0.025688369441639786,5.218775678698923,True
full,0,2,eu-locality-048,shuffled_aux_mass,envelope_positive,3,3721.0,134.0,0.07795784788920117,0.010361432106245856,0.055467652559645864,5.218775678698922,True
full,0,2,eu-locality-048,shuffled_aux_raw,all,3,8058.0,134.0,0.007215489046564698,0.00479102958254653,0.004181448901429085,0.8585506871883006,True
full,0,2,eu-locality-048,shuffled_aux_raw,envelope_positive,3,3721.0,134.0,0.01561453499939545,0.010361432106245856,0.009031859387666713,0.8585506871883007,True
full,0,2,eu-locality-048,shuffled_aux_scaled,all,3,8058.0,134.0,0.004425601463658459,0.00479102958254653,0.00011954507286543853,0.024207791790148384,True
full,0,2,eu-locality-048,shuffled_aux_scaled,envelope_positive,3,3721.0,134.0,0.009567008886009386,0.010361432106245856,0.000257938813770001,0.024207791790148387,True
full,0,2,eu-locality-067,cap_aux_mass,all,3,6903.0,130.66666666666666,0.4372744799405915,0.004011928703171737,0.07173234369237981,17.820588352975367,True
full,0,2,eu-locality-067,cap_aux_mass,envelope_positive,3,3130.6666666666665,130.66666666666666,0.9606924130783486,0.008853150593853403,0.15808275359248677,17.820588352975367,True
full,0,2,eu-locality-067,cap_aux_raw,all,3,6903.0,130.66666666666666,0.021744399047573262,0.004011928703171737,0.012472468470955742,3.100884715063309,True
full,0,2,eu-locality-067,cap_aux_raw,envelope_positive,3,3130.6666666666665,130.66666666666666,0.04799111418558691,0.008853150593853403,0.027513492046270613,3.1008847150633088,True
full,0,2,eu-locality-067,cap_aux_scaled,all,3,6903.0,130.66666666666666,0.0038036237815699896,0.004011928703171737,0.00019828129952097,0.048690965064748966,True
full,0,2,eu-locality-067,cap_aux_scaled,envelope_positive,3,3130.6666666666665,130.66666666666666,0.00842209279299054,0.008853150593853403,0.0004380205631870231,0.04869096506474898,True
full,0,2,eu-locality-067,cost_only_mass,all,3,6903.0,130.66666666666666,0.38709449598165513,0.004011928703171737,0.06718583778506962,16.748044792057026,True
full,0,2,eu-locality-067,cost_only_mass,envelope_positive,3,3130.6666666666665,130.66666666666666,0.8452139059124338,0.008853150593853403,0.14803990074180212,16.748044792057026,True
full,0,2,eu-locality-067,cost_only_raw,all,3,6903.0,130.66666666666666,0.017265976657593315,0.004011928703171737,0.011565271256112826,2.8805354584855145,True
full,0,2,eu-locality-067,cost_only_raw,envelope_positive,3,3130.6666666666665,130.66666666666666,0.038032970506024465,0.008853150593853403,0.025543612597863086,2.8805354584855145,True
full,0,2,eu-locality-067,cost_only_scaled,all,3,6903.0,130.66666666666666,0.003804029372617036,0.004011928703171737,0.0002209288179832801,0.053719378892397925,True
full,0,2,eu-locality-067,cost_only_scaled,envelope_positive,3,3130.6666666666665,130.66666666666666,0.008423038407098694,0.008853150593853403,0.0004921712451391986,0.05371937889239792,True
full,0,2,eu-locality-067,shuffled_aux_mass,all,3,6903.0,130.66666666666666,0.39894314395116975,0.004011928703171737,0.0706121294049022,17.72046460966674,True
full,0,2,eu-locality-067,shuffled_aux_mass,envelope_positive,3,3130.6666666666665,130.66666666666666,0.8737537139164809,0.008853150593853403,0.15514407688900775,17.720464609666745,True
full,0,2,eu-locality-067,shuffled_aux_raw,all,3,6903.0,130.66666666666666,0.020588233176640318,0.004011928703171737,0.012201274999853962,3.0622956894066538,True
full,0,2,eu-locality-067,shuffled_aux_raw,envelope_positive,3,3130.6666666666665,130.66666666666666,0.045441925673816407,0.008853150593853403,0.02687941026945812,3.0622956894066538,True
full,0,2,eu-locality-067,shuffled_aux_scaled,all,3,6903.0,130.66666666666666,0.0038082058056568544,0.004011928703171737,0.00022560080062208228,0.05552725258213193,True
full,0,2,eu-locality-067,shuffled_aux_scaled,envelope_positive,3,3130.6666666666665,130.66666666666666,0.008432356016099358,0.008853150593853403,0.0005019521745704502,0.05552725258213193,True
full,1,0,eu-locality-074,cap_aux_mass,all,3,102348.0,1965.6666666666667,0.07656691292656827,0.018581341853817854,0.014955911145154507,0.7877713275631743,True
full,1,0,eu-locality-074,cap_aux_mass,envelope_positive,3,50887.0,1965.6666666666667,0.15374898900680942,0.03732987431102794,0.029931847641231583,0.7877713275631741,True
full,1,0,eu-locality-074,cap_aux_raw,all,3,102348.0,1965.6666666666667,0.07328495084585486,0.018581341853817854,0.006142302519559489,0.3277161884885602,True
full,1,0,eu-locality-074,cap_aux_raw,envelope_positive,3,50887.0,1965.6666666666667,0.14720462001638132,0.03732987431102794,0.012322453862383858,0.32771618848856027,True
full,1,0,eu-locality-074,cap_aux_scaled,all,3,102348.0,1965.6666666666667,0.07305900186777646,0.018581341853817854,0.005084375500952505,0.26642950959888245,True
full,1,0,eu-locality-074,cap_aux_scaled,envelope_positive,3,50887.0,1965.6666666666667,0.14674868535658628,0.03732987431102794,0.010155654426918065,0.2664295095988825,True
full,1,0,eu-locality-074,cost_only_mass,all,3,102348.0,1965.6666666666667,0.07858089810795992,0.018581341853817854,0.01818530989132243,0.9695791404218461,True
full,1,0,eu-locality-074,cost_only_mass,envelope_positive,3,50887.0,1965.6666666666667,0.1578548008502466,0.03732987431102794,0.03649809620686458,0.9695791404218462,True
full,1,0,eu-locality-074,cost_only_raw,all,3,102348.0,1965.6666666666667,0.07326641395331025,0.018581341853817854,0.006008794693462323,0.3236730736570193,True
full,1,0,eu-locality-074,cost_only_raw,envelope_positive,3,50887.0,1965.6666666666667,0.1471710003765534,0.03732987431102794,0.01206245487371492,0.3236730736570193,True
full,1,0,eu-locality-074,cost_only_scaled,all,3,102348.0,1965.6666666666667,0.07304307974096369,0.018581341853817854,0.005081611911439279,0.2690085518060558,True
full,1,0,eu-locality-074,cost_only_scaled,envelope_positive,3,50887.0,1965.6666666666667,0.14671879720370276,0.03732987431102794,0.010170146250438487,0.2690085518060558,True
full,1,0,eu-locality-074,shuffled_aux_mass,all,3,102348.0,1965.6666666666667,0.07859482241655179,0.018581341853817854,0.017125758589137043,0.9109698819778843,True
full,1,0,eu-locality-074,shuffled_aux_mass,envelope_positive,3,50887.0,1965.6666666666667,0.1578326279174617,0.03732987431102794,0.0343449690406804,0.9109698819778842,True
full,1,0,eu-locality-074,shuffled_aux_raw,all,3,102348.0,1965.6666666666667,0.07335988514573157,0.018581341853817854,0.005828580322571292,0.31391179129629143,True
full,1,0,eu-locality-074,shuffled_aux_raw,envelope_positive,3,50887.0,1965.6666666666667,0.1473525372736407,0.03732987431102794,0.011704210311273963,0.3139117912962915,True
full,1,0,eu-locality-074,shuffled_aux_scaled,all,3,102348.0,1965.6666666666667,0.07315131138124385,0.018581341853817854,0.004878880322381772,0.25806349105966647,True
full,1,0,eu-locality-074,shuffled_aux_scaled,envelope_positive,3,50887.0,1965.6666666666667,0.14693075365434508,0.03732987431102794,0.00975539638513313,0.25806349105966647,True
full,1,0,eu-locality-082,cap_aux_mass,all,3,1368.0,46.0,0.006312047282713847,0.006889382190921098,0.01259147539537382,1.8975767822277847,True
full,1,0,eu-locality-082,cap_aux_mass,envelope_positive,3,435.0,46.0,0.018959255155178618,0.02191104806494702,0.038515268429937445,1.897576782227785,True
full,1,0,eu-locality-082,cap_aux_raw,all,3,1368.0,46.0,0.006040176631148103,0.006889382190921098,0.012369009382934509,1.8742073737010327,True
full,1,0,eu-locality-082,cap_aux_raw,envelope_positive,3,435.0,46.0,0.018343701699703233,0.02191104806494702,0.039000659773306835,1.8742073737010327,True
full,1,0,eu-locality-082,cap_aux_scaled,all,3,1368.0,46.0,0.004814516189343317,0.006889382190921098,0.0055418920661852765,0.8213180643480577,True
full,1,0,eu-locality-082,cap_aux_scaled,envelope_positive,3,435.0,46.0,0.014663482898404384,0.02191104806494702,0.017051329024478312,0.8213180643480577,True
full,1,0,eu-locality-082,cost_only_mass,all,3,1368.0,46.0,0.006575284453894857,0.006889382190921098,0.012710371661462529,1.9364473854860822,True
full,1,0,eu-locality-082,cost_only_mass,envelope_positive,3,435.0,46.0,0.0196997700128789,0.02191104806494702,0.038204076850749995,1.9364473854860818,True
full,1,0,eu-locality-082,cost_only_raw,all,3,1368.0,46.0,0.006375004961978424,0.006889382190921098,0.012700206863774516,1.9368068077178326,True
full,1,0,eu-locality-082,cost_only_raw,envelope_positive,3,435.0,46.0,0.019204378055205272,0.02191104806494702,0.039021961058603255,1.9368068077178329,True
full,1,0,eu-locality-082,cost_only_scaled,all,3,1368.0,46.0,0.005004507183294872,0.006889382190921098,0.005449281269544547,0.8158782520955611,True
full,1,0,eu-locality-082,cost_only_scaled,envelope_positive,3,435.0,46.0,0.015230465123138559,0.02191104806494702,0.016376055894455576,0.8158782520955613,True
full,1,0,eu-locality-082,shuffled_aux_mass,all,3,1368.0,46.0,0.006300861832443806,0.006889382190921098,0.012313058369393682,1.8759867208101735,True
full,1,0,eu-locality-082,shuffled_aux_mass,envelope_positive,3,435.0,46.0,0.018902252776118653,0.02191104806494702,0.03692263562752083,1.8759867208101733,True
full,1,0,eu-locality-082,shuffled_aux_raw,all,3,1368.0,46.0,0.006005828963989578,0.006889382190921098,0.011897126565393039,1.8092607340450053,True
full,1,0,eu-locality-082,shuffled_aux_raw,envelope_positive,3,435.0,46.0,0.018098769378864746,0.02191104806494702,0.03645972599474329,1.809260734045006,True
full,1,0,eu-locality-082,shuffled_aux_scaled,all,3,1368.0,46.0,0.004962730240160034,0.006889382190921098,0.005150427581200974,0.7724531529883677,True
full,1,0,eu-locality-082,shuffled_aux_scaled,envelope_positive,3,435.0,46.0,0.015115074288658152,0.02191104806494702,0.015441254820786834,0.7724531529883677,True
full,1,0,eu-locality-112,cap_aux_mass,all,3,5004.0,123.66666666666667,0.019747103296715068,0.012025724334523568,0.024111446723728638,2.054952395663211,True
full,1,0,eu-locality-112,cap_aux_mass,envelope_positive,3,2624.6666666666665,123.66666666666667,0.037698600245361556,0.022920105016787744,0.04602368968032814,2.0549523956632108,True
full,1,0,eu-locality-112,cap_aux_raw,all,3,5004.0,123.66666666666667,0.022011080168335213,0.012025724334523568,0.03158590390131871,2.7218643560845615,True
full,1,0,eu-locality-112,cap_aux_raw,envelope_positive,3,2624.6666666666665,123.66666666666667,0.04203267833283756,0.022920105016787744,0.06029580638767832,2.7218643560845615,True
full,1,0,eu-locality-112,cap_aux_scaled,all,3,5004.0,123.66666666666667,0.01944650869960068,0.012025724334523568,0.015517735296360887,1.364069434291757,True
full,1,0,eu-locality-112,cap_aux_scaled,envelope_positive,3,2624.6666666666665,123.66666666666667,0.037128353621184475,0.022920105016787744,0.02968641454388152,1.364069434291757,True
full,1,0,eu-locality-112,cost_only_mass,all,3,5004.0,123.66666666666667,0.019950231970347936,0.012025724334523568,0.023139761150178188,1.9815282550746767,True
full,1,0,eu-locality-112,cost_only_mass,envelope_positive,3,2624.6666666666665,123.66666666666667,0.038089697291591305,0.022920105016787744,0.04418620696671475,1.9815282550746767,True
full,1,0,eu-locality-112,cost_only_raw,all,3,5004.0,123.66666666666667,0.022371167446741818,0.012025724334523568,0.03186976039500037,2.7467949645775906,True
full,1,0,eu-locality-112,cost_only_raw,envelope_positive,3,2624.6666666666665,123.66666666666667,0.04272270933040242,0.022920105016787744,0.060843607382598246,2.746794964577591,True
full,1,0,eu-locality-112,cost_only_scaled,all,3,5004.0,123.66666666666667,0.019524836544580735,0.012025724334523568,0.01382083127306285,1.2328801096349362,True
full,1,0,eu-locality-112,cost_only_scaled,envelope_positive,3,2624.6666666666665,123.66666666666667,0.03727754886544967,0.022920105016787744,0.02645643468036274,1.2328801096349364,True
full,1,0,eu-locality-112,shuffled_aux_mass,all,3,5004.0,123.66666666666667,0.02014074588627533,0.012025724334523568,0.023147532617901877,1.9748794035782138,True
full,1,0,eu-locality-112,shuffled_aux_mass,envelope_positive,3,2624.6666666666665,123.66666666666667,0.038452384170416486,0.022920105016787744,0.044180960472769315,1.9748794035782138,True
full,1,0,eu-locality-112,shuffled_aux_raw,all,3,5004.0,123.66666666666667,0.02299599929906299,0.012025724334523568,0.032237004881539924,2.775472641395961,True
full,1,0,eu-locality-112,shuffled_aux_raw,envelope_positive,3,2624.6666666666665,123.66666666666667,0.04391837334768669,0.022920105016787744,0.06153907145991028,2.775472641395961,True
full,1,0,eu-locality-112,shuffled_aux_scaled,all,3,5004.0,123.66666666666667,0.01971299533179195,0.012025724334523568,0.013559374593924445,1.2092022071319644,True
full,1,0,eu-locality-112,shuffled_aux_scaled,envelope_positive,3,2624.6666666666665,123.66666666666667,0.03763857385909074,0.022920105016787744,0.025942822695146205,1.2092022071319644,True
full,1,0,eu-locality-126,cap_aux_mass,all,3,5790.0,298.6666666666667,0.09990776862713636,0.027873249107531903,0.021270452297511594,0.7779860621088709,True
full,1,0,eu-locality-126,cap_aux_mass,envelope_positive,3,2858.6666666666665,298.6666666666667,0.20711839346782568,0.05650361480100954,0.04327123447536712,0.7779860621088711,True
full,1,0,eu-locality-126,cap_aux_raw,all,3,5790.0,298.6666666666667,0.09994829416987576,0.027873249107531903,0.019801548977907393,0.7263571962740287,True
full,1,0,eu-locality-126,cap_aux_raw,envelope_positive,3,2858.6666666666665,298.6666666666667,0.2071987987920744,0.05650361480100954,0.0407169254332635,0.7263571962740288,True
full,1,0,eu-locality-126,cap_aux_scaled,all,3,5790.0,298.6666666666667,0.10174789098671704,0.027873249107531903,0.005103762967081844,0.1865942198487509,True
full,1,0,eu-locality-126,cap_aux_scaled,envelope_positive,3,2858.6666666666665,298.6666666666667,0.21093548142789242,0.05650361480100954,0.010311231830633963,0.18659421984875094,True
full,1,0,eu-locality-126,cost_only_mass,all,3,5790.0,298.6666666666667,0.09986979178834066,0.027873249107531903,0.020434136635091065,0.7495397333978985,True
full,1,0,eu-locality-126,cost_only_mass,envelope_positive,3,2858.6666666666665,298.6666666666667,0.20698803307505828,0.05650361480100954,0.041685070481589946,0.7495397333978987,True
full,1,0,eu-locality-126,cost_only_raw,all,3,5790.0,298.6666666666667,0.09985456773829078,0.027873249107531903,0.019266821342736735,0.7056395518110722,True
full,1,0,eu-locality-126,cost_only_raw,envelope_positive,3,2858.6666666666665,298.6666666666667,0.20695290477782743,0.05650361480100954,0.03978839605163984,0.7056395518110724,True
full,1,0,eu-locality-126,cost_only_scaled,all,3,5790.0,298.6666666666667,0.10187480383559998,0.027873249107531903,0.004503882580927967,0.16423948567635957,True
full,1,0,eu-locality-126,cost_only_scaled,envelope_positive,3,2858.6666666666665,298.6666666666667,0.21117938950839407,0.05650361480100954,0.009119369677112705,0.1642394856763596,True
full,1,0,eu-locality-126,shuffled_aux_mass,all,3,5790.0,298.6666666666667,0.0992187648299437,0.027873249107531903,0.02027570100022943,0.7443602574775087,True
full,1,0,eu-locality-126,shuffled_aux_mass,envelope_positive,3,2858.6666666666665,298.6666666666667,0.20559751039940702,0.05650361480100954,0.04133465667246819,0.7443602574775089,True
full,1,0,eu-locality-126,shuffled_aux_raw,all,3,5790.0,298.6666666666667,0.09911842599376919,0.027873249107531903,0.019410930101619806,0.7127096555699418,True
full,1,0,eu-locality-126,shuffled_aux_raw,envelope_positive,3,2858.6666666666665,298.6666666666667,0.2053673038766172,0.05650361480100954,0.0400843711538217,0.712709655569942,True
full,1,0,eu-locality-126,shuffled_aux_scaled,all,3,5790.0,298.6666666666667,0.10175925063044183,0.027873249107531903,0.004494298778149607,0.16652961532512925,True
full,1,0,eu-locality-126,shuffled_aux_scaled,envelope_positive,3,2858.6666666666665,298.6666666666667,0.2109288829874656,0.05650361480100954,0.009099341526027429,0.1665296153251293,True
full,1,2,eu-locality-008,cap_aux_mass,all,3,157961.0,4252.666666666667,0.24695316835381023,0.020447415975718596,0.056680216214596374,2.7171751368139154,True
full,1,2,eu-locality-008,cap_aux_mass,envelope_positive,3,72368.0,4252.666666666667,0.5361991868857777,0.04461523636849427,0.12302673847364254,2.717175136813914,True
full,1,2,eu-locality-008,cap_aux_raw,all,3,157961.0,4252.666666666667,0.13107683893702307,0.020447415975718596,0.010753394296505597,0.508798401457613,True
full,1,2,eu-locality-008,cap_aux_raw,envelope_positive,3,72368.0,4252.666666666667,0.2851355521457629,0.04461523636849427,0.023297998981185505,0.5087984014576131,True
full,1,2,eu-locality-008,cap_aux_scaled,all,3,157961.0,4252.666666666667,0.12673397608722564,0.020447415975718596,0.000398481799061815,0.01856514058797672,True
full,1,2,eu-locality-008,cap_aux_scaled,envelope_positive,3,72368.0,4252.666666666667,0.27572710623675833,0.04461523636849427,0.0008613742953667781,0.01856514058797672,True
full,1,2,eu-locality-008,cost_only_mass,all,3,157961.0,4252.666666666667,0.3010868481356086,0.020447415975718596,0.05562687437618952,2.6419290951976926,True
full,1,2,eu-locality-008,cost_only_mass,envelope_positive,3,72368.0,4252.666666666667,0.6527660890700845,0.04461523636849427,0.12061643445176129,2.641929095197693,True
full,1,2,eu-locality-008,cost_only_raw,all,3,157961.0,4252.666666666667,0.13186509060476012,0.020447415975718596,0.009460553872372802,0.4471449650691965,True
full,1,2,eu-locality-008,cost_only_raw,envelope_positive,3,72368.0,4252.666666666667,0.28683266582186207,0.04461523636849427,0.02049712991409024,0.44714496506919654,True
full,1,2,eu-locality-008,cost_only_scaled,all,3,157961.0,4252.666666666667,0.12673572115814596,0.020447415975718596,0.00044911207403363734,0.020927569000735873,True
full,1,2,eu-locality-008,cost_only_scaled,envelope_positive,3,72368.0,4252.666666666667,0.2757308759744264,0.04461523636849427,0.0009712034331503899,0.020927569000735866,True
full,1,2,eu-locality-008,shuffled_aux_mass,all,3,157961.0,4252.666666666667,0.30279947777072413,0.020447415975718596,0.06822747071039215,3.2708768518466003,True
full,1,2,eu-locality-008,shuffled_aux_mass,envelope_positive,3,72368.0,4252.666666666667,0.6564291562651223,0.04461523636849427,0.14796068975091523,3.2708768518466003,True
full,1,2,eu-locality-008,shuffled_aux_raw,all,3,157961.0,4252.666666666667,0.1313118952043103,0.020447415975718596,0.011502963461542337,0.5466479771684501,True
full,1,2,eu-locality-008,shuffled_aux_raw,envelope_positive,3,72368.0,4252.666666666667,0.28562441180508963,0.04461523636849427,0.024920623972196757,0.5466479771684501,True
full,1,2,eu-locality-008,shuffled_aux_scaled,all,3,157961.0,4252.666666666667,0.12675145661575069,0.020447415975718596,0.0002747961358061964,0.013197302737472797,True
full,1,2,eu-locality-008,shuffled_aux_scaled,envelope_positive,3,72368.0,4252.666666666667,0.2757647302279091,0.04461523636849427,0.0005956652407649106,0.0131973027374728,True
full,1,2,eu-locality-020,cap_aux_mass,all,3,1225.0,42.666666666666664,0.05168905518780984,0.020243167955686623,0.00039480314036009957,0.01694899534467957,True
full,1,2,eu-locality-020,cap_aux_mass,envelope_positive,3,184.66666666666666,42.666666666666664,0.3210134561104138,0.12930292415168398,0.0024057026503452473,0.01694899534467957,True
full,1,2,eu-locality-020,cap_aux_raw,all,3,1225.0,42.666666666666664,0.05172132790721809,0.020243167955686623,0.00027295361661603936,0.01176769454721911,True
full,1,2,eu-locality-020,cap_aux_raw,envelope_positive,3,184.66666666666666,42.666666666666664,0.321211851676597,0.12930292415168398,0.0016702032584198577,0.011767694547219107,True
full,1,2,eu-locality-020,cap_aux_scaled,all,3,1225.0,42.666666666666664,0.05178477648751182,0.020243167955686623,9.055360872983749e-05,0.0037402238808662593,True
full,1,2,eu-locality-020,cap_aux_scaled,envelope_positive,3,184.66666666666666,42.666666666666664,0.3216046281867767,0.12930292415168398,0.0005415999042010213,0.003740223880866258,True
full,1,2,eu-locality-020,cost_only_mass,all,3,1225.0,42.666666666666664,0.05175482868312786,0.020243167955686623,0.0003238496803485167,0.013146749323997904,True
full,1,2,eu-locality-020,cost_only_mass,envelope_positive,3,184.66666666666666,42.666666666666664,0.3214302960822498,0.12930292415168398,0.0018876106582868303,0.013146749323997902,True
full,1,2,eu-locality-020,cost_only_raw,all,3,1225.0,42.666666666666664,0.05177167982376497,0.020243167955686623,0.00019316022587426848,0.00794637216271337,True
full,1,2,eu-locality-020,cost_only_raw,envelope_positive,3,184.66666666666666,42.666666666666664,0.3215313478146551,0.12930292415168398,0.0011354546860402482,0.00794637216271337,True
full,1,2,eu-locality-020,cost_only_scaled,all,3,1225.0,42.666666666666664,0.05180042056352041,0.020243167955686623,6.441020787529741e-05,0.0025131742468403827,True
full,1,2,eu-locality-020,cost_only_scaled,envelope_positive,3,184.66666666666666,42.666666666666664,0.3217045804958654,0.12930292415168398,0.00036825449484094067,0.002513174246840382,True
full,1,2,eu-locality-020,shuffled_aux_mass,all,3,1225.0,42.666666666666664,0.051741463632238326,0.020243167955686623,0.000303652429040608,0.012425165230224544,True
full,1,2,eu-locality-020,shuffled_aux_mass,envelope_positive,3,184.66666666666666,42.666666666666664,0.321350291948342,0.12930292415168398,0.001781625203081007,0.012425165230224548,True
full,1,2,eu-locality-020,shuffled_aux_raw,all,3,1225.0,42.666666666666664,0.05176543028053185,0.020243167955686623,0.00018076642300522317,0.007493880316444307,True
full,1,2,eu-locality-020,shuffled_aux_raw,envelope_positive,3,184.66666666666666,42.666666666666664,0.3214934410416987,0.12930292415168398,0.0010689510021307214,0.007493880316444307,True
full,1,2,eu-locality-020,shuffled_aux_scaled,all,3,1225.0,42.666666666666664,0.05179880838634787,0.020243167955686623,5.968183189647273e-05,0.002345496217774308,True
full,1,2,eu-locality-020,shuffled_aux_scaled,envelope_positive,3,184.66666666666666,42.666666666666664,0.3216948194127325,0.12930292415168398,0.0003430352069548061,0.002345496217774308,True
full,1,2,eu-locality-048,cap_aux_mass,all,3,8058.0,192.66666666666666,0.05615156955186849,0.014502373725201474,0.012719805347137467,0.9435399005339633,True
full,1,2,eu-locality-048,cap_aux_mass,envelope_positive,3,4075.6666666666665,192.66666666666666,0.1111017523471005,0.02866055488195828,0.025253578745753794,0.9435399005339633,True
full,1,2,eu-locality-048,cap_aux_raw,all,3,8058.0,192.66666666666666,0.055485547839166434,0.014502373725201474,0.0035513338518404786,0.254073564370547,True
full,1,2,eu-locality-048,cap_aux_raw,envelope_positive,3,4075.6666666666665,192.66666666666666,0.10978084907779768,0.02866055488195828,0.0070606982348790015,0.254073564370547,True
full,1,2,eu-locality-048,cap_aux_scaled,all,3,8058.0,192.66666666666666,0.05562153580725926,0.014502373725201474,0.0008417617713876811,0.06481718165816884,True
full,1,2,eu-locality-048,cap_aux_scaled,envelope_positive,3,4075.6666666666665,192.66666666666666,0.11005145143682503,0.02866055488195828,0.0016702049051135189,0.06481718165816884,True
full,1,2,eu-locality-048,cost_only_mass,all,3,8058.0,192.66666666666666,0.05611934521589614,0.014502373725201474,0.013993827967008968,1.0205556734254886,True
full,1,2,eu-locality-048,cost_only_mass,envelope_positive,3,4075.6666666666665,192.66666666666666,0.11103915038682262,0.02866055488195828,0.02777309784487934,1.0205556734254888,True
full,1,2,eu-locality-048,cost_only_raw,all,3,8058.0,192.66666666666666,0.05548634148530602,0.014502373725201474,0.0032627552884213645,0.23147920666373678,True
full,1,2,eu-locality-048,cost_only_raw,envelope_positive,3,4075.6666666666665,192.66666666666666,0.10978257819160957,0.02866055488195828,0.006485182724391996,0.2314792066637368,True
full,1,2,eu-locality-048,cost_only_scaled,all,3,8058.0,192.66666666666666,0.055626853409223874,0.014502373725201474,0.000636982423497808,0.04800495037986024,True
full,1,2,eu-locality-048,cost_only_scaled,envelope_positive,3,4075.6666666666665,192.66666666666666,0.11006194346653808,0.02866055488195828,0.001264644337193033,0.04800495037986024,True
full,1,2,eu-locality-048,shuffled_aux_mass,all,3,8058.0,192.66666666666666,0.05630294430199937,0.014502373725201474,0.013572477147742729,0.9835847145905277,True
full,1,2,eu-locality-048,shuffled_aux_mass,envelope_positive,3,4075.6666666666665,192.66666666666666,0.11140337357777826,0.02866055488195828,0.02694642376568626,0.9835847145905277,True
full,1,2,eu-locality-048,shuffled_aux_raw,all,3,8058.0,192.66666666666666,0.05551478249506955,0.014502373725201474,0.0034765541997096943,0.24523354786517637,True
full,1,2,eu-locality-048,shuffled_aux_raw,envelope_positive,3,4075.6666666666665,192.66666666666666,0.10983899408094311,0.02866055488195828,0.0069123388465507475,0.2452335478651764,True
full,1,2,eu-locality-048,shuffled_aux_scaled,all,3,8058.0,192.66666666666666,0.05562568791357758,0.014502373725201474,0.0006792483814114349,0.05000816593164612,True
full,1,2,eu-locality-048,shuffled_aux_scaled,envelope_positive,3,4075.6666666666665,192.66666666666666,0.11005955918682786,0.02866055488195828,0.001349599575042935,0.05000816593164612,True
full,1,2,eu-locality-067,cap_aux_mass,all,3,6903.0,122.66666666666667,0.045643274779747896,0.006231863088287552,0.043449522423772126,7.047765505704248,True
full,1,2,eu-locality-067,cap_aux_mass,envelope_positive,3,3270.3333333333335,122.66666666666667,0.09592045861406201,0.013155993477406517,0.09213828481548035,7.047765505704248,True
full,1,2,eu-locality-067,cap_aux_raw,all,3,6903.0,122.66666666666667,0.012918230638224866,0.006231863088287552,0.00860139716453464,1.3902378120580259,True
full,1,2,eu-locality-067,cap_aux_raw,envelope_positive,3,3270.3333333333335,122.66666666666667,0.027309987864280637,0.013155993477406517,0.01835609860898889,1.3902378120580259,True
full,1,2,eu-locality-067,cap_aux_scaled,all,3,6903.0,122.66666666666667,0.011398686999838358,0.006231863088287552,0.0012324245054943198,0.19893487082998554,True
full,1,2,eu-locality-067,cap_aux_scaled,envelope_positive,3,3270.3333333333335,122.66666666666667,0.024091075922475603,0.013155993477406517,0.002650194704603986,0.19893487082998554,True
full,1,2,eu-locality-067,cost_only_mass,all,3,6903.0,122.66666666666667,0.042933075962435875,0.006231863088287552,0.04454010924115658,7.229353883314219,True
full,1,2,eu-locality-067,cost_only_mass,envelope_positive,3,3270.3333333333335,122.66666666666667,0.09061194540486267,0.013155993477406517,0.09459839390834308,7.229353883314221,True
full,1,2,eu-locality-067,cost_only_raw,all,3,6903.0,122.66666666666667,0.012710451317572329,0.006231863088287552,0.00850112935441306,1.3752153044112891,True
full,1,2,eu-locality-067,cost_only_raw,envelope_positive,3,3270.3333333333335,122.66666666666667,0.026869569173592688,0.013155993477406517,0.01814244941030602,1.3752153044112891,True
full,1,2,eu-locality-067,cost_only_scaled,all,3,6903.0,122.66666666666667,0.011380689185810184,0.006231863088287552,0.0008627375515850489,0.1391399069643536,True
full,1,2,eu-locality-067,cost_only_scaled,envelope_positive,3,3270.3333333333335,122.66666666666667,0.024051702165837224,0.013155993477406517,0.0018368868608090825,0.1391399069643536,True
full,1,2,eu-locality-067,shuffled_aux_mass,all,3,6903.0,122.66666666666667,0.03875744264746187,0.006231863088287552,0.03987989018983705,6.47788861724419,True
full,1,2,eu-locality-067,shuffled_aux_mass,envelope_positive,3,3270.3333333333335,122.66666666666667,0.08169581225362421,0.013155993477406517,0.08474951464740327,6.477888617244191,True
full,1,2,eu-locality-067,shuffled_aux_raw,all,3,6903.0,122.66666666666667,0.012504844613748256,0.006231863088287552,0.007759593163569989,1.2554178587516402,True
full,1,2,eu-locality-067,shuffled_aux_raw,envelope_positive,3,3270.3333333333335,122.66666666666667,0.026421614144487692,0.013155993477406517,0.01656862791628569,1.25541785875164,True
full,1,2,eu-locality-067,shuffled_aux_scaled,all,3,6903.0,122.66666666666667,0.011384913401907315,0.006231863088287552,0.0009145212954375677,0.1473743658033184,True
full,1,2,eu-locality-067,shuffled_aux_scaled,envelope_positive,3,3270.3333333333335,122.66666666666667,0.024061038194577566,0.013155993477406517,0.0019642437921135653,0.1473743658033184,True
full,2,0,eu-locality-074,cap_aux_mass,all,3,102348.0,2021.6666666666667,0.023919270175072522,0.012082614473450425,0.014611791682803682,1.1366732750727653,True
full,2,0,eu-locality-074,cap_aux_mass,envelope_positive,3,42672.666666666664,2021.6666666666667,0.056901844093194376,0.028744798640810542,0.034138429868853834,1.1366732750727653,True
full,2,0,eu-locality-074,cap_aux_raw,all,3,102348.0,2021.6666666666667,0.0201710305373772,0.012082614473450425,0.007636354185144051,0.6015553131967596,True
full,2,0,eu-locality-074,cap_aux_raw,envelope_positive,3,42672.666666666664,2021.6666666666667,0.04820401151245709,0.028744798640810542,0.017922027525641804,0.6015553131967596,True
full,2,0,eu-locality-074,cap_aux_scaled,all,3,102348.0,2021.6666666666667,0.018649795174489583,0.012082614473450425,0.003688101945653742,0.27771555840116385,True
full,2,0,eu-locality-074,cap_aux_scaled,envelope_positive,3,42672.666666666664,2021.6666666666667,0.0446148314815768,0.028744798640810542,0.008571573517583678,0.27771555840116385,True
full,2,0,eu-locality-074,cost_only_mass,all,3,102348.0,2021.6666666666667,0.024893760236689887,0.012082614473450425,0.01720712185566352,1.3230753604133694,True
full,2,0,eu-locality-074,cost_only_mass,envelope_positive,3,42672.666666666664,2021.6666666666667,0.05913203189115022,0.028744798640810542,0.0401129611761002,1.323075360413369,True
full,2,0,eu-locality-074,cost_only_raw,all,3,102348.0,2021.6666666666667,0.019034217609272795,0.012082614473450425,0.007463575385718907,0.5827290417985656,True
full,2,0,eu-locality-074,cost_only_raw,envelope_positive,3,42672.666666666664,2021.6666666666667,0.0455221280429077,0.028744798640810542,0.017474181534400127,0.5827290417985656,True
full,2,0,eu-locality-074,cost_only_scaled,all,3,102348.0,2021.6666666666667,0.01864321591029155,0.012082614473450425,0.00271602758692366,0.20960024944022826,True
full,2,0,eu-locality-074,cost_only_scaled,envelope_positive,3,42672.666666666664,2021.6666666666667,0.044586455070304946,0.028744798640810542,0.006390529058622505,0.20960024944022826,True
full,2,0,eu-locality-074,shuffled_aux_mass,all,3,102348.0,2021.6666666666667,0.023279073736682015,0.012082614473450425,0.016098490459190276,1.2461530784276225,True
full,2,0,eu-locality-074,shuffled_aux_mass,envelope_positive,3,42672.666666666664,2021.6666666666667,0.05534367687657305,0.028744798640810542,0.03758068833519012,1.2461530784276225,True
full,2,0,eu-locality-074,shuffled_aux_raw,all,3,102348.0,2021.6666666666667,0.018865881500218534,0.012082614473450425,0.007404650309320558,0.5806439005210938,True
full,2,0,eu-locality-074,shuffled_aux_raw,envelope_positive,3,42672.666666666664,2021.6666666666667,0.04512760871512896,0.028744798640810542,0.01735486202185919,0.5806439005210938,True
full,2,0,eu-locality-074,shuffled_aux_scaled,all,3,102348.0,2021.6666666666667,0.018563013416582133,0.012082614473450425,0.0029992733357315777,0.22887949043463016,True
full,2,0,eu-locality-074,shuffled_aux_scaled,envelope_positive,3,42672.666666666664,2021.6666666666667,0.044402766512626334,0.028744798640810542,0.0070191367021611275,0.2288794904346301,True
full,2,0,eu-locality-082,cap_aux_mass,all,3,1368.0,32.666666666666664,0.010243186303902729,0.010461902243471112,0.01101960953125116,1.018525309379261,True
full,2,0,eu-locality-082,cap_aux_mass,envelope_positive,3,262.6666666666667,32.666666666666664,0.050918527105303917,0.05280043529243475,0.05475764213020893,1.018525309379261,True
full,2,0,eu-locality-082,cap_aux_raw,all,3,1368.0,32.666666666666664,0.009936041088660835,0.010461902243471112,0.009549806642711422,0.858523963627416,True
full,2,0,eu-locality-082,cap_aux_raw,envelope_positive,3,262.6666666666667,32.666666666666664,0.04944966545943147,0.05280043529243475,0.046855140061764965,0.8585239636274159,True
full,2,0,eu-locality-082,cap_aux_scaled,all,3,1368.0,32.666666666666664,0.009370321608102455,0.010461902243471112,0.006202934660311426,0.5826741517550934,True
full,2,0,eu-locality-082,cap_aux_scaled,envelope_positive,3,262.6666666666667,32.666666666666664,0.04695213814166516,0.05280043529243475,0.031050888334347434,0.5826741517550935,True
full,2,0,eu-locality-082,cost_only_mass,all,3,1368.0,32.666666666666664,0.009126925469091357,0.010461902243471112,0.007025814008341984,0.6620653796946426,True
full,2,0,eu-locality-082,cost_only_mass,envelope_positive,3,262.6666666666667,32.666666666666664,0.04573863287974123,0.05280043529243475,0.03522519812914597,0.6620653796946426,True
full,2,0,eu-locality-082,cost_only_raw,all,3,1368.0,32.666666666666664,0.009225869542618432,0.010461902243471112,0.005685862797866288,0.5352159205354096,True
full,2,0,eu-locality-082,cost_only_raw,envelope_positive,3,262.6666666666667,32.666666666666664,0.046222957764714245,0.05280043529243475,0.028493028631529565,0.5352159205354096,True
full,2,0,eu-locality-082,cost_only_scaled,all,3,1368.0,32.666666666666664,0.009427194768269363,0.010461902243471112,0.004028936448252517,0.37526599992919674,True
full,2,0,eu-locality-082,cost_only_scaled,envelope_positive,3,262.6666666666667,32.666666666666664,0.04723999740051635,0.05280043529243475,0.02008800603708652,0.3752659999291968,True
full,2,0,eu-locality-082,shuffled_aux_mass,all,3,1368.0,32.666666666666664,0.009402750507660382,0.010461902243471112,0.0066029628411719615,0.6368217209746205,True
full,2,0,eu-locality-082,shuffled_aux_mass,envelope_positive,3,262.6666666666667,32.666666666666664,0.04701567950092892,0.05280043529243475,0.03347076180164988,0.6368217209746206,True
full,2,0,eu-locality-082,shuffled_aux_raw,all,3,1368.0,32.666666666666664,0.009457071651434754,0.010461902243471112,0.005450763606497942,0.5176955097399358,True
full,2,0,eu-locality-082,shuffled_aux_raw,envelope_positive,3,262.6666666666667,32.666666666666664,0.04729664179695054,0.05280043529243475,0.02743188593821221,0.5176955097399359,True
full,2,0,eu-locality-082,shuffled_aux_scaled,all,3,1368.0,32.666666666666664,0.009620768716620575,0.010461902243471112,0.003887065364798488,0.37024332517112835,True
full,2,0,eu-locality-082,shuffled_aux_scaled,envelope_positive,3,262.6666666666667,32.666666666666664,0.04812866821762529,0.05280043529243475,0.01958586088623677,0.37024332517112835,True
full,2,0,eu-locality-112,cap_aux_mass,all,3,5004.0,50.666666666666664,0.009018656381679585,0.0042708777708465465,0.009225379895425571,2.164077722398449,True
full,2,0,eu-locality-112,cap_aux_mass,envelope_positive,3,2226.3333333333335,50.666666666666664,0.020211691582370673,0.009593742153317436,0.020723475572296063,2.164077722398449,True
full,2,0,eu-locality-112,cap_aux_raw,all,3,5004.0,50.666666666666664,0.008620909832546523,0.0042708777708465465,0.009705728943094722,2.3332990763685766,True
full,2,0,eu-locality-112,cap_aux_raw,envelope_positive,3,2226.3333333333335,50.666666666666664,0.01932847424038964,0.009593742153317436,0.02181818486568315,2.333299076368576,True
full,2,0,eu-locality-112,cap_aux_scaled,all,3,5004.0,50.666666666666664,0.006348329580399929,0.0042708777708465465,0.004405315481043645,0.994433934908816,True
full,2,0,eu-locality-112,cap_aux_scaled,envelope_positive,3,2226.3333333333335,50.666666666666664,0.014247466038853471,0.009593742153317436,0.009891085905854332,0.9944339349088164,True
full,2,0,eu-locality-112,cost_only_mass,all,3,5004.0,50.666666666666664,0.006158040585064546,0.0042708777708465465,0.012534158640136179,3.028378241519212,True
full,2,0,eu-locality-112,cost_only_mass,envelope_positive,3,2226.3333333333335,50.666666666666664,0.013834794653248564,0.009593742153317436,0.02818819004192706,3.028378241519212,True
full,2,0,eu-locality-112,cost_only_raw,all,3,5004.0,50.666666666666664,0.00585082562290859,0.0042708777708465465,0.01004874584296863,2.430531426147821,True
full,2,0,eu-locality-112,cost_only_raw,envelope_positive,3,2226.3333333333335,50.666666666666664,0.013142952118214956,0.009593742153317436,0.022598752629050724,2.4305314261478213,True
full,2,0,eu-locality-112,cost_only_scaled,all,3,5004.0,50.666666666666664,0.0056493037673233685,0.0042708777708465465,0.007004055439525796,1.7014450047253662,True
full,2,0,eu-locality-112,cost_only_scaled,envelope_positive,3,2226.3333333333335,50.666666666666664,0.012688251545423695,0.009593742153317436,0.015758652437216813,1.7014450047253662,True
full,2,0,eu-locality-112,shuffled_aux_mass,all,3,5004.0,50.666666666666664,0.006188247458052004,0.0042708777708465465,0.012816392379748883,3.081566077822961,True
full,2,0,eu-locality-112,shuffled_aux_mass,envelope_positive,3,2226.3333333333335,50.666666666666664,0.013902785629437772,0.009593742153317436,0.02882507290913083,3.0815660778229605,True
full,2,0,eu-locality-112,shuffled_aux_raw,all,3,5004.0,50.666666666666664,0.005909540941782522,0.0042708777708465465,0.01044146721010991,2.5318620742300038,True
full,2,0,eu-locality-112,shuffled_aux_raw,envelope_positive,3,2226.3333333333335,50.666666666666664,0.013275486418878713,0.009593742153317436,0.02348586145858736,2.531862074230004,True
full,2,0,eu-locality-112,shuffled_aux_scaled,all,3,5004.0,50.666666666666664,0.005791811413772105,0.0042708777708465465,0.008446691273218362,2.046939598413324,True
full,2,0,eu-locality-112,shuffled_aux_scaled,envelope_positive,3,2226.3333333333335,50.666666666666664,0.01300940769609855,0.009593742153317436,0.018997731154143386,2.0469395984133247,True
full,2,0,eu-locality-126,cap_aux_mass,all,3,5790.0,311.0,0.014038870513634435,0.02158090685876991,0.022818843556826823,1.1220805489313406,True
full,2,0,eu-locality-126,cap_aux_mass,envelope_positive,3,2311.3333333333335,311.0,0.034932025603504016,0.053830217777258806,0.0569753540201158,1.1220805489313406,True
full,2,0,eu-locality-126,cap_aux_raw,all,3,5790.0,311.0,0.014106792734966282,0.02158090685876991,0.015013982021108102,0.7490960040669749,True
full,2,0,eu-locality-126,cap_aux_raw,envelope_positive,3,2311.3333333333335,311.0,0.03508009735468757,0.053830217777258806,0.03756050202768032,0.7490960040669746,True
full,2,0,eu-locality-126,cap_aux_scaled,all,3,5790.0,311.0,0.01584299029352329,0.02158090685876991,0.004155175426753996,0.18752164267520746,True
full,2,0,eu-locality-126,cap_aux_scaled,envelope_positive,3,2311.3333333333335,311.0,0.03937294757424972,0.053830217777258806,0.010472128370605965,0.18752164267520743,True
full,2,0,eu-locality-126,cost_only_mass,all,3,5790.0,311.0,0.014055177577671522,0.02158090685876991,0.02112486284212565,1.0222185565792086,True
full,2,0,eu-locality-126,cost_only_mass,envelope_positive,3,2311.3333333333335,311.0,0.03498481466169683,0.053830217777258806,0.05271825195312208,1.0222185565792086,True
full,2,0,eu-locality-126,cost_only_raw,all,3,5790.0,311.0,0.014375845820156857,0.02158090685876991,0.013517499316842591,0.6609675902698143,True
full,2,0,eu-locality-126,cost_only_raw,envelope_positive,3,2311.3333333333335,311.0,0.03576956590128882,0.053830217777258806,0.03374778384363459,0.6609675902698143,True
full,2,0,eu-locality-126,cost_only_scaled,all,3,5790.0,311.0,0.01606800938777075,0.02158090685876991,0.003744856629811493,0.1685272156864025,True
full,2,0,eu-locality-126,cost_only_scaled,envelope_positive,3,2311.3333333333335,311.0,0.03993122995920443,0.053830217777258806,0.009471878300686966,0.1685272156864025,True
full,2,0,eu-locality-126,shuffled_aux_mass,all,3,5790.0,311.0,0.014021160432115626,0.02158090685876991,0.021218689682762772,1.0261730867158039,True
full,2,0,eu-locality-126,shuffled_aux_mass,envelope_positive,3,2311.3333333333335,311.0,0.034896458720222984,0.053830217777258806,0.05295451801799945,1.0261730867158037,True
full,2,0,eu-locality-126,shuffled_aux_raw,all,3,5790.0,311.0,0.014395315252398457,0.02158090685876991,0.013434077587121701,0.6599932238453552,True
full,2,0,eu-locality-126,shuffled_aux_raw,envelope_positive,3,2311.3333333333335,311.0,0.03581133559232278,0.053830217777258806,0.033562313655932687,0.6599932238453552,True
full,2,0,eu-locality-126,shuffled_aux_scaled,all,3,5790.0,311.0,0.016280847803380946,0.02158090685876991,0.002943260003526488,0.13377518172885844,True
full,2,0,eu-locality-126,shuffled_aux_scaled,envelope_positive,3,2311.3333333333335,311.0,0.04046710132532513,0.053830217777258806,0.007444620001476503,0.13377518172885844,True
full,2,1,eu-locality-007,cap_aux_mass,all,3,5526.0,234.66666666666666,0.018115569714377024,0.01701727211461347,0.010717703045569788,0.6288744786379992,True
full,2,1,eu-locality-007,cap_aux_mass,envelope_positive,3,2013.0,234.66666666666666,0.05003634517654359,0.04678218911029806,0.029506705077745898,0.6288744786379992,True
full,2,1,eu-locality-007,cap_aux_raw,all,3,5526.0,234.66666666666666,0.0181533444428004,0.01701727211461347,0.011649731020722602,0.6854075451011367,True
full,2,1,eu-locality-007,cap_aux_raw,envelope_positive,3,2013.0,234.66666666666666,0.050145897632031346,0.04678218911029806,0.03203715379464651,0.6854075451011367,True
full,2,1,eu-locality-007,cap_aux_scaled,all,3,5526.0,234.66666666666666,0.0197339521550317,0.01701727211461347,0.001846916810093896,0.11004565522320446,True
full,2,1,eu-locality-007,cap_aux_scaled,envelope_positive,3,2013.0,234.66666666666666,0.05449991915392191,0.04678218911029806,0.005010011458804892,0.11004565522320446,True
full,2,1,eu-locality-007,cost_only_mass,all,3,5526.0,234.66666666666666,0.01825162750152726,0.01701727211461347,0.011144554443126849,0.6532135465616458,True
full,2,1,eu-locality-007,cost_only_mass,envelope_positive,3,2013.0,234.66666666666666,0.05041096384951386,0.04678218911029806,0.03068837829190198,0.6532135465616457,True
full,2,1,eu-locality-007,cost_only_raw,all,3,5526.0,234.66666666666666,0.01831162563848707,0.01701727211461347,0.011756859042219348,0.6909754666236351,True
full,2,1,eu-locality-007,cost_only_raw,envelope_positive,3,2013.0,234.66666666666666,0.05058231581101513,0.04678218911029806,0.032364167511533926,0.6909754666236351,True
full,2,1,eu-locality-007,cost_only_scaled,all,3,5526.0,234.66666666666666,0.019971390512056503,0.01701727211461347,0.001311365287017428,0.07751643200740004,True
full,2,1,eu-locality-007,cost_only_scaled,envelope_positive,3,2013.0,234.66666666666666,0.055149066015574545,0.04678218911029806,0.0035501030220595306,0.07751643200740005,True
full,2,1,eu-locality-007,shuffled_aux_mass,all,3,5526.0,234.66666666666666,0.01825069465021988,0.01701727211461347,0.01091684601173932,0.6396334418445809,True
full,2,1,eu-locality-007,shuffled_aux_mass,envelope_positive,3,2013.0,234.66666666666666,0.050403976229232705,0.04678218911029806,0.03004584437739956,0.6396334418445809,True
full,2,1,eu-locality-007,shuffled_aux_raw,all,3,5526.0,234.66666666666666,0.01827791226869882,0.01701727211461347,0.011393732397811959,0.6695387419081684,True
full,2,1,eu-locality-007,shuffled_aux_raw,envelope_positive,3,2013.0,234.66666666666666,0.05048261794326612,0.04678218911029806,0.031345074480826386,0.6695387419081684,True
full,2,1,eu-locality-007,shuffled_aux_scaled,all,3,5526.0,234.66666666666666,0.019973885422282855,0.01701727211461347,0.001447654475329323,0.08451166524209773,True
full,2,1,eu-locality-007,shuffled_aux_scaled,envelope_positive,3,2013.0,234.66666666666666,0.055151230965218734,0.04678218911029806,0.003939699730945322,0.0845116652420977,True
full,2,1,eu-locality-110,cap_aux_mass,all,3,8550.0,215.66666666666666,0.009183393611001905,0.012534683692832256,0.009221876759350127,0.8528741588557215,True
full,2,1,eu-locality-110,cap_aux_mass,envelope_positive,3,3724.0,215.66666666666666,0.020465240779392737,0.027792539599401103,0.02070745456329356,0.8528741588557217,True
full,2,1,eu-locality-110,cap_aux_raw,all,3,8550.0,215.66666666666666,0.009078212887800302,0.012534683692832256,0.00857216616987822,0.7663488134886377,True
full,2,1,eu-locality-110,cap_aux_raw,envelope_positive,3,3724.0,215.66666666666666,0.020185968369677204,0.027792539599401103,0.019189860195483643,0.7663488134886379,True
full,2,1,eu-locality-110,cap_aux_scaled,all,3,8550.0,215.66666666666666,0.009214174929365047,0.012534683692832256,0.003938912511733126,0.370813320742218,True
full,2,1,eu-locality-110,cap_aux_scaled,envelope_positive,3,3724.0,215.66666666666666,0.020433157671184223,0.027792539599401103,0.008859832848536586,0.37081332074221796,True
full,2,1,eu-locality-110,cost_only_mass,all,3,8550.0,215.66666666666666,0.007948441363770485,0.012534683692832256,0.009153924881975807,0.8108689267631656,True
full,2,1,eu-locality-110,cost_only_mass,envelope_positive,3,3724.0,215.66666666666666,0.01764588409658836,0.027792539599401103,0.020475610787227972,0.8108689267631656,True
full,2,1,eu-locality-110,cost_only_raw,all,3,8550.0,215.66666666666666,0.008051086852283604,0.012534683692832256,0.00797412651416395,0.6884024296554775,True
full,2,1,eu-locality-110,cost_only_raw,envelope_positive,3,3724.0,215.66666666666666,0.017860966913187885,0.027792539599401103,0.01779650753363654,0.6884024296554777,True
full,2,1,eu-locality-110,cost_only_scaled,all,3,8550.0,215.66666666666666,0.008882991190294674,0.012534683692832256,0.004196508817901265,0.37582105082577494,True
full,2,1,eu-locality-110,cost_only_scaled,envelope_positive,3,3724.0,215.66666666666666,0.019681397137521896,0.027792539599401103,0.00939616732412613,0.37582105082577494,True
full,2,1,eu-locality-110,shuffled_aux_mass,all,3,8550.0,215.66666666666666,0.007969549395202205,0.012534683692832256,0.009231927291571993,0.8261346231871699,True
full,2,1,eu-locality-110,shuffled_aux_mass,envelope_positive,3,3724.0,215.66666666666666,0.01769704906177122,0.027792539599401103,0.02066848048739014,0.8261346231871699,True
full,2,1,eu-locality-110,shuffled_aux_raw,all,3,8550.0,215.66666666666666,0.008040157752117605,0.012534683692832256,0.008191103246752898,0.7086805348301722,True
full,2,1,eu-locality-110,shuffled_aux_raw,envelope_positive,3,3724.0,215.66666666666666,0.01784167507402575,0.027792539599401103,0.018284230312705596,0.7086805348301722,True
full,2,1,eu-locality-110,shuffled_aux_scaled,all,3,8550.0,215.66666666666666,0.008821775257071549,0.012534683692832256,0.004613888012168143,0.4184622595018963,True
full,2,1,eu-locality-110,shuffled_aux_scaled,envelope_positive,3,3724.0,215.66666666666666,0.019545755988301234,0.027792539599401103,0.010342126555046816,0.41846225950189636,True
full,2,1,eu-locality-119,cap_aux_mass,all,3,5639.0,136.66666666666666,0.014620947200776882,0.01181275300644277,0.018508470433378187,1.5391633034130656,True
full,2,1,eu-locality-119,cap_aux_mass,envelope_positive,3,2113.6666666666665,136.66666666666666,0.0387686186750665,0.03143324659406698,0.04895589710431769,1.5391633034130656,True
full,2,1,eu-locality-119,cap_aux_raw,all,3,5639.0,136.66666666666666,0.013627199113008595,0.01181275300644277,0.015573974044432672,1.2851046414588243,True
full,2,1,eu-locality-119,cap_aux_raw,envelope_positive,3,2113.6666666666665,136.66666666666666,0.03610157629404793,0.03143324659406698,0.041028302682368734,1.2851046414588245,True
full,2,1,eu-locality-119,cap_aux_scaled,all,3,5639.0,136.66666666666666,0.0124771839269849,0.01181275300644277,0.008838675480557645,0.7246880417093821,True
full,2,1,eu-locality-119,cap_aux_scaled,envelope_positive,3,2113.6666666666665,136.66666666666666,0.03313322360051438,0.03143324659406698,0.02307688418777255,0.7246880417093822,True
full,2,1,eu-locality-119,cost_only_mass,all,3,5639.0,136.66666666666666,0.014667498906410574,0.01181275300644277,0.019155443830310228,1.6012939962636483,True
full,2,1,eu-locality-119,cost_only_mass,envelope_positive,3,2113.6666666666665,136.66666666666666,0.03889773273925517,0.03143324659406698,0.050749897131231146,1.6012939962636483,True
full,2,1,eu-locality-119,cost_only_raw,all,3,5639.0,136.66666666666666,0.01330817813705723,0.01181275300644277,0.015056411456344869,1.2491237676001468,True
full,2,1,eu-locality-119,cost_only_raw,envelope_positive,3,2113.6666666666665,136.66666666666666,0.035293465822577745,0.03143324659406698,0.0397940844868778,1.2491237676001468,True
full,2,1,eu-locality-119,cost_only_scaled,all,3,5639.0,136.66666666666666,0.012550958788182054,0.01181275300644277,0.008409792185305949,0.702576040447958,True
full,2,1,eu-locality-119,cost_only_scaled,envelope_positive,3,2113.6666666666665,136.66666666666666,0.033362500776264105,0.03143324659406698,0.022029204842167468,0.702576040447958,True
full,2,1,eu-locality-119,shuffled_aux_mass,all,3,5639.0,136.66666666666666,0.014659390297808418,0.01181275300644277,0.01905422538741317,1.5880706012108494,True
full,2,1,eu-locality-119,shuffled_aux_mass,envelope_positive,3,2113.6666666666665,136.66666666666666,0.038833266650145644,0.03143324659406698,0.05042181694035989,1.5880706012108494,True
full,2,1,eu-locality-119,shuffled_aux_raw,all,3,5639.0,136.66666666666666,0.013397732869055809,0.01181275300644277,0.015223077326824236,1.2592305173883764,True
full,2,1,eu-locality-119,shuffled_aux_raw,envelope_positive,3,2113.6666666666665,136.66666666666666,0.03549239883276736,0.03143324659406698,0.04016215797155719,1.2592305173883764,True
full,2,1,eu-locality-119,shuffled_aux_scaled,all,3,5639.0,136.66666666666666,0.012425894157578716,0.01181275300644277,0.00608769536834395,0.524193010431872,True
full,2,1,eu-locality-119,shuffled_aux_scaled,envelope_positive,3,2113.6666666666665,136.66666666666666,0.03303374461703716,0.03143324659406698,0.016186814319066885,0.524193010431872,True
full,2,1,eu-locality-124,cap_aux_mass,all,3,3550.0,65.33333333333333,0.013565007334072286,0.008145727018460648,0.012297314418568553,1.4847575469386551,True
full,2,1,eu-locality-124,cap_aux_mass,envelope_positive,3,1211.6666666666667,65.33333333333333,0.041047187071917554,0.02378481513133085,0.03571413512371113,1.4847575469386551,True
full,2,1,eu-locality-124,cap_aux_raw,all,3,3550.0,65.33333333333333,0.011496672745189044,0.008145727018460648,0.011351068433247144,1.3546227385733003,True
full,2,1,eu-locality-124,cap_aux_raw,envelope_positive,3,1211.6666666666667,65.33333333333333,0.0346688184149977,0.02378481513133085,0.03289375977704361,1.3546227385733003,True
full,2,1,eu-locality-124,cap_aux_scaled,all,3,3550.0,65.33333333333333,0.008179599999231861,0.008145727018460648,0.0058354547291857425,0.6999996888787083,True
full,2,1,eu-locality-124,cap_aux_scaled,envelope_positive,3,1211.6666666666667,65.33333333333333,0.024505917183660412,0.02378481513133085,0.016948182126108487,0.6999996888787083,True
full,2,1,eu-locality-124,cost_only_mass,all,3,3550.0,65.33333333333333,0.008590570580054392,0.008145727018460648,0.012683256653913996,1.539759296676032,True
full,2,1,eu-locality-124,cost_only_mass,envelope_positive,3,1211.6666666666667,65.33333333333333,0.025490278095414227,0.02378481513133085,0.0368956345492891,1.539759296676032,True
full,2,1,eu-locality-124,cost_only_raw,all,3,3550.0,65.33333333333333,0.007858467716389705,0.008145727018460648,0.011325651506633337,1.357974997588343,True
full,2,1,eu-locality-124,cost_only_raw,envelope_positive,3,1211.6666666666667,65.33333333333333,0.02331264215217303,0.02378481513133085,0.03286621275934328,1.357974997588343,True
full,2,1,eu-locality-124,cost_only_scaled,all,3,3550.0,65.33333333333333,0.00700315811684726,0.008145727018460648,0.007296201312686784,0.873541919523022,True
full,2,1,eu-locality-124,cost_only_scaled,envelope_positive,3,1211.6666666666667,65.33333333333333,0.02080371938426416,0.02378481513133085,0.021181476870356247,0.8735419195230217,True
full,2,1,eu-locality-124,shuffled_aux_mass,all,3,3550.0,65.33333333333333,0.009139800760455272,0.008145727018460648,0.012987652964383554,1.5808644182793163,True
full,2,1,eu-locality-124,shuffled_aux_mass,envelope_positive,3,1211.6666666666667,65.33333333333333,0.027298714505017096,0.02378481513133085,0.037803582329952644,1.5808644182793163,True
full,2,1,eu-locality-124,shuffled_aux_raw,all,3,3550.0,65.33333333333333,0.008221329781197355,0.008145727018460648,0.011568652269140904,1.389651305418413,True
full,2,1,eu-locality-124,shuffled_aux_raw,envelope_positive,3,1211.6666666666667,65.33333333333333,0.024507352653746456,0.02378481513133085,0.033589678978780825,1.389651305418413,True
full,2,1,eu-locality-124,shuffled_aux_scaled,all,3,3550.0,65.33333333333333,0.007132732278837595,0.008145727018460648,0.007412452754056775,0.8912308296819597,True
full,2,1,eu-locality-124,shuffled_aux_scaled,envelope_positive,3,1211.6666666666667,65.33333333333333,0.021248578233065155,0.02378481513133085,0.021539446017013315,0.8912308296819594,True
motion_only,0,1,eu-locality-007,cap_aux_mass,all,3,5526.0,26.333333333333332,0.012229186803882526,0.004323247131902353,0.0022124032263488706,0.505136809375184,True
motion_only,0,1,eu-locality-007,cap_aux_mass,envelope_positive,3,1338.6666666666667,26.333333333333332,0.05040140976139237,0.017801111388842935,0.009090380997857273,0.505136809375184,True
motion_only,0,1,eu-locality-007,cap_aux_raw,all,3,5526.0,26.333333333333332,0.011987871613229535,0.004323247131902353,0.0011136725272991698,0.25710885190792115,True
motion_only,0,1,eu-locality-007,cap_aux_raw,envelope_positive,3,1338.6666666666667,26.333333333333332,0.04942413016841807,0.017801111388842935,0.004588560010312182,0.2571088519079211,True
motion_only,0,1,eu-locality-007,cap_aux_scaled,all,3,5526.0,26.333333333333332,0.01193843594994138,0.004323247131902353,5.491257998895549e-05,0.01256024046406863,True
motion_only,0,1,eu-locality-007,cap_aux_scaled,envelope_positive,3,1338.6666666666667,26.333333333333332,0.04922388779514538,0.017801111388842935,0.00022589590897513162,0.012560240464068631,True
motion_only,0,1,eu-locality-007,cost_only_mass,all,3,5526.0,26.333333333333332,0.012248515615971628,0.004323247131902353,0.002793888533233667,0.6375761735964461,True
motion_only,0,1,eu-locality-007,cost_only_mass,envelope_positive,3,1338.6666666666667,26.333333333333332,0.050480131107684977,0.017801111388842935,0.011481600182736843,0.6375761735964464,True
motion_only,0,1,eu-locality-007,cost_only_raw,all,3,5526.0,26.333333333333332,0.011973350380540489,0.004323247131902353,0.001246013010622162,0.2857260751142157,True
motion_only,0,1,eu-locality-007,cost_only_raw,envelope_positive,3,1338.6666666666667,26.333333333333332,0.04936276880444238,0.017801111388842935,0.005125177234499015,0.2857260751142157,True
motion_only,0,1,eu-locality-007,cost_only_scaled,all,3,5526.0,26.333333333333332,0.011936682106054725,0.004323247131902353,8.648183395554981e-05,0.019829678895179535,True
motion_only,0,1,eu-locality-007,cost_only_scaled,envelope_positive,3,1338.6666666666667,26.333333333333332,0.04921660056603162,0.017801111388842935,0.0003560059666968786,0.01982967889517954,True
motion_only,0,1,eu-locality-007,shuffled_aux_mass,all,3,5526.0,26.333333333333332,0.012165163370476692,0.004323247131902353,0.0026318758648481207,0.6084928776429167,True
motion_only,0,1,eu-locality-007,shuffled_aux_mass,envelope_positive,3,1338.6666666666667,26.333333333333332,0.050151339097941366,0.017801111388842935,0.010852872833216745,0.6084928776429167,True
motion_only,0,1,eu-locality-007,shuffled_aux_raw,all,3,5526.0,26.333333333333332,0.011954915118806522,0.004323247131902353,0.001088674892548858,0.2520345180698062,True
motion_only,0,1,eu-locality-007,shuffled_aux_raw,envelope_positive,3,1338.6666666666667,26.333333333333332,0.049289384802383214,0.017801111388842935,0.004488530175482449,0.25203451806980626,True
motion_only,0,1,eu-locality-007,shuffled_aux_scaled,all,3,5526.0,26.333333333333332,0.011936737025647908,0.004323247131902353,9.278185451706844e-05,0.021455596746836572,True
motion_only,0,1,eu-locality-007,shuffled_aux_scaled,envelope_positive,3,1338.6666666666667,26.333333333333332,0.04921683276716543,0.017801111388842935,0.00038273584105340334,0.021455596746836576,True
motion_only,0,1,eu-locality-110,cap_aux_mass,all,3,8550.0,1.3333333333333333,0.0009535912154286982,2.5331900313156147e-06,0.0068605358030103146,2829.3385309283663,True
motion_only,0,1,eu-locality-110,cap_aux_mass,envelope_positive,3,2062.6666666666665,1.3333333333333333,0.00397575020795328,1.0546102677357582e-05,0.028403828262040475,2829.3385309283663,True
motion_only,0,1,eu-locality-110,cap_aux_raw,all,3,8550.0,1.3333333333333333,7.494119925490113e-05,2.5331900313156147e-06,0.0019127432737230006,788.0243622464001,True
motion_only,0,1,eu-locality-110,cap_aux_raw,envelope_positive,3,2062.6666666666665,1.3333333333333333,0.0003126539688045863,1.0546102677357582e-05,0.007925337798510098,788.0243622464003,True
motion_only,0,1,eu-locality-110,cap_aux_scaled,all,3,8550.0,1.3333333333333333,4.21354963784218e-06,2.5331900313156147e-06,0.0003331992864110274,144.3027267149429,True
motion_only,0,1,eu-locality-110,cap_aux_scaled,envelope_positive,3,2062.6666666666665,1.3333333333333333,1.6252489373047514e-05,1.0546102677357582e-05,0.0012982638577625396,144.3027267149429,True
motion_only,0,1,eu-locality-110,cost_only_mass,all,3,8550.0,1.3333333333333333,0.0006654623502238126,2.5331900313156147e-06,0.006163868751479386,2508.473892342789,True
motion_only,0,1,eu-locality-110,cost_only_mass,envelope_positive,3,2062.6666666666665,1.3333333333333333,0.0027911634543453384,1.0546102677357582e-05,0.025525028443356346,2508.473892342789,True
motion_only,0,1,eu-locality-110,cost_only_raw,all,3,8550.0,1.3333333333333333,5.234839202792678e-05,2.5331900313156147e-06,0.0017384656070532608,706.531705483662,True
motion_only,0,1,eu-locality-110,cost_only_raw,envelope_positive,3,2062.6666666666665,1.3333333333333333,0.00021908979789679118,1.0546102677357582e-05,0.007192435972585748,706.531705483662,True
motion_only,0,1,eu-locality-110,cost_only_scaled,all,3,8550.0,1.3333333333333333,2.6474239465154756e-06,2.5331900313156147e-06,0.00030695389715857996,132.31980734382753,True
motion_only,0,1,eu-locality-110,cost_only_scaled,envelope_positive,3,2062.6666666666665,1.3333333333333333,1.0234834022645345e-05,1.0546102677357582e-05,0.001202119995172072,132.31980734382753,True
motion_only,0,1,eu-locality-110,shuffled_aux_mass,all,3,8550.0,1.3333333333333333,0.0007674692333371945,2.5331900313156147e-06,0.006601758074241374,2700.334532149067,True
motion_only,0,1,eu-locality-110,shuffled_aux_mass,envelope_positive,3,2062.6666666666665,1.3333333333333333,0.0031966899942125573,1.0546102677357582e-05,0.027237869833365794,2700.3345321490665,True
motion_only,0,1,eu-locality-110,shuffled_aux_raw,all,3,8550.0,1.3333333333333333,5.608035897091684e-05,2.5331900313156147e-06,0.0017780378084371606,722.903061028077,True
motion_only,0,1,eu-locality-110,shuffled_aux_raw,envelope_positive,3,2062.6666666666665,1.3333333333333333,0.00023435224447254294,1.0546102677357582e-05,0.007351143058720806,722.903061028077,True
motion_only,0,1,eu-locality-110,shuffled_aux_scaled,all,3,8550.0,1.3333333333333333,2.0258327595779654e-06,2.5331900313156147e-06,0.0002761543704714094,118.41263745821108,True
motion_only,0,1,eu-locality-110,shuffled_aux_scaled,envelope_positive,3,2062.6666666666665,1.3333333333333333,7.84261373059957e-06,1.0546102677357582e-05,0.001084018307719789,118.41263745821111,True
motion_only,0,1,eu-locality-119,cap_aux_mass,all,3,5639.0,49.0,0.020171089245066876,0.007471975568617876,0.0025186155944831663,0.3567106310662458,True
motion_only,0,1,eu-locality-119,cap_aux_mass,envelope_positive,3,1898.3333333333333,49.0,0.05945984459446554,0.022100710364086607,0.0075366418106622935,0.35671063106624573,True
motion_only,0,1,eu-locality-119,cap_aux_raw,all,3,5639.0,49.0,0.0199046947898186,0.007471975568617876,0.0003261781413032099,0.04623535278437584,True
motion_only,0,1,eu-locality-119,cap_aux_raw,envelope_positive,3,1898.3333333333333,49.0,0.05866238460782792,0.022100710364086607,0.0009762454831566091,0.04623535278437584,True
motion_only,0,1,eu-locality-119,cap_aux_scaled,all,3,5639.0,49.0,0.01990836282691995,0.007471975568617876,7.317499878768278e-05,0.01029445116498434,True
motion_only,0,1,eu-locality-119,cap_aux_scaled,envelope_positive,3,1898.3333333333333,49.0,0.05867343261053079,0.022100710364086607,0.00021834339660983064,0.01029445116498434,True
motion_only,0,1,eu-locality-119,cost_only_mass,all,3,5639.0,49.0,0.020144386951736055,0.007471975568617876,0.004107377016499023,0.6093175216152508,True
motion_only,0,1,eu-locality-119,cost_only_mass,envelope_positive,3,1898.3333333333333,49.0,0.059405692321528446,0.022100710364086607,0.012399416634420188,0.6093175216152507,True
motion_only,0,1,eu-locality-119,cost_only_raw,all,3,5639.0,49.0,0.01988762270176102,0.007471975568617876,0.000526417416464882,0.07840572668480156,True
motion_only,0,1,eu-locality-119,cost_only_raw,envelope_positive,3,1898.3333333333333,49.0,0.058611132565555245,0.022100710364086607,0.0015904134861855941,0.07840572668480154,True
motion_only,0,1,eu-locality-119,cost_only_scaled,all,3,5639.0,49.0,0.0198946080964456,0.007471975568617876,0.0004631865093896288,0.07433974115491539,True
motion_only,0,1,eu-locality-119,cost_only_scaled,envelope_positive,3,1898.3333333333333,49.0,0.05863126296454857,0.022100710364086607,0.0014201622850788858,0.07433974115491539,True
motion_only,0,1,eu-locality-119,shuffled_aux_mass,all,3,5639.0,49.0,0.020195752074336052,0.007471975568617876,0.004353750359383077,0.6441337513231559,True
motion_only,0,1,eu-locality-119,shuffled_aux_mass,envelope_positive,3,1898.3333333333333,49.0,0.059549692020399246,0.022100710364086607,0.013137967704716673,0.6441337513231558,True
motion_only,0,1,eu-locality-119,shuffled_aux_raw,all,3,5639.0,49.0,0.01988639713161829,0.007471975568617876,0.0005539597244850033,0.08219501483290588,True
motion_only,0,1,eu-locality-119,shuffled_aux_raw,envelope_positive,3,1898.3333333333333,49.0,0.05860645316604781,0.022100710364086607,0.0016725869708098492,0.08219501483290587,True
motion_only,0,1,eu-locality-119,shuffled_aux_scaled,all,3,5639.0,49.0,0.01988827208991449,0.007471975568617876,0.0005007828184380893,0.07958203070831578,True
motion_only,0,1,eu-locality-119,shuffled_aux_scaled,envelope_positive,3,1898.3333333333333,49.0,0.058611478391129256,0.022100710364086607,0.0015327893269848417,0.07958203070831578,True
motion_only,0,1,eu-locality-124,cap_aux_mass,all,3,3550.0,6.333333333333333,0.001090111525801564,0.0004711665053220326,0.005481398595721588,11.832138256011573,True
motion_only,0,1,eu-locality-124,cap_aux_mass,envelope_positive,3,792.0,6.333333333333333,0.004892377942717112,0.002115806483596161,0.024569369749843317,11.832138256011573,True
motion_only,0,1,eu-locality-124,cap_aux_raw,all,3,3550.0,6.333333333333333,0.00038116352242561526,0.0004711665053220326,0.0015250012595381037,3.3212615261160288,True
motion_only,0,1,eu-locality-124,cap_aux_raw,envelope_positive,3,792.0,6.333333333333333,0.0017081515437727868,0.002115806483596161,0.006816935300373142,3.3212615261160288,True
motion_only,0,1,eu-locality-124,cap_aux_scaled,all,3,3550.0,6.333333333333333,0.0003289621883434103,0.0004711665053220326,9.414074792740148e-05,0.2005930034502222,True
motion_only,0,1,eu-locality-124,cap_aux_scaled,envelope_positive,3,792.0,6.333333333333333,0.0014753570721021882,0.002115806483596161,0.0004202845997924175,0.2005930034502222,True
motion_only,0,1,eu-locality-124,cost_only_mass,all,3,3550.0,6.333333333333333,0.0009437610343223775,0.0004711665053220326,0.004815325153669792,10.171651619395767,True
motion_only,0,1,eu-locality-124,cost_only_mass,envelope_positive,3,792.0,6.333333333333333,0.004257156437411943,0.002115806483596161,0.021673030046850533,10.171651619395767,True
motion_only,0,1,eu-locality-124,cost_only_raw,all,3,3550.0,6.333333333333333,0.00037699619984722085,0.0004711665053220326,0.001488404964222365,3.2093162368917754,True
motion_only,0,1,eu-locality-124,cost_only_raw,envelope_positive,3,792.0,6.333333333333333,0.0016900815061510243,0.002115806483596161,0.0066642461628962915,3.2093162368917754,True
motion_only,0,1,eu-locality-124,cost_only_scaled,all,3,3550.0,6.333333333333333,0.0003290208683538438,0.0004711665053220326,9.264932946700243e-05,0.1994945089380916,True
motion_only,0,1,eu-locality-124,cost_only_scaled,envelope_positive,3,792.0,6.333333333333333,0.0014756177221085746,0.002115806483596161,0.0004131740324474654,0.1994945089380916,True
motion_only,0,1,eu-locality-124,shuffled_aux_mass,all,3,3550.0,6.333333333333333,0.001062084078011144,0.0004711665053220326,0.005295759820127377,11.161426302113847,True
motion_only,0,1,eu-locality-124,shuffled_aux_mass,envelope_positive,3,792.0,6.333333333333333,0.004801830709586733,0.002115806483596161,0.023849806582393853,11.161426302113847,True
motion_only,0,1,eu-locality-124,shuffled_aux_raw,all,3,3550.0,6.333333333333333,0.0003722005647099076,0.0004711665053220326,0.0014818427006946364,3.2028774506701523,True
motion_only,0,1,eu-locality-124,shuffled_aux_raw,envelope_positive,3,792.0,6.333333333333333,0.0016690228720586283,0.002115806483596161,0.006634696676693921,3.2028774506701523,True
motion_only,0,1,eu-locality-124,shuffled_aux_scaled,all,3,3550.0,6.333333333333333,0.0003289287686613189,0.0004711665053220326,9.22421068111607e-05,0.19536477887065015,True
motion_only,0,1,eu-locality-124,shuffled_aux_scaled,envelope_positive,3,792.0,6.333333333333333,0.0014752079398718896,0.002115806483596161,0.00041249823864366117,0.1953647788706501,True
motion_only,0,2,eu-locality-008,cap_aux_mass,all,3,157961.0,570.3333333333334,0.05273853132480699,0.0068038274693441566,0.0029849636627528285,0.4515619923206651,True
motion_only,0,2,eu-locality-008,cap_aux_mass,envelope_positive,3,35818.666666666664,570.3333333333334,0.23255092137146716,0.029906645504611955,0.013257635037808524,0.4515619923206651,True
motion_only,0,2,eu-locality-008,cap_aux_raw,all,3,157961.0,570.3333333333334,0.044578512840431385,0.0068038274693441566,0.00043687867085627166,0.0670285139223633,True
motion_only,0,2,eu-locality-008,cap_aux_raw,envelope_positive,3,35818.666666666664,570.3333333333334,0.1955827647939523,0.029906645504611955,0.0019482351732779245,0.06702851392236331,True
motion_only,0,2,eu-locality-008,cap_aux_scaled,all,3,157961.0,570.3333333333334,0.04404726112985327,0.0068038274693441566,2.121532464072105e-06,0.00032283058143683024,True
motion_only,0,2,eu-locality-008,cap_aux_scaled,envelope_positive,3,35818.666666666664,570.3333333333334,0.19312345713043774,0.029906645504611955,9.393153426647487e-06,0.0003228305814368303,True
motion_only,0,2,eu-locality-008,cost_only_mass,all,3,157961.0,570.3333333333334,0.05205550499777692,0.0068038274693441566,0.0029205764978666054,0.4365460019262329,True
motion_only,0,2,eu-locality-008,cost_only_mass,envelope_positive,3,35818.666666666664,570.3333333333334,0.229107079163433,0.029906645504611955,0.012996418942131946,0.436546001926233,True
motion_only,0,2,eu-locality-008,cost_only_raw,all,3,157961.0,570.3333333333334,0.04424950756075551,0.0068038274693441566,0.00041458015135274257,0.062223630621873104,True
motion_only,0,2,eu-locality-008,cost_only_raw,envelope_positive,3,35818.666666666664,570.3333333333334,0.19403252206948307,0.029906645504611955,0.001847550546148898,0.062223630621873104,True
motion_only,0,2,eu-locality-008,cost_only_scaled,all,3,157961.0,570.3333333333334,0.044047049489810565,0.0068038274693441566,4.342379100381979e-06,0.0006281261956433412,True
motion_only,0,2,eu-locality-008,cost_only_scaled,envelope_positive,3,35818.666666666664,570.3333333333334,0.19312253973228466,0.029906645504611955,1.8904295625730222e-05,0.0006281261956433412,True
motion_only,0,2,eu-locality-008,shuffled_aux_mass,all,3,157961.0,570.3333333333334,0.04915516058086159,0.0068038274693441566,0.001991204946186506,0.3099203000857423,True
motion_only,0,2,eu-locality-008,shuffled_aux_mass,envelope_positive,3,35818.666666666664,570.3333333333334,0.21607818072344562,0.029906645504611955,0.008924466767814736,0.3099203000857423,True
motion_only,0,2,eu-locality-008,shuffled_aux_raw,all,3,157961.0,570.3333333333334,0.044241476626914404,0.0068038274693441566,0.000296095720609318,0.04650366516719596,True
motion_only,0,2,eu-locality-008,shuffled_aux_raw,envelope_positive,3,35818.666666666664,570.3333333333334,0.1940066904320962,0.029906645504611955,0.0013311207314194186,0.04650366516719595,True
motion_only,0,2,eu-locality-008,shuffled_aux_scaled,all,3,157961.0,570.3333333333334,0.04404731476167728,0.0068038274693441566,1.5035117376303488e-06,0.0002244333086018175,True
motion_only,0,2,eu-locality-008,shuffled_aux_scaled,envelope_positive,3,35818.666666666664,570.3333333333334,0.19312369958491557,0.029906645504611955,6.646825438182966e-06,0.0002244333086018175,True
motion_only,0,2,eu-locality-020,cap_aux_mass,all,3,1225.0,9.666666666666666,0.07024736713526462,0.016167123448091594,0.0002060417312326448,0.013290020034326014,True
motion_only,0,2,eu-locality-020,cap_aux_mass,envelope_positive,3,79.66666666666667,9.666666666666666,1.064889362181008,0.24351874169238652,0.003195956028059759,0.013290020034326012,True
motion_only,0,2,eu-locality-020,cap_aux_raw,all,3,1225.0,9.666666666666666,0.07039947078435575,0.016167123448091594,6.354311401764966e-05,0.003911976701323536,True
motion_only,0,2,eu-locality-020,cap_aux_raw,envelope_positive,3,79.66666666666667,9.666666666666666,1.067338595555844,0.24351874169238652,0.0009598726941936348,0.003911976701323536,True
motion_only,0,2,eu-locality-020,cap_aux_scaled,all,3,1225.0,9.666666666666666,0.070395443784957,0.016167123448091594,6.429701230183418e-05,0.003581448427775181,True
motion_only,0,2,eu-locality-020,cap_aux_scaled,envelope_positive,3,79.66666666666667,9.666666666666666,1.0673351691232196,0.24351874169238652,0.000931212502817523,0.003581448427775181,True
motion_only,0,2,eu-locality-020,cost_only_mass,all,3,1225.0,9.666666666666666,0.07025522263264636,0.016167123448091594,0.0001963930238642737,0.012106550497762728,True
motion_only,0,2,eu-locality-020,cost_only_mass,envelope_positive,3,79.66666666666667,9.666666666666666,1.0651036419205189,0.24351874169238652,0.00297578453151757,0.012106550497762726,True
motion_only,0,2,eu-locality-020,cost_only_raw,all,3,1225.0,9.666666666666666,0.0703963350969469,0.016167123448091594,6.415766444786682e-05,0.0039825339441262935,True
motion_only,0,2,eu-locality-020,cost_only_raw,envelope_positive,3,79.66666666666667,9.666666666666666,1.067284919271432,0.24351874169238652,0.0009753998700468354,0.0039825339441262935,True
motion_only,0,2,eu-locality-020,cost_only_scaled,all,3,1225.0,9.666666666666666,0.07040440460484713,0.016167123448091594,5.647535769972166e-05,0.002985306924825935,True
motion_only,0,2,eu-locality-020,cost_only_scaled,envelope_positive,3,79.66666666666667,9.666666666666666,1.0674912233973695,0.24351874169238652,0.0007985418663475239,0.002985306924825936,True
motion_only,0,2,eu-locality-020,shuffled_aux_mass,all,3,1225.0,9.666666666666666,0.07023505896138993,0.016167123448091594,0.00022214098984605322,0.01346476569132169,True
motion_only,0,2,eu-locality-020,shuffled_aux_mass,envelope_positive,3,79.66666666666667,9.666666666666666,1.0648361903494656,0.24351874169238652,0.0033392851719181754,0.01346476569132169,True
motion_only,0,2,eu-locality-020,shuffled_aux_raw,all,3,1225.0,9.666666666666666,0.07039206645491987,0.016167123448091594,7.026371137922175e-05,0.004254541917638017,True
motion_only,0,2,eu-locality-020,shuffled_aux_raw,envelope_positive,3,79.66666666666667,9.666666666666666,1.0672382472398045,0.24351874169238652,0.0010556114508129774,0.004254541917638017,True
motion_only,0,2,eu-locality-020,shuffled_aux_scaled,all,3,1225.0,9.666666666666666,0.07039442761817506,0.016167123448091594,6.847215544618097e-05,0.0035808783995669173,True
motion_only,0,2,eu-locality-020,shuffled_aux_scaled,envelope_positive,3,79.66666666666667,9.666666666666666,1.06735474433602,0.24351874169238652,0.0009647624237135114,0.0035808783995669173,True
motion_only,0,2,eu-locality-048,cap_aux_mass,all,3,8058.0,26.0,0.03771995576087772,0.0013717913938743368,0.007524082093005734,5.747592111029552,True
motion_only,0,2,eu-locality-048,cap_aux_mass,envelope_positive,3,2472.0,26.0,0.1225121422108922,0.0044742120670266524,0.024397161551438007,5.747592111029552,True
motion_only,0,2,eu-locality-048,cap_aux_raw,all,3,8058.0,26.0,0.007198612706480794,0.0013717913938743368,0.0024130137515108595,1.84155275989108,True
motion_only,0,2,eu-locality-048,cap_aux_raw,envelope_positive,3,2472.0,26.0,0.023316315391415283,0.0044742120670266524,0.0078049316190188555,1.8415527598910806,True
motion_only,0,2,eu-locality-048,cap_aux_scaled,all,3,8058.0,26.0,0.0015352741709176339,0.0013717913938743368,2.1865679415589728e-05,0.01679731225477133,True
motion_only,0,2,eu-locality-048,cap_aux_scaled,envelope_positive,3,2472.0,26.0,0.005006699996385992,0.0044742120670266524,7.063149341704764e-05,0.016797312254771334,True
motion_only,0,2,eu-locality-048,cost_only_mass,all,3,8058.0,26.0,0.04745746039740137,0.0013717913938743368,0.009754412021141608,7.440035148627953,True
motion_only,0,2,eu-locality-048,cost_only_mass,envelope_positive,3,2472.0,26.0,0.15409313164021302,0.0044742120670266524,0.03160143456449288,7.440035148627953,True
motion_only,0,2,eu-locality-048,cost_only_raw,all,3,8058.0,26.0,0.007342000105159151,0.0013717913938743368,0.0025687058794408055,1.9844846942685583,True
motion_only,0,2,eu-locality-048,cost_only_raw,envelope_positive,3,2472.0,26.0,0.02379435412769389,0.0044742120670266524,0.008308170840912543,1.9844846942685592,True
motion_only,0,2,eu-locality-048,cost_only_scaled,all,3,8058.0,26.0,0.0015354977804660091,0.0013717913938743368,2.766535635461623e-05,0.021379974465556294,True
motion_only,0,2,eu-locality-048,cost_only_scaled,envelope_positive,3,2472.0,26.0,0.005007420634627343,0.0044742120670266524,8.92663484999045e-05,0.021379974465556294,True
motion_only,0,2,eu-locality-048,shuffled_aux_mass,all,3,8058.0,26.0,0.0493871525588998,0.0013717913938743368,0.0116878029475185,8.733668161139386,True
motion_only,0,2,eu-locality-048,shuffled_aux_mass,envelope_positive,3,2472.0,26.0,0.1601323814345334,0.0044742120670266524,0.037811771885243504,8.733668161139386,True
motion_only,0,2,eu-locality-048,shuffled_aux_raw,all,3,8058.0,26.0,0.00716237631213347,0.0013717913938743368,0.0030602609577939743,2.321465093993209,True
motion_only,0,2,eu-locality-048,shuffled_aux_raw,envelope_positive,3,2472.0,26.0,0.023251163757864474,0.0044742120670266524,0.009890211114079712,2.3214650939932095,True
motion_only,0,2,eu-locality-048,shuffled_aux_scaled,all,3,8058.0,26.0,0.0015353945963819376,0.0013717913938743368,3.161962058304934e-05,0.02455143190249412,True
motion_only,0,2,eu-locality-048,shuffled_aux_scaled,envelope_positive,3,2472.0,26.0,0.0050070966350081155,0.0044742120670266524,0.00010193797381396158,0.02455143190249412,True
motion_only,0,2,eu-locality-067,cap_aux_mass,all,3,6903.0,17.0,0.3079458482708972,0.001141231777673885,0.053799201979139344,46.98687752384066,True
motion_only,0,2,eu-locality-067,cap_aux_mass,envelope_positive,3,2332.6666666666665,17.0,0.9134805144567553,0.0033780925967957457,0.15954230965470953,46.986877523840654,True
motion_only,0,2,eu-locality-067,cap_aux_raw,all,3,6903.0,17.0,0.021891446133165567,0.001141231777673885,0.009963461529923777,8.682032824502294,True
motion_only,0,2,eu-locality-067,cap_aux_raw,envelope_positive,3,2332.6666666666665,17.0,0.06517830445052665,0.0033780925967957457,0.02958595537229387,8.682032824502294,True
motion_only,0,2,eu-locality-067,cap_aux_scaled,all,3,6903.0,17.0,0.0014457971157250799,0.001141231777673885,4.785767792224639e-05,0.04122894299614802,True
motion_only,0,2,eu-locality-067,cap_aux_scaled,envelope_positive,3,2332.6666666666665,17.0,0.004279726693829787,0.0033780925967957457,0.00014230495910039185,0.04122894299614801,True
motion_only,0,2,eu-locality-067,cost_only_mass,all,3,6903.0,17.0,0.24656642432877543,0.001141231777673885,0.04808586333522177,41.87786913480094,True
motion_only,0,2,eu-locality-067,cost_only_mass,envelope_positive,3,2332.6666666666665,17.0,0.733412673295237,0.0033780925967957457,0.14270319436638854,41.87786913480094,True
motion_only,0,2,eu-locality-067,cost_only_raw,all,3,6903.0,17.0,0.01821642934316412,0.001141231777673885,0.008707808181252179,7.563580111185801,True
motion_only,0,2,eu-locality-067,cost_only_raw,envelope_positive,3,2332.6666666666665,17.0,0.054302786538098086,0.0033780925967957457,0.025876272827000706,7.5635801111858,True
motion_only,0,2,eu-locality-067,cost_only_scaled,all,3,6903.0,17.0,0.001447156279547751,0.001141231777673885,6.999734308549295e-05,0.05990109244977382,True
motion_only,0,2,eu-locality-067,cost_only_scaled,envelope_positive,3,2332.6666666666665,17.0,0.004283786309813906,0.0033780925967957457,0.00020874182649358594,0.05990109244977381,True
motion_only,0,2,eu-locality-067,shuffled_aux_mass,all,3,6903.0,17.0,0.2992662620953835,0.001141231777673885,0.05161700506985296,44.902486409399245,True
motion_only,0,2,eu-locality-067,shuffled_aux_mass,envelope_positive,3,2332.6666666666665,17.0,0.8875266772405804,0.0033780925967957457,0.1528539136123868,44.90248640939924,True
motion_only,0,2,eu-locality-067,shuffled_aux_raw,all,3,6903.0,17.0,0.02117354526926976,0.001141231777673885,0.009515406961532039,8.256550415974635,True
motion_only,0,2,eu-locality-067,shuffled_aux_raw,envelope_positive,3,2332.6666666666665,17.0,0.06307356189658805,0.0033780925967957457,0.028234021163891784,8.256550415974635,True
motion_only,0,2,eu-locality-067,shuffled_aux_scaled,all,3,6903.0,17.0,0.0014457577227553744,0.001141231777673885,4.145211028993442e-05,0.03562606754666476,True
motion_only,0,2,eu-locality-067,shuffled_aux_scaled,envelope_positive,3,2332.6666666666665,17.0,0.004279605329048247,0.0033780925967957457,0.00012333425180100863,0.03562606754666476,True
motion_only,1,0,eu-locality-074,cap_aux_mass,all,3,102348.0,760.6666666666666,0.020925986813762832,0.00807234977407541,0.0015075252618840164,0.1856857250194505,True
motion_only,1,0,eu-locality-074,cap_aux_mass,envelope_positive,3,35143.0,760.6666666666666,0.060946144609826725,0.023521337697312388,0.00442145872323546,0.18568572501945046,True
motion_only,1,0,eu-locality-074,cap_aux_raw,all,3,102348.0,760.6666666666666,0.020817736095746827,0.00807234977407541,0.0003804878470781041,0.0475077390626949,True
motion_only,1,0,eu-locality-074,cap_aux_raw,envelope_positive,3,35143.0,760.6666666666666,0.0606320633511507,0.023521337697312388,0.0010942663450582305,0.047507739062694905,True
motion_only,1,0,eu-locality-074,cap_aux_scaled,all,3,102348.0,760.6666666666666,0.020811569271873952,0.00807234977407541,5.9706084555670565e-05,0.007243257216757157,True
motion_only,1,0,eu-locality-074,cap_aux_scaled,envelope_positive,3,35143.0,760.6666666666666,0.06061661242676114,0.023521337697312388,0.00017614292756215006,0.007243257216757154,True
motion_only,1,0,eu-locality-074,cost_only_mass,all,3,102348.0,760.6666666666666,0.020972325528343938,0.00807234977407541,0.0017682480782231962,0.21898009383631792,True
motion_only,1,0,eu-locality-074,cost_only_mass,envelope_positive,3,35143.0,760.6666666666666,0.06107919586068903,0.023521337697312388,0.005183686315053397,0.21898009383631797,True
motion_only,1,0,eu-locality-074,cost_only_raw,all,3,102348.0,760.6666666666666,0.02082040724742071,0.00807234977407541,0.00045307417352105596,0.05674278946310871,True
motion_only,1,0,eu-locality-074,cost_only_raw,envelope_positive,3,35143.0,760.6666666666666,0.060639248346790686,0.023521337697312388,0.0013029196122294536,0.05674278946310871,True
motion_only,1,0,eu-locality-074,cost_only_scaled,all,3,102348.0,760.6666666666666,0.020813549311706744,0.00807234977407541,5.373017074863258e-05,0.0065523694154830765,True
motion_only,1,0,eu-locality-074,cost_only_scaled,envelope_positive,3,35143.0,760.6666666666666,0.06062237133222496,0.023521337697312388,0.00015876501577503604,0.0065523694154830765,True
motion_only,1,0,eu-locality-074,shuffled_aux_mass,all,3,102348.0,760.6666666666666,0.02100618297308929,0.00807234977407541,0.001867546674600789,0.23120592803398954,True
motion_only,1,0,eu-locality-074,shuffled_aux_mass,envelope_positive,3,35143.0,760.6666666666666,0.06117900386129584,0.023521337697312388,0.005480526965546737,0.23120592803398954,True
motion_only,1,0,eu-locality-074,shuffled_aux_raw,all,3,102348.0,760.6666666666666,0.02085026775489382,0.00807234977407541,0.0005075747726885299,0.06355204325443187,True
motion_only,1,0,eu-locality-074,shuffled_aux_raw,envelope_positive,3,35143.0,760.6666666666666,0.06072433287490784,0.023521337697312388,0.0014581977954253183,0.06355204325443187,True
motion_only,1,0,eu-locality-074,shuffled_aux_scaled,all,3,102348.0,760.6666666666666,0.020819376799316582,0.00807234977407541,3.8917142926700586e-05,0.004913466194778868,True
motion_only,1,0,eu-locality-074,shuffled_aux_scaled,envelope_positive,3,35143.0,760.6666666666666,0.06063939398503765,0.023521337697312388,0.00011616309084226072,0.004913466194778869,True
motion_only,1,0,eu-locality-082,cap_aux_mass,all,3,1368.0,8.666666666666666,0.0005073042228572103,0.0008424475696970222,0.0032631440586654466,4.695641856710078,True
motion_only,1,0,eu-locality-082,cap_aux_mass,envelope_positive,3,216.0,8.666666666666666,0.0031477529864529347,0.00517256582258192,0.020538412365647248,4.695641856710078,True
motion_only,1,0,eu-locality-082,cap_aux_raw,all,3,1368.0,8.666666666666666,0.00043981984229709116,0.0008424475696970222,0.002936252927866877,4.154454804206165,True
motion_only,1,0,eu-locality-082,cap_aux_raw,envelope_positive,3,216.0,8.666666666666666,0.0027419996711323127,0.00517256582258192,0.01855896500690433,4.154454804206165,True
motion_only,1,0,eu-locality-082,cap_aux_scaled,all,3,1368.0,8.666666666666666,0.00029465200705062436,0.0008424475696970222,0.0012413456693202865,1.7048233090172336,True
motion_only,1,0,eu-locality-082,cap_aux_scaled,envelope_positive,3,216.0,8.666666666666666,0.0017969619773863358,0.00517256582258192,0.007673954234308473,1.704823309017234,True
motion_only,1,0,eu-locality-082,cost_only_mass,all,3,1368.0,8.666666666666666,0.0005302876168100803,0.0008424475696970222,0.0034319071220921837,4.706916808246025,True
motion_only,1,0,eu-locality-082,cost_only_mass,envelope_positive,3,216.0,8.666666666666666,0.0032587401980787873,0.00517256582258192,0.02136421143523913,4.706916808246025,True
motion_only,1,0,eu-locality-082,cost_only_raw,all,3,1368.0,8.666666666666666,0.00048071527822985896,0.0008424475696970222,0.003231890161813852,4.276725853719114,True
motion_only,1,0,eu-locality-082,cost_only_raw,envelope_positive,3,216.0,8.666666666666666,0.0029499067307940693,0.00517256582258192,0.020080959739159843,4.276725853719115,True
motion_only,1,0,eu-locality-082,cost_only_scaled,all,3,1368.0,8.666666666666666,0.00030961002751100523,0.0008424475696970222,0.0014540917422229676,1.9252951471537927,True
motion_only,1,0,eu-locality-082,cost_only_scaled,envelope_positive,3,216.0,8.666666666666666,0.0018856578581350196,0.00517256582258192,0.008927812959210593,1.9252951471537931,True
motion_only,1,0,eu-locality-082,shuffled_aux_mass,all,3,1368.0,8.666666666666666,0.0005160713233757241,0.0008424475696970222,0.003303845367720631,4.356720666543843,True
motion_only,1,0,eu-locality-082,shuffled_aux_mass,envelope_positive,3,216.0,8.666666666666666,0.0031446507923183916,0.00517256582258192,0.020351101849851755,4.356720666543844,True
motion_only,1,0,eu-locality-082,shuffled_aux_raw,all,3,1368.0,8.666666666666666,0.0004888087766116012,0.0008424475696970222,0.0031677728560625153,4.025095535761369,True
motion_only,1,0,eu-locality-082,shuffled_aux_raw,envelope_positive,3,216.0,8.666666666666666,0.002969367025164866,0.00517256582258192,0.01946450914679369,4.025095535761369,True
motion_only,1,0,eu-locality-082,shuffled_aux_scaled,all,3,1368.0,8.666666666666666,0.0003107079452510621,0.0008424475696970222,0.001445855047141392,1.8501826073802514,True
motion_only,1,0,eu-locality-082,shuffled_aux_scaled,envelope_positive,3,216.0,8.666666666666666,0.0018885182408286741,0.00517256582258192,0.008802729450164193,1.8501826073802519,True
motion_only,1,0,eu-locality-112,cap_aux_mass,all,3,5004.0,13.333333333333334,0.0024611700628351147,0.0012566032977189264,0.0030680257264319596,2.4641279978076827,True
motion_only,1,0,eu-locality-112,cap_aux_mass,envelope_positive,3,1682.3333333333333,13.333333333333334,0.0073539332787761,0.003746529901969032,0.009121371369532137,2.464127997807683,True
motion_only,1,0,eu-locality-112,cap_aux_raw,all,3,5004.0,13.333333333333334,0.002901689430907723,0.0012566032977189264,0.007928768832410438,6.451151139382891,True
motion_only,1,0,eu-locality-112,cap_aux_raw,envelope_positive,3,1682.3333333333333,13.333333333333334,0.008659720500849797,0.003746529901969032,0.023554154369682098,6.451151139382893,True
motion_only,1,0,eu-locality-112,cap_aux_scaled,all,3,5004.0,13.333333333333334,0.0024362225460156273,0.0012566032977189264,0.0022309891047189788,1.7479809185414925,True
motion_only,1,0,eu-locality-112,cap_aux_scaled,envelope_positive,3,1682.3333333333333,13.333333333333334,0.007279942852590114,0.003746529901969032,0.006640093351494572,1.7479809185414925,True
motion_only,1,0,eu-locality-112,cost_only_mass,all,3,5004.0,13.333333333333334,0.002440932075844744,0.0012566032977189264,0.0027497180371979985,2.186604886192175,True
motion_only,1,0,eu-locality-112,cost_only_mass,envelope_positive,3,1682.3333333333333,13.333333333333334,0.00729380465615891,0.003746529901969032,0.008186265443823983,2.1866048861921756,True
motion_only,1,0,eu-locality-112,cost_only_raw,all,3,5004.0,13.333333333333334,0.002821933800225864,0.0012566032977189264,0.007378757761589896,5.985270621257578,True
motion_only,1,0,eu-locality-112,cost_only_raw,envelope_positive,3,1682.3333333333333,13.333333333333334,0.008422686177081695,0.003746529901969032,0.021932738486335018,5.985270621257578,True
motion_only,1,0,eu-locality-112,cost_only_scaled,all,3,5004.0,13.333333333333334,0.0024307429513919254,0.0012566032977189264,0.0021401723326282896,1.6480107349883655,True
motion_only,1,0,eu-locality-112,cost_only_scaled,envelope_positive,3,1682.3333333333333,13.333333333333334,0.007263559433903363,0.003746529901969032,0.006381926054943944,1.6480107349883655,True
motion_only,1,0,eu-locality-112,shuffled_aux_mass,all,3,5004.0,13.333333333333334,0.0024575012544937273,0.0012566032977189264,0.002895910183453969,2.3146645983129117,True
motion_only,1,0,eu-locality-112,shuffled_aux_mass,envelope_positive,3,1682.3333333333333,13.333333333333334,0.007342569313604652,0.003746529901969032,0.008617283839462364,2.3146645983129117,True
motion_only,1,0,eu-locality-112,shuffled_aux_raw,all,3,5004.0,13.333333333333334,0.002946634695664345,0.0012566032977189264,0.00781926658012985,6.3715269449144,True
motion_only,1,0,eu-locality-112,shuffled_aux_raw,envelope_positive,3,1682.3333333333333,13.333333333333334,0.008790125507417758,0.003746529901969032,0.023233692262826466,6.371526944914401,True
motion_only,1,0,eu-locality-112,shuffled_aux_scaled,all,3,5004.0,13.333333333333334,0.002447127485627225,0.0012566032977189264,0.002246678101701104,1.7342453882494702,True
motion_only,1,0,eu-locality-112,shuffled_aux_scaled,envelope_positive,3,1682.3333333333333,13.333333333333334,0.007311847442423293,0.003746529901969032,0.006696550368924345,1.7342453882494704,True
motion_only,1,0,eu-locality-126,cap_aux_mass,all,3,5790.0,36.333333333333336,0.02430099003446529,0.005769493957059393,0.0061476835124263315,1.0626135671661732,True
motion_only,1,0,eu-locality-126,cap_aux_mass,envelope_positive,3,1535.3333333333333,36.333333333333336,0.09163775325318768,0.021753172631885045,0.023137041131263403,1.0626135671661727,True
motion_only,1,0,eu-locality-126,cap_aux_raw,all,3,5790.0,36.333333333333336,0.02430173496614282,0.005769493957059393,0.006135010626685423,1.06141597757516,True
motion_only,1,0,eu-locality-126,cap_aux_raw,envelope_positive,3,1535.3333333333333,36.333333333333336,0.09164052276474555,0.021753172631885045,0.02310480952756534,1.06141597757516,True
motion_only,1,0,eu-locality-126,cap_aux_scaled,all,3,5790.0,36.333333333333336,0.024610081350857477,0.005769493957059393,0.0003134172231561286,0.053948838350546736,True
motion_only,1,0,eu-locality-126,cap_aux_scaled,envelope_positive,3,1535.3333333333333,36.333333333333336,0.09279732782938248,0.021753172631885045,0.001176240850223158,0.053948838350546736,True
motion_only,1,0,eu-locality-126,cost_only_mass,all,3,5790.0,36.333333333333336,0.024392273693398473,0.005769493957059393,0.005692855345585436,0.9838909412401807,True
motion_only,1,0,eu-locality-126,cost_only_mass,envelope_positive,3,1535.3333333333333,36.333333333333336,0.09197902035027046,0.021753172631885045,0.021421912013369727,0.9838909412401806,True
motion_only,1,0,eu-locality-126,cost_only_raw,all,3,5790.0,36.333333333333336,0.02439227817930001,0.005769493957059393,0.005987296230287039,1.0357226756480025,True
motion_only,1,0,eu-locality-126,cost_only_raw,envelope_positive,3,1535.3333333333333,36.333333333333336,0.09197902634122888,0.021753172631885045,0.022544846274885944,1.0357226756480025,True
motion_only,1,0,eu-locality-126,cost_only_scaled,all,3,5790.0,36.333333333333336,0.024620060469387115,0.005769493957059393,0.0002848212810413376,0.049150925822169594,True
motion_only,1,0,eu-locality-126,cost_only_scaled,envelope_positive,3,1535.3333333333333,36.333333333333336,0.09283446067232022,0.021753172631885045,0.0010706497541804827,0.049150925822169594,True
motion_only,1,0,eu-locality-126,shuffled_aux_mass,all,3,5790.0,36.333333333333336,0.024388209057373197,0.005769493957059393,0.006093935412193537,1.0536776618072823,True
motion_only,1,0,eu-locality-126,shuffled_aux_mass,envelope_positive,3,1535.3333333333333,36.333333333333336,0.09196571803337465,0.021753172631885045,0.022938739635172217,1.0536776618072823,True
motion_only,1,0,eu-locality-126,shuffled_aux_raw,all,3,5790.0,36.333333333333336,0.024391227452213348,0.005769493957059393,0.006321398230594285,1.0946667260045517,True
motion_only,1,0,eu-locality-126,shuffled_aux_raw,envelope_positive,3,1535.3333333333333,36.333333333333336,0.09197742398341095,0.021753172631885045,0.023821255563116567,1.0946667260045517,True
motion_only,1,0,eu-locality-126,shuffled_aux_scaled,all,3,5790.0,36.333333333333336,0.02461817829054347,0.005769493957059393,0.00029607079078542716,0.051120222409471054,True
motion_only,1,0,eu-locality-126,shuffled_aux_scaled,envelope_positive,3,1535.3333333333333,36.333333333333336,0.09282748756549053,0.021753172631885045,0.0011134037711549333,0.051120222409471054,True
motion_only,1,2,eu-locality-008,cap_aux_mass,all,3,157961.0,682.0,0.08953570441219057,0.009006501978955387,0.011799978764264793,1.3131129310769862,True
motion_only,1,2,eu-locality-008,cap_aux_mass,envelope_positive,3,44139.0,682.0,0.31895104548402387,0.032310142147223754,0.04178670469782301,1.3131129310769858,True
motion_only,1,2,eu-locality-008,cap_aux_raw,all,3,157961.0,682.0,0.06336629676718858,0.009006501978955387,0.0016689666373755983,0.18589454213979795,True
motion_only,1,2,eu-locality-008,cap_aux_raw,envelope_positive,3,44139.0,682.0,0.2277461099344524,0.032310142147223754,0.005938313595186519,0.18589454213979795,True
motion_only,1,2,eu-locality-008,cap_aux_scaled,all,3,157961.0,682.0,0.06260849350528021,0.009006501978955387,3.344773978791738e-05,0.0038262808586619363,True
motion_only,1,2,eu-locality-008,cap_aux_scaled,envelope_positive,3,44139.0,682.0,0.22504294699410354,0.032310142147223754,0.00012372515856246262,0.0038262808586619367,True
motion_only,1,2,eu-locality-008,cost_only_mass,all,3,157961.0,682.0,0.09005099207855533,0.009006501978955387,0.01165834029594337,1.2995106884541816,True
motion_only,1,2,eu-locality-008,cost_only_mass,envelope_positive,3,44139.0,682.0,0.3214155706927762,0.032310142147223754,0.04169112617636559,1.2995106884541816,True
motion_only,1,2,eu-locality-008,cost_only_raw,all,3,157961.0,682.0,0.06331715311932817,0.009006501978955387,0.0016695114023916708,0.18618319825379634,True
motion_only,1,2,eu-locality-008,cost_only_raw,envelope_positive,3,44139.0,682.0,0.2275435638836029,0.032310142147223754,0.005988625179026008,0.18618319825379634,True
motion_only,1,2,eu-locality-008,cost_only_scaled,all,3,157961.0,682.0,0.06260832363252991,0.009006501978955387,3.227672192338227e-05,0.0036291572301875396,True
motion_only,1,2,eu-locality-008,cost_only_scaled,envelope_positive,3,44139.0,682.0,0.2250423609823441,0.032310142147223754,0.00011890367504289761,0.0036291572301875388,True
motion_only,1,2,eu-locality-008,shuffled_aux_mass,all,3,157961.0,682.0,0.09609006202880503,0.009006501978955387,0.013780634429464271,1.5332083578967681,True
motion_only,1,2,eu-locality-008,shuffled_aux_mass,envelope_positive,3,44139.0,682.0,0.34217360596351937,0.032310142147223754,0.04879276369264249,1.5332083578967681,True
motion_only,1,2,eu-locality-008,shuffled_aux_raw,all,3,157961.0,682.0,0.06363838472447186,0.009006501978955387,0.0019369242604857586,0.21549361916356571,True
motion_only,1,2,eu-locality-008,shuffled_aux_raw,envelope_positive,3,44139.0,682.0,0.22862923393860782,0.032310142147223754,0.006869135655305684,0.21549361916356571,True
motion_only,1,2,eu-locality-008,shuffled_aux_scaled,all,3,157961.0,682.0,0.0626085614150054,0.009006501978955387,4.1932063762022285e-05,0.004676572580509092,True
motion_only,1,2,eu-locality-008,shuffled_aux_scaled,envelope_positive,3,44139.0,682.0,0.2250433911033355,0.032310142147223754,0.00015405616909474465,0.004676572580509092,True
motion_only,1,2,eu-locality-020,cap_aux_mass,all,3,1225.0,13.0,0.045000461294286614,0.014269053899852788,4.718905140295752e-05,0.0030672566615056484,True
motion_only,1,2,eu-locality-020,cap_aux_mass,envelope_positive,3,114.33333333333333,13.0,0.4584196025439414,0.1471594214932378,0.00047436421180060035,0.003067256661505648,True
motion_only,1,2,eu-locality-020,cap_aux_raw,all,3,1225.0,13.0,0.04502215966350951,0.014269053899852788,1.8416210880607394e-05,0.0012101087793809162,True
motion_only,1,2,eu-locality-020,cap_aux_raw,envelope_positive,3,114.33333333333333,13.0,0.4586370248322608,0.1471594214932378,0.00018580316327940357,0.0012101087793809162,True
motion_only,1,2,eu-locality-020,cap_aux_scaled,all,3,1225.0,13.0,0.04502525823344749,0.014269053899852788,1.3431370504600139e-05,0.0008778355257475015,True
motion_only,1,2,eu-locality-020,cap_aux_scaled,envelope_positive,3,114.33333333333333,13.0,0.4586675916037346,0.1471594214932378,0.0001352863118437471,0.0008778355257475015,True
motion_only,1,2,eu-locality-020,cost_only_mass,all,3,1225.0,13.0,0.04500624075852944,0.014269053899852788,4.121842391967397e-05,0.0026344144147105917,True
motion_only,1,2,eu-locality-020,cost_only_mass,envelope_positive,3,114.33333333333333,13.0,0.45848021109621023,0.1471594214932378,0.0004119467929863383,0.0026344144147105917,True
motion_only,1,2,eu-locality-020,cost_only_raw,all,3,1225.0,13.0,0.04502290433528868,0.014269053899852788,1.8015888343992103e-05,0.0011669091360442612,True
motion_only,1,2,eu-locality-020,cost_only_raw,envelope_positive,3,114.33333333333333,13.0,0.4586454872872527,0.1471594214932378,0.00018086239740824399,0.001166909136044261,True
motion_only,1,2,eu-locality-020,cost_only_scaled,all,3,1225.0,13.0,0.04502767658880363,0.014269053899852788,1.1716769548880114e-05,0.0007339336423993025,True
motion_only,1,2,eu-locality-020,cost_only_scaled,envelope_positive,3,114.33333333333333,13.0,0.4586937047926587,0.1471594214932378,0.00011629566596812044,0.0007339336423993025,True
motion_only,1,2,eu-locality-020,shuffled_aux_mass,all,3,1225.0,13.0,0.045009100976592914,0.014269053899852788,3.919065629757164e-05,0.002520449642113884,True
motion_only,1,2,eu-locality-020,shuffled_aux_mass,envelope_positive,3,114.33333333333333,13.0,0.45850738222148424,0.1471594214932378,0.0003925182113031893,0.0025204496421138835,True
motion_only,1,2,eu-locality-020,shuffled_aux_raw,all,3,1225.0,13.0,0.04502452212183605,0.014269053899852788,1.664097526584263e-05,0.0010776630748605242,True
motion_only,1,2,eu-locality-020,shuffled_aux_raw,envelope_positive,3,114.33333333333333,13.0,0.4586611986032462,0.1471594214932378,0.0001670535840795698,0.0010776630748605242,True
motion_only,1,2,eu-locality-020,shuffled_aux_scaled,all,3,1225.0,13.0,0.04502732948890986,0.014269053899852788,1.2429695169616329e-05,0.0007886436204982777,True
motion_only,1,2,eu-locality-020,shuffled_aux_scaled,envelope_positive,3,114.33333333333333,13.0,0.4586894009884676,0.1471594214932378,0.0001239220889701562,0.0007886436204982777,True
motion_only,1,2,eu-locality-048,cap_aux_mass,all,3,8058.0,27.333333333333332,0.03170067587786127,0.003553106382462482,0.0053242003192054965,1.5029057395086711,True
motion_only,1,2,eu-locality-048,cap_aux_mass,envelope_positive,3,2945.3333333333335,27.333333333333332,0.08675741954081956,0.009722008833028364,0.014628309356433847,1.5029057395086707,True
motion_only,1,2,eu-locality-048,cap_aux_raw,all,3,8058.0,27.333333333333332,0.03129942275778181,0.003553106382462482,0.000690140948895275,0.19469236464298226,True
motion_only,1,2,eu-locality-048,cap_aux_raw,envelope_positive,3,2945.3333333333335,27.333333333333332,0.08565459183053108,0.009722008833028364,0.0018942626571878916,0.19469236464298223,True
motion_only,1,2,eu-locality-048,cap_aux_scaled,all,3,8058.0,27.333333333333332,0.03130090382116363,0.003553106382462482,0.0001451875698967127,0.041243809215786666,True
motion_only,1,2,eu-locality-048,cap_aux_scaled,envelope_positive,3,2945.3333333333335,27.333333333333332,0.08565879661045263,0.009722008833028364,0.0004030193941263239,0.04124380921578666,True
motion_only,1,2,eu-locality-048,cost_only_mass,all,3,8058.0,27.333333333333332,0.03183754164427679,0.003553106382462482,0.006080234990949655,1.711945759188217,True
motion_only,1,2,eu-locality-048,cost_only_mass,envelope_positive,3,2945.3333333333335,27.333333333333332,0.08712252516069248,0.009722008833028364,0.01663713823117891,1.711945759188217,True
motion_only,1,2,eu-locality-048,cost_only_raw,all,3,8058.0,27.333333333333332,0.03130046622534083,0.003553106382462482,0.0007600293738687069,0.21399321989852713,True
motion_only,1,2,eu-locality-048,cost_only_raw,envelope_positive,3,2945.3333333333335,27.333333333333332,0.0856573347612542,0.009722008833028364,0.0020796422788973636,0.21399321989852713,True
motion_only,1,2,eu-locality-048,cost_only_scaled,all,3,8058.0,27.333333333333332,0.031300729796969746,0.003553106382462482,0.0001348064447203557,0.03826489886023936,True
motion_only,1,2,eu-locality-048,cost_only_scaled,envelope_positive,3,2945.3333333333335,27.333333333333332,0.0856583142062628,0.009722008833028364,0.00037373147207671716,0.03826489886023935,True
motion_only,1,2,eu-locality-048,shuffled_aux_mass,all,3,8058.0,27.333333333333332,0.03200042392889944,0.003553106382462482,0.007670849767619103,2.1496603340706577,True
motion_only,1,2,eu-locality-048,shuffled_aux_mass,envelope_positive,3,2945.3333333333335,27.333333333333332,0.08754913071307553,0.009722008833028364,0.020827080342313134,2.1496603340706577,True
motion_only,1,2,eu-locality-048,shuffled_aux_raw,all,3,8058.0,27.333333333333332,0.0313028535013403,0.003553106382462482,0.0010719212762339534,0.30007497598037647,True
motion_only,1,2,eu-locality-048,shuffled_aux_raw,envelope_positive,3,2945.3333333333335,27.333333333333332,0.08566381389860785,0.009722008833028364,0.0029052664925767017,0.30007497598037647,True
motion_only,1,2,eu-locality-048,shuffled_aux_scaled,all,3,8058.0,27.333333333333332,0.03130129997878924,0.003553106382462482,0.0001203993961825227,0.03410069729563808,True
motion_only,1,2,eu-locality-048,shuffled_aux_scaled,envelope_positive,3,2945.3333333333335,27.333333333333332,0.08565992065444479,0.009722008833028364,0.000332601519180504,0.034100697295638076,True
motion_only,1,2,eu-locality-067,cap_aux_mass,all,3,6903.0,19.333333333333332,0.03197123256857781,0.0010874037509001804,0.02298133936133916,21.148430337873716,True
motion_only,1,2,eu-locality-067,cap_aux_mass,envelope_positive,3,2546.6666666666665,19.333333333333332,0.08637786926076833,0.002948685689012296,0.06238338269312662,21.148430337873712,True
motion_only,1,2,eu-locality-067,cap_aux_raw,all,3,6903.0,19.333333333333332,0.0018704663575476836,0.0010874037509001804,0.0029640856081657647,2.725620843235584,True
motion_only,1,2,eu-locality-067,cap_aux_raw,envelope_positive,3,2546.6666666666665,19.333333333333332,0.005065946193191479,0.002948685689012296,0.00804636648029694,2.725620843235584,True
motion_only,1,2,eu-locality-067,cap_aux_scaled,all,3,6903.0,19.333333333333332,0.0013350673811638684,0.0010874037509001804,0.0004281889428487553,0.40522082715680385,True
motion_only,1,2,eu-locality-067,cap_aux_scaled,envelope_positive,3,2546.6666666666665,19.333333333333332,0.0036190183159276975,0.002948685689012296,0.0011578094731520465,0.40522082715680385,True
motion_only,1,2,eu-locality-067,cost_only_mass,all,3,6903.0,19.333333333333332,0.024287180361448002,0.0010874037509001804,0.020642982621550288,19.045488120138902,True
motion_only,1,2,eu-locality-067,cost_only_mass,envelope_positive,3,2546.6666666666665,19.333333333333332,0.06554784534935147,0.002948685689012296,0.05601144620712021,19.045488120138902,True
motion_only,1,2,eu-locality-067,cost_only_raw,all,3,6903.0,19.333333333333332,0.0017203126791582339,0.0010874037509001804,0.0026542035579576826,2.4472181601074827,True
motion_only,1,2,eu-locality-067,cost_only_raw,envelope_positive,3,2546.6666666666665,19.333333333333332,0.00465869748329301,0.002948685689012296,0.007201760691740372,2.4472181601074827,True
motion_only,1,2,eu-locality-067,cost_only_scaled,all,3,6903.0,19.333333333333332,0.0013228687288935027,0.0010874037509001804,0.00027044893991573504,0.2565722809303075,True
motion_only,1,2,eu-locality-067,cost_only_scaled,envelope_positive,3,2546.6666666666665,19.333333333333332,0.003586209138854697,0.002948685689012296,0.0007308240231428288,0.2565722809303075,True
motion_only,1,2,eu-locality-067,shuffled_aux_mass,all,3,6903.0,19.333333333333332,0.036123903282320007,0.0010874037509001804,0.022659417606187133,21.12284310958438,True
motion_only,1,2,eu-locality-067,shuffled_aux_mass,envelope_positive,3,2546.6666666666665,19.333333333333332,0.09734538303855528,0.002948685689012296,0.061370484163269595,21.12284310958438,True
motion_only,1,2,eu-locality-067,shuffled_aux_raw,all,3,6903.0,19.333333333333332,0.0019107798250555012,0.0010874037509001804,0.002896149273633538,2.69763494059339,True
motion_only,1,2,eu-locality-067,shuffled_aux_raw,envelope_positive,3,2546.6666666666665,19.333333333333332,0.005170730163139343,0.002948685689012296,0.007844456534160922,2.69763494059339,True
motion_only,1,2,eu-locality-067,shuffled_aux_scaled,all,3,6903.0,19.333333333333332,0.0013203900973479908,0.0010874037509001804,0.00024272512855815775,0.2292427987511774,True
motion_only,1,2,eu-locality-067,shuffled_aux_scaled,envelope_positive,3,2546.6666666666665,19.333333333333332,0.00357954633276833,0.002948685689012296,0.0006565906418490464,0.2292427987511774,True
motion_only,2,0,eu-locality-074,cap_aux_mass,all,3,102348.0,758.6666666666666,0.0129578643338918,0.006213151661631556,0.00039500583644124925,0.06293926832429546,True
motion_only,2,0,eu-locality-074,cap_aux_mass,envelope_positive,3,36393.333333333336,758.6666666666666,0.03644296700687828,0.017463573554491532,0.0011053197328842054,0.06293926832429546,True
motion_only,2,0,eu-locality-074,cap_aux_raw,all,3,102348.0,758.6666666666666,0.01297200110607446,0.006213151661631556,0.00014079201877074268,0.022283117844830908,True
motion_only,2,0,eu-locality-074,cap_aux_raw,envelope_positive,3,36393.333333333336,758.6666666666666,0.03648208934796356,0.017463573554491532,0.00039279770380136166,0.022283117844830908,True
motion_only,2,0,eu-locality-074,cap_aux_scaled,all,3,102348.0,758.6666666666666,0.012983306931322334,0.006213151661631556,2.170999267843803e-05,0.003524703503794869,True
motion_only,2,0,eu-locality-074,cap_aux_scaled,envelope_positive,3,36393.333333333336,758.6666666666666,0.0365134669022194,0.017463573554491532,6.139260739289416e-05,0.003524703503794868,True
motion_only,2,0,eu-locality-074,cost_only_mass,all,3,102348.0,758.6666666666666,0.012954463489160779,0.006213151661631556,0.0003462747408987887,0.05437638039185332,True
motion_only,2,0,eu-locality-074,cost_only_mass,envelope_positive,3,36393.333333333336,758.6666666666666,0.036433284621015374,0.017463573554491532,0.0009619524256755362,0.05437638039185331,True
motion_only,2,0,eu-locality-074,cost_only_raw,all,3,102348.0,758.6666666666666,0.012970895176770034,0.006213151661631556,0.00015970559726524836,0.02518591536443392,True
motion_only,2,0,eu-locality-074,cost_only_raw,envelope_positive,3,36393.333333333336,758.6666666666666,0.03647903472822544,0.017463573554491532,0.00044488361654875457,0.02518591536443392,True
motion_only,2,0,eu-locality-074,cost_only_scaled,all,3,102348.0,758.6666666666666,0.012983679582311801,0.006213151661631556,1.3332496357068627e-05,0.0020946512320391595,True
motion_only,2,0,eu-locality-074,cost_only_scaled,envelope_positive,3,36393.333333333336,758.6666666666666,0.03651454615399179,0.017463573554491532,3.7096802972837404e-05,0.00209465123203916,True
motion_only,2,0,eu-locality-074,shuffled_aux_mass,all,3,102348.0,758.6666666666666,0.012954421663077966,0.006213151661631556,0.0004842065232295211,0.07681557632144537,True
motion_only,2,0,eu-locality-074,shuffled_aux_mass,envelope_positive,3,36393.333333333336,758.6666666666666,0.036433160819157616,0.017463573554491532,0.0013523081269983413,0.07681557632144535,True
motion_only,2,0,eu-locality-074,shuffled_aux_raw,all,3,102348.0,758.6666666666666,0.012971156874930029,0.006213151661631556,0.0001708133237506754,0.026900789302371775,True
motion_only,2,0,eu-locality-074,shuffled_aux_raw,envelope_positive,3,36393.333333333336,758.6666666666666,0.03647970479248392,0.017463573554491532,0.0004755267528592381,0.02690078930237177,True
motion_only,2,0,eu-locality-074,shuffled_aux_scaled,all,3,102348.0,758.6666666666666,0.012982862405161189,0.006213151661631556,2.8215100023106697e-05,0.004553680518211247,True
motion_only,2,0,eu-locality-074,shuffled_aux_scaled,envelope_positive,3,36393.333333333336,758.6666666666666,0.03651220995049088,0.017463573554491532,7.955299433907065e-05,0.004553680518211246,True
motion_only,2,0,eu-locality-082,cap_aux_mass,all,3,1368.0,3.3333333333333335,0.00032671685046332624,0.0005397094264928422,0.0024549963523045185,5.132351470549467,True
motion_only,2,0,eu-locality-082,cap_aux_mass,envelope_positive,3,180.66666666666666,3.3333333333333335,0.002476857315486785,0.004094629583081773,0.018605392361748522,5.132351470549467,True
motion_only,2,0,eu-locality-082,cap_aux_raw,all,3,1368.0,3.3333333333333335,0.00040075583944201355,0.0005397094264928422,0.0031700252014537126,7.077945808707276,True
motion_only,2,0,eu-locality-082,cap_aux_raw,envelope_positive,3,180.66666666666666,3.3333333333333335,0.003033182721467381,0.004094629583081773,0.023990192161234717,7.077945808707277,True
motion_only,2,0,eu-locality-082,cap_aux_scaled,all,3,1368.0,3.3333333333333335,0.00022324026020573279,0.0005397094264928422,0.000597854443395694,1.1790395832920417,True
motion_only,2,0,eu-locality-082,cap_aux_scaled,envelope_positive,3,180.66666666666666,3.3333333333333335,0.0016934063766488874,0.004094629583081773,0.004541084942553965,1.1790395832920417,True
motion_only,2,0,eu-locality-082,cost_only_mass,all,3,1368.0,3.3333333333333335,0.0003085527634924226,0.0005397094264928422,0.0023204112369798724,4.841097819513252,True
motion_only,2,0,eu-locality-082,cost_only_mass,envelope_positive,3,180.66666666666666,3.3333333333333335,0.0023402677460214725,0.004094629583081773,0.01759687840986622,4.841097819513253,True
motion_only,2,0,eu-locality-082,cost_only_raw,all,3,1368.0,3.3333333333333335,0.00036973205138157256,0.0005397094264928422,0.0029885405262483028,6.566891745527017,True
motion_only,2,0,eu-locality-082,cost_only_raw,envelope_positive,3,180.66666666666666,3.3333333333333335,0.0028013919831616544,0.004094629583081773,0.02263622169646627,6.566891745527017,True
motion_only,2,0,eu-locality-082,cost_only_scaled,all,3,1368.0,3.3333333333333335,0.00022408305335779271,0.0005397094264928422,0.0006376754648734543,1.2835993124287797,True
motion_only,2,0,eu-locality-082,cost_only_scaled,envelope_positive,3,180.66666666666666,3.3333333333333335,0.001699849194588813,0.004094629583081773,0.004844396379810323,1.2835993124287797,True
motion_only,2,0,eu-locality-082,shuffled_aux_mass,all,3,1368.0,3.3333333333333335,0.0003305555028068658,0.0005397094264928422,0.002571940066046273,5.5696420013453745,True
motion_only,2,0,eu-locality-082,shuffled_aux_mass,envelope_positive,3,180.66666666666666,3.3333333333333335,0.002504427276254413,0.004094629583081773,0.019475013487232237,5.5696420013453745,True
motion_only,2,0,eu-locality-082,shuffled_aux_raw,all,3,1368.0,3.3333333333333335,0.00040816760537352846,0.0005397094264928422,0.003293759219161363,7.397753765815712,True
motion_only,2,0,eu-locality-082,shuffled_aux_raw,envelope_positive,3,180.66666666666666,3.3333333333333335,0.0030886557720288406,0.004094629583081773,0.024921392275244442,7.397753765815714,True
motion_only,2,0,eu-locality-082,shuffled_aux_scaled,all,3,1368.0,3.3333333333333335,0.0002267784370525015,0.0005397094264928422,0.0007372100044561982,1.5346356129362169,True
motion_only,2,0,eu-locality-082,shuffled_aux_scaled,envelope_positive,3,180.66666666666666,3.3333333333333335,0.001720106165424138,0.004094629583081773,0.005589383715582814,1.5346356129362164,True
motion_only,2,0,eu-locality-112,cap_aux_mass,all,3,5004.0,25.666666666666668,0.003477807859590736,0.0017856380516983314,0.0013193708438318018,0.7652576661064757,True
motion_only,2,0,eu-locality-112,cap_aux_mass,envelope_positive,3,2116.0,25.666666666666668,0.00823083194899509,0.004226427309534973,0.003114523327768548,0.7652576661064757,True
motion_only,2,0,eu-locality-112,cap_aux_raw,all,3,5004.0,25.666666666666668,0.0036125572220467345,0.0017856380516983314,0.006502327661482111,3.664903341392023,True
motion_only,2,0,eu-locality-112,cap_aux_raw,envelope_positive,3,2116.0,25.666666666666668,0.008549709818507828,0.004226427309534973,0.015384630786003656,3.6649033413920216,True
motion_only,2,0,eu-locality-112,cap_aux_scaled,all,3,5004.0,25.666666666666668,0.0034825186779045667,0.0017856380516983314,0.00045963777566109237,0.27322296222096465,True
motion_only,2,0,eu-locality-112,cap_aux_scaled,envelope_positive,3,2116.0,25.666666666666668,0.008242030204227117,0.004226427309534973,0.0010827092404287887,0.2732229622209646,True
motion_only,2,0,eu-locality-112,cost_only_mass,all,3,5004.0,25.666666666666668,0.0034763065080302305,0.0017856380516983314,0.001351911828231128,0.7809606985884837,True
motion_only,2,0,eu-locality-112,cost_only_mass,envelope_positive,3,2116.0,25.666666666666668,0.008227302188971141,0.004226427309534973,0.003192527162053081,0.7809606985884837,True
motion_only,2,0,eu-locality-112,cost_only_raw,all,3,5004.0,25.666666666666668,0.003597754645454627,0.0017856380516983314,0.006526166962674558,3.669594711691369,True
motion_only,2,0,eu-locality-112,cost_only_raw,envelope_positive,3,2116.0,25.666666666666668,0.008514771249490667,0.004226427309534973,0.015444166475126688,3.6695947116913694,True
motion_only,2,0,eu-locality-112,cost_only_scaled,all,3,5004.0,25.666666666666668,0.0034823442307310975,0.0017856380516983314,0.0004313759359878882,0.2511079983195769,True
motion_only,2,0,eu-locality-112,cost_only_scaled,envelope_positive,3,2116.0,25.666666666666668,0.008241609326486614,0.004226427309534973,0.0010182567747695998,0.2511079983195769,True
motion_only,2,0,eu-locality-112,shuffled_aux_mass,all,3,5004.0,25.666666666666668,0.0034752764321381332,0.0017856380516983314,0.0014561967165996135,0.8350272529855859,True
motion_only,2,0,eu-locality-112,shuffled_aux_mass,envelope_positive,3,2116.0,25.666666666666668,0.008224853572228262,0.004226427309534973,0.0034407282021490814,0.8350272529855859,True
motion_only,2,0,eu-locality-112,shuffled_aux_raw,all,3,5004.0,25.666666666666668,0.003597475211028026,0.0017856380516983314,0.006724779015778052,3.781170636065547,True
motion_only,2,0,eu-locality-112,shuffled_aux_raw,envelope_positive,3,2116.0,25.666666666666668,0.00851407356788402,0.004226427309534973,0.01591368511598121,3.781170636065547,True
motion_only,2,0,eu-locality-112,shuffled_aux_scaled,all,3,5004.0,25.666666666666668,0.003482364268408842,0.0017856380516983314,0.0004235771018999283,0.24426943994056335,True
motion_only,2,0,eu-locality-112,shuffled_aux_scaled,envelope_positive,3,2116.0,25.666666666666668,0.008241646212533808,0.004226427309534973,0.0010006398883629754,0.24426943994056338,True
motion_only,2,0,eu-locality-126,cap_aux_mass,all,3,5790.0,27.0,0.001434397005568222,0.0011658473291688994,0.004724352250064263,4.21259702226025,True
motion_only,2,0,eu-locality-126,cap_aux_mass,envelope_positive,3,1687.0,27.0,0.005017935344339272,0.004047880406933554,0.016108405240847872,4.21259702226025,True
motion_only,2,0,eu-locality-126,cap_aux_raw,all,3,5790.0,27.0,0.001469813230026697,0.0011658473291688994,0.005051125496102324,4.639907797188781,True
motion_only,2,0,eu-locality-126,cap_aux_raw,envelope_positive,3,1687.0,27.0,0.005126441697521417,0.004047880406933554,0.017101874328129565,4.6399077971887825,True
motion_only,2,0,eu-locality-126,cap_aux_scaled,all,3,5790.0,27.0,0.001273671874181565,0.0011658473291688994,0.00043195344766803714,0.35759313353235683,True
motion_only,2,0,eu-locality-126,cap_aux_scaled,envelope_positive,3,1687.0,27.0,0.0044773637851731616,0.004047880406933554,0.0015056216270413227,0.35759313353235683,True
motion_only,2,0,eu-locality-126,cost_only_mass,all,3,5790.0,27.0,0.0014036462987224,0.0011658473291688994,0.0046522966955729736,4.186586027658543,True
motion_only,2,0,eu-locality-126,cost_only_mass,envelope_positive,3,1687.0,27.0,0.004913407183151721,0.004047880406933554,0.01583785506978842,4.186586027658543,True
motion_only,2,0,eu-locality-126,cost_only_raw,all,3,5790.0,27.0,0.0014396830659736987,0.0011658473291688994,0.005093252336631751,4.7046485316547475,True
motion_only,2,0,eu-locality-126,cost_only_raw,envelope_positive,3,1687.0,27.0,0.00502691031853711,0.004047880406933554,0.01723980862371588,4.7046485316547475,True
motion_only,2,0,eu-locality-126,cost_only_scaled,all,3,5790.0,27.0,0.0012733454735491037,0.0011658473291688994,0.0004939841700007365,0.42917117396347176,True
motion_only,2,0,eu-locality-126,cost_only_scaled,envelope_positive,3,1687.0,27.0,0.00447625739906173,0.004047880406933554,0.001705538704641912,0.4291711739634718,True
motion_only,2,0,eu-locality-126,shuffled_aux_mass,all,3,5790.0,27.0,0.0013985898060653713,0.0011658473291688994,0.004533327481165551,4.085168775951021,True
motion_only,2,0,eu-locality-126,shuffled_aux_mass,envelope_positive,3,1687.0,27.0,0.004898664273226302,0.004047880406933554,0.015452126882865388,4.085168775951021,True
motion_only,2,0,eu-locality-126,shuffled_aux_raw,all,3,5790.0,27.0,0.0014235209795757835,0.0011658473291688994,0.004867976718981255,4.504070178892417,True
motion_only,2,0,eu-locality-126,shuffled_aux_raw,envelope_positive,3,1687.0,27.0,0.004975961751725217,0.004047880406933554,0.0165025092988576,4.504070178892416,True
motion_only,2,0,eu-locality-126,shuffled_aux_scaled,all,3,5790.0,27.0,0.0012738571057962866,0.0011658473291688994,0.00044300626492822765,0.38162517558615566,True
motion_only,2,0,eu-locality-126,shuffled_aux_scaled,envelope_positive,3,1687.0,27.0,0.004478073934585085,0.004047880406933554,0.0015359288439148221,0.38162517558615555,True
motion_only,2,1,eu-locality-007,cap_aux_mass,all,3,5526.0,21.333333333333332,0.01170737881475164,0.0037854888466782965,0.0012306336895180367,0.32468078897872493,True
motion_only,2,1,eu-locality-007,cap_aux_mass,envelope_positive,3,1466.3333333333333,21.333333333333332,0.04411953118775486,0.01426236334859427,0.004630850368380534,0.32468078897872493,True
motion_only,2,1,eu-locality-007,cap_aux_raw,all,3,5526.0,21.333333333333332,0.01164901972831405,0.0037854888466782965,0.0007043929516728515,0.18653444215402418,True
motion_only,2,1,eu-locality-007,cap_aux_raw,envelope_positive,3,1466.3333333333333,21.333333333333332,0.043900958508629156,0.01426236334859427,0.0026523008271192457,0.18653444215402418,True
motion_only,2,1,eu-locality-007,cap_aux_scaled,all,3,5526.0,21.333333333333332,0.011625864582506217,0.0037854888466782965,1.322222657915619e-06,0.00034649678223737016,True
motion_only,2,1,eu-locality-007,cap_aux_scaled,envelope_positive,3,1466.3333333333333,21.333333333333332,0.04381388921440336,0.01426236334859427,4.983071167632202e-06,0.0003464967822373701,True
motion_only,2,1,eu-locality-007,cost_only_mass,all,3,5526.0,21.333333333333332,0.011691020085132073,0.0037854888466782965,0.0012308642960572648,0.32387284006904626,True
motion_only,2,1,eu-locality-007,cost_only_mass,envelope_positive,3,1466.3333333333333,21.333333333333332,0.04405551467382781,0.01426236334859427,0.004618417640453845,0.3238728400690462,True
motion_only,2,1,eu-locality-007,cost_only_raw,all,3,5526.0,21.333333333333332,0.011644522088013415,0.0037854888466782965,0.0007726978359909971,0.20397600023700083,True
motion_only,2,1,eu-locality-007,cost_only_raw,envelope_positive,3,1466.3333333333333,21.333333333333332,0.04388325256649748,0.01426236334859427,0.002904845317712405,0.2039760002370008,True
motion_only,2,1,eu-locality-007,cost_only_scaled,all,3,5526.0,21.333333333333332,0.011625835152176522,0.0037854888466782965,2.446611382525799e-06,0.0006340547439013001,True
motion_only,2,1,eu-locality-007,cost_only_scaled,envelope_positive,3,1466.3333333333333,21.333333333333332,0.04381377937784411,0.01426236334859427,9.144553696593547e-06,0.0006340547439013001,True
motion_only,2,1,eu-locality-007,shuffled_aux_mass,all,3,5526.0,21.333333333333332,0.011708677337863257,0.0037854888466782965,0.0012990503228005913,0.34290901380031813,True
motion_only,2,1,eu-locality-007,shuffled_aux_mass,envelope_positive,3,1466.3333333333333,21.333333333333332,0.04412235239779924,0.01426236334859427,0.004881014937405871,0.3429090138003181,True
motion_only,2,1,eu-locality-007,shuffled_aux_raw,all,3,5526.0,21.333333333333332,0.011647727193716843,0.0037854888466782965,0.0007796741667678202,0.20574939366383202,True
motion_only,2,1,eu-locality-007,shuffled_aux_raw,envelope_positive,3,1466.3333333333333,21.333333333333332,0.04389521366465926,0.01426236334859427,0.002931536734112186,0.20574939366383196,True
motion_only,2,1,eu-locality-007,shuffled_aux_scaled,all,3,5526.0,21.333333333333332,0.011625836045053935,0.0037854888466782965,2.718584099510019e-06,0.0007037344070751672,True
motion_only,2,1,eu-locality-007,shuffled_aux_scaled,envelope_positive,3,1466.3333333333333,21.333333333333332,0.043813784274434685,0.01426236334859427,1.0111286620001215e-05,0.0007037344070751671,True
motion_only,2,1,eu-locality-110,cap_aux_mass,all,3,8550.0,8.666666666666666,0.00020116389694750214,0.00013137391783669237,0.0021589155660221887,16.47555098274911,True
motion_only,2,1,eu-locality-110,cap_aux_mass,envelope_positive,3,3213.3333333333335,8.666666666666666,0.0005398562084835607,0.00034965753686362665,0.005790933873235542,16.475550982749112,True
motion_only,2,1,eu-locality-110,cap_aux_raw,all,3,8550.0,8.666666666666666,7.521595804881257e-05,0.00013137391783669237,0.0010066719643530304,7.685362194829274,True
motion_only,2,1,eu-locality-110,cap_aux_raw,envelope_positive,3,3213.3333333333335,8.666666666666666,0.0002012444176080193,0.00034965753686362665,0.0026994988312706108,7.685362194829274,True
motion_only,2,1,eu-locality-110,cap_aux_scaled,all,3,8550.0,8.666666666666666,4.5082334080557875e-05,0.00013137391783669237,2.730542198907916e-05,0.20722740807029738,True
motion_only,2,1,eu-locality-110,cap_aux_scaled,envelope_positive,3,3213.3333333333335,8.666666666666666,0.00012000107598677345,0.00034965753686362665,7.193976155880265e-05,0.20722740807029738,True
motion_only,2,1,eu-locality-110,cost_only_mass,all,3,8550.0,8.666666666666666,0.00011793685553270412,0.00013137391783669237,0.0014765868958952876,11.263499472336937,True
motion_only,2,1,eu-locality-110,cost_only_mass,envelope_positive,3,3213.3333333333335,8.666666666666666,0.0003146925035246378,0.00034965753686362665,0.0039578815006680495,11.263499472336937,True
motion_only,2,1,eu-locality-110,cost_only_raw,all,3,8550.0,8.666666666666666,6.199433211839176e-05,0.00013137391783669237,0.0008266184376546009,6.307195451599664,True
motion_only,2,1,eu-locality-110,cost_only_raw,envelope_positive,3,3213.3333333333335,8.666666666666666,0.00016522820792984412,0.00034965753686362665,0.0022133502363524894,6.307195451599667,True
motion_only,2,1,eu-locality-110,cost_only_scaled,all,3,8550.0,8.666666666666666,4.508022647606185e-05,0.00013137391783669237,2.241695438167717e-05,0.1702220762928691,True
motion_only,2,1,eu-locality-110,cost_only_scaled,envelope_positive,3,3213.3333333333335,8.666666666666666,0.0001199958055414916,0.00034965753686362665,5.928372542433658e-05,0.1702220762928691,True
motion_only,2,1,eu-locality-110,shuffled_aux_mass,all,3,8550.0,8.666666666666666,0.00012744113774128542,0.00013137391783669237,0.0016445246557272545,12.547404990231888,True
motion_only,2,1,eu-locality-110,shuffled_aux_mass,envelope_positive,3,3213.3333333333335,8.666666666666666,0.0003405290113846085,0.00034965753686362665,0.004413125325219439,12.54740499023189,True
motion_only,2,1,eu-locality-110,shuffled_aux_raw,all,3,8550.0,8.666666666666666,6.031768672386172e-05,0.00013137391783669237,0.0007906056413326494,6.0284977577373455,True
motion_only,2,1,eu-locality-110,shuffled_aux_raw,envelope_positive,3,3213.3333333333335,8.666666666666666,0.00016070399505792042,0.00034965753686362665,0.002114053545729523,6.0284977577373455,True
motion_only,2,1,eu-locality-110,shuffled_aux_scaled,all,3,8550.0,8.666666666666666,4.5067556280848005e-05,0.00013137391783669237,1.7927093027525316e-05,0.13627339122522278,True
motion_only,2,1,eu-locality-110,shuffled_aux_scaled,envelope_positive,3,3213.3333333333335,8.666666666666666,0.0001199622414244772,0.00034965753686362665,4.7586431889969786e-05,0.13627339122522278,True
motion_only,2,1,eu-locality-119,cap_aux_mass,all,3,5639.0,28.333333333333332,0.006544636363148911,0.0033927918701931064,0.0032258396838172345,0.9093576456520616,True
motion_only,2,1,eu-locality-119,cap_aux_mass,envelope_positive,3,1703.0,28.333333333333332,0.021558931534519515,0.0112123946704765,0.010588125377374141,0.9093576456520616,True
motion_only,2,1,eu-locality-119,cap_aux_raw,all,3,5639.0,28.333333333333332,0.006217326766866323,0.0033927918701931064,0.00043436951051999736,0.12387772618265991,True
motion_only,2,1,eu-locality-119,cap_aux_raw,envelope_positive,3,1703.0,28.333333333333332,0.02045902670825819,0.0112123946704765,0.0014338839453908701,0.1238777261826599,True
motion_only,2,1,eu-locality-119,cap_aux_scaled,all,3,5639.0,28.333333333333332,0.006228342706590034,0.0033927918701931064,0.00016168402088976704,0.04347720106285988,True
motion_only,2,1,eu-locality-119,cap_aux_scaled,envelope_positive,3,1703.0,28.333333333333332,0.02049427604243724,0.0112123946704765,0.0005173088471175667,0.04347720106285988,True
motion_only,2,1,eu-locality-119,cost_only_mass,all,3,5639.0,28.333333333333332,0.0066011847187761085,0.0033927918701931064,0.003573217050448685,0.9947411674905724,True
motion_only,2,1,eu-locality-119,cost_only_mass,envelope_positive,3,1703.0,28.333333333333332,0.021726854142392397,0.0112123946704765,0.011654798511016659,0.9947411674905724,True
motion_only,2,1,eu-locality-119,cost_only_raw,all,3,5639.0,28.333333333333332,0.006223007402828921,0.0033927918701931064,0.0004906112700292963,0.1387531235309933,True
motion_only,2,1,eu-locality-119,cost_only_raw,envelope_positive,3,1703.0,28.333333333333332,0.020477485279645963,0.0112123946704765,0.0016126547059325095,0.1387531235309933,True
motion_only,2,1,eu-locality-119,cost_only_scaled,all,3,5639.0,28.333333333333332,0.006221637690608381,0.0033927918701931064,0.0003754449444921956,0.098154851608047,True
motion_only,2,1,eu-locality-119,cost_only_scaled,envelope_positive,3,1703.0,28.333333333333332,0.020473017346500113,0.0112123946704765,0.0011960640525295883,0.098154851608047,True
motion_only,2,1,eu-locality-119,shuffled_aux_mass,all,3,5639.0,28.333333333333332,0.006715514917392779,0.0033927918701931064,0.00392924237050823,1.0981526839291769,True
motion_only,2,1,eu-locality-119,shuffled_aux_mass,envelope_positive,3,1703.0,28.333333333333332,0.02208701028212234,0.0112123946704765,0.012803036708935974,1.098152683929177,True
motion_only,2,1,eu-locality-119,shuffled_aux_raw,all,3,5639.0,28.333333333333332,0.0062226186707197,0.0033927918701931064,0.0005320299435392045,0.15066841962606967,True
motion_only,2,1,eu-locality-119,shuffled_aux_raw,envelope_positive,3,1703.0,28.333333333333332,0.02047590260495905,0.0112123946704765,0.0017452520812037884,0.15066841962606967,True
motion_only,2,1,eu-locality-119,shuffled_aux_scaled,all,3,5639.0,28.333333333333332,0.006222642679574918,0.0033927918701931064,0.0004069803368406304,0.10661512788726156,True
motion_only,2,1,eu-locality-119,shuffled_aux_scaled,envelope_positive,3,1703.0,28.333333333333332,0.020476190972394337,0.0112123946704765,0.001296866844386169,0.10661512788726156,True
motion_only,2,1,eu-locality-124,cap_aux_mass,all,3,3550.0,5.0,0.0025647035172360207,0.00028985593573092053,0.006582241510660625,26.78975289723769,True
motion_only,2,1,eu-locality-124,cap_aux_mass,envelope_positive,3,1049.6666666666667,5.0,0.008686502009993545,0.0009817161736484928,0.02227188239316774,26.78975289723769,True
motion_only,2,1,eu-locality-124,cap_aux_raw,all,3,3550.0,5.0,0.00039927439779827373,0.00028985593573092053,0.002146874816443619,9.104497588145266,True
motion_only,2,1,eu-locality-124,cap_aux_raw,envelope_positive,3,1049.6666666666667,5.0,0.001351805064450503,0.0009817161736484928,0.007260423931108542,9.104497588145268,True
motion_only,2,1,eu-locality-124,cap_aux_scaled,all,3,3550.0,5.0,0.00014486415579436434,0.00028985593573092053,0.00016017630826874193,0.6871193661339697,True
motion_only,2,1,eu-locality-124,cap_aux_scaled,envelope_positive,3,1049.6666666666667,5.0,0.0004913518941584229,0.0009817161736484928,0.0005421769644455409,0.6871193661339697,True
motion_only,2,1,eu-locality-124,cost_only_mass,all,3,3550.0,5.0,0.0019450978423853924,0.00028985593573092053,0.005639627706783075,22.40865729532835,True
motion_only,2,1,eu-locality-124,cost_only_mass,envelope_positive,3,1049.6666666666667,5.0,0.006581967436779526,0.0009817161736484928,0.019081762220754726,22.40865729532835,True
motion_only,2,1,eu-locality-124,cost_only_raw,all,3,3550.0,5.0,0.0004306737306228106,0.00028985593573092053,0.002273118336065798,9.615308525339131,True
motion_only,2,1,eu-locality-124,cost_only_raw,envelope_positive,3,1049.6666666666667,5.0,0.0014572974187784143,0.0009817161736484928,0.007687257430133969,9.615308525339131,True
motion_only,2,1,eu-locality-124,cost_only_scaled,all,3,3550.0,5.0,0.00014358231604614318,0.00028985593573092053,5.666443371365404e-05,0.22264584265490808,True
motion_only,2,1,eu-locality-124,cost_only_scaled,envelope_positive,3,1049.6666666666667,5.0,0.00048700895291921867,0.0009817161736484928,0.00019182462844006013,0.22264584265490808,True
motion_only,2,1,eu-locality-124,shuffled_aux_mass,all,3,3550.0,5.0,0.002560782453577226,0.00028985593573092053,0.005926301568764977,23.60933414786503,True
motion_only,2,1,eu-locality-124,shuffled_aux_mass,envelope_positive,3,1049.6666666666667,5.0,0.008657682078647751,0.0009817161736484928,0.020044860323326443,23.60933414786503,True
motion_only,2,1,eu-locality-124,shuffled_aux_raw,all,3,3550.0,5.0,0.00043068317133885956,0.00028985593573092053,0.0022422435522680396,9.491814015417502,True
motion_only,2,1,eu-locality-124,shuffled_aux_raw,envelope_positive,3,1049.6666666666667,5.0,0.0014573361703434848,0.0009817161736484928,0.0075824472926937754,9.491814015417502,True
motion_only,2,1,eu-locality-124,shuffled_aux_scaled,all,3,3550.0,5.0,0.00014355025554537272,0.00028985593573092053,4.13468347715423e-05,0.1368111668016355,True
motion_only,2,1,eu-locality-124,shuffled_aux_scaled,envelope_positive,3,1049.6666666666667,5.0,0.0004869009883469102,0.0009817161736484928,0.00014011219655891188,0.1368111668016355,True
