comparison,slice,ci_low,ci_mid,ci_high,n,bootstrap_n
bootstrap_vs_endpoint_ade,all,0.026448140354477075,0.030094183869183,0.03371683045163059,55528,2000
bootstrap_vs_endpoint_ade,t50,0.00903591113362561,0.015089476886689823,0.020912196348336225,13689,2000
bootstrap_vs_endpoint_ade,t100,0.05388653850487015,0.06121761926692321,0.0694403916712548,9905,2000
bootstrap_vs_endpoint_ade,hard_failure,0.029010276281182665,0.03276774474614347,0.03677905604849253,41741,2000
bootstrap_vs_floor_ade,all,0.22998640503158732,0.23401125969505254,0.23813312123150127,55528,2000
bootstrap_vs_floor_ade,t50,0.1429794812125108,0.14945222613847392,0.15601779083408174,13689,2000
bootstrap_vs_floor_ade,t100,0.19114636852278788,0.1991149528585236,0.20733758205586258,9905,2000
bootstrap_vs_floor_ade,hard_failure,0.22563980142887102,0.22997142706272894,0.2340569160001967,41741,2000
