{
  "policy_name": "stage42_dj_frozen_group_consistency_full_waypoint_policy",
  "source": "fresh_policy_freeze_from_stage42_di",
  "base_stage": "Stage42-DI group-consistency full-waypoint repair",
  "frozen_at_utc": "2026-05-26T22:39:10.675796+00:00",
  "frozen_git_commit": "fa534ce",
  "deployment_role": "promoted_protected_source_level_full_waypoint_group_consistency_policy",
  "selection_scope": "validation_only",
  "test_usage": "test_once_from_stage42_di_after_validation_selection",
  "repair_rule": {
    "type": "repel_unsafe",
    "min_sep": 0.08,
    "margin": 0.0,
    "strength": 0.5,
    "alpha": null,
    "safe_min_sep": null,
    "input": "predicted full-waypoint rollout geometry + source/frame/horizon group key + agent id",
    "uses_future_labels": false
  },
  "group_schema": {
    "source": "fresh_stage42_di_group_key",
    "key": "source_file + frame_id*1000 + horizon",
    "agent_deduplication": true,
    "distance_unit": "normalized_by_dataset_local_scale",
    "uses_future_inputs": false
  },
  "validation_selection": {
    "val_score": 1.9103557229981505,
    "val_metric": {
      "rows": 23788,
      "all_improvement": 0.44156489895599793,
      "t10_improvement": 0.6933195833166081,
      "t25_improvement": 0.3064878897392037,
      "t50_improvement": 0.47594484424243677,
      "t100_raw_frame_diagnostic_improvement": 0.3295930766716896,
      "hard_failure_improvement": 0.4372599087028438,
      "easy_degradation": -0.28703887951299933,
      "switch_rate": 0.8334874726752984,
      "harm_over_fallback": -0.23895228406192529
    },
    "val_diagnostics": {
      "unsafe_rows": 1200,
      "unsafe_rate": 0.05044560282495376,
      "base_switch_rate": 0.8334874726752984,
      "final_switch_rate": 0.8334874726752984,
      "base_near_005": 0.015512022868673281,
      "final_near_005": 0.004371952244829325,
      "floor_near_005": 0.012737514713300825,
      "base_p05_min_distance": 0.07308731743085398,
      "final_p05_min_distance": 0.07964797237636109,
      "floor_p05_min_distance": 0.0760265211798491
    },
    "no_test_threshold_tuning": true
  },
  "test_summary_vs_train_horizon_causal_floor": {
    "rows": 47458,
    "all_improvement": 0.24715658317833844,
    "t50_improvement": 0.2236298792899738,
    "t100_raw_frame_diagnostic_improvement": 0.1434611214781808,
    "hard_failure_improvement": 0.23887420070464105,
    "easy_degradation": -0.2563085406508494,
    "switch_rate": 0.5880989506511021
  },
  "test_group_safety": {
    "base_near_005": 0.019364490707573012,
    "final_near_005": 0.01382274853554722,
    "floor_near_005": 0.022377681318218216,
    "base_p05_min_distance": 0.07437689768396878,
    "final_p05_min_distance": 0.07770240407545181,
    "floor_p05_min_distance": 0.07354961919220622,
    "unsafe_rows": 955,
    "unsafe_rate": 0.02012305617598719
  },
  "delta_vs_stage42_am": {
    "all_improvement": 0.001368197579674879,
    "t50_improvement": 0.0034591684196666472,
    "t100_raw_frame_diagnostic_improvement": -0.0001912838735811384,
    "hard_failure_improvement": 0.0013803223197202952,
    "easy_degradation": 0.00031875910508205596
  },
  "delta_vs_stage42_cq": {
    "all_improvement": 0.22941298583615666,
    "t50_improvement": 0.21295645314091805,
    "t100_raw_frame_diagnostic_improvement": 0.10865987811683775,
    "hard_failure_improvement": 0.21958065347734568,
    "easy_degradation": -0.2588013168716248
  },
  "delta_vs_stage42_dh": {
    "all_improvement": -0.00790447834428909,
    "t50_improvement": 0.00226343727685574,
    "t100_raw_frame_diagnostic_improvement": 6.639493340476754e-05,
    "hard_failure_improvement": 0.0014814608235146354,
    "easy_degradation": 0.03598402325558514
  },
  "bootstrap": {
    "all": {
      "low": 0.24398589342448532,
      "mid": 0.24716645683401411,
      "high": 0.25028958924895384,
      "n": 47458,
      "bootstrap_n": 1000
    },
    "t50": {
      "low": 0.2192721133481516,
      "mid": 0.22367135200280347,
      "high": 0.2276000110961241,
      "n": 11538,
      "bootstrap_n": 1000
    },
    "t100_raw_frame_diagnostic": {
      "low": 0.13746561835522514,
      "mid": 0.14357574405988266,
      "high": 0.14902997710800778,
      "n": 7048,
      "bootstrap_n": 1000
    },
    "hard_failure": {
      "low": 0.2353474401829904,
      "mid": 0.2388492111717208,
      "high": 0.24233611448217454,
      "n": 35076,
      "bootstrap_n": 1000
    },
    "easy_degradation": {
      "low": -0.35918353359601424,
      "mid": -0.34466677241767063,
      "high": -0.3300698133885259,
      "n": 11192,
      "bootstrap_n": 1000
    }
  },
  "no_leakage": {
    "future_endpoint_input": false,
    "future_waypoint_input": false,
    "future_waypoint_label_eval_only": true,
    "group_features_predicted_rollout_only": true,
    "central_velocity": false,
    "test_endpoint_goals": false,
    "test_threshold_tuning": false,
    "validation_only_policy_selection": true,
    "train_only_feature_normalization": true,
    "source_overlap_pass": true
  },
  "claim_boundary": {
    "true_3d": false,
    "foundation_world_model": false,
    "metric_or_seconds_claim": false,
    "raw_frame_dataset_local_only": true,
    "stage5c_executed": false,
    "smc_enabled": false
  }
}