{
  "source": "fresh_run",
  "stage": "Stage42-F paper-ready evidence package",
  "generated_at_utc": "2026-05-25T20:33:12.102637+00:00",
  "git_commit": "f7ab44d",
  "python": "3.11.1",
  "machine": "arm64",
  "current_facts": [
    "当前不是 true 3D world model。",
    "当前不是 large-scale foundation world model。",
    "当前仍是 dataset-local / raw-frame 2.5D 多智能体轨迹世界状态模型。",
    "SDD 是 pixel-space；external 是 dataset-local / unverified weak metric diagnostic。",
    "t+50 / t+100 是 raw-frame horizon，不能写成 seconds-level。",
    "global metric/time claims 仍不允许；TGSIM 只能作为 traffic diagnostic，不是 pedestrian official claim。",
    "self-audited / visual-prior labels 不是 human gold。",
    "Stage5C latent generative 未执行。",
    "SMC 未启用。"
  ],
  "input_hash": "a66ba85745ebe18cd6b2437eba80eda982261c3efc4ca14e1328570b7c2789f6",
  "evidence_summary": {
    "data_calibration": {
      "datasets_audited": 7,
      "external_domains_ready_from_existing_state": [
        "opentraj",
        "eth_ucy",
        "trajnet",
        "ucy"
      ],
      "metric_claim_ready_datasets": [
        "tgsim"
      ],
      "seconds_claim_ready_datasets": [],
      "global_metric_claim_allowed": false,
      "global_seconds_claim_allowed": false
    },
    "external_validation": {
      "rows": 55528,
      "all": 0.2102513255185352,
      "t50": 0.13652231450154184,
      "t100_raw_frame_diagnostic": 0.14694086716388166,
      "hard_failure": 0.20384916307933942,
      "easy_degradation": -0.14511076140795587,
      "ungated_easy_degradation": 1.2458611044726973,
      "by_domain": {
        "ETH_UCY": {
          "rows": 25901,
          "all_improvement": 0.19062711907148822,
          "t10_improvement": 0.4421030898244771,
          "t25_improvement": 0.08626219775321453,
          "t50_improvement": 0.13578010021258757,
          "t100_improvement": 0.1345954848165677,
          "hard_failure_improvement": 0.18707724155054317,
          "failure_improvement": 0.23979992868491018,
          "easy_degradation": -0.1361185217956561,
          "switch_rate": 0.39380718891162503,
          "harm_over_fallback": -0.09991210991584816
        },
        "TrajNet": {
          "rows": 20087,
          "all_improvement": 0.2295029620675162,
          "t10_improvement": 0.5089431497884755,
          "t25_improvement": 0.1357580189865265,
          "t50_improvement": 0.166209193926539,
          "t100_improvement": 0.14024617113502336,
          "hard_failure_improvement": 0.2195777066718413,
          "failure_improvement": 0.2816834879425284,
          "easy_degradation": -0.14966415934330612,
          "switch_rate": 0.27654702046099466,
          "harm_over_fallback": -0.09028708910424278
        },
        "UCY": {
          "rows": 9540,
          "all_improvement": 0.23265884628641076,
          "t10_improvement": 0.5301448202265879,
          "t25_improvement": 0.1094369383623871,
          "t50_improvement": 0.0913767291690647,
          "t100_improvement": 0.19255939765315455,
          "hard_failure_improvement": 0.22601578755697505,
          "failure_improvement": 0.3149812946151078,
          "easy_degradation": -0.15375935190404844,
          "switch_rate": 0.33343815513626834,
          "harm_over_fallback": -0.1243715327938506
        }
      }
    },
    "full_waypoint": {
      "model": "full_trajectory_ensemble",
      "positive_domains": [
        "ETH_UCY",
        "TrajNet"
      ],
      "ade_all": 0.18577852429834418,
      "ade_t50": 0.14803699577731477,
      "ade_t100_raw_frame_diagnostic": 0.22857426649949408,
      "ade_hard_failure": 0.19518047277951456,
      "ade_easy_degradation": -0.0,
      "fde_all": 0.19384419892400817,
      "fde_t50": 0.2158088248723733,
      "near_collision_delta_005": 0.008639348472064268
    },
    "ablation": {
      "gate": {
        "source": "fresh_run",
        "passed": 12,
        "total": 12,
        "verdict": "stage42_d_causal_ablation_evidence_pass_with_retrain_boundary"
      },
      "all_components_retrained_inside_stage42_d": false,
      "required_ablation_coverage_gate": true,
      "same_protocol_architecture_ablation_gate": true
    },
    "safety_floor": {
      "gate": {
        "source": "fresh_run",
        "passed": 12,
        "total": 12,
        "verdict": "stage42_e_safety_floor_research_pass"
      },
      "best_policy_family": "current_composite_tail_policy",
      "best_policy_source": "cached_verified_policy_fresh_eval",
      "best_all": 0.2102513255185352,
      "best_t50": 0.13652231450154184,
      "best_t100_raw_frame_diagnostic": 0.14694086716388166,
      "best_hard_failure": 0.20384916307933942,
      "best_easy_degradation": 0.0,
      "floor_necessity_conclusion": "teacher_floor_required_for_current_deployment"
    }
  },
  "claim_matrix": [
    {
      "claim": "protected external raw-frame 2.5D world-state dynamics improves over Stage37/strongest floor",
      "status": "supported",
      "evidence": "external all=0.2103, t50=0.1365, hard=0.2038, easy=-0.1451"
    },
    {
      "claim": "full-waypoint sequence dynamics exists beyond endpoint-only linear bridge",
      "status": "supported_but_protected",
      "evidence": "full-waypoint ADE all=0.1858, t50=0.1480, t100diag=0.2286, positive_domains=['ETH_UCY', 'TrajNet']"
    },
    {
      "claim": "ungated neural can replace safety floor",
      "status": "rejected",
      "evidence": "ungated easy degradation=1.2459; safety conclusion=teacher_floor_required_for_current_deployment"
    },
    {
      "claim": "metric or seconds-level pedestrian world model",
      "status": "not_supported",
      "evidence": "global_metric=False, global_seconds=False"
    },
    {
      "claim": "true 3D or foundation world model",
      "status": "not_supported",
      "evidence": "all Stage42 claim boundaries keep true_3d=false and foundation_world_model=false"
    },
    {
      "claim": "scene/goal/interaction/history/neighbor contributions are proven",
      "status": "partially_supported",
      "evidence": "ablation coverage=True; all Stage42-D component retraining=False"
    },
    {
      "claim": "A-journal submission candidate",
      "status": "candidate_package_not_final_claim",
      "evidence": "A-E evidence is organized and strong for a protected 2.5D paper; full retrained ablation, metric/time calibration, independent external expansion, and floor-free safety remain gaps."
    }
  ],
  "experiment_rows": [
    {
      "experiment": "Stage42-B protected endpoint/external validation",
      "source": "fresh_run",
      "all": 0.2102513255185352,
      "t50": 0.13652231450154184,
      "t100": 0.14694086716388166,
      "hard": 0.20384916307933942,
      "easy": -0.14511076140795587,
      "note": "protected composite-tail endpoint dynamics; external source-fold eval"
    },
    {
      "experiment": "Stage42-C protected full-waypoint dynamics ADE",
      "source": "fresh_run",
      "all": 0.18577852429834418,
      "t50": 0.14803699577731477,
      "t100": 0.22857426649949408,
      "hard": 0.19518047277951456,
      "easy": -0.0,
      "note": "actual reconstructed future waypoint labels; positive on ETH_UCY and TrajNet"
    },
    {
      "experiment": "Stage42-C protected full-waypoint dynamics FDE",
      "source": "fresh_run",
      "all": 0.19384419892400817,
      "t50": 0.2158088248723733,
      "t100": null,
      "hard": null,
      "easy": null,
      "note": "full-waypoint FDE summary"
    },
    {
      "experiment": "Stage42-E best deployable safety-floor policy",
      "source": "fresh_run",
      "all": 0.2102513255185352,
      "t50": 0.13652231450154184,
      "t100": 0.14694086716388166,
      "hard": 0.20384916307933942,
      "easy": 0.0,
      "note": "teacher_floor_required_for_current_deployment"
    }
  ],