{
  "policy_name": "stage42_ak_post_repair_locked_policy",
  "source": "fresh_synthesis_from_stage42_af_ag_ai_aj_and_source_split",
  "base_cache": {
    "stage": "Stage42-X unified row-level full-waypoint cache",
    "cache_hash": "ffa31b2525fa1a10db356ac5b1ef78602e44bc6f065c63cfc05ac29083e08937",
    "input_hash": "32df67bd086ca4748f9c9fcbf3708725ff37125964e9c47b3ea1b32325e24d4c",
    "rows": [
      {
        "source": "fresh_run_from_stage42s_row_cache_plus_stage42v_ucy_rows",
        "pair_idx": 0,
        "stage42r_cache_path": "data/stage42_row_prediction_cache/stage42r_pair_0.npz",
        "stage42v_seed": 181,
        "cache_path": "data/stage42_unified_full_waypoint_cache/stage42x_unified_pair_0.npz",
        "merged_test_metrics": {
          "ade": {
            "rows": 55528,
            "all_improvement": 0.0896550518711795,
            "t10_improvement": 0.2457178176214726,
            "t25_improvement": -0.008492900610347354,
            "t50_improvement": 0.057301659093583424,
            "t100_improvement": 0.060273759288940076,
            "hard_failure_improvement": 0.09224890357572713,
            "easy_degradation": 0.0,
            "harm_over_fallback": -0.0429115834701493,
            "switch_rate": 0.215801037314508,
            "regret_to_oracle": -0.06402094198878072,
            "by_domain": {
              "ETH_UCY": {
                "rows": 25901,
                "all_improvement": 0.04426809274496735,
                "t50_improvement": 0.008709692824530157,
                "t100_improvement": 0.016222616119753952,
                "hard_failure_improvement": 0.04427477876452923,
                "easy_degradation": 0.0,
                "switch_rate": 0.12953167831357862
              },
              "TrajNet": {
                "rows": 20087,
                "all_improvement": 0.10289795275752,
                "t50_improvement": 0.11610302751663615,
                "t100_improvement": 0.04234349299248019,
                "hard_failure_improvement": 0.1074273080113547,
                "easy_degradation": 0.01001429739144144,
                "switch_rate": 0.22726141285408474
              },
              "UCY": {
                "rows": 9540,
                "all_improvement": 0.18995255146553514,
                "t50_improvement": 0.09594216033002112,
                "t100_improvement": 0.21401847886024328,
                "hard_failure_improvement": 0.2018299613010056,
                "easy_degradation": 0.0,
                "switch_rate": 0.42589098532494757
              }
            }
          },
          "fde": {
            "rows": 55528,
            "all_improvement": 0.13662119406011963,
            "t10_improvement": 0.2723228464041626,
            "t25_improvement": 0.013826966525052109,
            "t50_improvement": 0.13756666014722918,
            "t100_improvement": 0.13100108280003875,
            "hard_failure_improvement": 0.14283538475664004,
            "easy_degradation": 0.0,
            "harm_over_fallback": -0.09391714238405609,
            "switch_rate": 0.215801037314508,
            "regret_to_oracle": 0.09377098335189761,
            "by_domain": {
              "ETH_UCY": {
                "rows": 25901,
                "all_improvement": 0.07818493440906582,
                "t50_improvement": 0.02623038154774293,
                "t100_improvement": 0.08676332192888092,
                "hard_failure_improvement": 0.07796659136110551,
                "easy_degradation": 0.0,
                "switch_rate": 0.12953167831357862
              },
              "TrajNet": {
                "rows": 20087,
                "all_improvement": 0.17002703222901927,
                "t50_improvement": 0.2586027054177671,
                "t100_improvement": 0.13971662540949026,
                "hard_failure_improvement": 0.18420429696228036,
                "easy_degradation": 0.012274063540822722,
                "switch_rate": 0.22726141285408474
              },
              "UCY": {
                "rows": 9540,
                "all_improvement": 0.2442022702105363,
                "t50_improvement": 0.2617002281527592,
                "t100_improvement": 0.24442584745897988,
                "hard_failure_improvement": 0.26290663625319133,
                "easy_degradation": 0.0,
                "switch_rate": 0.42589098532494757
              }
            }
          },
          "switch_rate": 0.215801037314508
        }
      },
      {
        "source": "fresh_run_from_stage42s_row_cache_plus_stage42v_ucy_rows",
        "pair_idx": 1,
        "stage42r_cache_path": "data/stage42_row_prediction_cache/stage42r_pair_1.npz",
        "stage42v_seed": 191,
        "cache_path": "data/stage42_unified_full_waypoint_cache/stage42x_unified_pair_1.npz",
        "merged_test_metrics": {
          "ade": {
            "rows": 55528,
            "all_improvement": 0.08351502709867986,
            "t10_improvement": 0.17174634347878648,
            "t25_improvement": 0.0,
            "t50_improvement": 0.06866808698374349,
            "t100_improvement": 0.074652956766452,
            "hard_failure_improvement": 0.08825189383753196,
            "easy_degradation": 0.003305935114881642,
            "harm_over_fallback": -0.039972784372553846,
            "switch_rate": 0.24099553378475724,
            "regret_to_oracle": -0.06108214289118527,
            "by_domain": {
              "ETH_UCY": {
                "rows": 25901,
                "all_improvement": 0.023665005476507295,
                "t50_improvement": -0.0044989624100018055,
                "t100_improvement": 0.01553219367737213,
                "hard_failure_improvement": 0.025424326309217427,
                "easy_degradation": 0.004842346103971273,
                "switch_rate": 0.14192502219991507
              },
              "TrajNet": {
                "rows": 20087,
                "all_improvement": 0.06154147894671824,
                "t50_improvement": 0.10239345373457875,
                "t100_improvement": 0.05479530241523001,
                "hard_failure_improvement": 0.06893195959195342,
                "easy_degradation": 0.00364290220317387,
                "switch_rate": 0.23308607557126498
              },
              "UCY": {
                "rows": 9540,
                "all_improvement": 0.27688177985786333,
                "t50_improvement": 0.21393284709995286,
                "t100_improvement": 0.2746155441373441,
                "hard_failure_improvement": 0.2924759620291393,
                "easy_degradation": 0.0,
                "switch_rate": 0.5266247379454927
              }
            }
          },
          "fde": {
            "rows": 55528,
            "all_improvement": 0.11604541331695639,
            "t10_improvement": 0.15478865221944205,
            "t25_improvement": 0.0,
            "t50_improvement": 0.1379392972646295,
            "t100_improvement": 0.1283296939438685,
            "hard_failure_improvement": 0.1241119842856474,
            "easy_degradation": 0.004279301996259921,
            "harm_over_fallback": -0.07977278840579688,
            "switch_rate": 0.24099553378475724,
            "regret_to_oracle": 0.10791533733015682,
            "by_domain": {
              "ETH_UCY": {
                "rows": 25901,
                "all_improvement": 0.013969010542020155,
                "t50_improvement": -0.00885381519704631,
                "t100_improvement": 0.019151253305956795,
                "hard_failure_improvement": 0.014918029154734502,
                "easy_degradation": 0.006827960512116871,
                "switch_rate": 0.14192502219991507
              },
              "TrajNet": {
                "rows": 20087,
                "all_improvement": 0.17777196099753445,
                "t50_improvement": 0.24648932582028327,
                "t100_improvement": 0.2353882592700548,
                "hard_failure_improvement": 0.19780879571695453,