{
  "stage": "Stage42-IJ",
  "source": "fresh_stage42_ij_t50_ensemble_source_robustness",
  "generated_at_utc": "2026-05-28T00:03:02.004847+00:00",
  "git_commit": "bb3199e",
  "input_hash": "989f16d5a2010f74e7b1b3b5dc337300c28aa2ff6d4b0f1dd27e8916475b90b3",
  "summary": {
    "rows": 55528,
    "source_count": 3,
    "scene_count": 3,
    "switch_rate": 0.2196369399222014,
    "all_improvement": 0.12119213944179186,
    "t50_improvement": 0.08136295402065519,
    "t50_source_group_ci_low": 0.0,
    "t50_scene_group_ci_low": 0.0,
    "hard_failure_improvement": 0.12477536764968988,
    "easy_degradation": 0.0,
    "powered_t50_source_count": 3,
    "positive_powered_t50_source_count": 2,
    "negative_powered_t50_source_count": 0,
    "powered_t50_scene_count": 3,
    "positive_powered_t50_scene_count": 2,
    "negative_powered_t50_scene_count": 0
  },
  "group_bootstrap": {
    "source_file": {
      "all": {
        "low": 0.05666197320854704,
        "mid": 0.12119213944179197,
        "high": 0.2327550731432313,
        "n_rows": 55528,
        "n_groups": 3,
        "bootstrap_n": 2000
      },
      "t50": {
        "low": 0.0,
        "mid": 0.08136295402065508,
        "high": 0.16416814956649306,
        "n_rows": 13689,
        "n_groups": 3,
        "bootstrap_n": 2000
      },
      "t100_raw_frame_diagnostic": {
        "low": 0.0,
        "mid": 0.1410414296962642,
        "high": 0.3071440794014333,
        "n_rows": 9905,
        "n_groups": 3,
        "bootstrap_n": 2000
      },
      "hard_failure": {
        "low": 0.0,
        "mid": 0.12477536764968966,
        "high": 0.23880805062179167,
        "n_rows": 41741,
        "n_groups": 3,
        "bootstrap_n": 2000
      },
      "easy_degradation": {
        "low": 0.0,
        "mid": 0.0,
        "high": 0.005423638819791021,
        "n_rows": 16739,
        "n_groups": 3,
        "bootstrap_n": 2000
      }
    },
    "scene_id": {
      "all": {
        "low": 0.0,
        "mid": 0.12119213944179197,
        "high": 0.2327550731432313,
        "n_rows": 55528,
        "n_groups": 3,
        "bootstrap_n": 2000
      },
      "t50": {
        "low": 0.0,
        "mid": 0.08136295402065508,
        "high": 0.16416814956649306,
        "n_rows": 13689,
        "n_groups": 3,
        "bootstrap_n": 2000
      },
      "hard_failure": {
        "low": 0.0,
        "mid": 0.12477536764968966,
        "high": 0.23880805062179167,
        "n_rows": 41741,
        "n_groups": 3,
        "bootstrap_n": 2000
      },
      "easy_degradation": {
        "low": 0.0,
        "mid": 0.0,
        "high": 0.005423638819791021,
        "n_rows": 16739,
        "n_groups": 3,
        "bootstrap_n": 2000
      }
    }
  },
  "source_rows": [
    {
      "source_file": "/Users/yangyue/Downloads/World/external_data/OpenTraj/datasets/TrajNet/Train/crowds/crowds_zara02.txt",
      "rows": 20087,
      "t50_rows": 4927,
      "t100_rows": 3032,
      "all_improvement": 0.23275507314323118,
      "t50_improvement": 0.16416814956649317,
      "t100_raw_frame_diagnostic_improvement": 0.3071440794014333,
      "hard_failure_improvement": 0.23880805062179178,
      "easy_degradation": 0.0
    },
    {
      "source_file": "/Users/yangyue/Downloads/World/external_data/OpenTraj/datasets/UCY/zara02/obsmat.txt",
      "rows": 25901,
      "t50_rows": 6422,
      "t100_rows": 5433,
      "all_improvement": 0.1017781776940796,
      "t50_improvement": 0.06289589000604334,
      "t100_raw_frame_diagnostic_improvement": 0.10248287730835504,
      "hard_failure_improvement": 0.10608372660929133,
      "easy_degradation": 0.005423638819791021
    },
    {
      "source_file": "/Users/yangyue/Downloads/World/external_data/OpenTraj/datasets/UCY/zara03/crowds_zara03.txt",
      "rows": 9540,
      "t50_rows": 2340,
      "t100_rows": 1440,
      "all_improvement": 0.0,
      "t50_improvement": 0.0,
      "t100_raw_frame_diagnostic_improvement": 0.0,
      "hard_failure_improvement": 0.0,
      "easy_degradation": 0.0
    }
  ],
  "scene_rows": [
    {
      "scene_id": "ETH_UCY_zara02",
      "rows": 25901,
      "t50_rows": 6422,
      "t100_rows": 5433,
      "all_improvement": 0.1017781776940796,
      "t50_improvement": 0.06289589000604334,
      "t100_raw_frame_diagnostic_improvement": 0.10248287730835504,
      "hard_failure_improvement": 0.10608372660929133,
      "easy_degradation": 0.005423638819791021
    },
    {
      "scene_id": "TrajNet_crowds",
      "rows": 20087,
      "t50_rows": 4927,
      "t100_rows": 3032,
      "all_improvement": 0.23275507314323118,
      "t50_improvement": 0.16416814956649317,
      "t100_raw_frame_diagnostic_improvement": 0.3071440794014333,
      "hard_failure_improvement": 0.23880805062179178,
      "easy_degradation": 0.0
    },
    {
      "scene_id": "UCY_zara03",
      "rows": 9540,
      "t50_rows": 2340,
      "t100_rows": 1440,
      "all_improvement": 0.0,
      "t50_improvement": 0.0,
      "t100_raw_frame_diagnostic_improvement": 0.0,
      "hard_failure_improvement": 0.0,
      "easy_degradation": 0.0
    }
  ],
  "cache_events": [
    {
      "artifact": "base_prediction",
      "seed": 109,
      "source": "cached_verified",
      "cache_path": "data/stage42_t50_gain_harm_ensemble_cache/base_predictions_seed109.npz"
    },
    {
      "artifact": "base_prediction",
      "seed": 113,
      "source": "cached_verified",
      "cache_path": "data/stage42_t50_gain_harm_ensemble_cache/base_predictions_seed113.npz"
    },
    {
      "artifact": "base_prediction",
      "seed": 127,
      "source": "cached_verified",
      "cache_path": "data/stage42_t50_gain_harm_ensemble_cache/base_predictions_seed127.npz"
    },
    {
      "artifact": "selector_score",
      "seed": 149,
      "base_seed": 109,
      "split": "test",
      "source": "cached_verified",
      "cache_path": "data/stage42_t50_gain_harm_ensemble_cache/selector_scores_seed149_base109_test.npz"
    },
    {
      "artifact": "selector_score",
      "seed": 151,
      "base_seed": 113,
      "split": "test",
      "source": "cached_verified",
      "cache_path": "data/stage42_t50_gain_harm_ensemble_cache/selector_scores_seed151_base113_test.npz"
    },
    {
      "artifact": "selector_score",
      "seed": 157,
      "base_seed": 127,
      "split": "test",
      "source": "cached_verified",
      "cache_path": "data/stage42_t50_gain_harm_ensemble_cache/selector_scores_seed157_base127_test.npz"
    },
    {
      "artifact": "selector_score",
      "seed": 163,
      "base_seed": 109,
      "split": "test",
      "source": "cached_verified",
      "cache_path": "data/stage42_t50_gain_harm_ensemble_cache/selector_scores_seed163_base109_test.npz"
    },
    {
      "artifact": "selector_score",
      "seed": 167,
      "base_seed": 113,
      "split": "test",
      "source": "cached_verified",
      "cache_path": "data/stage42_t50_gain_harm_ensemble_cache/selector_scores_seed167_base113_test.npz"
    },
    {
      "artifact": "selector_score",
      "seed": 173,
      "base_seed": 127,
      "split": "test",
      "source": "cached_verified",
      "cache_path": "data/stage42_t50_gain_harm_ensemble_cache/selector_scores_seed173_base127_test.npz"
    }
  ],
  "source_labels": {
    "stage42ii_policy": "cached_verified",
    "stage42ii_intermediate_predictions_and_scores": "cached_verified",
    "source_scene_robustness_eval": "fresh_run",
    "new_training": "not_run"
  },
  "no_leakage": {
    "future_endpoint_input": false,
    "future_waypoints_input": false,
    "future_waypoints_used_as_eval_label_only": true,
    "central_velocity": false,
    "test_endpoint_goals": false,
    "test_statistics_normalization": false,
    "thresholds_selected_on_val": true,
    "test_threshold_tuning": false
  },
  "claim_boundary": {
    "true_3d": false,
    "foundation_world_model": false,
    "metric_or_seconds_claim": false,
    "raw_frame_dataset_local_only": true,
    "stage5c_executed": false,