{
  "stage": "Stage42-IG",
  "source": "fresh_stage42_ig_t50_gain_harm_row_bootstrap",
  "generated_at_utc": "2026-05-27T22:39:56.247935+00:00",
  "git_commit": "5485d24",
  "input_hash": "203cf785b99b05183b7df91e697aa8eba633ceb68ca3b41b3a4e7430b0e7f67e",
  "stage42p_source": "fresh_run",
  "dataset_rows": {
    "test": 55528
  },
  "mask_rows": {
    "all": 55528,
    "t50": 13689,
    "t100_raw_frame_diagnostic": 9905,
    "hard_failure": 41741,
    "easy": 16739
  },
  "summary": {
    "seed_count": 3,
    "validation_selected_seed": 151,
    "row_errors_exported_in_memory": true,
    "row_error_arrays_committed": false,
    "bootstrap_n": 2000,
    "selected_ade_t50_improvement": 0.02835156467125788,
    "selected_ade_t50_ci_low": 0.02337057837058586,
    "selected_ade_t50_ci_high": 0.03344525156545659,
    "selected_fde_t50_improvement": 0.06756639271119047,
    "selected_fde_t50_ci_low": 0.06097561497494118,
    "selected_ade_hard_failure_improvement": 0.05467681010380976,
    "selected_ade_easy_degradation": 0.007574226595513656,
    "selected_t50_oracle_headroom_ade": 0.0967296395768017,
    "multiseed_ade_t50_ci_low": -0.01793137718168797
  },
  "seed_results": [
    {
      "seed": 149,
      "base_seed": 109,
      "source": "fresh_row_error_replay_from_cached_stage42p_checkpoint",
      "metrics": {
        "rows": 55528,
        "switch_rate": 0.13991139605244202,
        "ade": {
          "all_improvement": 0.044941799547946304,
          "t50_improvement": 0.006431686204768194,
          "t100_improvement": 0.02056067348812618,
          "hard_failure_improvement": 0.045274386275409584,
          "easy_degradation": 0.013312431877575026
        },
        "fde": {
          "all_improvement": 0.08075389839348557,
          "t50_improvement": 0.05668311857558006,
          "t100_improvement": 0.08548453153212543,
          "hard_failure_improvement": 0.08358650473937179,
          "easy_degradation": 0.00031973517778616234
        },
        "oracle_ade": {
          "all_improvement": 0.13283513751676346,
          "t50_improvement": 0.09684954346030239,
          "t100_improvement": 0.09675687162855307,
          "hard_failure_improvement": 0.13097076086587545
        },
        "oracle_fde": {
          "all_improvement": 0.2698839567654313,
          "t50_improvement": 0.28392855108867043,
          "t100_improvement": 0.2657473305761956,
          "hard_failure_improvement": 0.27010857177709124
        },
        "bootstrap": {
          "ade": {
            "all": {
              "low": 0.04194770538565017,
              "mid": 0.044999945576346456,
              "high": 0.04768837933963418,
              "n": 55528,
              "bootstrap_n": 2000
            },
            "t50": {
              "low": 0.0015954555951953192,
              "mid": 0.006422134784126787,
              "high": 0.010941460847054987,
              "n": 13689,
              "bootstrap_n": 2000
            },
            "t100": {
              "low": 0.015198621892833438,
              "mid": 0.020683636307044506,
              "high": 0.025921018199706967,
              "n": 9905,
              "bootstrap_n": 2000
            },
            "hard_failure": {
              "low": 0.042290094456062265,
              "mid": 0.0452703464785007,
              "high": 0.04840567369660386,
              "n": 41741,
              "bootstrap_n": 2000
            },
            "selected_minus_oracle_t50_mean": 0.04424630625455414
          },
          "fde": {
            "all": {
              "low": 0.0772934981701297,
              "mid": 0.08076582434986418,
              "high": 0.08439184599856837,
              "n": 55528,
              "bootstrap_n": 2000
            },
            "t50": {
              "low": 0.051023169053325865,
              "mid": 0.05666135078677009,
              "high": 0.06172778273746719,
              "n": 13689,
              "bootstrap_n": 2000
            },
            "t100": {
              "low": 0.07761816135720462,
              "mid": 0.08536452297615499,
              "high": 0.09330130510953302,
              "n": 9905,
              "bootstrap_n": 2000
            },
            "hard_failure": {
              "low": 0.07964128263297822,
              "mid": 0.08353448802215019,
              "high": 0.08768649060279801,
              "n": 41741,
              "bootstrap_n": 2000
            },
            "selected_minus_oracle_t50_mean": 0.1859447921091263
          },
          "easy_degradation": {
            "ade": {
              "low": 0.005515272511883024,
              "mid": 0.012848476773186457,
              "high": 0.02122138402485758,
              "n": 16739,
              "bootstrap_n": 2000
            },
            "fde": {
              "low": 0.0,
              "mid": 0.00024410398885976736,
              "high": 0.011794312229322193,
              "n": 16739,
              "bootstrap_n": 2000
            }
          }
        }
      },
      "score_means": {
        "switch_prob": 0.5555629134178162,
        "gain": 0.2312750667333603,
        "harm_prob": 0.4095618724822998,
        "uncertainty": 0.46414294838905334
      }
    },
    {
      "seed": 151,
      "base_seed": 113,
      "source": "fresh_row_error_replay_from_cached_stage42p_checkpoint",
      "metrics": {
        "rows": 55528,
        "switch_rate": 0.13713802045814724,
        "ade": {
          "all_improvement": 0.051532403733529186,
          "t50_improvement": 0.02835156467125788,
          "t100_improvement": 0.07592082420106572,
          "hard_failure_improvement": 0.05467681010380976,
          "easy_degradation": 0.007574226595513656
        },
        "fde": {
          "all_improvement": 0.0537677327517303,
          "t50_improvement": 0.06756639271119047,
          "t100_improvement": 0.0935336178599806,
          "hard_failure_improvement": 0.05800650757730641,
          "easy_degradation": 0.009529614761218275
        },
        "oracle_ade": {
          "all_improvement": 0.13373712124735893,
          "t50_improvement": 0.0967296395768017,
          "t100_improvement": 0.17577468902598425,
          "hard_failure_improvement": 0.13624564579846332
        },
        "oracle_fde": {
          "all_improvement": 0.20118587107496733,
          "t50_improvement": 0.20420034346667015,
          "t100_improvement": 0.2569160655393282,
          "hard_failure_improvement": 0.20263114516268133
        },
        "bootstrap": {
          "ade": {
            "all": {
              "low": 0.048135096064606225,
              "mid": 0.05142066295382025,
              "high": 0.05482906046170444,
              "n": 55528,
              "bootstrap_n": 2000
            },
            "t50": {
              "low": 0.02337057837058586,
              "mid": 0.028229376884997326,
              "high": 0.03344525156545659,
              "n": 13689,
              "bootstrap_n": 2000
            },
            "t100": {
              "low": 0.06867156495308585,
              "mid": 0.07589542784233,
              "high": 0.08357205276513961,
              "n": 9905,
              "bootstrap_n": 2000
            },
            "hard_failure": {
              "low": 0.05092713469643569,
              "mid": 0.054657258690930244,
              "high": 0.058235462564786275,
              "n": 41741,
              "bootstrap_n": 2000
            },
            "selected_minus_oracle_t50_mean": 0.033461058857179954
          },
          "fde": {
            "all": {
              "low": 0.04943928324974121,
              "mid": 0.05380260757018063,
              "high": 0.05839532113588685,
              "n": 55528,
              "bootstrap_n": 2000
            },
            "t50": {
              "low": 0.06097561497494118,
              "mid": 0.06750340974516694,
              "high": 0.07374119417958769,
              "n": 13689,
              "bootstrap_n": 2000
            },