{
  "entity_mean": [
    0.4703634977340698,
    0.5046707391738892,
    0.07249773293733597,
    -0.0057459077797830105,
    -0.0007655969238840044,
    6.384398875525221e-05,
    0.004210543818771839,
    0.3248100280761719,
    0.8616153001785278,
    0.17453432083129883,
    -0.04997660964727402,
    0.5065838098526001,
    0.9310829043388367,
    0.06839866936206818,
    0.17590908706188202,
    0.0
  ],
  "entity_std": [
    0.21288461983203888,
    0.1295797973871231,
    0.6151660680770874,
    0.30992451310157776,
    0.07578528672456741,
    0.04494280368089676,
    1.8350226879119873,
    0.044091809540987015,
    0.2486925572156906,
    0.9050940871238708,
    0.38454291224479675,
    0.3486078679561615,
    0.18277187645435333,
    0.09311401098966599,
    0.13896393775939941,
    9.999999974752427e-07
  ],
  "neighbor_mean": [
    -0.061983373016119,
    0.03257529065012932,
    1.2231450080871582,
    0.5713918209075928,
    0.011453205719590187,
    0.0004149790620431304,
    2.2064952850341797,
    5.465528964996338,
    0.019627265632152557,
    0.01362753938883543,
    0.06785409152507782,
    0.0042597828432917595
  ],
  "neighbor_std": [
    0.9754599332809448,
    0.5622575879096985,
    0.6670674085617065,
    0.4306989312171936,
    0.2423706352710724,
    0.11401642858982086,
    2.1554746627807617,
    3.339060068130493,
    0.7267708778381348,
    0.6864623427391052,
    0.0929998829960823,
    0.0204874686896801
  ],
  "obstacle_mean": [
    -0.02397657372057438,
    0.08470623195171356,
    0.5006770491600037,
    0.0,
    0.9342816472053528,
    0.8398661613464355,
    0.5197123289108276,
    0.423662930727005
  ],
  "obstacle_std": [
    0.8244888186454773,
    0.5590118765830994,
    0.34729132056236267,
    9.999999974752427e-07,
    0.1799115240573883,
    0.0001348296646028757,
    0.0002886033907998353,
    0.14004823565483093
  ],
  "target_mean": [
    -0.0018548875814303756,
    -0.0017699708696454763
  ],
  "target_std": [
    0.17715395987033844,
    0.10134872794151306
  ]
}