{
  "source": "fresh_run",
  "protocol": "strict_pure_ucy_neural_bootstrap_statistical_evidence",
  "best_trial": "pure_ucy_transformer",
  "best_mode": "bounded_endpoint_residual",
  "selected_policy": {
    "type": "bounded_endpoint_residual",
    "mode": "gain_harm",
    "alpha": 0.15,
    "gain_prob": 0.0,
    "harm_prob": 0.5,
    "physical_prob": 0.0,
    "max_switch": 1.0,
    "val_score": 0.3738025602881907,
    "selection_rule": "validation_score_minus_switch_ungated_easy_risk_penalty"
  },
  "test_metrics_recomputed": {
    "rows": 35441,
    "all_improvement": 0.09008338741058997,
    "t10_improvement": 0.14947939008441202,
    "t25_improvement": 0.05550895315198645,
    "t50_improvement": 0.08800918427966675,
    "t100_improvement": 0.08310612104619552,
    "hard_failure_improvement": 0.09358425348430643,
    "easy_degradation": 0.0,
    "harm_over_fallback": -0.07187757044502117,
    "switch_rate": 0.792725938884343,
    "regret_to_oracle": 0.12651374372598992,
    "by_domain": {
      "ETH_UCY": {
        "rows": 25901,
        "all_improvement": 0.09830500611895576,
        "t50_improvement": 0.09915599864170066,
        "t100_improvement": 0.09344195079241124,
        "hard_failure_improvement": 0.10158284536653805,
        "easy_degradation": 0.0,
        "switch_rate": 0.778116675031852
      },
      "UCY": {
        "rows": 9540,
        "all_improvement": 0.06858233005902004,
        "t50_improvement": 0.06028512849977563,
        "t100_improvement": 0.05353284068199737,
        "hard_failure_improvement": 0.07194134956972442,
        "easy_degradation": 0.0,
        "switch_rate": 0.8323899371069182
      }
    }
  },
  "raw_neural_endpoint_without_fallback": {
    "rows": 35441,
    "all_improvement": 0.09230014952008259,
    "t10_improvement": 0.2945080639312109,
    "t25_improvement": -0.31497445367685795,
    "t50_improvement": 0.21303079289629967,
    "t100_improvement": 0.06383108641982482,
    "hard_failure_improvement": 0.1499403484153744,
    "easy_degradation": 1.6257516010806778,
    "harm_over_fallback": -0.07364632580896721,
    "switch_rate": 1.0,
    "regret_to_oracle": 0.12474498836204391,
    "by_domain": {
      "ETH_UCY": {
        "rows": 25901,
        "all_improvement": 0.04621994621154035,
        "t50_improvement": 0.1871286638125077,
        "t100_improvement": 0.0026131006895112607,
        "hard_failure_improvement": 0.11285089841042761,
        "easy_degradation": 2.3738767004916275,
        "switch_rate": 1.0
      },
      "UCY": {
        "rows": 9540,
        "all_improvement": 0.21280842523236154,
        "t50_improvement": 0.2774538691415518,
        "t100_improvement": 0.2389903817823379,
        "hard_failure_improvement": 0.2502984382542832,
        "easy_degradation": 0.39570304933311595,
        "switch_rate": 1.0
      }
    }
  },
  "bootstrap": {
    "all": {
      "low": 0.08888491295965614,
      "mid": 0.09009971904930486,
      "high": 0.09135867452756226,
      "n": 35441,
      "bootstrap_n": 2000
    },
    "t10": {
      "low": 0.1481140774972566,
      "mid": 0.1495189207508832,
      "high": 0.15090174691459696,
      "n": 10283,
      "bootstrap_n": 2000
    },
    "t25": {
      "low": 0.0529458657410641,
      "mid": 0.05552207015857841,
      "high": 0.05808115407173316,
      "n": 9523,
      "bootstrap_n": 2000
    },
    "t50": {
      "low": 0.08630755189944371,
      "mid": 0.08801361542528385,
      "high": 0.08980679181662142,
      "n": 8762,
      "bootstrap_n": 2000
    },
    "t100_raw_frame_diagnostic": {
      "low": 0.08069804446646152,
      "mid": 0.08305205465961801,
      "high": 0.08558095641083746,
      "n": 6873,
      "bootstrap_n": 2000
    },
    "hard_failure": {
      "low": 0.09229635491900144,
      "mid": 0.09358290668404395,
      "high": 0.09487362958628931,
      "n": 28250,
      "bootstrap_n": 2000
    },
    "by_source": {
      "UCY/zara02/obsmat.txt": {
        "low": 0.09673364730105438,
        "mid": 0.0982820306175517,
        "high": 0.09985136850302054,
        "n": 25901,
        "bootstrap_n": 2000
      },
      "UCY/zara03/crowds_zara03.txt": {
        "low": 0.06707415954927377,
        "mid": 0.06857230531591169,
        "high": 0.07016195297326545,
        "n": 9540,
        "bootstrap_n": 2000
      }
    },
    "by_domain_label": {
      "ETH_UCY": {
        "low": 0.0968151009272892,
        "mid": 0.09830091816363518,
        "high": 0.09988979246490229,
        "n": 25901,
        "bootstrap_n": 2000
      },
      "UCY": {
        "low": 0.0670891280461587,
        "mid": 0.06857666287739467,
        "high": 0.07007955135447046,
        "n": 9540,
        "bootstrap_n": 2000
      }
    }
  },
  "source_metrics": {
    "UCY/zara02/obsmat.txt": {
      "rows": 25901,
      "all_improvement": 0.09830500611895576,
      "t10_improvement": 0.1535791297511241,
      "t25_improvement": 0.05651003628408491,
      "t50_improvement": 0.09915599864170066,
      "t100_improvement": 0.09344195079241124,
      "hard_failure_improvement": 0.10158284536653805,
      "easy_degradation": 0.0,
      "harm_over_fallback": -0.07764002379379073,
      "switch_rate": 0.778116675031852,
      "regret_to_oracle": 0.11491436008020821,
      "by_domain": {
        "ETH_UCY": {
          "rows": 25901,
          "all_improvement": 0.09830500611895576,
          "t50_improvement": 0.09915599864170066,
          "t100_improvement": 0.09344195079241124,
          "hard_failure_improvement": 0.10158284536653805,
          "easy_degradation": 0.0,
          "switch_rate": 0.778116675031852
        }
      }
    },
    "UCY/zara03/crowds_zara03.txt": {
      "rows": 9540,
      "all_improvement": 0.06858233005902004,
      "t10_improvement": 0.13980827315782807,
      "t25_improvement": 0.052961317088511595,
      "t50_improvement": 0.06028512849977563,
      "t100_improvement": 0.05353284068199737,
      "hard_failure_improvement": 0.07194134956972442,
      "easy_degradation": 0.0,
      "harm_over_fallback": -0.0562325700061868,
      "switch_rate": 0.8323899371069182,
      "regret_to_oracle": 0.15800594873745671,
      "by_domain": {
        "UCY": {
          "rows": 9540,
          "all_improvement": 0.06858233005902004,
          "t50_improvement": 0.06028512849977563,
          "t100_improvement": 0.05353284068199737,
          "hard_failure_improvement": 0.07194134956972442,
          "easy_degradation": 0.0,
          "switch_rate": 0.8323899371069182
        }
      }
    }
  },
  "statistically_stable_on_test": true,
  "bootstrap_n": 2000,
  "interpretation": "The strict pure-UCY neural residual repair has positive bootstrap lower bounds for all/t50/t100/hard while preserving easy cases under validation-selected conservative bounded residual deployment. Raw ungated endpoint neural remains unsafe and is reported as negative no-fallback evidence.",
  "no_leakage": {
    "future_endpoint_input": false,
    "future_endpoint_label_eval_only": true,
    "candidate_fde_input": false,
    "candidate_fde_label_only": true,
    "train_only_floor_selection": true,
    "train_only_normalization_statistics": true,
    "central_velocity": false,
    "test_endpoint_goals": false,
    "stage5c_executed": false,
    "smc_enabled": false,
    "validation_policy_selection_only": true,
    "test_threshold_tuning": false,
    "mixed_external_neural_proposal_used": false,
    "mixed_external_floor_used": false,
    "bootstrap_uses_test_labels_for_ci_only": true
  },
  "claim_boundary": {
    "strict_pure_ucy_statistical_support": true,
    "ungated_neural_replacement": false,
    "dataset_local_raw_frame": true,
    "metric_or_seconds_claim": false,
    "true_3d": false,
    "foundation_world_model": false
  }
}