{
  "source": "fresh_run",
  "purpose": "audit whether validation can select safe neural switching policies for the same t50 failure slices seen at test",
  "by_domain": {
    "ETH_UCY": {
      "train": {
        "rows": 41501,
        "source_files": 3,
        "scenes": 3,
        "t50_rows": 10244,
        "t100_rows": 8973,
        "hard": 33026,
        "easy": 10656,
        "failure": 16409,
        "oracle_headroom_all": 0.3296628197514334,
        "oracle_headroom_t50": 0.28684241425311274,
        "candidate6_mean_improvement_t50": -1.0251221330227436,
        "best_candidate_distribution_t50": {
          "0": 5499,
          "1": 1334,
          "2": 16,
          "3": 65,
          "4": 11,
          "5": 5,
          "6": 390,
          "7": 26,
          "8": 2898
        }
      },
      "val": {
        "rows": 4648,
        "source_files": 1,
        "scenes": 1,
        "t50_rows": 1099,
        "t100_rows": 717,
        "hard": 4124,
        "easy": 1622,
        "failure": 1775,
        "oracle_headroom_all": 0.2794699832528772,
        "oracle_headroom_t50": 0.04451229362451736,
        "candidate6_mean_improvement_t50": -1.6627994237772628,
        "best_candidate_distribution_t50": {
          "0": 927,
          "1": 157,
          "6": 7,
          "7": 2,
          "8": 6
        }
      },
      "test": {
        "rows": 21598,
        "source_files": 1,
        "scenes": 1,
        "t50_rows": 5074,
        "t100_rows": 2614,
        "hard": 18865,
        "easy": 1812,
        "failure": 10862,
        "oracle_headroom_all": 0.4010119588969192,
        "oracle_headroom_t50": 0.4880542856199006,
        "candidate6_mean_improvement_t50": 0.3270755840452334,
        "best_candidate_distribution_t50": {
          "0": 1351,
          "1": 261,
          "2": 2,
          "3": 52,
          "6": 2732,
          "7": 2,
          "8": 674
        }
      },
      "validation_test_gap": {
        "t50_oracle_gap": 0.44354199199538324,
        "t50_oracle_ratio": 10.964482974902925
      }
    },
    "TrajNet": {
      "train": {
        "rows": 35009,
        "source_files": 6,
        "scenes": 3,
        "t50_rows": 8448,
        "t100_rows": 5085,
        "hard": 25040,
        "easy": 10917,
        "failure": 12109,
        "oracle_headroom_all": 0.36198416800276345,
        "oracle_headroom_t50": 0.38668143093278795,
        "candidate6_mean_improvement_t50": -0.9755853282346907,
        "best_candidate_distribution_t50": {
          "0": 2782,
          "1": 699,
          "2": 26,
          "3": 126,
          "4": 14,
          "5": 7,
          "6": 244,
          "7": 22,
          "8": 4528
        }
      },
      "val": {
        "rows": 6098,
        "source_files": 2,
        "scenes": 1,
        "t50_rows": 1450,
        "t100_rows": 843,
        "hard": 4244,
        "easy": 2495,
        "failure": 1991,
        "oracle_headroom_all": 0.24792189412638355,
        "oracle_headroom_t50": 0.07457766332806082,
        "candidate6_mean_improvement_t50": -1.1755599233644785,
        "best_candidate_distribution_t50": {
          "0": 1258,
          "1": 107,
          "2": 1,
          "3": 10,
          "4": 2,
          "5": 5,
          "6": 48,
          "7": 2,
          "8": 17
        }
      },
      "test": {
        "rows": 3639,
        "source_files": 2,
        "scenes": 2,
        "t50_rows": 831,
        "t100_rows": 480,
        "hard": 3116,
        "easy": 431,
        "failure": 1854,
        "oracle_headroom_all": 0.26778559529834733,
        "oracle_headroom_t50": 0.09633990902528955,
        "candidate6_mean_improvement_t50": -1.2157231491981668,
        "best_candidate_distribution_t50": {
          "0": 673,
          "1": 41,
          "3": 3,
          "6": 8,
          "8": 106
        }
      },
      "validation_test_gap": {
        "t50_oracle_gap": 0.021762245697228733,
        "t50_oracle_ratio": 1.2918064836853156
      }
    },
    "UCY": {
      "train": {
        "rows": 3490,
        "source_files": 1,
        "scenes": 1,
        "t50_rows": 869,
        "t100_rows": 547,
        "hard": 2710,
        "easy": 746,
        "failure": 1558,
        "oracle_headroom_all": 0.2935519962653349,
        "oracle_headroom_t50": 0.07921451928295808,
        "candidate6_mean_improvement_t50": -1.2378463301799276,
        "best_candidate_distribution_t50": {
          "0": 755,
          "1": 68,
          "3": 2,
          "5": 3,
          "6": 36,
          "7": 2,
          "8": 3
        }
      },
      "val": {
        "rows": 13254,
        "source_files": 1,
        "scenes": 1,
        "t50_rows": 3282,
        "t100_rows": 2009,
        "hard": 8805,
        "easy": 4689,
        "failure": 4087,
        "oracle_headroom_all": 0.40411995078566076,
        "oracle_headroom_t50": 0.5225752010409577,
        "candidate6_mean_improvement_t50": -0.8793164735885703,
        "best_candidate_distribution_t50": {
          "0": 612,
          "1": 214,
          "2": 8,
          "3": 58,
          "4": 5,
          "5": 9,
          "6": 109,
          "7": 8,
          "8": 2259
        }
      },
      "test": {
        "rows": 9540,
        "source_files": 1,
        "scenes": 1,
        "t50_rows": 2340,
        "t100_rows": 1440,
        "hard": 7389,
        "easy": 1979,
        "failure": 4302,
        "oracle_headroom_all": 0.2932943815841236,
        "oracle_headroom_t50": 0.0763795492531959,
        "candidate6_mean_improvement_t50": -1.2484253361415116,
        "best_candidate_distribution_t50": {
          "0": 2038,
          "1": 173,
          "2": 6,
          "3": 9,
          "4": 1,
          "5": 4,
          "6": 97,
          "7": 2,
          "8": 10
        }
      },
      "validation_test_gap": {
        "t50_oracle_gap": -0.44619565178776177,
        "t50_oracle_ratio": 0.1461599193782055
      }
    }
  },
  "blockers": [
    "ETH_UCY t50 validation headroom is not representative: val=0.0445, test=0.4881"
  ],
  "largest_blocker": "ETH_UCY t50 validation headroom is not representative: val=0.0445, test=0.4881",
  "no_leakage": {
    "future_endpoint_input": false,
    "test_endpoint_goals": false,
    "central_velocity": false,
    "note": "future labels are used only for split diagnostics/oracle headroom audit, not as model features or goal construction"
  }
}