{
  "source": "fresh_run",
  "inputs": "past-only history/prototypes + selected baseline rollout",
  "variants": {
    "linear_bounded_correction": {
      "source": "fresh_run",
      "config": {
        "alpha": 0.0,
        "clip": 0.25
      },
      "with_fallback": {
        "rows": 66303,
        "all_improvement": 0.1348254070040389,
        "t10_improvement": 0.30620476404756647,
        "t25_improvement": 0.0,
        "t50_improvement": 0.08457292499203606,
        "t100_improvement": 0.0,
        "hard_failure_improvement": 0.15543403861117056,
        "easy_degradation": 0.0004114683717719725,
        "harm_over_fallback": -0.14194807770788026,
        "intervention_rate": 0.04891181394507036,
        "smoothness_proxy": 1.859190279676184,
        "physical_validity_proxy": "bounded_delta_clip"
      },
      "without_fallback": {
        "rows": 66303,
        "all_improvement": 0.026499629529652013,
        "t10_improvement": 0.30620476404756647,
        "t25_improvement": 0.0,
        "t50_improvement": -0.593724851675016,
        "t100_improvement": 0.0,
        "hard_failure_improvement": 0.03044137375672662,
        "easy_degradation": 0.4203723359664233,
        "harm_over_fallback": -0.027899574385059533,
        "intervention_rate": 0.24514727840369213,
        "smoothness_proxy": 1.859190279676184,
        "physical_validity_proxy": "bounded_delta_clip"
      }
    },
    "ridge_correction": {
      "source": "fresh_run",
      "config": {
        "alpha": 0.0,
        "clip": 0.25
      },
      "with_fallback": {
        "rows": 66303,
        "all_improvement": 0.1348254070040389,
        "t10_improvement": 0.30620476404756647,
        "t25_improvement": 0.0,
        "t50_improvement": 0.08457292499203606,
        "t100_improvement": 0.0,
        "hard_failure_improvement": 0.15543403861117056,
        "easy_degradation": 0.0004114683717719725,
        "harm_over_fallback": -0.14194807770788026,
        "intervention_rate": 0.04891181394507036,
        "smoothness_proxy": 1.859190279676184,
        "physical_validity_proxy": "bounded_delta_clip"
      },
      "without_fallback": {
        "rows": 66303,
        "all_improvement": 0.026499629529652013,
        "t10_improvement": 0.30620476404756647,
        "t25_improvement": 0.0,
        "t50_improvement": -0.593724851675016,
        "t100_improvement": 0.0,
        "hard_failure_improvement": 0.03044137375672662,
        "easy_degradation": 0.4203723359664233,
        "harm_over_fallback": -0.027899574385059533,
        "intervention_rate": 0.24514727840369213,
        "smoothness_proxy": 1.859190279676184,
        "physical_validity_proxy": "bounded_delta_clip"
      }
    },
    "horizon_specific_correction": {
      "source": "fresh_run",
      "config": {
        "alpha": 0.0,
        "clip": 0.25
      },
      "with_fallback": {
        "rows": 66303,
        "all_improvement": 0.1348254070040389,
        "t10_improvement": 0.30620476404756647,
        "t25_improvement": 0.0,
        "t50_improvement": 0.08457292499203606,
        "t100_improvement": 0.0,
        "hard_failure_improvement": 0.15543403861117056,
        "easy_degradation": 0.0004114683717719725,
        "harm_over_fallback": -0.14194807770788026,
        "intervention_rate": 0.04891181394507036,
        "smoothness_proxy": 1.859190279676184,
        "physical_validity_proxy": "bounded_delta_clip"
      },
      "without_fallback": {
        "rows": 66303,
        "all_improvement": 0.026499629529652013,
        "t10_improvement": 0.30620476404756647,
        "t25_improvement": 0.0,
        "t50_improvement": -0.593724851675016,
        "t100_improvement": 0.0,
        "hard_failure_improvement": 0.03044137375672662,
        "easy_degradation": 0.4203723359664233,
        "harm_over_fallback": -0.027899574385059533,
        "intervention_rate": 0.24514727840369213,
        "smoothness_proxy": 1.859190279676184,
        "physical_validity_proxy": "bounded_delta_clip"
      }
    },
    "hard_only_correction": {
      "source": "fresh_run",
      "config": {
        "alpha": 0.0,
        "clip": 0.25
      },
      "with_fallback": {
        "rows": 66303,
        "all_improvement": 0.1348254070040389,
        "t10_improvement": 0.30620476404756647,
        "t25_improvement": 0.0,
        "t50_improvement": 0.08457292499203606,
        "t100_improvement": 0.0,
        "hard_failure_improvement": 0.15543403861117056,
        "easy_degradation": 0.0004114683717719725,
        "harm_over_fallback": -0.14194807770788026,
        "intervention_rate": 0.04891181394507036,
        "smoothness_proxy": 1.859190279676184,
        "physical_validity_proxy": "bounded_delta_clip"
      },
      "without_fallback": {
        "rows": 66303,
        "all_improvement": 0.026499629529652013,
        "t10_improvement": 0.30620476404756647,
        "t25_improvement": 0.0,
        "t50_improvement": -0.593724851675016,
        "t100_improvement": 0.0,
        "hard_failure_improvement": 0.03044137375672662,
        "easy_degradation": 0.4203723359664233,
        "harm_over_fallback": -0.027899574385059533,
        "intervention_rate": 0.24514727840369213,
        "smoothness_proxy": 1.859190279676184,
        "physical_validity_proxy": "bounded_delta_clip"
      }
    },
    "t50_only_correction": {
      "source": "fresh_run",
      "config": {
        "alpha": 0.0,
        "clip": 0.25
      },
      "with_fallback": {
        "rows": 66303,
        "all_improvement": 0.1348254070040389,
        "t10_improvement": 0.30620476404756647,
        "t25_improvement": 0.0,
        "t50_improvement": 0.08457292499203606,
        "t100_improvement": 0.0,
        "hard_failure_improvement": 0.15543403861117056,
        "easy_degradation": 0.0004114683717719725,
        "harm_over_fallback": -0.14194807770788026,
        "intervention_rate": 0.04891181394507036,
        "smoothness_proxy": 1.859190279676184,
        "physical_validity_proxy": "bounded_delta_clip"
      },
      "without_fallback": {
        "rows": 66303,
        "all_improvement": 0.026499629529652013,
        "t10_improvement": 0.30620476404756647,
        "t25_improvement": 0.0,
        "t50_improvement": -0.593724851675016,
        "t100_improvement": 0.0,
        "hard_failure_improvement": 0.03044137375672662,
        "easy_degradation": 0.4203723359664233,
        "harm_over_fallback": -0.027899574385059533,
        "intervention_rate": 0.24514727840369213,
        "smoothness_proxy": 1.859190279676184,
        "physical_validity_proxy": "bounded_delta_clip"
      }
    },
    "small_mlp_correction": {
      "source": "not_run",
      "reason": "small MLP skipped; bounded linear/ridge variants are safer for this dataset-local correction head"
    }
  },
  "val_selection": {
    "linear_bounded_correction": {
      "source": "fresh_run",
      "config": {
        "alpha": 0.0,
        "clip": 0.25
      },
      "metrics": {
        "rows": 112746,
        "all_improvement": 0.11989496063235561,
        "t10_improvement": 0.29579083442985643,
        "t25_improvement": 0.0,
        "t50_improvement": 0.0,
        "t100_improvement": 0.0,
        "hard_failure_improvement": 0.13847290380477673,
        "easy_degradation": 0.0,
        "harm_over_fallback": -0.12484534753098046,
        "intervention_rate": 0.0,
        "smoothness_proxy": 0.0,
        "physical_validity_proxy": "bounded_delta_clip",
        "_score": 0.0,
        "selection_note": "validation has no frozen Stage37 t50 switches; safe no-op correction selected"
      }
    },
    "ridge_correction": {
      "source": "fresh_run",
      "config": {
        "alpha": 0.0,
        "clip": 0.25
      },
      "metrics": {
        "rows": 112746,
        "all_improvement": 0.11989496063235561,
        "t10_improvement": 0.29579083442985643,
        "t25_improvement": 0.0,
        "t50_improvement": 0.0,
        "t100_improvement": 0.0,
        "hard_failure_improvement": 0.13847290380477673,