{
  "source": "fresh_run",
  "comparisons": {
    "external_strongest_baseline": {
      "all_improvement": 0.0,
      "t50_improvement": 0.0,
      "hard_failure_improvement": 0.0,
      "easy_degradation": 0.0
    },
    "Stage35_policy": {
      "rows": 66303,
      "all_improvement": 0.12131890857784355,
      "t10_improvement": 0.30620476404756647,
      "t25_improvement": 0.0,
      "t50_improvement": 0.0,
      "t100_improvement": 0.0,
      "hard_failure_improvement": 0.1398494448930071,
      "easy_degradation": 0.0004114683717719725,
      "selector_regret": 0.4289430569144169,
      "switch_rate": 0.04999773765892946,
      "mean_confidence": 0.03720055893063545
    },
    "Stage37_frozen_policy": {
      "rows": 66303,
      "all_improvement": 0.1348254070727205,
      "t10_improvement": 0.30620476404756647,
      "t25_improvement": 0.0,
      "t50_improvement": 0.08457292542209705,
      "t100_improvement": 0.0,
      "hard_failure_improvement": 0.1554340386904196,
      "easy_degradation": 0.0004114683717719725,
      "selector_regret": 0.493665392606631,
      "harm_over_fallback": -0.14194807778019042,
      "switch_rate": 0.0990452920682322,
      "mean_confidence": 0.04121534153819084,
      "stage35_non_t50_plus_stage37_t50": true,
      "status": "fresh_run",
      "reason": "Stage37 final safety-selected external policy."
    },
    "Stage38_correction_with_fallback": {
      "rows": 66303,
      "all_improvement": 0.1348254070040389,
      "t10_improvement": 0.30620476404756647,
      "t25_improvement": 0.0,
      "t50_improvement": 0.08457292499203606,
      "t100_improvement": 0.0,
      "hard_failure_improvement": 0.15543403861117056,
      "easy_degradation": 0.0004114683717719725,
      "harm_over_fallback": -0.14194807770788026,
      "intervention_rate": 0.04891181394507036,
      "smoothness_proxy": 1.859190279676184,
      "physical_validity_proxy": "bounded_delta_clip"
    },
    "Stage38_correction_without_fallback": {
      "rows": 66303,
      "all_improvement": 0.026499629529652013,
      "t10_improvement": 0.30620476404756647,
      "t25_improvement": 0.0,
      "t50_improvement": -0.593724851675016,
      "t100_improvement": 0.0,
      "hard_failure_improvement": 0.03044137375672662,
      "easy_degradation": 0.4203723359664233,
      "harm_over_fallback": -0.027899574385059533,
      "intervention_rate": 0.24514727840369213,
      "smoothness_proxy": 1.859190279676184,
      "physical_validity_proxy": "bounded_delta_clip"
    },
    "Stage38_hard_only_correction": {
      "rows": 66303,
      "all_improvement": 0.1348254070040389,
      "t10_improvement": 0.30620476404756647,
      "t25_improvement": 0.0,
      "t50_improvement": 0.08457292499203606,
      "t100_improvement": 0.0,
      "hard_failure_improvement": 0.15543403861117056,
      "easy_degradation": 0.0004114683717719725,
      "harm_over_fallback": -0.14194807770788026,
      "intervention_rate": 0.04891181394507036,
      "smoothness_proxy": 1.859190279676184,
      "physical_validity_proxy": "bounded_delta_clip"
    },
    "Stage38_t50_only_correction": {
      "rows": 66303,
      "all_improvement": 0.1348254070040389,
      "t10_improvement": 0.30620476404756647,
      "t25_improvement": 0.0,
      "t50_improvement": 0.08457292499203606,
      "t100_improvement": 0.0,
      "hard_failure_improvement": 0.15543403861117056,
      "easy_degradation": 0.0004114683717719725,
      "harm_over_fallback": -0.14194807770788026,
      "intervention_rate": 0.04891181394507036,
      "smoothness_proxy": 1.859190279676184,
      "physical_validity_proxy": "bounded_delta_clip"
    }
  },
  "correction_deployable": false,
  "deployment_decision": "keep_stage37_selector"
}