{
  "source": "fresh_run",
  "final_policy": "stage35_selective_transfer_with_t50_fallback",
  "matrix": {
    "external_all": {
      "rows": 66303,
      "all_improvement": 0.12131890857784355,
      "t10_improvement": 0.30620476404756647,
      "t25_improvement": 0.0,
      "t50_improvement": 0.0,
      "t100_improvement": 0.0,
      "hard_failure_improvement": 0.1398494448930071,
      "easy_degradation": 0.0004114683717719725,
      "selector_regret": 0.4289430569144169,
      "harm_over_fallback": -0.12772804655228734,
      "switch_rate": 0.04999773765892946,
      "mean_confidence": 0.03720055893063545,
      "status": "fresh_run",
      "reason": "Stage36 final external policy; t50 remains a hard gate."
    },
    "external_t10": {
      "rows": 66303,
      "all_improvement": 0.30620476404756647,
      "t10_improvement": 0.30620476404756647,
      "t25_improvement": 0.0,
      "t50_improvement": 0.0,
      "t100_improvement": 0.0,
      "hard_failure_improvement": 0.1398494448930071,
      "easy_degradation": 0.0004114683717719725,
      "selector_regret": 0.4289430569144169,
      "harm_over_fallback": -0.12772804655228734,
      "switch_rate": 0.04999773765892946,
      "mean_confidence": 0.03720055893063545,
      "status": "fresh_run",
      "reason": "t10 slice from final external policy."
    },
    "external_t25": {
      "rows": 66303,
      "all_improvement": 0.0,
      "t10_improvement": 0.30620476404756647,
      "t25_improvement": 0.0,
      "t50_improvement": 0.0,
      "t100_improvement": 0.0,
      "hard_failure_improvement": 0.1398494448930071,
      "easy_degradation": 0.0004114683717719725,
      "selector_regret": 0.4289430569144169,
      "harm_over_fallback": -0.12772804655228734,
      "switch_rate": 0.04999773765892946,
      "mean_confidence": 0.03720055893063545,
      "status": "fresh_run",
      "reason": "t25 slice from final external policy."
    },
    "external_t50": {
      "rows": 66303,
      "all_improvement": 0.0,
      "t10_improvement": 0.30620476404756647,
      "t25_improvement": 0.0,
      "t50_improvement": 0.0,
      "t100_improvement": 0.0,
      "hard_failure_improvement": 0.1398494448930071,
      "easy_degradation": 0.0004114683717719725,
      "selector_regret": 0.4289430569144169,
      "harm_over_fallback": -0.12772804655228734,
      "switch_rate": 0.04999773765892946,
      "mean_confidence": 0.03720055893063545,
      "status": "fresh_run",
      "reason": "t50 raw-frame diagnostic/deployment gate slice."
    },
    "external_t100_diagnostic": {
      "rows": 66303,
      "all_improvement": 0.0,
      "t10_improvement": 0.30620476404756647,
      "t25_improvement": 0.0,
      "t50_improvement": 0.0,
      "t100_improvement": 0.0,
      "hard_failure_improvement": 0.1398494448930071,
      "easy_degradation": 0.0004114683717719725,
      "selector_regret": 0.4289430569144169,
      "harm_over_fallback": -0.12772804655228734,
      "switch_rate": 0.04999773765892946,
      "mean_confidence": 0.03720055893063545,
      "status": "fresh_run",
      "reason": "t100 remains diagnostic raw-frame, not seconds-level."
    },
    "external_hard_failure": {
      "rows": 66303,
      "all_improvement": 0.1398494448930071,
      "t10_improvement": 0.30620476404756647,
      "t25_improvement": 0.0,
      "t50_improvement": 0.0,
      "t100_improvement": 0.0,
      "hard_failure_improvement": 0.1398494448930071,
      "easy_degradation": 0.0004114683717719725,
      "selector_regret": 0.4289430569144169,
      "harm_over_fallback": -0.12772804655228734,
      "switch_rate": 0.04999773765892946,
      "mean_confidence": 0.03720055893063545,
      "status": "fresh_run",
      "reason": "hard/failure subset."
    },
    "external_easy": {
      "rows": 66303,
      "all_improvement": -0.0004114683717719725,
      "t10_improvement": 0.30620476404756647,
      "t25_improvement": 0.0,
      "t50_improvement": 0.0,
      "t100_improvement": 0.0,
      "hard_failure_improvement": 0.1398494448930071,
      "easy_degradation": 0.0004114683717719725,
      "selector_regret": 0.4289430569144169,
      "harm_over_fallback": -0.12772804655228734,
      "switch_rate": 0.04999773765892946,
      "mean_confidence": 0.03720055893063545,
      "status": "fresh_run",
      "reason": "easy preservation subset."
    },
    "held_out_external_scenes": {
      "rows": 66303,
      "all_improvement": 0.12131890857784355,
      "t10_improvement": 0.30620476404756647,
      "t25_improvement": 0.0,
      "t50_improvement": 0.0,
      "t100_improvement": 0.0,
      "hard_failure_improvement": 0.1398494448930071,
      "easy_degradation": 0.0004114683717719725,
      "selector_regret": 0.4289430569144169,
      "harm_over_fallback": -0.12772804655228734,
      "switch_rate": 0.04999773765892946,
      "mean_confidence": 0.03720055893063545,
      "status": "fresh_run",
      "reason": "Stage35/36 scene-level held-out external test scenes."
    },
    "SDD_safety_check": {
      "rows": 100000,
      "all_improvement": 0.0,
      "t10_improvement": 0.0,
      "t25_improvement": 0.0,
      "t50_improvement": 0.0,
      "t100_improvement": 0.0,
      "hard_failure_improvement": 0.0,
      "easy_degradation": 0.0,
      "selector_regret": 0.0,
      "harm_over_fallback": 0.0,
      "switch_rate": 0.0,
      "mean_confidence": 0.0,
      "status": "cached_verified",
      "reason": "Stage36 policy is not deployed to SDD; Stage26/M3W-LAS v2 remains SDD safety floor."
    },
    "SDD_easy_preservation": {
      "rows": 100000,
      "all_improvement": 0.0,
      "t10_improvement": 0.0,
      "t25_improvement": 0.0,
      "t50_improvement": 0.0,
      "t100_improvement": 0.0,
      "hard_failure_improvement": 0.0,
      "easy_degradation": 0.0,
      "selector_regret": 0.0,
      "harm_over_fallback": 0.0,
      "switch_rate": 0.0,
      "mean_confidence": 0.0,
      "status": "cached_verified",
      "reason": "No SDD switch is applied by Stage36."
    }
  },
  "t100_status": "diagnostic_raw_frame_dataset_local",
  "metric_status": "external dataset-local / unverified weak metric diagnostic"
}