{
  "source": "fresh_run",
  "experiments": {
    "t10_selector": {
      "source": "fresh_run",
      "model": "random_forest_regressor",
      "selected_on": "val",
      "policy": {
        "gain": 0.0,
        "confidence": 0.0,
        "max_switch": 0.2,
        "easy_guard": 1.0,
        "hard_only": 1.0
      },
      "val_metrics": {
        "rows": 112746,
        "all_improvement": 0.0972990722018735,
        "t10_improvement": 0.240044899335629,
        "t25_improvement": 0.0,
        "t50_improvement": 0.0,
        "t100_improvement": 0.0,
        "hard_failure_improvement": 0.11243967432723956,
        "easy_degradation": 0.0,
        "selector_regret": 0.44010296812640104,
        "harm_over_fallback": -0.10131648919534904,
        "switch_rate": 0.06684050875419084,
        "mean_confidence": 0.054649896919727325,
        "_score": 0.29247958596790724
      },
      "test_metrics": {
        "rows": 66303,
        "all_improvement": 0.09254900738715621,
        "t10_improvement": 0.23359052024142768,
        "t25_improvement": 0.0,
        "t50_improvement": 0.0,
        "t100_improvement": 0.0,
        "hard_failure_improvement": 0.10678849792413891,
        "easy_degradation": 0.0,
        "selector_regret": 0.4592328387931498,
        "harm_over_fallback": -0.09743826467355449,
        "switch_rate": 0.06414491048670498,
        "mean_confidence": 0.05244778096675873
      }
    },
    "t25_selector": {
      "source": "fresh_run",
      "model": "random_forest_regressor",
      "selected_on": "val",
      "policy": {
        "gain": 0.0,
        "confidence": 0.0,
        "max_switch": 0.2,
        "easy_guard": 1.0,
        "hard_only": 0.0
      },
      "val_metrics": {
        "rows": 112746,
        "all_improvement": 0.07851783278499302,
        "t10_improvement": 0.0,
        "t25_improvement": 0.32754357091236175,
        "t50_improvement": 0.0,
        "t100_improvement": 0.0,
        "hard_failure_improvement": 0.07311124166074001,
        "easy_degradation": 0.0,
        "selector_regret": 0.45965967300954375,
        "harm_over_fallback": -0.08175978431220635,
        "switch_rate": 0.05686232771007397,
        "mean_confidence": 0.04022993519902229,
        "_score": 0.36545083952379503
      },
      "test_metrics": {
        "rows": 66303,
        "all_improvement": 0.08293347196381429,
        "t10_improvement": 0.0,
        "t25_improvement": 0.35036727830143977,
        "t50_improvement": 0.0,
        "t100_improvement": 0.0,
        "hard_failure_improvement": 0.08128930493067787,
        "easy_degradation": 0.0,
        "selector_regret": 0.4693563518594558,
        "harm_over_fallback": -0.0873147516072485,
        "switch_rate": 0.05660377358490566,
        "mean_confidence": 0.04320738837122917
      }
    },
    "t50_selector": {
      "source": "fresh_run",
      "model": "random_forest_regressor",
      "selected_on": "val",
      "policy": {
        "gain": 0.0,
        "confidence": 0.0,
        "max_switch": 0.2,
        "easy_guard": 1.0,
        "hard_only": 0.0
      },
      "val_metrics": {
        "rows": 112746,
        "all_improvement": 0.0059865817346580474,
        "t10_improvement": 0.0,
        "t25_improvement": 0.0,
        "t50_improvement": 0.03777288685068725,
        "t100_improvement": 0.0,
        "hard_failure_improvement": 0.006918147165697275,
        "easy_degradation": 0.0,
        "selector_regret": 0.5351856934233838,
        "harm_over_fallback": -0.006233763898366195,
        "switch_rate": 0.047460663792950525,
        "mean_confidence": 0.00893996562808752,
        "_score": 0.04099906907577608
      },
      "test_metrics": {
        "rows": 66303,
        "all_improvement": -0.0018587637543769908,
        "t10_improvement": 0.0,
        "t25_improvement": 0.0,
        "t50_improvement": -0.01163892243691822,
        "t100_improvement": 0.0,
        "hard_failure_improvement": -0.002144751142444834,
        "easy_degradation": 0.0,
        "selector_regret": 0.5586280635657679,
        "harm_over_fallback": 0.0019569600990635046,
        "switch_rate": 0.049047554409302745,
        "mean_confidence": 0.009633413515985012
      }
    },
    "t100_selector": {
      "source": "fresh_run",
      "model": "random_forest_regressor",
      "selected_on": "val",
      "policy": {
        "gain": 0.0,
        "confidence": 0.0,
        "max_switch": 0.0,
        "easy_guard": 0.0,
        "hard_only": 0.0
      },
      "val_metrics": {
        "rows": 112746,
        "all_improvement": 0.0,
        "t10_improvement": 0.0,
        "t25_improvement": 0.0,
        "t50_improvement": 0.0,
        "t100_improvement": 0.0,
        "hard_failure_improvement": 0.0,
        "easy_degradation": 0.0,
        "selector_regret": 0.5414194573217501,
        "harm_over_fallback": 0.0,
        "switch_rate": 0.0,
        "mean_confidence": 0.0,
        "_score": 0.0
      },
      "test_metrics": {
        "rows": 66303,
        "all_improvement": 0.0,
        "t10_improvement": 0.0,
        "t25_improvement": 0.0,
        "t50_improvement": 0.0,
        "t100_improvement": 0.0,
        "hard_failure_improvement": 0.0,
        "easy_degradation": 0.0,
        "selector_regret": 0.5566711034667043,
        "harm_over_fallback": 0.0,
        "switch_rate": 0.0,
        "mean_confidence": 0.0
      }
    },
    "multi_task_horizon_selector": {
      "source": "fresh_run",
      "model": "ridge_all_horizons",
      "selected_on": "val",
      "policy": {
        "gain": 0.0,
        "confidence": 0.0,
        "max_switch": 0.0,
        "easy_guard": 0.0,
        "hard_only": 0.0
      },
      "val_metrics": {
        "rows": 112746,
        "all_improvement": 0.0,
        "t10_improvement": 0.0,
        "t25_improvement": 0.0,
        "t50_improvement": 0.0,
        "t100_improvement": 0.0,
        "hard_failure_improvement": 0.0,
        "easy_degradation": 0.0,
        "selector_regret": 0.5414194573217501,
        "harm_over_fallback": 0.0,
        "switch_rate": 0.0,
        "mean_confidence": 0.0,
        "_score": 0.0
      },
      "test_metrics": {
        "rows": 66303,
        "all_improvement": 0.0,
        "t10_improvement": 0.0,
        "t25_improvement": 0.0,
        "t50_improvement": 0.0,
        "t100_improvement": 0.0,
        "hard_failure_improvement": 0.0,
        "easy_degradation": 0.0,
        "selector_regret": 0.5566711034667043,
        "harm_over_fallback": 0.0,
        "switch_rate": 0.0,
        "mean_confidence": 0.0
      }
    },
    "t50_hard_selector": {
      "source": "fresh_run",
      "model": "random_forest_t50_hard",
      "selected_on": "val",
      "policy": {
        "gain": 0.0,
        "confidence": 0.0,
        "max_switch": 0.2,
        "easy_guard": 1.0,
        "hard_only": 0.0
      },
      "val_metrics": {
        "rows": 112746,
        "all_improvement": 0.0059865817346580474,
        "t10_improvement": 0.0,
        "t25_improvement": 0.0,
        "t50_improvement": 0.03777288685068725,
        "t100_improvement": 0.0,
        "hard_failure_improvement": 0.006918147165697275,
        "easy_degradation": 0.0,
        "selector_regret": 0.5351856934233838,
        "harm_over_fallback": -0.006233763898366195,
        "switch_rate": 0.047460663792950525,
        "mean_confidence": 0.00893996562808752,
        "_score": 0.04099906907577608
      },
      "test_metrics": {
        "rows": 66303,
        "all_improvement": -0.0018587637543769908,
        "t10_improvement": 0.0,
        "t25_improvement": 0.0,
        "t50_improvement": -0.01163892243691822,
        "t100_improvement": 0.0,
        "hard_failure_improvement": -0.002144751142444834,
        "easy_degradation": 0.0,
        "selector_regret": 0.5586280635657679,
        "harm_over_fallback": 0.0019569600990635046,
        "switch_rate": 0.049047554409302745,
        "mean_confidence": 0.009633413515985012
      }
    },
    "t50_easy_guard": {
      "source": "fresh_run",