{
  "source": "fresh_run",
  "why_t50_not_improved": {
    "selector_not_switching": true,
    "switching_wrong_samples": "not primary; val-selected t50 policies mostly fall back because test-safe gains are not reliable",
    "oracle_headroom_insufficient": false,
    "track_length_insufficient": "not proven; t50 rows exist, but track_length is audit-only and cannot be used as deployment feature",
    "goal_feature_inaccurate": "likely; held-out UCY test scenes mostly lack train-scene goal availability",
    "t50_baseline_too_strong": "scene_clamped_baseline is strong enough that learned switches fail validation/test gates",
    "all_test_objective_suppressed_t50": true
  },
  "horizon_selector_summary": {
    "rows": 66303,
    "all_improvement": -0.0018587637543769908,
    "t10_improvement": 0.0,
    "t25_improvement": 0.0,
    "t50_improvement": -0.01163892243691822,
    "t100_improvement": 0.0,
    "hard_failure_improvement": -0.002144751142444834,
    "easy_degradation": 0.0,
    "selector_regret": 0.5586280635657679,
    "harm_over_fallback": 0.0019569600990635046,
    "switch_rate": 0.049047554409302745,
    "mean_confidence": 0.009633413515985012
  },
  "policy_summary": {
    "rows": 66303,
    "all_improvement": 0.12131890857784355,
    "t10_improvement": 0.30620476404756647,
    "t25_improvement": 0.0,
    "t50_improvement": 0.0,
    "t100_improvement": 0.0,
    "hard_failure_improvement": 0.1398494448930071,
    "easy_degradation": 0.0004114683717719725,
    "selector_regret": 0.4289430569144169,
    "harm_over_fallback": -0.12772804655228734,
    "switch_rate": 0.04999773765892946,
    "mean_confidence": 0.03720055893063545
  },
  "curriculum_summary": {
    "rows": 66303,
    "all_improvement": 4.552759222953284e-06,
    "t10_improvement": 0.0,
    "t25_improvement": 0.0,
    "t50_improvement": 2.850777100926738e-05,
    "t100_improvement": 0.0,
    "hard_failure_improvement": 5.253241850633472e-06,
    "easy_degradation": 0.0,
    "selector_regret": 0.5566663101904641,
    "harm_over_fallback": -4.7932762402102875e-06,
    "switch_rate": 0.049047554409302745,
    "mean_confidence": 0.010579731315374374
  },
  "final_metrics": {
    "rows": 66303,
    "all_improvement": 0.12131890857784355,
    "t10_improvement": 0.30620476404756647,
    "t25_improvement": 0.0,
    "t50_improvement": 0.0,
    "t100_improvement": 0.0,
    "hard_failure_improvement": 0.1398494448930071,
    "easy_degradation": 0.0004114683717719725,
    "selector_regret": 0.4289430569144169,
    "harm_over_fallback": -0.12772804655228734,
    "switch_rate": 0.04999773765892946,
    "mean_confidence": 0.03720055893063545,
    "status": "fresh_run",
    "reason": "Stage36 final external policy; t50 remains a hard gate."
  },
  "blocker": "t50 selector has oracle headroom but insufficient reliable causal features/goal context to pass the >3% t50 deployment gate.",
  "next_shortest_path": [
    "build external train-only scene packs/goals for held-out style scenes without using test endpoints",
    "add full causal history windows to estimate curvature/TTC instead of zero proxies",
    "train per-dataset t50 selectors and validate on held-out scenes before mixing domains"
  ]
}