{
  "source": "fresh_run",
  "stage35_inputs": "cached_verified",
  "t50_rows": 16263,
  "t50_fraction_of_test": 0.24528301886792453,
  "t50_oracle_headroom": 0.22982786182653314,
  "t50_distribution": {
    "easy": 6064,
    "hard": 16263,
    "failure": 987,
    "hard_or_failure": 16263
  },
  "stage35_t50_switch_rate": 0.0,
  "stage35_t50_improvement": 0.0,
  "t50_predicted_gain": {
    "mean": 0.00010847927884393488,
    "p50": 0.0,
    "p90": 0.0005168095231056214,
    "positive_fraction": 0.19467502920740332
  },
  "t50_fallback_reason_counts": {
    "fallback_easy_guard": 7023,
    "fallback_no_predicted_gain": 9240
  },
  "t50_baseline_table": {
    "constant_position": {
      "mean_fde": 1.2695345260932,
      "mean_relative_fde": 0.32483425795139625
    },
    "constant_velocity_causal_fd": {
      "mean_fde": 0.689523068153967,
      "mean_relative_fde": 0.18456547101745083
    },
    "damped_velocity": {
      "mean_fde": 0.7879498383445734,
      "mean_relative_fde": 0.21634815135304533
    },
    "constant_acceleration_causal": {
      "mean_fde": 0.689523068153967,
      "mean_relative_fde": 0.18456547101745083
    },
    "constant_turn_rate_velocity": {
      "mean_fde": 0.689523068153967,
      "mean_relative_fde": 0.18456547101745083
    },
    "scene_clamped_baseline": {
      "mean_fde": 0.6854909319768842,
      "mean_relative_fde": 0.18367537101761303
    },
    "goal_directed_baseline": {
      "mean_fde": 0.689523068153967,
      "mean_relative_fde": 0.18456547101745083
    }
  },
  "horizon_counts": {
    "10": 21267,
    "25": 18765,
    "50": 16263,
    "100": 10008
  },
  "all_test_objective_dilution": {
    "t50_rows": 16263,
    "all_rows": 66303,
    "t50_fraction": 0.24528301886792453,
    "stage35_all_improvement": 0.12131890857784355,
    "stage35_t50_improvement": 0.0,
    "diagnosis": "Stage35 validation objective captured short-horizon/t10 gains; t50 switch rate is effectively zero."
  },
  "track_length": {
    "median": 20.0,
    "p10": 20.0,
    "p90": 20.0,
    "note": "track_length is audit metadata and is not used as an inference feature because full-track length may include future availability."
  }
}