{
  "model": "stage7_goal_intent_predictor",
  "uses_future_inputs": false,
  "future_endpoint_used_only_as_training_label": true,
  "weights": [
    4.227518920147736e-18,
    1.1853389188397165,
    1.2574188015983772,
    0.7611631924224745,
    2.697918416365462e-18,
    -0.04319769032636394
  ],
  "train_records": 75,
  "val_records": 20,
  "test_records": 23
}