{
  "model": "stage7_interaction_auxiliary",
  "x_mean": [
    1.3128787538786368,
    0.943262758369271,
    0.2033051982458561,
    -0.07101912415792525,
    1.7985890948003833,
    0.21153601952004808,
    0.27842376556818393,
    0.03408133905742233,
    0.0009257856252408781,
    0.8178967647049248,
    0.2570900542613785,
    0.012952283036045646,
    0.0030965026998517158,
    0.0694173022613314,
    0.41633699633699595,
    0.7509157509157509,
    0.2490842490842491,
    0.7509157509157509,
    0.26982369806757117,
    0.38865029484109137,
    0.6717194748174021,
    0.06598696523428768,
    0.1952625152625156,
    0.23311941680641163,
    0.08222593554737537,
    0.1564285714285714,
    0.009483608282226427,
    0.5773935822532656,
    0.9547210989529504,
    0.6775537195755645,
    0.29621587928159704,
    0.6307431275221316,
    0.7368742368742326,
    0.4061546706017994,
    0.2490842490842491
  ],
  "x_scale": [
    2.032797592185044,
    1.7266045497187201,
    1.7137971171700108,
    0.8675975031966611,
    2.5479210704841515,
    0.6976778361821231,
    0.6252826205918014,
    0.6514946558297564,
    0.053386818523293335,
    1.7513559167721604,
    0.2767507821868956,
    0.020722434969547628,
    0.005181354292451464,
    0.14501229644121652,
    0.38869433453662283,
    0.4324827001654333,
    0.4324827001654333,
    0.4324827001654333,
    0.3414668238091057,
    0.3194570726112704,
    0.4286224664745009,
    0.187795202946754,
    0.28116425753311053,
    0.25485725225790307,
    0.09853589169879123,
    0.10356100743328368,
    0.015901941316515088,
    0.1469649227470649,
    0.04231782886274386,
    0.1700532116898071,
    0.32601963871948425,
    0.5205284627620735,
    0.08229312721491866,
    0.40871025419470924,
    0.4324827001654333
  ],
  "heads": {
    "future_nearest_neighbor_distance": [
      7.3169064430526705,
      -0.014763500538105323,
      0.0043569099593387004,
      -0.008475441502812391,
      -0.0038517055723548198,
      0.012010585473230998,
      -0.001604891737383173,
      0.0011194515720326361,
      -0.0011475452645452735,
      0.001189264569347132,
      0.0055921658237916465,
      0.0036650430476105806,
      -0.003533056879900194,
      -0.0021076880035816115,
      1.8448246725073647e-05,
      -7.930248906016571e-06,
      -0.0029978111592664815,
      0.0029978111592956456,
      -0.002997811159438416,
      -3.3729634230519494,
      0.003422165513275905,
      -5.427686846954387e-05,
      0.0014322175895888252,
      0.009759891829482857,
      -0.005709571328805915,
      -0.0015576114902535276,
      0.012826881183131156,
      0.0007801962848276721,
      0.0010372494715165344,
      -0.0026264236029656636,
      0.0008522387438891181,
      0.0013916420308439528,
      0.00029029342455970223,
      0.02107082078949296,
      0.009384174468578742,
      0.002997811157249538
    ],
    "future_ttc_min": [
      3.0734017489174503,
      -0.026952206929183205,
      0.005410632446378675,
      -0.01799290192984994,
      -0.008564219683085827,
      0.02717249674605278,
      -0.0016956603072817498,
      0.0033577862006786826,
      -0.0007141679402155725,
      0.0021379675832935035,
      0.010315639759930155,
      0.0032012708252369365,
      -0.010376010409797732,
      -0.0013096551237128894,
      -0.00010393537992470717,
      4.5467048097526596e-05,
      -0.004010390646049126,
      0.004010390646249278,
      -0.004010390646422941,
      0.011472022108980838,
      -1.5658865332274425,
      -0.0035828432942517485,
      0.0019722821551389816,
      0.005578037828315366,
      -0.0025155461512506756,
      -0.007244332002938422,
      -0.0009381588427440283,
      0.0022223872377644337,
      -0.002647363447412774,
      -0.0034410326050562283,
      -0.0036834942380607337,
      0.0022383531915782092,
      0.0017237183557444959,
      0.013216335700817802,
      0.008004163937651201,
      0.00401039064585659
    ],
    "close_pass_event_prob": [
      -1.2265582160728001,
      -0.03707673238584902,
      -0.5035967954795726,
      0.2185891012813084,
      -0.10392980942321917,
      0.29850671459809686,
      0.25985009889803884,
      -0.07897280989778743,
      -0.22472636444540722,
      -0.7549464790561499,
      -0.09501619695583603,
      0.06366428619434196,
      0.49349852511416575,
      -0.06888790394757953,
      0.7075519630167683,
      0.4838153793900129,
      -0.02126022751009537,
      0.02126022751009537,
      -0.02126022751009537,
      -0.05623628251553982,
      -0.5131227943670149,
      -0.17942828504683542,
      -0.1817722108835387,
      -0.323030633606492,
      0.2969718006774078,
      -0.25349375684542463,
      -0.06756067875181823,
      0.392196861539332,
      0.0462102571594004,
      0.21653894073242178,
      -0.2818895441735461,
      0.4350882369398139,
      -0.5556329737901029,
      -0.2001545183943884,
      0.7186302127070965,
      0.02126022751009537
    ],
    "density_increase_event_prob": [
      -2.0266620797867816,
      -0.1205205256067877,
      -0.5177339150328522,
      -0.17114140686165286,
      -0.00346776253451894,
      0.21392109094744247,
      0.36337409971622875,
      0.06469639961013963,
      -0.4228937459822074,
      -0.7254511275312097,
      -0.2320509841394284,
      0.10088789896221924,
      0.15168668246067524,
      -0.17279841589428,
      0.04890299780394718,
      -0.021981569920587817,
      -0.03078863290346579,
      0.03078863290346579,
      -0.03078863290346579,
      0.0025499958206505278,
      -0.43144702250161454,
      -0.25095352574997737,
      0.01921889427262002,
      -0.43427943983623307,
      0.22007496778137017,
      0.20959659055361493,
      -0.0373996517418382,
      0.41259354872693105,
      0.20637385910531228,
      0.247446027709969,
      -0.2518119714344138,
      0.16791151617855654,
      -0.5713652695850667,
      -0.17670923889561,
      0.42512729124516146,
      0.03078863290346579
    ],
    "crossing_conflict_event_prob": [
      -6.906754778648554,
      0.0,
      0.0,
      0.0,
      0.0,
      0.0,
      0.0,
      0.0,
      0.0,
      0.0,
      0.0,
      0.0,
      0.0,
      0.0,
      0.0,
      0.0,
      0.0,
      0.0,
      0.0,
      0.0,
      0.0,
      0.0,
      0.0,
      0.0,
      0.0,
      0.0,
      0.0,
      0.0,
      0.0,
      0.0,
      0.0,
      0.0,
      0.0,
      0.0,
      0.0,
      0.0
    ],
    "stop_go_event_prob": [
      -6.906754778648554,
      0.0,
      0.0,
      0.0,
      0.0,
      0.0,
      0.0,
      0.0,
      0.0,
      0.0,
      0.0,
      0.0,
      0.0,
      0.0,
      0.0,
      0.0,
      0.0,
      0.0,
      0.0,
      0.0,
      0.0,
      0.0,
      0.0,
      0.0,
      0.0,
      0.0,
      0.0,
      0.0,
      0.0,
      0.0,
      0.0,
      0.0,
      0.0,
      0.0,
      0.0,
      0.0
    ],
    "local_congestion_event_prob": [
      -1.2265582160728001,
      -0.03707673238584902,
      -0.5035967954795726,
      0.2185891012813084,
      -0.10392980942321917,
      0.29850671459809686,
      0.25985009889803884,
      -0.07897280989778743,
      -0.22472636444540722,
      -0.7549464790561499,
      -0.09501619695583603,
      0.06366428619434196,
      0.49349852511416575,
      -0.06888790394757953,
      0.7075519630167683,
      0.4838153793900129,
      -0.02126022751009537,
      0.02126022751009537,
      -0.02126022751009537,
      -0.05623628251553982,
      -0.5131227943670149,
      -0.17942828504683542,
      -0.1817722108835387,
      -0.323030633606492,
      0.2969718006774078,
      -0.25349375684542463,
      -0.06756067875181823,
      0.392196861539332,
      0.0462102571594004,
      0.21653894073242178,
      -0.2818895441735461,
      0.4350882369398139,
      -0.5556329737901029,
      -0.2001545183943884,
      0.7186302127070965,
      0.02126022751009537
    ]
  }
}