{
  "source": "fresh_run",
  "protocol_status": "fresh_rotation_endpoint_gain_gate_candidate",
  "hypothesis": "Train a gain/harm/t100-safe gate on endpoint-head predictions so the neural endpoint intervenes only when predicted gain exceeds harm, instead of relying only on hand-tuned uncertainty thresholds.",
  "best_policy": {
    "gain_value_min": -0.01,
    "gain_prob_min": 0.5,
    "harm_prob_max": 0.14,
    "t100_good_min": 0.0,
    "variance_max": 0.0002664460625965148,
    "uncertainty_max": 0.038635384291410446,
    "max_switch": 0.45,
    "horizon_mode": "all"
  },
  "best_val": {
    "metrics_vs_source_rotation_base": {
      "rows": 53256,
      "all_improvement": 0.23462936918943522,
      "t10_improvement": 0.5789790147126205,
      "t25_improvement": 0.130552706323678,
      "t50_improvement": 0.27388263231341414,
      "t100_improvement": 0.00011038027372622938,
      "hard_failure_improvement": 0.24597447778810666,
      "easy_degradation": 0.0,
      "harm_over_fallback": -0.11493490849370663,
      "switch_rate": 0.3934767913474538,
      "regret_to_oracle": -0.10541001138286454,
      "by_domain": {
        "ETH_UCY": {
          "rows": 16103,
          "all_improvement": 0.3321629741025507,
          "t50_improvement": 0.4326332448845671,
          "t100_improvement": 0.00032573325383677965,
          "hard_failure_improvement": 0.3366247777592103,
          "easy_degradation": 0.0,
          "switch_rate": 0.6047941377383096
        },
        "TrajNet": {
          "rows": 37153,
          "all_improvement": 0.17526391879652925,
          "t50_improvement": 0.15076562024799944,
          "t100_improvement": 0.0,
          "hard_failure_improvement": 0.183584375807066,
          "easy_degradation": 0.0,
          "switch_rate": 0.3018867924528302
        }
      }
    },
    "score": 1.507030125451098
  },
  "metrics_vs_source_rotation_base": {
    "rows": 55528,
    "all_improvement": 0.29655953283228076,
    "t10_improvement": 0.6527547922283953,
    "t25_improvement": 0.08445912775430331,
    "t50_improvement": 0.4388833849446364,
    "t100_improvement": 0.015398991158436237,
    "hard_failure_improvement": 0.30267073049346793,
    "easy_degradation": 0.0,
    "harm_over_fallback": -0.16129034771383807,
    "switch_rate": 0.4499891946405417,
    "regret_to_oracle": -0.11715781479328916,
    "by_domain": {
      "ETH_UCY": {
        "rows": 25901,
        "all_improvement": 0.29271827456008126,
        "t50_improvement": 0.4154379107021855,
        "t100_improvement": 0.0,
        "hard_failure_improvement": 0.29899879644839766,
        "easy_degradation": 0.0,
        "switch_rate": 0.41002277904328016
      },
      "TrajNet": {
        "rows": 20087,
        "all_improvement": 0.3409707367278243,
        "t50_improvement": 0.47631166371768374,
        "t100_improvement": 0.0,
        "hard_failure_improvement": 0.35098148144864494,
        "easy_degradation": 0.0,
        "switch_rate": 0.4203216010354956
      },
      "UCY": {
        "rows": 9540,
        "all_improvement": 0.2536510220735876,
        "t50_improvement": 0.4454148871891669,
        "t100_improvement": 0.04487854467036079,
        "hard_failure_improvement": 0.25714321051692524,
        "easy_degradation": 0.02946051900800839,
        "switch_rate": 0.6209643605870021
      }
    },
    "t50_ci": {
      "low": 0.4327152098293315,
      "mid": 0.4387517565381285,
      "high": 0.4449863817938848,
      "n": 13689
    }
  },
  "metrics_vs_floor": {
    "rows": 55528,
    "all_improvement": 0.4434591531399067,
    "t10_improvement": 0.6528170729219223,
    "t25_improvement": 0.1205530835737344,
    "t50_improvement": 0.46944827207913975,
    "t100_improvement": 0.46564609285948366,
    "hard_failure_improvement": 0.45984844420064597,
    "easy_degradation": 0.0,
    "harm_over_fallback": -0.30484594089049816,
    "switch_rate": 0.5719636939922201,
    "regret_to_oracle": -0.11715781479328916,
    "by_domain": {
      "ETH_UCY": {
        "rows": 25901,
        "all_improvement": 0.47229452183530274,
        "t50_improvement": 0.4547946749041345,
        "t100_improvement": 0.5386169619420524,
        "hard_failure_improvement": 0.48769763164874935,
        "easy_degradation": 0.0,
        "switch_rate": 0.5827960310412725
      },
      "TrajNet": {
        "rows": 20087,
        "all_improvement": 0.5150541508920278,
        "t50_improvement": 0.5107065836522136,
        "t100_improvement": 0.6061417608754427,
        "hard_failure_improvement": 0.5395631593473151,
        "easy_degradation": 0.0,
        "switch_rate": 0.5347239508139593
      },
      "UCY": {
        "rows": 9540,
        "all_improvement": 0.2536510220735876,
        "t50_improvement": 0.4454148871891669,
        "t100_improvement": 0.04487854467036079,
        "hard_failure_improvement": 0.25714321051692524,
        "easy_degradation": 0.02946051900800839,
        "switch_rate": 0.6209643605870021
      }
    },
    "t50_ci": {
      "low": 0.4632744643959407,
      "mid": 0.46944602120617485,
      "high": 0.47535044769225226,
      "n": 13689
    },
    "hard_failure_ci": {
      "low": 0.4551267700477516,
      "mid": 0.45978812127221885,
      "high": 0.464498988499548,
      "n": 41741
    },
    "all_ci": {
      "low": 0.4391750663471424,
      "mid": 0.4433985923556844,
      "high": 0.4476576824172574,
      "n": 55528
    }
  },
  "free_endpoint_without_gate_vs_source_rotation_base": {
    "rows": 55528,
    "all_improvement": 0.2817284399152159,
    "t10_improvement": 0.5221682580048086,
    "t25_improvement": 0.15067224106210964,
    "t50_improvement": 0.4512468057570901,
    "t100_improvement": -0.007687587556248099,
    "hard_failure_improvement": 0.3137782005382411,
    "easy_degradation": 1.3360420821946413,
    "harm_over_fallback": -0.15322413547400943,
    "switch_rate": 1.0,
    "regret_to_oracle": -0.10909160255346048,
    "by_domain": {
      "ETH_UCY": {
        "rows": 25901,
        "all_improvement": 0.2425702922739047,
        "t50_improvement": 0.44663577497587126,
        "t100_improvement": -0.29438667799718243,
        "hard_failure_improvement": 0.2549220268874641,
        "easy_degradation": 1.0088047288260396,
        "switch_rate": 1.0
      },
      "TrajNet": {
        "rows": 20087,
        "all_improvement": 0.18145216868191427,
        "t50_improvement": 0.43251363093356965,
        "t100_improvement": -0.31015415341737596,
        "hard_failure_improvement": 0.2568205860506847,
        "easy_degradation": 2.2957926415082297,
        "switch_rate": 1.0
      },
      "UCY": {
        "rows": 9540,
        "all_improvement": 0.47597955928159186,
        "t50_improvement": 0.4913921159460558,
        "t100_improvement": 0.5505339282957025,
        "hard_failure_improvement": 0.4985934064574019,
        "easy_degradation": 0.42116630485751494,
        "switch_rate": 1.0
      }
    }
  },
  "positive_external_domains_vs_floor": 3,
  "max_domain_easy_degradation_vs_floor": 0.02946051900800839,
  "protected_full_replacement_pass": false,
  "positive_neural_switch_pass": true,
  "deployment_decision": "diagnostic_keep_stage37_floor",
  "trials": {
    "endpoint_gate_balanced": {
      "trial": {
        "name": "endpoint_gate_balanced",
        "width": 160,
        "dropout": 0.08,
        "lr": 0.0008,
        "hard_w": 2.0,
        "t50_w": 3.0,
        "t100_w": 2.0,
        "harm_w": 1.0,
        "seed": 9611
      },
      "train": {
        "source": "cached_verified",
        "checkpoint": "outputs/stage41_fresh_confirmation/checkpoints/stage41_endpoint_gate_balanced.pt",
        "heartbeat": "outputs/stage41_fresh_confirmation/endpoint_gate_balanced_heartbeat.json",
        "best": {
          "val_loss": 62.588645935058594,
          "epoch": 5,
          "train_loss": 7888.798716842297
        },
        "resume_note": "checkpoint and heartbeat verified; skipped retraining"
      }
    },