{
  "source": "fresh_run",
  "protocol_status": "fresh_rotation_endpoint_interpolation_candidate",
  "hypothesis": "Interpolate the strong free-endpoint neural prediction toward the source-rotation safety floor with alpha selected on validation, aiming to keep neural_without_fallback non-catastrophic while retaining t50/hard lift.",
  "best_alpha": 1.0,
  "best_policy": {
    "variance_max": 0.00032432249281555414,
    "uncertainty_max": 0.042329512536525726,
    "harm_max": 0.35,
    "failure_min": 0.0,
    "max_switch": 0.7,
    "horizon_mode": "all"
  },
  "best_val": {
    "metrics_vs_source_rotation_base": {
      "rows": 53256,
      "all_improvement": 0.2161373069625424,
      "t10_improvement": 0.6250717223066767,
      "t25_improvement": 0.2038880208521886,
      "t50_improvement": 0.35820969672720093,
      "t100_improvement": -0.26954786925532326,
      "hard_failure_improvement": 0.21403880007331366,
      "easy_degradation": 0.0,
      "harm_over_fallback": -0.10587196128016844,
      "switch_rate": 0.6999962445546042,
      "regret_to_oracle": -0.09636777138830424,
      "by_domain": {
        "ETH_UCY": {
          "rows": 16103,
          "all_improvement": 0.24059343898334618,
          "t50_improvement": 0.48866767960255997,
          "t100_improvement": -0.4922751445541744,
          "hard_failure_improvement": 0.23475554142464516,
          "easy_degradation": 0.0,
          "switch_rate": 0.8436316214369993
        },
        "TrajNet": {
          "rows": 37153,
          "all_improvement": 0.2012541619249576,
          "t50_improvement": 0.2570468848042091,
          "t100_improvement": -0.1554297600879051,
          "hard_failure_improvement": 0.19978288563876767,
          "easy_degradation": 0.007301970115503709,
          "switch_rate": 0.6377412322019756
        }
      }
    },
    "without_fallback_vs_source_rotation_base": {
      "rows": 53256,
      "all_improvement": 0.21953476226109625,
      "t10_improvement": 0.6395703826353663,
      "t25_improvement": 0.26830054112065294,
      "t50_improvement": 0.37742789535582366,
      "t100_improvement": -0.3420850315458861,
      "hard_failure_improvement": 0.20193228623650794,
      "easy_degradation": 0.0,
      "harm_over_fallback": -0.10753615919618086,
      "switch_rate": 1.0,
      "regret_to_oracle": -0.09803196930431665,
      "by_domain": {
        "ETH_UCY": {
          "rows": 16103,
          "all_improvement": 0.24303082331702652,
          "t50_improvement": 0.5190733137040664,
          "t100_improvement": -0.6012842625473473,
          "hard_failure_improvement": 0.2269142603441482,
          "easy_degradation": 0.0,
          "switch_rate": 1.0
        },
        "TrajNet": {
          "rows": 37153,
          "all_improvement": 0.2052358827731261,
          "t50_improvement": 0.2675898578490874,
          "t100_improvement": -0.20927989530989222,
          "hard_failure_improvement": 0.1847413159364577,
          "easy_degradation": 0.0,
          "switch_rate": 1.0
        }
      }
    },
    "score": 1.548846848369237
  },
  "metrics_vs_source_rotation_base": {
    "rows": 55528,
    "all_improvement": 0.2871819048185579,
    "t10_improvement": 0.6867190327923423,
    "t25_improvement": 0.26020720684651466,
    "t50_improvement": 0.43191873236381895,
    "t100_improvement": -0.14507924142753725,
    "hard_failure_improvement": 0.2850390975589887,
    "easy_degradation": 0.0,
    "harm_over_fallback": -0.15619260447040828,
    "switch_rate": 0.6241535801757672,
    "regret_to_oracle": -0.1120514234544084,
    "by_domain": {
      "ETH_UCY": {
        "rows": 25901,
        "all_improvement": 0.22739327046960245,
        "t50_improvement": 0.4673578623677539,
        "t100_improvement": -0.4160714310997615,
        "hard_failure_improvement": 0.21869590354999047,
        "easy_degradation": 0.0,
        "switch_rate": 0.6998571483726497
      },
      "TrajNet": {
        "rows": 20087,
        "all_improvement": 0.30847468132263034,
        "t50_improvement": 0.42476546215295286,
        "t100_improvement": -0.3403512492950411,
        "hard_failure_improvement": 0.30919577982564417,
        "easy_degradation": 0.005425788492852135,
        "switch_rate": 0.5148105740030866
      },
      "UCY": {
        "rows": 9540,
        "all_improvement": 0.38457598854108255,
        "t50_improvement": 0.34844769937754305,
        "t100_improvement": 0.32878681811453025,
        "hard_failure_improvement": 0.39616429777428486,
        "easy_degradation": 0.0,
        "switch_rate": 0.6488469601677149
      }
    }
  },
  "metrics_vs_floor": {
    "rows": 55528,
    "all_improvement": 0.4360308896303905,
    "t10_improvement": 0.686775221777733,
    "t25_improvement": 0.2893974604167461,
    "t50_improvement": 0.462871212116444,
    "t100_improvement": 0.37849164106051136,
    "hard_failure_improvement": 0.4461783076319382,
    "easy_degradation": 0.0,
    "harm_over_fallback": -0.2997395495516174,
    "switch_rate": 0.6573620515775824,
    "regret_to_oracle": -0.1120514234544084,
    "by_domain": {
      "ETH_UCY": {
        "rows": 25901,
        "all_improvement": 0.4235266766960508,
        "t50_improvement": 0.5032337387856352,
        "t100_improvement": 0.34648811176981853,
        "hard_failure_improvement": 0.42898014351080893,
        "easy_degradation": 0.0,
        "switch_rate": 0.7391606501679472
      },
      "TrajNet": {
        "rows": 20087,
        "all_improvement": 0.4911574013340486,
        "t50_improvement": 0.462545845067877,
        "t100_improvement": 0.47212511579933547,
        "hard_failure_improvement": 0.5099264026081003,
        "easy_degradation": 0.0,
        "switch_rate": 0.5559316971175388
      },
      "UCY": {
        "rows": 9540,
        "all_improvement": 0.38457598854108255,
        "t50_improvement": 0.34844769937754305,
        "t100_improvement": 0.32878681811453025,
        "hard_failure_improvement": 0.39616429777428486,
        "easy_degradation": 0.0,
        "switch_rate": 0.6488469601677149
      }
    }
  },
  "interpolated_without_fallback_vs_source_rotation_base": {
    "rows": 55528,
    "all_improvement": 0.2868374313453449,
    "t10_improvement": 0.6671126824108549,
    "t25_improvement": 0.3163898051849253,
    "t50_improvement": 0.4544848231836067,
    "t100_improvement": -0.19744335033598337,
    "hard_failure_improvement": 0.28054155306179285,
    "easy_degradation": 0.24986518840352323,
    "harm_over_fallback": -0.15600525210575944,
    "switch_rate": 1.0,
    "regret_to_oracle": -0.11186407108975954,
    "by_domain": {
      "ETH_UCY": {
        "rows": 25901,
        "all_improvement": 0.19100770131355138,
        "t50_improvement": 0.47050504252709213,
        "t100_improvement": -0.5704743184959322,
        "hard_failure_improvement": 0.18101858062451393,
        "easy_degradation": 0.3726398858789448,
        "switch_rate": 1.0
      },
      "TrajNet": {
        "rows": 20087,
        "all_improvement": 0.2832305048907118,
        "t50_improvement": 0.4247083098284915,
        "t100_improvement": -0.4624739094855401,
        "hard_failure_improvement": 0.2802933317252406,
        "easy_degradation": 0.3509794396607102,
        "switch_rate": 1.0
      },
      "UCY": {
        "rows": 9540,
        "all_improvement": 0.486042558497065,
        "t50_improvement": 0.45628078269116856,
        "t100_improvement": 0.45261170970164344,
        "hard_failure_improvement": 0.4873823237732412,
        "easy_degradation": 0.0,
        "switch_rate": 1.0
      }
    }
  },
  "interpolated_without_fallback_vs_floor": {
    "rows": 55528,
    "all_improvement": 0.4357583482912366,
    "t10_improvement": 0.6671723879231032,
    "t25_improvement": 0.3433632430374177,
    "t50_improvement": 0.4842077667607092,
    "t100_improvement": 0.3500702618078019,
    "hard_failure_improvement": 0.44269442802896486,
    "easy_degradation": 0.19494076829361773,
    "harm_over_fallback": -0.29955219718696857,