{
  "source": "fresh_run",
  "protocol_status": "joint_multiagent_consistency_calibration",
  "selected_params": {
    "mode": "group_expand",
    "expand_risk_max": 0.010222918819636106,
    "expand_min_sep": 0.08
  },
  "selected_val_score": 1.19171286389236,
  "test_metrics": {
    "rows": 55528,
    "all_improvement": 0.18619055634397086,
    "t10_improvement": 0.26504243139383377,
    "t25_improvement": 0.014077888585636966,
    "t50_improvement": 0.14841646500755878,
    "t100_improvement": 0.22857473063742806,
    "hard_failure_improvement": 0.19563212885213843,
    "easy_degradation": 0.0,
    "harm_over_fallback": -0.08911635689002807,
    "switch_rate": 0.2967691975219709,
    "regret_to_oracle": -0.11022571543033544,
    "by_domain": {
      "ETH_UCY": {
        "rows": 25901,
        "all_improvement": 0.22001603283636428,
        "t50_improvement": 0.16111929638455114,
        "t100_improvement": 0.23250265575395312,
        "hard_failure_improvement": 0.22638946982405783,
        "easy_degradation": 0.0,
        "switch_rate": 0.3864329562565152
      },
      "TrajNet": {
        "rows": 20087,
        "all_improvement": 0.2472862268599434,
        "t50_improvement": 0.21884068163302184,
        "t100_improvement": 0.3718979141821237,
        "hard_failure_improvement": 0.26577561826854845,
        "easy_degradation": 0.0,
        "switch_rate": 0.31736944292328373
      },
      "UCY": {
        "rows": 9540,
        "all_improvement": 0.0014786152643104788,
        "t50_improvement": 0.002013589679601857,
        "t100_improvement": 2.501293778989222e-06,
        "hard_failure_improvement": 0.0016555463996023034,
        "easy_degradation": 0.0,
        "switch_rate": 0.009958071278825996
      }
    },
    "endpoint_fde_metrics": {
      "rows": 55528,
      "all_improvement": 0.19435319812715823,
      "t10_improvement": 0.25968422081641174,
      "t25_improvement": 0.032866148781024784,
      "t50_improvement": 0.21645394385057826,
      "t100_improvement": 0.2132854669271942,
      "hard_failure_improvement": 0.20455409247443945,
      "easy_degradation": 0.0,
      "harm_over_fallback": -0.1336036996598222,
      "switch_rate": 0.2967691975219709,
      "regret_to_oracle": 0.05408442596576831,
      "by_domain": {
        "ETH_UCY": {
          "rows": 25901,
          "all_improvement": 0.2172084235389823,
          "t50_improvement": 0.2503509316244994,
          "t100_improvement": 0.20631265515978991,
          "hard_failure_improvement": 0.22558342663699327,
          "easy_degradation": 0.0,
          "switch_rate": 0.3864329562565152
        },
        "TrajNet": {
          "rows": 20087,
          "all_improvement": 0.2782990419589152,
          "t50_improvement": 0.2894892149691213,
          "t100_improvement": 0.36782992304971507,
          "hard_failure_improvement": 0.29673971995101356,
          "easy_degradation": 0.0,
          "switch_rate": 0.31736944292328373
        },
        "UCY": {
          "rows": 9540,
          "all_improvement": 0.0016893157765968114,
          "t50_improvement": 0.003510530208477469,
          "t100_improvement": 5.90364668017207e-05,
          "hard_failure_improvement": 0.0018778506584526955,
          "easy_degradation": 0.0,
          "switch_rate": 0.009958071278825996
        }
      }
    },
    "joint_consistency": {
      "guarded_off": 0,
      "expanded_on": 118,
      "base_switch_rate": 0.2946441434951736,
      "final_switch_rate": 0.2967691975219709,
      "base_mean_min_group_distance": 0.09480824666388799,
      "final_mean_min_group_distance": 0.09480690813441718
    }
  },
  "test_diagnostics": {
    "guarded_off": 0,
    "expanded_on": 118,
    "base_switch_rate": 0.2946441434951736,
    "final_switch_rate": 0.2967691975219709,
    "base_mean_min_group_distance": 0.09480824666388799,
    "final_mean_min_group_distance": 0.09480690813441718
  },
  "full_trajectory_reference_metrics": {
    "rows": 55528,
    "all_improvement": 0.18577852429834418,
    "t10_improvement": 0.2639424206993144,
    "t25_improvement": 0.01350273464284224,
    "t50_improvement": 0.14803699577731477,
    "t100_improvement": 0.22857426649949408,
    "hard_failure_improvement": 0.19518047277951456,
    "easy_degradation": 0.0,
    "harm_over_fallback": -0.08891914605641113,
    "switch_rate": 0.2946441434951736,
    "regret_to_oracle": -0.11002850459671851,
    "by_domain": {
      "ETH_UCY": {
        "rows": 25901,
        "all_improvement": 0.21976483138872083,
        "t50_improvement": 0.16111929638455114,
        "t100_improvement": 0.23250265575395312,
        "hard_failure_improvement": 0.22611959337799148,
        "easy_degradation": 0.0,
        "switch_rate": 0.38554495965406743
      },
      "TrajNet": {
        "rows": 20087,
        "all_improvement": 0.2472862268599434,
        "t50_improvement": 0.21884068163302184,
        "t100_improvement": 0.3718979141821237,
        "hard_failure_improvement": 0.26577561826854845,
        "easy_degradation": 0.0,
        "switch_rate": 0.31736944292328373
      },
      "UCY": {
        "rows": 9540,
        "all_improvement": 0.0,
        "t50_improvement": 0.0,
        "t100_improvement": 0.0,
        "hard_failure_improvement": 0.0,
        "easy_degradation": 0.0,
        "switch_rate": 0.0
      }
    },
    "trajectory_ade_improvement": 0.18577852429834418,
    "endpoint_fde_metrics": {
      "rows": 55528,
      "all_improvement": 0.19384419892400817,
      "t10_improvement": 0.2585951720427194,
      "t25_improvement": 0.03183779274365639,
      "t50_improvement": 0.2158088248723733,
      "t100_improvement": 0.21327447326022786,
      "hard_failure_improvement": 0.20399983417011724,
      "easy_degradation": 0.0,
      "harm_over_fallback": -0.13325379969769124,
      "switch_rate": 0.2946441434951736,
      "regret_to_oracle": 0.05443432592789926,
      "by_domain": {
        "ETH_UCY": {
          "rows": 25901,
          "all_improvement": 0.21684244520613793,
          "t50_improvement": 0.2503509316244994,
          "t100_improvement": 0.20631265515978991,
          "hard_failure_improvement": 0.22519258467843117,
          "easy_degradation": 0.0,
          "switch_rate": 0.38554495965406743
        },
        "TrajNet": {
          "rows": 20087,
          "all_improvement": 0.2782990419589152,
          "t50_improvement": 0.2894892149691213,
          "t100_improvement": 0.36782992304971507,
          "hard_failure_improvement": 0.29673971995101356,
          "easy_degradation": 0.0,
          "switch_rate": 0.31736944292328373
        },
        "UCY": {
          "rows": 9540,
          "all_improvement": 0.0,
          "t50_improvement": 0.0,
          "t100_improvement": 0.0,
          "hard_failure_improvement": 0.0,
          "easy_degradation": 0.0,
          "switch_rate": 0.0
        }
      }
    },
    "neural_without_fallback_ade": {
      "rows": 55528,
      "all_improvement": 0.296621240422128,
      "t10_improvement": 0.49983686172432895,
      "t25_improvement": -0.044336116247622126,
      "t50_improvement": 0.21520334842637612,
      "t100_improvement": 0.359213230578716,
      "hard_failure_improvement": 0.32937413785262626,
      "easy_degradation": 1.2458611044726973,
      "harm_over_fallback": -0.14197177795519889,
      "switch_rate": 1.0,
      "regret_to_oracle": -0.16308113649550632,
      "by_domain": {
        "ETH_UCY": {
          "rows": 25901,
          "all_improvement": 0.26146374408882433,
          "t50_improvement": 0.19127352573036593,
          "t100_improvement": 0.2872038621768924,
          "hard_failure_improvement": 0.28418995065418007,
          "easy_degradation": 1.2062863406285262,
          "switch_rate": 1.0
        },
        "TrajNet": {
          "rows": 20087,
          "all_improvement": 0.30754964437156007,
          "t50_improvement": 0.22208820967768184,
          "t100_improvement": 0.4157049897416416,