{
  "source": "fresh_run",
  "best_name": "joint_distill_nobase_balanced::distiller_only",
  "checkpoint": "outputs/stage41_fresh_confirmation/checkpoints/stage41_joint_distill_nobase_balanced.pt",
  "policy_mode": "distiller_only",
  "metrics": {
    "rows": 55528,
    "all_improvement": 0.28592959855458044,
    "t10_improvement": 0.47340007005390106,
    "t25_improvement": 0.12058681196638366,
    "t50_improvement": 0.21383787591021597,
    "t100_improvement": 0.2887528737231674,
    "hard_failure_improvement": 0.28678460411829854,
    "easy_degradation": 0.0,
    "harm_over_fallback": -0.13685443907873876,
    "switch_rate": 0.42232747442731594,
    "regret_to_oracle": -0.15796379761904616,
    "by_domain": {
      "ETH_UCY": {
        "rows": 25901,
        "all_improvement": 0.32821268069269216,
        "t50_improvement": 0.24483247178301415,
        "t100_improvement": 0.3238291310801773,
        "hard_failure_improvement": 0.3301899932426716,
        "easy_degradation": 0.0,
        "switch_rate": 0.5250376433342342
      },
      "TrajNet": {
        "rows": 20087,
        "all_improvement": 0.39781708186662845,
        "t50_improvement": 0.2954187037019633,
        "t100_improvement": 0.4127429783070867,
        "hard_failure_improvement": 0.3941917315547696,
        "easy_degradation": 0.0,
        "switch_rate": 0.4904664708517947
      },
      "UCY": {
        "rows": 9540,
        "all_improvement": 0.0,
        "t50_improvement": 0.0,
        "t100_improvement": 0.0,
        "hard_failure_improvement": 0.0,
        "easy_degradation": 0.0,
        "switch_rate": 0.0
      }
    }
  },
  "bootstrap": {
    "all": {
      "low": 0.2816879475496606,
      "mid": 0.2858927478174942,
      "high": 0.29011205151395447,
      "n": 55528,
      "bootstrap_n": 2000
    },
    "t50": {
      "low": 0.20700457337312783,
      "mid": 0.21398002342052969,
      "high": 0.2209027287707519,
      "n": 13689,
      "bootstrap_n": 2000
    },
    "t100_raw_frame_diagnostic": {
      "low": 0.2797157204717848,
      "mid": 0.2887663619493908,
      "high": 0.29755674010300337,
      "n": 9905,
      "bootstrap_n": 2000
    },
    "hard_failure": {
      "low": 0.2822097538327134,
      "mid": 0.28674902644495825,
      "high": 0.29129847811002524,
      "n": 41741,
      "bootstrap_n": 2000
    },
    "by_domain": {
      "ETH_UCY": {
        "low": 0.3224216656523139,
        "mid": 0.3281795662390562,
        "high": 0.3341561862471753,
        "n": 25901,
        "bootstrap_n": 2000
      },
      "TrajNet": {
        "low": 0.39034502629251144,
        "mid": 0.3979494726306161,
        "high": 0.4052374878755214,
        "n": 20087,
        "bootstrap_n": 2000
      },
      "UCY": {
        "low": 0.0,
        "mid": 0.0,
        "high": 0.0,
        "n": 9540,
        "bootstrap_n": 2000
      }
    },
    "by_domain_t50": {
      "ETH_UCY": {
        "low": 0.23484473558148602,
        "mid": 0.24491755369670953,
        "high": 0.2551860905669995,
        "n": 6422,
        "bootstrap_n": 2000
      },
      "TrajNet": {
        "low": 0.28178900655667505,
        "mid": 0.2956221884475371,
        "high": 0.30962810940213276,
        "n": 4927,
        "bootstrap_n": 2000
      },
      "UCY": {
        "low": 0.0,
        "mid": 0.0,
        "high": 0.0,
        "n": 2340,
        "bootstrap_n": 2000
      }
    }
  },
  "bootstrap_n": 2000,
  "feature_groups": {
    "static_causal_features": 101,
    "full_trajectory_prediction_signals": 5,
    "current_group_geometry": 2,
    "floor_group_geometry": 2,
    "neural_group_geometry": 2,
    "neighbor_count": 1,
    "domain_embedding": 3,
    "horizon_embedding": 5,
    "all_group_geometry": 6
  },
  "ablations": {
    "static_causal_features": {
      "metrics": {
        "rows": 55528,
        "all_improvement": 0.11227066898145677,
        "t10_improvement": 0.21671011832506848,
        "t25_improvement": -0.03854821913288031,
        "t50_improvement": 0.08500524397986564,
        "t100_improvement": 0.12643813250162195,
        "hard_failure_improvement": 0.13724775212013418,
        "easy_degradation": 1.0307943731248068,
        "harm_over_fallback": -0.05373609275193345,
        "switch_rate": 0.5182430485520818,
        "regret_to_oracle": -0.07484545129224085,
        "by_domain": {
          "ETH_UCY": {
            "rows": 25901,
            "all_improvement": 0.13887812667285926,
            "t50_improvement": 0.10512922693271898,
            "t100_improvement": 0.1315271825179316,
            "hard_failure_improvement": 0.15738331608616718,
            "easy_degradation": 1.0590868071065676,
            "switch_rate": 0.5682406084707154
          },
          "TrajNet": {
            "rows": 20087,
            "all_improvement": 0.1390159696958777,
            "t50_improvement": 0.10408728301460113,
            "t100_improvement": 0.20019295696867623,
            "hard_failure_improvement": 0.18979119833715996,
            "easy_degradation": 1.6285069791410032,
            "switch_rate": 0.6999054114601484
          },
          "UCY": {
            "rows": 9540,
            "all_improvement": 0.0,
            "t50_improvement": 0.0,
            "t100_improvement": 0.0,
            "hard_failure_improvement": 0.0,
            "easy_degradation": 0.0,
            "switch_rate": 0.0
          }
        }
      },
      "delta_vs_full": {
        "all_delta": -0.17365892957312368,
        "t50_delta": -0.12883263193035033,
        "t100_delta": -0.16231474122154543,
        "hard_delta": -0.14953685199816436,
        "switch_delta": 0.09591557412476587
      }
    },
    "full_trajectory_prediction_signals": {
      "metrics": {
        "rows": 55528,
        "all_improvement": 0.2776220221888661,
        "t10_improvement": 0.4733562583931289,
        "t25_improvement": 0.1155592861833945,
        "t50_improvement": 0.20276830216301012,
        "t100_improvement": 0.2765502070520548,
        "hard_failure_improvement": 0.27864455361980334,
        "easy_degradation": 0.0,
        "harm_over_fallback": -0.13287818510090307,
        "switch_rate": 0.38578735052586083,
        "regret_to_oracle": -0.15398754364121042,
        "by_domain": {
          "ETH_UCY": {
            "rows": 25901,
            "all_improvement": 0.32217526587531486,
            "t50_improvement": 0.23361798113751742,
            "t100_improvement": 0.3188714750931375,
            "hard_failure_improvement": 0.3242859021553395,
            "easy_degradation": 0.0,
            "switch_rate": 0.4853094475116791
          },
          "TrajNet": {
            "rows": 20087,
            "all_improvement": 0.3802482784063691,
            "t50_improvement": 0.27762921033234533,
            "t100_improvement": 0.37876156452247545,
            "hard_failure_improvement": 0.37679174794360304,
            "easy_degradation": 0.0,
            "switch_rate": 0.4406830288246129
          },
          "UCY": {
            "rows": 9540,
            "all_improvement": 0.0,
            "t50_improvement": 0.0,
            "t100_improvement": 0.0,
            "hard_failure_improvement": 0.0,
            "easy_degradation": 0.0,
            "switch_rate": 0.0
          }
        }
      },
      "delta_vs_full": {
        "all_delta": -0.008307576365714331,
        "t50_delta": -0.011069573747205852,
        "t100_delta": -0.012202666671112583,
        "hard_delta": -0.0081400504984952,
        "switch_delta": -0.03654012390145511
      }
    },
    "all_group_geometry": {
      "metrics": {
        "rows": 55528,
        "all_improvement": 0.28567784023182696,
        "t10_improvement": 0.47314996835006407,
        "t25_improvement": 0.11947210142549747,
        "t50_improvement": 0.21436675237275649,
        "t100_improvement": 0.28830701513456747,
        "hard_failure_improvement": 0.2865451039538074,
        "easy_degradation": 0.0,
        "harm_over_fallback": -0.13673394003205733,