{
  "source": "fresh_run",
  "protocol_status": "fresh_rotation_endpoint_gain_gate_candidate",
  "hypothesis": "Train a gain/harm/t100-safe gate on endpoint-head predictions so the neural endpoint intervenes only when predicted gain exceeds harm, instead of relying only on hand-tuned uncertainty thresholds.",
  "best_policy": {
    "gain_value_min": -0.01,
    "gain_prob_min": 0.5,
    "harm_prob_max": 0.14,
    "t100_good_min": 0.0,
    "variance_max": 0.00032432249281555414,
    "uncertainty_max": 0.042329512536525726,
    "max_switch": 0.45,
    "horizon_mode": "all"
  },
  "best_val": {
    "metrics_vs_source_rotation_base": {
      "rows": 53256,
      "all_improvement": 0.24573120045171326,
      "t10_improvement": 0.6207091982098217,
      "t25_improvement": 0.12641864929649071,
      "t50_improvement": 0.28435131004276215,
      "t100_improvement": 0.00017189119570759637,
      "hard_failure_improvement": 0.25807202212350555,
      "easy_degradation": 0.0,
      "harm_over_fallback": -0.12036813313335955,
      "switch_rate": 0.3941152170647439,
      "regret_to_oracle": -0.11086394324149536,
      "by_domain": {
        "ETH_UCY": {
          "rows": 16103,
          "all_improvement": 0.3461724398624185,
          "t50_improvement": 0.4724151061308649,
          "t100_improvement": 0.0005073757033561277,
          "hard_failure_improvement": 0.35094773202107576,
          "easy_degradation": 0.0,
          "switch_rate": 0.6018133267093089
        },
        "TrajNet": {
          "rows": 37153,
          "all_improvement": 0.18460618147354102,
          "t50_improvement": 0.13851843716014633,
          "t100_improvement": 0.0,
          "hard_failure_improvement": 0.194160997175444,
          "easy_degradation": 0.0,
          "switch_rate": 0.3040938820552849
        }
      }
    },
    "score": 1.5715272483623972
  },
  "metrics_vs_source_rotation_base": {
    "rows": 55528,
    "all_improvement": 0.3197143848628736,
    "t10_improvement": 0.6955344912029293,
    "t25_improvement": 0.23786450491870714,
    "t50_improvement": 0.4039452189932936,
    "t100_improvement": 0.014313514795305071,
    "hard_failure_improvement": 0.31997011330458325,
    "easy_degradation": 0.0,
    "harm_over_fallback": -0.17388638218670857,
    "switch_rate": 0.4499891946405417,
    "regret_to_oracle": -0.1297452011707087,
    "by_domain": {
      "ETH_UCY": {
        "rows": 25901,
        "all_improvement": 0.30760870841809107,
        "t50_improvement": 0.4244620952982183,
        "t100_improvement": 0.0,
        "hard_failure_improvement": 0.31329641145080245,
        "easy_degradation": 0.0,
        "switch_rate": 0.42349716227172696
      },
      "TrajNet": {
        "rows": 20087,
        "all_improvement": 0.3849781189326402,
        "t50_improvement": 0.4150122380597221,
        "t100_improvement": 0.0,
        "hard_failure_improvement": 0.38628549128039014,
        "easy_degradation": 0.0,
        "switch_rate": 0.42754020012943694
      },
      "UCY": {
        "rows": 9540,
        "all_improvement": 0.26981434930048065,
        "t50_improvement": 0.33297218814172014,
        "t100_improvement": 0.041719155275522724,
        "hard_failure_improvement": 0.2608669524201661,
        "easy_degradation": 0.0,
        "switch_rate": 0.5691823899371069
      }
    },
    "t50_ci": {
      "low": 0.39769802433540397,
      "mid": 0.40382178062397356,
      "high": 0.4103851170939843,
      "n": 13689
    }
  },
  "metrics_vs_floor": {
    "rows": 55528,
    "all_improvement": 0.46177001431414255,
    "t10_improvement": 0.69558909907834,
    "t25_improvement": 0.26793634200901684,
    "t50_improvement": 0.43642186378275194,
    "t100_improvement": 0.4650043702786226,
    "hard_failure_improvement": 0.47323650646534476,
    "easy_degradation": 0.0,
    "harm_over_fallback": -0.3174333272679177,
    "switch_rate": 0.5717655957354848,
    "regret_to_oracle": -0.1297452011707087,
    "by_domain": {
      "ETH_UCY": {
        "rows": 25901,
        "all_improvement": 0.4833786794381879,
        "t50_improvement": 0.46322719720073324,
        "t100_improvement": 0.5385035854281408,
        "hard_failure_improvement": 0.49811937968116815,
        "easy_degradation": 0.0,
        "switch_rate": 0.5958843287903942
      },
      "TrajNet": {
        "rows": 20087,
        "all_improvement": 0.5474506518470033,
        "t50_improvement": 0.45343319541281624,
        "t100_improvement": 0.6061667533205937,
        "hard_failure_improvement": 0.5646157503439834,
        "easy_degradation": 0.0,
        "switch_rate": 0.5418927664658735
      },
      "UCY": {
        "rows": 9540,
        "all_improvement": 0.26981434930048065,
        "t50_improvement": 0.33297218814172014,
        "t100_improvement": 0.041719155275522724,
        "hard_failure_improvement": 0.2608669524201661,
        "easy_degradation": 0.0,
        "switch_rate": 0.5691823899371069
      }
    },
    "t50_ci": {
      "low": 0.42987879654870426,
      "mid": 0.4363766197364665,
      "high": 0.4428387772886156,
      "n": 13689
    },
    "hard_failure_ci": {
      "low": 0.46867054499495875,
      "mid": 0.47311883457025355,
      "high": 0.47782290509052183,
      "n": 41741
    },
    "all_ci": {
      "low": 0.4573598600052643,
      "mid": 0.4617789880783918,
      "high": 0.466052942327165,
      "n": 55528
    }
  },
  "free_endpoint_without_gate_vs_source_rotation_base": {
    "rows": 55528,
    "all_improvement": 0.2868374344223086,
    "t10_improvement": 0.6671126836987926,
    "t25_improvement": 0.3163898088353633,
    "t50_improvement": 0.4544848267879741,
    "t100_improvement": -0.19744334708407352,
    "hard_failure_improvement": 0.2805415560111326,
    "easy_degradation": 0.24986519081559688,
    "harm_over_fallback": -0.1560052537792597,
    "switch_rate": 1.0,
    "regret_to_oracle": -0.11186407276325983,
    "by_domain": {
      "ETH_UCY": {
        "rows": 25901,
        "all_improvement": 0.19100770311652815,
        "t50_improvement": 0.4705050467951397,
        "t100_improvement": -0.5704743177014502,
        "hard_failure_improvement": 0.18101858247746128,
        "easy_degradation": 0.37263990961494664,
        "switch_rate": 1.0
      },
      "TrajNet": {
        "rows": 20087,
        "all_improvement": 0.2832305052410572,
        "t50_improvement": 0.4247083093530982,
        "t100_improvement": -0.4624739090418817,
        "hard_failure_improvement": 0.28029333238416787,
        "easy_degradation": 0.3509794221501181,
        "switch_rate": 1.0
      },
      "UCY": {
        "rows": 9540,
        "all_improvement": 0.48604256728188755,
        "t50_improvement": 0.45628079060862103,
        "t100_improvement": 0.4526117178671788,
        "hard_failure_improvement": 0.4873823315179616,
        "easy_degradation": 0.0,
        "switch_rate": 1.0
      }
    }
  },
  "positive_external_domains_vs_floor": 3,
  "max_domain_easy_degradation_vs_floor": 0.0,
  "protected_full_replacement_pass": true,
  "positive_neural_switch_pass": true,
  "deployment_decision": "endpoint_gain_gate_neural_candidate_pending_user_acceptance",
  "trials": {
    "endpoint_gate_balanced": {
      "trial": {
        "name": "endpoint_gate_balanced",
        "width": 160,
        "dropout": 0.08,
        "lr": 0.0008,
        "hard_w": 2.0,
        "t50_w": 3.0,
        "t100_w": 2.0,
        "harm_w": 1.0,
        "seed": 9611
      },
      "train": {
        "source": "cached_verified",
        "checkpoint": "outputs/stage41_fresh_confirmation/checkpoints/stage41_endpoint_gate_balanced.pt",
        "heartbeat": "outputs/stage41_fresh_confirmation/endpoint_gate_balanced_heartbeat.json",
        "best": {
          "val_loss": 62.588645935058594,
          "epoch": 5,
          "train_loss": 7888.798716842297
        },
        "resume_note": "checkpoint and heartbeat verified; skipped retraining"
      }
    },