{
  "source": "fresh_run",
  "protocol": "composite_tail_all_agent_full_world_state_audit",
  "policy": {
    "type": "composite_tail",
    "switch_alpha": 1.0,
    "tail_alpha": 0.08,
    "tail_gain_min": 0.05,
    "tail_harm_max": 0.35,
    "tail_uncertainty_max": 0.35,
    "tail_teacher_min": 0.45
  },
  "checkpoint": "outputs/stage41_fresh_confirmation/checkpoints/stage41_teacher_proposal_balanced.pt",
  "rows": 55528,
  "waypoint_fractions": [
    0.25,
    0.5,
    0.75,
    1.0
  ],
  "coverage": {
    "any_waypoint_rows": 55528,
    "full_waypoint_rows": 38802,
    "multi_agent_rows": 54518,
    "multi_agent_full_waypoint_rows": 37972,
    "t50_rows": 13689,
    "t100_rows": 9905
  },
  "group_summary": {
    "groups": 10666,
    "multi_agent_groups": 9656,
    "mean_group_size": 5.206075379711232,
    "p95_group_size": 11.0,
    "group_switch_rate": 0.6562910181886368,
    "mixed_group_switch_rate": 0.5679729983123946
  },
  "ade_metrics_vs_floor": {
    "rows": 55528,
    "all_improvement": 0.2102513255185352,
    "t10_improvement": 0.4810525302753197,
    "t25_improvement": 0.10635705713395971,
    "t50_improvement": 0.13652231450154184,
    "t100_improvement": 0.14694086716388166,
    "hard_failure_improvement": 0.20384916307933942,
    "easy_degradation": 0.0,
    "harm_over_fallback": -0.1006325590804755,
    "switch_rate": 0.3410171445036738,
    "regret_to_oracle": -0.12174191762078287,
    "by_domain": {
      "ETH_UCY": {
        "rows": 25901,
        "all_improvement": 0.19062711907148822,
        "t50_improvement": 0.13578010021258757,
        "t100_improvement": 0.1345954848165677,
        "hard_failure_improvement": 0.18707724155054317,
        "easy_degradation": 0.0,
        "switch_rate": 0.39380718891162503
      },
      "TrajNet": {
        "rows": 20087,
        "all_improvement": 0.2295029620675162,
        "t50_improvement": 0.166209193926539,
        "t100_improvement": 0.14024617113502336,
        "hard_failure_improvement": 0.2195777066718413,
        "easy_degradation": 0.0,
        "switch_rate": 0.27654702046099466
      },
      "UCY": {
        "rows": 9540,
        "all_improvement": 0.23265884628641076,
        "t50_improvement": 0.0913767291690647,
        "t100_improvement": 0.19255939765315455,
        "hard_failure_improvement": 0.22601578755697505,
        "easy_degradation": 0.0,
        "switch_rate": 0.33343815513626834
      }
    }
  },
  "fde_metrics_vs_floor": {
    "rows": 55528,
    "all_improvement": 0.19816955620782206,
    "t10_improvement": 0.4850287492294132,
    "t25_improvement": 0.11638311922958633,
    "t50_improvement": 0.17387876491801468,
    "t100_improvement": 0.1405980570612283,
    "hard_failure_improvement": 0.1924452925600939,
    "easy_degradation": 0.0,
    "harm_over_fallback": -0.1362271684975707,
    "switch_rate": 0.3410171445036738,
    "regret_to_oracle": 0.05146095712801982,
    "by_domain": {
      "ETH_UCY": {
        "rows": 25901,
        "all_improvement": 0.18056777338329666,
        "t50_improvement": 0.1877386427820198,
        "t100_improvement": 0.12198480808458345,
        "hard_failure_improvement": 0.17844837612447917,
        "easy_degradation": 0.0,
        "switch_rate": 0.39380718891162503
      },
      "TrajNet": {
        "rows": 20087,
        "all_improvement": 0.22520065387990684,
        "t50_improvement": 0.2050202773029699,
        "t100_improvement": 0.14294477056237087,
        "hard_failure_improvement": 0.21551525344909206,
        "easy_degradation": 0.0,
        "switch_rate": 0.27654702046099466
      },
      "UCY": {
        "rows": 9540,
        "all_improvement": 0.20423429397984283,
        "t50_improvement": 0.08477183613489314,
        "t100_improvement": 0.1903142818853547,
        "hard_failure_improvement": 0.19642046918121514,
        "easy_degradation": 0.0,
        "switch_rate": 0.33343815513626834
      }
    }
  },
  "multi_agent_ade_metrics": {
    "rows": 54518,
    "all_improvement": 0.20822625789447657,
    "t10_improvement": 0.48103017720354857,
    "t25_improvement": 0.10596183081702215,
    "t50_improvement": 0.1379658977168079,
    "t100_improvement": 0.13813355990572607,
    "hard_failure_improvement": 0.20157127613822023,
    "easy_degradation": 0.0,
    "harm_over_fallback": -0.09864844911820236,
    "switch_rate": 0.34052973329909386,
    "regret_to_oracle": -0.12295237148656706,
    "by_domain": {
      "ETH_UCY": {
        "rows": 25677,
        "all_improvement": 0.18999086164582246,
        "t50_improvement": 0.13700831587146378,
        "t100_improvement": 0.1318063689818343,
        "hard_failure_improvement": 0.1863483050872513,
        "easy_degradation": 0.0,
        "switch_rate": 0.3931144604120419
      },
      "TrajNet": {
        "rows": 19719,
        "all_improvement": 0.22719993772307967,
        "t50_improvement": 0.16940132942059472,
        "t100_improvement": 0.12729559505662114,
        "hard_failure_improvement": 0.21695637989473326,
        "easy_degradation": 0.0,
        "switch_rate": 0.2749125209189107
      },
      "UCY": {
        "rows": 9122,
        "all_improvement": 0.22905127375062262,
        "t50_improvement": 0.0895276968151778,
        "t100_improvement": 0.17552314738635688,
        "hard_failure_improvement": 0.2215995332145405,
        "easy_degradation": 0.0,
        "switch_rate": 0.33435650076737555
      }
    }
  },
  "multi_agent_fde_metrics": {
    "rows": 54518,
    "all_improvement": 0.1959360159540372,
    "t10_improvement": 0.48608252057430135,
    "t25_improvement": 0.1164252708627167,
    "t50_improvement": 0.17562563812628762,
    "t100_improvement": 0.1309638585232027,
    "hard_failure_improvement": 0.1899060483377747,
    "easy_degradation": 0.0,
    "harm_over_fallback": -0.13319801259695319,
    "switch_rate": 0.34052973329909386,
    "regret_to_oracle": 0.048545634890847345,
    "by_domain": {
      "ETH_UCY": {
        "rows": 25677,
        "all_improvement": 0.1799021369478544,
        "t50_improvement": 0.18881585066126305,
        "t100_improvement": 0.11897323651066638,
        "hard_failure_improvement": 0.17769941264503686,
        "easy_degradation": 0.0,
        "switch_rate": 0.3931144604120419
      },
      "TrajNet": {
        "rows": 19719,
        "all_improvement": 0.2228851360776991,
        "t50_improvement": 0.2083618603023536,
        "t100_improvement": 0.12916239584147515,
        "hard_failure_improvement": 0.2127572696376666,
        "easy_degradation": 0.0,
        "switch_rate": 0.2749125209189107
      },
      "UCY": {
        "rows": 9122,
        "all_improvement": 0.19897986848890303,
        "t50_improvement": 0.08351109650130806,
        "t100_improvement": 0.17179450837705146,
        "hard_failure_improvement": 0.19004192470128312,
        "easy_degradation": 0.0,
        "switch_rate": 0.33435650076737555
      }
    }
  },
  "full_waypoint_ade_metrics": {
    "rows": 38802,
    "all_improvement": 0.13637464637879926,
    "t10_improvement": 0.0,
    "t25_improvement": 0.10635705713395971,
    "t50_improvement": 0.13652231450154184,
    "t100_improvement": 0.14694086716388166,
    "hard_failure_improvement": 0.13241620106047702,
    "easy_degradation": 0.0,
    "harm_over_fallback": -0.0733885836386416,
    "switch_rate": 0.25447141899902065,
    "regret_to_oracle": -0.10376273429613601,
    "by_domain": {
      "ETH_UCY": {
        "rows": 18678,
        "all_improvement": 0.12685230286857374,
        "t50_improvement": 0.13578010021258757,
        "t100_improvement": 0.1345954848165677,
        "hard_failure_improvement": 0.12570060988325682,
        "easy_degradation": 0.0,
        "switch_rate": 0.331352393189849
      },
      "TrajNet": {
        "rows": 13644,
        "all_improvement": 0.14790350523108464,
        "t50_improvement": 0.166209193926539,
        "t100_improvement": 0.14024617113502336,
        "hard_failure_improvement": 0.1401385549641294,
        "easy_degradation": 0.0,