{
  "source": "fresh_run",
  "protocol_status": "fresh_rotation_residual_endpoint_candidate",
  "selection_rule": "train endpoint/residual neural heads on train; select uncertainty/switch policy on val; test once; compare residual over the source-rotation selector base and over train-horizon strongest floor",
  "best_policy": {
    "variance_max": 0.00012622258509509265,
    "uncertainty_max": 0.025470109656453133,
    "harm_max": 0.9,
    "failure_min": 0.0,
    "max_switch": 0.1,
    "horizon_mode": "t50_only"
  },
  "best_val": {
    "metrics": {
      "rows": 53256,
      "all_improvement": 0.08253206299143478,
      "t10_improvement": 0.0,
      "t25_improvement": 0.0,
      "t50_improvement": 0.24882781748704574,
      "t100_improvement": 0.0,
      "hard_failure_improvement": 0.09650450379623488,
      "easy_degradation": 0.0,
      "harm_over_fallback": -0.040428933259666795,
      "switch_rate": 0.09998873366381253,
      "regret_to_oracle": -0.030904036148824733,
      "by_domain": {
        "ETH_UCY": {
          "rows": 16103,
          "all_improvement": 0.12797231920047325,
          "t50_improvement": 0.3342203093461008,
          "t100_improvement": 0.0,
          "hard_failure_improvement": 0.13888161629828277,
          "easy_degradation": 0.0,
          "switch_rate": 0.14382413214928896
        },
        "TrajNet": {
          "rows": 37153,
          "all_improvement": 0.05487409548145039,
          "t50_improvement": 0.1826027599566692,
          "t100_improvement": 0.0,
          "hard_failure_improvement": 0.06733844067777173,
          "easy_degradation": 0.0,
          "switch_rate": 0.08098942211934433
        }
      }
    },
    "endpoint_without_fallback": {
      "rows": 53256,
      "all_improvement": 0.23394185770130915,
      "t10_improvement": 0.5470804398570833,
      "t25_improvement": 0.25248836751502035,
      "t50_improvement": 0.37211073837045006,
      "t100_improvement": -0.19672218912339368,
      "hard_failure_improvement": 0.2337527723366889,
      "easy_degradation": 0.17248273880185416,
      "harm_over_fallback": -0.11459812597475293,
      "switch_rate": 1.0,
      "regret_to_oracle": -0.10507322886391086,
      "by_domain": {
        "ETH_UCY": {
          "rows": 16103,
          "all_improvement": 0.26530946606484185,
          "t50_improvement": 0.46080554262088746,
          "t100_improvement": -0.4004167472864457,
          "hard_failure_improvement": 0.2552173241904183,
          "easy_degradation": 0.0387215676893633,
          "switch_rate": 1.0
        },
        "TrajNet": {
          "rows": 37153,
          "all_improvement": 0.21484944129869354,
          "t50_improvement": 0.30332461459945437,
          "t100_improvement": -0.0923174993205933,
          "hard_failure_improvement": 0.21897978670334428,
          "easy_degradation": 0.2040467381585116,
          "switch_rate": 1.0
        }
      }
    },
    "score": 0.7975240041891026,
    "max_domain_easy_degradation": 0.0
  },
  "metrics_vs_source_rotation_base": {
    "rows": 55528,
    "all_improvement": 0.10763186309952033,
    "t10_improvement": 0.0,
    "t25_improvement": 0.0,
    "t50_improvement": 0.30691223004008084,
    "t100_improvement": 0.0,
    "hard_failure_improvement": 0.1197093090100827,
    "easy_degradation": 0.0,
    "harm_over_fallback": -0.05853792814755945,
    "switch_rate": 0.09998559285405562,
    "regret_to_oracle": -0.014405395227010504,
    "by_domain": {
      "ETH_UCY": {
        "rows": 25901,
        "all_improvement": 0.12781142134856782,
        "t50_improvement": 0.3440065964038531,
        "t100_improvement": 0.0,
        "hard_failure_improvement": 0.13935002046169076,
        "easy_degradation": 0.0,
        "switch_rate": 0.1287595073549284
      },
      "TrajNet": {
        "rows": 20087,
        "all_improvement": 0.09962075730864839,
        "t50_improvement": 0.26832571702699703,
        "t100_improvement": 0.0,
        "hard_failure_improvement": 0.11497614576992465,
        "easy_degradation": 0.0,
        "switch_rate": 0.07004530293224473
      },
      "UCY": {
        "rows": 9540,
        "all_improvement": 0.07570393503059503,
        "t50_improvement": 0.26585398045815667,
        "t100_improvement": 0.0,
        "hard_failure_improvement": 0.0841528188464572,
        "easy_degradation": 0.0,
        "switch_rate": 0.08490566037735849
      }
    }
  },
  "metrics_vs_floor": {
    "rows": 55528,
    "all_improvement": 0.2939852883056493,
    "t10_improvement": 0.0001793565242457218,
    "t25_improvement": 0.0394236422573877,
    "t50_improvement": 0.3446657894513262,
    "t100_improvement": 0.45728888926366984,
    "hard_failure_improvement": 0.31812644745232777,
    "easy_degradation": 0.0,
    "harm_over_fallback": -0.20209352132421948,
    "switch_rate": 0.2190426451519954,
    "regret_to_oracle": -0.014405395227010504,
    "by_domain": {
      "ETH_UCY": {
        "rows": 25901,
        "all_improvement": 0.34925691645607326,
        "t50_improvement": 0.38817261088895294,
        "t100_improvement": 0.5386169619420524,
        "hard_failure_improvement": 0.37102387184920915,
        "easy_degradation": 0.0,
        "switch_rate": 0.2941971352457434
      },
      "TrajNet": {
        "rows": 20087,
        "all_improvement": 0.3374570740634586,
        "t50_improvement": 0.31638078458810504,
        "t100_improvement": 0.6061417608754427,
        "hard_failure_improvement": 0.3721325729602982,
        "easy_degradation": 0.0,
        "switch_rate": 0.1858415890874695
      },
      "UCY": {
        "rows": 9540,
        "all_improvement": 0.07570393503059503,
        "t50_improvement": 0.26585398045815667,
        "t100_improvement": 0.0,
        "hard_failure_improvement": 0.0841528188464572,
        "easy_degradation": 0.0,
        "switch_rate": 0.08490566037735849
      }
    }
  },
  "endpoint_without_fallback_vs_source_rotation_base": {
    "rows": 55528,
    "all_improvement": 0.2817284399152159,
    "t10_improvement": 0.5221682580048086,
    "t25_improvement": 0.15067224106210964,
    "t50_improvement": 0.4512468057570901,
    "t100_improvement": -0.007687587556248099,
    "hard_failure_improvement": 0.3137782005382411,
    "easy_degradation": 1.3360420821946413,
    "harm_over_fallback": -0.15322413547400943,
    "switch_rate": 1.0,
    "regret_to_oracle": -0.10909160255346048,
    "by_domain": {
      "ETH_UCY": {
        "rows": 25901,
        "all_improvement": 0.2425702922739047,
        "t50_improvement": 0.44663577497587126,
        "t100_improvement": -0.29438667799718243,
        "hard_failure_improvement": 0.2549220268874641,
        "easy_degradation": 1.0088047288260396,
        "switch_rate": 1.0
      },
      "TrajNet": {
        "rows": 20087,
        "all_improvement": 0.18145216868191427,
        "t50_improvement": 0.43251363093356965,
        "t100_improvement": -0.31015415341737596,
        "hard_failure_improvement": 0.2568205860506847,
        "easy_degradation": 2.2957926415082297,
        "switch_rate": 1.0
      },
      "UCY": {
        "rows": 9540,
        "all_improvement": 0.47597955928159186,
        "t50_improvement": 0.4913921159460558,
        "t100_improvement": 0.5505339282957025,
        "hard_failure_improvement": 0.4985934064574019,
        "easy_degradation": 0.42116630485751494,
        "switch_rate": 1.0
      }
    }
  },
  "positive_external_domains_vs_floor": 3,
  "max_domain_easy_degradation_vs_floor": 0.0,
  "full_replacement_pass": true,
  "deployment_decision": "candidate_residual_full_replacement_pending_user_acceptance",
  "trials": {
    "fresh_residual_t50_balanced": {
      "trial": {
        "name": "fresh_residual_t50_balanced",
        "width": 192,
        "dropout": 0.08,
        "lr": 0.0008,
        "t50_w": 4.0,
        "t100_w": 1.0,
        "hard_w": 2.0,
        "endpoint_w": 1.0,
        "uncertainty_w": 0.7,
        "seed": 9101
      },
      "train": {
        "source": "fresh_run",