{
  "source": "fresh_run",
  "protocol_status": "fresh_rotation_bounded_residual_candidate",
  "hypothesis": "Predict a clipped residual around the validation-selected source-rotation safety floor instead of a free future endpoint, so neural_without_fallback cannot catastrophically damage easy/t100 slices.",
  "best_variant": "bounded_residual_long_horizon",
  "best_policy": {
    "variance_max": 0.0,
    "uncertainty_max": 0.21541689336299896,
    "harm_max": 0.8,
    "failure_min": 0.0,
    "residual_norm_max": 0.07296912372112274,
    "max_switch": 0.7,
    "horizon_mode": "t50_t100"
  },
  "best_val": {
    "metrics_vs_source_rotation_base": {
      "rows": 53256,
      "all_improvement": 0.006670771229954964,
      "t10_improvement": 0.0,
      "t25_improvement": 0.0,
      "t50_improvement": 0.018267810399617224,
      "t100_improvement": 0.0023317909046896013,
      "hard_failure_improvement": 0.007800203004533768,
      "easy_degradation": 0.0,
      "harm_over_fallback": -0.0032675878278110716,
      "switch_rate": 0.22868784737869913,
      "regret_to_oracle": 0.006236602064053126,
      "by_domain": {
        "ETH_UCY": {
          "rows": 16103,
          "all_improvement": -0.00525592500920391,
          "t50_improvement": -0.0009854874614612097,
          "t100_improvement": -0.020769846756794053,
          "hard_failure_improvement": -0.005704018054885296,
          "easy_degradation": 0.003158829373725025,
          "switch_rate": 0.18679749115071725
        },
        "TrajNet": {
          "rows": 37153,
          "all_improvement": 0.013928940665564271,
          "t50_improvement": 0.033197657600140706,
          "t100_improvement": 0.014168308031125787,
          "hard_failure_improvement": 0.01709292991864897,
          "easy_degradation": 0.0,
          "switch_rate": 0.24684413102575836
        }
      }
    },
    "without_fallback_vs_source_rotation_base": {
      "rows": 53256,
      "all_improvement": -9.67599161684201,
      "t10_improvement": -6.237468492941741,
      "t25_improvement": -15.361703922842437,
      "t50_improvement": -13.084939335579481,
      "t100_improvement": -3.605032501149781,
      "hard_failure_improvement": -9.77145887592035,
      "easy_degradation": 17.508355010909813,
      "harm_over_fallback": 4.739654732457027,
      "switch_rate": 1.0,
      "regret_to_oracle": 4.749158922348891,
      "by_domain": {
        "ETH_UCY": {
          "rows": 16103,
          "all_improvement": -12.680128667710974,
          "t50_improvement": -17.353039257041427,
          "t100_improvement": -5.28325018371844,
          "hard_failure_improvement": -12.827149696475708,
          "easy_degradation": 24.056414680953658,
          "switch_rate": 1.0
        },
        "TrajNet": {
          "rows": 37153,
          "all_improvement": -7.847779068642161,
          "t50_improvement": -9.775268435363948,
          "t100_improvement": -2.7451691168871624,
          "hard_failure_improvement": -7.668731128466694,
          "easy_degradation": 15.962859429486738,
          "switch_rate": 1.0
        }
      }
    },
    "score": -152.74949790235866
  },
  "metrics_vs_source_rotation_base": {
    "rows": 55528,
    "all_improvement": 0.0006970779559998252,
    "t10_improvement": 0.0,
    "t25_improvement": 0.0,
    "t50_improvement": 0.0004693039776136887,
    "t100_improvement": 0.0018985141954097617,
    "hard_failure_improvement": 0.0007752921527708345,
    "easy_degradation": 0.005633650797489231,
    "harm_over_fallback": -0.00037912702590122744,
    "switch_rate": 0.11392450655525141,
    "regret_to_oracle": 0.043762053990098644,
    "by_domain": {
      "ETH_UCY": {
        "rows": 25901,
        "all_improvement": 0.0009786453501064996,
        "t50_improvement": -0.0016519965760737332,
        "t100_improvement": 0.006106135327526574,
        "hard_failure_improvement": 0.001066991015916896,
        "easy_degradation": 0.012417370019018437,
        "switch_rate": 0.16111347052237365
      },
      "TrajNet": {
        "rows": 20087,
        "all_improvement": -0.0007554070668924773,
        "t50_improvement": 0.0007364410258394738,
        "t100_improvement": -0.004918811205474771,
        "hard_failure_improvement": -0.0008718312521152072,
        "easy_degradation": 0.0,
        "switch_rate": 0.10200627271369543
      },
      "UCY": {
        "rows": 9540,
        "all_improvement": 0.001782903963019833,
        "t50_improvement": 0.0057055071334529694,
        "t100_improvement": 0.00039352636066403157,
        "hard_failure_improvement": 0.001981883691514974,
        "easy_degradation": 0.0024530464686158826,
        "switch_rate": 0.01090146750524109
      }
    }
  },
  "metrics_vs_floor": {
    "rows": 55528,
    "all_improvement": 0.2093691451653562,
    "t10_improvement": 0.0001793565242457218,
    "t25_improvement": 0.039457337027849704,
    "t50_improvement": 0.05492974017452401,
    "t100_improvement": 0.4582659487179851,
    "hard_failure_improvement": 0.22598240425938143,
    "easy_degradation": 0.0,
    "harm_over_fallback": -0.14392607210711036,
    "switch_rate": 0.13029462613456275,
    "regret_to_oracle": 0.043762053990098644,
    "by_domain": {
      "ETH_UCY": {
        "rows": 25901,
        "all_improvement": 0.25458951060821855,
        "t50_improvement": 0.0658138321745948,
        "t100_improvement": 0.5413215449886848,
        "hard_failure_improvement": 0.26992500612224335,
        "easy_degradation": 0.0,
        "switch_rate": 0.17910505385892436
      },
      "TrajNet": {
        "rows": 20087,
        "all_improvement": 0.26361773284761125,
        "t50_improvement": 0.06636629703600117,
        "t100_improvement": 0.6042295619337384,
        "hard_failure_improvement": 0.2899567713321983,
        "easy_degradation": 0.0,
        "switch_rate": 0.12406033753173694
      },
      "UCY": {
        "rows": 9540,
        "all_improvement": 0.001782903963019833,
        "t50_improvement": 0.0057055071334529694,
        "t100_improvement": 0.00039352636066403157,
        "hard_failure_improvement": 0.001981883691514974,
        "easy_degradation": 0.0024530464686158826,
        "switch_rate": 0.01090146750524109
      }
    }
  },
  "bounded_without_fallback_vs_source_rotation_base": {
    "rows": 55528,
    "all_improvement": -12.623393037271864,
    "t10_improvement": -6.520387976885854,
    "t25_improvement": -17.529151189995687,
    "t50_improvement": -16.480182251166244,
    "t100_improvement": -8.752191634619708,
    "hard_failure_improvement": -12.864015874421538,
    "easy_degradation": 20.566047225938334,
    "harm_over_fallback": 6.86561584369608,
    "switch_rate": 1.0,
    "regret_to_oracle": 6.909757024712079,
    "by_domain": {
      "ETH_UCY": {
        "rows": 25901,
        "all_improvement": -11.80490443036654,
        "t50_improvement": -16.028156560618218,
        "t100_improvement": -5.705511130600495,
        "hard_failure_improvement": -11.932056040859829,
        "easy_degradation": 19.91381188527454,
        "switch_rate": 1.0
      },
      "TrajNet": {
        "rows": 20087,
        "all_improvement": -12.301354293482992,
        "t50_improvement": -16.917044028407872,
        "t100_improvement": -4.925348961327651,
        "hard_failure_improvement": -12.588101583719673,
        "easy_degradation": 20.54423567499829,
        "switch_rate": 1.0
      },
      "UCY": {
        "rows": 9540,
        "all_improvement": -14.657462856570612,
        "t50_improvement": -17.030137477963418,
        "t100_improvement": -15.049161600072328,
        "hard_failure_improvement": -15.10191039661224,
        "easy_degradation": 21.769276509344156,
        "switch_rate": 1.0
      }
    }
  },
  "bounded_without_fallback_vs_floor": {
    "rows": 55528,
    "all_improvement": -9.77858839917645,
    "t10_improvement": -6.519039146237341,
    "t25_improvement": -16.798040226652045,
    "t50_improvement": -15.527756923971811,
    "t100_improvement": -4.2931433909672005,