{
  "source": "fresh_run",
  "protocol": "route_physical_augmented_group_consistency",
  "policy_source": "ucy_repaired_policy",
  "train": {
    "source": "fresh_run",
    "checkpoint": "outputs/stage41_fresh_confirmation/checkpoints/stage41_route_physical_group_consistency.pt",
    "heartbeat": "outputs/stage41_fresh_confirmation/route_physical_group_consistency_heartbeat.json",
    "best": {
      "val_loss": 0.6044076085090637,
      "epoch": 4,
      "train_loss": 1.8553224912396185
    }
  },
  "selected_policy": {
    "type": "route_physical_group_consistency_safety_buffer",
    "safe_min": 0.4,
    "gain_min": 0.3802590250968933,
    "unsafe_max": 0.8,
    "val_eligible": true,
    "val_collision_ceiling": 0.005,
    "val_selected_metrics": {
      "rows": 53256,
      "all_improvement": 0.09892127593039535,
      "t10_improvement": 0.10847270314868074,
      "t25_improvement": 0.020846906580728963,
      "t50_improvement": 0.09756693384693904,
      "t100_improvement": 0.12491430312948415,
      "hard_failure_improvement": 0.10876692026491441,
      "easy_degradation": 0.0,
      "harm_over_fallback": -0.047666947891147296,
      "switch_rate": 0.09766035751840169,
      "regret_to_oracle": -0.04613184776522401,
      "by_domain": {
        "ETH_UCY": {
          "rows": 16103,
          "all_improvement": 0.10680798329718,
          "t50_improvement": 0.05575516024372673,
          "t100_improvement": 0.10877729052512575,
          "hard_failure_improvement": 0.10958132018354194,
          "easy_degradation": 0.0,
          "switch_rate": 0.15034465627522822
        },
        "TrajNet": {
          "rows": 37153,
          "all_improvement": 0.09436065956356177,
          "t50_improvement": 0.11913325269400377,
          "t100_improvement": 0.13560223064827914,
          "hard_failure_improvement": 0.10825202255783373,
          "easy_degradation": 0.0,
          "switch_rate": 0.07482572066858666
        }
      },
      "collision_delta_vs_floor_005": 0.003819882204617764,
      "multi_agent_metrics": {
        "rows": 53143,
        "all_improvement": 0.09845455529948677,
        "t10_improvement": 0.10842784787461945,
        "t25_improvement": 0.02084022361503246,
        "t50_improvement": 0.09762993027217048,
        "t100_improvement": 0.12380399112626583,
        "hard_failure_improvement": 0.10826057187129368,
        "easy_degradation": 0.0,
        "harm_over_fallback": -0.04736963266525461,
        "switch_rate": 0.09728468471858946,
        "regret_to_oracle": -0.04607429724154792,
        "by_domain": {
          "ETH_UCY": {
            "rows": 15998,
            "all_improvement": 0.10574586996128943,
            "t50_improvement": 0.05562683220682818,
            "t100_improvement": 0.10604480023635965,
            "hard_failure_improvement": 0.10842247897812818,
            "easy_degradation": 0.0,
            "switch_rate": 0.1495811976497062
          },
          "TrajNet": {
            "rows": 37145,
            "all_improvement": 0.09427576464467047,
            "t50_improvement": 0.1191360523508771,
            "t100_improvement": 0.1354041971153357,
            "hard_failure_improvement": 0.10815911170467418,
            "easy_degradation": 0.0,
            "switch_rate": 0.07476107147664558
          }
        }
      },
      "rollout_stats": {
        "selected": {
          "name": "group_consistency_distiller",
          "rows": 53256,
          "groups": 5428,
          "multi_agent_rows": 53143,
          "multi_agent_groups": 5315,
          "mean_group_size": 9.811348563006632,
          "switch_rate": 0.09766035751840169,
          "group_switch_rate": 0.4736551215917465,
          "mixed_group_switch_rate": 0.4476787030213707,
          "all_switch_group_rate": 0.025976418570375828,
          "no_switch_group_rate": 0.5263448784082535,
          "mean_min_group_distance": 0.08288439833921331,
          "p05_min_group_distance": 0.013847836909053503,
          "near_collision_rate_002": 0.10571476958395273,
          "near_collision_rate_005": 0.41303652409536534,
          "smoothness": {
            "mean_max_normalized_step": 0.013515929677539451,
            "jagged_rate": 0.0
          }
        },
        "floor": {
          "name": "floor",
          "rows": 53256,
          "groups": 5428,
          "multi_agent_rows": 53143,
          "multi_agent_groups": 5315,
          "mean_group_size": 9.811348563006632,
          "switch_rate": 0.0,
          "group_switch_rate": 0.0,
          "mixed_group_switch_rate": 0.0,
          "all_switch_group_rate": 0.0,
          "no_switch_group_rate": 1.0,
          "mean_min_group_distance": 0.08355213843698986,
          "p05_min_group_distance": 0.013804942199445818,
          "near_collision_rate_002": 0.10761530210940293,
          "near_collision_rate_005": 0.4092166418907476,
          "smoothness": {
            "mean_max_normalized_step": 0.01218247489701932,
            "jagged_rate": 0.0
          }
        }
      }
    }
  },
  "val_candidates_count": 48,
  "test_metrics": {
    "rows": 55528,
    "all_improvement": 0.11568469607260612,
    "t10_improvement": 0.18519364502366564,
    "t25_improvement": 0.030487977836754943,
    "t50_improvement": 0.08187483697323228,
    "t100_improvement": 0.12974873518015262,
    "hard_failure_improvement": 0.12064147528200675,
    "easy_degradation": 0.0,
    "harm_over_fallback": -0.05537014800511731,
    "switch_rate": 0.12348724967583921,
    "regret_to_oracle": -0.0764795065454247,
    "by_domain": {
      "ETH_UCY": {
        "rows": 25901,
        "all_improvement": 0.12890930156262737,
        "t50_improvement": 0.09493920069001427,
        "t100_improvement": 0.13149803440884367,
        "hard_failure_improvement": 0.13436119747282405,
        "easy_degradation": 0.0,
        "switch_rate": 0.17555306744913324
      },
      "TrajNet": {
        "rows": 20087,
        "all_improvement": 0.10785046323150593,
        "t50_improvement": 0.09328883710832603,
        "t100_improvement": 0.09334934069766587,
        "hard_failure_improvement": 0.10980848470318916,
        "easy_degradation": 0.0,
        "switch_rate": 0.08398466669985563
      },
      "UCY": {
        "rows": 9540,
        "all_improvement": 0.09262088680462688,
        "t50_improvement": 0.028237234904544217,
        "t100_improvement": 0.17990670919208618,
        "hard_failure_improvement": 0.09935942972741385,
        "easy_degradation": 0.0,
        "switch_rate": 0.06530398322851153
      }
    },
    "collision_delta_vs_floor_005": 0.00585127847683331,
    "multi_agent_metrics": {
      "rows": 54518,
      "all_improvement": 0.11162745259633666,
      "t10_improvement": 0.1841835249063981,
      "t25_improvement": 0.029854240115540165,
      "t50_improvement": 0.08195960076139608,
      "t100_improvement": 0.12029354008125082,
      "hard_failure_improvement": 0.11637347321824942,
      "easy_degradation": 0.0,
      "harm_over_fallback": -0.05288418083767695,
      "switch_rate": 0.12118933196375509,
      "regret_to_oracle": -0.07718810320604164,
      "by_domain": {
        "ETH_UCY": {
          "rows": 25677,
          "all_improvement": 0.12744540166036178,
          "t50_improvement": 0.09525677433246194,
          "t100_improvement": 0.1286539427320722,
          "hard_failure_improvement": 0.13285308447085487,
          "easy_degradation": 0.0,
          "switch_rate": 0.17369630408536824
        },
        "TrajNet": {
          "rows": 19719,
          "all_improvement": 0.10217742771333427,
          "t50_improvement": 0.09349862738824222,
          "t100_improvement": 0.0774677214429419,
          "hard_failure_improvement": 0.10379133649820971,
          "easy_degradation": 0.0,
          "switch_rate": 0.08159642983924134
        },
        "UCY": {
          "rows": 9122,
          "all_improvement": 0.08237342328393205,
          "t50_improvement": 0.02578372463063261,