{
  "source": "fresh_run",
  "protocol_status": "fresh_rotation_residual_endpoint_candidate",
  "selection_rule": "train endpoint/residual neural heads on train; select uncertainty/switch policy on val; test once; compare residual over the source-rotation selector base and over train-horizon strongest floor",
  "best_policy": {
    "variance_max": 0.00014855098561383784,
    "uncertainty_max": 0.028720367699861526,
    "harm_max": 0.9,
    "failure_min": 0.0,
    "max_switch": 0.18,
    "horizon_mode": "t50_only"
  },
  "best_val": {
    "metrics": {
      "rows": 53256,
      "all_improvement": 0.06877140073362842,
      "t10_improvement": 0.0,
      "t25_improvement": 0.0,
      "t50_improvement": 0.20734030740362286,
      "t100_improvement": 0.0,
      "hard_failure_improvement": 0.08041512265022843,
      "easy_degradation": 0.0,
      "harm_over_fallback": -0.03368674838220074,
      "switch_rate": 0.10789394622202193,
      "regret_to_oracle": -0.024182558490336546,
      "by_domain": {
        "ETH_UCY": {
          "rows": 16103,
          "all_improvement": 0.1139003170868993,
          "t50_improvement": 0.2974580972428452,
          "t100_improvement": 0.0,
          "hard_failure_improvement": 0.12361087039543495,
          "easy_degradation": 0.0,
          "switch_rate": 0.13351549400732782
        },
        "TrajNet": {
          "rows": 37153,
          "all_improvement": 0.041307523498118726,
          "t50_improvement": 0.13745904124047026,
          "t100_improvement": 0.0,
          "hard_failure_improvement": 0.05069061755800641,
          "easy_degradation": 0.0,
          "switch_rate": 0.09678895378569698
        }
      }
    },
    "endpoint_without_fallback": {
      "rows": 53256,
      "all_improvement": 0.21953476354130008,
      "t10_improvement": 0.639570384196549,
      "t25_improvement": 0.268300541984948,
      "t50_improvement": 0.37742789952648204,
      "t100_improvement": -0.34208503381463395,
      "hard_failure_improvement": 0.20193228740196745,
      "easy_degradation": 0.0,
      "harm_over_fallback": -0.10753615982327154,
      "switch_rate": 1.0,
      "regret_to_oracle": -0.09803196993140734,
      "by_domain": {
        "ETH_UCY": {
          "rows": 16103,
          "all_improvement": 0.2430308243221483,
          "t50_improvement": 0.519073316669683,
          "t100_improvement": -0.6012842654449981,
          "hard_failure_improvement": 0.22691426097524459,
          "easy_degradation": 0.0,
          "switch_rate": 1.0
        },
        "TrajNet": {
          "rows": 37153,
          "all_improvement": 0.20523588422073547,
          "t50_improvement": 0.26758986295418774,
          "t100_improvement": -0.20927989725641094,
          "hard_failure_improvement": 0.18474131746963118,
          "easy_degradation": 0.0,
          "switch_rate": 1.0
        }
      }
    },
    "score": 0.6650441646070379,
    "max_domain_easy_degradation": 0.0
  },
  "metrics_vs_source_rotation_base": {
    "rows": 55528,
    "all_improvement": 0.06685921690740204,
    "t10_improvement": 0.0,
    "t25_improvement": 0.0,
    "t50_improvement": 0.1906549880682753,
    "t100_improvement": 0.0,
    "hard_failure_improvement": 0.07436101767752601,
    "easy_degradation": 0.0,
    "harm_over_fallback": -0.03636341651893745,
    "switch_rate": 0.07050497046535081,
    "regret_to_oracle": 0.007777764497062407,
    "by_domain": {
      "ETH_UCY": {
        "rows": 25901,
        "all_improvement": 0.1014132411318126,
        "t50_improvement": 0.27297709151913363,
        "t100_improvement": 0.0,
        "hard_failure_improvement": 0.1105681615621904,
        "easy_degradation": 0.0,
        "switch_rate": 0.1137021736612486
      },
      "TrajNet": {
        "rows": 20087,
        "all_improvement": 0.027231138562185397,
        "t50_improvement": 0.07334408400844628,
        "t100_improvement": 0.0,
        "hard_failure_improvement": 0.031428032208991596,
        "easy_degradation": 0.0,
        "switch_rate": 0.02459302036142779
      },
      "UCY": {
        "rows": 9540,
        "all_improvement": 0.04177903091782387,
        "t50_improvement": 0.14671789075031594,
        "t100_improvement": 0.0,
        "hard_failure_improvement": 0.04644174994321315,
        "easy_degradation": 0.000621001357918427,
        "switch_rate": 0.04989517819706499
      }
    }
  },
  "metrics_vs_floor": {
    "rows": 55528,
    "all_improvement": 0.2617154631065064,
    "t10_improvement": 0.0001793565242457218,
    "t25_improvement": 0.039457337027849704,
    "t50_improvement": 0.2347529658082287,
    "t100_improvement": 0.4572355026149352,
    "hard_failure_improvement": 0.2829832429137916,
    "easy_degradation": 0.0,
    "harm_over_fallback": -0.1799103616001466,
    "switch_rate": 0.1908046391009941,
    "regret_to_oracle": 0.007777764497062407,
    "by_domain": {
      "ETH_UCY": {
        "rows": 25901,
        "all_improvement": 0.3295278498589783,
        "t50_improvement": 0.3219453990840834,
        "t100_improvement": 0.5385035854281408,
        "hard_failure_improvement": 0.3499544632501854,
        "easy_degradation": 0.0,
        "switch_rate": 0.2803366665379715
      },
      "TrajNet": {
        "rows": 20087,
        "all_improvement": 0.2842109724889601,
        "t50_improvement": 0.13420519896787098,
        "t100_improvement": 0.6061667533205937,
        "hard_failure_improvement": 0.3128710932476849,
        "easy_degradation": 0.0,
        "switch_rate": 0.14228107731368547
      },
      "UCY": {
        "rows": 9540,
        "all_improvement": 0.04177903091782387,
        "t50_improvement": 0.14671789075031594,
        "t100_improvement": 0.0,
        "hard_failure_improvement": 0.04644174994321315,
        "easy_degradation": 0.000621001357918427,
        "switch_rate": 0.04989517819706499
      }
    }
  },
  "endpoint_without_fallback_vs_source_rotation_base": {
    "rows": 55528,
    "all_improvement": 0.2868374344223086,
    "t10_improvement": 0.6671126836987926,
    "t25_improvement": 0.3163898088353633,
    "t50_improvement": 0.4544848267879741,
    "t100_improvement": -0.19744334708407352,
    "hard_failure_improvement": 0.2805415560111326,
    "easy_degradation": 0.24986519081559688,
    "harm_over_fallback": -0.1560052537792597,
    "switch_rate": 1.0,
    "regret_to_oracle": -0.11186407276325983,
    "by_domain": {
      "ETH_UCY": {
        "rows": 25901,
        "all_improvement": 0.19100770311652815,
        "t50_improvement": 0.4705050467951397,
        "t100_improvement": -0.5704743177014502,
        "hard_failure_improvement": 0.18101858247746128,
        "easy_degradation": 0.37263990961494664,
        "switch_rate": 1.0
      },
      "TrajNet": {
        "rows": 20087,
        "all_improvement": 0.2832305052410572,
        "t50_improvement": 0.4247083093530982,
        "t100_improvement": -0.4624739090418817,
        "hard_failure_improvement": 0.28029333238416787,
        "easy_degradation": 0.3509794221501181,
        "switch_rate": 1.0
      },
      "UCY": {
        "rows": 9540,
        "all_improvement": 0.48604256728188755,
        "t50_improvement": 0.45628079060862103,
        "t100_improvement": 0.4526117178671788,
        "hard_failure_improvement": 0.4873823315179616,
        "easy_degradation": 0.0,
        "switch_rate": 1.0
      }
    }
  },
  "positive_external_domains_vs_floor": 3,
  "max_domain_easy_degradation_vs_floor": 0.000621001357918427,
  "full_replacement_pass": true,
  "deployment_decision": "candidate_residual_full_replacement_pending_user_acceptance",
  "trials": {
    "fresh_residual_t50_balanced": {
      "trial": {
        "name": "fresh_residual_t50_balanced",
        "width": 192,
        "dropout": 0.08,
        "lr": 0.0008,
        "t50_w": 4.0,
        "t100_w": 1.0,
        "hard_w": 2.0,
        "endpoint_w": 1.0,
        "uncertainty_w": 0.7,
        "seed": 9101
      },
      "train": {
        "source": "fresh_run",