{
  "source": "fresh_run",
  "protocol_status": "fresh_rotation_self_gated_endpoint_candidate",
  "hypothesis": "Make the gain/harm gate part of the neural endpoint output itself: prediction = base + alpha*(endpoint-base). This tests no-external-fallback safety while still reporting raw ungated endpoint failure.",
  "best_policy": {
    "gain_value_min": -0.01,
    "gain_prob_min": 0.5,
    "harm_prob_max": 0.14,
    "t100_good_min": 0.0,
    "variance_max": 0.0002664460625965148,
    "uncertainty_max": 0.038635384291410446,
    "max_switch": 0.45,
    "horizon_mode": "all",
    "alpha_mode": "binary",
    "max_alpha": 1.0,
    "self_gate_source": "stage41_endpoint_gain_gate_best_policy"
  },
  "best_val": {
    "metrics_vs_source_rotation_base": {
      "rows": 53256,
      "all_improvement": 0.23462936918943522,
      "t10_improvement": 0.5789790147126205,
      "t25_improvement": 0.130552706323678,
      "t50_improvement": 0.27388263231341414,
      "t100_improvement": 0.00011038027372622938,
      "hard_failure_improvement": 0.24597447778810666,
      "easy_degradation": 0.0,
      "harm_over_fallback": -0.11493490849370663,
      "switch_rate": 0.3934767913474538,
      "regret_to_oracle": -0.10541001138286454,
      "by_domain": {
        "ETH_UCY": {
          "rows": 16103,
          "all_improvement": 0.3321629741025507,
          "t50_improvement": 0.4326332448845671,
          "t100_improvement": 0.00032573325383677965,
          "hard_failure_improvement": 0.3366247777592103,
          "easy_degradation": 0.0,
          "switch_rate": 0.6047941377383096
        },
        "TrajNet": {
          "rows": 37153,
          "all_improvement": 0.17526391879652925,
          "t50_improvement": 0.15076562024799944,
          "t100_improvement": 0.0,
          "hard_failure_improvement": 0.183584375807066,
          "easy_degradation": 0.0,
          "switch_rate": 0.3018867924528302
        }
      }
    },
    "score": 1.2745339857411697,
    "alpha_mean": 0.39347678422927856,
    "alpha_nonzero_mean": 1.0
  },
  "self_gated_without_external_fallback_vs_source_rotation_base": {
    "rows": 55528,
    "all_improvement": 0.295297108617282,
    "t10_improvement": 0.6527547922283953,
    "t25_improvement": 0.08322815733121736,
    "t50_improvement": 0.43845059589249324,
    "t100_improvement": 0.012230066089511493,
    "hard_failure_improvement": 0.30140866255059573,
    "easy_degradation": 0.0,
    "harm_over_fallback": -0.16060375086545875,
    "switch_rate": 0.4499891946405417,
    "regret_to_oracle": -0.11647121794490976,
    "by_domain": {
      "ETH_UCY": {
        "rows": 25901,
        "all_improvement": 0.2922844641669309,
        "t50_improvement": 0.41496399439156617,
        "t100_improvement": 0.0,
        "hard_failure_improvement": 0.29870956835276785,
        "easy_degradation": 0.0,
        "switch_rate": 0.4110266012895255
      },
      "TrajNet": {
        "rows": 20087,
        "all_improvement": 0.3404081895002863,
        "t50_improvement": 0.47548179762237286,
        "t100_improvement": 0.0,
        "hard_failure_improvement": 0.3505245951718895,
        "easy_degradation": 0.0,
        "switch_rate": 0.41962463284711504
      },
      "UCY": {
        "rows": 9540,
        "all_improvement": 0.249902408767272,
        "t50_improvement": 0.44568267901596714,
        "t100_improvement": 0.03564308607443534,
        "hard_failure_improvement": 0.2529762358891958,
        "easy_degradation": 0.029887519414653507,
        "switch_rate": 0.619706498951782
      }
    },
    "t50_ci": {
      "low": 0.4323227868374957,
      "mid": 0.438365472184691,
      "high": 0.4445544848630383,
      "n": 13689
    }
  },
  "metrics_vs_floor": {
    "rows": 55528,
    "all_improvement": 0.44246036123852384,
    "t10_improvement": 0.6528170729219223,
    "t25_improvement": 0.11937064248823759,
    "t50_improvement": 0.46903905771392773,
    "t100_improvement": 0.46392628201548736,
    "hard_failure_improvement": 0.4588708458225522,
    "easy_degradation": 0.0,
    "harm_over_fallback": -0.3041593440421188,
    "switch_rate": 0.5719456850597897,
    "regret_to_oracle": -0.11647121794490976,
    "by_domain": {
      "ETH_UCY": {
        "rows": 25901,
        "all_improvement": 0.4719708543168074,
        "t50_improvement": 0.45435266591838275,
        "t100_improvement": 0.5386169619420524,
        "hard_failure_improvement": 0.48748625934634215,
        "easy_degradation": 0.0,
        "switch_rate": 0.5837612447395853
      },
      "TrajNet": {
        "rows": 20087,
        "all_improvement": 0.5146402012267773,
        "t50_improvement": 0.5099312216883242,
        "t100_improvement": 0.6061417608754427,
        "hard_failure_improvement": 0.539239027958466,
        "easy_degradation": 0.0,
        "switch_rate": 0.5340269826255787
      },
      "UCY": {
        "rows": 9540,
        "all_improvement": 0.249902408767272,
        "t50_improvement": 0.44568267901596714,
        "t100_improvement": 0.03564308607443534,
        "hard_failure_improvement": 0.2529762358891958,
        "easy_degradation": 0.029887519414653507,
        "switch_rate": 0.619706498951782
      }
    },
    "t50_ci": {
      "low": 0.46296288956615117,
      "mid": 0.46904585554889067,
      "high": 0.47495964206167735,
      "n": 13689
    },
    "hard_failure_ci": {
      "low": 0.45412834613818587,
      "mid": 0.458819154866675,
      "high": 0.46347450183133704,
      "n": 41741
    },
    "all_ci": {
      "low": 0.4380616227114744,
      "mid": 0.4424149984847674,
      "high": 0.44669930008705006,
      "n": 55528
    }
  },
  "raw_ungated_endpoint_vs_source_rotation_base": {
    "rows": 55528,
    "all_improvement": 0.2817284399152159,
    "t10_improvement": 0.5221682580048086,
    "t25_improvement": 0.15067224106210964,
    "t50_improvement": 0.4512468057570901,
    "t100_improvement": -0.007687587556248099,
    "hard_failure_improvement": 0.3137782005382411,
    "easy_degradation": 1.3360420821946413,
    "harm_over_fallback": -0.15322413547400943,
    "switch_rate": 1.0,
    "regret_to_oracle": -0.10909160255346048,
    "by_domain": {
      "ETH_UCY": {
        "rows": 25901,
        "all_improvement": 0.2425702922739047,
        "t50_improvement": 0.44663577497587126,
        "t100_improvement": -0.29438667799718243,
        "hard_failure_improvement": 0.2549220268874641,
        "easy_degradation": 1.0088047288260396,
        "switch_rate": 1.0
      },
      "TrajNet": {
        "rows": 20087,
        "all_improvement": 0.18145216868191427,
        "t50_improvement": 0.43251363093356965,
        "t100_improvement": -0.31015415341737596,
        "hard_failure_improvement": 0.2568205860506847,
        "easy_degradation": 2.2957926415082297,
        "switch_rate": 1.0
      },
      "UCY": {
        "rows": 9540,
        "all_improvement": 0.47597955928159186,
        "t50_improvement": 0.4913921159460558,
        "t100_improvement": 0.5505339282957025,
        "hard_failure_improvement": 0.4985934064574019,
        "easy_degradation": 0.42116630485751494,
        "switch_rate": 1.0
      }
    }
  },
  "trajectory_endpoint_alignment_status": "endpoint_geometry_verified; continuous endpoint interpolation is geometry-aligned but remains safety-gated",
  "endpoint_geometry_audit": {
    "source": "fresh_run",
    "geometry_pass": true,
    "threshold": 0.001,
    "reports": {
      "combined_safe": {
        "max_abs_error": 1.88178200222211e-06,
        "mean_abs_error": 7.218126644990612e-08
      },
      "combined_family": {
        "max_abs_error": 6.969049309191178e-06,
        "mean_abs_error": 1.361793514530431e-07
      },
      "datasets": {
        "seq2seq_train": {
          "rows": 80000,
          "candidate_count": 9,
          "floor_mean_abs_error": 6.578311098045677e-08,
          "floor_max_abs_error": 1.167208538266351e-06,
          "all_mean_abs_error": 1.9420632755169049e-07,