{
  "source": "fresh_run",
  "protocol": "stage41_source_rotation_fresh_confirmation",
  "description": "Fresh source-file rotation split for confirming the domain-safe relaxed Stage41 neural signal without reusing the same held-out files.",
  "domains": [
    "ETH_UCY",
    "TrajNet",
    "UCY"
  ],
  "by_domain": {
    "ETH_UCY": {
      "train": {
        "rows": 108794,
        "source_files": 3,
        "scenes": 3,
        "t10": 32081,
        "t25": 29472,
        "t50": 26597,
        "t100": 20644,
        "hard": 88241,
        "easy": 28991,
        "failure": 43400,
        "history_len_mean": 26.236804962158203,
        "history_ge_32": 34605,
        "history_ge_64": 15925
      },
      "val": {
        "rows": 16103,
        "source_files": 1,
        "scenes": 1,
        "t10": 4580,
        "t25": 4284,
        "t50": 3988,
        "t100": 3251,
        "hard": 14187,
        "easy": 1352,
        "failure": 7631,
        "history_len_mean": 19.324100494384766,
        "history_ge_32": 2251,
        "history_ge_64": 517
      },
      "test": {
        "rows": 25901,
        "source_files": 1,
        "scenes": 1,
        "t10": 7223,
        "t25": 6823,
        "t50": 6422,
        "t100": 5433,
        "hard": 20861,
        "easy": 6214,
        "failure": 10474,
        "history_len_mean": 26.298946380615234,
        "history_ge_32": 7203,
        "history_ge_64": 4273
      },
      "unused": {
        "rows": 0,
        "source_files": 0,
        "scenes": 0,
        "t10": 0,
        "t25": 0,
        "t50": 0,
        "t100": 0,
        "hard": 0,
        "easy": 0,
        "failure": 0,
        "history_len_mean": 0.0,
        "history_ge_32": 0,
        "history_ge_64": 0
      }
    },
    "TrajNet": {
      "train": {
        "rows": 63650,
        "source_files": 8,
        "scenes": 3,
        "t10": 22043,
        "t25": 18187,
        "t50": 14652,
        "t100": 8768,
        "hard": 46014,
        "easy": 21535,
        "failure": 20951,
        "history_len_mean": 9.205498695373535,
        "history_ge_32": 0,
        "history_ge_64": 0
      },
      "val": {
        "rows": 37153,
        "source_files": 1,
        "scenes": 1,
        "t10": 11917,
        "t25": 10515,
        "t50": 9113,
        "t100": 5608,
        "hard": 26922,
        "easy": 9065,
        "failure": 14502,
        "history_len_mean": 9.54716968536377,
        "history_ge_32": 0,
        "history_ge_64": 0
      },
      "test": {
        "rows": 20087,
        "source_files": 1,
        "scenes": 1,
        "t10": 6443,
        "t25": 5685,
        "t50": 4927,
        "t100": 3032,
        "hard": 13491,
        "easy": 8546,
        "failure": 6638,
        "history_len_mean": 9.54716968536377,
        "history_ge_32": 0,
        "history_ge_64": 0
      },
      "unused": {
        "rows": 0,
        "source_files": 0,
        "scenes": 0,
        "t10": 0,
        "t25": 0,
        "t50": 0,
        "t100": 0,
        "hard": 0,
        "easy": 0,
        "failure": 0,
        "history_len_mean": 0.0,
        "history_ge_32": 0,
        "history_ge_64": 0
      }
    },
    "UCY": {
      "train": {
        "rows": 47223,
        "source_files": 1,
        "scenes": 1,
        "t10": 15147,
        "t25": 13365,
        "t50": 11583,
        "t100": 7128,
        "hard": 31139,
        "easy": 16840,
        "failure": 14287,
        "history_len_mean": 9.54716968536377,
        "history_ge_32": 0,
        "history_ge_64": 0
      },
      "val": {
        "rows": 0,
        "source_files": 0,
        "scenes": 0,
        "t10": 0,
        "t25": 0,
        "t50": 0,
        "t100": 0,
        "hard": 0,
        "easy": 0,
        "failure": 0,
        "history_len_mean": 0.0,
        "history_ge_32": 0,
        "history_ge_64": 0
      },
      "test": {
        "rows": 9540,
        "source_files": 1,
        "scenes": 1,
        "t10": 3060,
        "t25": 2700,
        "t50": 2340,
        "t100": 1440,
        "hard": 7389,
        "easy": 1979,
        "failure": 4302,
        "history_len_mean": 9.54716968536377,
        "history_ge_32": 0,
        "history_ge_64": 0
      },
      "unused": {
        "rows": 9540,
        "source_files": 1,
        "scenes": 1,
        "t10": 3060,
        "t25": 2700,
        "t50": 2340,
        "t100": 1440,
        "hard": 7389,
        "easy": 1979,
        "failure": 4302,
        "history_len_mean": 9.54716968536377,
        "history_ge_32": 0,
        "history_ge_64": 0
      }
    }
  },
  "overall": {
    "train": {
      "rows": 219667,
      "source_files": 12,
      "scenes": 7,
      "t10": 69271,
      "t25": 61024,
      "t50": 52832,
      "t100": 36540,
      "hard": 165394,
      "easy": 67366,
      "failure": 78638,
      "history_len_mean": 17.714008331298828,
      "history_ge_32": 34605,
      "history_ge_64": 15925
    },
    "val": {
      "rows": 53256,
      "source_files": 2,
      "scenes": 2,
      "t10": 16497,
      "t25": 14799,
      "t50": 13101,
      "t100": 8859,
      "hard": 41109,
      "easy": 10417,
      "failure": 22133,
      "history_len_mean": 12.503417015075684,
      "history_ge_32": 2251,
      "history_ge_64": 517
    },
    "test": {
      "rows": 55528,
      "source_files": 3,
      "scenes": 3,
      "t10": 16726,
      "t25": 15208,
      "t50": 13689,
      "t100": 9905,
      "hard": 41741,
      "easy": 16739,
      "failure": 21414,
      "history_len_mean": 17.361024856567383,
      "history_ge_32": 7203,
      "history_ge_64": 4273
    },
    "unused": {
      "rows": 9540,
      "source_files": 1,
      "scenes": 1,
      "t10": 3060,
      "t25": 2700,
      "t50": 2340,
      "t100": 1440,
      "hard": 7389,
      "easy": 1979,
      "failure": 4302,
      "history_len_mean": 9.54716968536377,
      "history_ge_32": 0,
      "history_ge_64": 0
    }
  },
  "heldout_test_sources": [
    "TrajNet/Train/crowds/crowds_zara02.txt",
    "UCY/zara02/obsmat.txt",
    "UCY/zara03/crowds_zara03.txt"
  ],
  "validation_sources": [
    "TrajNet/Train/crowds/students003.txt",
    "UCY/zara01/obsmat.txt"
  ],
  "train_sources": [
    "ETH/seq_eth/obsmat.txt",
    "ETH/seq_hotel/obsmat.txt",
    "TrajNet/Test/biwi/biwi_eth.txt",
    "TrajNet/Test/crowds/crowds_zara01.txt",
    "TrajNet/Test/crowds/students002.txt",
    "TrajNet/Test/crowds/uni_examples.txt",
    "TrajNet/Train/biwi/biwi_hotel.txt",
    "TrajNet/Train/crowds/arxiepiskopi1.txt",
    "TrajNet/Train/crowds/students001.txt",
    "TrajNet/Train/mot/PETS09-S2L1.txt",
    "UCY/students01/students001-trajnet.txt",
    "UCY/students03/obsmat.txt"
  ],
  "overlap_audit": {
    "row_overlap": {
      "train_val": 0,
      "train_test": 0,
      "val_test": 0
    },
    "source_file_overlap": {
      "train_val": [],
      "train_test": [],
      "val_test": []
    },
    "scene_overlap": {
      "train_val": [
        "TrajNet_crowds"
      ],
      "train_test": [
        "TrajNet_crowds"
      ],
      "val_test": [
        "TrajNet_crowds"
      ]
    },
    "row_overlap_pass": true,
    "source_file_overlap_pass": true,
    "scene_overlap_note": "TrajNet scene_id is coarse, so scene overlap can remain even with source-file held-out rotation; source-file overlap is the strict confirmation no-leakage check."
  },
  "no_leakage": {
    "future_endpoint_input": false,
    "future_endpoint_label_eval_only": true,
    "central_velocity": false,
    "test_endpoint_goals": false,
    "source_file_overlap_pass": true,
    "unused_duplicate_source": "TrajNet/Train/crowds/crowds_zara03.txt is unused to avoid UCY zara03 duplicate leakage."
  }
}