{
  "stage": "stage28_m3w_las_eval",
  "best_variant": "all_latent",
  "stage26_reference": {
    "selected_model": "stage26_failure_assisted_selector",
    "t50_improvement": 0.14583655843823773,
    "hard_failure_improvement": 0.11234058960663984,
    "easy_degradation": 0.01808836280803794
  },
  "test_eval": {
    "n": 100000,
    "improvement_over_strongest": 0.13254356003325196,
    "official_t50_improvement": 0.1686288243790961,
    "diagnostic_t100_raw_frame_improvement": 0.14519818992776146,
    "hard_failure_improvement": 0.1336398986813968,
    "easy_degradation": 0.01928694490688554,
    "selector_regret": 3.4042292296150327,
    "harm_over_fallback": -3.4393956315475704,
    "switch_rate": 0.05,
    "accuracy_to_oracle_best": 0.13778,
    "mean_confidence": 0.053949423134326935,
    "selected_distribution": {
      "constant_position": 332,
      "constant_velocity_causal_fd": 10,
      "damped_velocity": 85897,
      "constant_acceleration_causal": 0,
      "constant_turn_rate_velocity": 0,
      "scene_clamped_baseline": 13761,
      "goal_directed_baseline": 0
    },
    "by_horizon_improvement": {
      "10": 0.005748020372715712,
      "25": 0.055490708791340326,
      "50": 0.1686288243790961,
      "100": 0.14519818992776146
    },
    "by_split_improvement": {
      "cross_scene": 0.1064302019155895,
      "within_scene": 0.15785983604964404
    },
    "by_agent_type_improvement": {
      "Pedestrian": 0.11016732108610128,
      "Biker": 0.20528328459658607,
      "Skater": 0.20918500363598935,
      "Cart": 0.09415699732781369,
      "Car": -0.017048804306335708,
      "Bus": 0.13007872802821607,
      "unknown": 0.0
    },
    "easy_count": 58245,
    "hard_failure_count": 96581,
    "t50_count": 24810,
    "t100_count": 23126
  },
  "per_scene_breakdown": {
    "nexus": {
      "n": 48177,
      "improvement": 0.09594247848578774
    },
    "deathCircle": {
      "n": 3584,
      "improvement": 0.10643016484583989
    },
    "bookstore": {
      "n": 7137,
      "improvement": 0.1087714084752689
    },
    "hyang": {
      "n": 10790,
      "improvement": 0.15553801840362613
    },
    "coupa": {
      "n": 3569,
      "improvement": 0.16078710469063218
    },
    "gates": {
      "n": 7197,
      "improvement": 0.17590429359251547
    },
    "quad": {
      "n": 15982,
      "improvement": 0.17998572238825716
    },
    "little": {
      "n": 3564,
      "improvement": 0.1800009782841595
    }
  },
  "per_agent_type_breakdown": {
    "Pedestrian": 0.11016732108610128,
    "Biker": 0.20528328459658607,
    "Skater": 0.20918500363598935,
    "Cart": 0.09415699732781369,
    "Car": -0.017048804306335708,
    "Bus": 0.13007872802821607,
    "unknown": 0.0
  },
  "row_backed_breakdown_available": true,
  "candidate_v2": true,
  "latent_generative": false,
  "smc": false
}