{
  "bootstrap_samples": 1000,
  "official_t50": {
    "mean": 0.1685134146072848,
    "ci_low": 0.159876441757561,
    "ci_high": 0.17725847297777875,
    "n": 24810
  },
  "hard_failure": {
    "mean": 0.13368733316279838,
    "ci_low": 0.128160524151216,
    "ci_high": 0.13875920341782055,
    "n": 96581
  },
  "all": {
    "mean": 0.13251020144587988,
    "ci_low": 0.12740476945877266,
    "ci_high": 0.13804549839233507,
    "n": 100000
  },
  "within_scene": {
    "mean": 0.1581407420444513,
    "ci_low": 0.15014358298571315,
    "ci_high": 0.16543465159516213,
    "n": 50000
  },
  "cross_scene": {
    "mean": 0.10612619373122573,
    "ci_low": 0.09936906837734273,
    "ci_high": 0.11308007896699061,
    "n": 50000
  },
  "easy_degradation_point": 0.01928694490688554,
  "stage26_reference": {
    "selected_model": "stage26_failure_assisted_selector",
    "t50_improvement": 0.14583655843823773,
    "hard_failure_improvement": 0.11234058960663984,
    "easy_degradation": 0.01808836280803794
  }
}