{
  "source": "fresh_run",
  "normalizers": {
    "history_path_length": {
      "train": {
        "rows": 119109,
        "strongest": "damped_velocity",
        "relative_mean_fde": {
          "constant_position": 0.5231825709342957,
          "constant_velocity_causal_fd": 0.5263497829437256,
          "damped_velocity": 0.4957977831363678,
          "constant_acceleration_causal": 0.5263497829437256,
          "constant_turn_rate_velocity": 0.5263497829437256,
          "scene_clamped_baseline": 0.5243046879768372,
          "goal_directed_baseline": 0.7304351925849915
        },
        "raw_mean_fde": {
          "constant_position": 1.016266107559204,
          "constant_velocity_causal_fd": 1.0805410146713257,
          "damped_velocity": 0.9718971848487854,
          "constant_acceleration_causal": 1.0805410146713257,
          "constant_turn_rate_velocity": 1.0805410146713257,
          "scene_clamped_baseline": 1.0755928754806519,
          "goal_directed_baseline": 1.4562873840332031
        }
      },
      "val": {
        "rows": 7685,
        "strongest": "scene_clamped_baseline",
        "relative_mean_fde": {
          "constant_position": 0.47029808163642883,
          "constant_velocity_causal_fd": 0.43116995692253113,
          "damped_velocity": 0.43070030212402344,
          "constant_acceleration_causal": 0.43116995692253113,
          "constant_turn_rate_velocity": 0.43116995692253113,
          "scene_clamped_baseline": 0.42400550842285156,
          "goal_directed_baseline": 0.43116995692253113
        },
        "raw_mean_fde": {
          "constant_position": 1.3018035888671875,
          "constant_velocity_causal_fd": 1.280221939086914,
          "damped_velocity": 1.2022751569747925,
          "constant_acceleration_causal": 1.280221939086914,
          "constant_turn_rate_velocity": 1.280221939086914,
          "scene_clamped_baseline": 1.2471033334732056,
          "goal_directed_baseline": 1.280221939086914
        }
      },
      "test": {
        "rows": 3636,
        "strongest": "scene_clamped_baseline",
        "relative_mean_fde": {
          "constant_position": 0.5881769061088562,
          "constant_velocity_causal_fd": 0.5379565954208374,
          "damped_velocity": 0.5491160154342651,
          "constant_acceleration_causal": 0.5379565954208374,
          "constant_turn_rate_velocity": 0.5379565954208374,
          "scene_clamped_baseline": 0.5373054146766663,
          "goal_directed_baseline": 0.6714540719985962
        },
        "raw_mean_fde": {
          "constant_position": 1.0876773595809937,
          "constant_velocity_causal_fd": 1.1897810697555542,
          "damped_velocity": 1.1347516775131226,
          "constant_acceleration_causal": 1.1897810697555542,
          "constant_turn_rate_velocity": 1.1897810697555542,
          "scene_clamped_baseline": 1.1883177757263184,
          "goal_directed_baseline": 1.3651838302612305
        }
      }
    },
    "speed_horizon": {
      "train": {
        "rows": 119109,
        "strongest": "damped_velocity",
        "relative_mean_fde": {
          "constant_position": 0.5231825709342957,
          "constant_velocity_causal_fd": 0.5263497829437256,
          "damped_velocity": 0.4957977831363678,
          "constant_acceleration_causal": 0.5263497829437256,
          "constant_turn_rate_velocity": 0.5263497829437256,
          "scene_clamped_baseline": 0.5243046879768372,
          "goal_directed_baseline": 0.7304351925849915
        },
        "raw_mean_fde": {
          "constant_position": 1.016266107559204,
          "constant_velocity_causal_fd": 1.0805410146713257,
          "damped_velocity": 0.9718971848487854,
          "constant_acceleration_causal": 1.0805410146713257,
          "constant_turn_rate_velocity": 1.0805410146713257,
          "scene_clamped_baseline": 1.0755928754806519,
          "goal_directed_baseline": 1.4562873840332031
        }
      },
      "val": {
        "rows": 7685,
        "strongest": "scene_clamped_baseline",
        "relative_mean_fde": {
          "constant_position": 0.47029808163642883,
          "constant_velocity_causal_fd": 0.43116995692253113,
          "damped_velocity": 0.43070030212402344,
          "constant_acceleration_causal": 0.43116995692253113,
          "constant_turn_rate_velocity": 0.43116995692253113,
          "scene_clamped_baseline": 0.42400550842285156,
          "goal_directed_baseline": 0.43116995692253113
        },
        "raw_mean_fde": {
          "constant_position": 1.3018035888671875,
          "constant_velocity_causal_fd": 1.280221939086914,
          "damped_velocity": 1.2022751569747925,
          "constant_acceleration_causal": 1.280221939086914,
          "constant_turn_rate_velocity": 1.280221939086914,
          "scene_clamped_baseline": 1.2471033334732056,
          "goal_directed_baseline": 1.280221939086914
        }
      },
      "test": {
        "rows": 3636,
        "strongest": "scene_clamped_baseline",
        "relative_mean_fde": {
          "constant_position": 0.5881769061088562,
          "constant_velocity_causal_fd": 0.5379565954208374,
          "damped_velocity": 0.5491160154342651,
          "constant_acceleration_causal": 0.5379565954208374,
          "constant_turn_rate_velocity": 0.5379565954208374,
          "scene_clamped_baseline": 0.5373054146766663,
          "goal_directed_baseline": 0.6714540719985962
        },
        "raw_mean_fde": {
          "constant_position": 1.0876773595809937,
          "constant_velocity_causal_fd": 1.1897810697555542,
          "damped_velocity": 1.1347516775131226,
          "constant_acceleration_causal": 1.1897810697555542,
          "constant_turn_rate_velocity": 1.1897810697555542,
          "scene_clamped_baseline": 1.1883177757263184,
          "goal_directed_baseline": 1.3651838302612305
        }
      }
    },
    "scene_scale": {
      "train": {
        "rows": 119109,
        "strongest": "damped_velocity",
        "relative_mean_fde": {
          "constant_position": 0.018609026446938515,
          "constant_velocity_causal_fd": 0.01978597790002823,
          "damped_velocity": 0.017796583473682404,
          "constant_acceleration_causal": 0.01978597790002823,
          "constant_turn_rate_velocity": 0.01978597790002823,
          "scene_clamped_baseline": 0.019695373252034187,
          "goal_directed_baseline": 0.02666633576154709
        },
        "raw_mean_fde": {
          "constant_position": 1.016266107559204,
          "constant_velocity_causal_fd": 1.0805410146713257,
          "damped_velocity": 0.9718971848487854,
          "constant_acceleration_causal": 1.0805410146713257,
          "constant_turn_rate_velocity": 1.0805410146713257,
          "scene_clamped_baseline": 1.0755928754806519,
          "goal_directed_baseline": 1.4562873840332031
        }
      },
      "val": {
        "rows": 7685,
        "strongest": "damped_velocity",
        "relative_mean_fde": {
          "constant_position": 0.04612937197089195,
          "constant_velocity_causal_fd": 0.045364633202552795,
          "damped_velocity": 0.04260258376598358,
          "constant_acceleration_causal": 0.045364633202552795,
          "constant_turn_rate_velocity": 0.045364633202552795,
          "scene_clamped_baseline": 0.04419107362627983,
          "goal_directed_baseline": 0.045364633202552795
        },
        "raw_mean_fde": {
          "constant_position": 1.3018035888671875,
          "constant_velocity_causal_fd": 1.280221939086914,
          "damped_velocity": 1.2022751569747925,
          "constant_acceleration_causal": 1.280221939086914,
          "constant_turn_rate_velocity": 1.280221939086914,
          "scene_clamped_baseline": 1.2471033334732056,
          "goal_directed_baseline": 1.280221939086914
        }
      },
      "test": {
        "rows": 3636,
        "strongest": "constant_position",
        "relative_mean_fde": {
          "constant_position": 0.019916651770472527,