{"epoch": 4, "train_loss": 0.0003802711038820525, "val_loss": 80.9832992553711, "latent_variance": 0.055041298270225525}